item_id,sku,title,start_time,end_time,price,watch_count,fetched_at
227090947103,S-158,LOUIS VUITTON Near Mint Mahina Portefeuille Sarah Long Wallet Black Leather,2025-11-20T08:41:27.000Z,,449.39,0,2026-04-20 13:31:22
227090957096,S-166,Louis Vuitton Portefeuille Celeste Monogram Trifold Wallet Excellent Condition,2025-11-20T08:47:22.000Z,,431.39,0,2026-04-20 13:31:22
227090959975,S-202,Louis Vuitton Monogram Empreinte Portefeuille Claire Wallet Excellent Condition,2025-11-20T08:49:20.000Z,,547.71,0,2026-04-20 13:31:22
227090959976,S-205,Louis Vuitton Monogram Shadow Zippy Wallet Vertical Excellent Condition,2025-11-20T08:49:20.000Z,,228.1,0,2026-04-20 13:31:22
227090959977,S-206,Louis Vuitton Monogram Portemonnaie Rosalie Wallet Near Mint Condition,2025-11-20T08:49:20.000Z,,332.04,1,2026-04-20 13:31:22
227090959978,S-217,Louis Vuitton Monogram Zippy Wallet Retiro Long Wallet Excellent Condition,2025-11-20T08:49:20.000Z,,375.97,4,2026-04-20 13:31:22
227090959979,S-222,Louis Vuitton Monogram Portefeuille Zoe Turtledove Wallet Excellent Condition,2025-11-20T08:49:20.000Z,,302.56,1,2026-04-20 13:31:22
227090962801,S-231,Louis Vuitton Monogram Retiro Zippy Wallet Long Wallet Very Good Condition,2025-11-20T08:52:08.000Z,,335.6,0,2026-04-20 13:31:22
227090962805,S-263,Louis Vuitton Monogram Empreinte Portefeuille Clea Bifold Wallet Navy Blue Mint,2025-11-20T08:52:08.000Z,,596.22,0,2026-04-20 13:31:22
227090962810,S-278,Louis Vuitton Taiga Zippy Vertical Long Wallet Unisex - Excellent Condition,2025-11-20T08:52:08.000Z,,174.08,0,2026-04-20 13:31:22
227090962812,S-241,Louis Vuitton Taurillon Portefeuille My Lockme Long Wallet Black Excellent,2025-11-20T08:52:08.000Z,,449.39,0,2026-04-20 13:31:22
227090962818,S-289,"Louis Vuitton Monogram Ampriente Vertical Long Wallet  Women's Purse, Pre-owned",2025-11-20T08:52:08.000Z,,400.44,0,2026-04-20 13:31:22
227090962822,S-327,"Louis Vuitton Monogram Multicles 6 Key Case Brown, Women's Pre-owned Excellent",2025-11-20T08:52:08.000Z,,101.33,0,2026-04-20 13:31:22
227090962823,S-328,"Louis Vuitton Monogram Multicles 6 Key Case Brown, Women's Pre-owned Excellent",2025-11-20T08:52:08.000Z,,108.23,0,2026-04-20 13:31:22
227090962827,S-225,Louis Vuitton Monogram Empreinte Portefeuille Claire Wallet Very Good Condition,2025-11-20T08:52:08.000Z,,513.68,0,2026-04-20 13:31:22
227090993039,M-231,Hermes Carre H 65 GRRRRR! Scarf Cashmere Silk Alice Shirley 2025 SS Unused,2025-11-20T09:03:07.000Z,,834.26,4,2026-04-20 13:31:22
227090993046,M-242,HERMES Carre 80 Board a Board Cotton Scarf White Blue Multicolor 2025 SS,2025-11-20T09:03:08.000Z,,756.4,0,2026-04-20 13:31:22
227265028578,m28395107581,Beautiful HERMES Carre 90 Volt Epurette Silk Scarf,2026-03-20T08:48:29.000Z,,982.08,0,2026-04-20 13:31:22
227265031165,m39965896500,Celine Fragment Case Logo Wallet Coin Card Business Card Holder,2026-03-20T08:54:49.000Z,,525.0,0,2026-04-20 13:31:22
227091102681,M-245,LOUIS VUITTON Damier Portemonnaie Billets Cartes Credit Wallet Brown SP0957,2025-11-20T10:08:00.000Z,,367.07,0,2026-04-20 13:31:22
227091102682,M-243,LOUIS VUITTON Monogram Zippy Wallet Long Purse M42616 GI1127 Authentic Women’s,2025-11-20T10:08:00.000Z,,310.12,0,2026-04-20 13:31:22
227091102685,M-239,LOUIS VUITTON Monogram Empreinte Secret Long Wallet Navy Leather Purse M93435,2025-11-20T10:08:00.000Z,,389.1,0,2026-04-20 13:31:22
227091102687,M-241,LOUIS VUITTON Mahina Zippy Wallet Long Purse White Leather M69821 A Rank,2025-11-20T10:08:00.000Z,,384.87,0,2026-04-20 13:31:22
227091102689,M-225,LOUIS VUITTON Monogram Vernis Zippy Coin Purse Wallet M93608 with Box & Dustbag,2025-11-20T10:08:00.000Z,,537.26,1,2026-04-20 13:31:22
227091102691,M-223,LOUIS VUITTON Clemence Wallet Monogram Empreinte Navy Red M63920 Long Purse,2025-11-20T10:08:00.000Z,,328.14,7,2026-04-20 13:31:22
227265251228,2JMTMDMLkzBYPfTAReBfuQ,CHANEL 22P 2022 Spring/Summer Twilly Scarf Hairband Coco Mark Icon Black Silk,2026-03-20T12:06:27.000Z,,579.99,0,2026-04-20 13:31:22
227103438272,5-009,"Meta Mate Tie Clip & Cufflinks Set – Silver & Blue, Elegant Design, With Box",2025-11-26T03:47:28.000Z,,52.44,1,2026-04-20 13:31:22
227103445537,6-007,"Swarovski Circle Pendant – Luxury Sparkling Stone, Elegant Design, Brand New",2025-11-26T03:56:13.000Z,,74.82,0,2026-04-20 13:31:22
227103457051,6-015,"0.1ct Diamond Stud Earrings – Simple & Elegant, Brand New, Pair",2025-11-26T04:07:40.000Z,,140.28,0,2026-04-20 13:31:22
227103463633,6-016,"0.2ct Diamond Stud Earrings – Elegant & Minimalist, Pair",2025-11-26T04:18:55.000Z,,175.36,0,2026-04-20 13:31:22
227103479267,7-001,"Christian Dior Canvas Makeup Pouch – Beige, Large Size, Travel Cosmetic Bag",2025-11-26T04:47:52.000Z,,83.39,1,2026-04-20 13:31:22
227103497657,8-011,"18K Gold Rose Quartz Drop Earrings – Natural Gemstone, Elegant Jewelry, Brand Ne",2025-11-26T05:11:19.000Z,,119.66,0,2026-04-20 13:31:22
227103528768,8-013,"Double-Strand Apatite Necklace – Natural Blue Gemstones, 925 Sterling Silver, Br",2025-11-26T05:36:06.000Z,,102.2,0,2026-04-20 13:31:22
227103544050,9-001,"COACH Women’s Tote Bag Blue Green – Magnetic Closure, Triple-Compartment, Should",2025-11-26T05:58:32.000Z,,147.86,1,2026-04-20 13:31:22
227103552555,9-002,Michael Kors Women’s Backpack White Camel Large A4 Storage Multi Pocket Used,2025-11-26T06:07:51.000Z,,129.06,0,2026-04-20 13:31:22
227103564922,9-003,FURLA Women’s Shoulder Tote Bag Black Large A4 Capacity Business Casual Used,2025-11-26T06:25:36.000Z,,79.36,0,2026-04-20 13:31:22
227103581222,9-005,Michael Kors Women Handbag Yellow 3Way Clutch Shoulder Crossbody Used,2025-11-26T06:48:58.000Z,,173.38,0,2026-04-20 13:31:22
227103588811,9-016,Kate Spade KA069 Pink White Heart Pattern Bifold Wallet with Box – Excelle,2025-11-26T06:59:49.000Z,,129.06,1,2026-04-20 13:31:22
227103600628,9-006,COLE HAAN Violet Women’s 2-Way Handbag Shoulder Bag Small Size with Strap & Dust,2025-11-26T07:09:25.000Z,,90.11,1,2026-04-20 13:31:22
227103610878,9-007,Kate Spade White Women’s 2-Way Handbag Shoulder Bag Small Size with Strap,2025-11-26T07:22:01.000Z,,110.26,0,2026-04-20 13:31:22
227103622249,9-008,K10 Gold Necklace 0.05ct Diamond Solitaire Pendant 40cm Minimalist Fine Jewelry,2025-11-26T07:34:33.000Z,,149.21,1,2026-04-20 13:31:22
227104850710,9-010,Garnet Earrings with Certificate K14WG ~0.5cm New Unused,2025-11-27T02:58:04.000Z,,182.96,0,2026-04-20 13:31:22
227104865919,9-012,Blue Chalcedony Pendant Necklace Silver 925 Double & Single Chain New Unused,2025-11-27T03:13:37.000Z,,96.82,0,2026-04-20 13:31:22
227104881846,9-013,PINKY&DIANNE Diamond Heart Necklace K10 White Gold 40cm New Unused,2025-11-27T03:32:43.000Z,,166.67,0,2026-04-20 13:31:22
227104891517,9-017,Garnet Square Cut Earrings K14 White Gold ~1cm January Birthstone New Unused,2025-11-27T03:44:05.000Z,,158.61,1,2026-04-20 13:31:22
227104895495,9-018,K10 White Gold Necklace Diamond & Color Stone Pendant 40cm New Unused,2025-11-27T03:49:04.000Z,,303.67,1,2026-04-20 13:31:22
227104899242,9-020,K14 White Gold Earrings High-Clarity White Gemstone ~5mm New Unused,2025-11-27T03:52:58.000Z,,169.35,0,2026-04-20 13:31:22
227104901798,S-021,K18 Yellow Gold Akoya Pearl Earrings 4mm Elegant Drop Style w/ Case New,2025-11-27T03:55:44.000Z,,169.35,0,2026-04-20 13:31:22
227104921430,S-410,LOUIS VUITTON Monogram Porte-Feuille International Long Wallet M61217 A Rank,2025-11-27T04:13:51.000Z,,151.6,1,2026-04-20 13:31:22
227283268824,m56012343426,LV × TM Card Case Porte Carte-Cris Cross M14091,2026-04-02T05:54:47.000Z,,769.99,0,2026-04-20 13:31:22
227283269056,m17354805291,Louis Vuitton Chain Wallet - Size N/A - Material N/A - Color N/A - Used -,2026-04-02T05:55:38.000Z,,529.99,0,2026-04-20 13:31:22
227283269182,m24514421850,Louis Vuitton Organizer Do Posh M28044 7.5cm Monogram Canvas Blueberry New,2026-04-02T05:56:05.000Z,,889.99,0,2026-04-20 13:31:22
227283269364,m65462692559,Louis Vuitton Card Case Brown/Red Leather Monogram 4 Card Pockets Excellent,2026-04-02T05:56:42.000Z,,529.99,0,2026-04-20 13:31:22
227283269427,m96109718721,Louis Vuitton Vernis Card Case Zipper Orange Leather Good Condition,2026-04-02T05:56:56.000Z,,439.99,0,2026-04-20 13:31:22
227283269527,m17094546813,Louis Vuitton Monogram Eclipse Coin Card Holder M81930,2026-04-02T05:57:18.000Z,,569.99,0,2026-04-20 13:31:22
227283269643,2JL6WbWc3BWtdm9wjr7SSy,Louis Vuitton Card Case M26655 Monogram Canvas Silver Good Condition + Dust Bag,2026-04-02T05:57:45.000Z,,629.99,0,2026-04-20 13:31:22
227283269819,2JL6WbWmDY3MFb2KrxHjA7,Louis Vuitton Card Case M15333 Monogram Snowy Pearl Vivienne Excellent,2026-04-02T05:58:10.000Z,,889.99,0,2026-04-20 13:31:22
227283270026,2JL6WbZMwaN4ZhumcA9E3f,Louis Vuitton Monogram Card Case 6.5cm Canvas Multi Snowy Pearl Vivienne New,2026-04-02T05:58:36.000Z,,829.99,0,2026-04-20 13:31:22
227283270240,2JLmD5sPD8GJuTZegXuC82,Louis Vuitton Passport Case Monogram Canvas Brown M60181 SA Condition,2026-04-02T05:59:07.000Z,,529.99,4,2026-04-20 13:31:22
227283270693,2JMYQAq3oZTJfZ4jUvbmWR,Louis Vuitton Monogram Card Case M15332 Frozen Orchid New with Box,2026-04-02T05:59:48.000Z,,689.99,0,2026-04-20 13:31:22
227283270997,58YzQUkvHrLu4HFtaWQaGW,Louis Vuitton Monogram Card Case M14550 Leather Noir Coin Pass Pouch Used,2026-04-02T06:00:18.000Z,,809.99,0,2026-04-20 13:31:22
227283271282,oJTQQM4ejNdQmiTTaiRVLo,Louis Vuitton Monogram Compact Wallet M83476 Brown Canvas Excellent + Dust Bag,2026-04-02T06:00:46.000Z,,829.99,0,2026-04-20 13:31:22
227283271403,m21755385479,Louis Vuitton Ladies Key Holder Key Ring Charm Vuitton,2026-04-02T06:01:07.000Z,,419.99,0,2026-04-20 13:31:22
227283271735,m61320926182,Louis Vuitton Monogram Eclipse Mini Key Pouch Black SSS Condition No Accessories,2026-04-02T06:01:46.000Z,,869.99,0,2026-04-20 13:31:22
227283272421,2JMbM9AhBMSKKfGmnRtyJ4,Louis Vuitton Pochette Clé M62650 Key Case Brown Unisex Used No Accessories,2026-04-02T06:02:33.000Z,,529.99,0,2026-04-20 13:31:22
227283273105,2JPEYfPg6ujVaRECnZkXt2,LOUIS VUITTON Porte-Cles LV Capucines Bag Charm M63080,2026-04-02T06:03:05.000Z,,529.99,0,2026-04-20 13:31:22
227283273963,m12098977191,Louis Vuitton Stole - Brand New Authentic LOUIS VUITTON Shawl,2026-04-02T06:03:57.000Z,,619.99,0,2026-04-20 13:31:22
227283274366,m12174325390,Louis Vuitton Stole NIGO Collaboration,2026-04-02T06:04:13.000Z,,729.99,0,2026-04-20 13:31:22
227283275503,m13445812713,LOUIS VUITTON Flower Pattern Stole,2026-04-02T06:04:52.000Z,,539.99,0,2026-04-20 13:31:22
227283277009,m17576846323,Louis Vuitton Portomonee Rosary Misty Lilac,2026-04-02T06:05:52.000Z,,619.99,0,2026-04-20 13:31:22
227283277934,m20275342527,Louis Vuitton Bandou BB Scarf 100% Silk Multicolor Flower Accessories New,2026-04-02T06:07:09.000Z,,459.99,0,2026-04-20 13:31:22
227283278054,m20809895850,Louis Vuitton LV × TM Cover Takashi Murakami Passport Case Multicolor,2026-04-02T06:07:23.000Z,,829.99,0,2026-04-20 13:31:22
227283278195,m23354573365,Louis Vuitton Bandou BB Scarf 90cm Silk White Orange Black Balloon New Boxed,2026-04-02T06:07:38.000Z,,429.99,0,2026-04-20 13:31:22
227283278293,m24974051701,Louis Vuitton Portefeuille Flora Fragment Case Pink Leather Excellent with Box,2026-04-02T06:07:52.000Z,,539.99,0,2026-04-20 13:31:22
227283278825,m38060799623,Louis Vuitton Coin Case Mini Wallet Small Item Holder,2026-04-02T06:08:41.000Z,,529.99,0,2026-04-20 13:31:22
227283279506,m45467245127,Louis Vuitton Coin Case Porte-Monnaie Learning Monogram Mini,2026-04-02T06:09:26.000Z,,379.99,0,2026-04-20 13:31:22
227283281642,m48398428083,Louis Vuitton Scarf 90x90 Silk Pink Blue Excellent Condition No Accessories,2026-04-02T06:10:20.000Z,,649.99,0,2026-04-20 13:31:22
227283282296,m48535233029,Louis Vuitton Monogram Scarf Silk 70x70cm Brown Good Condition No Tags,2026-04-02T06:10:33.000Z,,409.99,0,2026-04-20 13:31:22
227283282538,m51278715656,Louis Vuitton Epi Green Fragment Case Leather Simple Stylish Excellent,2026-04-02T06:10:49.000Z,,529.99,0,2026-04-20 13:31:22
227283283072,m52237088185,Louis Vuitton Monogram Empreinte Wallet Size 9.5x7.5cm Black Condition A+,2026-04-02T06:11:13.000Z,,759.99,0,2026-04-20 13:31:22
227283283266,m53055568321,Louis Vuitton William Wilson 86cm Silk Scarf Yellow Vintage Art Piece,2026-04-02T06:11:29.000Z,,469.99,0,2026-04-20 13:31:22
227283283536,m58761959993,Louis Vuitton Bandou 120cm Silk Monogram Noir New with Box,2026-04-02T06:12:00.000Z,,419.99,0,2026-04-20 13:31:22
227283284652,m63021068061,Louis Vuitton Bandeau BB Painted Dot 120x5cm Silk White Pumpkin New,2026-04-02T06:13:19.000Z,,559.99,0,2026-04-20 13:31:22
227283285263,m63905396945,Louis Vuitton Bandana Scarf M76101 120cm Silk Pink Multi Good Condition,2026-04-02T06:14:04.000Z,,829.99,0,2026-04-20 13:31:22
227283285698,m64498550236,Louis Vuitton Mylockme Wallet Black Leather Used Logo Plate Elegant Design,2026-04-02T06:14:40.000Z,,529.99,0,2026-04-20 13:31:22
227283286058,m67535799999,Louis Vuitton Mahina Port Cart Recto Verso 13x9cm Tropical Coral Used,2026-04-02T06:15:17.000Z,,529.99,2,2026-04-20 13:31:22
227283286245,m69027592016,LOUIS VUITTON Portemonnaie Rozari Empreinte Noir,2026-04-02T06:15:33.000Z,,529.99,0,2026-04-20 13:31:22
227283286355,m70863878555,Louis Vuitton Takashi Murakami Cherry Band Scarf New Excellent Rare Item,2026-04-02T06:15:46.000Z,,589.99,1,2026-04-20 13:31:22
227283286733,m74527167872,Louis Vuitton Murakami Scarf 120x5cm Silk Multicolor New w/ Bag & Box,2026-04-02T06:16:17.000Z,,769.99,0,2026-04-20 13:31:22
227283286978,m75078562849,Louis Vuitton Bandou BB 5x120cm Silk Multicolor White Takashi Murakami New,2026-04-02T06:16:31.000Z,,599.99,1,2026-04-20 13:31:22
227283287614,m75309137471,New Unused Louis Vuitton Monogram Essential Shawl,2026-04-02T06:16:48.000Z,,599.99,1,2026-04-20 13:31:22
227283288303,m77318258685,Louis Vuitton Murakami Bandou BB Monogram Cherry Size BB New with Bag,2026-04-02T06:17:03.000Z,,519.99,0,2026-04-20 13:31:22
227283289277,m78895542396,Louis Vuitton Monogram Multicolor BK Portemonnaie Cozy Multi Case,2026-04-02T06:17:22.000Z,,409.99,0,2026-04-20 13:31:22
227283289714,m16744022712,Louis Vuitton Card Case Porte Cartes Flora,2026-04-02T06:18:02.000Z,,529.99,0,2026-04-20 13:31:22
227283290193,m89613217793,Louis Vuitton Bandeau BB Let's Go,2026-04-02T06:18:36.000Z,,479.99,0,2026-04-20 13:31:22
227283290512,m93379926169,Louis Vuitton Monogram Cherry Pandos Scarf M96085 Red Excellent Box Ribbon,2026-04-02T06:19:12.000Z,,639.99,0,2026-04-20 13:31:22
227283291021,m95627620435,Louis Vuitton Flower Pattern Scarf 90cm Silk White/Blue/Pink New Box Tag,2026-04-02T06:19:27.000Z,,419.99,0,2026-04-20 13:31:22
227283291692,m97315710553,Louis Vuitton Takashi Murakami Scarf 52x52 Cotton Purple Monogram Used,2026-04-02T06:19:45.000Z,,439.99,0,2026-04-20 13:31:22
227283295039,UuL4VPmpadHk7Cw2M9omR6,Louis Vuitton Scarf 86cm Silk Yellow Monogram Condition 8 No Accessories,2026-04-02T06:25:56.000Z,,549.99,0,2026-04-20 13:31:22
227283295539,qGa63A3fX6ViDLySLHbF8H,Louis Vuitton I Love Monogram Scarf 66x68.5cm Silk Multicolor A Condition Box,2026-04-02T06:26:27.000Z,,799.99,0,2026-04-20 13:31:22
227283295963,xDgtP6nkPnmRyqtJBbeKsU,Louis Vuitton Carré 90 Monogram Rattan Scarf 90cm Silk Orange Excellent Box,2026-04-02T06:26:54.000Z,,629.99,0,2026-04-20 13:31:22
227283296655,m12312025551,Louis Vuitton M62935 Empreinte Portefeuille ZOE Wallet,2026-04-02T06:27:37.000Z,,439.99,0,2026-04-20 13:31:22
227283298054,m14499700252,Louis Vuitton Porte Cartes Recto Verso 13cm Monogram Mahina Pink Compact Wallet,2026-04-02T06:28:44.000Z,,559.99,1,2026-04-20 13:31:22
227283299221,m14775749215,IC-Equipped Luxury Louis Vuitton Zippy Coin Purse Eclipse,2026-04-02T06:29:07.000Z,,529.99,0,2026-04-20 13:31:22
227283299617,m14937931340,Louis Vuitton Zippy Coin Purse Epi Noir Black Excellent Condition,2026-04-02T06:29:31.000Z,,529.99,0,2026-04-20 13:31:22
227283300331,m17762557133,Louis Vuitton Folding Wallet Portefeuille Victoire Monogram Fuchsia,2026-04-02T06:30:20.000Z,,399.99,0,2026-04-20 13:31:22
227283300554,m19180478397,Louis Vuitton Pochette Clé Coin Case Virgil,2026-04-02T06:30:36.000Z,,529.99,2,2026-04-20 13:31:22
227283301021,m20701745351,Louis Vuitton Rosalie Coin Case Leather Coral Pink Embossed Logo Unused Dust Bag,2026-04-02T06:31:07.000Z,,669.99,0,2026-04-20 13:31:22
227283302357,m23692118311,Louis Vuitton Porte-Feuille Zippy 3-Fold Mini Wallet Monogram Brown New Complete,2026-04-02T06:31:46.000Z,,759.99,0,2026-04-20 13:31:22
227283302807,m23831854990,Louis Vuitton Monogram Embossed Wallet S Black Beautiful Condition,2026-04-02T06:32:16.000Z,,679.99,0,2026-04-20 13:31:22
227283303224,m25898604507,Louis Vuitton Zippy Coin Purse 11x8.5cm Calfskin Grey Gold Hardware Excellent,2026-04-02T06:33:16.000Z,,539.99,0,2026-04-20 13:31:22
227283303679,m30376220902,Louis Vuitton Mahina Leather Zippy Compact Wallet M81653 New Condition,2026-04-02T06:33:56.000Z,,759.99,0,2026-04-20 13:31:22
227283303894,m30653779944,Louis Vuitton Epi Zippy Coin Purse Coin Case Black,2026-04-02T06:34:15.000Z,,399.99,0,2026-04-20 13:31:22
227283304396,m31471902395,Louis Vuitton Monogram Giant New Box Bag,2026-04-02T06:34:59.000Z,,539.99,0,2026-04-20 13:31:22
227283304882,m32532980709,Louis Vuitton Monogram Wallet Brown Leather Box Ribbon Accessories,2026-04-02T06:36:01.000Z,,799.99,0,2026-04-20 13:31:22
227283305197,m33706535610,Louis Vuitton Monogram Compact Wallet Noir Leather Gold Access B+ Box,2026-04-02T06:36:38.000Z,,709.99,0,2026-04-20 13:31:22
227283305306,m33764007225,Louis Vuitton Portefeuille Louise Wallet 9x11.5cm Brown/Pink Compact Excellent,2026-04-02T06:36:57.000Z,,539.99,1,2026-04-20 13:31:22
227283305457,m34262139067,Louis Vuitton Porte Cartes Recto Verso 13cm Monogram Brown Mint Condition + Box,2026-04-02T06:37:18.000Z,,639.99,1,2026-04-20 13:31:22
227283305618,m34921443145,Louis Vuitton Zippy Wallet M60067 10x13cm Wool Dark Brown Monogram Excellent,2026-04-02T06:37:38.000Z,,529.99,0,2026-04-20 13:31:22
227283305740,m35765881393,Louis Vuitton Monogram Porte-Monnaie Rosalie with IC Chip Bi-Fold Wallet,2026-04-02T06:38:02.000Z,,529.99,0,2026-04-20 13:31:22
227283305804,m36302504274,Louis Vuitton Portefeuille Lou Mini Wallet Black Monogram Lambskin Excellent Box,2026-04-02T06:38:17.000Z,,539.99,0,2026-04-20 13:31:22
227283305920,m36529022559,Louis Vuitton Monogram Bifold Wallet Brown Leather Box Included,2026-04-02T06:38:35.000Z,,759.99,0,2026-04-20 13:31:22
227283306312,m37938478352,Louis Vuitton Portefeuille Juliette Compact Wallet Monogram Brown Black Used,2026-04-02T06:39:14.000Z,,529.99,0,2026-04-20 13:31:22
227283306795,m41741660656,Louis Vuitton Portefeuille Multiple 11.5x9cm Monogram Canvas Wallet Good,2026-04-02T06:40:17.000Z,,579.99,0,2026-04-20 13:31:22
227283306978,m41795161754,Louis Vuitton Portefeuille Dauphine Compact Wallet 12cm PVC Brown Monogram,2026-04-02T06:40:38.000Z,,679.99,0,2026-04-20 13:31:22
227283307631,m43756486138,Louis Vuitton Portefeuille Clara M80151 Black Monogram RFID Excellent Condition,2026-04-02T06:42:14.000Z,,799.99,0,2026-04-20 13:31:22
227283307869,m44853182725,Louis Vuitton Portefeuille Victoire Epi Leather Wallet 9.5x12 Navy Pink,2026-04-02T06:42:50.000Z,,529.99,0,2026-04-20 13:31:22
227283308023,m44872409693,Louis Vuitton Monogram Reverse Portefeuille Rosalie Wallet Brown Excellent,2026-04-02T06:43:14.000Z,,529.99,0,2026-04-20 13:31:22
227283308592,m45968967342,Louis Vuitton Monogram Dori handbag Wallet Brown Beige Gold Hardware Excellent,2026-04-02T06:44:02.000Z,,529.99,0,2026-04-20 13:31:22
227283309277,m46234950329,Louis Vuitton Portefeuille Wallet 3-Fold Black Leather Monogram Excellent Box,2026-04-02T06:44:21.000Z,,789.99,0,2026-04-20 13:31:22
227283310410,m48155940157,Louis Vuitton Monogram Tri-Fold Wallet Brown PVC Leather Mint,2026-04-02T06:45:21.000Z,,529.99,0,2026-04-20 13:31:22
227283311558,m49558600462,Louis Vuitton Monogram Empreinte Victorine Wallet Noir Unused Box,2026-04-02T06:46:57.000Z,,879.99,0,2026-04-20 13:31:22
227283311798,m49644710486,Louis Vuitton Portefeuille Louise Compact Wallet M81461 Monogram Brown Good,2026-04-02T06:47:37.000Z,,529.99,0,2026-04-20 13:31:22
227283311968,m50014999376,Louis Vuitton Portefeuille Lou Folding Wallet Black Leather Black Used w/ Ribbon,2026-04-02T06:48:08.000Z,,789.99,0,2026-04-20 13:31:22
227283312268,m50882331452,Louis Vuitton Capucines Compact Wallet 13.5cm Taurillon Leather Black Pink,2026-04-02T06:48:51.000Z,,529.99,0,2026-04-20 13:31:22
227283312357,m50943290543,"Louis Vuitton Victorine Wallet 3-Fold Black Leather Excellent + Shopper, Dust",2026-04-02T06:49:07.000Z,,529.99,0,2026-04-20 13:31:22
227283312465,m51064319516,Louis Vuitton Monogram Tri-Fold Wallet Lagoon Blue M83623 Boxed,2026-04-02T06:49:30.000Z,,619.99,0,2026-04-20 13:31:22
227283312563,m51248258817,Louis Vuitton Portefeuille Juliette Monogram Wallet Excellent Condition,2026-04-02T06:49:50.000Z,,549.99,0,2026-04-20 13:31:22
227283312654,m51764551646,Louis Vuitton Murakami Portmonnaie 11cm Monogram Multi-Color N Mint Condition,2026-04-02T06:50:14.000Z,,849.99,0,2026-04-20 13:31:22
227283312748,m52126163930,Louis Vuitton Portefeuille Victoire Black Leather Wallet Excellent Condition,2026-04-02T06:50:31.000Z,,799.99,0,2026-04-20 13:31:22
227283312820,m52776299716,Louis Vuitton Multicolor Leather Coin Case Condition: Used w/ Dust Bag,2026-04-02T06:50:46.000Z,,829.99,0,2026-04-20 13:31:22
227283312952,m53017977369,Louis Vuitton Monogram Empreinte Portefeuille Metis 11.5cm Noir A+ No Box,2026-04-02T06:51:08.000Z,,699.99,0,2026-04-20 13:31:22
227283313093,m53596711467,Louis Vuitton Capucines Tri-Fold Wallet Black,2026-04-02T06:51:24.000Z,,529.99,0,2026-04-20 13:31:22
227283313207,m53822353124,Louis Vuitton Portemonnaie Vivienne Size N/A Leather Multicolor Excellent Box &,2026-04-02T06:51:39.000Z,,759.99,0,2026-04-20 13:31:22
227283313366,m55158261464,Louis Vuitton Monogram Reverse Portefeuille Rosalie 11x8cm Brown Wallet,2026-04-02T06:51:58.000Z,,529.99,0,2026-04-20 13:31:22
227283313696,m55542959408,Louis Vuitton Since1854 Zippy Coin Case Jacquard Blue A Box Pouch,2026-04-02T06:52:16.000Z,,599.99,1,2026-04-20 13:31:22
227283314510,m55633700123,Louis Vuitton Capucines M81330 Wallet 19cm Trianon Leather Black RFID Excellent,2026-04-02T06:52:57.000Z,,769.99,0,2026-04-20 13:31:22
227283314609,m55750018459,Louis Vuitton Porte Monnaie Zippy Wallet Brown Monogram Good Condition,2026-04-02T06:53:12.000Z,,449.99,0,2026-04-20 13:31:22
227283315650,m56220559606,Louis Vuitton Monogram Wallet PVC Leather Pink Rose Used Box Dustbag,2026-04-02T06:53:38.000Z,,539.99,0,2026-04-20 13:31:22
227283317892,m56956631491,Louis Vuitton Portefeuille Lou Compact Wallet 11.5cm Black Monogram Excellent,2026-04-02T06:54:44.000Z,,859.99,0,2026-04-20 13:31:22
227283320648,m57490660066,"Louis Vuitton Portefeuille Dauphine Wallet, Leather, Brown, Excellent Condition",2026-04-02T06:55:14.000Z,,529.99,0,2026-04-20 13:31:22
227283321529,m57618238129,Louis Vuitton Portefeuille Victoire Wallet 12x9.5cm Black Leather Gold Accs,2026-04-02T06:55:33.000Z,,739.99,0,2026-04-20 13:31:22
227283322878,m58232398139,Louis Vuitton Porte- monnaie Clara Wallet Black Monogram Pre-owned,2026-04-02T06:56:08.000Z,,669.99,0,2026-04-20 13:31:22
227283324002,m58687471270,Louis Vuitton Portefeuille Zoe Wallet Monogram Beige Leather A Rank No Box,2026-04-02T06:56:55.000Z,,529.99,0,2026-04-20 13:31:22
227283324432,m60093778233,Louis Vuitton Empreinte Portefeuille Victorine Marine Rouge,2026-04-02T06:57:55.000Z,,529.99,0,2026-04-20 13:31:22
227283324826,m60982349481,Louis Vuitton Brown/Red Folding Wallet,2026-04-02T06:58:28.000Z,,429.99,0,2026-04-20 13:31:22
227283324952,m60517237438,"Louis Vuitton Zippy Coin Purse, New, Box & Dust Bag, Monogram, Excellent",2026-04-02T06:58:44.000Z,,529.99,0,2026-04-20 13:31:22
227283325122,m61303498894,Louis Vuitton Monogram Portefeuille Pilote Trion Tri-Fold Wallet,2026-04-02T06:59:11.000Z,,739.99,0,2026-04-20 13:31:22
227283325242,m61465775692,Louis Vuitton Porte Monnaie Noir Wallet 11x8.5cm Embossed Condition Good,2026-04-02T06:59:32.000Z,,649.99,0,2026-04-20 13:31:22
227283325435,m61573215317,Louis Vuitton Portefeuille Sarah Wallet 19cm Epi Leather Cocorico Red A Rank w/,2026-04-02T06:59:56.000Z,,529.99,0,2026-04-20 13:31:22
227283325713,m62170186787,"Louis Vuitton Monogram Empreinte Compact Wallet Black AB Condition, Accessories",2026-04-02T07:00:35.000Z,,839.99,0,2026-04-20 13:31:22
227283326064,m63073237292,Louis Vuitton Viennois Wallet Monogram Multicolor White New,2026-04-02T07:01:20.000Z,,739.99,0,2026-04-20 13:31:22
227283326259,m64126179809,Louis Vuitton Giant Reverse Zippy Wallet 7x9.5cm Brown Excellent Condition,2026-04-02T07:01:45.000Z,,529.99,0,2026-04-20 13:31:22
227283327057,m65739567582,Louis Vuitton Wallet New Blue/White Pink 11x9x2cm,2026-04-02T07:02:40.000Z,,529.99,0,2026-04-20 13:31:22
227283327331,m66357508919,Louis Vuitton Capucines Compact Wallet 13.5cm Taurillon Leather Beige Pink,2026-04-02T07:03:03.000Z,,529.99,0,2026-04-20 13:31:22
227283328051,m67744019151,Louis Vuitton Compact Wallet Tri-Fold Pink Beige Tumi Leather Excellent Cond.,2026-04-02T07:04:11.000Z,,529.99,0,2026-04-20 13:31:22
227283329028,m70230850260,Louis Vuitton Coin Purse Brown Leather Compact Used Box Included,2026-04-02T07:05:13.000Z,,559.99,0,2026-04-20 13:31:22
227283329437,m71150450450,Louis Vuitton Portefeuille Celeste M82133 Wallet 10x8cm Leather Noir Unisex Mint,2026-04-02T07:05:32.000Z,,529.99,0,2026-04-20 13:31:22
227283329886,m71392699479,Louis Vuitton Zippy Coin Case M82483 Laminated Canvas Gold Beige AB Box,2026-04-02T07:05:55.000Z,,529.99,0,2026-04-20 13:31:22
227283330165,m71542604010,Louis Vuitton Monogram Empreinte Portefeuille Claira Beige Leather Wallet Used,2026-04-02T07:06:16.000Z,,529.99,0,2026-04-20 13:31:22
227283330572,m73117932548,Louis Vuitton Wallet,2026-04-02T07:07:05.000Z,,429.99,0,2026-04-20 13:31:22
227283330969,m73327598995,Louis Vuitton Portefeuille Dorine 12cm Coated Canvas Monogram Reverse Excellent,2026-04-02T07:07:32.000Z,,529.99,0,2026-04-20 13:31:22
227283331266,m73450984716,Louis Vuitton Capucines Vertical Wallet 20x10cm Trianon Beige/Light Blue,2026-04-02T07:07:55.000Z,,709.99,0,2026-04-20 13:31:22
227283331696,m74294074190,Louis Vuitton Portefeuille M81529 Pink Leather Wallet Good Condition Box,2026-04-02T07:08:35.000Z,,699.99,0,2026-04-20 13:31:22
227283331993,m74879680296,Louis Vuitton Rosalie Wallet M83641 Empreinte Blue Coin Case Mint,2026-04-02T07:09:03.000Z,,689.99,0,2026-04-20 13:31:22
227283332472,m75270227033,Louis Vuitton Multiple Wallet M14691 9x11.5cm Leather Blue Monogram New Boxed,2026-04-02T07:09:49.000Z,,739.99,0,2026-04-20 13:31:22
227283332603,m75593758586,Louis Vuitton Porte Monnaie Rosalie Mini Pink Limited Edition Excellent Box,2026-04-02T07:10:04.000Z,,679.99,0,2026-04-20 13:31:22
227283333233,m77848346034,Louis Vuitton Porte-Feuille Clara S Leather Black Monogram Wallet Good Condition,2026-04-02T07:11:12.000Z,,759.99,0,2026-04-20 13:31:22
227283333386,m78292726443,Louis Vuitton Portefeuille Victorine 9.5cm Wallet Monogram Black Used Box,2026-04-02T07:11:33.000Z,,529.99,0,2026-04-20 13:31:22
227283333512,m78804711606,Louis Vuitton Zippy Coin Purse M68696 Size S Monogram Empreinte Beige Good,2026-04-02T07:11:50.000Z,,699.99,0,2026-04-20 13:31:22
227283334277,m80601088624,Louis Vuitton Victorine M82062 12x9.5cm Monogram Bi-Color Cream/Rose Condition A,2026-04-02T07:13:01.000Z,,639.99,0,2026-04-20 13:31:22
227283334418,m81046406552,Louis Vuitton Portemonnaie Rosalie Mini Misty Lilac Excellent Condition,2026-04-02T07:13:16.000Z,,729.99,0,2026-04-20 13:31:22
227283335021,m81209974235,Louis Vuitton Portefeuille Victorine Wallet White Leather Monogram Excellent,2026-04-02T07:13:33.000Z,,539.99,3,2026-04-20 13:31:22
227283335378,m82326807319,Unused Level Louis Vuitton Mahina Portefeuille Iris XS Noir,2026-04-02T07:14:15.000Z,,529.99,0,2026-04-20 13:31:22
227283335669,m85155256850,LOUIS VUITTON Empreinte Tri-Fold Wallet Victorine,2026-04-02T07:14:52.000Z,,529.99,0,2026-04-20 13:31:22
227283335845,m86119795525,Louis Vuitton Monogram Compact Wallet Navy Excellent,2026-04-02T07:15:08.000Z,,569.99,0,2026-04-20 13:31:22
227283336642,m86611606746,Louis Vuitton Portefeuille Victorine Wallet 11.5cm Monogram Brown N Box Dustbag,2026-04-02T07:15:49.000Z,,579.99,0,2026-04-20 13:31:22
227283337356,m89332230146,Louis Vuitton Monogram Porte-Feuille Victoire 12x9cm Noir Wallet A Rank,2026-04-02T07:16:57.000Z,,619.99,0,2026-04-20 13:31:22
227283337768,m90251358938,Louis Vuitton Porte-Feuille Victoriine Wallet 0309A028,2026-04-02T07:17:39.000Z,,529.99,0,2026-04-20 13:31:22
227283337846,m91175081812,Louis Vuitton Monogram Leather Bifold Wallet Brown Card Slots,2026-04-02T07:17:55.000Z,,529.99,0,2026-04-20 13:31:22
227283337981,m91637158222,Louis Vuitton Metis Compact Wallet M80880 Monogram Noir RFID A+ Box,2026-04-02T07:18:17.000Z,,719.99,0,2026-04-20 13:31:22
227283338441,m92775432416,Louis Vuitton Mahina Wallet M62540 12x9.5cm Noir Black Excellent Condition,2026-04-02T07:18:36.000Z,,529.99,0,2026-04-20 13:31:22
227283339245,m93647606427,Louis Vuitton Pochette Klé Denim 6.5x11.7cm Noir Key Hook Excellent Box,2026-04-02T07:18:50.000Z,,529.99,0,2026-04-20 13:31:22
227283340353,m94372388259,Louis Vuitton Empreinte Porte-Feuille Clare Bi-Color Folded Wallet,2026-04-02T07:19:11.000Z,,859.99,0,2026-04-20 13:31:22
227283343068,m96653679751,Louis Vuitton Monogram Embossed Portefeuille Yulo Wallet SS IC Chip Brown,2026-04-02T07:20:28.000Z,,749.99,0,2026-04-20 13:31:22
227283343737,m97708017446,Louis Vuitton Wallet Porte Monnaie Claire 11.2cm Monogram Leather Beige Used,2026-04-02T07:21:19.000Z,,569.99,0,2026-04-20 13:31:22
227283344761,m99914433595,Louis Vuitton Monogram Empreinte Portefeuille Coin Case Yellow 8.5cm Excellent,2026-04-02T07:22:36.000Z,,529.99,0,2026-04-20 13:31:22
227283351912,2JPBzJZuSn8vYmh3f5TjbL,Louis Vuitton Coin Case Monogram Porte-Monnaie Long M61926,2026-04-02T07:29:22.000Z,,529.99,0,2026-04-20 13:31:22
227283352171,2JPEb9CZnj32YboR8TCygs,LOUIS VUITTON Zippy Coin Purse Coin Case Monogram Brown M60067,2026-04-02T07:29:51.000Z,,529.99,0,2026-04-20 13:31:22
227283352444,2JPEbUyJ2wVQxCnawrC9kt,LOUIS VUITTON Pochette Clé Key Ring Coin Case Monogram Empreinte Bicolor,2026-04-02T07:30:18.000Z,,529.99,0,2026-04-20 13:31:22
227283352742,56aChK28FS9kpWdm3P5VEK,Louis Vuitton Monogram Eclipse Card Holder Calf Leather Noir w/Dust Bag,2026-04-02T07:30:42.000Z,,689.99,0,2026-04-20 13:31:22
227283353129,CfsEAq4YudqnyTkm3SbAWK,Louis Vuitton ZIPPY COIN PURSE MONOGRAM 11x9cm NEAR MINT VIVIENNE COIN CASE,2026-04-02T07:31:24.000Z,,569.99,0,2026-04-20 13:31:22
227283353364,J66vmZNC4taXg8otTywSee,Louis Vuitton Damier Graphite Coin Case Canvas Hook Pouch Bag Dust Bag,2026-04-02T07:31:48.000Z,,529.99,0,2026-04-20 13:31:22
227283353633,KibzcFFKbUGdAjqAouCynW,Louis Vuitton Monogram Coin Case M60067 Excellent w/ Box & Dust Bag,2026-04-02T07:32:12.000Z,,719.99,0,2026-04-20 13:31:22
227283353882,Vi3TjR5B2bbmGhzSxYYPeS,Louis Vuitton Monogram Coin Card Case Brown Canvas Mint with Dust Bag,2026-04-02T07:32:35.000Z,,659.99,0,2026-04-20 13:31:22
227283354182,YyxAw5GcKdUPwCvcpzoot8,Louis Vuitton Pochette Clé 6.5x11.5cm Monogram Eclipse Gray Coin Case New,2026-04-02T07:32:59.000Z,,529.99,0,2026-04-20 13:31:22
227283354949,m27959686040,Louis Vuitton Monogram Compact Wallet - Excellent Condition - Price Drop,2026-04-02T07:33:27.000Z,,409.99,0,2026-04-20 13:31:22
227283355273,m28252061223,Louis Vuitton Wallet Portefeuille,2026-04-02T07:33:47.000Z,,529.99,0,2026-04-20 13:31:22
227283356002,m28952231902,Louis Vuitton Portefeuille Mylockme 19cm Black Leather Silver Excellent Box,2026-04-02T07:34:33.000Z,,529.99,0,2026-04-20 13:31:22
227283356312,m29145879158,Louis Vuitton Zippy Wallet 11x19cm Monogram Leather Burgundy Excellent Box,2026-04-02T07:35:02.000Z,,529.99,0,2026-04-20 13:31:22
227283356844,m30075296397,Louis Vuitton Twist Wallet M67260 Monogram Canvas 11x19cm Japan Collab Excellent,2026-04-02T07:35:43.000Z,,539.99,1,2026-04-20 13:31:22
227283357373,m30559079296,Louis Vuitton M61868 Monogram Mahina Zippy Wallet 20cm Pink Leather B Accessory,2026-04-02T07:36:20.000Z,,529.99,0,2026-04-20 13:31:22
227283357604,m32172781134,Superb Condition LOUIS VUITTON Beige Tri-Fold Wallet,2026-04-02T07:36:37.000Z,,439.99,0,2026-04-20 13:31:22
227283358408,m32597061597,Louis Vuitton クッサン Zippy Wallet 10.5x19.5cm Leather Pink Navy Used Box,2026-04-02T07:37:00.000Z,,609.99,0,2026-04-20 13:31:22
227283359850,m32853385433,Louis Vuitton Monogram Zippy Wallet 11x19.5cm Leather Brown Excellent Condition,2026-04-02T07:37:21.000Z,,539.99,0,2026-04-20 13:31:22
227283360742,m33913494172,Louis Vuitton Monogram Porte-Feuille Palas Long Wallet M58415,2026-04-02T07:37:29.000Z,,449.99,0,2026-04-20 13:31:22
227283361467,m34198422550,LOUIS VUITTON Popular Empreinte Broderie Zippy Wallet Brand Wallet,2026-04-02T07:37:43.000Z,,529.99,0,2026-04-20 13:31:22
227283361766,m36644237989,Louis Vuitton Embossed Bifold Wallet Leather Orange Monogram Box,2026-04-02T07:37:58.000Z,,869.99,0,2026-04-20 13:31:22
227283361880,m37208223484,Louis Vuitton Monogram Empreinte Zippy Wallet Long Wallet M63691 Excellent,2026-04-02T07:38:03.000Z,,529.99,0,2026-04-20 13:31:22
227283362324,m38101394462,Louis Vuitton Portefeuille Lockme Long Wallet Black,2026-04-02T07:38:33.000Z,,529.99,0,2026-04-20 13:31:22
227283362687,m38634472987,Louis Vuitton Monogram Long Wallet Brown Card Pockets Used Condition,2026-04-02T07:38:50.000Z,,529.99,0,2026-04-20 13:31:22
227283362924,m40739007219,Louis Vuitton Zippy Wallet 19cm Leather Black Reverse Excellent Condition Only,2026-04-02T07:39:13.000Z,,539.99,0,2026-04-20 13:31:22
227283362984,m40528658337,Louis Vuitton Giant Monogram Round Zipper Zippy Wallet,2026-04-02T07:39:16.000Z,,529.99,0,2026-04-20 13:31:22
227283363330,m41167932753,Louis Vuitton Portefeuille Amelia 19cm Denim Blue Long Wallet Excellent Box,2026-04-02T07:39:29.000Z,,799.99,0,2026-04-20 13:31:22
227283363652,m41956530420,Louis Vuitton Long Wallet Épi Leather,2026-04-02T07:39:43.000Z,,529.99,0,2026-04-20 13:31:22
227283363797,m42534422635,Louis Vuitton Damier Azur Zippy Wallet Long Wallet Beige/Brown Box Included,2026-04-02T07:40:02.000Z,,529.99,0,2026-04-20 13:31:22
227283363831,m42799436086,Louis Vuitton Portefeuille Sarahh 19cm Empreinte Noir Excellent Condition Box,2026-04-02T07:40:05.000Z,,839.99,0,2026-04-20 13:31:22
227283364235,m43591913558,Louis Vuitton Portefeuille Comet Trianon Black Long Wallet,2026-04-02T07:40:57.000Z,,659.99,0,2026-04-20 13:31:22
227283364242,m43623619719,Louis Vuitton Monogram Multicolor Zippy Wallet 10.5x20cm Excellent Box/Bag,2026-04-02T07:40:57.000Z,,849.99,0,2026-04-20 13:31:22
227283364572,m44334455746,Louis Vuitton Porte-Feuille Clemence Empreinte M82238,2026-04-02T07:41:30.000Z,,789.99,0,2026-04-20 13:31:22
227283364737,m34276390634,Louis Vuitton Damier Zippy Wallet Canvas Browns Exquisite Box Bag,2026-04-02T07:41:48.000Z,,539.99,0,2026-04-20 13:31:22
227283365193,m45004147062,Louis Vuitton Zippy Wallet M81971 20cm PVC Monogram Pumpkin Yayoi Kusama,2026-04-02T07:42:07.000Z,,809.99,0,2026-04-20 13:31:22
227283365268,m45228041228,Louis Vuitton Ivation Zippy Wallet 19.5cm Brown AB Condition Box Dustbag,2026-04-02T07:42:13.000Z,,549.99,0,2026-04-20 13:31:22
227283365447,m45338278050,Louis Vuitton Wallet 2-Fold Pink Leather Logo Embroidery Good Condition,2026-04-02T07:42:28.000Z,,569.99,0,2026-04-20 13:31:22
227283365746,m45716358645,Louis Vuitton Long Wallet Monogram Portefeuille Sarah,2026-04-02T07:42:39.000Z,,529.99,1,2026-04-20 13:31:22
227283365848,m45782332183,Louis Vuitton Porte-Documents Clemence M60171 Black Long Wallet Excellent Cond.,2026-04-02T07:42:50.000Z,,539.99,0,2026-04-20 13:31:22
227283365960,m46476591623,Limited Edition Excellent Condition Louis Vuitton Sara Long Wallet Fall For You,2026-04-02T07:43:03.000Z,,779.99,1,2026-04-20 13:31:22
227283366372,m47102883704,Louis Vuitton Empreinte Zippy Wallet Long New Excellent Pouch Included,2026-04-02T07:43:38.000Z,,649.99,0,2026-04-20 13:31:22
227283366527,m47552683298,Louis Vuitton Zippy Wallet Damier Ebene Authentic Long Wallet,2026-04-02T07:43:50.000Z,,449.99,0,2026-04-20 13:31:22
227283366600,m47649886205,Beautiful Condition! Louis Vuitton Monogram Long Wallet,2026-04-02T07:43:54.000Z,,439.99,0,2026-04-20 13:31:22
227283366729,m48144436451,Louis Vuitton Zippy Wallet M60571 19.5cm Monogram Empreinte Black Excellent,2026-04-02T07:44:06.000Z,,529.99,0,2026-04-20 13:31:22
227283366797,m49110541828,Louis Vuitton Cushion Zippy Wallet 19.5cm Lambskin Light Blue Gold M82051 A+,2026-04-02T07:44:15.000Z,,859.99,0,2026-04-20 13:31:22
227283366954,m49868006872,Louis Vuitton Monogram Bicolor Zippy Wallet Black Long Wallet,2026-04-02T07:44:28.000Z,,729.99,0,2026-04-20 13:31:22
227284803356,m10364823030,New LV × TM Card Case Panda Business Card Holder,2026-04-03T03:26:12.000Z,,789.99,0,2026-04-20 13:31:22
227284803874,m43890637829,Louis Vuitton Card Case Light Blue Monogram Leather Charm Excellent Condition,2026-04-03T03:26:52.000Z,,529.99,0,2026-04-20 13:31:22
227284804233,m51566030678,Louis Vuitton LV Aerogram Card Holder 14.5x7.5cm Light Grey Used,2026-04-03T03:27:22.000Z,,529.99,0,2026-04-20 13:31:22
227284804533,m58579458832,Louis Vuitton LV × TM Card Case M13439 PVC Brown Multi Panda New,2026-04-03T03:27:42.000Z,,809.99,0,2026-04-20 13:31:22
227284804725,m66399458093,Louis Vuitton Multi-Color Card Case Black Zipper New Takashi Murakami,2026-04-03T03:27:56.000Z,,699.99,0,2026-04-20 13:31:22
227284804948,m66715898767,Louis Vuitton Card Case Monogram Red Leather Used Good Condition Accessories,2026-04-03T03:28:13.000Z,,529.99,0,2026-04-20 13:31:22
227284805102,m75270281860,Louis Vuitton Multiclut Card Case M61299 Monogram Fuchsia Excellent,2026-04-03T03:28:28.000Z,,399.99,0,2026-04-20 13:31:22
227284805300,m85182439299,Louis Vuitton Monogram Envelope Card Case 10x8cm Leather Brown M58457 New,2026-04-03T03:28:48.000Z,,529.99,0,2026-04-20 13:31:22
227284805448,m93683643431,Louis Vuitton Card Case Current Organizer do Poche,2026-04-03T03:29:04.000Z,,409.99,0,2026-04-20 13:31:22
227284805952,m48819558595,Louis Vuitton Key Case New 4-Key M95127 Monogram LV Brown Excellent Y.M.,2026-04-03T03:29:43.000Z,,529.99,0,2026-04-20 13:31:22
227284807146,2JKp5ZR8HbpptXhTsCkbL5,Louis Vuitton Monogram Canvas Card Case M69161 10.7x7cm Used w/Dust Bag,2026-04-03T03:31:16.000Z,,429.99,0,2026-04-20 13:31:22
227284808271,aB4Fqkqk9SjbiKTbaekcy5,Louis Vuitton ポルト カルト・LV Charm Card Case 7x10cm Monogram Black Used,2026-04-03T03:32:35.000Z,,559.99,0,2026-04-20 13:31:22
227284810218,m98957304602,Louis Vuitton Multi Clés 6 Key Case White Multicolor New Box & Ribbon,2026-04-03T03:33:59.000Z,,699.99,0,2026-04-20 13:31:22
227284811646,m12811291915,Louis Vuitton Emprunte Porte Cartes Marine Rouge Card Case M69420 Excellent,2026-04-03T03:36:10.000Z,,529.99,1,2026-04-20 13:31:22
227284811990,m14849918132,Louis Vuitton Coin Case Damier Coin Purse Rose Ballerine Excellent Condition,2026-04-03T03:36:37.000Z,,429.99,0,2026-04-20 13:31:22
227284812125,m15583849275,Louis Vuitton Key Holder Charm Monogram Padlock Key Hook,2026-04-03T03:36:51.000Z,,429.99,0,2026-04-20 13:31:22
227284812311,m18595135027,Louis Vuitton Monogram Pattern Silk Blend Stole Shawl Scarf,2026-04-03T03:37:08.000Z,,459.99,0,2026-04-20 13:31:22
227284812783,m19090238611,LOUIS VUITTON Vernis Zippy Coin Purse,2026-04-03T03:37:43.000Z,,419.99,0,2026-04-20 13:31:22
227284813114,m27895183174,Louis Vuitton Stole Christopher Nemeth,2026-04-03T03:38:14.000Z,,819.99,0,2026-04-20 13:31:22
227284813525,m28567659531,Louis Vuitton Scarf 68cm Silk Black Pink Multi-Color Excellent Boxed,2026-04-03T03:38:44.000Z,,439.99,1,2026-04-20 13:31:22
227284813785,m29997232875,NEW Louis Vuitton Monogram Scarf Pink,2026-04-03T03:39:03.000Z,,699.99,0,2026-04-20 13:31:22
227284814263,m32065436093,Louis Vuitton Monogram Eclipse Card Case 8x14.5cm Noir IC Chip Pre-Owned,2026-04-03T03:39:36.000Z,,529.99,0,2026-04-20 13:31:22
227284814523,m32405983019,Louis Vuitton Taiga Lame Coin and Card Holder M30320 Brand New Authentic,2026-04-03T03:39:53.000Z,,779.99,0,2026-04-20 13:31:22
227284815810,m47464441912,LOUIS VUITTON Watercolor Multi Monogram Stole,2026-04-03T03:41:26.000Z,,699.99,1,2026-04-20 13:31:22
227284816070,m47484045811,Louis Vuitton Portefeuille Rosalie Empreinte Green Wallet,2026-04-03T03:41:45.000Z,,529.99,0,2026-04-20 13:31:22
227284816679,m47992534578,Unused LOUIS VUITTON Étole Monogram So Glitter,2026-04-03T03:42:22.000Z,,699.99,0,2026-04-20 13:31:22
227284817038,m49728450130,Louis Vuitton Large Stole Wool Silk Monogram Pattern Black New Unused Damaged,2026-04-03T03:42:44.000Z,,489.99,0,2026-04-20 13:31:22
227284817239,m51556215127,Louis Vuitton Large Scarf Silk,2026-04-03T03:43:02.000Z,,819.99,0,2026-04-20 13:31:22
227284817924,m54968178419,Louis Vuitton Étole Санкт-Петербург Scarf Stole Double-Sided Monogram,2026-04-03T03:43:54.000Z,,679.99,0,2026-04-20 13:31:22
227284818112,m59855107595,Louis Vuitton Carré 90,2026-04-03T03:44:12.000Z,,879.99,0,2026-04-20 13:31:22
227284818721,m70515375373,Unused Rare Color Louis Vuitton Monogram Macassar Passport Cover,2026-04-03T03:44:52.000Z,,619.99,2,2026-04-20 13:31:22
227284818870,m71755934961,Final Price Drop LOUIS VUITTON Stole Large Size Navy/Red,2026-04-03T03:45:07.000Z,,409.99,0,2026-04-20 13:31:22
227284819314,m73403236161,Louis Vuitton Shawl Large Stole Monogram,2026-04-03T03:45:39.000Z,,549.99,0,2026-04-20 13:31:22
227284819593,m74207348970,Louis Vuitton Vivienne Zip Key Ring,2026-04-03T03:45:59.000Z,,749.99,0,2026-04-20 13:31:22
227284820001,m78598842261,Excellent Condition LOUIS VUITTON Large Scarf Monogram Stole,2026-04-03T03:46:23.000Z,,589.99,0,2026-04-20 13:31:22
227284820275,m79045854184,Louis Vuitton Vernis Zippy Coin Purse Wallet 9x11.5cm Pink Good Condition,2026-04-03T03:46:46.000Z,,529.99,0,2026-04-20 13:31:22
227284820644,m81649564509,Louis Vuitton Gray Fragment Case,2026-04-03T03:47:11.000Z,,559.99,0,2026-04-20 13:31:22
227284821378,m82545265412,Brand New LOUIS VUITTON Stole Étole Fluor Louis MP2152,2026-04-03T03:47:30.000Z,,549.99,0,2026-04-20 13:31:22
227284821588,m84763293045,LOUIS VUITTON Monogram Macassar Coin Card Holder,2026-04-03T03:47:48.000Z,,529.99,0,2026-04-20 13:31:22
227284821808,m85067964632,Louis Vuitton Scarf Pink Tassel Unique Giraffe Stripe Pre-owned,2026-04-03T03:48:05.000Z,,409.99,0,2026-04-20 13:31:22
227284823040,m95313501822,Unused Level✨ Louis Vuitton Coin Case Vivienne Pochette Clé,2026-04-03T03:49:17.000Z,,669.99,1,2026-04-20 13:31:22
227284823353,m98782204326,New Louis Vuitton Monogram Eclipse Coin Card Holder,2026-04-03T03:49:37.000Z,,429.99,0,2026-04-20 13:31:22
227284830994,2JPHBZFrFWfhCtsHcEHSCk,Louis Vuitton Scarf LV×TM Bandou BB Monogram Multicolor White×Multicolor Used,2026-04-03T03:56:09.000Z,,609.99,0,2026-04-20 13:31:22
227284833690,m15829212264,Louis Vuitton Mahina Compact Wallet 12x10cm Yellow Iris Excellent Box,2026-04-03T03:57:56.000Z,,889.99,0,2026-04-20 13:31:22
227284835820,m16780703401,Unused LOUIS VUITTON Card Key Case Pochette Clé,2026-04-03T03:58:50.000Z,,529.99,0,2026-04-20 13:31:22
227284837156,m16887493661,Louis Vuitton Damier Coin Case,2026-04-03T03:59:25.000Z,,429.99,0,2026-04-20 13:31:22
227284837688,m18121054088,LOUIS VUITTON Black Coin Case Damier Ébène Noir,2026-04-03T04:00:06.000Z,,529.99,0,2026-04-20 13:31:22
227284838356,m19001873199,Louis Vuitton small item holder,2026-04-03T04:00:59.000Z,,739.99,0,2026-04-20 13:31:22
227284838544,m19215186250,Final Price Reduction Louis Vuitton Pochette Claire Coin Case,2026-04-03T04:01:18.000Z,,449.99,0,2026-04-20 13:31:22
227284838723,m19408593171,Louis Vuitton Portefeuille Victoire Wallet Black Leather Embossed Logo Used,2026-04-03T04:01:34.000Z,,529.99,0,2026-04-20 13:31:22
227284838903,m20411501075,Louis Vuitton Rosalie Wallet Monogram Orange Leather Box & Dust Bag,2026-04-03T04:01:53.000Z,,609.99,0,2026-04-20 13:31:22
227284839038,m20764042635,Louis Vuitton Damier Coin Case Key Case Small Item Holder,2026-04-03T04:02:10.000Z,,529.99,0,2026-04-20 13:31:22
227284840408,m22495708753,LOUIS VUITTON Portefeuille Lisa,2026-04-03T04:03:18.000Z,,539.99,2,2026-04-20 13:31:22
227284841045,m23983956323,Louis Vuitton Portefeuille Marco Wallet 10.3x10.6cm Leather Brown Monogram,2026-04-03T04:04:10.000Z,,689.99,0,2026-04-20 13:31:22
227284841482,m24119169670,Louis Vuitton Portefeuille Lissa M83365 Black Monogram Empreinte A+ Wallet,2026-04-03T04:04:33.000Z,,659.99,0,2026-04-20 13:31:22
227284841725,m24216726204,Louis Vuitton Zippy Coin Purse Damier Ebène x Vivienne,2026-04-03T04:04:56.000Z,,859.99,0,2026-04-20 13:31:22
227284842775,m24987776152,Louis Vuitton Coin Purse,2026-04-03T04:06:43.000Z,,529.99,0,2026-04-20 13:31:22
227284843072,m25585601273,Louis Vuitton Monogram Porte-Monnaie Bi-Latéral Wallet,2026-04-03T04:07:08.000Z,,399.99,0,2026-04-20 13:31:22
227284844007,m26844013597,Louis Vuitton Portefeuille Zoe Wallet 3-Fold Monogram Leather New,2026-04-03T04:08:18.000Z,,589.99,0,2026-04-20 13:31:22
227284844447,m28653365715,Louis Vuitton Monogram Etoile Compact Wallet 12.5cm Canvas Brown Excellent,2026-04-03T04:08:55.000Z,,649.99,0,2026-04-20 13:31:22
227284845633,m29373598086,Louis Vuitton Mahina Portefeuille Claire Wallet Tropical Coral 11x8.5cm RFID,2026-04-03T04:09:17.000Z,,529.99,0,2026-04-20 13:31:22
227284846912,m29539152005,Louis Vuitton Trianon Vertical Compact Wallet - Near Unused Condition,2026-04-03T04:09:38.000Z,,649.99,0,2026-04-20 13:31:22
227284847187,m29659319065,Louis Vuitton Portefeuille Capucines XS Pink Tri-Fold Wallet,2026-04-03T04:09:58.000Z,,529.99,0,2026-04-20 13:31:22
227284847771,m31218365353,Louis Vuitton M25802 Compact Wallet 11x8.5cm Monogram Misty Unused Condition,2026-04-03T04:10:42.000Z,,759.99,0,2026-04-20 13:31:22
227284848412,m32404888470,Louis Vuitton Trianon/Compact Wallet/M62159,2026-04-03T04:11:49.000Z,,439.99,0,2026-04-20 13:31:22
227284849654,m35538342066,"Louis Vuitton Tri-Fold Wallet 3.5""x4.5"" Leather Brown/Pink Monogram New",2026-04-03T04:13:17.000Z,,529.99,0,2026-04-20 13:31:22
227284850132,m35248667938,Louis Vuitton Portmonee Rosalie Monogram Coin Purse Card Case,2026-04-03T04:13:57.000Z,,529.99,0,2026-04-20 13:31:22
227284851710,m38299645386,Louis Vuitton Portemonnaie Rosali 8x11cm Monogram Black Wallet Excellent Box,2026-04-03T04:15:51.000Z,,559.99,0,2026-04-20 13:31:22
227284852792,m40780338799,Louis Vuitton Hybrid Wallet Monogram Eclipse,2026-04-03T04:17:04.000Z,,529.99,0,2026-04-20 13:31:22
227284854367,m46601167723,Louis Vuitton Discovery Compact Wallet Pink IC Chip Confirmed UB1201,2026-04-03T04:19:12.000Z,,409.99,0,2026-04-20 13:31:22
227284856741,m55145680818,"Louis Vuitton Coin Purse Price: ¥98,000",2026-04-03T04:22:43.000Z,,629.99,0,2026-04-20 13:31:22
227284858604,m59314703645,"New and unused, Louis Vuitton long wallet key case",2026-04-03T04:24:49.000Z,,589.99,0,2026-04-20 13:31:22
227284860843,m63663397396,Louis Vuitton Tie-Dye Pattern Tri-Fold Wallet,2026-04-03T04:25:26.000Z,,739.99,0,2026-04-20 13:31:22
227284862688,m65261918231,Louis Vuitton Black Zippy Coin Case,2026-04-03T04:25:56.000Z,,529.99,0,2026-04-20 13:31:22
227284863630,m65375480781,Louis Vuitton Zippy Coin Purse Monogram Brand LV Coin Holder,2026-04-03T04:26:15.000Z,,599.99,0,2026-04-20 13:31:22
227284863799,m66879058551,"New Coin Card Holder Not Released in Japan, First Come First Served!",2026-04-03T04:26:31.000Z,,889.99,0,2026-04-20 13:31:22
227284865148,m69756589519,LOUIS VUITTON Portefeuille Victrine Folding Wallet,2026-04-03T04:28:29.000Z,,599.99,0,2026-04-20 13:31:22
227284865332,m71830413557,Louis Vuitton Victor Wallet Monogram Shadow Compact Wallet Tri-Fold Wallet,2026-04-03T04:28:57.000Z,,799.99,0,2026-04-20 13:31:22
227284865461,m72328997403,LOUIS VUITTON Black Tri-Fold Wallet Mini Wallet,2026-04-03T04:29:14.000Z,,699.99,0,2026-04-20 13:31:22
227284866757,m75957842277,LOUIS VUITTON Long Wallet Portefeuille Sarah Negotiable,2026-04-03T04:30:18.000Z,,759.99,0,2026-04-20 13:31:22
227284871053,m81044501763,Louis Vuitton Zippy Coin Purse Vertical Eclipse ID,2026-04-03T04:32:14.000Z,,529.99,0,2026-04-20 13:31:22
227284871803,m81157055167,Louis Vuitton Epi Zippy Coin Purse M14144 Takashi Murakami Collaboration Pink,2026-04-03T04:32:39.000Z,,819.99,0,2026-04-20 13:31:22
227284872607,m81751482434,Portefeuille Victoire Monogram Empreinte Scarlet,2026-04-03T04:32:56.000Z,,539.99,0,2026-04-20 13:31:22
227284874281,m82380795976,Louis Vuitton Coin Case with Card Holder,2026-04-03T04:33:14.000Z,,699.99,0,2026-04-20 13:31:22
227284875250,m87117803822,Louis Vuitton Monogram Victorine Fuchsia IC #182,2026-04-03T04:34:39.000Z,,439.99,0,2026-04-20 13:31:22
227284875890,m87915658829,Louis Vuitton Coin Case Circus Design,2026-04-03T04:35:45.000Z,,769.99,0,2026-04-20 13:31:22
227284876865,m88495339514,Louis Vuitton Monogram Zippy Coin Purse M80408 Blue Small Excellent Bag,2026-04-03T04:36:20.000Z,,529.99,0,2026-04-20 13:31:22
227284877196,m89878751848,Louis Vuitton Folding Wallet Graffiti,2026-04-03T04:36:55.000Z,,559.99,3,2026-04-20 13:31:22
227284877344,m91839125251,Louis Vuitton Monogram Wallet Cowhide Blue Silver Excellent Box Dust Bag,2026-04-03T04:37:12.000Z,,879.99,0,2026-04-20 13:31:22
227284878352,m95137895338,Louis Vuitton Iris Compact Wallet Mahina Beige 12x9.5cm Excellent Cond.✨,2026-04-03T04:38:13.000Z,,529.99,0,2026-04-20 13:31:22
227284879101,m99626944319,Louis Vuitton LV Bloom Mini Tri-Fold Wallet M15081,2026-04-03T04:39:15.000Z,,649.99,0,2026-04-20 13:31:22
227284879505,2JJmuJmCm86j6bRRpEcNQN,Louis Vuitton Porte-Cartes Kirigami 10.5cm Monogram Pondichery Pink Excellent,2026-04-03T04:39:40.000Z,,529.99,0,2026-04-20 13:31:22
227284879706,2JLCa65pN3An5ASckoFuEp,Louis Vuitton Monogram Porte Cartes Romy 12cm Canvas Brown Yellow Excellent Box,2026-04-03T04:40:05.000Z,,599.99,0,2026-04-20 13:31:22
227284879986,2JLpG4F7pWYHbfthXHWptD,Louis Vuitton Monogram Empreinte Zippy Coin Purse 11x8.5cm Noir Used,2026-04-03T04:40:57.000Z,,599.99,0,2026-04-20 13:31:22
227284881695,2JPGxTSfFKbg6xzbgekn6j,Louis Vuitton Zipper Coin Purse Monogram Vernis Champagne Metallic Gray M68643,2026-04-03T04:43:26.000Z,,529.99,0,2026-04-20 13:31:22
227284882805,m26087284419,Rare Excellent Condition Louis Vuitton Portefeuille Svelte Monogram Mirror,2026-04-03T04:45:53.000Z,,779.99,1,2026-04-20 13:31:22
227284883386,m26934208375,Louis Vuitton Portefeuille Brazza Damier Graphite,2026-04-03T04:46:57.000Z,,629.99,0,2026-04-20 13:31:22
227284883612,m28044318695,Louis Vuitton Zippy Wallet Monogram Jacquard Long Wallet,2026-04-03T04:47:28.000Z,,879.99,0,2026-04-20 13:31:22
227284883891,m29269864610,Limited Edition Vuitton New Two-Fold Wallet Black Portefeuille Brazza Épi Black,2026-04-03T04:48:12.000Z,,849.99,0,2026-04-20 13:31:22
227284884317,m29407146509,"Louis Vuitton Monogram Jacquard ""Since 1854"" Wallet",2026-04-03T04:48:40.000Z,,859.99,0,2026-04-20 13:31:22
227284885225,m32324743496,Louis Vuitton Wild at Heart Zippy Wallet Long Wallet M80676,2026-04-03T04:49:51.000Z,,599.99,0,2026-04-20 13:31:22
227284886088,m34472671111,Louis Vuitton Steven Sprouse Monogram Rose Zippy Wallet,2026-04-03T04:51:09.000Z,,579.99,4,2026-04-20 13:31:22
227284886722,m35259415218,Louis Vuitton Monogram Galaxy Portfoy Yu Blazer Long Wallet Excellent Condition,2026-04-03T04:51:58.000Z,,529.99,0,2026-04-20 13:31:22
227284887347,m35262688222,Louis Vuitton M81914 Zippy Wallet 10.5x20cm Monogram Beige Good Box/Card,2026-04-03T04:52:19.000Z,,549.99,0,2026-04-20 13:31:22
227284887550,m36224231768,Louis Vuitton Portefeuille Douville V Compact Tri-Fold Wallet,2026-04-03T04:52:39.000Z,,769.99,0,2026-04-20 13:31:22
227284888927,m39212280350,Beautiful Long Wallet,2026-04-03T04:54:19.000Z,,529.99,0,2026-04-20 13:31:22
227284889102,m39743745411,Louis Vuitton Zippy Wallet M61855 Monogram Brown Leather Excellent No,2026-04-03T04:54:43.000Z,,529.99,0,2026-04-20 13:31:22
227284889313,m39979790633,Louis Vuitton Epi Zippy Wallet Vertical Long Wallet M60695,2026-04-03T04:55:02.000Z,,399.99,0,2026-04-20 13:31:22
227284889978,m42484239619,Louis Vuitton Black Long Wallet,2026-04-03T04:55:37.000Z,,529.99,0,2026-04-20 13:31:22
227284890320,m42740468421,Louis Vuitton Monogram Giant Compact Wallet Brown Canvas Boxed Mint,2026-04-03T04:56:06.000Z,,699.99,0,2026-04-20 13:31:22
227284891009,m46369614188,Louis Vuitton Portefeuille Sarah Empreinte Turtlereal Certified Z529,2026-04-03T04:57:24.000Z,,789.99,0,2026-04-20 13:31:22
227284891802,m47699068483,Louis Vuitton Monogram Reverse Wallet 12x9.5cm Brown Good Condition,2026-04-03T04:58:56.000Z,,589.99,0,2026-04-20 13:31:22
227284893139,m52750389441,Louis Vuitton Zippy Wallet Rose Ballerine Long Wallet,2026-04-03T05:01:03.000Z,,449.99,0,2026-04-20 13:31:22
227284895523,m60437687294,Louis Vuitton Monogram Empreinte Zippy Wallet 19.5cm Leather Noir Mint Box,2026-04-03T05:03:52.000Z,,799.99,0,2026-04-20 13:31:22
227284897582,m61583511125,Louis Vuitton Monogram Folded Wallet Portefeuille Juliette Compact Wallet,2026-04-03T05:05:11.000Z,,529.99,0,2026-04-20 13:31:22
227284898653,m61800476408,Louis Vuitton Zippy Wallet 19.5cm Epi Turquoise Blue SSS Condition - No,2026-04-03T05:05:30.000Z,,559.99,0,2026-04-20 13:31:22
227284899416,m61926829514,VUITTON Beige Long Wallet Mahina Zippy Wallet Galerie,2026-04-03T05:05:45.000Z,,759.99,0,2026-04-20 13:31:22
227284900631,m62269041798,Louis Vuitton Portefeuille Louis Wallet 8.5x11.5cm Monogram Flower White Used,2026-04-03T05:06:09.000Z,,699.99,0,2026-04-20 13:31:22
227284901994,m62723093797,Louis Vuitton Monogram Mackassa Zippy Wallet 11x19.5cm Brown Black SA Box Strap,2026-04-03T05:06:35.000Z,,629.99,0,2026-04-20 13:31:22
227284904706,m63724160173,Louis Vuitton Portefeuille Ascot Long Wallet Brown Damier N63171 New Condition,2026-04-03T05:07:29.000Z,,529.99,0,2026-04-20 13:31:22
227284906862,m63973655854,Louis Vuitton Monogram Jungle Zippy Wallet 19.5cm Canvas Brown Good Condition,2026-04-03T05:08:06.000Z,,749.99,2,2026-04-20 13:31:22
227284908815,m64175261708,Louis Vuitton Portefeuille Clemence Fuchsia Zippy Wallet Brown,2026-04-03T05:08:51.000Z,,389.99,0,2026-04-20 13:31:22
227284911588,m65313377873,Louis Vuitton Portefeuille Black Smooth Calf Leather Compact Wallet Box,2026-04-03T05:10:00.000Z,,529.99,0,2026-04-20 13:31:22
227284912722,m65567733310,Louis Vuitton Portefeuille Wallet 2-fold Beige Leather Camel Embossed Good Box,2026-04-03T05:10:36.000Z,,529.99,0,2026-04-20 13:31:22
227284915419,m66249770686,Louis Vuitton Folding Wallet,2026-04-03T05:11:36.000Z,,579.99,0,2026-04-20 13:31:22
227284916355,m66367649779,Louis Vuitton Portefeuille Twist M67510 Beige Good Condition + Dust Bag,2026-04-03T05:11:54.000Z,,689.99,0,2026-04-20 13:31:22
227284917559,m66812020132,Louis Vuitton Zippy Wallet M41895 Monogram Long Wallet Fuchsia,2026-04-03T05:12:21.000Z,,529.99,0,2026-04-20 13:31:22
227284918985,m67577792519,Louis Vuitton Zippy Wallet 2025 Cocorico Unused With Accessories,2026-04-03T05:13:00.000Z,,799.99,0,2026-04-20 13:31:22
227284919753,m68084158949,Louis Vuitton Portefeuille Kimono Wallet 2021 Leather Red Brown IC Chip Mint,2026-04-03T05:13:18.000Z,,529.99,1,2026-04-20 13:31:22
227284920841,m68405968452,Louis Vuitton Dauphine Monogram Wallet 9x12cm Leather Brown Used,2026-04-03T05:14:03.000Z,,529.99,0,2026-04-20 13:31:22
227284921179,m68505019687,Louis Vuitton Monogram Embossed Leather Zippy Wallet Taupe,2026-04-03T05:14:26.000Z,,539.99,0,2026-04-20 13:31:22
227284921312,m68530219265,Louis Vuitton Wallet Damier Folded Wallet Stamp SP0046,2026-04-03T05:14:44.000Z,,529.99,0,2026-04-20 13:31:22
227284921465,m68527035228,Louis Vuitton Portefeuille Brazza Wallet 10cm Leather Orange Monogram Excellent,2026-04-03T05:15:03.000Z,,819.99,0,2026-04-20 13:31:22
227284923625,m69374281488,Louis Vuitton Zippy Wallet Bi-Color Long Wallet Monogram Beige Good Condition,2026-04-03T05:17:26.000Z,,529.99,0,2026-04-20 13:31:22
227284923818,m69812916505,Louis Vuitton Embossed Long Wallet Black,2026-04-03T05:17:46.000Z,,439.99,0,2026-04-20 13:31:22
227284924402,m70647133127,Louis Vuitton Monogram Wallet Leather Dark Brown Charm Box Bag,2026-04-03T05:18:31.000Z,,569.99,0,2026-04-20 13:31:22
227284924533,m70682916149,Louis Vuitton Christopher Nemeth Organizer Graphite Canvas Excellent,2026-04-03T05:18:47.000Z,,529.99,0,2026-04-20 13:31:22
227284924640,m71206241835,Louis Vuitton Zippy Wallet 10.5x19.5cm Monogram Leather Beige Excellent,2026-04-03T05:19:03.000Z,,719.99,0,2026-04-20 13:31:22
227284924719,m71374533307,Louis Vuitton Zippy Wallet Long Size Leather Red Leopard Limited Excellent Box,2026-04-03T05:19:18.000Z,,529.99,0,2026-04-20 13:31:22
227284924875,m71688607758,Louis Vuitton Multicolore Black 10cmx11cm Canvas w/ Accessories Excellent,2026-04-03T05:19:37.000Z,,529.99,0,2026-04-20 13:31:22
227284925168,m71786242679,Louis Vuitton Monogram Empreinte Clemence Wallet Black Zip Long Boxed Mint,2026-04-03T05:20:06.000Z,,529.99,0,2026-04-20 13:31:22
227284925352,m71981877296,Louis Vuitton Monogram Tri-Fold Wallet 10.9cm Leather Brown Women's New,2026-04-03T05:20:24.000Z,,609.99,0,2026-04-20 13:31:22
227284925822,m72090976551,"Louis Vuitton Wallet Monogram Bi-Fold Excellent Condition, No Box",2026-04-03T05:20:50.000Z,,709.99,0,2026-04-20 13:31:22
227284927544,m72981124023,Louis Vuitton Porte-Documents Multiple,2026-04-03T05:21:28.000Z,,579.99,0,2026-04-20 13:31:22
227284928081,m73193896810,Louis Vuitton Monogram Wallet Size N/A Leather Brown Unused Box Dustbag,2026-04-03T05:21:46.000Z,,609.99,0,2026-04-20 13:31:22
227284928593,m73475471662,Louis Vuitton Monogram Eclipse Discovery Compact Wallet,2026-04-03T05:22:10.000Z,,599.99,0,2026-04-20 13:31:22
227284928910,m73787599489,Louis Vuitton Tyga Porte-Feuille Multiple 9cm Calfskin Blue Marine Used Box,2026-04-03T05:22:37.000Z,,569.99,0,2026-04-20 13:31:22
227284929172,m74095991973,Louis Vuitton Monogram Long Wallet,2026-04-03T05:23:09.000Z,,529.99,0,2026-04-20 13:31:22
227284929464,m74197931228,Louis Vuitton Wallet Super Condition Authentic,2026-04-03T05:23:51.000Z,,649.99,0,2026-04-20 13:31:22
227284929628,m74335992367,Louis Vuitton Zippy Wallet M81226 11cm Denim Blue Monogram Excellent Cond. Box,2026-04-03T05:24:17.000Z,,789.99,0,2026-04-20 13:31:22
227284929898,m74412415829,Louis Vuitton Portefeuille Compact Leather Pink Japan Limited Wallet,2026-04-03T05:24:59.000Z,,539.99,0,2026-04-20 13:31:22
227284930353,m74927802677,Louis Vuitton Bicolor Monogram Empreinte Portefeuille Sarah,2026-04-03T05:25:35.000Z,,569.99,0,2026-04-20 13:31:22
227284930647,m75396700777,Louis Vuitton Portefeuille Sarahh 10.5cm Damier Brown Gold Unisex Mint Box,2026-04-03T05:26:13.000Z,,439.99,0,2026-04-20 13:31:22
227284930774,m75924642893,Louis Vuitton Damier Azur Wallet Ivory Gray Canvas Box Dust Bag VGC,2026-04-03T05:26:31.000Z,,529.99,0,2026-04-20 13:31:22
227284931917,m76712837664,Louis Vuitton Mahina Iris Large Leather Purple Excellent No Accessories,2026-04-03T05:27:09.000Z,,729.99,0,2026-04-20 13:31:22
227284933001,m76811214396,Louis Vuitton Sweet Monogram Zippy Wallet Long Wallet M90123,2026-04-03T05:27:35.000Z,,529.99,0,2026-04-20 13:31:22
227284934557,m77253302352,LOUIS VUITTON Long Wallet Zippy Wallet,2026-04-03T05:28:14.000Z,,709.99,0,2026-04-20 13:31:22
227284934875,m34059785172,CHANEL AP0231 Lambskin Wallet Black Tri-Fold Quilted with CC Logo,2026-04-03T05:28:21.000Z,,719.99,1,2026-04-20 13:31:22
227284935291,m77532088942,Louis Vuitton Portefeuille Twist M62008 Epi/Noir Wallet Excellent Condition,2026-04-03T05:29:03.000Z,,729.99,0,2026-04-20 13:31:22
227284935345,m77777697552,Louis Vuitton Portefeuille Victorine M64577,2026-04-03T05:29:13.000Z,,419.99,0,2026-04-20 13:31:22
227284935432,m77783973423,Louis Vuitton Aerogram Portefeuille Brazza Wallet,2026-04-03T05:29:28.000Z,,569.99,0,2026-04-20 13:31:22
227284935497,m78283808714,Louis Vuitton Monogram Empreinte Zippy Wallet Black,2026-04-03T05:29:38.000Z,,889.99,0,2026-04-20 13:31:22
227284935697,m78776022922,Louis Vuitton Monogram Empreinte Zippy Wallet 19.5cm Black Excellent Box,2026-04-03T05:30:06.000Z,,849.99,0,2026-04-20 13:31:22
227284935984,m79017404546,Louis Vuitton Monogram Bicolor Zippy Wallet Long Wallet,2026-04-03T05:30:34.000Z,,629.99,0,2026-04-20 13:31:22
227284936146,m79104781558,Louis Vuitton Zippy Wallet 10.5x19.5cm Monogram Canvas Black/Red A+ Box,2026-04-03T05:30:55.000Z,,619.99,0,2026-04-20 13:31:22
227284936351,m79365713482,Louis Vuitton Lovely Bird Wallet 19cm Monogram Fuchsia Excellent Condition,2026-04-03T05:31:20.000Z,,729.99,0,2026-04-20 13:31:22
227284936762,m80417179419,Louis Vuitton Portefeuille Multiple Bi-Fold Wallet Damier N40777,2026-04-03T05:32:00.000Z,,899.99,0,2026-04-20 13:31:22
227284936894,m48605409055,Louis Vuitton Monogram Long Wallet,2026-04-03T05:32:09.000Z,,529.99,0,2026-04-20 13:31:22
227284937715,m80822169917,Louis Vuitton Epi Portefeuille Sarahh 19cm Leather Fuchsia Mint w/ Dust Bag...,2026-04-03T05:32:54.000Z,,729.99,0,2026-04-20 13:31:22
227284937946,m81151443342,Limited Time Only: Louis Vuitton Portefeuille Sarah Damier Authentic Guaranteed,2026-04-03T05:33:21.000Z,,699.99,0,2026-04-20 13:31:22
227284938537,m59838812368,Louis Vuitton Vernis Zippy Wallet Gummy Apple New 2023 Limited Edition,2026-04-03T05:34:18.000Z,,529.99,3,2026-04-20 13:31:22
227284939226,m82611840113,Current Model ◆ Unused Condition ◆ LOUIS VUITTON Margot Wallet Amprant,2026-04-03T05:35:02.000Z,,809.99,0,2026-04-20 13:31:22
227284939705,m83041967860,Louis Vuitton Zippy Coin Purse 11x8.5cm Calf Leather Brown LV Logo Pre-owned,2026-04-03T05:35:45.000Z,,639.99,0,2026-04-20 13:31:22
227284939847,m83383053960,Louis Vuitton Portefeuille Sara Empreinte Turtle Trail Genuine Product Z529,2026-04-03T05:36:09.000Z,,759.99,0,2026-04-20 13:31:22
227284939974,m83817225978,Louis Vuitton Monogram Canvas Brown 2-Fold Wallet Gold Hardware Boxed,2026-04-03T05:36:31.000Z,,819.99,0,2026-04-20 13:31:22
227284940018,m83931778317,Louis Vuitton [New and Unused] Long Wallet,2026-04-03T05:36:39.000Z,,729.99,0,2026-04-20 13:31:22
227284940148,m84078529373,Louis Vuitton Portefeuille Brazza Wallet 19cm PVC Brown Monogram Excellent Box,2026-04-03T05:36:59.000Z,,529.99,0,2026-04-20 13:31:22
227284940178,m84153200213,Louis Vuitton Monogram Portefeuille Sarah 19cm Wallet Vison AA with Box & Dust,2026-04-03T05:37:03.000Z,,579.99,0,2026-04-20 13:31:22
227284940710,m84297635272,Louis Vuitton Portefeuille Clemence,2026-04-03T05:37:26.000Z,,529.99,0,2026-04-20 13:31:22
227284940854,m84299331960,Louis Vuitton Monogram Empreinte Portefeuille Sarahh 10x19cm Beige Leather...,2026-04-03T05:37:32.000Z,,699.99,0,2026-04-20 13:31:22
227284941156,m84478792412,Louis Vuitton Monogram Multicolore Wallet Leather White Excellent No Accessories,2026-04-03T05:37:45.000Z,,739.99,0,2026-04-20 13:31:22
227284941553,m84611533183,Louis Vuitton Monogram Zippy Wallet 20cm Dark Navy A Condition Box Accessories,2026-04-03T05:38:22.000Z,,529.99,0,2026-04-20 13:31:22
227284941596,m84646539444,Louis Vuitton Compact Zip Wallet Monogram MT044 M61667,2026-04-03T05:38:30.000Z,,439.99,0,2026-04-20 13:31:22
227284941688,m84724568692,Louis Vuitton Portefeuille Metis 11x9cm Monogram Leather Cream Good Condition,2026-04-03T05:38:47.000Z,,529.99,0,2026-04-20 13:31:22
227284941872,m85044017179,Louis Vuitton Monogram Wallet M60531 Brown Long Wallet Great Condition,2026-04-03T05:39:19.000Z,,529.99,0,2026-04-20 13:31:22
227284941925,m85061928932,Louis Vuitton Portefeuille Comet Long Wallet RFID #169,2026-04-03T05:39:23.000Z,,449.99,0,2026-04-20 13:31:22
227284942211,m85576073655,Louis Vuitton Monogram Mahina Zippy Wallet Black Long Wallet,2026-04-03T05:39:52.000Z,,529.99,0,2026-04-20 13:31:22
227284942784,m85836367650,Louis Vuitton Portefeuille Zippy 9.5cm Monogram Pink New 5 Card Pockets,2026-04-03T05:40:20.000Z,,529.99,0,2026-04-20 13:31:22
227284942881,m85921240944,Louis Vuitton Monogram Reverse Zippy Wallet Clemence 9cm PVC Brown Beige Used,2026-04-03T05:40:26.000Z,,629.99,0,2026-04-20 13:31:22
227284943672,m86743040510,Louis Vuitton Portefeuille Sarahh Wallet 17.5x9cm Monogram Brown Gold Used Box,2026-04-03T05:41:03.000Z,,449.99,0,2026-04-20 13:31:22
227284944835,m87516404343,Louis Vuitton Portefeuille Victorine Wallet 12x9.2cm Calf Blue Nanogram,2026-04-03T05:41:32.000Z,,539.99,1,2026-04-20 13:31:22
227284945266,m87488718678,Louis Vuitton Taiga Wallet Black Leather New Dust Bag,2026-04-03T05:41:43.000Z,,649.99,0,2026-04-20 13:31:22
227284945755,m87649725554,Louis Vuitton Long Wallet 19cm Damier Canvas Dark Brown Gold Excellent Condition,2026-04-03T05:41:57.000Z,,529.99,0,2026-04-20 13:31:22
227284945841,m87678071543,LOUIS VUITTON Portefeuille Twist XS,2026-04-03T05:41:59.000Z,,719.99,0,2026-04-20 13:31:22
227284946329,m87854880545,Louis Vuitton Monogram Wallet Navy Black Excellent Condition with Box,2026-04-03T05:42:11.000Z,,609.99,0,2026-04-20 13:31:22
227284946464,m87880565449,LOUIS VUITTON Tri-Fold Wallet Black New Release,2026-04-03T05:42:15.000Z,,759.99,0,2026-04-20 13:31:22
227284947178,m88014547464,Louis Vuitton Portefeuille Sarahh Giant Reverse Wallet 10x19cm Brown Excellent,2026-04-03T05:42:30.000Z,,529.99,0,2026-04-20 13:31:22
227284947443,m88021120956,Louis Vuitton Portefeuille Victrine Three-Fold Wallet Epi,2026-04-03T05:42:37.000Z,,529.99,0,2026-04-20 13:31:22
227284947861,m88170722661,Final Price [Purchased from Authorized Domestic Store] Louis Vuitton Knot,2026-04-03T05:42:48.000Z,,579.99,0,2026-04-20 13:31:22
227284948727,m88777049822,Louis Vuitton Monogram Multiple Folding Wallet - Near Unused Condition,2026-04-03T05:43:12.000Z,,599.99,0,2026-04-20 13:31:22
227284950321,m36556315173,Louis Vuitton Clemence Wallet Monogram Brown Fuchsia Excellent Condition,2026-04-03T05:43:51.000Z,,529.99,0,2026-04-20 13:31:22
227284950538,m90160914868,Louis Vuitton Capucines Compact Wallet Black Taurillon Leather IC Chip,2026-04-03T05:43:59.000Z,,529.99,0,2026-04-20 13:31:22
227284951151,m90170524329,Louis Vuitton Portefeuille Victoriine M82680 Monogram Mahina Beige AB Condition,2026-04-03T05:44:10.000Z,,659.99,0,2026-04-20 13:31:22
227284951803,m90645233843,"Louis Vuitton Zippy Wallet Amarant Vernis with Box, Unused Condition",2026-04-03T05:44:28.000Z,,439.99,0,2026-04-20 13:31:22
227284951826,m90863213860,Japan Exclusive LOUIS VUITTON Porte-Feuille Rock Mini Compact Wallet,2026-04-03T05:44:29.000Z,,529.99,0,2026-04-20 13:31:22
227284952371,m91194216318,Louis Vuitton Zippy Wallet Monogram Empreinte - Visone - Excellent - Box & Dust,2026-04-03T05:44:43.000Z,,799.99,0,2026-04-20 13:31:22
227284952802,m91553773199,Louis Vuitton Monogram LV Pop Wallet Multicolor Box/Card/Ribbon Good,2026-04-03T05:44:56.000Z,,529.99,0,2026-04-20 13:31:22
227284953700,m92104620491,"Louis Vuitton Empreinte Sarah Wallet 15cm Red Leather Good Condition,",2026-04-03T05:45:18.000Z,,529.99,1,2026-04-20 13:31:22
227284955181,m92380649108,Louis Vuitton Damier Azur Portefeuille Clemence N61264 Excellent Condition,2026-04-03T05:45:37.000Z,,609.99,0,2026-04-20 13:31:22
227284956308,m92640885074,"Beautiful, Folding Wallet",2026-04-03T05:45:52.000Z,,609.99,0,2026-04-20 13:31:22
227284958456,m93499537815,Louis Vuitton M61666 Portefeuille Marco Monogram,2026-04-03T05:46:20.000Z,,889.99,0,2026-04-20 13:31:22
227284958538,m93618475631,Louis Vuitton,2026-04-03T05:46:22.000Z,,429.99,0,2026-04-20 13:31:22
227284959359,m93941584285,Louis Vuitton Pink Folded Wallet,2026-04-03T05:46:34.000Z,,419.99,0,2026-04-20 13:31:22
227284960034,m93958517146,Louis Vuitton Zippy Wallet Monogram 10.5x19.5cm Leather Yellow S - Auth.,2026-04-03T05:46:44.000Z,,529.99,0,2026-04-20 13:31:22
227284960853,m97288483025,LOUIS VUITTON Monogram Gray Bi-fold Wallet,2026-04-03T05:46:56.000Z,,789.99,0,2026-04-20 13:31:22
227284961433,m94537515691,Louis Vuitton Portefeuille Sarah Damier Authentic Guarantee Z523,2026-04-03T05:47:06.000Z,,659.99,0,2026-04-20 13:31:22
227284962096,m94672557421,Louis Vuitton Monogram Pochette Portefeuille Credit M61725,2026-04-03T05:47:15.000Z,,359.99,0,2026-04-20 13:31:22
227284962510,m94900156743,Louis Vuitton Porte-Feuille Victoriine M82640 Wallet New Leather Brown,2026-04-03T05:47:28.000Z,,559.99,0,2026-04-20 13:31:22
227284962986,m94992414811,Louis Vuitton M67510 Portefeuille Twist Long Wallet Epi Beige Gold Excellent Box,2026-04-03T05:47:39.000Z,,729.99,0,2026-04-20 13:31:22
227284963855,m69739501260,Louis Vuitton Porte feuille Sarah Wallet 10x19cm Coated Canvas Monogram,2026-04-03T05:48:07.000Z,,529.99,0,2026-04-20 13:31:22
227284964623,m97038466846,Louis Vuitton Zippy Wallet 19cm Leather Pink Multi Monogram Ecal Giant Good,2026-04-03T05:48:34.000Z,,659.99,0,2026-04-20 13:31:22
227284964752,m96916959304,Louis Vuitton Zippy Wallet M62121 19.5x10cm Leather Marine Rouge A+ Box,2026-04-03T05:48:40.000Z,,529.99,0,2026-04-20 13:31:22
227284965560,m97342211336,Louis Vuitton Portefeuille Victoire M68842 Wallet 9.5x12cm Canvas Monogram,2026-04-03T05:49:09.000Z,,759.99,0,2026-04-20 13:31:22
227284966103,m97979002709,Louis Vuitton Coin Card Holder Denim M30785 New Unused,2026-04-03T05:49:28.000Z,,629.99,0,2026-04-20 13:31:22
227284967344,m99684377326,Louis Vuitton Monogram Reverse Wallet Brown Used Box Dust Bag,2026-04-03T05:50:11.000Z,,589.99,0,2026-04-20 13:31:22
227284968535,m99927036511,Louis Vuitton Monogram Zippy Wallet Brown Long Wallet,2026-04-03T05:50:33.000Z,,419.99,0,2026-04-20 13:31:22
227284968787,2JGCjHjinB9jrLFBpBY2mu,Louis Vuitton Capucines Compact Wallet 13.5cm Trianon Black Pink Gradation N,2026-04-03T05:50:42.000Z,,739.99,0,2026-04-20 13:31:22
227284969347,2JGj5RwB2jYNRwRXpRERxC,Louis Vuitton Tri-Fold Wallet Monogram Empreinte,2026-04-03T05:51:01.000Z,,729.99,0,2026-04-20 13:31:22
227284969643,2JGj5RyneMjXSi3ibLhDPV,Louis Vuitton Coin Case Monogram Porte-Monnaie Used,2026-04-03T05:51:10.000Z,,529.99,0,2026-04-20 13:31:22
227284970292,2JGPHDfxfzZixtaZivyzLF,Louis Vuitton W Wallet Damier Portomonee Bié,2026-04-03T05:51:30.000Z,,529.99,0,2026-04-20 13:31:22
227284970415,2JH6BmuEbWqCugntZyu7pW,Louis Vuitton Victorine Wallet 9x12cm Monogram Canvas Brown with Dust Bag,2026-04-03T05:51:38.000Z,,829.99,0,2026-04-20 13:31:22
227286351716,m10465137103,Louis Vuitton Taiga Zippy Wallet Vertical Long Wallet Authentic,2026-04-04T01:21:51.000Z,,529.99,0,2026-04-20 13:31:22
227286352316,m10649467770,HERMES Scarf 90 Falconry Large Size Silk Beautiful Condition,2026-04-04T01:22:10.000Z,,749.99,0,2026-04-20 13:31:22
227286353675,m10818017821,LOEWE Slim Compact Wallet Anagram Leather Black,2026-04-04T01:22:47.000Z,,599.99,0,2026-04-20 13:31:22
227286354574,m27464589372,Card Case Porte Cartes LV Side Up,2026-04-04T01:23:02.000Z,,539.99,1,2026-04-20 13:31:22
227286355240,m11111085925,BOTTEGA VENETA Keyring Parakeet,2026-04-04T01:24:15.000Z,,429.99,0,2026-04-20 13:31:22
227286356620,m11809051440,Today's Only Louis Vuitton Portefeuille Sarah Damier Authentic Guarantee Z523,2026-04-04T01:25:27.000Z,,739.99,0,2026-04-20 13:31:22
227286356814,m11880546308,Louis Vuitton Porte-Feuille Clemence Monogram Fuchsia,2026-04-04T01:25:48.000Z,,419.99,0,2026-04-20 13:31:22
227286361623,m13912698919,HERMES Calvi Duo Coin Case Card Wallet Unused Storage,2026-04-04T01:31:26.000Z,,769.99,0,2026-04-20 13:31:22
227286362207,m14807079998,Hermès Carré 90 Concerto Scarf 100% Silk Music with Box,2026-04-04T01:32:07.000Z,,679.99,0,2026-04-20 13:31:22
227286362480,m15010471869,Louis Vuitton Damier Graphite Portefeuille Brazas Folded Wallet Authentic,2026-04-04T01:32:28.000Z,,529.99,0,2026-04-20 13:31:22
227286362775,m15395763912,Gucci GG Matelassé Long Wallet 723794 Black in Excellent Condition,2026-04-04T01:32:50.000Z,,529.99,0,2026-04-20 13:31:22
227286363109,vpVLhJBRDYqb8UucJQ92fP,Louis Vuitton Taiga Organizer de Poche Card Case Silver M30837 RFID Verified,2026-04-04T01:33:25.000Z,,539.99,0,2026-04-20 13:31:22
227286382628,m91402553125,Louis Vuitton Monogram Empreinte Pouch Coin Case Black,2026-04-04T01:55:10.000Z,,529.99,1,2026-04-20 13:31:22
227286382938,2JJQdGhpGTEyDYyqQhekZX,E4852 Louis Vuitton Stole Monogram Tie-Dye MP3022 Wool Silk,2026-04-04T01:55:42.000Z,,649.99,0,2026-04-20 13:31:22
227286383606,2JMdEb9JBortg7z5zgtX4k,LOUIS VUITTON Monogram Cashmere Silk Scarf Shawl Large,2026-04-04T01:56:38.000Z,,589.99,0,2026-04-20 13:31:22
227286384096,m26854165339,New with Tag ☆ LOEWE Fur Large Stole Anagram Logo Shawl Excellent Condition,2026-04-04T01:57:45.000Z,,479.99,0,2026-04-20 13:31:22
227286385304,m27103846072,Hermès Scarf carré 70,2026-04-04T01:58:57.000Z,,869.99,0,2026-04-20 13:31:22
227286385527,m27154923116,BURBERRY London Stole New with Tag,2026-04-04T01:59:14.000Z,,439.99,0,2026-04-20 13:31:22
227286385744,m27224184389,Louis Vuitton Epi Black Portefeuille Plaza,2026-04-04T01:59:33.000Z,,529.99,0,2026-04-20 13:31:22
227286386074,m27269567240,Louis Vuitton Portfolio Sarah Tuileries Brown Long Wallet,2026-04-04T01:59:54.000Z,,529.99,0,2026-04-20 13:31:22
227286386671,m27448490923,CELINE Compact Wallet Triomphe Charm Two-Fold Wallet,2026-04-04T02:00:38.000Z,,659.99,0,2026-04-20 13:31:22
227286386869,m27497811805,HERMES Carre 90 Horse Racing Croquis Scarf Beige,2026-04-04T02:00:59.000Z,,399.99,1,2026-04-20 13:31:22
227286387199,2JPJsoeWWzVmAmqxLGyQGT,LOUIS VUITTON Monogram Eclipse Coin Card Holder Taiga Ram Fragment Case USED,2026-04-04T02:01:31.000Z,,409.99,0,2026-04-20 13:31:22
227286387668,m27601644437,Final Price Louis Vuitton New Type Empreinte Zippy Wallet Black,2026-04-04T02:02:13.000Z,,429.99,0,2026-04-20 13:31:22
227286387841,m27650295014,GUCCI Long Wallet,2026-04-04T02:02:27.000Z,,529.99,0,2026-04-20 13:31:22
227286388115,m27683679971,Louis Vuitton Epi Zippy Wallet,2026-04-04T02:02:43.000Z,,529.99,0,2026-04-20 13:31:22
227286388449,m27687319625,LOEWE Trifold Wallet Gray,2026-04-04T02:03:07.000Z,,529.99,0,2026-04-20 13:31:22
227286388518,m27729811100,REID Louis Vuitton Lock Me Coin Case Coin Purse,2026-04-04T02:03:20.000Z,,409.99,0,2026-04-20 13:31:22
227286463879,m42766112433,Louis Vuitton Portefeuille Sarah Monogram Retiro Bi-fold Excellent Condition,2026-04-04T03:41:12.000Z,,389.99,1,2026-04-20 13:31:22
227286464247,m46969859040,Louis Vuitton Zippy Wallet Long Wallet M60017 Authentic Excellent Condition,2026-04-04T03:41:44.000Z,,409.99,0,2026-04-20 13:31:22
227286464375,m37776415018,"HERMÈS Bastia Coin Case 3.9"" Leather Black Noir New w/ Box & Shopper",2026-04-04T03:42:00.000Z,,529.99,0,2026-04-20 13:31:22
227286464665,m38105718175,HERMÈS Winged Horse Legend Carré 90 Scarf New With Box and Bag,2026-04-04T03:42:49.000Z,,859.99,0,2026-04-20 13:31:22
227286465182,m60040224889,Louis Vuitton Portefeuille Capucines Wallet Long Wallet Black Flap,2026-04-04T03:44:03.000Z,,529.99,0,2026-04-20 13:31:22
227286465348,m38296947526,Louis Vuitton Clemence Wallet 19cm Rose Poudré Monogram Excellent Box Dustbag,2026-04-04T03:44:26.000Z,,529.99,0,2026-04-20 13:31:22
227286465500,m38636327548,NEW HERMES Aline Silk-in Mini Coin Case Gris Pantin,2026-04-04T03:44:45.000Z,,649.99,0,2026-04-20 13:31:22
227286465689,m38621834224,HERMES H Series Box Calf Card Case,2026-04-04T03:45:05.000Z,,889.99,0,2026-04-20 13:31:22
227286465982,m64096396239,Louis Vuitton Monogram Fuchsia Zippy Clemence Long Wallet,2026-04-04T03:45:32.000Z,,419.99,0,2026-04-20 13:31:22
227286466098,m65824431909,Louis Vuitton Long Wallet M81573 Trianon Zippy Vertical,2026-04-04T03:45:53.000Z,,529.99,0,2026-04-20 13:31:22
227286466579,m75394302909,Louis Vuitton Portefeuille Sarah,2026-04-04T03:46:51.000Z,,419.99,0,2026-04-20 13:31:22
227286466988,m77179633712,Unused Louis Vuitton Epi Zippy Wallet Long Wallet Sky Blue,2026-04-04T03:47:12.000Z,,529.99,0,2026-04-20 13:31:22
227286468532,m80617383414,Louis Vuitton Portefeuille Clemence Long Wallet Bicolor Round Zipper,2026-04-04T03:47:52.000Z,,729.99,0,2026-04-20 13:31:22
227286469010,m80822324923,Louis Vuitton M93800 Long Wallet Portefeuille Tannone Monogram Macasar,2026-04-04T03:48:13.000Z,,529.99,0,2026-04-20 13:31:22
227286470015,m88074383171,LOUIS VUITTON Turquoise Three-Fold Wallet Tigram,2026-04-04T03:49:34.000Z,,439.99,0,2026-04-20 13:31:22
227286470495,m93217679778,Limited Time Offer: Louis Vuitton Portefeuille Sarah Metis Authentic Z525,2026-04-04T03:50:32.000Z,,829.99,0,2026-04-20 13:31:22
227286470689,m95373276371,Louis Vuitton Monogram Retiro Zippy Wallet Black,2026-04-04T03:50:55.000Z,,549.99,0,2026-04-20 13:31:22
227286471110,m95646296487,Louis Vuitton Monogram Empreinte Portefeuille Sarah Long Wallet Black,2026-04-04T03:51:18.000Z,,529.99,0,2026-04-20 13:31:22
227286471870,m97406814045,Louis Vuitton Lock Me Zippy Wallet Long Wallet Pink,2026-04-04T03:51:39.000Z,,529.99,0,2026-04-20 13:31:22
227286472374,m39964893191,Hermès Carré 90 Decoupage Paper Cut-Out,2026-04-04T03:51:59.000Z,,409.99,0,2026-04-20 13:31:22
227286472556,m40049357554,GUCCI × BALENCIAGA Hacker Fragment Case Card Case,2026-04-04T03:52:16.000Z,,529.99,0,2026-04-20 13:31:22
227286472688,m40149864853,PRADA Long Wallet,2026-04-04T03:52:30.000Z,,289.99,0,2026-04-20 13:31:22
227286472909,2JH6BmzhBuiAwV8XuuU5oR,Louis Vuitton Victoriine Wallet 9x12cm Monogram Brown Pink Excellent Bag,2026-04-04T03:53:02.000Z,,849.99,0,2026-04-20 13:31:22
227286473278,m40574216222,HERMES Stole Space Derby Silk Black Box,2026-04-04T03:53:39.000Z,,779.99,0,2026-04-20 13:31:22
227286473434,m40683259075,CHANEL Matelasse Wallet Caviar Black Coco Flap AB Condition,2026-04-04T03:54:02.000Z,,629.99,3,2026-04-20 13:31:22
227286473690,2JHHARYMjiVGeeKFQCpP4X,Louis Vuitton Taiga Rama Compact Wallet PVC White Silver 美品,2026-04-04T03:54:26.000Z,,529.99,0,2026-04-20 13:31:22
227286474039,2JJj6Na7zcAWDQvAbSjtH7,LOUIS VUITTON Portefeuille Marco Folding Wallet Monogram Canvas M61675 Brown,2026-04-04T03:55:20.000Z,,689.99,0,2026-04-20 13:31:22
227286474241,2JKTPU5VvbzsuqXmEcuvap,Louis Vuitton Porte Monnaie Compact Wallet M25698 Monogram Canvas Pink,2026-04-04T03:55:48.000Z,,799.99,0,2026-04-20 13:31:22
227286474787,2JLMhSdP9vG2dc6uu2cVhk,Louis Vuitton Monogram Zippy Coin Purse RFID with Inner Pocket,2026-04-04T03:56:44.000Z,,849.99,0,2026-04-20 13:31:22
227286475741,2JLmJrqEyUrNfrLbgeVw4s,Louis Vuitton Monogram Empreinte Wallet 12x9.3cm Pink A+ Accessories,2026-04-04T03:57:16.000Z,,529.99,0,2026-04-20 13:31:22
227286477246,2JLp4LXCYNYHzSoFTKy4Bb,Louis Vuitton Portefeuille Victoriine M62472 12cm Grain Leather Brown Gold,2026-04-04T03:58:17.000Z,,689.99,0,2026-04-20 13:31:22
227286478167,2JMTaMzPPhqgeM7SuJcWtz,Louis Vuitton Monogram Porte-Feuille Multiple Wallet M60895 11.5cm Brown,2026-04-04T03:59:15.000Z,,529.99,0,2026-04-20 13:31:22
227286479562,2JMTZ5XERkZok3rpytiKSd,"Louis Vuitton Portefeuille Victoire M80968 Wallet 12cm Monogram Black A+ Box,",2026-04-04T04:00:42.000Z,,759.99,0,2026-04-20 13:31:22
227286480058,2JMwQAMDbbfxcMcVvFtEkV,Louis Vuitton Current Monogram Porte-Folio Victoire Fuchsia 3-Fold Wallet,2026-04-04T04:01:15.000Z,,569.99,0,2026-04-20 13:31:22
227286482446,2JPEUmSxxWf5yPNt79gZyF,Louis Vuitton Portefeuille Lock Mini Compact Wallet M69340【74200】,2026-04-04T04:04:54.000Z,,529.99,0,2026-04-20 13:31:22
227286482567,m41888223754,Louis Vuitton Aerogram Portefeuille Braz Long Wallet Black,2026-04-04T04:05:15.000Z,,529.99,0,2026-04-20 13:31:22
227286482678,m42124733362,Hermès Bastia Leather Coin Case Wallet Unused,2026-04-04T04:05:34.000Z,,529.99,0,2026-04-20 13:31:22
227286482940,m42196543702,HERMÈS LE PARADIS DU ROY Scarf 90cm Silk Blue Pre-Owned,2026-04-04T04:05:59.000Z,,539.99,0,2026-04-20 13:31:22
227286484427,m42529259694,HERMES Calvi Duo Gold Epsom Brand New Unused,2026-04-04T04:07:27.000Z,,829.99,0,2026-04-20 13:31:22
227286484534,m42641014962,New ⭐︎ CHANEL Light Gray Card Case,2026-04-04T04:07:40.000Z,,539.99,1,2026-04-20 13:31:22
227286484745,m42666340796,HERMES Twilly Silk Two Pieces Excellent Condition,2026-04-04T04:07:59.000Z,,509.99,0,2026-04-20 13:31:22
227286485486,2JPGVHzb64bNqtybxZym8P,Louis Vuitton Portefeuille Marco NM M62288 Monogram Leather Compact Wallet,2026-04-04T04:08:37.000Z,,689.99,0,2026-04-20 13:31:22
227286485872,2JPKmUvrthk4eLcrE2NxgW,Louis Vuitton Compact Trifold Wallet Portefeuille Capucines Leather RFID Used,2026-04-04T04:09:41.000Z,,669.99,0,2026-04-20 13:31:22
227286486291,8CaZEap9SbdAeSKcgJWu63,Louis Vuitton Coin Case Monogram Multicolor LV × TM Porte-Monnaie Rosalie,2026-04-04T04:10:23.000Z,,879.99,0,2026-04-20 13:31:22
227286486705,m43047484189,Hermès Bastia Coin Case Black Box Calf,2026-04-04T04:10:38.000Z,,719.99,0,2026-04-20 13:31:22
227286487374,m43101954980,CHANEL Matelasse Brilliant Long Wallet Black Zip Excellent,2026-04-04T04:10:59.000Z,,529.99,0,2026-04-20 13:31:22
227286487554,m43125555367,"HERMÈS Carré 90 88.5cm Silk Multicolor ""Legendary Harness"" New, Accessories",2026-04-04T04:11:16.000Z,,899.99,0,2026-04-20 13:31:22
227286488630,m43445907583,Prada L-Zip Two-Fold Wallet Leather Navy 1Q48,2026-04-04T04:12:09.000Z,,529.99,0,2026-04-20 13:31:22
227286490019,m44112037992,HERMÈS Carré 90 Scarf L'Hiver en Poste 88.5cm Silk Multicolor New,2026-04-04T04:14:19.000Z,,439.99,0,2026-04-20 13:31:22
227286490568,m44306321324,Christian Dior Foldable Long Wallet,2026-04-04T04:15:08.000Z,,529.99,0,2026-04-20 13:31:22
227286491280,vq79dZ5ZoXzAQCjht4XLpF,Louis Vuitton Mini Wallet Portefeuille Lock Mini M80984 Black Beige Pink Used,2026-04-04T04:16:37.000Z,,759.99,0,2026-04-20 13:31:22
227286491341,Vuar2AutAh7kyxRLwGXZbD,Louis Vuitton Monogram Tri-fold Wallet Portefeuille,2026-04-04T04:16:51.000Z,,649.99,0,2026-04-20 13:31:22
227286491392,XBffRWouQmGs76Kjq8PYBD,Louis Vuitton Portefeuille Twist Compact Wallet 12x9cm Epi Red Excellent,2026-04-04T04:17:06.000Z,,529.99,0,2026-04-20 13:31:22
227286491481,m44868832833,Louis Vuitton Damier Azur Zippy Wallet 19.5cm Balloon Print 2011 Limited Edition,2026-04-04T04:17:22.000Z,,609.99,0,2026-04-20 13:31:22
227286491621,m45076914089,HERMÈS Carre 90 CALECHE ELASTIQUE Silk Red Navy Multi Pre-owned,2026-04-04T04:17:41.000Z,,749.99,0,2026-04-20 13:31:22
227286491811,m45304304524,"Unused Condition, Complete Accessories, Louis Vuitton, Louis Vuitton Trianon",2026-04-04T04:18:00.000Z,,529.99,0,2026-04-20 13:31:22
227286491836,m45255714760,GUCCIfolding wallet brand new unused,2026-04-04T04:18:04.000Z,,689.99,0,2026-04-20 13:31:22
227286492104,m45448096832,PRADA Long Wallet Saffiano Round Zipper Triangle Logo Black,2026-04-04T04:18:24.000Z,,529.99,0,2026-04-20 13:31:22
227286492880,m45731678662,PRADA Trick Robot Keychain Keyring Charm,2026-04-04T04:19:00.000Z,,419.99,1,2026-04-20 13:31:22
227286493534,m45888182078,HERMÈS Twilly Space Derby 86cm Silk Marine/Rose/Multicolore S Rank Box,2026-04-04T04:19:12.000Z,,609.99,0,2026-04-20 13:31:22
227286494194,m46169763584,HERMÈS Ex Libris Carre 80 Silk Scarf Black Ivory Horse Design Excellent,2026-04-04T04:19:32.000Z,,819.99,0,2026-04-20 13:31:22
227286494241,m45969518460,Louis Vuitton Eclipse Zippy Wallet Vertical Noir,2026-04-04T04:19:33.000Z,,569.99,0,2026-04-20 13:31:22
227286495554,m46316163820,Hermès Rectangle Maillon,2026-04-04T04:20:28.000Z,,849.99,0,2026-04-20 13:31:22
227286495566,m46306281531,Chanel 17S Robot Cat Charm Keychain,2026-04-04T04:20:29.000Z,,529.99,1,2026-04-20 13:31:22
227286495697,m46412483879,Certified Authentic CHANEL Camellia Long Wallet Pink Boxed Excellent Condition,2026-04-04T04:20:46.000Z,,439.99,0,2026-04-20 13:31:22
227286495713,m46330695494,CHANEL Wallet Folding Lambskin Black Coco Mark Rare Detachable Coin Case,2026-04-04T04:20:48.000Z,,839.99,0,2026-04-20 13:31:22
227286495814,m46461809132,Chanel Scarf,2026-04-04T04:21:01.000Z,,679.99,0,2026-04-20 13:31:22
227286496434,m47151054425,Excellent Condition Louis Vuitton Zippy Wallet LV Escale Pastel M69110,2026-04-04T04:21:20.000Z,,709.99,2,2026-04-20 13:31:22
227286496685,m47476111020,Louis Vuitton Monogram Vernis Wallet 19.5x10cm Yellow Yayo Kusama Mint,2026-04-04T04:21:42.000Z,,799.99,0,2026-04-20 13:31:22
227286497051,m47633131407,"HERMÈS Clic Clac 90cm Silk Blue Scarf A Condition, Stylish Accessory",2026-04-04T04:22:13.000Z,,419.99,0,2026-04-20 13:31:22
227286497338,m46513528991,Unused Gucci Guccissima Leather Long Wallet Unisex 307987,2026-04-04T04:22:34.000Z,,679.99,0,2026-04-20 13:31:22
227286497640,m46988994334,FENDI Beige Three-Fold Wallet Peekaboo Micro with Dust Bag,2026-04-04T04:23:07.000Z,,529.99,0,2026-04-20 13:31:22
227286497672,m47196793666,Loewe Long Wallet A+ Light Camel Leather Unisex Embossed Logo Accessories,2026-04-04T04:23:11.000Z,,529.99,0,2026-04-20 13:31:22
227286497762,m47248866841,Gucci Double G Wallet Black Leather Excellent with Accessories,2026-04-04T04:23:20.000Z,,539.99,0,2026-04-20 13:31:22
227286497876,m47534961365,LOEWE Puzzle Slim Wallet New unused genuine product,2026-04-04T04:23:29.000Z,,789.99,0,2026-04-20 13:31:22
227286498059,m48564201391,HERMES Shawl 90cm Silk Pastel Stripes New Excellent Spring/Summer 2021,2026-04-04T04:23:49.000Z,,679.99,0,2026-04-20 13:31:22
227286498335,m49087793102,HERMÈS Calvi Duo Compact 7.5cm Green Bi-Color New Box Ribbon,2026-04-04T04:24:05.000Z,,719.99,0,2026-04-20 13:31:22
227286498966,m49312363143,HERMÈS Carré 90 Arabesques Silk Scarf Vintage Unused 90x89cm Tags Included,2026-04-04T04:24:23.000Z,,379.99,0,2026-04-20 13:31:22
227286499305,m49674796349,Louis Vuitton Vivienne Zippy Wallet 19.5cm Monogram Multi-color S Condition Box,2026-04-04T04:24:32.000Z,,789.99,0,2026-04-20 13:31:22
227286499832,m50004388278,HERMÈS Calvi Duo 10.5x7cm Chevre Mizor Rouge H Card Case New w/ Box & Ribbon,2026-04-04T04:24:48.000Z,,729.99,0,2026-04-20 13:31:22
227286499993,m50220372202,"HERMES Carre 90 Silk Scarf Rare Place, Worn Once",2026-04-04T04:25:05.000Z,,559.99,0,2026-04-20 13:31:22
227286500099,m50548229941,"HERMÈS Carre 90 Wash Scarf, Popular Color, Authentic, Excellent",2026-04-04T04:25:20.000Z,,869.99,0,2026-04-20 13:31:22
227286500209,m50629268239,Hermès Scarf Carré 90 DONNER LA MAIN,2026-04-04T04:25:36.000Z,,779.99,0,2026-04-20 13:31:22
227286500315,m47712559996,HERMES Stole (Shawl) Excellent Condition 2025SS,2026-04-04T04:25:50.000Z,,649.99,0,2026-04-20 13:31:22
227286501530,m47775571999,CHANEL Boy Long Wallet Caviar Blue Beautiful Condition Box Included,2026-04-04T04:26:14.000Z,,859.99,1,2026-04-20 13:31:22
227286501609,m47839126767,HERMES Bearn Swift Wallet □I Stamp Dark Brown,2026-04-04T04:26:16.000Z,,529.99,0,2026-04-20 13:31:22
227286503696,m51194953387,HERMÈS Silk Carré 90 Lilanga Scarf Multicolor Great Condition No Accessories,2026-04-04T04:26:53.000Z,,619.99,0,2026-04-20 13:31:22
227286504811,m51541987318,HERMES Scarf 90 PARIDAIZA for Women Yellow,2026-04-04T04:27:17.000Z,,499.99,0,2026-04-20 13:31:22
227286505096,m51749160781,Unused Hermès Carré 90 Scarf 100% Silk,2026-04-04T04:27:52.000Z,,479.99,0,2026-04-20 13:31:22
227286505278,m48424653833,Loewe Tri-Fold Wallet Beige Embroidered Logo Accessories Excellent Condition,2026-04-04T04:28:10.000Z,,439.99,0,2026-04-20 13:31:22
227286505552,m48619128455,PRADA Saffiano Triangle Logo Folding Wallet Black,2026-04-04T04:28:36.000Z,,749.99,0,2026-04-20 13:31:22
227286505570,m48616009738,HERMÈS Paddock Coin Case 10.3cm Goat Skin Pink Horse Excellent w/ Box,2026-04-04T04:28:38.000Z,,609.99,0,2026-04-20 13:31:22
227286505769,m48661690822,HERMÈS Calvi Duo 10x7cm Epson Leather Yellow U Condition Box Tag Ribbon,2026-04-04T04:29:02.000Z,,629.99,0,2026-04-20 13:31:22
227286505829,m48679131837,Brand New PRADA Mini Wallet Saffiano Triangle Plate,2026-04-04T04:29:13.000Z,,529.99,0,2026-04-20 13:31:22
227286505960,m52110708660,HERMÈS Le Pommier Sellier Carre 90 Silk Scarf White 88.5x88.5cm New,2026-04-04T04:29:27.000Z,,809.99,0,2026-04-20 13:31:22
227286505986,m48754351470,PRADA Saffiano Multicolor Two-Fold Long Wallet with Pass Case Gray,2026-04-04T04:29:32.000Z,,529.99,0,2026-04-20 13:31:22
227286506049,m52277802818,HERMES Gavroche Carre 45 Silk Pink Orange Green Horse New Excellent,2026-04-04T04:29:44.000Z,,489.99,0,2026-04-20 13:31:22
227286506065,m48821931028,HERMES Beanie Compact 12x9cm Leather Red Silver Logo Excellent,2026-04-04T04:29:48.000Z,,549.99,0,2026-04-20 13:31:22
227286506334,m52399478231,HERMÈS Twilly Éperon D'Or 5x86cm Silk White Marine Noir New With Tags 2Set,2026-04-04T04:30:06.000Z,,859.99,0,2026-04-20 13:31:22
227286506399,m52731244735,Authentic Rare Used LV Special Order Damier Organizer Long Wallet Clutch Bag,2026-04-04T04:30:16.000Z,,799.99,1,2026-04-20 13:31:22
227286506441,m52544770962,HERMÈS Twilly BRIDES ET GRIS GRIS 85cm Silk Pink Multi Color Charm Good,2026-04-04T04:30:21.000Z,,529.99,0,2026-04-20 13:31:22
227286506448,m52976594214,Excellent Condition Long Wallet,2026-04-04T04:30:23.000Z,,659.99,0,2026-04-20 13:31:22
227286506519,m53218880255,HERMES Pleats Carré 90 Scarf Silk Orange Pattern New Box Included,2026-04-04T04:30:34.000Z,,419.99,0,2026-04-20 13:31:22
227286506607,m53221916727,Louis Vuitton Epi Zippy Wallet M61857 Round Long Wallet,2026-04-04T04:30:48.000Z,,529.99,0,2026-04-20 13:31:22
227286506619,m53456474764,Louis Vuitton Brodele Zippy Wallet 20x10cm Pink Embroidery Excellent Box,2026-04-04T04:30:54.000Z,,669.99,1,2026-04-20 13:31:22
227286506656,m53708145956,HERMES Confidents des Coeurs Carre 90 Silk Scarf Pink Green Vintage,2026-04-04T04:31:02.000Z,,459.99,0,2026-04-20 13:31:22
227286506734,m53778837321,HERMES Limited Edition Scarf Carré 90 Silk Popular Design No Accessories,2026-04-04T04:31:15.000Z,,799.99,0,2026-04-20 13:31:22
227286506842,m53956007393,Louis Vuitton Damier Graphite Zippy Dragonne Long Wallet Black,2026-04-04T04:31:23.000Z,,629.99,0,2026-04-20 13:31:22
227286506948,m54034164050,HERMÈS Carre 90 REGINA Silk Scarf Rose White Multicolor Excellent Condition,2026-04-04T04:31:27.000Z,,739.99,0,2026-04-20 13:31:22
227286507234,m54200391514,HERMES Scarf Carré 90 TROPIQUES Silk 100% - Worn Once,2026-04-04T04:31:34.000Z,,359.99,1,2026-04-20 13:31:22
227286507693,m54232064441,Louis Vuitton Monogram Macassar Zippy Dragonne Long Wallet Clutch Bag,2026-04-04T04:31:45.000Z,,799.99,0,2026-04-20 13:31:22
227286507713,m54321198831,HERMÈS Kachinas Scarf 90cm Silk Navy Multi-Color Good Condition,2026-04-04T04:31:46.000Z,,729.99,0,2026-04-20 13:31:22
227286507984,m54372404889,HERMES Scarf Carre 70 Beige Silk Used Condition,2026-04-04T04:31:53.000Z,,659.99,0,2026-04-20 13:31:22
227286508654,m54558412167,Louis Vuitton Damier Portefeuille Sarahh Long Wallet 19x10cm Brown S,2026-04-04T04:32:09.000Z,,679.99,0,2026-04-20 13:31:22
227286508697,m54681984381,Unused Louis Vuitton Epi Zippy Wallet Andigo Blue Navy Wallet,2026-04-04T04:32:10.000Z,,789.99,1,2026-04-20 13:31:22
227286509389,m55414650174,"HERMES Scarf 70 ""Flying Scarf""",2026-04-04T04:32:28.000Z,,549.99,0,2026-04-20 13:31:22
227286509790,m55672097167,HERMÈS Carré 90 Chasse au Bois 88x89cm Silk Brown/Vintage AB Boxed,2026-04-04T04:32:48.000Z,,459.99,0,2026-04-20 13:31:22
227286509792,m55647249819,Hermès Scarf,2026-04-04T04:32:49.000Z,,669.99,0,2026-04-20 13:31:22
227286510107,m56086738399,HERMES Scarf Carré 70 Beige Elegant Motif Nearly New No Accessories,2026-04-04T04:33:22.000Z,,659.99,0,2026-04-20 13:31:22
227286510253,m56295114090,Louis Vuitton Porte-Feuille Sara Long Wallet M80726 Monogram Canvas Brown Like,2026-04-04T04:33:33.000Z,,529.99,0,2026-04-20 13:31:22
227286510390,m56935123023,Louis Vuitton Monogram Long Wallet Brown/Pink,2026-04-04T04:33:50.000Z,,529.99,0,2026-04-20 13:31:22
227286510405,m57247578636,HERMES CLERC Silk Scarf Stable Motif Excellent Condition,2026-04-04T04:33:55.000Z,,619.99,0,2026-04-20 13:31:22
227286510723,m57720200738,HERMÈS ON A SUMMER DAY 90cm Silk Scarf Pastel Geometric France Used,2026-04-04T04:34:26.000Z,,489.99,1,2026-04-20 13:31:22
227286510858,m58208209037,Louis Vuitton Monogram Empreinte Round Zipper Long Wallet,2026-04-04T04:34:51.000Z,,529.99,0,2026-04-20 13:31:22
227286511151,m58364907707,HERMÈS Scarf Carré 90 Green Rare Color Excellent Condition No Accessories,2026-04-04T04:34:59.000Z,,869.99,0,2026-04-20 13:31:22
227286511462,m58648965893,HERMES vintage carré 90 scarf horse riding silk made in France,2026-04-04T04:35:10.000Z,,579.99,0,2026-04-20 13:31:22
227286511763,m59276673443,HERMÈS Carré 90 SICHUAN Silk Scarf Panda Multicolor A with Box,2026-04-04T04:35:40.000Z,,799.99,0,2026-04-20 13:31:22
227286511792,m59646007661,HERMES VIF ARGENT Silk Scarf 40cm Gold Black Ex-Libris New Box,2026-04-04T04:35:46.000Z,,499.99,0,2026-04-20 13:31:22
227286511830,m59626436707,Louis Vuitton Monogram Long Wallet Retiro Zippy Wallet Round Zip,2026-04-04T04:35:53.000Z,,529.99,0,2026-04-20 13:31:22
227286511839,m59873782537,Louis Vuitton Monogram Empreinte Zippy Wallet Brown New Box Dustbag,2026-04-04T04:35:55.000Z,,899.99,0,2026-04-20 13:31:22
227286511926,m60031439600,HERMÈS Calvi Duo Coin Case 7cm Ivory Yellow Epsom Leather Silver Used Box,2026-04-04T04:36:10.000Z,,619.99,0,2026-04-20 13:31:22
227286512064,m60647899444,Hermès Gavroche Lifelong Friends Rare Purple Purchased at Department Store,2026-04-04T04:36:16.000Z,,329.99,0,2026-04-20 13:31:22
227286512217,m72381915392,Louis Vuitton Damier Papillon Folded Wallet in Excellent Condition,2026-04-04T04:36:28.000Z,,529.99,0,2026-04-20 13:31:22
227286512231,m61163602175,HERMÈS Carré 90 Scarf Big New Boxed Multi-Color Fashion Motif,2026-04-04T04:36:29.000Z,,739.99,0,2026-04-20 13:31:22
227286512349,m61486394642,Rare Louis Vuitton Epi Long Wallet Zippy Wallet Black Pink Inside Fast Shipping,2026-04-04T04:36:48.000Z,,579.99,0,2026-04-20 13:31:22
227286512379,m61943748228,HERMÈS Larbre du Vent Scarf 90cm 100% Silk Orange New with Box,2026-04-04T04:36:53.000Z,,879.99,0,2026-04-20 13:31:22
227286512455,m62064709533,HERMÈS Twilly Schval de Coeur Bandana 5x86.5cm 100% Silk Noir/Pink New,2026-04-04T04:36:57.000Z,,469.99,0,2026-04-20 13:31:22
227286512540,m62409572859,New Unused Hermès Calvi Card Case 24ss Cute,2026-04-04T04:37:09.000Z,,589.99,0,2026-04-20 13:31:22
227286512750,m62493228354,HERMÈS Sichuan Carre 90 Pleated Silk Scarf Orange Multi AB Condition,2026-04-04T04:37:24.000Z,,479.99,0,2026-04-20 13:31:22
227286512809,m63067537484,HERMES Calvi Duo,2026-04-04T04:37:31.000Z,,879.99,0,2026-04-20 13:31:22
227286513004,m63323660137,Louis Vuitton Monogram Shadow Zippy Wallet M80423,2026-04-04T04:37:43.000Z,,529.99,0,2026-04-20 13:31:22
227286513526,m63662605176,Louis Vuitton Monogram Zippy Wallet Long Wallet IC Chip,2026-04-04T04:38:08.000Z,,529.99,0,2026-04-20 13:31:22
227286513569,m63655987508,HERMÈS Projets Carrés au Crayon 90cm Silk Brown Red Scarf A Condition,2026-04-04T04:38:12.000Z,,629.99,0,2026-04-20 13:31:22
227286513724,m63982780027,Louis Vuitton Zippy Wallet Vertical,2026-04-04T04:38:25.000Z,,639.99,0,2026-04-20 13:31:22
227286513734,m64267768368,HERMÈS Carré 90 Patisserie France Silk Scarf Multi-Color New,2026-04-04T04:38:26.000Z,,899.99,0,2026-04-20 13:31:22
227286513740,m64353317800,HERMÈS Card Case Beige Leather M Condition No Accessories,2026-04-04T04:38:27.000Z,,529.99,0,2026-04-20 13:31:22
227286514091,m65161449995,HERMES Concerto Carre 45 Silk Scarf Unused Mint,2026-04-04T04:39:00.000Z,,439.99,0,2026-04-20 13:31:22
227286514134,m65292190113,Louis Vuitton M80994 Monogram Eclipse Zippy Dragonne,2026-04-04T04:39:07.000Z,,819.99,0,2026-04-20 13:31:22
227286514167,m65615917302,HERMÈS Twilly Colliers et Chiens 85cm Silk Leather Brown Scarf Pre-Owned,2026-04-04T04:39:17.000Z,,479.99,0,2026-04-20 13:31:22
227286514174,m65477186751,Brand New LOUIS VUITTON Long Wallet Black,2026-04-04T04:39:18.000Z,,649.99,0,2026-04-20 13:31:22
227286514259,m66178945859,LOUIS VUITTON Zippy Organizer Damier Graphite,2026-04-04T04:39:35.000Z,,619.99,0,2026-04-20 13:31:22
227286514279,m66281940085,Louis Vuitton Empreinte Portefeuille Sarah Long Wallet Navy,2026-04-04T04:39:42.000Z,,449.99,0,2026-04-20 13:31:22
227286514437,m66718055520,Louis Vuitton Porte-Documents Sarah Long Wallet Monogram Empreinte Black Used,2026-04-04T04:39:59.000Z,,529.99,0,2026-04-20 13:31:22
227286514463,m66844091287,Hermès Silk Scarf Gavroche Robocabaret Horse Gray,2026-04-04T04:40:03.000Z,,509.99,0,2026-04-20 13:31:22
227286514494,m66935524882,HERMÈS Carré 70 Perles et Serpents 66x66cm Silk Green/Beige New with Tags,2026-04-04T04:40:06.000Z,,699.99,0,2026-04-20 13:31:22
227286514655,m67137512889,HERMÈS Carré 90 Silk White Harness 2026SS New Condition,2026-04-04T04:40:17.000Z,,819.99,0,2026-04-20 13:31:22
227286514672,m67068198465,HERMÈS Twilly Scarf 85cm Silk Red White Multi Unique Motif Excellent Condition,2026-04-04T04:40:19.000Z,,389.99,0,2026-04-20 13:31:22
227286514787,m67179730061,HERMÈS Robe Legere Scarf 90cm Silk Multi-Color Good Condition No Accessories,2026-04-04T04:40:25.000Z,,869.99,0,2026-04-20 13:31:22
227286514875,m67514866917,Louis Vuitton Zippy Wallet Wallet on Sale,2026-04-04T04:40:30.000Z,,529.99,0,2026-04-20 13:31:22
227286514974,m67548839913,HERMES Carre 90 Scarf Green Blue White Horse Motif Small Stain No Accs,2026-04-04T04:40:35.000Z,,699.99,0,2026-04-20 13:31:22
227286515103,m67964209208,HERMÈS HERMES SPORT 90 Silk Scarf Black Yellow Gray Rare Excellent Cond,2026-04-04T04:40:41.000Z,,459.99,0,2026-04-20 13:31:22
227286515134,m67893419165,LOUIS VUITTON Long Wallet Epi Zippy M61857,2026-04-04T04:40:44.000Z,,529.99,0,2026-04-20 13:31:22
227286515275,m68108003327,HERMÈS ETRIERS Scarf 90cm Blue Emerald Green Black A Box,2026-04-04T04:40:55.000Z,,509.99,0,2026-04-20 13:31:22
227286515284,m68268791927,Unused Louis Vuitton Monogram Long Wallet Brown × Rose Poudré RFID,2026-04-04T04:40:55.000Z,,529.99,0,2026-04-20 13:31:22
227286515333,m68444220853,Louis Vuitton Portefeuille Comet Long Wallet 11x19.5cm Voile Garé Excellent Box,2026-04-04T04:41:01.000Z,,549.99,0,2026-04-20 13:31:22
227286516094,m68876223374,HERMÈS Maison des Carrés Scarf 90 Silk Multicolor Excellent Condition,2026-04-04T04:41:16.000Z,,829.99,0,2026-04-20 13:31:22
227286516271,m69426149963,HERMÈS Scarf Carré 90 Silk Multicolor Last Snow Excellent Box,2026-04-04T04:41:25.000Z,,449.99,0,2026-04-20 13:31:22
227286516290,m68921587559,HERMÈS Scarf Carré 90 Silk Multicolor Used No Accessories,2026-04-04T04:41:26.000Z,,869.99,0,2026-04-20 13:31:22
227286516492,m69550411252,New HERMES Calvi Epsom Card Case Business Card Holder,2026-04-04T04:41:42.000Z,,559.99,0,2026-04-20 13:31:22
227286516493,m69574245881,HERMÈS Gavroche Ex Libris New Unused Silk Scarf Multicolor 2026 Purchase,2026-04-04T04:41:43.000Z,,599.99,0,2026-04-20 13:31:22
227286516521,m69818308087,Hermès Black Leather Card Case,2026-04-04T04:41:48.000Z,,529.99,0,2026-04-20 13:31:22
227286516582,m70594404896,HERMES Scarf Pink Silk Print 41cm×41cm,2026-04-04T04:42:01.000Z,,459.99,0,2026-04-20 13:31:22
227286516639,m70345975002,Authenticated Louis Vuitton Zippy Dragonne Damier Graphite Long Wallet Black,2026-04-04T04:42:04.000Z,,689.99,0,2026-04-20 13:31:22
227286516671,m70140662856,Louis Vuitton Empreinte Zippy Wallet Marine Rouge Long Wallet Monogram,2026-04-04T04:42:10.000Z,,629.99,0,2026-04-20 13:31:22
227286516681,m69577740020,HERMÈS Les Jardins d'Armenie Silk Scarf 90cm Blue Pink Green Excellent Cond.,2026-04-04T04:42:12.000Z,,729.99,1,2026-04-20 13:31:22
227286516732,m70890448383,HERMÈS Twilly Set Light Blue Used杖傘と決闘,2026-04-04T04:42:21.000Z,,599.99,0,2026-04-20 13:31:22
227286516807,m71264892890,HERMES Twilly Ex-Libris Silk Pink New with Box,2026-04-04T04:42:33.000Z,,419.99,0,2026-04-20 13:31:22
227286516824,m71103802022,HERMÈS Scarf Carré 90 Silk Excellent Multicolor Brand Logo,2026-04-04T04:42:35.000Z,,839.99,0,2026-04-20 13:31:22
227286516836,m71516782493,HERMÈS Silk Scarf 55cm Blue Horse Carriage Print Excellent Box,2026-04-04T04:42:37.000Z,,409.99,0,2026-04-20 13:31:22
227286516888,m71616999001,HERMES Twilly Ex Libris Pink Silk Unused w/Tags & Twilly Case,2026-04-04T04:42:45.000Z,,429.99,0,2026-04-20 13:31:22
227286516952,m71743774254,HERMÈS Scarf Carré 90 ASTRES et SOLEILS Silk 100% Navy Multi-Color Excellent,2026-04-04T04:42:54.000Z,,739.99,0,2026-04-20 13:31:22
227286516986,m71733335792,Louis Vuitton Steamer Wallet 20x11cm Red Black Leather Excellent Case Included,2026-04-04T04:42:59.000Z,,599.99,0,2026-04-20 13:31:22
227286517057,m72449079227,HERMÈS Pleats Carré 90 Scarf 88.5cm Silk Blue Artwork Used No Box,2026-04-04T04:43:08.000Z,,429.99,0,2026-04-20 13:31:22
227286517553,m72639718433,Louis Vuitton ÉPI ZIPPY WALLET 11x19.5x2.5cm LEATHER PINK GOOD CONDITION,2026-04-04T04:43:23.000Z,,529.99,0,2026-04-20 13:31:22
227286517679,m73099144212,Louis Vuitton Damier Long Wallet Leather Brown/Black No Accessories,2026-04-04T04:43:28.000Z,,529.99,0,2026-04-20 13:31:22
227286517753,m73342375139,Louis Vuitton Capucines Black Price Reduction,2026-04-04T04:43:41.000Z,,649.99,1,2026-04-20 13:31:22
227286517760,m73563075740,HERMÈS Scarf 90cm Silk Purple Cream Geometric Excellent Box Tag,2026-04-04T04:43:42.000Z,,539.99,0,2026-04-20 13:31:22
227286517855,m74581266893,HERMES Twilly Ex-Libris Gris/Orange Silk Mint w/Box & Shopper,2026-04-04T04:43:57.000Z,,429.99,0,2026-04-20 13:31:22
227286517937,m74758845459,"HERMÈS Academia Hippica 90cm 100% Silk White/Multi New w/ Box, Ribbon",2026-04-04T04:44:06.000Z,,759.99,0,2026-04-20 13:31:22
227286517990,m75229291517,Louis Vuitton Long Wallet Organizer Monogram Upside Down,2026-04-04T04:44:13.000Z,,819.99,0,2026-04-20 13:31:22
227286518004,m75287610675,Louis Vuitton LV Aerogram Zippy Dragonne Long Wallet,2026-04-04T04:44:15.000Z,,639.99,0,2026-04-20 13:31:22
227286518034,m75351011668,"HERMES Calvi Duo Card Case New, Unused, Below Retail Price",2026-04-04T04:44:19.000Z,,879.99,0,2026-04-20 13:31:22
227286518042,m75382096515,HERMÈS Carre 90 Silk Scarf 90x87cm Black Classic Horse Print Vintage,2026-04-04T04:44:21.000Z,,459.99,0,2026-04-20 13:31:22
227286518120,m75772462432,Louis Vuitton Portefeuille Long Wallet Black Epi Leather Metal LV Logo Excellent,2026-04-04T04:44:32.000Z,,569.99,0,2026-04-20 13:31:22
227286518148,m76067235240,Louis Vuitton Zippy Wallet 19.5x10.5cm Epi Black Pink Rare Excellent No,2026-04-04T04:44:39.000Z,,529.99,0,2026-04-20 13:31:22
227286518157,m76133206743,HERMÈS Poisson Card Holder 9.5x6.2cm Sheepskin Blue Green Unused Box,2026-04-04T04:44:40.000Z,,529.99,0,2026-04-20 13:31:22
227286518231,m76507964047,HERMÈS Chaîne d'Ancre Scarf Ring 3.5x5.5cm Silver New Box Accessories,2026-04-04T04:44:56.000Z,,489.99,0,2026-04-20 13:31:22
227286518249,m77076631677,HERMÈS Béarn Card Case - Blue Jean - Voeu Epsom - Excellent Condition,2026-04-04T04:44:58.000Z,,719.99,0,2026-04-20 13:31:22
227286518252,m76484638436,Louis Vuitton Taigarama Zippy Wallet Vertical M30446,2026-04-04T04:44:59.000Z,,529.99,0,2026-04-20 13:31:22
227286518272,m77259484284,HERMES Ancient Egypt Carre 90 Silk Blue Scarab Eagle Unused with Box,2026-04-04T04:45:03.000Z,,409.99,0,2026-04-20 13:31:22
227286518277,m77383735880,HERMÈS Jungle Love 175x145 Scarf Shawl Cotton Green Excellent Boxed,2026-04-04T04:45:03.000Z,,759.99,0,2026-04-20 13:31:22
227286518323,m77401832085,HERMES L'Art Indien des Plaines 90 90 Silk Pink Horse Excellent,2026-04-04T04:45:11.000Z,,459.99,0,2026-04-20 13:31:22
227286518358,m77406155623,HERMES Carré 90 PLEASE CHECK-IN,2026-04-04T04:45:14.000Z,,569.99,1,2026-04-20 13:31:22
227286518396,m77511429786,Louis Vuitton Envelope Card Case 10x8cm Leather Brown N62920 Pre-Owned,2026-04-04T04:45:20.000Z,,419.99,1,2026-04-20 13:31:22
227286518428,m77563294437,New Type Louis Vuitton Jacquard Zippy Wallet Long Wallet Blue,2026-04-04T04:45:23.000Z,,829.99,0,2026-04-20 13:31:22
227286518436,m77544506549,HERMES Scarf Carre 90 Éperon d'Or Golden Spurs Silk,2026-04-04T04:45:23.000Z,,469.99,0,2026-04-20 13:31:22
227286518517,m77844390601,Limited Louis Vuitton Portefeuille Braz NM Damier Pop Long Wallet with Box,2026-04-04T04:45:35.000Z,,749.99,0,2026-04-20 13:31:22
227286518533,m77917386456,Louis Vuitton LV Aerogram Portefeuille Braz NM Long Wallet M81811,2026-04-04T04:45:38.000Z,,529.99,0,2026-04-20 13:31:22
227286518583,m78284254417,HERMES Carre 90 Silk LES TAMBOURS Tambour Drums,2026-04-04T04:45:46.000Z,,799.99,0,2026-04-20 13:31:22
227286518651,m78720507335,New Louis Vuitton Cussan Zippy Wallet Round Zip Black,2026-04-04T04:45:55.000Z,,909.99,0,2026-04-20 13:31:22
227286518766,m78602550357,Louis Vuitton Monogram Portefeuille New Type Sara M62234 Coccinelle,2026-04-04T04:46:04.000Z,,429.99,0,2026-04-20 13:31:22
227286518791,m78818635959,Louis Vuitton M81743 Aerogram Zippy Wallet Long Wallet Noir,2026-04-04T04:46:07.000Z,,529.99,0,2026-04-20 13:31:22
227286518827,m78891382124,Louis Vuitton Organizer Do Posh Room With a View,2026-04-04T04:46:10.000Z,,799.99,0,2026-04-20 13:31:22
227286518852,m79048995231,HERMÈS Mysore Goatskin Card Case 10cm x 7cm Good Condition w/ Box,2026-04-04T04:46:12.000Z,,649.99,0,2026-04-20 13:31:22
227286518867,m79077871658,HERMÈS Rectangle Scarf 88x176cm Silk Charmers des Plages Normand New,2026-04-04T04:46:13.000Z,,629.99,0,2026-04-20 13:31:22
227286518935,m79628250106,HERMÈS Carré 90 Scarf 88cm Silk White VIF ARGENT Silver Drops Excellent,2026-04-04T04:46:20.000Z,,659.99,0,2026-04-20 13:31:22
227286518937,m79364646327,HERMÈS Les Capucines Scarf 42cm Silk Navy Multicolor Floral Excellent Cond,2026-04-04T04:46:20.000Z,,729.99,0,2026-04-20 13:31:22
227286518990,m79583564734,HERMÈS Carré 70 Scarf Brown/White/Green Silk Excellent Condition No Accessories,2026-04-04T04:46:24.000Z,,709.99,0,2026-04-20 13:31:22
227286519053,m79715803764,Louis Vuitton Zippy Wallet Vertical M62295 IC Chip,2026-04-04T04:46:29.000Z,,629.99,0,2026-04-20 13:31:22
227286519069,m79810413312,Unused Extremely Beautiful! Louis Vuitton Zippy Dragonne Damier Graphite Long,2026-04-04T04:46:31.000Z,,839.99,0,2026-04-20 13:31:22
227286519084,m79713967526,HERMÈS Les Legendes de L'Arbre Silk Scarf 88cm Multicolor Excellent Condition,2026-04-04T04:46:32.000Z,,749.99,0,2026-04-20 13:31:22
227286519087,m79907401657,Louis Vuitton Monogram Wallet Long Wallet Men’s Women’s,2026-04-04T04:46:32.000Z,,599.99,0,2026-04-20 13:31:22
227286519124,m79976999382,Used Hermès Rodeo Charm,2026-04-04T04:46:36.000Z,,729.99,0,2026-04-20 13:31:22
227287618209,m51701666660,Louis Vuitton Card Case,2026-04-05T01:09:44.000Z,,449.99,0,2026-04-20 13:31:22
227287618646,m28762326982,Louis Vuitton Monogram Shadow Hybrid Wallet M81526,2026-04-05T01:10:34.000Z,,529.99,0,2026-04-20 13:31:22
227287618772,m39390333758,LOUIS VUITTON Monogram Pochette Clé Marine Rouge,2026-04-05T01:10:47.000Z,,409.99,0,2026-04-20 13:31:22
227287618922,m39027176592,Louis Vuitton Unifini Organizer Pouch Onyx New Unused,2026-04-05T01:11:05.000Z,,409.99,0,2026-04-20 13:31:22
227287619413,2JH6mw74HtAEXmrvJ3CE2w,Louis Vuitton Organizer de Poche Card Case Business Card Holder Pass Case,2026-04-05T01:11:53.000Z,,649.99,0,2026-04-20 13:31:22
227287619626,2JMQjws5uqqv7diQXK3TJk,Louis Vuitton M26051 Port Cart Slim Monogram Eclipse Black Green Card Case,2026-04-05T01:12:23.000Z,,589.99,0,2026-04-20 13:31:22
227287619755,m15903553745,Louis Vuitton Keyholder Blooming Flower BB,2026-04-05T01:12:38.000Z,,529.99,0,2026-04-20 13:31:22
227287620028,aE7GFSxrGjAcvsxSvo3Asb,Louis Vuitton Card Case M69171 11x7.5cm Monogram Empreinte Black Excellent +,2026-04-05T01:12:59.000Z,,579.99,0,2026-04-20 13:31:22
227287620157,m24704743622,Louis Vuitton Empreinte Key Case Black Excellent Condition,2026-04-05T01:13:12.000Z,,629.99,0,2026-04-20 13:31:22
227287620302,m25700703757,2024 Pre-Fall Collection Key Holder Animogram Dog,2026-04-05T01:13:34.000Z,,729.99,0,2026-04-20 13:31:22
227287620379,m27178565411,Louis Vuitton Key Holder Spring Street Key Ring Porte Cle,2026-04-05T01:13:46.000Z,,439.99,0,2026-04-20 13:31:22
227287620532,m30853362239,Rare LOUIS VUITTON Key Holder with Accessories LV Portrait,2026-04-05T01:14:02.000Z,,419.99,0,2026-04-20 13:31:22
227287620648,m35030704343,Louis Vuitton Keyholder Brand New Unused,2026-04-05T01:14:15.000Z,,539.99,0,2026-04-20 13:31:22
227287620761,m37038719812,Louis Vuitton Takashi Murakami Panda Leather Patch 2 Set Bag Charm,2026-04-05T01:14:30.000Z,,369.99,2,2026-04-20 13:31:22
227287620875,m38612288591,Rare Authentic LOUIS VUITTON Key Holder LV Trainer Charm,2026-04-05T01:14:44.000Z,,779.99,0,2026-04-20 13:31:22
227287621019,m39996531686,LV MONOGRAM XMAS 4-Key Case M5850 Trunk Illustration,2026-04-05T01:14:59.000Z,,439.99,0,2026-04-20 13:31:22
227287622050,m65724902354,Louis Vuitton Porte-Cles Pompille Key Ring TO.1293,2026-04-05T01:15:59.000Z,,429.99,0,2026-04-20 13:31:22
227287622367,m96356537470,Louis Vuitton Monogram Empreinte Multicartes 6 Key Case Black,2026-04-05T01:16:35.000Z,,399.99,2,2026-04-20 13:31:22
227287622843,je6VHmgALpxfEqDaYCaSG9,Louis Vuitton Multi Clé 6 Key Case Black Leather Embossed Good Cond. + Bag,2026-04-05T01:17:24.000Z,,709.99,0,2026-04-20 13:31:22
227287623000,m11213704581,Louis Vuitton Scarf 90cm Silk Multicolor Logo Excellent Condition,2026-04-05T01:17:37.000Z,,759.99,0,2026-04-20 13:31:22
227287623225,m16264404132,Louis Vuitton Taiga Key Holder Tab LV Off Leek Orange,2026-04-05T01:18:02.000Z,,509.99,1,2026-04-20 13:31:22
227287623501,m25486466792,Louis Vuitton Monogram Black Fragment Case,2026-04-05T01:18:34.000Z,,529.99,0,2026-04-20 13:31:22
227287623704,m28107119874,Louis Vuitton Monogram Eclipse Keychain Metal Charm Black,2026-04-05T01:18:51.000Z,,499.99,0,2026-04-20 13:31:22
227287624368,m35287640486,Bandou New Denim Louis Vuitton Scarf Pink Beige,2026-04-05T01:19:41.000Z,,409.99,0,2026-04-20 13:31:22
227287624782,m41252277855,Louis Vuitton Eclipses Port Card Magnet Card Case,2026-04-05T01:20:17.000Z,,529.99,0,2026-04-20 13:31:22
227287625045,m43091592928,Brand New Louis Vuitton Tricolor Stole,2026-04-05T01:20:30.000Z,,449.99,0,2026-04-20 13:31:22
227287625528,m36062695445,LOUIS VUITTON Heart Shaped Coin Case Black,2026-04-05T01:21:08.000Z,,529.99,0,2026-04-20 13:31:22
227287626597,m58496059093,Louis Vuitton Sancourt Pochette Duo Waist Bag,2026-04-05T01:22:00.000Z,,529.99,0,2026-04-20 13:31:22
227287627107,m69091661558,Louis Vuitton Murakami Cherry Scarf 54cm Cotton White Pink Blossom Used Box/Card,2026-04-05T01:22:34.000Z,,849.99,1,2026-04-20 13:31:22
227287628147,m86574362195,Rare Louis Vuitton Monogram Stole Large Purple Shawl 190,2026-04-05T01:23:22.000Z,,899.99,0,2026-04-20 13:31:22
227287629007,m97505111926,Louis Vuitton Card Case Business Card Holder Damier Azur Dupoche 2789,2026-04-05T01:24:11.000Z,,409.99,0,2026-04-20 13:31:22
227287629526,2JGmbmvBwmEenMjRKNWnu2,Louis Vuitton Scarf Logo Mania Light Gray,2026-04-05T01:24:33.000Z,,599.99,0,2026-04-20 13:31:22
227287631375,m13106567632,Louis Vuitton Monogram Bifold Wallet Brown RFID Box Bag SA,2026-04-05T01:26:35.000Z,,569.99,0,2026-04-20 13:31:22
227287631867,m15296324328,Louis Vuitton Wallet Tri-Fold Monogram with Box Portefeuille Elise,2026-04-05T01:27:16.000Z,,529.99,0,2026-04-20 13:31:22
227287632343,m16526606735,LOUIS VUITTON Brown Coin Case,2026-04-05T01:27:53.000Z,,529.99,0,2026-04-20 13:31:22
227287632543,m16977415899,Louis Vuitton Damier Coin Purse Studs Rivets Rare Rose Ballerine Box Dustbag,2026-04-05T01:28:06.000Z,,529.99,1,2026-04-20 13:31:22
227287633251,m20192396358,Louis Vuitton Monogram Giant Reverse Portefeuille Juliet Brown Wallet SSS,2026-04-05T01:28:43.000Z,,569.99,0,2026-04-20 13:31:22
227287633814,m33529659940,Louis Vuitton Damier LV Kirigami Coin Case Pochette,2026-04-05T01:29:29.000Z,,529.99,0,2026-04-20 13:31:22
227287634056,m21358871751,Louis Vuitton Monogram Portefeuille Sarah Turtrailer IC Chip,2026-04-05T01:29:47.000Z,,429.99,0,2026-04-20 13:31:22
227287634675,m23593830157,Louis Vuitton Monogram Empreinte Emily Black Long Wallet R11,2026-04-05T01:30:07.000Z,,529.99,0,2026-04-20 13:31:22
227287634868,m24709080062,Louis Vuitton Capucines Compact Wallet M82009 Trunks Leather Light Green Floral,2026-04-05T01:30:24.000Z,,619.99,0,2026-04-20 13:31:22
227287635581,m26609735605,Louis Vuitton Metis Compact Monogram Empreinte Excellent Condition,2026-04-05T01:31:02.000Z,,739.99,0,2026-04-20 13:31:22
227287635706,m26807514728,Louis Vuitton Multicolor Monogram Wallet New Box Charm Gold Details,2026-04-05T01:31:18.000Z,,859.99,0,2026-04-20 13:31:22
227287635867,m27054976722,MONOGRAM Canvas Wallet Grain Leather Gold Zip Compact Box Included,2026-04-05T01:31:36.000Z,,699.99,0,2026-04-20 13:31:22
227287635995,m28000203354,LOUIS VUITTON Monogram Tri-Fold Wallet,2026-04-05T01:31:51.000Z,,529.99,0,2026-04-20 13:31:22
227287636157,m28897309185,Louis Vuitton M81662 Monogram Eclipse Zippy Coin Purse Black,2026-04-05T01:32:10.000Z,,529.99,0,2026-04-20 13:31:22
227287636424,m29928769757,LOUIS VUITTON Épi Zippy Coin Purse Greige,2026-04-05T01:32:34.000Z,,419.99,0,2026-04-20 13:31:22
227287636531,m30887077476,Louis Vuitton Folding Wallet Rare,2026-04-05T01:32:46.000Z,,529.99,0,2026-04-20 13:31:22
227287637292,m31909210331,Unused Level✨ Louis Vuitton Damier Pocketbook Tri-Fold Wallet PVC,2026-04-05T01:33:54.000Z,,529.99,0,2026-04-20 13:31:22
227287637769,m32800640736,Louis Vuitton Portefeuille Claire Wallet Black,2026-04-05T01:34:27.000Z,,709.99,0,2026-04-20 13:31:22
227287638058,m33680309281,Louis Vuitton Tri-Fold Wallet,2026-04-05T01:35:06.000Z,,529.99,0,2026-04-20 13:31:22
227287638412,m33850543518,Louis Vuitton Porte Feuille Zoe Damier Rose Ballerine Folding Wallet,2026-04-05T01:35:27.000Z,,419.99,0,2026-04-20 13:31:22
227287638869,m21243433017,LOUIS VUITTON Monogram Giant Portefeuille Juliette,2026-04-05T01:35:48.000Z,,529.99,0,2026-04-20 13:31:22
227287639169,m35022699630,Louis Vuitton Trianon Portefeuille Lock Mini Wallet M69340 IC Tag,2026-04-05T01:36:07.000Z,,409.99,0,2026-04-20 13:31:22
227287639709,m35727839787,Louis Vuitton Damier Zippy Coin Purse N63070,2026-04-05T01:36:28.000Z,,529.99,0,2026-04-20 13:31:22
227287639882,m36481784094,Louis Vuitton Portefeuille ZOE Monogram Pink Rose Compact Wallet,2026-04-05T01:36:47.000Z,,529.99,0,2026-04-20 13:31:22
227287640113,m37021483786,Louis Vuitton Lockme Pink Trifold Wallet Calfskin Compact Box Included,2026-04-05T01:37:05.000Z,,669.99,1,2026-04-20 13:31:22
227287640732,m37142363509,Rare Model Louis Vuitton Wallet Damier Receipt Included,2026-04-05T01:37:26.000Z,,529.99,0,2026-04-20 13:31:22
227287641411,m38548299048,Louis Vuitton Taiga Rama Discovery Compact Folded Wallet Excellent Condition,2026-04-05T01:38:12.000Z,,529.99,0,2026-04-20 13:31:22
227287641610,m38791136169,Louis Vuitton LOUIS VUITTON Radcliff Coin Case Wallet,2026-04-05T01:38:34.000Z,,419.99,0,2026-04-20 13:31:22
227287641707,m39234443374,Louis Vuitton Monogram Brown Two-Fold Wallet,2026-04-05T01:38:50.000Z,,529.99,0,2026-04-20 13:31:22
227287641877,m39432998327,Louis Vuitton Monogram Portefeuille Clara Two-Fold Wallet Excellent Condition,2026-04-05T01:39:08.000Z,,699.99,0,2026-04-20 13:31:22
227287642031,m39510611787,Louis Vuitton Portefeuille Metis Compact Wallet 11.5x8.5cm Black Monogram Used,2026-04-05T01:39:25.000Z,,569.99,0,2026-04-20 13:31:22
227287642139,m39630780553,Louis Vuitton Porte-Cles Round Coin Case Monogram Eclipse,2026-04-05T01:39:40.000Z,,529.99,0,2026-04-20 13:31:22
227287642320,m39776935811,Louis Vuitton Zippy Coin Purse Monogram Empreinte Multi Leather Mint,2026-04-05T01:39:57.000Z,,529.99,1,2026-04-20 13:31:22
227287642657,m40414948413,Louis Vuitton Mini Wallet Brand Trifold Wallet,2026-04-05T01:40:13.000Z,,399.99,0,2026-04-20 13:31:22
227287643095,m41022088922,Excellent Condition Louis Vuitton Capucines Compact Wallet Trimmed Leather Beige,2026-04-05T01:40:45.000Z,,529.99,0,2026-04-20 13:31:22
227287643317,m41260744037,Louis Vuitton Monogram Empreinte Portefeuille Metis Compact Wallet,2026-04-05T01:41:03.000Z,,529.99,0,2026-04-20 13:31:22
227287643495,m41520185782,Louis Vuitton Monogram Empreinte Pochette Coin Case Marine Rouge Navy,2026-04-05T01:41:22.000Z,,429.99,0,2026-04-20 13:31:22
227287644453,m34088646623,Louis Vuitton Folding Wallet Porte-Feuille Lisa Vivienne Snow Show,2026-04-05T01:42:33.000Z,,679.99,2,2026-04-20 13:31:22
227287644791,m50799834499,Louis Vuitton Coin Case Coin Card Holder M30839,2026-04-05T01:43:11.000Z,,539.99,0,2026-04-20 13:31:22
227287645291,m52023788505,Louis Vuitton Portefeuille Koala Damier Azur Tri-Fold Wallet with Accessories,2026-04-05T01:43:44.000Z,,419.99,0,2026-04-20 13:31:22
227287645475,m53284419892,Louis Vuitton Vernis Porte Monnaie Chapeau Coin Case M93690 Wallet,2026-04-05T01:44:08.000Z,,529.99,1,2026-04-20 13:31:22
227287645633,m53720184716,Louis Vuitton Capucines Summer Stardust Tri-Fold Wallet,2026-04-05T01:44:25.000Z,,669.99,1,2026-04-20 13:31:22
227287645940,m55218040992,Louis Vuitton Portefeuille Koala Damier Trifold Wallet F120,2026-04-05T01:44:56.000Z,,399.99,0,2026-04-20 13:31:22
227287647074,m62140867234,Louis Vuitton Portefeuille Rue Cussan Compact Wallet Black M81599,2026-04-05T01:46:39.000Z,,759.99,0,2026-04-20 13:31:22
227287647382,m65125143915,Louis Vuitton Porte Monnaie Rosalie Monogram Wild at Heart,2026-04-05T01:47:16.000Z,,779.99,0,2026-04-20 13:31:22
227287647629,m66260938987,Brand New Louis Vuitton Monogram Portefeuille Victoire Trifold Wallet,2026-04-05T01:47:53.000Z,,859.99,0,2026-04-20 13:31:22
227287647937,m67701735455,Louis Vuitton Empreinte Pochette Cre NM Animal M80692,2026-04-05T01:48:11.000Z,,659.99,0,2026-04-20 13:31:22
227287652345,m77811985474,Louis Vuitton Trianon Portefeuille Capucine Folded Wallet M62159,2026-04-05T01:54:25.000Z,,409.99,0,2026-04-20 13:31:22
227287652903,m80694061606,Authentic Louis Vuitton Compact Short Wallet for Women Ponnuif Brown Mini,2026-04-05T01:55:17.000Z,,529.99,0,2026-04-20 13:31:22
227287653163,m82333113609,Louis Vuitton Monogram Empreinte Sara Black Long Wallet Q80,2026-04-05T01:55:36.000Z,,529.99,0,2026-04-20 13:31:22
227287653370,m83557830687,Rare Limited Color Louis Vuitton Capucines XS Neon Yellow Wallet #286,2026-04-05T01:55:56.000Z,,529.99,0,2026-04-20 13:31:22
227287653587,m85768150147,Louis Vuitton Portefeuille Victorine Empreinte Marine Rouge,2026-04-05T01:56:13.000Z,,529.99,0,2026-04-20 13:31:22
227287653836,m86382778689,Louis Vuitton Portefeuille Rock Mini Tri-Fold Wallet Black,2026-04-05T01:56:31.000Z,,409.99,0,2026-04-20 13:31:22
227287654050,m87287878684,Louis Vuitton Empreinte Porte Cartes Recto Verso Marine Rouge,2026-04-05T01:56:47.000Z,,529.99,3,2026-04-20 13:31:22
227287654198,m88152011285,Unused Rare Louis Vuitton Monogram Porte-Monnaie Pla,2026-04-05T01:57:01.000Z,,669.99,0,2026-04-20 13:31:22
227287655232,m47616991546,Unused LOUIS VUITTON Monogram Multicolor Portomonee Pla Coin Case,2026-04-05T01:58:35.000Z,,569.99,0,2026-04-20 13:31:22
227287656259,m97335293504,Louis Vuitton Monogram Compact Wallet Portefeuille Juliette Brown 2618,2026-04-05T01:59:33.000Z,,699.99,0,2026-04-20 13:31:22
227287656540,2JKiPTvLt69e7sCyFweWuX,Louis Vuitton Damier Zippy Coin Purse 11x8cm PVC Gold Hardware Excellent,2026-04-05T01:59:58.000Z,,529.99,0,2026-04-20 13:31:22
227287661000,2JLynRKXN53AuZsWVCUQ48,Louis Vuitton Pochette Clé M28388 12cm Monogram Multicolor White New Accessories,2026-04-05T02:06:00.000Z,,709.99,1,2026-04-20 13:31:22
227287661268,2JMe3pB7mfqHn5GbZpsbTA,LOUIS VUITTON Coin Case Zippy Coin Purse M81892,2026-04-05T02:06:26.000Z,,679.99,1,2026-04-20 13:31:22
227287662525,2JPMSoLnHe8AbKhsXGSQDe,Louis Vuitton Coin Case Damier Ebene Zippy Coin Purse N63070,2026-04-05T02:08:25.000Z,,629.99,0,2026-04-20 13:31:22
227287662730,2JPNbJYrKh8PxV4gB7dNUX,Unused Louis Vuitton Monogram Denim Pochette Cle Coin Case with Keyring,2026-04-05T02:08:50.000Z,,889.99,0,2026-04-20 13:31:22
227287665529,m28119356200,LOUIS VUITTON Epi Leather Folding Wallet Black,2026-04-05T02:12:57.000Z,,889.99,0,2026-04-20 13:31:22
227287665988,m29615417646,Louis Vuitton Monogram Empreinte Portefeuille Sarahh Wallet Black Leather Mint,2026-04-05T02:13:43.000Z,,529.99,0,2026-04-20 13:31:22
227287666235,m29898057677,Louis Vuitton Clemence Wallet 19.5cm Leather Navy Monogram Excellent Condition,2026-04-05T02:14:04.000Z,,539.99,0,2026-04-20 13:31:22
227287666685,m30394489443,Louis Vuitton Zippy Wallet Damier Brown Long Wallet N41661,2026-04-05T02:14:43.000Z,,429.99,0,2026-04-20 13:31:22
227287666950,m30142730708,Vuitton Taiga Akajyu Portefeuille Baza Long Wallet,2026-04-05T02:15:05.000Z,,529.99,0,2026-04-20 13:31:22
227287667204,m30341438078,Louis Vuitton Monogram Zippy Wallet Pink Long Wallet,2026-04-05T02:15:26.000Z,,529.99,0,2026-04-20 13:31:22
227287667349,m30608343785,Unused LOUIS VUITTON Damier Cobalt Marco Bi-Fold Wallet with Box and Bag,2026-04-05T02:15:42.000Z,,529.99,0,2026-04-20 13:31:22
227287667695,m30679127051,Louis Vuitton Monogram Empreinte Zippy Wallet Scarlet Red M63691,2026-04-05T02:16:05.000Z,,429.99,0,2026-04-20 13:31:22
227287668070,m30773693052,Louis Vuitton Monogram Porte-Feuille Sara Wallet,2026-04-05T02:16:26.000Z,,529.99,0,2026-04-20 13:31:22
227287668657,m31837588049,Louis Vuitton Lockme Zippy Wallet RFID Black Leather 10x19.5cm Clean,2026-04-05T02:17:04.000Z,,529.99,0,2026-04-20 13:31:22
227287669083,m32244716178,Louis Vuitton Monogram Portefeuille Clemence Fuchsia Excellent Condition,2026-04-05T02:17:46.000Z,,529.99,0,2026-04-20 13:31:22
227287669618,m33315205701,Louis Vuitton Monogram Eclipse Portefeuille Brazza M61697 【Excellent Condition】,2026-04-05T02:18:35.000Z,,589.99,0,2026-04-20 13:31:22
227287669906,m33878551351,Excellent Condition LOUIS VUITTON Navy Leather Long Wallet,2026-04-05T02:18:57.000Z,,429.99,0,2026-04-20 13:31:22
227287670422,m34646590378,Louis Vuitton Compact Wallet Taiga Rama Discovery 2404,2026-04-05T02:19:42.000Z,,439.99,0,2026-04-20 13:31:22
227287671116,m36087367605,Louis Vuitton Monogram Porte-Feuille Sarah Long Wallet,2026-04-05T02:20:59.000Z,,419.99,0,2026-04-20 13:31:22
227287671796,m36667414458,Louis Vuitton Long Wallet Monogram Retiro Portefeuille Sarah Red 2446,2026-04-05T02:21:34.000Z,,449.99,0,2026-04-20 13:31:22
227287671940,m37187651987,Final Price! Non-negotiable! Louis Vuitton Insolite Mini,2026-04-05T02:22:09.000Z,,529.99,0,2026-04-20 13:31:22
227287672162,m37635078645,Louis Vuitton Monogram Empreinte Zippy Wallet Long Wallet Black with Box,2026-04-05T02:22:34.000Z,,529.99,0,2026-04-20 13:31:22
227287672294,m37827145452,Louis Vuitton Mahina Zippy Wallet 10.5x19cm Leather Noir Excellent Box,2026-04-05T02:22:54.000Z,,709.99,0,2026-04-20 13:31:22
227287672427,m38007597937,Louis Vuitton Vernis Clutch Bag 30x17 cm Red Excellent Condition No Accessories,2026-04-05T02:23:11.000Z,,619.99,0,2026-04-20 13:31:22
227287672795,m38050521340,Louis Vuitton Multicolor Zippy Wallet 20x11cm Euc,2026-04-05T02:23:30.000Z,,619.99,0,2026-04-20 13:31:22
227287673162,m38358196586,Louis Vuitton Epi Portefeuille Astrid Extremely Beautiful Condition,2026-04-05T02:24:00.000Z,,369.99,0,2026-04-20 13:31:22
227287673394,m38512231597,Lois Vuitton Monogram Women's Long Wallet,2026-04-05T02:24:17.000Z,,529.99,0,2026-04-20 13:31:22
227287673806,m39630149278,Louis Vuitton Damier Wallet Brown Good Condition Box Option,2026-04-05T02:25:01.000Z,,529.99,0,2026-04-20 13:31:22
227287674063,m39214863644,Louis Vuitton Envelope Type Long Wallet Brown,2026-04-05T02:25:27.000Z,,529.99,0,2026-04-20 13:31:22
227287674327,m39285661878,Louis Vuitton Monogram Jacquard Zippy Wallet Laminated,2026-04-05T02:25:48.000Z,,769.99,1,2026-04-20 13:31:22
227287674866,m40889233476,Louis Vuitton Long Wallet Empreinte Cerise Zippy Wallet,2026-04-05T02:26:31.000Z,,429.99,0,2026-04-20 13:31:22
227287675140,m41029643697,Louis Vuitton Monogram Mahina Zippy Wallet 10.5cm Blue Leather Used Box,2026-04-05T02:26:47.000Z,,529.99,1,2026-04-20 13:31:22
227287675349,m42093555586,Louis Vuitton Women's Long Wallet Clemence Damier with Box,2026-04-05T02:27:06.000Z,,419.99,0,2026-04-20 13:31:22
227287676359,m44558264090,Louis Vuitton Empreinte Marine Rouge Zippy Wallet Excellent Condition,2026-04-05T02:28:38.000Z,,529.99,0,2026-04-20 13:31:22
227287677310,m48452593973,Louis Vuitton Monogram Macassar Multiple Wallet,2026-04-05T02:30:09.000Z,,289.99,0,2026-04-20 13:31:22
227287678515,m50923319693,SSS Grade Louis Vuitton Portefeuille Capucines Black Long Wallet,2026-04-05T02:31:20.000Z,,529.99,0,2026-04-20 13:31:22
227287679336,m53142676379,Louis Vuitton Monogram Folding Wallet Brand New Unused,2026-04-05T02:32:26.000Z,,529.99,0,2026-04-20 13:31:22
227287679810,m55970248852,Louis Vuitton Monogram Empreinte Zippy Wallet Marine Rouge Long Wallet,2026-04-05T02:33:07.000Z,,529.99,0,2026-04-20 13:31:22
227287680751,m60618836670,Louis Vuitton Monogram Nanogram Zippy Wallet Long Wallet In Excellent Condition,2026-04-05T02:34:41.000Z,,789.99,0,2026-04-20 13:31:22
227287682227,m65765729408,Louis Vuitton Monogram Portefeuille Curieuse Noir Excellent Condition,2026-04-05T02:36:51.000Z,,529.99,0,2026-04-20 13:31:22
227287682530,m67576286914,Louis Vuitton Monogram Empreinte Clemence Long Wallet Black with Box,2026-04-05T02:37:23.000Z,,529.99,0,2026-04-20 13:31:22
227287682783,m68651177869,LOUIS VUITTON Victor Wallet Japan Limited New M14129,2026-04-05T02:37:46.000Z,,859.99,0,2026-04-20 13:31:22
227287683188,m69537654926,Louis Vuitton Empreinte Zippy Wallet Long Wallet Studs,2026-04-05T02:38:36.000Z,,799.99,0,2026-04-20 13:31:22
227287683363,m70481575468,Louis Vuitton Mahina Zippy Wallet Zip Long Wallet 5840,2026-04-05T02:39:06.000Z,,529.99,0,2026-04-20 13:31:22
227287683431,m70664334807,Louis Vuitton Long Wallet Monogram Giant Zippy Wallet 2686,2026-04-05T02:39:16.000Z,,529.99,1,2026-04-20 13:31:22
227287683702,m72122856066,Louis Vuitton Zippy Wallet Monogram Empreinte Noir Long Wallet Box Bag,2026-04-05T02:39:40.000Z,,529.99,0,2026-04-20 13:31:22
227287683958,m73035409208,Louis Vuitton Taiga Ram Portefeuille Braz Bi-fold Wallet,2026-04-05T02:39:57.000Z,,569.99,0,2026-04-20 13:31:22
227287684088,m73962195303,New Louis Vuitton Monogram Eclipse Porte-feuille Marco Folding Wallet,2026-04-05T02:40:12.000Z,,669.99,0,2026-04-20 13:31:22
227287684195,m74061309323,Louis Vuitton Vertical Wallet Compact 9x12cm Trianon Leather Beige Blue Good,2026-04-05T02:40:17.000Z,,829.99,0,2026-04-20 13:31:22
227287684493,m76820675689,Louis Vuitton Mahina Zippy Round Long Wallet Black with Box and Pouch,2026-04-05T02:40:54.000Z,,529.99,0,2026-04-20 13:31:22
227287684950,m30626852862,Louis Vuitton Porte-Feuille Sarah,2026-04-05T02:41:47.000Z,,529.99,0,2026-04-20 13:31:22
227287685192,m82136586153,Limited Sale ✨ 2025 Louis Vuitton Gradient Brother NM Long Wallet,2026-04-05T02:42:09.000Z,,609.99,0,2026-04-20 13:31:22
227287685195,m30707627821,Burberry Long Wallet Vertical Black Unused Item 337 Free Shipping,2026-04-05T02:42:10.000Z,,529.99,0,2026-04-20 13:31:22
227287685543,m30760642317,Louis Vuitton Damier Graphite Long Wallet with Dust Bag Authentic Excellent,2026-04-05T02:42:46.000Z,,429.99,0,2026-04-20 13:31:22
227287685714,m30787158836,GUCCI Interlocking Compact Wallet Tri-fold Wallet Excellent Condition,2026-04-05T02:43:02.000Z,,419.99,0,2026-04-20 13:31:22
227287686531,m84655510895,Louis Vuitton Mahina Zippy Wallet Monogram Long Wallet,2026-04-05T02:43:39.000Z,,529.99,0,2026-04-20 13:31:22
227287686667,m85131749683,Louis Vuitton Monogram Empreinte Wallet Sarah Off White,2026-04-05T02:44:00.000Z,,439.99,0,2026-04-20 13:31:22
227287686754,m30868096859,Gucci Card Case Wallet New and Unused,2026-04-05T02:44:07.000Z,,539.99,0,2026-04-20 13:31:22
227287687057,m30964700737,HERMÈS Carre 90 Scarf 86cm Silk CARPE DIEM Multi Color Excellent Condition,2026-04-05T02:44:34.000Z,,689.99,0,2026-04-20 13:31:22
227287687420,m99821335020,Louis Vuitton Portefeuille Pilot M82556,2026-04-05T02:45:14.000Z,,799.99,0,2026-04-20 13:31:22
227287687482,m90484401376,Louis Vuitton Portefeuille Capucines Trillon Long Wallet C252,2026-04-05T02:45:20.000Z,,529.99,0,2026-04-20 13:31:22
227287687930,m93212090956,Louis Vuitton Zippy Wallet Mahina Monogram Long Wallet A143,2026-04-05T02:45:57.000Z,,529.99,0,2026-04-20 13:31:22
227287688549,m31009275733,CHANEL Bifold Compact Wallet Caviar Skin Black,2026-04-05T02:46:23.000Z,,529.99,0,2026-04-20 13:31:22
227287688809,m31018506189,HERMES Carré 90 Scarf Fireplace Motif Excellent,2026-04-05T02:46:42.000Z,,509.99,0,2026-04-20 13:31:22
227287689070,m97248565551,Louis Vuitton Monogram Zippy Wallet Long Wallet,2026-04-05T02:47:07.000Z,,529.99,0,2026-04-20 13:31:22
227287690285,2JPESfCC2SfKtTWttEc4ZM,Louis Vuitton LV Vertical Wallet Compact Two-Fold Wallet Garais M82198【74199】,2026-04-05T02:49:21.000Z,,889.99,0,2026-04-20 13:31:22
227287691009,iPYN8rqFX7H8wL4Y3DBnPb,Louis Vuitton Rosalie Wallet 8cm Monogram Brown Excellent Condition + Bag,2026-04-05T02:50:57.000Z,,709.99,0,2026-04-20 13:31:22
227287691271,m31154101294,HERMES Boucles et Galons du Tsar Scarf Pink Blue Gray No Box Excellent,2026-04-05T02:51:49.000Z,,669.99,0,2026-04-20 13:31:22
227287691426,m31363693496,New with Tag Special Edition Hermes Twilly de Toutjour Brown,2026-04-05T02:52:04.000Z,,489.99,0,2026-04-20 13:31:22
227287691585,m31624929144,Mint Condition Authentic LOUIS VUITTON Long Wallet Black Wallet Portefeuille,2026-04-05T02:52:23.000Z,,529.99,0,2026-04-20 13:31:22
227287691728,m31793347579,Louis Vuitton Giant Monogram Elizabette Pen Case GI0391,2026-04-05T02:52:38.000Z,,529.99,0,2026-04-20 13:31:22
227287691857,m31877668734,HERMES Carre 90 Scarf Pink Multicolor New Box Included,2026-04-05T02:52:53.000Z,,519.99,0,2026-04-20 13:31:22
227287692046,m32033316722,Rare Louis Vuitton Damier Graphite Pixel Long Wallet with Blue Box,2026-04-05T02:53:14.000Z,,529.99,0,2026-04-20 13:31:22
227287692302,m32642504373,Hermès Carré 90 Intruder Bird Pattern Excellent Condition,2026-04-05T02:53:50.000Z,,399.99,0,2026-04-20 13:31:22
227287692594,m32736266262,HERMES Scarf Carré 90 Les Rubans du Cheval Silk 100% New Unused,2026-04-05T02:54:13.000Z,,409.99,0,2026-04-20 13:31:22
227287692824,m32968515796,2022 Hermès Carré Double Face,2026-04-05T02:54:24.000Z,,599.99,0,2026-04-20 13:31:22
227287692866,m33079334108,Limited-Time Price Hermès Carre 90 Scarf Silk,2026-04-05T02:54:27.000Z,,429.99,0,2026-04-20 13:31:22
227287693010,m33524104001,LV LOUIS VUITTON Monogram Empreinte Zippy Wallet,2026-04-05T02:54:45.000Z,,449.99,0,2026-04-20 13:31:22
227287693258,m34008931945,"Brand New! Hermes Scarf Carré 70 ""New Hermes Record""",2026-04-05T02:55:06.000Z,,709.99,0,2026-04-20 13:31:22
227287693299,m33989241992,Louis Vuitton Damier Graphite Zippy Wallet Long Wallet Vertical,2026-04-05T02:55:07.000Z,,419.99,0,2026-04-20 13:31:22
227287693479,m34172543624,Louis Vuitton Portefeuille Sarah Metis Authentic Guaranteed Z525,2026-04-05T02:55:24.000Z,,859.99,0,2026-04-20 13:31:22
227287693533,m34606243369,Louis Vuitton Taiga Zippy Long Wallet for Men Black,2026-04-05T02:55:36.000Z,,529.99,0,2026-04-20 13:31:22
227287693607,m35168113655,Rare New Hermès Scarf Plumes et Grelots with Feathers and Bells,2026-04-05T02:55:52.000Z,,419.99,0,2026-04-20 13:31:22
227287693658,m35262348965,Louis Vuitton Damier Graphite Zippy Wallet Vertical Long Wallet,2026-04-05T02:56:01.000Z,,439.99,0,2026-04-20 13:31:22
227287693708,m35388514636,HERMES Scarf Floral Print Cotton Green XL 172x147cm Mint,2026-04-05T02:56:08.000Z,,419.99,0,2026-04-20 13:31:22
227287693853,m35851061564,Excellent Condition Louis Vuitton Zippy Wallet Eclipse Long Wallet,2026-04-05T02:56:23.000Z,,449.99,0,2026-04-20 13:31:22
227287693858,m35562795788,HERMES Scarf Carré 90 100% Silk Pale Blue,2026-04-05T02:56:24.000Z,,409.99,0,2026-04-20 13:31:22
227287694068,m36249398303,Louis Vuitton Zippy Vertical Wallet 19.5cm Taurillon Blue RFID Excellent,2026-04-05T02:56:42.000Z,,599.99,0,2026-04-20 13:31:22
227287694074,m36367156850,Hermès Rodeo Charm Z Stamp Extremely Rare,2026-04-05T02:56:43.000Z,,669.99,0,2026-04-20 13:31:22
227287694247,m36784719568,Louis Vuitton Monogram Macassar Zippy Wallet Vertical Long Wallet,2026-04-05T02:57:00.000Z,,449.99,0,2026-04-20 13:31:22
227287694272,m36846614934,HERMES Scarf Carré 90 Silk Pink Orange Babel's River Rare VGC,2026-04-05T02:57:02.000Z,,739.99,0,2026-04-20 13:31:22
227287694390,m36958060975,HERMÈS Carré 90 Scarf Mythiques Silk Pink Multi Women's Excellent Boxed,2026-04-05T02:57:16.000Z,,639.99,0,2026-04-20 13:31:22
227287694434,m36969218189,Excellent Condition A Rank Rare Monogram Portefeuille Graffiti,2026-04-05T02:57:21.000Z,,889.99,0,2026-04-20 13:31:22
227287694535,m37235749539,HERMÈS Carré Scarf 88x88cm Silk 100% New,2026-04-05T02:57:33.000Z,,819.99,0,2026-04-20 13:31:22
227287694556,m37307206994,HERMES Twilly Collar and Dog,2026-04-05T02:57:35.000Z,,479.99,0,2026-04-20 13:31:22
227287694642,m37409966244,Louis Vuitton Portefeuille Alexandre NM M64597 Long Wallet,2026-04-05T02:57:47.000Z,,419.99,0,2026-04-20 13:31:22
227287694822,m37644028036,Louis Vuitton Mahina Wallet Black Leather AB Box Bag Included,2026-04-05T02:58:07.000Z,,609.99,0,2026-04-20 13:31:22
227287694942,m38066303806,HERMÈS Faubourg Party Scarf 42cm Silk Multicolor Good Condition,2026-04-05T02:58:22.000Z,,389.99,0,2026-04-20 13:31:22
227287694980,m38363606615,HERMES Rodeo Charm GM Charm Red Horse,2026-04-05T02:58:30.000Z,,599.99,0,2026-04-20 13:31:22
227287695133,m39542882521,Louis Vuitton Epi Long Wallet,2026-04-05T02:59:05.000Z,,599.99,0,2026-04-20 13:31:22
227287695173,m39815138329,LOUIS VUITTON Long Wallet Zippy Wallet,2026-04-05T02:59:13.000Z,,529.99,0,2026-04-20 13:31:22
227287695254,m39877625573,Hermès HERMES carré 90 La Selle Imaginaire silk scarf,2026-04-05T02:59:23.000Z,,699.99,1,2026-04-20 13:31:22
227287695446,m40326113923,"Louis Vuitton Monogram Empreinte Long Wallet, Pristine Condition, ¥140,000",2026-04-05T02:59:45.000Z,,529.99,0,2026-04-20 13:31:22
227287695553,m40390252016,Hermès 2026SS Carré 55 Turtle Bandana,2026-04-05T02:59:54.000Z,,529.99,1,2026-04-20 13:31:22
227287695630,m40721418830,Louis Vuitton Zippy XL Damier Infini Wallet,2026-04-05T03:00:01.000Z,,529.99,0,2026-04-20 13:31:22
227287695929,m40878955507,HERMES Sac Orange Anemone Bag Charm Rose,2026-04-05T03:00:19.000Z,,419.99,0,2026-04-20 13:31:22
227287696036,m40843641601,Louis Vuitton Long Wallet Zippy Wallet Taiga Vertical,2026-04-05T03:00:27.000Z,,409.99,0,2026-04-20 13:31:22
227287696222,m40976887954,Louis Vuitton Monogram Mini Zippy Wallet M95310,2026-04-05T03:00:40.000Z,,409.99,0,2026-04-20 13:31:22
227287696354,m40997037851,Louis Vuitton New Brother Epi Noir Black Long Wallet,2026-04-05T03:00:49.000Z,,439.99,0,2026-04-20 13:31:22
227287696373,m41099278430,Louis Vuitton Taiga Vertical Zippy Wallet M32836,2026-04-05T03:00:53.000Z,,529.99,0,2026-04-20 13:31:22
227287696495,m41646019662,Louis Vuitton Portefeuille Sara,2026-04-05T03:01:06.000Z,,709.99,0,2026-04-20 13:31:22
227287696651,m41898385416,HERMÈS Carré 70 Silk Scarf Palonnier Pink Horse Design Excellent Condition,2026-04-05T03:01:26.000Z,,539.99,0,2026-04-20 13:31:22
227287696789,m42402926874,HERMES Carre 45 Scarf Silk Multi Color Christmas Faubourg 24 VGC,2026-04-05T03:01:45.000Z,,619.99,0,2026-04-20 13:31:22
227287697036,m44336995128,LOUIS VUITTON Damier Long Wallet,2026-04-05T03:02:19.000Z,,429.99,0,2026-04-20 13:31:22
227287697244,m44796813785,Louis Vuitton Monogram LV SKI Zippy Wallet Wallet M12680,2026-04-05T03:02:40.000Z,,789.99,0,2026-04-20 13:31:22
227287697278,m46572434979,Louis Vuitton Empreinte Zippy Wallet Long Wallet Navy,2026-04-05T03:02:45.000Z,,539.99,0,2026-04-20 13:31:22
227287697484,m45896749412,HERMÈS Scarf Carre 90 Silk Light Purple Pink Blue Boulduch Pre-Owned,2026-04-05T03:03:02.000Z,,679.99,0,2026-04-20 13:31:22
227287697642,m46136986933,HERMES Brides de Gala Silk Scarf 70 White Black Embroidery Mint,2026-04-05T03:03:09.000Z,,799.99,0,2026-04-20 13:31:22
227287697718,m46313550779,New Unused Hermes Carmen Uno Dos,2026-04-05T03:03:17.000Z,,549.99,0,2026-04-20 13:31:22
227287697773,m46396652852,Louis Vuitton Comet Wallet Beige Blue Leather Used Box Dustbag,2026-04-05T03:03:24.000Z,,729.99,0,2026-04-20 13:31:22
227287697852,m46501790047,Louis Vuitton Epi Zippy Organizer NM 【Beautiful Condition】,2026-04-05T03:03:37.000Z,,769.99,0,2026-04-20 13:31:22
227287697954,m47555645248,New HERMES Calvi Duo Compact Card Case W Stamp,2026-04-05T03:03:54.000Z,,769.99,0,2026-04-20 13:31:22
227287698216,m50051461117,Hermès Twilly,2026-04-05T03:04:16.000Z,,399.99,0,2026-04-20 13:31:22
227287698378,m50592539146,Louis Vuitton Yayoi Kusama Zippy Wallet Vertical Monogram Dot Brown/Orange,2026-04-05T03:04:31.000Z,,879.99,0,2026-04-20 13:31:22
227287698588,m50868041117,Hermès Carré 90 Scarf Nile Treasure TO.1480,2026-04-05T03:04:49.000Z,,539.99,1,2026-04-20 13:31:22
227287699592,m52950559867,HERMES Silk Scarf 90 Modern Buckle Women's Yellow,2026-04-05T03:05:31.000Z,,409.99,0,2026-04-20 13:31:22
227287700430,m55820839523,LOUIS VUITTON Emily Flower Portefeuille Clemence,2026-04-05T03:06:27.000Z,,529.99,0,2026-04-20 13:31:22
227287700620,m56768264507,Louis Vuitton Shadow Zippy Wallet Long Wallet A Condition,2026-04-05T03:06:42.000Z,,569.99,0,2026-04-20 13:31:22
227287701191,m57341234825,Louis Vuitton Damier Cobalt Zippy Vertical #271,2026-04-05T03:07:04.000Z,,429.99,0,2026-04-20 13:31:22
227287701509,m57895090512,HERMÈS Please Hold the Line Carre 90 Silk Twill Multicolor Excellent Condition,2026-04-05T03:07:19.000Z,,809.99,0,2026-04-20 13:31:22
227287701999,m58855851121,Louis Vuitton Monogram Retiro Zippy Wallet Long Wallet,2026-04-05T03:07:39.000Z,,529.99,0,2026-04-20 13:31:22
227287702343,m59035498621,HERMES Carre 90 Silk Scarf Horse Design Orange Blue New with Box,2026-04-05T03:07:52.000Z,,459.99,0,2026-04-20 13:31:22
227287702697,m59915482363,Louis Vuitton Monogram Zippy Organizer Long Wallet,2026-04-05T03:08:05.000Z,,529.99,0,2026-04-20 13:31:22
227287702702,m60549538980,HERMÈS Animal Print Silk Scarf 89x89cm France Cleaned Excellent Condition,2026-04-05T03:08:05.000Z,,439.99,0,2026-04-20 13:31:22
227287703149,m61408784688,HERMES Twilly Scarf Set of 2 in Excellent Condition,2026-04-05T03:08:20.000Z,,549.99,0,2026-04-20 13:31:22
227287704148,m63341830928,Louis Vuitton Monogram Empreinte,2026-04-05T03:09:03.000Z,,449.99,0,2026-04-20 13:31:22
227287704238,m63441466028,Louis Vuitton Burgundy Long Wallet,2026-04-05T03:09:16.000Z,,449.99,0,2026-04-20 13:31:22
227287704242,m63468157758,HERMÈS Twilly 85cm Leather Camel Orange White Black Rare Condition Box etc.,2026-04-05T03:09:17.000Z,,439.99,0,2026-04-20 13:31:22
227287704412,m63560326734,Louis Vuitton Damier Graphite Vertical Zippy Wallet,2026-04-05T03:09:35.000Z,,409.99,0,2026-04-20 13:31:22
227287704416,m63583476368,Louis Vuitton Zippy Dragonne Damier Graphite Long Wallet,2026-04-05T03:09:36.000Z,,609.99,0,2026-04-20 13:31:22
227287704598,m64002856721,Louis Vuitton Zippy Wallet Vertical Aldoards M32822 【Excellent Condition】,2026-04-05T03:10:09.000Z,,539.99,0,2026-04-20 13:31:22
227287704631,m64335062677,New Unused Spring Color Hermes Silk Scarf Gavroche Super Silk Quest,2026-04-05T03:10:12.000Z,,439.99,1,2026-04-20 13:31:22
227287704776,m64718687303,HERMÈS Twilly Scarf En Liberte 85cm Silk Rose Multicolor Good Condition,2026-04-05T03:10:25.000Z,,389.99,0,2026-04-20 13:31:22
227287704811,m64903554234,Hermès Carré 90 Scarf La Promenade de Longchamps Coach Parade,2026-04-05T03:10:28.000Z,,399.99,0,2026-04-20 13:31:22
227287704985,m65093558079,HERMÈS Carre 90 Scarf 86cm Gold Yellow Red Brown CHASSE au BOIS Unused,2026-04-05T03:10:44.000Z,,449.99,0,2026-04-20 13:31:22
227287704991,m65049565166,New HERMES Carre 45 Gavroche Jour de Casting Detail Dog,2026-04-05T03:10:44.000Z,,529.99,0,2026-04-20 13:31:22
227287705105,m65350367138,Super Rare HERMES Card Case Pass Case City 3CC,2026-04-05T03:10:58.000Z,,549.99,1,2026-04-20 13:31:22
227204727225,S-248,Louis Vuitton Monogram Giant Reverse Juliette Compact Wallet Near Mint Women,2026-02-05T22:34:45.000Z,,559.51,0,2026-04-20 13:31:22
227288892048,m43006944599,Louis Vuitton Damier Card Case Business Card Holder,2026-04-06T03:26:03.000Z,,529.99,0,2026-04-20 13:31:22
227288892206,m52773391067,New LOUIS VUITTON Card Wallet,2026-04-06T03:26:30.000Z,,449.99,0,2026-04-20 13:31:22
227288892384,m84045079369,Louis Vuitton Eclipse Port Card Magnet Card Case Authentic Excellent Condition,2026-04-06T03:26:49.000Z,,529.99,0,2026-04-20 13:31:22
227288892555,m22176478777,LOUIS VUITTON FIFA Official License Limited Card Case,2026-04-06T03:27:11.000Z,,849.99,0,2026-04-20 13:31:22
227288892635,m50190290296,Louis Vuitton Card Case Camouflage,2026-04-06T03:27:29.000Z,,529.99,0,2026-04-20 13:31:22
227288893321,2JLWSoGxL7Vvqqc2NofwcH,Louis Vuitton Monogram Card Case M81022 7.5cm Leather Black Beige A+ RFID,2026-04-06T03:28:19.000Z,,529.99,0,2026-04-20 13:31:22
227288893392,m24639559116,Louis Vuitton Key Ring Extremely Beautiful Condition,2026-04-06T03:28:34.000Z,,619.99,0,2026-04-20 13:31:22
227288893472,m41664673386,LOUIS VUITTON Monogram Giant Charm Accessory,2026-04-06T03:28:49.000Z,,689.99,0,2026-04-20 13:31:22
227288893594,m45652379108,Brand New Louis Vuitton Monogram Empreinte Key Case with Initial Engraving,2026-04-06T03:29:08.000Z,,529.99,0,2026-04-20 13:31:22
227288893721,m46137451497,Louis Vuitton Gold Tassel Key Ring,2026-04-06T03:29:33.000Z,,529.99,0,2026-04-20 13:31:22
227288893850,m50825076010,Louis Vuitton Porte-Clés New Wave M63747 Key Holder Charm,2026-04-06T03:29:52.000Z,,469.99,0,2026-04-20 13:31:22
227288894368,m51008828103,LOUIS VUITTON Bijou Sack Vivienne with Accessories Blue,2026-04-06T03:30:13.000Z,,499.99,0,2026-04-20 13:31:22
227288894519,m54172236185,"Louis Vuitton Keyholder Chain, Sold Out, Brand New, Unopened, Purchased at",2026-04-06T03:30:30.000Z,,739.99,0,2026-04-20 13:31:22
227288894710,m72453556141,New Unused LV Key Holder Key Charm Bag Charm Hollow Flower,2026-04-06T03:30:47.000Z,,369.99,0,2026-04-20 13:31:22
227288895390,m24777594281,Good Condition Louis Vuitton Taigarama Coin Card Holder Wallet Fragment Case,2026-04-06T03:32:07.000Z,,389.99,0,2026-04-20 13:31:22
227288895536,m30221608029,Louis Vuitton Carre 90 Silk Red Elegant Scarf w/ Mini Shopper - Excellent,2026-04-06T03:32:26.000Z,,699.99,0,2026-04-20 13:31:22
227288895780,m43793607364,Louis Vuitton Clemence Wallet M64161 Long Size Leather Brown Used With Box,2026-04-06T03:33:08.000Z,,659.99,0,2026-04-20 13:31:22
227288895901,m44562252368,Louis Vuitton Monogram Brooch Pin,2026-04-06T03:33:23.000Z,,479.99,0,2026-04-20 13:31:22
227288896000,m46422370151,LOUIS VUITTON Purple Leather,2026-04-06T03:33:36.000Z,,389.99,0,2026-04-20 13:31:22
227288896330,m46487037258,Louis Vuitton Cherry Takashi Murakami Limited Edition,2026-04-06T03:33:55.000Z,,659.99,0,2026-04-20 13:31:22
227288896512,m48261383027,Louis Vuitton Key Holder NIGO,2026-04-06T03:34:10.000Z,,489.99,0,2026-04-20 13:31:22
227288896755,m52250161628,Louis Vuitton Eclipse Coin Card Holder M69533 RFID,2026-04-06T03:34:34.000Z,,529.99,0,2026-04-20 13:31:22
227288897063,m52685849970,Louis Vuitton Taigarama Coin Card Holder Authentic M30270 Blue,2026-04-06T03:34:56.000Z,,529.99,0,2026-04-20 13:31:22
227288897246,m55410590143,Louis Vuitton Zippy Coin Purse Épi Black Compact Wallet,2026-04-06T03:35:16.000Z,,399.99,0,2026-04-20 13:31:22
227288897429,m55608285603,Black Louis Vuitton Taigarama Fragment Case Coin and Card Holder,2026-04-06T03:35:37.000Z,,429.99,0,2026-04-20 13:31:22
227288897548,m55757918709,Louis Vuitton Stole Floral Red,2026-04-06T03:35:52.000Z,,509.99,0,2026-04-20 13:31:22
227288898030,m64475067042,Louis Vuitton Verso Monogram Fragment Case Card Case 807,2026-04-06T03:36:44.000Z,,649.99,0,2026-04-20 13:31:22
227288898421,m69368602146,Louis Vuitton Taigarama Fragment Case Coin Purse 673,2026-04-06T03:37:23.000Z,,529.99,0,2026-04-20 13:31:22
227288898907,m93520147701,Louis Vuitton Monogram Zippy Coin Purse Coin Case 913,2026-04-06T03:38:13.000Z,,529.99,0,2026-04-20 13:31:22
227288909687,m42935942280,Louis Vuitton Mahina Porte-Feuille Iris XS Compact Trifold Wallet,2026-04-06T03:45:40.000Z,,529.99,0,2026-04-20 13:31:22
227288910163,m43140065354,Louis Vuitton Portefeuille Rock Mini Three-Fold Wallet Compact Wallet Black,2026-04-06T03:45:58.000Z,,439.99,0,2026-04-20 13:31:22
227288911170,m45152498352,Louis Vuitton Porte-Feuille Curieuses Compact Monogram Wallet,2026-04-06T03:46:51.000Z,,389.99,0,2026-04-20 13:31:22
227288911342,m44779854308,Louis Vuitton x Murakami Pink Leather Wallet Monogram Box Included,2026-04-06T03:47:09.000Z,,779.99,0,2026-04-20 13:31:22
227288911537,m45186833704,Virgil Abloh Louis Vuitton Coin Case Wallet New Unused,2026-04-06T03:47:25.000Z,,529.99,0,2026-04-20 13:31:22
227288911824,m45520366746,Louis Vuitton Portefeuille Flower Compact,2026-04-06T03:47:44.000Z,,529.99,0,2026-04-20 13:31:22
227288912095,m46019404077,Louis Vuitton Mahina Wallet,2026-04-06T03:48:02.000Z,,529.99,0,2026-04-20 13:31:22
227288912356,m47301292963,Louis Vuitton Coin Case ❤ Vernis ❤ Excellent Condition ❤,2026-04-06T03:48:20.000Z,,449.99,0,2026-04-20 13:31:22
227288912556,m47795680955,Louis Vuitton Portefeuille Victrine Monogram Tri-fold Wallet,2026-04-06T03:48:35.000Z,,529.99,0,2026-04-20 13:31:22
227288912775,m47799511353,Louis Vuitton Portefeuille Victoire Monogram Trifold Wallet Excellent Condition,2026-04-06T03:48:56.000Z,,529.99,0,2026-04-20 13:31:22
227288913138,m48352218424,Louis Vuitton Portefeuille Capucines XS M62157 Noir NFC,2026-04-06T03:49:16.000Z,,449.99,0,2026-04-20 13:31:22
227288913819,m48927380765,Louis Vuitton Zippy Coin Purse N63070 [Excellent Condition],2026-04-06T03:49:49.000Z,,529.99,0,2026-04-20 13:31:22
227288914044,m50416902855,Louis Vuitton Vernis Coin Purse Red,2026-04-06T03:50:09.000Z,,439.99,0,2026-04-20 13:31:22
227288914868,m53596558308,Louis Vuitton Coin Case Mini Wallet Pochetté Clé Small Change Purse,2026-04-06T03:51:09.000Z,,409.99,0,2026-04-20 13:31:22
227288915068,m52999230482,Louis Vuitton Mahina Portefeuille Iris Compact Beige,2026-04-06T03:51:29.000Z,,529.99,0,2026-04-20 13:31:22
227288915351,m55225529882,LOUIS VUITTON Damier Canvas Coin Case,2026-04-06T03:51:58.000Z,,529.99,0,2026-04-20 13:31:22
227288915837,m56160646546,LOUIS VUITTON Wallet,2026-04-06T03:52:31.000Z,,539.99,0,2026-04-20 13:31:22
227288916350,m58616285232,Louis Vuitton Coin & Card Case 2-Fold Size Small Monogram Brown Excellent,2026-04-06T03:53:09.000Z,,889.99,0,2026-04-20 13:31:22
227288916643,m59897689041,Louis Vuitton Monogram Victoire Compact Wallet,2026-04-06T03:53:31.000Z,,529.99,0,2026-04-20 13:31:22
227288917158,m65547103957,Louis Vuitton Trianon Capucines Compact Green Trifold Wallet,2026-04-06T03:53:52.000Z,,749.99,0,2026-04-20 13:31:22
227288917411,m71469395728,Louis Vuitton Monogram Empreinte Bicolor Victoire Wallet Pink with Box,2026-04-06T03:54:14.000Z,,629.99,1,2026-04-20 13:31:22
227288918122,m75501137873,Louis Vuitton Epi Zippy Coin Purse Noir Coin Case 902,2026-04-06T03:54:55.000Z,,529.99,0,2026-04-20 13:31:22
227288918764,m80393023597,Louis Vuitton Continental Clutch,2026-04-06T03:55:34.000Z,,529.99,0,2026-04-20 13:31:22
227288920243,2JPQdPQ6qMpZe7YmEZ5Ufm,Louis Vuitton M25698 Portefeuille Noe Compact Japanese Exclusive Monogram Wallet,2026-04-06T03:58:05.000Z,,729.99,0,2026-04-20 13:31:22
227288920805,m25238966308,New LOUIS VUITTON Epi Zippy Wallet Black,2026-04-06T03:58:31.000Z,,529.99,0,2026-04-20 13:31:22
227288922388,m33093711370,Louis Vuitton Empreinte Clemence Round Zipper Long Wallet Authentic,2026-04-06T03:59:39.000Z,,529.99,0,2026-04-20 13:31:22
227288922763,m35865940122,Louis Vuitton Empreinte Zippy Wallet Noir Long Wallet 876,2026-04-06T04:00:14.000Z,,609.99,0,2026-04-20 13:31:22
227288923009,m36739639723,Damier Long Wallet,2026-04-06T04:00:33.000Z,,529.99,0,2026-04-20 13:31:22
227288925034,m40056240178,Louis Vuitton M11969 Monogram Empreinte Zippy Wallet Round Zip Wallet,2026-04-06T04:01:46.000Z,,859.99,0,2026-04-20 13:31:22
227288925298,m42661568848,Louis Vuitton Damier Portefeuille Sarah Long Wallet,2026-04-06T04:02:11.000Z,,439.99,0,2026-04-20 13:31:22
227288925451,m42956188580,LV Wallet Folded New Authentic,2026-04-06T04:02:25.000Z,,419.99,0,2026-04-20 13:31:22
227288927953,m49278784989,Louis Vuitton Yayoi Kusama Zippy Wallet M60448 Monogram Red Long Wallet,2026-04-06T04:06:22.000Z,,529.99,3,2026-04-20 13:31:22
227288928057,m49431712184,Louis Vuitton Damier Graphic Portefeuille Brother Long Wallet Black,2026-04-06T04:06:43.000Z,,529.99,0,2026-04-20 13:31:22
227288928678,m49919653644,Louis Vuitton Portefeuille Comet Gare Long Wallet with Accessories,2026-04-06T04:07:46.000Z,,529.99,0,2026-04-20 13:31:22
227288928842,m50157183258,Louis Vuitton Zippy Wallet M69353 Brown Giant Monogram Excellent Box Dustbag,2026-04-06T04:08:11.000Z,,529.99,0,2026-04-20 13:31:22
227288929235,m51306442781,Louis Vuitton Monogram Zippy Vertical Climbing with Box and Pouch,2026-04-06T04:08:55.000Z,,789.99,0,2026-04-20 13:31:22
227288929589,m51964111985,Louis Vuitton Monogram Portefeuille Roo M82377 Wallet Compact Fuchsia AB,2026-04-06T04:09:23.000Z,,659.99,0,2026-04-20 13:31:22
227288930301,m52753431425,Louis Vuitton Monogram Empreinte Giant M83308 Wallet,2026-04-06T04:10:19.000Z,,759.99,1,2026-04-20 13:31:22
227288930753,m52797432325,Louis Vuitton Monogram Sara Long Wallet,2026-04-06T04:11:02.000Z,,529.99,0,2026-04-20 13:31:22
227288931606,m53849366418,LOUIS VUITTON Epi Zippy Wallet Rare Color Cyan,2026-04-06T04:12:23.000Z,,429.99,0,2026-04-20 13:31:22
227288931958,m54408268605,Louis Vuitton Monogram Pumpkin Dot Yayoi Kusama Zippy Wallet Long Wallet,2026-04-06T04:13:00.000Z,,719.99,2,2026-04-20 13:31:22
227288932214,m54511711281,Louis Vuitton Damier Portefeuille Sarah New Model,2026-04-06T04:13:23.000Z,,529.99,0,2026-04-20 13:31:22
227288932352,m55404991636,LOUIS VUITTON Long Wallet Porte-Documents Double V,2026-04-06T04:13:41.000Z,,529.99,0,2026-04-20 13:31:22
227288933332,m56059820879,2024 Pharrell Collaboration Limited Damier Pop Portefeuille Multiple,2026-04-06T04:15:11.000Z,,599.99,0,2026-04-20 13:31:22
227288934622,m59842276028,Louis Vuitton Zippy Wallet Empreinte Marine Rouge M62121,2026-04-06T04:15:57.000Z,,529.99,0,2026-04-20 13:31:22
227288934859,m61649061828,Louis Vuitton Monogram Long Wallet Brown Yellow Interior Used with Box,2026-04-06T04:16:13.000Z,,529.99,0,2026-04-20 13:31:22
227288937951,m70890821613,Louis Vuitton Monogram Empreinte Zippy Wallet Marinerouge 895,2026-04-06T04:18:01.000Z,,709.99,0,2026-04-20 13:31:22
227288943738,m82515885223,Louis Vuitton Zippy Wallet Empreinte Bicolor Turquoise Blue,2026-04-06T04:19:52.000Z,,739.99,0,2026-04-20 13:31:22
227288944452,m84780500761,Louis Vuitton Pilot Trion Three-Fold Wallet 900,2026-04-06T04:20:28.000Z,,829.99,0,2026-04-20 13:31:22
227288945081,m86473288682,Louis Vuitton Monogram Empreinte Portefeuille Emily Black C264,2026-04-06T04:21:06.000Z,,529.99,0,2026-04-20 13:31:22
227288945646,m88252678177,Louis Vuitton Monogram Empreinte Zippy Wallet Long Wallet IC Chip M81279,2026-04-06T04:21:46.000Z,,729.99,0,2026-04-20 13:31:22
227288946024,m90596536684,Louis Vuitton M61249 Tuileries Wallet Long Wallet,2026-04-06T04:22:09.000Z,,419.99,0,2026-04-20 13:31:22
227288947001,m93901962897,Louis Vuitton Long Wallet Porte-Feuille Clemence Monogram Pink,2026-04-06T04:22:53.000Z,,529.99,0,2026-04-20 13:31:22
227288947550,m95408430294,New Model IC Louis Vuitton Taiga Portefeuille Braz Long Wallet Authentic,2026-04-06T04:23:10.000Z,,529.99,0,2026-04-20 13:31:22
227288948543,m97611101366,Louis Vuitton Zippy Wallet Reverse Giant Long Wallet 852,2026-04-06T04:23:48.000Z,,649.99,0,2026-04-20 13:31:22
227289009774,m56298573998,Louis Vuitton Epi Zippy Wallet Indigo Blue Long Wallet 881,2026-04-06T05:16:19.000Z,,529.99,0,2026-04-20 13:31:22
227289009895,m56639802101,HERMES Jungle Love Silk Scarf White Navy Bee Embroidery 90cm VGC,2026-04-06T05:16:37.000Z,,689.99,0,2026-04-20 13:31:22
227289010053,m57583062181,Louis Vuitton Monogram Shadow Zippy Vertical with Box and Bag,2026-04-06T05:17:20.000Z,,619.99,0,2026-04-20 13:31:22
227289010503,m58942252030,Louis Vuitton Empreinte Zippy Wallet Noir 760,2026-04-06T05:18:02.000Z,,529.99,0,2026-04-20 13:31:22
227289010710,m61486435680,Louis Vuitton Monogram Empreinte Envelope Card Holder M80944,2026-04-06T05:18:19.000Z,,549.99,0,2026-04-20 13:31:22
227289010845,m64032088542,HERMES Faubourg Tropical Scarf 42cm Silk Pink Floral Excellent Condition,2026-04-06T05:18:42.000Z,,579.99,0,2026-04-20 13:31:22
227289011094,m65279242581,Louis Vuitton Brother Taiga Long Wallet 774,2026-04-06T05:19:04.000Z,,579.99,0,2026-04-20 13:31:22
227289011590,m66044512667,Louis Vuitton Monogram Zippy Wallet Pink Fuchsia Grain Leather Used,2026-04-06T05:19:46.000Z,,529.99,0,2026-04-20 13:31:22
227289011759,m66658029410,Brand New Unused Hermes Calvi Card Case,2026-04-06T05:20:20.000Z,,779.99,0,2026-04-20 13:31:22
227289012008,m66761727961,HERMÈS Carre 90 Pleated Scarf Ivory Green Multi CARPE DIEM Excellent Condition,2026-04-06T05:20:40.000Z,,419.99,0,2026-04-20 13:31:22
227289012215,m67429349762,"Louis Vuitton ポルトフォイユクレマンス 20x9cm モノグラム ブラウン 美品 Box, Dustbag",2026-04-06T05:21:04.000Z,,639.99,0,2026-04-20 13:31:22
227289012392,m39831510639,Chanel Silk Scarf Jewelry Tassel Pattern Bordeaux #CHANEL,2026-04-06T05:21:19.000Z,,489.99,0,2026-04-20 13:31:22
227289012973,m39877760887,GUCCI Long Wallet 598531 1DB0X 1000 Marina Black,2026-04-06T05:21:45.000Z,,409.99,0,2026-04-20 13:31:22
227289013523,m40018242454,CHANEL Wild Stitch Wallet Round Zip Navy,2026-04-06T05:22:14.000Z,,529.99,0,2026-04-20 13:31:22
227289013574,m68756263105,Louis Vuitton Zippy Wallet 10.5cm Leather Dark Navy Monogram Excellent Box,2026-04-06T05:22:17.000Z,,529.99,1,2026-04-20 13:31:22
227289013663,m40127825634,Chanel Card Case Mini Wallet Pouch Pink Beige Caviar Skin Gold Hardware,2026-04-06T05:22:31.000Z,,529.99,0,2026-04-20 13:31:22
227289013742,m40196687430,Hermès Togo Dogon Coin Case Card Case 1112,2026-04-06T05:22:39.000Z,,529.99,0,2026-04-20 13:31:22
227289013895,m40396620227,Gucci Blooms Round Zipper Long Wallet Flower Red,2026-04-06T05:23:01.000Z,,529.99,0,2026-04-20 13:31:22
227289014043,m68959222532,HERMÈS Cheval de Coeur Twilly 86cm Silk Black Pink New Unused,2026-04-06T05:23:17.000Z,,479.99,0,2026-04-20 13:31:22
227289014203,m69287203453,Rare Louis Vuitton Long Wallet Porte-Félicie Ugeni,2026-04-06T05:23:44.000Z,,689.99,0,2026-04-20 13:31:22
227289014805,m40800055427,New and Unused - GUCCI Mini Wallet Interlocking GG Logo Black,2026-04-06T05:24:38.000Z,,529.99,0,2026-04-20 13:31:22
227289014811,m40829546034,Hermès Long Wallet Folded Wallet Box Sommelier Diane Calf Black,2026-04-06T05:24:39.000Z,,399.99,0,2026-04-20 13:31:22
227289014887,m40854697781,Final Price Kate Spade Heart Pouch,2026-04-06T05:24:54.000Z,,529.99,0,2026-04-20 13:31:22
227289014935,m40986474975,Excellent Condition Current BURBERRY Tri-Fold Wallet Check 8072669 Wallet,2026-04-06T05:25:05.000Z,,529.99,0,2026-04-20 13:31:22
227289015394,m41036962760,Unused級 GUCCI Wallet 203887 Supreme Bee,2026-04-06T05:25:21.000Z,,399.99,0,2026-04-20 13:31:22
227289015500,m41111567423,Hermès Calvi Duo Card Case Coin Case Deep Blue,2026-04-06T05:25:22.000Z,,659.99,0,2026-04-20 13:31:22
227289016064,m41259893037,Gucci GG Small Wallet 11x8.5cm Leather Brown Blue Excellent with Box,2026-04-06T05:25:45.000Z,,529.99,0,2026-04-20 13:31:22
227289016373,m41613709793,GUCCI Wallet,2026-04-06T05:26:06.000Z,,449.99,0,2026-04-20 13:31:22
227289016762,m41693760180,Gucci Wallet GG Marmont Matelassé Leather Excellent Condition Authentic,2026-04-06T05:26:16.000Z,,529.99,0,2026-04-20 13:31:22
227289016993,m41743335439,Mint CHANEL Silk Scarf Red Navy,2026-04-06T05:26:21.000Z,,409.99,0,2026-04-20 13:31:22
227289017608,m72586703947,HERMES Carre 90 Mors a Jouets Silk Scarf Motif Boxed,2026-04-06T05:26:35.000Z,,429.99,0,2026-04-20 13:31:22
227289017985,m72601980637,Louis Vuitton Damier Sarah NM N40722 RFID Long Wallet Brown Pink Used Box,2026-04-06T05:26:45.000Z,,629.99,0,2026-04-20 13:31:22
227289018841,m72922880391,HERMÈS Carré 140 Scarf Silk Multicolor Reves d'Escargots Used,2026-04-06T05:27:05.000Z,,669.99,0,2026-04-20 13:31:22
227289019734,m73355836801,Rare Beautiful HERMES Carre 45 Flying Carre 100% Silk,2026-04-06T05:27:27.000Z,,459.99,0,2026-04-20 13:31:22
227289020042,m73719611367,Louis Vuitton Zippy Wallet 11x20cm Vernis Monogram Red Excellent No Accessories,2026-04-06T05:27:35.000Z,,609.99,0,2026-04-20 13:31:22
227289020516,m75650505266,HERMES Bolduc Twilly Scarf Fall Colors Ribbon Stripe Pristine Condition,2026-04-06T05:27:53.000Z,,479.99,0,2026-04-20 13:31:22
227289020547,m74774200645,Hermès Scarf Carré 90 Oriental and Western Stones with Box and Tag,2026-04-06T05:27:53.000Z,,589.99,0,2026-04-20 13:31:22
227289020634,m76853946513,Louis Vuitton Damier Long Wallet Canvas Gold Zipper Condition Fair,2026-04-06T05:28:11.000Z,,729.99,0,2026-04-20 13:31:22
227289020682,m76297795051,Louis Vuitton Epi Denim Zippy Wallet Round Zipper Long Wallet Blue,2026-04-06T05:28:17.000Z,,529.99,0,2026-04-20 13:31:22
227289020749,m77176870815,Zippy Wallet Mahina,2026-04-06T05:28:30.000Z,,539.99,0,2026-04-20 13:31:22
227289020757,m77697919431,LOUIS VUITTON Zippy Wallet Monogram Long Wallet,2026-04-06T05:28:33.000Z,,789.99,0,2026-04-20 13:31:22
227289020894,m78055770047,2024 Limited Louis Vuitton Blazon Long Wallet Portefeuille Brazza Black,2026-04-06T05:29:07.000Z,,529.99,0,2026-04-20 13:31:22
227289021001,m78266151918,Hermès Carré 90 Scarf Silk AXIS MUNDI World Center Axis,2026-04-06T05:29:11.000Z,,419.99,0,2026-04-20 13:31:22
227289021509,m79227529676,Unused! Louis Vuitton Zippy Organizer Damier,2026-04-06T05:29:30.000Z,,789.99,0,2026-04-20 13:31:22
227289021725,m79928503816,HERMES Carre 90 Golden Lotus Ladies Scarf Blue Silk,2026-04-06T05:29:51.000Z,,499.99,0,2026-04-20 13:31:22
227289021972,m42723828561,GUCCI Jumbo GG Continental Around Zipper Wallet,2026-04-06T05:30:12.000Z,,529.99,0,2026-04-20 13:31:22
227289021981,m42707725942,LOEWE Compact Wallet Anagram Tri-Fold Gray,2026-04-06T05:30:13.000Z,,599.99,0,2026-04-20 13:31:22
227289022220,m43145106562,HERMES Card Case Z Calvi Duo Black 2021 with Box,2026-04-06T05:30:36.000Z,,749.99,0,2026-04-20 13:31:22
227289022349,m43360750453,Burberry Triangle Scarf Cashmere Rose Pink Double Face 4006,2026-04-06T05:30:49.000Z,,459.99,0,2026-04-20 13:31:22
227289022836,m43533593968,Dior Long Wallet Beige Lady Dior Voyageur,2026-04-06T05:31:03.000Z,,609.99,0,2026-04-20 13:31:22
227289022918,m43614792263,GUCCI Bi-fold Wallet,2026-04-06T05:31:06.000Z,,529.99,0,2026-04-20 13:31:22
227289023101,m43631024863,"✨S Rank, Box Included✨ GUCCI Long Wallet, Charmy Techno Charm, Satin, Black",2026-04-06T05:31:28.000Z,,529.99,0,2026-04-20 13:31:22
227289023107,m43666141821,New Unused Loewe Puffer Anagram Vertical Wallet Small Wallet,2026-04-06T05:31:29.000Z,,699.99,0,2026-04-20 13:31:22
227289023206,m43983868221,Gucci Black Zip Wallet with Big Logo,2026-04-06T05:31:46.000Z,,529.99,1,2026-04-20 13:31:22
227289023226,m43990941687,GUCCI Cat Face Decoration Long Wallet Light Green ⭐︎ Slightly Imperfect,2026-04-06T05:31:52.000Z,,439.99,0,2026-04-20 13:31:22
227289023297,m80674088928,Hermès Key Holder H Tuxpeed 【Unused】,2026-04-06T05:32:00.000Z,,459.99,0,2026-04-20 13:31:22
227289023656,m80759174031,Louis Vuitton Zippy Wallet Vertical Monogram Shadow Black,2026-04-06T05:32:24.000Z,,799.99,0,2026-04-20 13:31:22
227289023839,m81215826148,HERMÈS Silk Scarf 90cm Horse & Knight Design New w/ Box,2026-04-06T05:32:47.000Z,,449.99,0,2026-04-20 13:31:22
227289023843,m81171334833,HERMÈS Carre 90 AUBE LIBRE COMME L' ANGE Silk Navy Multi Excellent Condition,2026-04-06T05:32:47.000Z,,759.99,0,2026-04-20 13:31:22
227289023993,m81385193225,HERMÈS Gavroche 42x43cm Silk White/Carmel/Pink Jules de Casting Nouveau,2026-04-06T05:33:06.000Z,,589.99,1,2026-04-20 13:31:22
227289024123,m81901993346,HERMÈS Carré 90 Silk Scarf 90cm White Floral Excellent Condition,2026-04-06T05:33:23.000Z,,859.99,0,2026-04-20 13:31:22
227289024185,m81926462043,New with Tags HERMES Twilly Amazon Festival Bandana Beige,2026-04-06T05:33:31.000Z,,489.99,0,2026-04-20 13:31:22
227289024284,m82009602319,HERMES Scarf City of Light Tag Attached 90 Silk,2026-04-06T05:33:47.000Z,,799.99,0,2026-04-20 13:31:22
227289024477,m82201075026,HERMÈS Slim Card Case 9x6.5cm Bicolor Good Condition Box & Card,2026-04-06T05:34:01.000Z,,369.99,1,2026-04-20 13:31:22
227289024707,m82441127836,Louis Vuitton Monogram Eclipse Trunk Zippy Wallet Long Wallet,2026-04-06T05:34:09.000Z,,569.99,0,2026-04-20 13:31:22
227289024850,m82741675849,HERMÈS carré 90 Maillons Silk Scarf Blue Yellow Gray New Condition,2026-04-06T05:34:19.000Z,,409.99,0,2026-04-20 13:31:22
227289024885,m82755265287,HERMÈS Carré 90 Scarf Grey/White/Green Silk Excellent Condition No Accessories,2026-04-06T05:34:25.000Z,,809.99,0,2026-04-20 13:31:22
227289025134,m83206463155,LOUIS VUITTON Monogram Galaxy Portefeuille Brazza Wallet,2026-04-06T05:34:46.000Z,,859.99,0,2026-04-20 13:31:22
227289025266,m83574916740,HERMÈS Scarf 60cm Silk Multicolor Brand Logo Excellent Condition No Accessories,2026-04-06T05:35:01.000Z,,739.99,0,2026-04-20 13:31:22
227289025754,m83464631623,HERMES Twilly 90 Silk Multicolor Logo Excellent with Box,2026-04-06T05:35:11.000Z,,409.99,0,2026-04-20 13:31:22
227289025793,m83643867091,HERMÈS Pleated Scarf Large Silk Navy Multicolor Landscape Excellent Condition,2026-04-06T05:35:18.000Z,,559.99,0,2026-04-20 13:31:22
227289025824,m83613212265,Louis Vuitton Long Wallet Clutch Bag Taiga Stripe Zippy XL 2357,2026-04-06T05:35:24.000Z,,529.99,1,2026-04-20 13:31:22
227289025866,m83789811004,Louis Vuitton Zippy Wallet Marine Rouge M62121 with IC Device,2026-04-06T05:35:30.000Z,,529.99,0,2026-04-20 13:31:22
227289025926,m83924659004,Louis Vuitton Mahina Wallet Pink Leather Boxed Excellent Condition,2026-04-06T05:35:42.000Z,,529.99,0,2026-04-20 13:31:22
227289026143,m84119599861,HERMÈS Scarf Carré 90 Gray Silk Elegant Rare Condition Excellent,2026-04-06T05:36:10.000Z,,889.99,0,2026-04-20 13:31:22
227289026269,m84562443434,Excellent Condition LOUIS VUITTON Utah Billfold Initials SM,2026-04-06T05:36:14.000Z,,529.99,0,2026-04-20 13:31:22
227289026482,m84532604485,Louis Vuitton Portefeuille Emily Long Wallet Black,2026-04-06T05:36:26.000Z,,429.99,0,2026-04-20 13:31:22
227289026615,m84771816585,LOUIS VUITTON Damier Black Leather Long Wallet,2026-04-06T05:36:32.000Z,,719.99,0,2026-04-20 13:31:22
227289026714,m84859260321,Louis Vuitton Epi Zippy Wallet Long Wallet Round Zip Black,2026-04-06T05:36:50.000Z,,579.99,0,2026-04-20 13:31:22
227289026726,m84881588913,Hermès Calvi Duo Card Case U Stamp,2026-04-06T05:36:54.000Z,,529.99,0,2026-04-20 13:31:22
227289026818,m85273723955,Louis Vuitton Giant Reverse Zippy Wallet 11cm Leather Brown Gold Unisex Mint,2026-04-06T05:37:18.000Z,,529.99,0,2026-04-20 13:31:22
227289026827,m85174128148,"HERMÈS Carré 45 Silk Scarf Blue ""Fragment of India"" N New with Box",2026-04-06T05:37:20.000Z,,409.99,1,2026-04-20 13:31:22
227289026905,m85349516509,LOUIS VUITTON M61697 Monogram Eclipse,2026-04-06T05:37:29.000Z,,669.99,0,2026-04-20 13:31:22
227289027059,m85629069577,Louis Vuitton RFID Verified M30056 Brazza Wallet Extreme Mint Condition,2026-04-06T05:37:56.000Z,,529.99,0,2026-04-20 13:31:22
227289027140,m86126976764,HERMÈS Carré 90 DO RE BOUCLES Silk 100% Beige New w/ Box & Ribbon,2026-04-06T05:38:15.000Z,,819.99,0,2026-04-20 13:31:22
227289027142,m86050101448,Louis Vuitton Portefeuille Comet Long Wallet with Zipper in Taurillon Leather,2026-04-06T05:38:15.000Z,,529.99,0,2026-04-20 13:31:22
227289027180,m86133624376,HERMÈS Magic Kelly 90cm Silk Scarf Blue-Green Multi Good Condition,2026-04-06T05:38:18.000Z,,819.99,0,2026-04-20 13:31:22
227289027301,m86403434327,Louis Vuitton Clemence Wallet Monogram Canvas Brown Fuchsia New Box,2026-04-06T05:38:24.000Z,,859.99,0,2026-04-20 13:31:22
227289027537,m86943717591,HERMÈS Carre 90 Petit-Duc Bateau Horse-Drawn Carriage Design Diagram,2026-04-06T05:38:43.000Z,,649.99,0,2026-04-20 13:31:22
227289027548,m87044270697,HERMES Scarf 2025 SS Please Hold the Line 90cm Silk White New,2026-04-06T05:38:46.000Z,,809.99,0,2026-04-20 13:31:22
227289027557,m86712789546,Louis Vuitton Zippy Wallet M82444 Monogram Reverse 19.5cm Excellent No Box,2026-04-06T05:38:48.000Z,,759.99,0,2026-04-20 13:31:22
227289027567,m87083291564,"Louis Vuitton Coin Purse Wallet. New/Unused. Brand Item, Bill and Card Holder",2026-04-06T05:38:50.000Z,,539.99,0,2026-04-20 13:31:22
227289027666,m87197572252,HERMES Amazon Theme Silk Scarf,2026-04-06T05:39:05.000Z,,479.99,0,2026-04-20 13:31:22
227289027730,m87274370033,Louis Vuitton Long Wallet Esepia 907,2026-04-06T05:39:14.000Z,,529.99,0,2026-04-20 13:31:22
227289027783,m87475639801,Louis Vuitton Aerogram Vertical Marine M81767 IC,2026-04-06T05:39:21.000Z,,549.99,0,2026-04-20 13:31:22
227289027788,m87493573703,HERMÈS Della Cavalleria Favolosa 90cm Silk Scarf Multi-Color Rare Excellent,2026-04-06T05:39:21.000Z,,779.99,0,2026-04-20 13:31:22
227289027811,m87511235202,New Unused Hermes Carre 90 Scarf 100% Silk with Box Storage Item Authentic,2026-04-06T05:39:23.000Z,,509.99,0,2026-04-20 13:31:22
227289027935,m87612797923,Unused Hermès Leather Calvi Duo Coin Case Card Case,2026-04-06T05:39:34.000Z,,649.99,0,2026-04-20 13:31:22
227289027987,m87741977946,Louis Vuitton Portefeuille Brazza M81405 Monogram Bandana,2026-04-06T05:39:47.000Z,,839.99,0,2026-04-20 13:31:22
227289028014,m87904459934,HERMES Scarf Carre 90 Silk Multicolor No Accessories,2026-04-06T05:39:55.000Z,,799.99,0,2026-04-20 13:31:22
227289028106,m88111946017,Louis Vuitton Eclipse Zippy Vertical Wallet #148 Excellent Condition,2026-04-06T05:40:09.000Z,,569.99,0,2026-04-20 13:31:22
227289028201,m88241637579,HERMES Card Case MagSafe Emman Faubourg,2026-04-06T05:40:18.000Z,,749.99,0,2026-04-20 13:31:22
227289028240,m88294670453,"Price Reduction! New Hermès Carré 90 ""Le Pommier Série"" 2026 Spring/Summer New",2026-04-06T05:40:20.000Z,,899.99,0,2026-04-20 13:31:22
227289028289,m88345176644,Unused Louis Vuitton Epi Zippy Wallet Black Long Wallet Round Zip,2026-04-06T05:40:22.000Z,,859.99,0,2026-04-20 13:31:22
227289028496,m88384917778,Louis Vuitton Monogram Eclipse Vertical Noir IC Wallet,2026-04-06T05:40:35.000Z,,769.99,0,2026-04-20 13:31:22
227289028542,m48422529307,HERMES New Libris Orange Shawl Cashmere Silk Blend,2026-04-06T05:40:42.000Z,,599.99,0,2026-04-20 13:31:22
227289028584,m89094024215,Louis Vuitton Monogram Giant Zippy Wallet 19.5cm Brown Excellent Cond.,2026-04-06T05:40:48.000Z,,729.99,0,2026-04-20 13:31:22
227289028593,m88746337060,"Louis Vuitton Epi Long Wallet, used for 1 month, in excellent condition!",2026-04-06T05:40:51.000Z,,679.99,0,2026-04-20 13:31:22
227289028607,m89237534417,Louis Vuitton Zippy Wallet 19cm Monogram Embossed Yellow Good Condition,2026-04-06T05:40:53.000Z,,779.99,0,2026-04-20 13:31:22
227289028630,m89165726073,HERMÈS Tutankhamun 90cm Silk Scarf Multicolor Unused with Bag 1994,2026-04-06T05:40:58.000Z,,799.99,0,2026-04-20 13:31:22
227289028639,m89305098438,HERMES Silk Scarf Carré 70 Authentic,2026-04-06T05:41:03.000Z,,519.99,0,2026-04-20 13:31:22
227289028657,m89347731382,LOUIS VUITTON Japan Limited Zippy Wallet Vertical,2026-04-06T05:41:11.000Z,,839.99,0,2026-04-20 13:31:22
227289028664,m89418385502,Louis Vuitton Epi Zippy Wallet Cruise Collection Raceline,2026-04-06T05:41:12.000Z,,729.99,0,2026-04-20 13:31:22
227289028686,m89471204225,Louis Vuitton Portefeuille Clemence M60742,2026-04-06T05:41:16.000Z,,529.99,0,2026-04-20 13:31:22
227289028697,m89443442203,Louis Vuitton New Tigerama Portefeuille Brazas Popular Long Wallet White,2026-04-06T05:41:18.000Z,,769.99,0,2026-04-20 13:31:22
227289028718,m89509088439,Louis Vuitton Eclipse Portefeuille Braz NM Long Wallet Black,2026-04-06T05:41:27.000Z,,529.99,0,2026-04-20 13:31:22
227289028734,m89662667350,Louis Vuitton Damier Graphite Zippy Wallet Vertical,2026-04-06T05:41:31.000Z,,529.99,0,2026-04-20 13:31:22
227289028756,m89663359313,Louis Vuitton Vernis Long Wallet Sarah Monogram Purple with Box,2026-04-06T05:41:33.000Z,,529.99,0,2026-04-20 13:31:22
227289028851,m89682651053,Louis Vuitton Long Wallet Portefeuille Emily Monogram Rose Ballerine,2026-04-06T05:41:36.000Z,,529.99,0,2026-04-20 13:31:22
227289029245,m89922642091,HERMÈS Scarf Carré 70 Silk Pink Floral Excellent Condition No Accessories,2026-04-06T05:41:42.000Z,,709.99,0,2026-04-20 13:31:22
227289029313,m89590348928,Hermes Carre 90 Les Folies du Faubourg Scarf Silk Excellent Condition,2026-04-06T05:41:45.000Z,,849.99,0,2026-04-20 13:31:22
227289029798,m89741309013,HERMES Carre 140 CIELS BYZANTINS Silk Scarf 136x138cm Vintage,2026-04-06T05:41:49.000Z,,549.99,0,2026-04-20 13:31:22
227289029841,m89769494732,"Hermès Card Case ""MagSafe"" Eman Aro Blue Navy",2026-04-06T05:41:52.000Z,,529.99,3,2026-04-20 13:31:22
227289029897,m89907427593,"HERMÈS Calvi Card Case 4""x3"" Vauvert Mustard Yellow New w/ Box",2026-04-06T05:42:04.000Z,,569.99,0,2026-04-20 13:31:22
227289029918,m90180057453,LOUIS VUITTON Long Wallet Damier Graphite Zippy XL,2026-04-06T05:42:08.000Z,,549.99,0,2026-04-20 13:31:22
227289029925,m90035609336,Hermès Scarf,2026-04-06T05:42:11.000Z,,789.99,0,2026-04-20 13:31:22
227289029949,m90157231290,Hermès Carre 90 Scarf Silk Stately Wheels with Tag,2026-04-06T05:42:19.000Z,,779.99,0,2026-04-20 13:31:22
227289029960,m90441273777,"Louis Vuitton Long Wallet Organizer Atoll (New, Unused)",2026-04-06T05:42:25.000Z,,849.99,0,2026-04-20 13:31:22
227289029962,m90327418988,LOUIS VUITTON Long Wallet,2026-04-06T05:42:27.000Z,,529.99,0,2026-04-20 13:31:22
227289029966,m90505533468,HERMÈS Carré 90 Silk Orange PELAGES ET CAMOUFLAGE New Condition Boxed,2026-04-06T05:42:27.000Z,,619.99,0,2026-04-20 13:31:22
227289029969,m90264559355,Hermès Carré 90 Grands Fonds Deep Sea Ladies Scarf Silk Blue,2026-04-06T05:42:28.000Z,,499.99,0,2026-04-20 13:31:22
227289029997,m90778392094,HERMES Calvi Duo - Brand New Unused,2026-04-06T05:42:36.000Z,,799.99,0,2026-04-20 13:31:22
227289030067,m90610532413,Special Price - Excellent Condition - Rare LOUIS VUITTON Monogram Long Wallet,2026-04-06T05:42:44.000Z,,529.99,0,2026-04-20 13:31:22
227289030109,m90819766497,"Price Reduction! Brand New Hermes Silk Bandana ""Abo・Bandana"" Carre 55 Black",2026-04-06T05:42:46.000Z,,599.99,0,2026-04-20 13:31:22
227289030127,m90978262291,HERMÈS Scarf CARRÉ 90 Silk Light Blue & White Elegant Design Used No Box,2026-04-06T05:42:47.000Z,,789.99,0,2026-04-20 13:31:22
227289030135,m90802789520,Louis Vuitton Zippy Organizer Leather Long Wallet Black #283,2026-04-06T05:42:47.000Z,,409.99,1,2026-04-20 13:31:22
227289030141,m90792650277,HERMÈS Twilly Scarf 2026 Silk Multicolor Cheval de Coeur New Excellent,2026-04-06T05:42:48.000Z,,459.99,0,2026-04-20 13:31:22
227289030162,m90896242378,Unused Louis Vuitton Damier Graphite Long Wallet,2026-04-06T05:42:52.000Z,,569.99,0,2026-04-20 13:31:22
227289030186,m91010445061,Louis Vuitton Long Wallet Monogram Eclipse Room with a View,2026-04-06T05:42:59.000Z,,589.99,0,2026-04-20 13:31:22
227289030229,m91097327079,HERMES 90 Twilly Silk White Anthracite Marron Kaleidoscope Unused with Box,2026-04-06T05:43:06.000Z,,459.99,0,2026-04-20 13:31:22
227289030230,m91297094116,New and Unused LOUIS VUITTON Portefeuille Brasil Long Wallet,2026-04-06T05:43:07.000Z,,839.99,0,2026-04-20 13:31:22
227289030232,m91143809045,HERMES Heart-Shaped Pocket Chief Silk,2026-04-06T05:43:07.000Z,,609.99,0,2026-04-20 13:31:22
227289030246,m91248936964,LOUIS VUITTON Monogram Long Wallet,2026-04-06T05:43:09.000Z,,529.99,0,2026-04-20 13:31:22
227289030254,m91357665869,HERMES Carré 90 La Rose Des Vents Compass Rose,2026-04-06T05:43:11.000Z,,429.99,1,2026-04-20 13:31:22
227289030285,m91401570699,Hermès Scarf Carre 90,2026-04-06T05:43:21.000Z,,859.99,1,2026-04-20 13:31:22
227289030306,m91824322368,HERMES Silk Scarf Blue Gold Chain Pattern Mint,2026-04-06T05:43:24.000Z,,589.99,0,2026-04-20 13:31:22
227289030319,m91735518712,HERMÈS carré 90 Maison des Carrés Purple Silk Scarf Rare Excellent Condition,2026-04-06T05:43:26.000Z,,819.99,0,2026-04-20 13:31:22
227289030334,m91564999404,Louis Vuitton Monogram Empreinte Zippy Wallet Noir Long Wallet 854,2026-04-06T05:43:30.000Z,,609.99,0,2026-04-20 13:31:22
227289030343,m92057999978,Louis Vuitton Taiga Zippy Dragonne Aldoards IC Long Wallet,2026-04-06T05:43:33.000Z,,599.99,0,2026-04-20 13:31:22
227289030344,m91567862586,Louis Vuitton Vernis Zippy Wallet Pomme d'Amour M91981 【Excellent Condition】,2026-04-06T05:43:33.000Z,,529.99,0,2026-04-20 13:31:22
227289030401,m92090180669,HERMES Carré 90 Envol Flying Dove Silk Scarf,2026-04-06T05:43:43.000Z,,509.99,0,2026-04-20 13:31:22
227289030440,m92146954719,LOUIS VUITTON ÉPI ZIPPY WALLET Long Wallet - Immediate Shipping,2026-04-06T05:43:49.000Z,,529.99,0,2026-04-20 13:31:22
227289030444,m92303280663,HERMES Scarf Carre 90 Versatile Color No Box,2026-04-06T05:43:50.000Z,,699.99,0,2026-04-20 13:31:22
227289030477,m92530722252,Louis Vuitton Eclipse Zippy Horizontal Monogram Zippy Wallet,2026-04-06T05:43:58.000Z,,849.99,0,2026-04-20 13:31:22
227289030479,m92547810839,Louis Vuitton America's Cup Organizer,2026-04-06T05:43:58.000Z,,399.99,0,2026-04-20 13:31:22
227289030490,m92401627539,Louis Vuitton Multicolor Long Wallet with Box - Rare - Excellent Condition,2026-04-06T05:44:00.000Z,,529.99,0,2026-04-20 13:31:22
227289030624,m92634974911,Louis Vuitton Epi × Eclipse Brother Business Jacket Black,2026-04-06T05:44:13.000Z,,569.99,0,2026-04-20 13:31:22
227289030638,m92661720848,Louis Vuitton Empreinte Portefeuille Emily 10x19cm Leather Blossom Wallet,2026-04-06T05:44:13.000Z,,529.99,0,2026-04-20 13:31:22
227289030698,m92913728710,HERMES Brides de Gala 90 Silk Beige/Green Horse Unused with Box,2026-04-06T05:44:17.000Z,,539.99,0,2026-04-20 13:31:22
227289030726,m92984813657,Louis Vuitton Brother Aerogram Long Wallet Black 753,2026-04-06T05:44:21.000Z,,839.99,0,2026-04-20 13:31:22
227289030741,m92794779741,Hermès Scarf,2026-04-06T05:44:26.000Z,,769.99,0,2026-04-20 13:31:22
227289030803,m93391974245,HERMÈS Scarf Carré 90 Silk Copeaux Orange Gold Brown Excellent Condition,2026-04-06T05:44:35.000Z,,759.99,0,2026-04-20 13:31:22
227289030808,m93411493507,Louis Vuitton Damier Long Wallet - Excellent Condition!!,2026-04-06T05:44:35.000Z,,529.99,0,2026-04-20 13:31:22
227289030830,m93433904258,HERMES Carre 70 I Like Flowers,2026-04-06T05:44:38.000Z,,549.99,0,2026-04-20 13:31:22
227289030854,m93899616168,HERMES Carre 90 Springs Silk Red Unused with Box,2026-04-06T05:44:43.000Z,,489.99,0,2026-04-20 13:31:22
227289030861,m93530955108,Louis Vuitton Monogram Emboss Zippy Wallet Lamb Leather Black Used,2026-04-06T05:44:44.000Z,,859.99,0,2026-04-20 13:31:22
227289030870,m93808519440,Brand New Louis Vuitton Damier折り財布,2026-04-06T05:44:45.000Z,,529.99,0,2026-04-20 13:31:22
227289030897,m93921039609,HERMÈS Carré 90 100% Silk Scarf Sun King Navy Green Excellent Condition,2026-04-06T05:44:52.000Z,,409.99,0,2026-04-20 13:31:22
227289030903,m94187835839,Louis Vuitton Authentic Monogram Empreinte Zippy Wallet Rose Pink,2026-04-06T05:44:54.000Z,,439.99,0,2026-04-20 13:31:22
227289030920,m94412682064,"Louis Vuitton LV Braz Long Wallet N62665 New, Complete Accessories",2026-04-06T05:44:58.000Z,,709.99,0,2026-04-20 13:31:22
227289030934,m94326324374,Louis Vuitton Brother Eclipse Long Wallet 735,2026-04-06T05:45:01.000Z,,529.99,0,2026-04-20 13:31:22
227289030940,m94516168846,Hermès Scarf,2026-04-06T05:45:03.000Z,,809.99,0,2026-04-20 13:31:22
227289030956,m94657200027,HERMÈS Jungle Love Scarf 90cm Silk Multicolor Excellent Condition,2026-04-06T05:45:05.000Z,,529.99,0,2026-04-20 13:31:22
227289030974,m94755555045,"HERMÈS Twilly 5x86.5cm 100% Silk Green Multicolor New w/ Box, Ribbon, Tag",2026-04-06T05:45:08.000Z,,449.99,0,2026-04-20 13:31:22
227289030995,m94763779316,Louis Vuitton Portefeuille Brazza Wallet,2026-04-06T05:45:12.000Z,,809.99,0,2026-04-20 13:31:22
227290105773,m11472691953,Louis Vuitton Unused Epi Kirigami Necklace Coin Case Card Case,2026-04-07T01:24:32.000Z,,529.99,0,2026-04-20 13:31:22
227290105937,m57584089513,Louis Vuitton Monogram Eclipse Organizer Dauphine Card Case,2026-04-07T01:24:56.000Z,,449.99,0,2026-04-20 13:31:22
227290106071,m61833564254,Louis Vuitton Card Case Porte Cartes Semple Monogram Reverse,2026-04-07T01:25:12.000Z,,449.99,0,2026-04-20 13:31:22
227290106255,m71231564461,Louis Vuitton M25700 Card Case Porte Cartes Romy,2026-04-07T01:25:30.000Z,,719.99,1,2026-04-20 13:31:22
227290106805,m78521584938,Louis Vuitton Portefeuille Capucines Card Case 11x7.5cm Taurillon Beige S Rank,2026-04-07T01:26:15.000Z,,649.99,0,2026-04-20 13:31:22
227290107101,m87375020079,Louis Vuitton LV × TM Card Case 11x7cm Monogram Canvas Sakura Brown New,2026-04-07T01:26:40.000Z,,839.99,0,2026-04-20 13:31:22
227290107247,m54544736107,Louis Vuitton Taiga Organizer de Poche,2026-04-07T01:26:56.000Z,,529.99,0,2026-04-20 13:31:22
227290107424,m59859808783,Louis Vuitton Fragment Case,2026-04-07T01:27:13.000Z,,579.99,0,2026-04-20 13:31:22
227290107585,m61320697650,Louis Vuitton Card Case Monogram Organizer de Poche In Excellent Condition,2026-04-07T01:27:34.000Z,,639.99,0,2026-04-20 13:31:22
227290107857,m63592568116,LOUIS VUITTON Long Wallet NM TAIGA NOIR,2026-04-07T01:27:52.000Z,,529.99,0,2026-04-20 13:31:22
227290108101,m64046552353,Louis Vuitton Card Case Business Card Holder Wallet Purchased at Hankyu,2026-04-07T01:28:10.000Z,,529.99,1,2026-04-20 13:31:22
227290108532,m81273626716,LOUIS VUITTON Double Zipped Card Case,2026-04-07T01:28:44.000Z,,529.99,0,2026-04-20 13:31:22
227290108714,m80840082978,LOUIS VUITTON MagSafe Portacarte Magnet,2026-04-07T01:28:59.000Z,,529.99,0,2026-04-20 13:31:22
227290108899,m89334990610,LOUIS VUITTON Empreinte Card Case White Excellent Condition,2026-04-07T01:29:14.000Z,,429.99,0,2026-04-20 13:31:22
227290109249,2JFugwsKFR6fwnyyzP5gPM,LOUIS VUITTON Monogram Trianon Organizer Poche M69044 Card Case,2026-04-07T01:29:38.000Z,,429.99,0,2026-04-20 13:31:22
227290110250,m23071909307,Louis Vuitton Eclipse Multicle 6 Monogram 6-Key Case in Excellent Condition,2026-04-07T01:30:28.000Z,,439.99,0,2026-04-20 13:31:22
227290110853,m57908494029,Louis Vuitton Flower Motif Charm,2026-04-07T01:31:05.000Z,,539.99,0,2026-04-20 13:31:22
227290111527,m58337298847,LOUIS VUITTON Bag Charm,2026-04-07T01:31:20.000Z,,499.99,0,2026-04-20 13:31:22
227290111817,m61273231637,Louis Vuitton Key Case Monogram Eclipse Multiclés 6 Excellent Condition,2026-04-07T01:31:39.000Z,,419.99,0,2026-04-20 13:31:22
227290112202,m64754212238,Louis Vuitton Monogram Eclipse Keyring 1659,2026-04-07T01:32:01.000Z,,609.99,0,2026-04-20 13:31:22
227290112479,m67320512285,Louis Vuitton Key Case Multiclés 6 New,2026-04-07T01:32:17.000Z,,529.99,0,2026-04-20 13:31:22
227290112710,m67691007317,Louis Vuitton Key Ring with Coffee Cup Accessory,2026-04-07T01:32:31.000Z,,459.99,0,2026-04-20 13:31:22
227290113057,m70370304649,LOUIS VUITTON Porte-Clé Flower Ring (Keychain/Charm),2026-04-07T01:32:50.000Z,,439.99,0,2026-04-20 13:31:22
227290113402,m70984403251,Louis Vuitton Key Holder Charm M00356 Logo 1648,2026-04-07T01:33:10.000Z,,519.99,0,2026-04-20 13:31:22
227290113636,m72672924802,Louis Vuitton Portekre Vivienne Keyring M69011,2026-04-07T01:33:25.000Z,,759.99,0,2026-04-20 13:31:22
227290114180,m77110317032,LOUIS VUITTON Key Holder Vivienne Charm M0119,2026-04-07T01:34:00.000Z,,709.99,0,2026-04-20 13:31:22
227290114384,m77482576725,One-Day Sale Louis Vuitton Keychain Gold Silver,2026-04-07T01:34:12.000Z,,469.99,0,2026-04-20 13:31:22
227290114651,m81922969901,Rare Louis Vuitton Illustre Charm Keychain,2026-04-07T01:34:28.000Z,,519.99,0,2026-04-20 13:31:22
227290114895,m83719772416,Louis Vuitton Padlock Key Holder Tortoiseshell Style Popular,2026-04-07T01:34:41.000Z,,539.99,0,2026-04-20 13:31:22
227290115153,m84585213545,Final Price Drop! Louis Vuitton Bijou Sac Chienne Fleur To Epi,2026-04-07T01:34:57.000Z,,599.99,0,2026-04-20 13:31:22
227290115393,m87575741386,LOUIS VUITTON Monogram Black Key Holder,2026-04-07T01:35:15.000Z,,489.99,0,2026-04-20 13:31:22
227290115621,m92711915157,LOUIS VUITTON Monogram Key Holder,2026-04-07T01:35:29.000Z,,589.99,0,2026-04-20 13:31:22
227290115883,m99830443285,Murakami Takashi Louis Vuitton Panda Keychain Charm New,2026-04-07T01:35:45.000Z,,629.99,0,2026-04-20 13:31:22
227290116215,2JPTABoYGp9eW5F5Dri9PM,LOUIS VUITTON Bag Charm Porte Clés Illustré Wild At Heart MP3070 Pink,2026-04-07T01:36:10.000Z,,539.99,0,2026-04-20 13:31:22
227290116378,m24200536815,Louis Vuitton Zippy Coin Purse Compact Monogram Wallet Brown Excellent Cond.,2026-04-07T01:36:22.000Z,,569.99,0,2026-04-20 13:31:22
227290116588,m21300619211,Louis Vuitton Coin Case,2026-04-07T01:36:35.000Z,,529.99,1,2026-04-20 13:31:22
227290116976,m31197867948,LV × TM Bandou BB Monogram Multicolor Takashi Murakami,2026-04-07T01:37:10.000Z,,689.99,1,2026-04-20 13:31:22
227290117365,m34250189481,Louis Vuitton Monogram Empreinte Recto Verso Coin Case Key Case,2026-04-07T01:37:32.000Z,,529.99,10,2026-04-20 13:31:22
227290118147,m46911656977,Louis Vuitton Scarf,2026-04-07T01:38:21.000Z,,459.99,0,2026-04-20 13:31:22
227290118401,m55753991785,Louis Vuitton Coin Case Limited Edition Sold Out Model New Unused Item,2026-04-07T01:38:37.000Z,,729.99,0,2026-04-20 13:31:22
227290118599,m60952253361,LOUIS VUITTON Light Blue Denim Cashmere Large Scarf,2026-04-07T01:38:50.000Z,,409.99,0,2026-04-20 13:31:22
227290118897,m61751612069,Louis Vuitton Leopard Pattern Stole Red Brown Logo Light Blue,2026-04-07T01:39:10.000Z,,819.99,0,2026-04-20 13:31:22
227290120325,m65713453409,New Louis Vuitton x Murakami Cherry Pattern Bandeau,2026-04-07T01:39:55.000Z,,559.99,0,2026-04-20 13:31:22
227290120586,m66073790673,Louis Vuitton Fragment Case Card Case,2026-04-07T01:40:10.000Z,,399.99,0,2026-04-20 13:31:22
227290121905,m70462819832,Louis Vuitton Monogram Taiga Rama Blue Coin Case Fragment Case,2026-04-07T01:41:08.000Z,,449.99,0,2026-04-20 13:31:22
227290122301,m76630628153,Louis Vuitton Stole Leopard Print,2026-04-07T01:41:35.000Z,,509.99,0,2026-04-20 13:31:22
227290122978,m78829873566,Louis Vuitton M30839 Coin Card Holder Taigarama Silver Gray,2026-04-07T01:42:14.000Z,,529.99,0,2026-04-20 13:31:22
227290123256,m78849325053,Louis Vuitton Damier Graphite Coin Case 1691,2026-04-07T01:42:34.000Z,,529.99,0,2026-04-20 13:31:22
227290123409,m82447446008,Louis Vuitton Bandeau 90cm Silk Pink Cute Fashion Scarf New Condition,2026-04-07T01:42:45.000Z,,439.99,0,2026-04-20 13:31:22
227290123672,m83157140686,Louis Vuitton Bandana Monogram Glow S00,2026-04-07T01:43:03.000Z,,489.99,0,2026-04-20 13:31:22
227290124473,m87227851308,Louis Vuitton Vernis Portemonnaie Amarant Coin Case,2026-04-07T01:44:02.000Z,,419.99,0,2026-04-20 13:31:22
227290124646,m88401227897,Louis Vuitton Bag Pouch Bag-in-Bag Damier,2026-04-07T01:44:16.000Z,,529.99,0,2026-04-20 13:31:22
227290124842,m90988633744,Louis Vuitton Scarf,2026-04-07T01:44:33.000Z,,449.99,0,2026-04-20 13:31:22
227290125485,m94572650954,Louis Vuitton Fragment Case Porte Cartes Romy A63,2026-04-07T01:45:30.000Z,,529.99,0,2026-04-20 13:31:22
227290125676,m24074328105,Louis Vuitton Mahina Porte Feuille Iris Compact Wallet Pink,2026-04-07T01:45:55.000Z,,529.99,0,2026-04-20 13:31:22
227290125904,m27211064802,Louis Vuitton Monogram Zippy Wallet Rosary Fuchsia,2026-04-07T01:46:17.000Z,,399.99,0,2026-04-20 13:31:22
227290126129,m29992859969,Louis Vuitton Giant Reverse Zippy Wallet,2026-04-07T01:46:37.000Z,,529.99,0,2026-04-20 13:31:22
227290126426,m33714712470,Louis Vuitton LV × TM Portemonnaie Rosalie Compact Wallet Sold Out Item,2026-04-07T01:47:11.000Z,,779.99,0,2026-04-20 13:31:22
227290126799,m36722226117,Unused Level LOUIS VUITTON Portefeuille Lisa Empreinte Noir Black,2026-04-07T01:47:36.000Z,,789.99,0,2026-04-20 13:31:22
227290127818,m45935985235,Louis Vuitton Vertical CP Wallet Pink Wallet M99,2026-04-07T01:48:54.000Z,,529.99,0,2026-04-20 13:31:22
227290128768,m53080234189,Louis Vuitton Mahina Portefeuille Iris Compact Wallet,2026-04-07T01:50:12.000Z,,529.99,0,2026-04-20 13:31:22
227290129059,m54272181259,Louis Vuitton Wallet Beige Pink Monogram Bifold Gold Hardware Mint Condition,2026-04-07T01:50:28.000Z,,719.99,0,2026-04-20 13:31:22
227290129738,m57021437558,LOUIS VUITTON Capucines Tri-Fold Wallet Beige,2026-04-07T01:51:05.000Z,,449.99,0,2026-04-20 13:31:22
227290130141,m57329440241,Louis Vuitton Monogram Mahina Portefeuille Iris XS Veil Lagoon,2026-04-07T01:51:27.000Z,,529.99,0,2026-04-20 13:31:22
227290130455,m57789734104,Louis Vuitton Portefeuille Capucines XS Compact 3-Fold Wallet Mini,2026-04-07T01:51:49.000Z,,529.99,0,2026-04-20 13:31:22
227290130684,m58449420625,Louis Vuitton Portefeuille Dauphine Folded Wallet Monogram,2026-04-07T01:52:09.000Z,,529.99,0,2026-04-20 13:31:22
227290131079,m59714577060,Louis Vuitton Long Wallet,2026-04-07T01:52:54.000Z,,529.99,0,2026-04-20 13:31:22
227290131285,m59974855608,Louis Vuitton Monogram Folded Wallet,2026-04-07T01:53:19.000Z,,529.99,0,2026-04-20 13:31:22
227290131506,m60105648725,Louis Vuitton Portefeuille Victorine Wallet 12cm Monogram Leather Black Beige,2026-04-07T01:53:35.000Z,,709.99,0,2026-04-20 13:31:22
227290132108,m60944066889,Louis Vuitton Chain Mini Wallet Coin Case Black,2026-04-07T01:54:23.000Z,,529.99,0,2026-04-20 13:31:22
227290132319,m61757873830,LOUIS VUITTON Pochette Clé Coin Case,2026-04-07T01:54:42.000Z,,529.99,1,2026-04-20 13:31:22
227290132528,m62712546418,LOUIS VUITTON Mini Wallet Porte-Feuille Rock,2026-04-07T01:55:00.000Z,,419.99,0,2026-04-20 13:31:22
227290132717,m63731290247,Louis Vuitton Portefeuille Cléa Mahina Folding Wallet,2026-04-07T01:55:21.000Z,,549.99,0,2026-04-20 13:31:22
227290133314,m64930542201,Louis Vuitton Women's Wallet,2026-04-07T01:56:12.000Z,,419.99,0,2026-04-20 13:31:22
227290133663,m65615283352,Louis Vuitton Monogram Porte-Feuille Zippy Rose Ballerine Folding Wallet,2026-04-07T01:56:39.000Z,,419.99,0,2026-04-20 13:31:22
227290134975,m69275698075,Louis Vuitton Epi (Love Lock) Port Monnaie Cool Coin Case,2026-04-07T01:58:05.000Z,,529.99,0,2026-04-20 13:31:22
227290135796,m70808527723,Louis Vuitton Monogram Porte-Feuille Elene Tri-Fold Wallet,2026-04-07T01:58:49.000Z,,529.99,0,2026-04-20 13:31:22
227290136343,m71319624693,Louis Vuitton Portefeuille My Lock Me Long Wallet with Accessories Noir Black,2026-04-07T01:59:30.000Z,,529.99,0,2026-04-20 13:31:22
227290136645,m71555068551,Louis Vuitton Monogram Giant Zippy Coin Purse,2026-04-07T01:59:58.000Z,,529.99,0,2026-04-20 13:31:22
227290136882,m71880577093,Louis Vuitton Empreinte Portefeuille Victorine,2026-04-07T02:00:15.000Z,,529.99,0,2026-04-20 13:31:22
227290137221,m72451816369,Louis Vuitton Bi-Fold Wallet Monogram Perfo M95218,2026-04-07T02:00:35.000Z,,529.99,0,2026-04-20 13:31:22
227290139131,m75333994092,LOUIS VUITTON Black Folding Wallet,2026-04-07T02:01:56.000Z,,529.99,0,2026-04-20 13:31:22
227290139325,m75451746962,Louis Vuitton Portefeuille Twist Compact XS Pink Tri-Fold Épi,2026-04-07T02:02:25.000Z,,429.99,0,2026-04-20 13:31:22
227290139522,m75517762582,Louis Vuitton Monogram Tri-Fold Wallet - Excellent Condition,2026-04-07T02:02:42.000Z,,449.99,0,2026-04-20 13:31:22
227290139900,m77800267136,Beautiful LOUIS VUITTON Tri-Fold Wallet Beige,2026-04-07T02:03:13.000Z,,429.99,0,2026-04-20 13:31:22
227290140272,m78646048421,Louis Vuitton M62796 Coin Case,2026-04-07T02:03:30.000Z,,529.99,0,2026-04-20 13:31:22
227290140676,m79696859614,Louis Vuitton Portefeuille Lou Bi-Fold Wallet Beige Leather Rare,2026-04-07T02:04:18.000Z,,649.99,0,2026-04-20 13:31:22
227290140799,m79828377571,Louis Vuitton Damier Ebene Bifold Wallet Brown Near Mint Box Dustbag,2026-04-07T02:04:37.000Z,,529.99,0,2026-04-20 13:31:22
227290140936,m81004174715,Louis Vuitton Monogram Empreinte Portefeuille Victoire,2026-04-07T02:04:57.000Z,,369.99,0,2026-04-20 13:31:22
227290141044,m80836100555,LOUIS VUITTON Pochette Clés New Unused Monogram Midnight,2026-04-07T02:05:12.000Z,,529.99,0,2026-04-20 13:31:22
227290141624,m81851828698,Louis Vuitton Vernis Porte-Monnaie Heart Coin Case Dark Brown Charm,2026-04-07T02:05:57.000Z,,409.99,0,2026-04-20 13:31:22
227290141849,m82118648627,Louis Vuitton Vernis Viennois Amarante Wallet,2026-04-07T02:06:14.000Z,,529.99,0,2026-04-20 13:31:22
227290142358,m83112979929,Louis Vuitton Lockme Zippy Coin Purse Black,2026-04-07T02:06:52.000Z,,529.99,0,2026-04-20 13:31:22
227290142617,m83346804271,Louis Vuitton Twist Epi Compact Wallet Noir Excellent Tri-Fold,2026-04-07T02:07:14.000Z,,569.99,0,2026-04-20 13:31:22
227290143062,m84153992304,Louis Vuitton Long Wallet Portefeuille Sarah Monogram Empreinte,2026-04-07T02:07:54.000Z,,419.99,0,2026-04-20 13:31:22
227290143312,m84513420373,"Louis Vuitton Monogram Empreinte Portefeuille Clé, Nearly Unused",2026-04-07T02:08:16.000Z,,849.99,0,2026-04-20 13:31:22
227290144611,m87481061517,Louis Vuitton Bicolor Monogram Empreinte Wallet Beige Box/Card,2026-04-07T02:09:33.000Z,,819.99,0,2026-04-20 13:31:22
227290145559,m89170090655,Certified Extreme Beautiful Louis Vuitton Monogram Reverse Portefeuille Juliette,2026-04-07T02:10:25.000Z,,529.99,0,2026-04-20 13:31:22
227290146166,m89541868268,Louis Vuitton My Lockme Compact Noir Tri-Fold Wallet,2026-04-07T02:10:58.000Z,,529.99,0,2026-04-20 13:31:22
227290146898,m92457072478,"Louis Vuitton Damier Graphite Zippy Coin Purse, Original Price 66,000 JPY",2026-04-07T02:12:06.000Z,,529.99,0,2026-04-20 13:31:22
227290147849,m93696023560,Louis Vuitton Coin Case,2026-04-07T02:13:12.000Z,,529.99,0,2026-04-20 13:31:22
227290148402,m93958591832,New Louis Vuitton Damier Viennois Coin Purse Gold Brown 1268,2026-04-07T02:13:32.000Z,,399.99,0,2026-04-20 13:31:22
227290148570,m94342354020,LOUIS VUITTON Multicolor Coin Case,2026-04-07T02:13:46.000Z,,529.99,1,2026-04-20 13:31:22
227290148898,m97803084173,Excellent Condition LOUIS VUITTON Portefeuille Victorine Monogram,2026-04-07T02:14:10.000Z,,529.99,0,2026-04-20 13:31:22
227290160063,m53630079749,Louis Vuitton Capucines Wallet 19.5cm Trifold Leather Black AA No Accessories,2026-04-07T02:26:04.000Z,,669.99,0,2026-04-20 13:31:22
227290160280,m53915112960,Louis Vuitton Monogram Empreinte Zippy Wallet Navy Long Wallet Mint,2026-04-07T02:26:29.000Z,,529.99,0,2026-04-20 13:31:22
227290160658,m54894015644,Louis Vuitton Pink Damier Portefeuille,2026-04-07T02:26:55.000Z,,829.99,0,2026-04-20 13:31:22
227290160951,m57389670336,Beautiful Louis Vuitton Current Monogram Portefeuille Clemence Pink Wallet,2026-04-07T02:27:19.000Z,,529.99,0,2026-04-20 13:31:22
227290161510,m57127177796,Louis Vuitton Aerogram Porte-Feuille Pilot Wallet Black,2026-04-07T02:27:46.000Z,,769.99,0,2026-04-20 13:31:22
227290162310,m58161355585,Louis Vuitton Discovery Compact Wallet Monogram Eclipse,2026-04-07T02:28:37.000Z,,449.99,1,2026-04-20 13:31:22
227290162550,m58557355430,Louis Vuitton Black Bi-Fold Long Wallet,2026-04-07T02:28:56.000Z,,529.99,0,2026-04-20 13:31:22
227290162676,m58856341155,LOUIS VUITTON Long Wallet,2026-04-07T02:29:09.000Z,,449.99,0,2026-04-20 13:31:22
227290162997,m59609945966,Louis Vuitton Monogram Zippy Wallet Long Wallet,2026-04-07T02:29:29.000Z,,419.99,0,2026-04-20 13:31:22
227290163129,m59715952493,Louis Vuitton Monogram Porte-Feuille Clemence Flower Charm Flower,2026-04-07T02:29:40.000Z,,429.99,0,2026-04-20 13:31:22
227290163512,m59784915946,Louis Vuitton Monogram Empreinte New Portefeuille Sarah Long Wallet Pink,2026-04-07T02:30:03.000Z,,429.99,2,2026-04-20 13:31:22
227290163905,m61103591940,Louis Vuitton Portefeuille Capucines LV Black,2026-04-07T02:30:23.000Z,,409.99,0,2026-04-20 13:31:22
227290164323,m61160161381,Louis Vuitton Long Wallet Damier Portefeuille Accordion,2026-04-07T02:30:39.000Z,,409.99,0,2026-04-20 13:31:22
227290164628,m65700493724,Louis Vuitton Mahina Monogram Compact Wallet Magnolia Pink Near Mint,2026-04-07T02:30:58.000Z,,669.99,0,2026-04-20 13:31:22
227290164857,m63320127410,Louis Vuitton Empreinte Zippy Wallet,2026-04-07T02:31:14.000Z,,529.99,0,2026-04-20 13:31:22
227290165254,m64632779680,LOUIS VUITTON Burgundy Long Wallet with Box and Bag Included,2026-04-07T02:31:44.000Z,,429.99,0,2026-04-20 13:31:22
227290165476,m64881167770,二つ折り財布 レディース トリヨン ブラック 箱付 ルイヴィトン,2026-04-07T02:32:09.000Z,,529.99,0,2026-04-20 13:31:22
227290165755,m64998765815,Louis Vuitton Damier Eben Porte-Feuille Normandy Long Wallet Bifold,2026-04-07T02:32:29.000Z,,529.99,0,2026-04-20 13:31:22
227290165965,m65356356508,Louis Vuitton Portefeuille Clemence Monogram Brown M60742 Excellent Condition,2026-04-07T02:32:45.000Z,,409.99,0,2026-04-20 13:31:22
227290166211,m65889264383,Louis Vuitton Monogram Zippy Wallet Cocorico Long Wallet Excellent Condition,2026-04-07T02:33:03.000Z,,439.99,0,2026-04-20 13:31:22
227290166893,m66526444419,Louis Vuitton Empreinte Zippy Wallet Black,2026-04-07T02:33:20.000Z,,439.99,0,2026-04-20 13:31:22
227290167168,m66911610736,Louis Vuitton Porte-Feuille Lock Me 2 M62328 Authentic with Box,2026-04-07T02:33:39.000Z,,429.99,0,2026-04-20 13:31:22
227290167584,m67243910894,Louis Vuitton Portefeuille Sarahh Giant Reverse Wallet Brown 10x19cm Excellent,2026-04-07T02:34:13.000Z,,529.99,0,2026-04-20 13:31:22
227290167899,m68713202606,Louis Vuitton Vernis Zippy Wallet Light Green Round Zip Clean Condition,2026-04-07T02:34:33.000Z,,649.99,0,2026-04-20 13:31:22
227290168134,m68794212804,Louis Vuitton Damier Ebene Wallet 19cm Leather Brown Monogram Excellent + Dust,2026-04-07T02:34:53.000Z,,529.99,0,2026-04-20 13:31:22
227290168955,m69363342251,Louis Vuitton Monogram Empreinte Zippy Wallet Orôle Long Wallet,2026-04-07T02:35:37.000Z,,529.99,0,2026-04-20 13:31:22
227290169235,m70328290261,Louis Vuitton Monogram Empreinte Zippy Wallet Brown,2026-04-07T02:35:59.000Z,,529.99,0,2026-04-20 13:31:22
227290169475,m70978821502,Louis Vuitton Portefeuille Iris Noir,2026-04-07T02:36:17.000Z,,409.99,0,2026-04-20 13:31:22
227290169657,m71026420818,Louis Vuitton Zippy Wallet Monogram Multicolor 10.5x19.5cm Leather,2026-04-07T02:36:36.000Z,,529.99,0,2026-04-20 13:31:22
227290169785,m71784234524,Louis Vuitton Monogram Wallet Enamel Leather Dark Green Unused Box & Card,2026-04-07T02:36:54.000Z,,659.99,0,2026-04-20 13:31:22
227290169918,m72749704984,Louis Vuitton Taiga Bi-Fold Wallet,2026-04-07T02:37:11.000Z,,529.99,0,2026-04-20 13:31:22
227290170235,m72835405524,Louis Vuitton Wallet Juliette Monogram Canvas Medium Gold Snap,2026-04-07T02:37:31.000Z,,569.99,0,2026-04-20 13:31:22
227290170516,m73242704443,Louis Vuitton Monogram Zippy Wallet Retiro Long Wallet,2026-04-07T02:37:48.000Z,,529.99,0,2026-04-20 13:31:22
227290170713,m73628284441,Louis Vuitton Long Wallet Empreinte 19x10cm Black Leather AB Condition,2026-04-07T02:38:09.000Z,,589.99,0,2026-04-20 13:31:22
227290170854,m73849929772,Louis Vuitton Monogram Giant Zippy Wallet Brown A Rank No Box,2026-04-07T02:38:30.000Z,,609.99,0,2026-04-20 13:31:22
227290171071,m76370758651,Louis Vuitton Monogram Portefeuille Sarah Red Wallet 273,2026-04-07T02:39:00.000Z,,529.99,1,2026-04-20 13:31:22
227290171463,m76980434369,Louis Vuitton Zippy Wallet Empreinte Long Wallet New Model,2026-04-07T02:39:41.000Z,,529.99,1,2026-04-20 13:31:22
227290171658,m77112452674,Louis Vuitton Long Wallet Empreinte Zippy Wallet New Model Pink,2026-04-07T02:40:00.000Z,,529.99,1,2026-04-20 13:31:22
227290171908,m77729267554,Louis Vuitton Portefeuille Comet Taurillon L-Zip Long Wallet Greige,2026-04-07T02:40:22.000Z,,439.99,0,2026-04-20 13:31:22
227290172153,m78116146700,Louis Vuitton Portefeuille Capucines Long Wallet Taurillon Leather,2026-04-07T02:40:38.000Z,,529.99,0,2026-04-20 13:31:22
227290172368,m78521977746,Louis Vuitton Bi-Fold Wallet,2026-04-07T02:40:51.000Z,,529.99,0,2026-04-20 13:31:22
227290172738,m78626613616,LOUIS VUITTON Monogram Folded Wallet,2026-04-07T02:41:12.000Z,,579.99,0,2026-04-20 13:31:22
227290172997,m78991758748,Louis Vuitton Compact Tri-Fold Wallet Excellent Condition,2026-04-07T02:41:28.000Z,,419.99,0,2026-04-20 13:31:22
227290173539,m79547011462,Louis Vuitton Zippy Wallet M81226 19.5cm Denim Blue Monogram AB Condition,2026-04-07T02:41:44.000Z,,879.99,0,2026-04-20 13:31:22
227290173847,m79885105879,Louis Vuitton Mahina Iris Long Wallet 19cm Ivory Leather Excellent Condition,2026-04-07T02:42:04.000Z,,729.99,0,2026-04-20 13:31:22
227290174168,m81378103280,Louis Vuitton Empriente Victorine Wallet Leather Beige Milk Tea Used,2026-04-07T02:42:23.000Z,,649.99,0,2026-04-20 13:31:22
227290174390,m81584439925,Louis Vuitton Beige Long Wallet,2026-04-07T02:42:37.000Z,,529.99,0,2026-04-20 13:31:22
227290174515,m81591461681,Louis Vuitton Long Wallet Navy/Red,2026-04-07T02:42:53.000Z,,449.99,1,2026-04-20 13:31:22
227290174722,m81747663261,LOUIS VUITTON Card Case Wallet,2026-04-07T02:43:08.000Z,,529.99,0,2026-04-20 13:31:22
227290174998,m82323962759,Louis Vuitton Monogram Portefeuille Clemence Long Wallet Black,2026-04-07T02:43:42.000Z,,529.99,0,2026-04-20 13:31:22
227290175114,m82604284980,Louis Vuitton Damier Black Wallet,2026-04-07T02:44:00.000Z,,529.99,0,2026-04-20 13:31:22
227290175309,m83359622979,Louis Vuitton Monogram Empreinte Zippy Wallet Brown,2026-04-07T02:44:23.000Z,,419.99,0,2026-04-20 13:31:22
227290175718,m84301269157,Louis Vuitton Black Long Wallet Monogram,2026-04-07T02:45:01.000Z,,529.99,0,2026-04-20 13:31:22
227290176366,m86063951651,Louis Vuitton Giant Monogram Zippy Wallet Brown Used Box Paper,2026-04-07T02:45:25.000Z,,539.99,0,2026-04-20 13:31:22
227290176583,m86273295363,Beautiful Louis Vuitton Monogram Empreinte Long Wallet with Accessories,2026-04-07T02:45:50.000Z,,529.99,0,2026-04-20 13:31:22
227290176756,m87106319524,Louis Vuitton Monogram Zippy Wallet Silver Purple Floral Leather Box,2026-04-07T02:46:14.000Z,,619.99,0,2026-04-20 13:31:22
227290176978,m87539202529,Louis Vuitton Zippy Wallet Impregnated Bicolor Turtle Trail,2026-04-07T02:46:38.000Z,,729.99,0,2026-04-20 13:31:22
227290177188,m87792228935,Louis Vuitton Monogram Empreinte Zippy Wallet Cerise Long Wallet,2026-04-07T02:47:03.000Z,,429.99,0,2026-04-20 13:31:22
227290177344,m88068328808,LOUIS VUITTON Nano Monogram Compact Wallet,2026-04-07T02:47:24.000Z,,629.99,0,2026-04-20 13:31:22
227290177487,m89093262961,Louis Vuitton Zippy Wallet Long Gold Ladies NW19.5cm w/Box Dust Bag,2026-04-07T02:47:42.000Z,,609.99,0,2026-04-20 13:31:22
227290177753,m89716627447,Louis Vuitton Zippy Wallet,2026-04-07T02:48:18.000Z,,439.99,0,2026-04-20 13:31:22
227290177888,m90109181427,Rare Design ❣️ LOUIS VUITTON Long Wallet ✨,2026-04-07T02:48:35.000Z,,419.99,0,2026-04-20 13:31:22
227290178045,m90673812251,Louis Vuitton Monogram Jacquard Zippy Wallet Navy Canvas Box,2026-04-07T02:48:52.000Z,,829.99,0,2026-04-20 13:31:22
227290178217,m90865439261,Louis Vuitton Monogram Zippy Wallet Long Wallet,2026-04-07T02:49:11.000Z,,759.99,0,2026-04-20 13:31:22
227290178486,m91227450116,Louis Vuitton Empreinte Portefeuille Sara Long Wallet Marine Rouge,2026-04-07T02:49:39.000Z,,399.99,0,2026-04-20 13:31:22
227290178634,m92069183950,Louis Vuitton Long Wallet Used Box Dust Bag Japan Edition,2026-04-07T02:49:58.000Z,,609.99,0,2026-04-20 13:31:22
227290178948,m92460146437,LOUIS VUITTON Black Long Wallet Emprunt,2026-04-07T02:50:35.000Z,,699.99,0,2026-04-20 13:31:22
227290179075,m92638443287,Louis Vuitton Monogram Long Wallet Black,2026-04-07T02:50:49.000Z,,829.99,0,2026-04-20 13:31:22
227290179238,m93766792284,Louis Vuitton Portefeuille Clemence Noir,2026-04-07T02:51:11.000Z,,529.99,0,2026-04-20 13:31:22
227290179451,m93281535857,Louis Vuitton LV Wallet,2026-04-07T02:51:31.000Z,,419.99,0,2026-04-20 13:31:22
227290179875,m94580889027,Louis Vuitton Portefeuille Capucines Long Wallet,2026-04-07T02:52:18.000Z,,529.99,0,2026-04-20 13:31:22
227290180807,2JPTiLh62Rxr5UfnFkMHYs,Louis Vuitton Portefeuille Victoriine Short Wallet Tri-Fold Wallet 80406,2026-04-07T02:54:07.000Z,,529.99,0,2026-04-20 13:31:22
227290181076,2JPTmpjP2XCQyiZWdSpjeE,Louis Vuitton Portefeuille Clara Folding Wallet Excellent Condition 80406,2026-04-07T02:54:39.000Z,,749.99,0,2026-04-20 13:31:22
227290181543,m48859131788,HERMÈS Kelly en Perles Silk Scarf 65cm Pearls Multicolor Excellent Condition,2026-04-07T02:55:35.000Z,,419.99,0,2026-04-20 13:31:22
227290181630,m48880007787,HERMES Umbrellas and Parasols Silk Scarves Extremely Rare,2026-04-07T02:55:50.000Z,,419.99,0,2026-04-20 13:31:22
227290181892,m49587982369,New HERMES Carré 90 Legendary Harness Silk Scarf 26SS Collection,2026-04-07T02:56:23.000Z,,779.99,0,2026-04-20 13:31:22
227290182124,m50212321202,Hermès Bastia Ladies Coin Purse Coin Case Pink,2026-04-07T02:56:44.000Z,,529.99,0,2026-04-20 13:31:22
227290182132,m50224171346,"HERMÈS Bastia Coin Case Green Unisex with Box, Bag & Card - Excellent Condition",2026-04-07T02:56:45.000Z,,529.99,0,2026-04-20 13:31:22
227290182243,m51107796068,Hermès Carré 90 Scarf Silk,2026-04-07T02:57:05.000Z,,509.99,0,2026-04-20 13:31:22
227290182379,m51301239928,Hermès Coin Case Black Brand New Unused,2026-04-07T02:57:19.000Z,,719.99,0,2026-04-20 13:31:22
227290182385,m51024741138,Hermès Logo Large Shawl Scarf 100×200cm 100% Cotton,2026-04-07T02:57:20.000Z,,679.99,0,2026-04-20 13:31:22
227290182957,m53550863848,Louis Vuitton Monogram Seal Zippy Vertical Wallet Black,2026-04-07T02:58:11.000Z,,589.99,0,2026-04-20 13:31:22
227290183333,m55994425248,HERMES DAIMYO Silk Scarf 87x90cm Large Unused,2026-04-07T02:58:37.000Z,,409.99,0,2026-04-20 13:31:22
227290183439,m56438417838,HERMÈS Calvi Duo Compact Wallet Blue Jerrij Sheepskin New Condition,2026-04-07T02:58:52.000Z,,719.99,0,2026-04-20 13:31:22
227290183458,m56616544736,Hermès Calvi Duo Rose Azalea B Stamp with Case,2026-04-07T02:58:56.000Z,,679.99,0,2026-04-20 13:31:22
227290183497,m56910905144,HERMES Card Case Business Card Holder,2026-04-07T02:59:05.000Z,,849.99,0,2026-04-20 13:31:22
227290183543,m56926420901,HERMÈS Moslin Multi-Charm 100x100cm Silk Scarf Red New with Box,2026-04-07T02:59:11.000Z,,779.99,0,2026-04-20 13:31:22
227290183757,m57240969452,Louis Vuitton Taiga Ram Blue Brother Monogram Business Wallet Coin Purse,2026-04-07T02:59:33.000Z,,529.99,0,2026-04-20 13:31:22
227290184041,m57435239057,HERMÈS Calvi Duo Coin Case 7x10.5cm VEAU EPSOM Ivory A Box,2026-04-07T03:00:01.000Z,,689.99,0,2026-04-20 13:31:22
227290184043,m57678730813,HERMÈS Silk-in Coin Case 11x7.5cm Silk Teal Beige Excellent Condition,2026-04-07T03:00:01.000Z,,669.99,0,2026-04-20 13:31:22
227290184427,m57864482170,HERMES TraversChamps Scarf 90 Silk Pink Unused with Box,2026-04-07T03:00:24.000Z,,799.99,0,2026-04-20 13:31:22
227290184471,m57780817570,Mint Condition HERMÈS Voma Dame Calvi Duo Coin Case,2026-04-07T03:00:26.000Z,,679.99,0,2026-04-20 13:31:22
227290184695,m58085483617,Vintage Rare Hermes Carre Muse Nijinsky Motif,2026-04-07T03:00:40.000Z,,449.99,1,2026-04-20 13:31:22
227290184953,m58243822041,HERMES Azap S Silk-in Compact Mini Coin,2026-04-07T03:00:54.000Z,,529.99,0,2026-04-20 13:31:22
227290185228,m58719244222,HERMES Purple Scarf,2026-04-07T03:01:18.000Z,,489.99,0,2026-04-20 13:31:22
227290185434,m59478884459,LOUIS VUITTON Porte-Documents Braza NM Damier Pop Yellow,2026-04-07T03:01:34.000Z,,859.99,0,2026-04-20 13:31:22
227290185624,m59010358239,Louis Vuitton Long Wallet Epi Zippy Organizer Navy 1619,2026-04-07T03:01:41.000Z,,449.99,0,2026-04-20 13:31:22
227290185915,m59203150799,HERMES Robe Du Soir Carré 140 Scarf Light Pink Used,2026-04-07T03:01:58.000Z,,609.99,0,2026-04-20 13:31:22
227290186015,m59460470951,Bastia,2026-04-07T03:02:05.000Z,,589.99,0,2026-04-20 13:31:22
227290186126,m59645462763,HERMES Scarf Silk Stole Passion Flower Excellent Condition,2026-04-07T03:02:14.000Z,,609.99,0,2026-04-20 13:31:22
227290186213,m60271877571,HERMÈS Vid Poche Mini 13x13cm Togo Leather Blue/Green H Motif Excellent Cond,2026-04-07T03:02:21.000Z,,549.99,0,2026-04-20 13:31:22
227290186574,m60081978974,Louis Vuitton Taiga Long Wallet Black Leather for Bills and Cards,2026-04-07T03:02:44.000Z,,529.99,0,2026-04-20 13:31:22
227290186736,m60364284525,HERMES Twilly Bandana Silk Black White Frill Design,2026-04-07T03:02:56.000Z,,539.99,0,2026-04-20 13:31:22
227290187030,m60373846222,Hermès Key Ring Fera à Cheval Horseshoe Excellent Condition,2026-04-07T03:03:17.000Z,,429.99,0,2026-04-20 13:31:22
227290188078,m61487342080,Louis Vuitton Damier Portefeuille KaiSA 19cm Rose Ballerine New CA0158,2026-04-07T03:04:01.000Z,,789.99,0,2026-04-20 13:31:22
227290188097,m61405705665,HERMES Carmen New Unused Keychain Charm Set Rare Domestic Genuine Products,2026-04-07T03:04:01.000Z,,659.99,0,2026-04-20 13:31:22
227290188805,m63124667062,Louis Vuitton Zippy Wallet Vertical Macassar Monogram Round,2026-04-07T03:04:51.000Z,,429.99,0,2026-04-20 13:31:22
227290188841,m63198476354,Hermès Twilly,2026-04-07T03:04:56.000Z,,439.99,0,2026-04-20 13:31:22
227290189278,m63851142474,HERMÈS Chevre Mizzoli Calvi Duo Coin Case 10x7cm Leather Bordeaux Good,2026-04-07T03:05:30.000Z,,529.99,0,2026-04-20 13:31:22
227290189532,m49508651484,Chanel Matelassé Classic Long Zip Wallet,2026-04-07T03:05:44.000Z,,599.99,0,2026-04-20 13:31:22
227290189539,m63924652060,HERMES Coin Purse Coin Case,2026-04-07T03:05:44.000Z,,529.99,0,2026-04-20 13:31:22
227290189719,m49575725046,GUCCI Wallet,2026-04-07T03:05:58.000Z,,529.99,0,2026-04-20 13:31:22
227290189762,m64336875998,Monogram Long Wallet Dark Brown Gold Hardware,2026-04-07T03:06:01.000Z,,579.99,0,2026-04-20 13:31:22
227290190066,m64601347192,Louis Vuitton Damier Zippy Wallet Long Wallet,2026-04-07T03:06:24.000Z,,529.99,0,2026-04-20 13:31:22
227290190190,m64877366547,HERMÈS Twilly 87cm Silk Scarf Multi Pink New with Accessories,2026-04-07T03:06:29.000Z,,819.99,0,2026-04-20 13:31:22
227290190431,m65072402960,Hermès Silk Scarf Moslin Carré 70 Chorégraphie Équestre Blue,2026-04-07T03:06:43.000Z,,619.99,0,2026-04-20 13:31:22
227290190435,m65400196502,Hermès Carre 90 (Les Pivoines) Peony,2026-04-07T03:06:44.000Z,,409.99,0,2026-04-20 13:31:22
227290190649,m65898937216,New Unused HERMES Carmen Ver Peppermint,2026-04-07T03:07:00.000Z,,459.99,0,2026-04-20 13:31:22
227290190676,m66153205409,HERMES Carré 70 Scarf Silk Grand Manège Detailing Multi-Color Box Mint,2026-04-07T03:07:01.000Z,,489.99,0,2026-04-20 13:31:22
227290190729,m49793380921,LOEWE Anagram Trifold Wallet,2026-04-07T03:07:05.000Z,,529.99,0,2026-04-20 13:31:22
227290190975,m66083445896,HERMES Garvey Black Card Case,2026-04-07T03:07:12.000Z,,629.99,0,2026-04-20 13:31:22
227290191114,m66209481069,Louis Vuitton アンプラント ラウンドファスナー財布 - 新品同様 - ブラック,2026-04-07T03:07:16.000Z,,739.99,0,2026-04-20 13:31:22
227290191320,m49835426871,Selena Gomez ✖️ COACH Long Wallet Shoulder Bag,2026-04-07T03:07:20.000Z,,429.99,0,2026-04-20 13:31:22
227290191974,m66214409674,Louis Vuitton Monogram Trefle Vertical Navy Long Wallet,2026-04-07T03:07:30.000Z,,439.99,0,2026-04-20 13:31:22
227290192566,m66816240797,HERMÈS Carré 90 Silk Twill Navy Le Pommier Série New with Ribbon & Box,2026-04-07T03:07:48.000Z,,829.99,0,2026-04-20 13:31:22
227290192871,m66817818898,Louis Vuitton Long Wallet Braz Monogram Pastel with Box and Dust Bag Rare,2026-04-07T03:07:58.000Z,,559.99,0,2026-04-20 13:31:22
227290193139,m66863640452,HERMES Carré 45 Silk Scarf Neige d'Antan Multi Winter Scene VGC,2026-04-07T03:08:07.000Z,,669.99,0,2026-04-20 13:31:22
227290193416,m67087251009,Louis Vuitton Long Wallet Monogram Portefeuille Braz Brown 2469,2026-04-07T03:08:19.000Z,,429.99,0,2026-04-20 13:31:22
227290193518,m49998962472,Celine Small Strap Wallet,2026-04-07T03:08:22.000Z,,579.99,0,2026-04-20 13:31:22
227290194004,m67365572559,Hermes Calvi Duo Veau Epso Coin Case,2026-04-07T03:08:40.000Z,,749.99,0,2026-04-20 13:31:22
227290194023,m67282868452,Louis Vuitton M61857 Epi Zippy Wallet Noir Long Wallet,2026-04-07T03:08:40.000Z,,529.99,0,2026-04-20 13:31:22
227290194156,m50046321349,Chanel Boy Chanel Long Flap Wallet Black Caviar Skin Gold Hardware,2026-04-07T03:08:44.000Z,,799.99,0,2026-04-20 13:31:22
227290194397,m67498041334,Louis Vuitton Damier Long Wallet,2026-04-07T03:08:57.000Z,,529.99,0,2026-04-20 13:31:22
227290194433,m50140260673,Brand New Saint Laurent Fragment Case Coin Case Card Case,2026-04-07T03:09:02.000Z,,529.99,0,2026-04-20 13:31:22
227290194503,m67613399694,Louis Vuitton Long Wallet Fragment Case,2026-04-07T03:09:08.000Z,,629.99,0,2026-04-20 13:31:22
227290194586,m67603729966,New Unused Hermès Illusion Keyring Key Holder Orange 272,2026-04-07T03:09:16.000Z,,599.99,0,2026-04-20 13:31:22
227290194588,m50254210563,"Loewe ♡ Super popular! Inquiries pouring in! First come, first served! Card",2026-04-07T03:09:17.000Z,,529.99,0,2026-04-20 13:31:22
227290194689,m67858036743,"HERMES Calvi Duo 10.5x7cm Chevre Black Unused with Box, Ribbon, Shopper",2026-04-07T03:09:26.000Z,,829.99,0,2026-04-20 13:31:22
227290194865,m68127237656,HERMES LE ROBINSON CHIC Scarf 90 Silk Horse Print Unused Orange Multicolor,2026-04-07T03:09:44.000Z,,579.99,0,2026-04-20 13:31:22
227290194878,m68388795912,HERMÈS Carré 90 Silk 100% Multicolor New with Box & Ribbon,2026-04-07T03:09:45.000Z,,699.99,0,2026-04-20 13:31:22
227290195245,m68411800216,Louis Vuitton Long Wallet Simple Black Portefeuille Brazza,2026-04-07T03:10:04.000Z,,449.99,0,2026-04-20 13:31:22
227290195343,m50458770050,Gucci Bi-Fold Wallet,2026-04-07T03:10:13.000Z,,529.99,0,2026-04-20 13:31:22
227290195462,m68486486902,HERMES Twilly Brides de Gala en fleurs Flower 25SS,2026-04-07T03:10:20.000Z,,419.99,0,2026-04-20 13:31:22
227290195531,m68678797780,HERMES Silk Bandana 55cm H・Enlumine Blue White New Box Ribbon,2026-04-07T03:10:24.000Z,,519.99,1,2026-04-20 13:31:22
227290195597,m50510562845,GUCCI Black Leather Long Wallet Cherry - Rare Overseas Limited Edition,2026-04-07T03:10:29.000Z,,529.99,0,2026-04-20 13:31:22
227290195726,m69128124423,Louis Vuitton M80957 Long Wallet Folding Wallet Sunset Brother Limited Edition,2026-04-07T03:10:44.000Z,,529.99,0,2026-04-20 13:31:22
227290195727,m69121107978,HERMES La Cle des Champs Scarf 90 Silk Light Blue White Gold Mint,2026-04-07T03:10:44.000Z,,639.99,0,2026-04-20 13:31:22
227290195737,m50566365946,LOEWE Compact Zip Wallet Folding Wallet,2026-04-07T03:10:45.000Z,,529.99,0,2026-04-20 13:31:22
227290195866,m69267813379,Unused HERMES Carmen Uno Dos,2026-04-07T03:11:04.000Z,,579.99,0,2026-04-20 13:31:22
227290195924,m69883147108,HERMÈS Calvi Wallet | Vaudé | Blue du Nord | NIB | Includes Box & Card,2026-04-07T03:11:12.000Z,,549.99,0,2026-04-20 13:31:22
227290195961,m70239366035,HERMÈS Bastia Coin Case Black Leather Excellent Condition Box Included,2026-04-07T03:11:20.000Z,,529.99,0,2026-04-20 13:31:22
227290195976,m69934538751,HERMÈS Calvi Duo Coin Case 10.5cm Epson Nat/Jaune Excellent Box Included,2026-04-07T03:11:21.000Z,,529.99,0,2026-04-20 13:31:22
227290196094,m70730268229,Rare Beautiful HERMES Cashmere Silk Leopard Stole,2026-04-07T03:11:35.000Z,,599.99,0,2026-04-20 13:31:22
227290196223,m71122309634,Louis Vuitton Game On Zippy Wallet Multi-Color B Box Dustbag,2026-04-07T03:11:43.000Z,,559.99,0,2026-04-20 13:31:22
227290196267,m70882704330,Louis Vuitton Clemence Wallet M60742 Brown PVC Boxed AB,2026-04-07T03:11:48.000Z,,529.99,0,2026-04-20 13:31:22
227290196382,m71264754010,Louis Vuitton Eclipse Monogram Long Wallet Folding Wallet Popular Model,2026-04-07T03:12:01.000Z,,529.99,0,2026-04-20 13:31:22
227290196502,m71321265843,HERMES Scarf Carré 90 LES CLES Keys未使用,2026-04-07T03:12:03.000Z,,409.99,0,2026-04-20 13:31:22
227290196514,m71611232812,HERMES Maxi Twilly,2026-04-07T03:12:03.000Z,,479.99,0,2026-04-20 13:31:22
227290196665,m71893720215,HERMÈS Silk Carré 90 Scarf SICHUAN Multicolor Excellent Condition Tagged,2026-04-07T03:12:18.000Z,,619.99,0,2026-04-20 13:31:22
227290196666,m71730093018,Hermès Men's Twilly Armor Remix,2026-04-07T03:12:18.000Z,,509.99,0,2026-04-20 13:31:22
227290196744,m71812500496,LOUIS VUITTON Wallet,2026-04-07T03:12:25.000Z,,529.99,0,2026-04-20 13:31:22
227291266851,m55374653618,LOUIS VUITTON × Takashi Murakami Cherry M14562 Porte Cartes Magnet a,2026-04-08T00:08:46.000Z,,709.99,0,2026-04-20 13:31:22
227291267620,m19762092896,Louis Vuitton M26971 Organizer Purchased December 2025,2026-04-08T00:09:22.000Z,,709.99,1,2026-04-20 13:31:22
227291268219,m75769057414,Louis Vuitton M82024 Organizer de Poche Monogram Comic,2026-04-08T00:09:41.000Z,,769.99,1,2026-04-20 13:31:22
227291268568,m95263542103,Louis Vuitton Portemonnaie Rosalie Card Case White Leather Used Box Accessories,2026-04-08T00:09:57.000Z,,529.99,0,2026-04-20 13:31:22
227291268777,m75994004140,Louis Vuitton Port Card Magnet Phone Case iPhone,2026-04-08T00:10:13.000Z,,429.99,0,2026-04-20 13:31:22
227291269023,m56953632723,LOUIS VUITTON Rhinoceros Design Card Case,2026-04-08T00:10:29.000Z,,889.99,1,2026-04-20 13:31:22
227291271077,zqKYxsCtnbSikPw4ZF3JUk,Louis Vuitton Envelope Card Case M63801 8x10.5cm Monogram Brown w/ Dust Bag,2026-04-08T00:12:13.000Z,,529.99,0,2026-04-20 13:31:22
227291271283,m12055362019,Louis Vuitton Damier Graphite Long Wallet Zippy Organizer,2026-04-08T00:12:27.000Z,,529.99,0,2026-04-20 13:31:22
227291271840,m46170333039,"Louis Vuitton Multicle 6 Key Case Monogram with IC Chip, Excellent Condition",2026-04-08T00:13:18.000Z,,529.99,0,2026-04-20 13:31:22
227291272028,m48283706523,Louis Vuitton Key Holder,2026-04-08T00:13:32.000Z,,409.99,0,2026-04-20 13:31:22
227291272205,m52506310654,Matsuya Ginza LOUIS VUITTON Key Ring Purchased at Official Store,2026-04-08T00:13:46.000Z,,519.99,0,2026-04-20 13:31:22
227291272478,m87844279502,New Louis Vuitton Key Case,2026-04-08T00:14:08.000Z,,529.99,0,2026-04-20 13:31:22
227291273614,m14359314499,Louis Vuitton Portefeuille Sarah M50371 Wallet Patent Leather White Mint Box,2026-04-08T00:14:59.000Z,,529.99,0,2026-04-20 13:31:22
227291274019,2JPVZotLpDV25ZHMo3Pxye,LOUIS VUITTON Monogram Mini Backpack Trunk Letters NBA Collaboration Bag Charm,2026-04-08T00:15:07.000Z,,869.99,0,2026-04-20 13:31:22
227291274504,m14865930089,Louis Vuitton Bandó 3D Monogram Scarf Leopard Silk Recent Model,2026-04-08T00:15:18.000Z,,429.99,0,2026-04-20 13:31:22
227291274928,m25508530895,Louis Vuitton Stole Monogram Navy M76631 60% Silk 40% Wool,2026-04-08T00:15:27.000Z,,599.99,0,2026-04-20 13:31:22
227291276832,m42860343536,Louis Vuitton Pochette Clé Coin Case in Excellent Condition,2026-04-08T00:16:11.000Z,,659.99,1,2026-04-20 13:31:22
227291277688,m46600666798,LOUIS VUITTON Monogram Étole Brise Scarf【M7250】,2026-04-08T00:16:30.000Z,,709.99,0,2026-04-20 13:31:22
227291278696,m60395530469,Louis Vuitton Scarf,2026-04-08T00:16:51.000Z,,449.99,0,2026-04-20 13:31:22
227291279921,m68496263544,Louis Vuitton Classic Large Stole,2026-04-08T00:17:30.000Z,,899.99,0,2026-04-20 13:31:22
227291279991,m49773826941,Unused Level LOUIS VUITTON Monogram Coin Case M69354,2026-04-08T00:17:32.000Z,,559.99,0,2026-04-20 13:31:22
227291280537,m73239019763,[LOUIS VUITTON] M71378 Shawl Monogram Silk Wool,2026-04-08T00:17:49.000Z,,539.99,0,2026-04-20 13:31:22
227291281146,m94176447448,Louis Vuitton M27721 Zippy Coin Purse Limited Model for 130th Anniversary,2026-04-08T00:18:25.000Z,,889.99,0,2026-04-20 13:31:22
227291281567,m95391293504,Louis Vuitton Pochette Cle M60633 Monogram Empreinte Noir,2026-04-08T00:18:46.000Z,,399.99,1,2026-04-20 13:31:22
227291282513,2JMJy5ssPi2QydEnuZs68h,Louis Vuitton Bag Charm Porte-Clé Color Line M64525 Gold Pink Keyring Charm,2026-04-08T00:19:14.000Z,,439.99,0,2026-04-20 13:31:22
227291283288,2JPVcafTsgddMKt3acufai,Louis Vuitton Stole Monogram M71619,2026-04-08T00:19:36.000Z,,449.99,1,2026-04-20 13:31:22
227291283525,2JPQEuUBdyDRa3PrqkKxiZ,LOUIS VUITTON Bandeau BB Scarf LV×TM Monogram Multicolor M94963 White,2026-04-08T00:19:48.000Z,,689.99,0,2026-04-20 13:31:22
227291283953,2JPVMqtqJaGhaYbXD9bjph,Louis Vuitton M70902 Étoile Gang Ring Scarf Cotton Silk Navy White Box,2026-04-08T00:20:16.000Z,,619.99,0,2026-04-20 13:31:22
227291284113,2JPVqd66FsxBERj6vmovw7,Louis Vuitton Porte Clé Berry Key Holder Key Ring M63081 Bag Charm LV Circle,2026-04-08T00:20:27.000Z,,479.99,0,2026-04-20 13:31:22
227291284621,2JPWmX6DhkL3cwuEXrs7uk,Louis Vuitton Key Holder LV Facette M65216 Key Ring,2026-04-08T00:20:52.000Z,,499.99,0,2026-04-20 13:31:22
227291286723,m16796306977,Louis Vuitton Monogram New Style Portefeuille Sara Long Wallet,2026-04-08T00:22:10.000Z,,399.99,0,2026-04-20 13:31:22
227291287368,m17546302365,Louis Vuitton Portefeuille Mylockme Long Wallet with Accessories Black,2026-04-08T00:22:35.000Z,,529.99,0,2026-04-20 13:31:22
227291288265,m18158715352,Louis Vuitton Zippy Wallet Monogram Empreinte Black Long Wallet,2026-04-08T00:23:09.000Z,,529.99,0,2026-04-20 13:31:22
227291289614,m29884920329,Louis Vuitton Folded Wallet Porte-Feuille Victorine M62472,2026-04-08T00:23:44.000Z,,649.99,0,2026-04-20 13:31:22
227291290065,m30532905462,Louis Vuitton Twist Compact Epi Noir Tri-Fold Wallet 897,2026-04-08T00:24:05.000Z,,599.99,0,2026-04-20 13:31:22
227291290783,m31820818460,Louis Vuitton Monogram Cles W-Hook Tri-fold Wallet 843,2026-04-08T00:24:34.000Z,,529.99,0,2026-04-20 13:31:22
227291291180,m36657948709,Louis Vuitton Dauphine Compact Wallet M68725 Brown Good Condition,2026-04-08T00:24:52.000Z,,709.99,0,2026-04-20 13:31:22
227291291432,m39622547919,Louis Vuitton Wallet New - Classic Design - Perfect Gift - Excellent Condition,2026-04-08T00:25:03.000Z,,859.99,0,2026-04-20 13:31:22
227291291777,m40414422753,LOUIS VUITTON Monogram Two-Fold Wallet Brand New Never Used,2026-04-08T00:25:20.000Z,,529.99,0,2026-04-20 13:31:22
227291292376,m43179644874,Louis Vuitton Portefeuille My Lock Me Compact Three-Fold Wallet,2026-04-08T00:25:47.000Z,,529.99,0,2026-04-20 13:31:22
227291293055,m19457670472,Rare!! miu miu Black Folded Wallet,2026-04-08T00:26:08.000Z,,529.99,0,2026-04-20 13:31:22
227291293616,m44501792009,"Louis Vuitton Long Wallet Key Case, 1 Year Used",2026-04-08T00:26:29.000Z,,439.99,0,2026-04-20 13:31:22
227291294157,m44549668465,Louis Vuitton Céleste Wallet Rose Pink Leather Compact Tri-Fold Box Bag,2026-04-08T00:26:46.000Z,,529.99,0,2026-04-20 13:31:22
227291294264,m44594271418,Rare Louis Vuitton Monogram Victoriine with Box Brown M62472,2026-04-08T00:26:51.000Z,,529.99,0,2026-04-20 13:31:22
227291294422,m20174441563,CELINE Pom Pom Charm Keychain Trionf with Case,2026-04-08T00:26:59.000Z,,669.99,0,2026-04-20 13:31:22
227291294817,m20338572362,Louis Vuitton Capucines Wallet Beige Leather Logo Flap Excellent Condition,2026-04-08T00:27:13.000Z,,709.99,0,2026-04-20 13:31:22
227291294846,m44689899392,Louis Vuitton Tri-Fold Wallet Monogram Empreinte Porte-Foille Pont Neuf Black,2026-04-08T00:27:14.000Z,,529.99,0,2026-04-20 13:31:22
227291295317,m20750004922,Louis Vuitton Brother Eclipse Long Wallet 887,2026-04-08T00:27:43.000Z,,619.99,0,2026-04-20 13:31:22
227291295931,m51689512426,Louis Vuitton Victoriune Wallet 12x9.5cm Monogram Empreinte Noir Excellent,2026-04-08T00:28:35.000Z,,539.99,0,2026-04-20 13:31:22
227291296174,m52475479613,Louis Vuitton Empreinte Broderie Claire Bi-Fold Wallet Black,2026-04-08T00:28:56.000Z,,659.99,0,2026-04-20 13:31:22
227291296189,m52730440063,Louis Vuitton Three-Fold Wallet Wine Red,2026-04-08T00:28:58.000Z,,529.99,0,2026-04-20 13:31:22
227291296507,m53767515578,Louis Vuitton Monogram Eclipse Portemonnaie Coin Case in Excellent Condition,2026-04-08T00:29:22.000Z,,409.99,0,2026-04-20 13:31:22
227291296520,m53869189894,Louis Vuitton Portefeuille Credit Folded Long Wallet Monogram Excellent,2026-04-08T00:29:22.000Z,,529.99,0,2026-04-20 13:31:22
227291296963,m55891811067,Louis Vuitton Capucines Compact Noir Tri-Fold Wallet 847,2026-04-08T00:29:57.000Z,,539.99,0,2026-04-20 13:31:22
227291297240,m21547062828,Unused! FENDI Zucca Round Zipper Long Wallet Zucchino,2026-04-08T00:30:17.000Z,,759.99,0,2026-04-20 13:31:22
227291297488,m21657419859,BOTTEGA VENETA Black Folded Wallet Mini Wallet,2026-04-08T00:30:32.000Z,,669.99,0,2026-04-20 13:31:22
227291297847,m22103715436,HERMÈS Calvi Card Case 10.5x14.5cm Leather Azur Blue New with Box,2026-04-08T00:30:49.000Z,,529.99,0,2026-04-20 13:31:22
227291298216,m63678251249,Louis Vuitton Monogram Empreinte Porte Cartes Recto Verso Mini Wallet Navy S,2026-04-08T00:31:20.000Z,,539.99,0,2026-04-20 13:31:22
227291299008,m67821742535,Unused with flaws Louis Vuitton Monogram Compact Zip Billfold Wallet,2026-04-08T00:32:21.000Z,,439.99,0,2026-04-20 13:31:22
227291299037,m68562747413,Louis Vuitton Giant Reverse Portefeuille Zoe Wallet,2026-04-08T00:32:22.000Z,,529.99,0,2026-04-20 13:31:22
227291299299,m69723166828,LOUIS VUITTON Monogram Porte-Document Wallet,2026-04-08T00:32:36.000Z,,579.99,0,2026-04-20 13:31:22
227291299552,m71365733596,Louis Vuitton Black Porte-Feuille Metis Compact,2026-04-08T00:32:51.000Z,,529.99,0,2026-04-20 13:31:22
227291300053,m78809608483,Louis Vuitton Zippy Coin Purse Epi Coin Case Black,2026-04-08T00:33:30.000Z,,529.99,0,2026-04-20 13:31:22
227291300239,m79152588978,Louis Vuitton Monogram Empreinte Portefeuille Clara Excellent Condition,2026-04-08T00:33:42.000Z,,529.99,0,2026-04-20 13:31:22
227291300654,m83078493529,Louis Vuitton Monogram Empreinte Tri-Fold Wallet with IC Chip - Excellent,2026-04-08T00:34:07.000Z,,669.99,0,2026-04-20 13:31:22
227291301369,m23865142107,Saint Laurent Uptown Compact Wallet Folding Wallet 582296,2026-04-08T00:34:36.000Z,,529.99,0,2026-04-20 13:31:22
227291301391,m88307582135,Louis Vuitton Mahina Flight Mode Wallet Navy Leather AB Condition Box Included,2026-04-08T00:34:37.000Z,,689.99,0,2026-04-20 13:31:22
227291301653,m88380780560,Louis Vuitton Card Key Case Pochette Cles,2026-04-08T00:34:51.000Z,,409.99,0,2026-04-20 13:31:22
227291301940,m24201443588,Louis Vuitton M30731 Long Wallet Taiga Zippy Vertical Limited Edition,2026-04-08T00:35:14.000Z,,529.99,0,2026-04-20 13:31:22
227291302119,m89057585419,Brand New Louis Vuitton Damier Pouch Coin Case,2026-04-08T00:35:30.000Z,,449.99,0,2026-04-20 13:31:22
227291302249,m88982377555,Louis Vuitton Porte-Feuille Capucines XS Beige Trifold Wallet in Beautiful,2026-04-08T00:35:39.000Z,,529.99,0,2026-04-20 13:31:22
227291302353,m89799168407,Louis Vuitton Monogram Reverse Portefeuille Juliet Wallet 13x9cm Canvas,2026-04-08T00:35:48.000Z,,879.99,0,2026-04-20 13:31:22
227291302481,m90402041758,Louis Vuitton Monogram Compact Wallet W-Hook 816,2026-04-08T00:35:56.000Z,,529.99,0,2026-04-20 13:31:22
227291302597,m91586326420,Louis Vuitton M82234 Nanogram Portefeuille Victorine Excellent Condition,2026-04-08T00:36:04.000Z,,689.99,0,2026-04-20 13:31:22
227291303133,m93652445368,Louis Vuitton Portefeuille Twist Compact XS Wallet Bordeaux Red,2026-04-08T00:36:41.000Z,,529.99,0,2026-04-20 13:31:22
227291303757,m95721660128,Good Condition Louis Vuitton Monogram Empreinte Portefeuille Clara,2026-04-08T00:37:13.000Z,,529.99,0,2026-04-20 13:31:22
227291304054,m95899459080,Louis Vuitton Monogram Pochette Kirigami M62034 Red Coin Case,2026-04-08T00:37:31.000Z,,529.99,0,2026-04-20 13:31:22
227291304324,m96230339169,Louis Vuitton Compact Wallet Tri-Fold Monogram,2026-04-08T00:37:45.000Z,,529.99,0,2026-04-20 13:31:22
227291304460,m95964183231,Louis Vuitton Monogram Eclipse Pochette Cles Coin Case M80905,2026-04-08T00:37:51.000Z,,439.99,0,2026-04-20 13:31:22
227291305186,2JL6WbWtBFhQfnLYeTPfnC,Louis Vuitton Pochette Clé M15341 Coin Case Monogram Blue Frost Excellent w/,2026-04-08T00:38:32.000Z,,799.99,0,2026-04-20 13:31:22
227291305657,2JLrFBMmYGShTSfjS3SCch,LOUIS VUITTON LV×YK Coin Card Holder M81930 Yukio Kusama Monogram Eclipse Men's,2026-04-08T00:38:58.000Z,,599.99,0,2026-04-20 13:31:22
227291305887,2JLxD4cin85vEj6zAQuPLG,Used LOUIS VUITTON LV Monogram Pochette Clé M80885 Coin Case Black,2026-04-08T00:39:12.000Z,,529.99,0,2026-04-20 13:31:22
227291306117,2JLxD9r7hNzKJhDBAkAzUB,Used LOUIS VUITTON LV Monogram Zippy Wallet M80481 NFC Tag Long Wallet Black,2026-04-08T00:39:24.000Z,,879.99,0,2026-04-20 13:31:22
227291307533,2JPVnRuwB8jB58yRFbPijM,LOUIS VUITTON Taiga Zippy Coin Purse Coin Case Black Silver Hardware M30511,2026-04-08T00:40:57.000Z,,529.99,0,2026-04-20 13:31:22
227291307552,2JPVnS2s3V7dzMpTYsFeng,LOUIS VUITTON Damier Graphite Porte-Monnaie NM Coin Case Mini Wallet,2026-04-08T00:40:58.000Z,,529.99,0,2026-04-20 13:31:22
227291308087,2JPW4ZmrYa7nezMNCnRGqB,Louis Vuitton Zippy Coin Purse Compact Wallet Monogram M60067,2026-04-08T00:41:20.000Z,,539.99,0,2026-04-20 13:31:22
227291308147,2JPW7gw8TnubSgPLqrBmiJ,Louis Vuitton Zippy Coin Purse Compact Wallet Damier Graphite N63076,2026-04-08T00:41:23.000Z,,529.99,0,2026-04-20 13:31:22
227291309152,m26256463875,Louis Vuitton Monogram Empreinte Zippy Wallet Leather Black Used,2026-04-08T00:42:08.000Z,,529.99,0,2026-04-20 13:31:22
227291309412,m26380590190,Louis Vuitton Portefeuille Clemence Damier Cerises Round Zipper Wallet,2026-04-08T00:42:24.000Z,,449.99,0,2026-04-20 13:31:22
227291309766,m26621148976,Excellent Condition Louis Vuitton Monogram Zippy Wallet Round Zipper,2026-04-08T00:42:43.000Z,,399.99,0,2026-04-20 13:31:22
227291312277,m32401624745,Rare Louis Vuitton Damier Graphite Portefeuille Braz Long Wallet,2026-04-08T00:44:49.000Z,,529.99,0,2026-04-20 13:31:22
227291314964,m34942690005,Louis Vuitton Dauphine,2026-04-08T00:45:52.000Z,,599.99,0,2026-04-20 13:31:22
227291316892,m37176254318,Louis Vuitton Portefeuille Marco Damier Graphite Folding Wallet,2026-04-08T00:46:39.000Z,,529.99,0,2026-04-20 13:31:22
227291317733,m38512451549,Louis Vuitton Epi Portefeuille Sarah Noir Long Wallet Black,2026-04-08T00:46:58.000Z,,429.99,0,2026-04-20 13:31:22
227291317943,m38600279536,Louis Vuitton Empreinte Zippy Wallet Marine Rouge 767,2026-04-08T00:47:02.000Z,,529.99,0,2026-04-20 13:31:22
227291321864,m43804434648,Louis Vuitton Monogram Empreinte Zippy Wallet Marine Rouge,2026-04-08T00:48:24.000Z,,709.99,0,2026-04-20 13:31:22
227291322313,m43938195370,New Model Louis Vuitton Monogram Portefeuille Sarah Authentic Unisex Brown,2026-04-08T00:48:35.000Z,,529.99,0,2026-04-20 13:31:22
227291323336,m44751478125,Louis Vuitton Monogram Rose Ballerine Zippy Wallet Excellent Condition,2026-04-08T00:48:56.000Z,,399.99,0,2026-04-20 13:31:22
227291324450,m45611893289,LOUIS VUITTON Black Long Wallet,2026-04-08T00:49:20.000Z,,529.99,0,2026-04-20 13:31:22
227291324936,m29054147289,FENDI Long Wallet Bucket Black 451,2026-04-08T00:49:27.000Z,,529.99,0,2026-04-20 13:31:22
227291326953,m30183582348,HERMES Béarn Long Wallet Elegant,2026-04-08T00:50:00.000Z,,709.99,0,2026-04-20 13:31:22
227291327956,m30250223768,Fendi Bucket Long Wallet Camel Embossed Hardware Complete Accessories,2026-04-08T00:50:41.000Z,,529.99,0,2026-04-20 13:31:22
227291328226,m46721666049,LOUIS VUITTON Monogram Empreinte Zippy Red,2026-04-08T00:50:50.000Z,,419.99,0,2026-04-20 13:31:22
227291328337,m47044661630,Louis Vuitton Pochette Capucines M61249 20cm Taurillon Beige Ladies Unused,2026-04-08T00:50:57.000Z,,729.99,0,2026-04-20 13:31:22
227291329415,m47901341271,Louis Vuitton Zippy Wallet Mahina Magnolia Japan Limited New Model,2026-04-08T00:51:27.000Z,,529.99,0,2026-04-20 13:31:22
227291329695,m48210767671,Louis Vuitton Damier Graphite Bi-Fold Wallet,2026-04-08T00:51:37.000Z,,529.99,0,2026-04-20 13:31:22
227291330992,m31064983350,Bottega Veneta Dog Charm Keychain,2026-04-08T00:52:19.000Z,,469.99,1,2026-04-20 13:31:22
227291331398,m31330680547,Last One: New Loewe Anagram Logo Keychain Fragment Case,2026-04-08T00:52:39.000Z,,569.99,0,2026-04-20 13:31:22
227291331472,m49641987157,TWO-FOLD Wallet Women's Taurillon Leather Black/Gold w/Box Beautiful Condition,2026-04-08T00:52:44.000Z,,529.99,0,2026-04-20 13:31:22
227291331719,m49899824300,Louis Vuitton Monogram Zippy Wallet Long Wallet Brown,2026-04-08T00:53:05.000Z,,389.99,0,2026-04-20 13:31:22
227291331991,m49981006364,Louis Vuitton Giant Monogram Wallet Zip Brown Canvas Used Box Bag,2026-04-08T00:53:20.000Z,,829.99,0,2026-04-20 13:31:22
227291332320,m50317610712,Monogram Wallet Brown Louis Vuitton Box Excellent Initials,2026-04-08T00:53:44.000Z,,549.99,0,2026-04-20 13:31:22
227291332504,m51398076220,Louis Vuitton Men's Bi-Fold Wallet Marco M81742 Aerogram Leather,2026-04-08T00:54:04.000Z,,589.99,0,2026-04-20 13:31:22
227291332639,m32081992875,SAINT LAURENT Black Folded Wallet,2026-04-08T00:54:19.000Z,,709.99,0,2026-04-20 13:31:22
227291332652,m52312379704,"Louis Vuitton Monogram Wallet New Unused w/Box, Bag, Tag",2026-04-08T00:54:20.000Z,,569.99,0,2026-04-20 13:31:22
227291332877,m32103929936,HERMÈS Bastia Verso Coin Case Blue Leather Y Stamp,2026-04-08T00:54:41.000Z,,529.99,0,2026-04-20 13:31:22
227291333602,m52782418607,Louis Vuitton Monogram Zippy Wallet Beige Leather Excellent Condition,2026-04-08T00:55:29.000Z,,539.99,0,2026-04-20 13:31:22
227291334133,m32639070776,LOEWE Puzzle Long Coin Card Holder,2026-04-08T00:56:01.000Z,,529.99,0,2026-04-20 13:31:22
227291334338,m52911399886,LOUIS VUITTON Black Folding Wallet,2026-04-08T00:56:05.000Z,,429.99,0,2026-04-20 13:31:22
227291335038,m53202028167,Louis Vuitton Zippy Wallet Monogram Empreinte Navy Long Wallet,2026-04-08T00:56:33.000Z,,529.99,0,2026-04-20 13:31:22
227291335108,m53381027519,Louis Vuitton Clemence Empreinte Black Long Wallet 717,2026-04-08T00:56:40.000Z,,529.99,0,2026-04-20 13:31:22
227291335357,m53439383742,Unused Condition! Louis Vuitton Zippy Wallet Monogram Empreinte,2026-04-08T00:56:56.000Z,,529.99,0,2026-04-20 13:31:22
227291335417,m53629728833,Louis Vuitton Zippy Wallet Beige Monogram Long Wallet Used,2026-04-08T00:57:01.000Z,,529.99,0,2026-04-20 13:31:22
227291335740,m54606731929,Louis Vuitton Monogram Multicolor Long Wallet,2026-04-08T00:57:26.000Z,,879.99,0,2026-04-20 13:31:22
227291335974,m54983526207,Louis Vuitton M80496 Sarah Bicolor RFID Verified Excellent Condition,2026-04-08T00:57:40.000Z,,709.99,0,2026-04-20 13:31:22
227291336160,m55976573497,Louis Vuitton Monogram Empreinte Zippy Wallet Long Wallet,2026-04-08T00:57:58.000Z,,429.99,0,2026-04-20 13:31:22
227291336377,m56593967753,Louis Vuitton Pink Zippy Wallet Long Wallet Rose Ballerine,2026-04-08T00:58:22.000Z,,409.99,0,2026-04-20 13:31:22
227291336681,m33351059788,Louis Vuitton Vertical Zippy Wallet Monogram Eclipse 426,2026-04-08T00:58:47.000Z,,529.99,0,2026-04-20 13:31:22
227291337096,m33599573226,CHANEL Fragment Case Purple Coin Case,2026-04-08T00:59:11.000Z,,779.99,1,2026-04-20 13:31:22
227291337373,m62114047439,Louis Vuitton Monogram Empreinte Zippy Wallet Crème Beige,2026-04-08T00:59:35.000Z,,789.99,0,2026-04-20 13:31:22
227291340173,m70601929439,Louis Vuitton Monogram Empreinte Zippy Wallet RFID Beautiful Condition,2026-04-08T01:01:57.000Z,,529.99,0,2026-04-20 13:31:22
227291340653,m72077942152,Louis Vuitton Empreinte Zippy Wallet Marin Rouge,2026-04-08T01:02:24.000Z,,529.99,0,2026-04-20 13:31:22
227291341211,m74593240258,Excellent Condition Current Model Louis Vuitton Porte-Feuille Comet L-Zip Wallet,2026-04-08T01:02:54.000Z,,529.99,0,2026-04-20 13:31:22
227291341777,m77048140041,Louis Vuitton Sarah Amprant Long Wallet Black,2026-04-08T01:03:32.000Z,,529.99,0,2026-04-20 13:31:22
227291341875,m77113312175,Louis Vuitton Damier Graphite Porte-Feuille Braz Long Wallet,2026-04-08T01:03:40.000Z,,529.99,0,2026-04-20 13:31:22
227291342921,m80456441575,Louis Vuitton Monogram Empreinte Zippy Wallet Noir Long Wallet 871,2026-04-08T01:04:31.000Z,,599.99,0,2026-04-20 13:31:22
227291343202,m80814203173,Louis Vuitton Marco NM Damier Graphite N63336 Wallet,2026-04-08T01:04:52.000Z,,529.99,0,2026-04-20 13:31:22
227291343870,m35386138154,CHANEL Cambon Line Organizer Black Leather Long Wallet Box Card,2026-04-08T01:05:21.000Z,,529.99,0,2026-04-20 13:31:22
227291344047,m82233289173,Louis Vuitton Monogram Empreinte Zippy Wallet Long Wallet Studs Black,2026-04-08T01:05:36.000Z,,709.99,0,2026-04-20 13:31:22
227291344263,m35688162237,Bottega Veneta Intrecciato Wallet Pink White Bicolor,2026-04-08T01:05:56.000Z,,529.99,0,2026-04-20 13:31:22
227291344861,m85900391107,Louis Vuitton Epi Noir Zippy Wallet Long Wallet Men's,2026-04-08T01:06:50.000Z,,429.99,0,2026-04-20 13:31:22
227291346019,m35833290887,New Gucci Two-Fold Wallet GG Pattern Marmont White with Box,2026-04-08T01:07:41.000Z,,529.99,0,2026-04-20 13:31:22
227291346375,m88148057473,Louis Vuitton Long Wallet Monogram/Damier Genuine Item Unisex Popular,2026-04-08T01:08:17.000Z,,379.99,0,2026-04-20 13:31:22
227291346580,m35992403299,LOEWE × Studio Ghibli Spirited Away Susuwatari Compact Wallet,2026-04-08T01:08:40.000Z,,619.99,2,2026-04-20 13:31:22
227291347031,m90795343280,Louis Vuitton Monogram Macassar Portefeuille Gaspar Compact Wallet Excellent,2026-04-08T01:09:27.000Z,,399.99,0,2026-04-20 13:31:22
227291347137,m91440490427,Louis Vuitton International Monogram Long Wallet Tri-Fold Wallet,2026-04-08T01:09:41.000Z,,399.99,0,2026-04-20 13:31:22
227291347648,m94616404520,Louis Vuitton LV Rare Long Wallet Portefeuille Émilie Red Flower Monogram with,2026-04-08T01:10:26.000Z,,529.99,0,2026-04-20 13:31:22
227291347949,m94664731488,Louis Vuitton Monogram Empreinte Portefeuille Clemence Long Wallet Red,2026-04-08T01:10:51.000Z,,429.99,0,2026-04-20 13:31:22
227291348363,m37442887156,Louis Vuitton Zippy Wallet Épi,2026-04-08T01:11:23.000Z,,379.99,0,2026-04-20 13:31:22
227291348624,m95939636830,Louis Vuitton Long Wallet Mahina Zippy Wallet IC Chip Round Zipper,2026-04-08T01:11:43.000Z,,529.99,0,2026-04-20 13:31:22
227291348949,m95406174842,Louis Vuitton Long Wallet Monogram Retiro Portefeuille Sara Red 2394,2026-04-08T01:12:02.000Z,,449.99,0,2026-04-20 13:31:22
227291349657,m37687458835,PRADA Keychain/Strap/New/Unused/Excellent Condition/With Box,2026-04-08T01:12:45.000Z,,429.99,0,2026-04-20 13:31:22
227291350056,m97760787526,Louis Vuitton Monogram Clemence Wallet with Flower Charm Red Brown,2026-04-08T01:12:57.000Z,,529.99,0,2026-04-20 13:31:22
227291350610,m37920974589,"New Unused HERMES Twilly ""Merveilleuses Lantern""",2026-04-08T01:13:34.000Z,,449.99,0,2026-04-20 13:31:22
227291351372,m38042394016,Louis Vuitton Zippy XL Wallet 858,2026-04-08T01:14:12.000Z,,739.99,0,2026-04-20 13:31:22
227291352783,2JMQsRQqc7NGSnLfrF79oz,Louis Vuitton Wallet Ladies Portefeuille LV Pont Neuf Compact Mini Wallet Used,2026-04-08T01:15:59.000Z,,759.99,0,2026-04-20 13:31:22
227291353814,2JPGesYRZVCbpWXtPU77xk,Louis Vuitton Key Holder LV Paw M02292 Bag Charm with Key Ring Brown,2026-04-08T01:17:08.000Z,,709.99,3,2026-04-20 13:31:22
227291354748,m40415197922,Excellent Condition CHANEL Black Caviar Leather Bifold Wallet Coco Mark,2026-04-08T01:18:08.000Z,,529.99,0,2026-04-20 13:31:22
227291355173,m40665936286,BOTTEGA VENETA Dark Brown Long Wallet,2026-04-08T01:18:45.000Z,,529.99,0,2026-04-20 13:31:22
227291355642,2JPW6BR8grGGZPDAjD3cpF,Louis Vuitton Portefeuille Viennois Folding Coin Purse Monogram M61674,2026-04-08T01:19:25.000Z,,629.99,0,2026-04-20 13:31:22
227291355912,2JPWGjEPwG9BLVUX69Lt9U,Louis Vuitton Monogram Empreinte Victorine Folded Wallet Silver M26896,2026-04-08T01:19:55.000Z,,799.99,0,2026-04-20 13:31:22
227291356208,gjU8HEZ9x7B3PBChSwjDhD,Louis Vuitton Verticals Wallet Green Leather 9x12cm A Rank No Accessories,2026-04-08T01:20:24.000Z,,529.99,0,2026-04-20 13:31:22
227291356632,m42355749270,Louis Vuitton Portefeuille Braz NM Epi Long Wallet Black,2026-04-08T01:21:07.000Z,,389.99,0,2026-04-20 13:31:22
227291358112,m43967370130,Louis Vuitton Long Wallet Epi Zippy Wallet M83632 Japan Limited White,2026-04-08T01:22:40.000Z,,729.99,0,2026-04-20 13:31:22
227291358518,m44329050690,CELINE Bi-Fold Wallet Light Gray,2026-04-08T01:22:55.000Z,,579.99,0,2026-04-20 13:31:22
227291358714,m44590532925,HERMES Carmen Rose Texas Charm New and Unused,2026-04-08T01:23:08.000Z,,599.99,0,2026-04-20 13:31:22
227291359842,m45936687494,Louis Vuitton Monogram Empreinte Zippy Wallet Black Long Wallet,2026-04-08T01:24:25.000Z,,529.99,0,2026-04-20 13:31:22
227291360019,m46051742216,Large Scarf HERMES Carre90 COLS VERTS Mallard,2026-04-08T01:24:38.000Z,,449.99,0,2026-04-20 13:31:22
227291360218,m46570100110,New Louis Vuitton Card Case Organizer Du Posh Pass Case,2026-04-08T01:24:54.000Z,,529.99,0,2026-04-20 13:31:22
227291360408,m46605350548,HERMES Silk Scarf 90x90cm Orange Pink Purple Print New with Box,2026-04-08T01:25:08.000Z,,579.99,0,2026-04-20 13:31:22
227291360635,m46943566866,LOUIS VUITTON Long Wallet Zippy Wallet Empreinte Black,2026-04-08T01:25:25.000Z,,569.99,0,2026-04-20 13:31:22
227291361482,m46672564857,HERMES Calvi Epson Gold B Stamp Card Case Unused,2026-04-08T01:26:16.000Z,,549.99,0,2026-04-20 13:31:22
227291362182,m46917193474,Bottega Veneta Cassette Coin Case Dark Green,2026-04-08T01:26:51.000Z,,529.99,0,2026-04-20 13:31:22
227291362875,m48011412676,Hermès Carre 90 TURBANS DES REINE Michelle Saad,2026-04-08T01:27:21.000Z,,419.99,0,2026-04-20 13:31:22
227291363329,m48111364034,Louis Vuitton Brother Tiger Long Wallet Black 850,2026-04-08T01:27:39.000Z,,539.99,0,2026-04-20 13:31:22
227291363683,m48479730077,HERMES Pink Charm Surfboard Waikiki Limited,2026-04-08T01:27:55.000Z,,759.99,1,2026-04-20 13:31:22
227291365633,m50376624813,Excellent CHANEL Matelassé Caviar Skin Tri-Fold Wallet Pre-Owned,2026-04-08T01:29:42.000Z,,529.99,0,2026-04-20 13:31:22
227291365900,m50432473360,Louis Vuitton Taiga Noir Zippy XL Long Wallet 25080704,2026-04-08T01:30:00.000Z,,529.99,0,2026-04-20 13:31:22
227291366155,m50578594743,Louis Vuitton Black Long Wallet Damier Excellent Condition!!,2026-04-08T01:30:15.000Z,,449.99,0,2026-04-20 13:31:22
227291366580,m51124762895,HERMÈS Clic Clac Scarf 133x135cm Silk Pink Brown Blue AB Condition,2026-04-08T01:30:38.000Z,,859.99,0,2026-04-20 13:31:22
227291367820,m52895368554,Louis Vuitton Damier Graphite Zippy Organizer N63077,2026-04-08T01:31:46.000Z,,429.99,0,2026-04-20 13:31:22
227291368422,m53786010153,HERMÈS Stole,2026-04-08T01:32:20.000Z,,559.99,0,2026-04-20 13:31:22
227291368750,m54059200180,New and Unused HERMES Silk Scarf Carré 90 D630,2026-04-08T01:32:41.000Z,,459.99,0,2026-04-20 13:31:22
227291369067,m54131098217,Louis Vuitton Christopher Men’s Long Wallet Graphite in Excellent Condition,2026-04-08T01:32:58.000Z,,409.99,0,2026-04-20 13:31:22
227291370203,m54774105739,"HERMS ÉLMEES Carré 70 ""Swinging Saint Germain"" Silk Scarf",2026-04-08T01:33:21.000Z,,519.99,1,2026-04-20 13:31:22
227291371880,m55710451905,HERMES Carre 90 Winter Garden Silk 100% Made in France,2026-04-08T01:34:45.000Z,,729.99,0,2026-04-20 13:31:22
227291372243,m55768195690,Louis Vuitton Zippy Organizer Epi Indigo Blue Long Wallet G127,2026-04-08T01:35:08.000Z,,529.99,0,2026-04-20 13:31:22
227291372539,m56322289693,Louis Vuitton Epi x Damier Portefeuille Braz Long Wallet Navy,2026-04-08T01:35:30.000Z,,529.99,0,2026-04-20 13:31:22
227291372781,m51092049132,Shipping Included! Unused BURBERRY Compact Wallet Check 400,2026-04-08T01:35:54.000Z,,529.99,0,2026-04-20 13:31:22
227291373120,m51157982162,SAINT LAURENT Bi-Fold Wallet Card Case,2026-04-08T01:36:21.000Z,,529.99,0,2026-04-20 13:31:22
227291373450,m51230865023,CHANEL Women's Compact Tri-Fold Wallet,2026-04-08T01:36:42.000Z,,589.99,0,2026-04-20 13:31:22
227291373679,m51235367866,Dior Montaigne 30 Compact Wallet Tri-Fold Wallet CD,2026-04-08T01:37:00.000Z,,529.99,0,2026-04-20 13:31:22
227291374100,m51261416665,GUCCI Fragment Case Snake,2026-04-08T01:37:17.000Z,,409.99,0,2026-04-20 13:31:22
227291374521,m51304962965,LOEWE Anagram Trifold Wallet,2026-04-08T01:37:42.000Z,,569.99,0,2026-04-20 13:31:22
227291374738,m51371996416,CHANEL Black Bi-fold Wallet,2026-04-08T01:37:59.000Z,,529.99,0,2026-04-20 13:31:22
227291375045,m51447602102,HERMES Silk In Compact,2026-04-08T01:38:17.000Z,,529.99,0,2026-04-20 13:31:22
227291375194,m51505514922,LOEWE Light Oats/Honey Bi-fold Wallet,2026-04-08T01:38:32.000Z,,379.99,0,2026-04-20 13:31:22
227291375707,m51556144943,Gucci Matelassé Card Case Wallet 2023 Silk GG Scarf Set Black Excellent,2026-04-08T01:39:11.000Z,,599.99,0,2026-04-20 13:31:22
227291376257,m51594854584,LOEWE × Suna Fujita Collaboration Rabbit Tri-Fold Wallet,2026-04-08T01:39:34.000Z,,669.99,6,2026-04-20 13:31:22
227291376554,m51603265728,Unused Burberry Nova Check Long Wallet Coin Purse with Frame,2026-04-08T01:39:58.000Z,,409.99,0,2026-04-20 13:31:22
227291376704,m57500214356,Hermès Carré 90 CIELS BYZANTINS J. Abadie Silk,2026-04-08T01:40:15.000Z,,419.99,0,2026-04-20 13:31:22
227291376851,m57489417725,HERMES Scarf Carré 90 Eastern and Western Jewels 100% Silk,2026-04-08T01:40:31.000Z,,389.99,0,2026-04-20 13:31:22
227291377242,m58495594990,ROBE LÉGÈRE HERMES Curry 90 Scarf,2026-04-08T01:41:00.000Z,,859.99,0,2026-04-20 13:31:22
227291377593,m51817875280,CHANEL Coco Mark Round Zip Long Wallet Patent Blue,2026-04-08T01:41:22.000Z,,529.99,0,2026-04-20 13:31:22
227291378209,m51952925936,PRADA Key Case,2026-04-08T01:41:54.000Z,,429.99,0,2026-04-20 13:31:22
227291379038,m58791013457,HERMES Scarf Carré90 Silk Beautiful Condition No Box,2026-04-08T01:42:29.000Z,,549.99,0,2026-04-20 13:31:22
227291379745,m60446066059,HERMES Scarf Carré,2026-04-08T01:43:09.000Z,,439.99,0,2026-04-20 13:31:22
227291381659,m52165562791,HERMES A ZAP SILK IN Wallet with Accessories Etoupe × Tosca,2026-04-08T01:44:19.000Z,,659.99,0,2026-04-20 13:31:22
227291381785,m52256009554,"LOEWE Black Business Card Holder【Unused, 26 pieces】",2026-04-08T01:44:32.000Z,,559.99,0,2026-04-20 13:31:22
227291382138,m52583184156,"CHANEL Leather Quilted Coin Purse, Card Case Red",2026-04-08T01:45:13.000Z,,539.99,1,2026-04-20 13:31:22
227291382302,m61620354938,HERMÈS Nature of Men Scarf 64x64 Silk Navy Special Edition Box Included,2026-04-08T01:45:32.000Z,,459.99,0,2026-04-20 13:31:22
227291383016,m63358175982,Louis Vuitton Aerogram Zippy Wallet Long Wallet Black 901,2026-04-08T01:46:22.000Z,,649.99,0,2026-04-20 13:31:22
227291383920,m64544455162,HERMES La Cle des Champs Carre 90 Silk Scarf Yellow Floral Birds Excellent,2026-04-08T01:46:52.000Z,,419.99,0,2026-04-20 13:31:22
227291384144,m64940501579,Louis Vuitton Wallet Porte-Feuille Sara Monogram Empreinte Beige,2026-04-08T01:47:07.000Z,,529.99,0,2026-04-20 13:31:22
227291384330,m66225245556,HERMÈS Carre 90 Super Silk Quest 2023AW Multicolor Excellent Condition,2026-04-08T01:47:22.000Z,,699.99,0,2026-04-20 13:31:22
227291384622,m66235478767,"Hermès 2026SS New Twilly ""City of Light"" Brand New Unused Item",2026-04-08T01:47:37.000Z,,439.99,0,2026-04-20 13:31:22
227291385587,m67368555409,HERMES Le Songe de Poliphile 90 90 Silk Beige Floral Excellent with Box,2026-04-08T01:48:38.000Z,,429.99,0,2026-04-20 13:31:22
227291385938,m67617230166,Louis Vuitton Zippy Wallet Monogram Empreinte - Excellent Condition,2026-04-08T01:49:01.000Z,,529.99,0,2026-04-20 13:31:22
227291386687,m69314720225,HERMES Scarf Carré 90 Charm of the Normandy Coast Yellow,2026-04-08T01:49:28.000Z,,439.99,0,2026-04-20 13:31:22
227291387381,m70385112132,Louis Vuitton Long Wallet Epi Zippy Wallet Round Black A51,2026-04-08T01:49:49.000Z,,439.99,0,2026-04-20 13:31:22
227291387574,m53011837871,LOEWE Pebble Vertical Wallet Small Wallet,2026-04-08T01:50:04.000Z,,529.99,0,2026-04-20 13:31:22
227291387987,m53053665102,PRADA Long Wallet Vittero Daino Round Zipper New with Box,2026-04-08T01:50:26.000Z,,609.99,0,2026-04-20 13:31:22
227291388191,m53060245375,CHANEL Long Wallet Red Leather Beautiful Condition Complete Accessories,2026-04-08T01:50:42.000Z,,579.99,0,2026-04-20 13:31:22
227291388476,m73007892952,Unused HERMES Calvi Duo Coin Case Wallet,2026-04-08T01:51:05.000Z,,859.99,0,2026-04-20 13:31:22
227291389140,m73106852903,Louis Vuitton Monogram Eclipse Long Wallet,2026-04-08T01:51:21.000Z,,529.99,0,2026-04-20 13:31:22
227291389560,m73139321692,HERMES Calvi Duo Dark Gray Brand New Authentic,2026-04-08T01:51:37.000Z,,849.99,0,2026-04-20 13:31:22
227291389842,m73456553469,Louis Vuitton Monogram Empreinte Wallet Black Leather SA Box,2026-04-08T01:52:01.000Z,,569.99,0,2026-04-20 13:31:22
227291390203,m53163578013,GUCCI Long Wallet GG Marmont Quilting Web Wallet White,2026-04-08T01:52:16.000Z,,419.99,0,2026-04-20 13:31:22
227291390425,m53228908199,Gucci三つ折財布 Compact Wallet New Condition with Box & Dust Bag,2026-04-08T01:52:33.000Z,,679.99,0,2026-04-20 13:31:22
227291390567,m53314849996,Loewe Tri-Fold Wallet Off-White Leather with Card Slots - Excellent Condition,2026-04-08T01:52:46.000Z,,439.99,0,2026-04-20 13:31:22
227291390840,m73846269069,Louis Vuitton Taiga Portefeuille Brothers NM Long Wallet Limited Beautiful Item,2026-04-08T01:53:08.000Z,,529.99,0,2026-04-20 13:31:22
227291391110,m53412868889,Rare Recent No.29 Seal Chanel Chain Pass Case Card Case With Guarantee,2026-04-08T01:53:28.000Z,,529.99,1,2026-04-20 13:31:22
227291391276,m53467510414,Price Reduced! Prada Folding Wallet Brand New and Unused,2026-04-08T01:53:43.000Z,,529.99,0,2026-04-20 13:31:22
227291391459,m53475230519,New Unused GUCCI Two-Fold Wallet Leather Off the Grid with Box,2026-04-08T01:54:01.000Z,,529.99,0,2026-04-20 13:31:22
227291392742,m74991255328,HERMÈS Carré 90 Silk Scarf White/Multi Lotus Flower Water Design Excellent,2026-04-08T01:55:14.000Z,,879.99,0,2026-04-20 13:31:22
227291393028,m53605693397,Gucci Large Scarf Retro Chain 87x87 Blue Print Excellent Condition,2026-04-08T01:55:29.000Z,,439.99,0,2026-04-20 13:31:22
227291393194,m53651871119,HERMES Dogon Compact 13.5x10cm Leather Yellow Mint with Box,2026-04-08T01:55:47.000Z,,609.99,0,2026-04-20 13:31:22
227291393433,m53708533138,"PRADA Mini Wallet with Box, Triangle Plate, Nylon, Black",2026-04-08T01:56:12.000Z,,529.99,0,2026-04-20 13:31:22
227291393560,m75503980105,HERMES 100% Cashmere Brown Stole,2026-04-08T01:56:26.000Z,,529.99,0,2026-04-20 13:31:22
227291393843,m75593578177,Louis Vuitton Monogram Zippy Wallet Macassar Vertical Long Wallet,2026-04-08T01:56:55.000Z,,529.99,0,2026-04-20 13:31:22
227291394071,m75833378412,Louis Vuitton Long Wallet Taiga Portefeuille Braz NM Current Model 2084,2026-04-08T01:57:15.000Z,,529.99,0,2026-04-20 13:31:22
227291394374,m53924845352,Prada Saffiano Triangle Logo Bi-Fold Wallet Black,2026-04-08T01:57:38.000Z,,689.99,0,2026-04-20 13:31:22
227291394556,m53961147341,Bottega Veneta Tri-Fold Wallet Cassette Leather Black,2026-04-08T01:57:57.000Z,,529.99,0,2026-04-20 13:31:22
227291395131,m54008845069,Loewe Two-Fold Wallet for Men with Coin Pocket C660501X03 Black,2026-04-08T01:58:26.000Z,,819.99,0,2026-04-20 13:31:22
227291395570,m54205131825,BOTTEGA VENETA Bi-fold Wallet,2026-04-08T01:59:20.000Z,,529.99,0,2026-04-20 13:31:22
227291395774,m77121212671,Louis Vuitton Epi Leather Black Long Wallet,2026-04-08T01:59:36.000Z,,529.99,0,2026-04-20 13:31:22
227291397057,m54370565611,BOTTEGA VENETA Medium Cassette Wallet Maxi Intrecciato,2026-04-08T02:01:07.000Z,,529.99,0,2026-04-20 13:31:22
227291398163,m77774530994,Louis Vuitton Long Wallet Taiga Zippy Organizer Round Zipper Black,2026-04-08T02:02:03.000Z,,529.99,0,2026-04-20 13:31:22
227291398352,m54547329137,CELINE Black Bifold Wallet,2026-04-08T02:02:20.000Z,,369.99,0,2026-04-20 13:31:22
227291398699,m78136215227,Hermès Carmen Uno Dos,2026-04-08T02:02:53.000Z,,749.99,0,2026-04-20 13:31:22
227291398931,m54609601387,Unused Burberry Round Zipper Long Wallet Nova Check Shadow Horse,2026-04-08T02:03:16.000Z,,529.99,0,2026-04-20 13:31:22
227291399118,m54701656612,CHANEL Camellia Zip Wallet Black Embossed Long杏,2026-04-08T02:03:34.000Z,,529.99,0,2026-04-20 13:31:22
227291399689,m78639882658,HERMES Calvi Card Case Voe Epsom Leather Brown Unused w/Box,2026-04-08T02:04:18.000Z,,529.99,0,2026-04-20 13:31:22
227291399821,m78789366442,HERMES Carre 90 Scotland Ballad Silk Scarf Multicolor Excellent,2026-04-08T02:04:31.000Z,,479.99,0,2026-04-20 13:31:22
227291400007,m78902483994,Louis Vuitton Portefeuille Brazta Taiga Blue Marine IC Long Wallet,2026-04-08T02:04:55.000Z,,449.99,0,2026-04-20 13:31:22
227292789341,m37116010300,Louis Vuitton Card Case Porte Cartes Recto Verso,2026-04-09T01:48:27.000Z,,579.99,0,2026-04-20 13:31:22
227292789521,m20013617039,Louis Vuitton Monogram Eclipse Card Case Organizer Du Poche,2026-04-09T01:48:44.000Z,,529.99,0,2026-04-20 13:31:22
227292790278,m31360234040,Louis Vuitton Taiga Ram Card Holder Monogram Green with IC Chip,2026-04-09T01:49:21.000Z,,439.99,0,2026-04-20 13:31:22
227292790422,m10607484934,LOEWE Beige Leather Long Wallet,2026-04-09T01:49:37.000Z,,789.99,0,2026-04-20 13:31:22
227292790621,m11061257631,Christian Dior Compact Wallet Trotter Canvas Navy,2026-04-09T01:49:54.000Z,,439.99,0,2026-04-20 13:31:22
227292790965,m11553663105,Louis Vuitton Mahina Portefeuille Amelia Noir Excellent Condition,2026-04-09T01:50:13.000Z,,429.99,0,2026-04-20 13:31:22
227292791210,m11627984253,Louis Vuitton Pochette Discovery PM Clutch Wallet Long Wallet White,2026-04-09T01:50:34.000Z,,529.99,0,2026-04-20 13:31:22
227292791468,m11788064854,Louis Vuitton Monogram Zippy Wallet Long Wallet Zipper LV Crafty,2026-04-09T01:50:53.000Z,,529.99,0,2026-04-20 13:31:22
227292791749,m11912452909,LOUIS VUITTON Navy Long Wallet,2026-04-09T01:51:09.000Z,,529.99,0,2026-04-20 13:31:22
227292791986,m83932064354,Louis Vuitton Trunk Charm Keychain Monogram Bijou Sac,2026-04-09T01:51:29.000Z,,759.99,0,2026-04-20 13:31:22
227292792732,m13244049222,Louis Vuitton Aerogram Porte-Feuille Brasseur NM Long Wallet,2026-04-09T01:52:09.000Z,,529.99,0,2026-04-20 13:31:22
227292793305,m97111961428,LOUIS VUITTON Damier Keyring M68280 New Unused,2026-04-09T01:52:46.000Z,,559.99,0,2026-04-20 13:31:22
227292793532,m96557613546,Louis Vuitton Illustré Bag Charm Key Holder【Beautiful Condition】,2026-04-09T01:53:01.000Z,,439.99,0,2026-04-20 13:31:22
227292793787,m97348492235,Brand New LOUIS VUITTON Japan Limited Multi-Collection 4 Key Case,2026-04-09T01:53:21.000Z,,529.99,0,2026-04-20 13:31:22
227292794023,m98059675764,Louis Vuitton Key Holder Monogram Dragonne LV Loop,2026-04-09T01:53:37.000Z,,779.99,0,2026-04-20 13:31:22
227292794144,m98899836379,Louis Vuitton Keychain LV Facette,2026-04-09T01:53:50.000Z,,599.99,0,2026-04-20 13:31:22
227292794396,2JFzZp4UR4QwLJW87pN9PS,LOUIS VUITTON Bijou Sac Coeur Key Charm GP Heart M65759,2026-04-09T01:54:15.000Z,,409.99,0,2026-04-20 13:31:22
227292794947,2JPY487ECzwj4ugMQREc2w,Louis Vuitton Key Case Multiclés 4 PVC Coated Canvas Ladies Unused,2026-04-09T01:54:41.000Z,,529.99,0,2026-04-20 13:31:22
227292868687,m70203202916,Louis Vuitton Wallet Monogram Empreinte Portalefeuille Sarah,2026-04-09T03:25:27.000Z,,529.99,0,2026-04-20 13:31:22
227292868786,m71016864483,Portefeuille Brazor Long Wallet,2026-04-09T03:25:39.000Z,,539.99,0,2026-04-20 13:31:22
227292870535,m77615575603,Louis Vuitton Portefeuille Brazza Blue Taiga Long Wallet A342,2026-04-09T03:27:44.000Z,,529.99,0,2026-04-20 13:31:22
227292870791,m78076482587,LOUIS VUITTON Zippy Wallet Empreinte Noir,2026-04-09T03:28:03.000Z,,579.99,1,2026-04-20 13:31:22
227292871134,m80431184667,Louis Vuitton Taiga Llama Brothers NM Wallet Cobalt,2026-04-09T03:28:42.000Z,,689.99,0,2026-04-20 13:31:22
227292871270,m80946292922,Louis Vuitton Empreinte Zippy Wallet in Excellent Condition,2026-04-09T03:29:02.000Z,,529.99,0,2026-04-20 13:31:22
227292871455,m87461092584,HERMES City 4CC Card Case Epson Gold/Sienne,2026-04-09T03:29:16.000Z,,539.99,0,2026-04-20 13:31:22
227292871734,m88374115509,Hermes Scarf Ring Chaine d'Ancre Perforated Gold M42,2026-04-09T03:29:55.000Z,,509.99,0,2026-04-20 13:31:22
227292871952,m89177204435,Louis Vuitton Monogram Eclipse Portefeuille Braz Long Wallet,2026-04-09T03:30:14.000Z,,529.99,0,2026-04-20 13:31:22
227292872394,m89577761665,HERMÈS Carre Scarf 90cm Silk Blue Swan Design Excellent Condition,2026-04-09T03:30:43.000Z,,479.99,0,2026-04-20 13:31:22
227292872550,m89597454939,HERMÈS Chaîne d'Ancre Scarf Ring 35mm Gold Excellent Condition No Accessories,2026-04-09T03:30:59.000Z,,629.99,0,2026-04-20 13:31:22
227292873822,m90250046886,Louis Vuitton Épi Noir Zippy Organizer Round Zip Long Wallet,2026-04-09T03:32:20.000Z,,439.99,0,2026-04-20 13:31:22
227292874041,m90631449885,HERMES Carre 90 Scarf ARMETS en PANACHE Silk Light Blue Unused Box,2026-04-09T03:32:40.000Z,,599.99,0,2026-04-20 13:31:22
227292874373,m91018794014,Louis Vuitton Long Wallet,2026-04-09T03:33:14.000Z,,429.99,0,2026-04-20 13:31:22
227292874539,m91191801946,HERMES Silk Scarf Fan Design Red 88x88 New Box Bag Included,2026-04-09T03:33:35.000Z,,639.99,0,2026-04-20 13:31:22
227292874796,m91480303562,HERMES Les Leopards Modernes Scarf 90cm Leopard Unused,2026-04-09T03:34:10.000Z,,639.99,0,2026-04-20 13:31:22
227292875071,m91542048442,LOUIS VUITTON Damier Graphite Christopher Nemes,2026-04-09T03:34:26.000Z,,579.99,0,2026-04-20 13:31:22
227292875242,m91693282406,LOUIS VUITTON Wallet,2026-04-09T03:34:40.000Z,,529.99,0,2026-04-20 13:31:22
227292875392,m91846935874,Louis Vuitton Empreinte Zippy Wallet Long Wallet Genuine Leather Brown,2026-04-09T03:34:58.000Z,,419.99,0,2026-04-20 13:31:22
227292875613,m92387525206,Unused Hermès Silk Scarf Gavroche Voitures en Equilibre Dragon,2026-04-09T03:35:17.000Z,,439.99,0,2026-04-20 13:31:22
227292876156,m92307020977,HERMES Scarf 90 Silk White Blue Floral Unused with Tags,2026-04-09T03:35:29.000Z,,489.99,0,2026-04-20 13:31:22
227292876428,m92626752163,Louis Vuitton Monogram Empreinte Zippy Wallet Noir Long Wallet,2026-04-09T03:36:01.000Z,,399.99,0,2026-04-20 13:31:22
227292876573,m92800659200,HERMES Carré 90 Scarf Crème Rose Blue New Unused,2026-04-09T03:36:15.000Z,,709.99,0,2026-04-20 13:31:22
227292877018,m92965300442,Louis Vuitton Eclipse Zippy Wallet Vertical Long Wallet,2026-04-09T03:36:33.000Z,,529.99,0,2026-04-20 13:31:22
227292877175,m92978636457,HERMES Carré 90 Silk Scarf Multi PRIERES AU VENT Clean No Tags,2026-04-09T03:36:51.000Z,,489.99,0,2026-04-20 13:31:22
227292877360,m93169226817,Louis Vuitton Black Leather Long Wallet,2026-04-09T03:37:18.000Z,,429.99,0,2026-04-20 13:31:22
227292877532,m93482357122,Rare HERMES Scarf Music of the Spheres Violin Carré 90,2026-04-09T03:37:37.000Z,,649.99,0,2026-04-20 13:31:22
227292877886,m93730198347,New Model IC Louis Vuitton Monogram Trianon Zippy Vertical Wallet,2026-04-09T03:38:14.000Z,,529.99,1,2026-04-20 13:31:22
227292877948,m93959212339,HERMES Key Holder,2026-04-09T03:38:26.000Z,,419.99,0,2026-04-20 13:31:22
227292878035,m94026205859,HERMES H En Lumiere Scarf 55 Silk Bleu Marine New Box Ribbon,2026-04-09T03:38:42.000Z,,649.99,0,2026-04-20 13:31:22
227292878746,m94672324117,Louis Vuitton Zippy Lock Me Long Wallet Round Zip LV Logo Hardware Leather,2026-04-09T03:39:22.000Z,,529.99,0,2026-04-20 13:31:22
227292879010,m94789578746,Hermes Logo Cashmere Scarf Stole,2026-04-09T03:39:42.000Z,,429.99,0,2026-04-20 13:31:22
227292879119,m94899849190,HERMES Princess Turban Carre 90,2026-04-09T03:39:56.000Z,,459.99,0,2026-04-20 13:31:22
227292879534,m94905986974,"HERMÈS Carré 90 Silk Twill Multicolor ""Foible Stamp Enthusiast"" Pre-owned",2026-04-09T03:40:42.000Z,,889.99,0,2026-04-20 13:31:22
227292879919,m95044809158,"Hermès Silk Scarf ""Perspective Cavalière"" H 100 with Tag",2026-04-09T03:41:00.000Z,,659.99,0,2026-04-20 13:31:22
227292880104,m95091557087,HERMÈS Scarf Carré 90 REVE D'AUSTRALIE Silk Ivory Yellow Multi Good Condition,2026-04-09T03:41:19.000Z,,729.99,0,2026-04-20 13:31:22
227292880392,m95410798028,Hermès New Unused Item,2026-04-09T03:41:50.000Z,,809.99,0,2026-04-20 13:31:22
227292880644,m95829202548,LOUIS VUITTON Long Wallet - Excellent Condition!,2026-04-09T03:42:16.000Z,,529.99,0,2026-04-20 13:31:22
227292880823,m95604345828,Louis Vuitton Taiga Vertical Black Long Wallet,2026-04-09T03:42:36.000Z,,409.99,0,2026-04-20 13:31:22
227292880998,m95968363806,"HERMES Calvi Duo Card Case Coin Case Epson, Brand New in Box",2026-04-09T03:42:52.000Z,,799.99,0,2026-04-20 13:31:22
227292881447,m96034771489,Louis Vuitton Long Wallet,2026-04-09T03:43:33.000Z,,529.99,0,2026-04-20 13:31:22
227292881826,m96183930834,Louis Vuitton Portefeuille My Lockme Long Wallet Black,2026-04-09T03:43:56.000Z,,529.99,0,2026-04-20 13:31:22
227292882180,m96251974739,Louis Vuitton Taiga Organizer Atoll Aldoards Travel Excellent Condition,2026-04-09T03:44:11.000Z,,529.99,0,2026-04-20 13:31:22
227292882446,m96366302856,Louis Vuitton Zippy Wallet M81914 19.5cm Bicolor Monogram Leather Cream Pink,2026-04-09T03:44:52.000Z,,669.99,0,2026-04-20 13:31:22
227292882615,m96364226695,Louis Vuitton Taigarama Brother Long Wallet Blue Silver Business Monogram,2026-04-09T03:45:15.000Z,,559.99,0,2026-04-20 13:31:22
227292882766,m96454305936,Louis Vuitton Monogram Macassar Portefeuille Braz Long Wallet with Box and Bag,2026-04-09T03:45:34.000Z,,529.99,0,2026-04-20 13:31:22
227292883093,m96616749625,Louis Vuitton Zippy Wallet Monogram Empreinte with IC Chip in Excellent,2026-04-09T03:46:11.000Z,,759.99,0,2026-04-20 13:31:22
227292883391,m96701956822,HERMES Gavroche 45cm Silk Pink Floral Mint with Box,2026-04-09T03:46:40.000Z,,419.99,0,2026-04-20 13:31:22
227292884025,m96833419611,HERMES Scarf with Carriage Design,2026-04-09T03:47:19.000Z,,479.99,0,2026-04-20 13:31:22
227292884215,m97067856545,Excellent Condition Louis Vuitton Envelope Business Card Case Monogram,2026-04-09T03:47:35.000Z,,529.99,0,2026-04-20 13:31:22
227292884514,m97258070468,HERMES Scarf Carre 70 Rare Design Beige Mint Condition,2026-04-09T03:48:05.000Z,,559.99,0,2026-04-20 13:31:22
227292884737,m97363788382,Louis Vuitton Zippy Vertical Monogram Eclipse Black,2026-04-09T03:48:26.000Z,,529.99,1,2026-04-20 13:31:22
227292884831,m97475725618,HERMÈS Céleste Step 90cm Silk Green Square Scarf New with Tags,2026-04-09T03:48:39.000Z,,879.99,0,2026-04-20 13:31:22
227292885219,m97568521680,LOUIS VUITTON Portefeuille Braz M66540 Long Wallet,2026-04-09T03:49:03.000Z,,529.99,0,2026-04-20 13:31:22
227292885330,m97690291971,HERMES Scarf Herbier de Gavarnie Silk White Blue Floral Rare 90cm,2026-04-09T03:49:22.000Z,,619.99,0,2026-04-20 13:31:22
227292885397,m97782538004,HERMÈS Bride de Cour 90cm Silk Pastel Scarf Horse Motif Excellent Cond.,2026-04-09T03:49:36.000Z,,409.99,0,2026-04-20 13:31:22
227292885513,m97790747158,HERMES Maxi Twilly Collier de Chien Rare,2026-04-09T03:49:53.000Z,,529.99,0,2026-04-20 13:31:22
227292885645,m97836818425,Louis Vuitton M81767 IC Type Excellent Condition,2026-04-09T03:50:11.000Z,,529.99,0,2026-04-20 13:31:22
227292886171,m98011761344,LOUIS VUITTON Damier Graphite Portefeuille Plaza Wallet N62665,2026-04-09T03:50:44.000Z,,529.99,0,2026-04-20 13:31:22
227292886464,m98332629324,HERMÈS carré90 Scarf La Patisserie Francaise Blue Silk Excellent Cond. Box,2026-04-09T03:51:06.000Z,,869.99,0,2026-04-20 13:31:22
227292886671,m98351047411,Louis Vuitton Monogram Eclipse Zippy XL Long Wallet Clutch Bag,2026-04-09T03:51:25.000Z,,829.99,0,2026-04-20 13:31:22
227292886742,m98432428888,HERMES Twilly Equator 2026SS New and Unused,2026-04-09T03:51:37.000Z,,449.99,1,2026-04-20 13:31:22
227292887531,m99091495757,HERMÈS Odyssey Twilly Scarf 85cm Silk Yellow Red Multi Excellent Condition,2026-04-09T03:52:55.000Z,,409.99,0,2026-04-20 13:31:22
227292888083,m99247062119,HERMES Scarf DANS LATELIER DE ROBERT DALLE Unisex carré 90,2026-04-09T03:53:26.000Z,,729.99,0,2026-04-20 13:31:22
227292888606,m99293965016,"Custom Cleaning, Insect-Proof Finish HERMES New Libris Large Stole",2026-04-09T03:53:47.000Z,,879.99,0,2026-04-20 13:31:22
227292888713,m99343719592,Louis Vuitton Zippy Wallet Clemence Flower Charm Long Wallet,2026-04-09T03:54:04.000Z,,529.99,0,2026-04-20 13:31:22
227292888822,m99420380612,LOUIS VUITTON Monogram Wallet,2026-04-09T03:54:18.000Z,,419.99,0,2026-04-20 13:31:22
227292889010,m99455993838,Louis Vuitton Mahina Zippy Wallet Pink Gradient Leather B+ Box,2026-04-09T03:54:40.000Z,,569.99,0,2026-04-20 13:31:22
227292889251,m99676661159,Hermès Carre 90 Scarf Grand Tralala,2026-04-09T03:54:57.000Z,,829.99,0,2026-04-20 13:31:22
227292889350,m99802894387,HERMÈS Maxi Twilly Brazil 100% Silk Orange Beautiful Condition with Box,2026-04-09T03:55:12.000Z,,629.99,0,2026-04-20 13:31:22
227292889646,2JHsTgBJZpqwuUb3BEFvmE,Louis Vuitton Taiga Zippy XL Round Zipper Long Wallet Organizer Travel Case,2026-04-09T03:55:39.000Z,,629.99,0,2026-04-20 13:31:22
227292889982,m64282996723,CHANEL 19 Wallet 19cm Lambskin Ivory SS Condition Long Billfold,2026-04-09T03:55:49.000Z,,789.99,0,2026-04-20 13:31:22
227292890219,m64371641637,Bottega Long Wallet Round Zipper Intrecciato Black Gold Hardware,2026-04-09T03:56:06.000Z,,529.99,0,2026-04-20 13:31:22
227292890339,2ebMJu6f3dbAQh4ejBdpuJ,Hermes Scarf Carre 90 Floral Orchid Purple Touvenirs Asie,2026-04-09T03:56:24.000Z,,709.99,0,2026-04-20 13:31:22
227292890619,2JFzaBsXL3ubWFihFKeCEx,HERMÈS Scarf Belt 19cm Leather Purple □L Excellent Condition,2026-04-09T03:56:46.000Z,,559.99,0,2026-04-20 13:31:22
227292891019,2JGCEnbS7aSuaHaTJXc5L8,HERMES Scarf Stole Zigzag 100% Cashmere Ladies,2026-04-09T03:57:13.000Z,,569.99,0,2026-04-20 13:31:22
227292891078,2JGbHCiMg5yoVdLeUGUCCf,Hermes Scarf Stole 100% Cashmere Ladies,2026-04-09T03:57:16.000Z,,539.99,0,2026-04-20 13:31:22
227292891245,2JGe5NXEYP4FMiQ6hjRvHG,HERMES Silk Scarf Carre 90 Dancing Pearl Multicolor,2026-04-09T03:57:39.000Z,,599.99,2,2026-04-20 13:31:22
227292891267,2JGgVoGfPPSCf38YBkn4NF,HERMES Luna Park Carre 90 Silk Scarf Near Excellent,2026-04-09T03:57:43.000Z,,419.99,0,2026-04-20 13:31:22
227292891424,2JGKwwFxjMZnCGFv3LXTUG,Unused HERMES Twilly Ribbon Scarf Borducheck H062408S Silk Blue Yellow,2026-04-09T03:58:14.000Z,,439.99,0,2026-04-20 13:31:22
227292891731,2JGrNzQnRd5VZvhQkSS8TY,HERMES Carré 90 Scarf Concerto Silk Yellow Near Mint w/ Box,2026-04-09T03:58:39.000Z,,639.99,0,2026-04-20 13:31:22
227292892104,2JGYAfvD8QhX6q5CqtjnUQ,HERMES PANTIN CITY 90 Silk Multicolor Floral Unused,2026-04-09T03:59:15.000Z,,459.99,0,2026-04-20 13:31:22
227292892538,2JGZ8ZGSV5BEdiuvt7dDzB,Louis Vuitton Emprunte Zippy Wallet Leather Black Boxed Used,2026-04-09T03:59:28.000Z,,639.99,0,2026-04-20 13:31:22
227292892771,2JH42eSjbQPejpDRhy9Ley,HERMES Scarf Carre 90 Orange Beige PASSIFLORES,2026-04-09T03:59:52.000Z,,499.99,0,2026-04-20 13:31:22
227292893345,2JHdhEdgXHMenMURkMDhmv,Louis Vuitton Fleurs Wallet M64585 Monogram Brown Used No Accessories,2026-04-09T04:00:34.000Z,,409.99,0,2026-04-20 13:31:22
227292893359,2JH4QVy79aneBVaxENBJLT,Hermès Glove Holder Ideal H241040G,2026-04-09T04:00:35.000Z,,629.99,0,2026-04-20 13:31:22
227292893765,2JH8zRmpTkhaVjN2zcyxXT,Hermès Silk Bandana Paris Wheel Bandana Navy Marine H044111S 01,2026-04-09T04:00:59.000Z,,479.99,0,2026-04-20 13:31:22
227292894137,2JHcBgrZRvQMUcLd36NDCr,Hermès Carmen 077894CJ Key Ring,2026-04-09T04:01:21.000Z,,499.99,0,2026-04-20 13:31:22
227292894473,2JHidCjjkjeMnPhE7fDRuo,Louis Vuitton M69353 Monogram Giant Reverse Zippy Wallet,2026-04-09T04:01:46.000Z,,539.99,0,2026-04-20 13:31:22
227292894469,2JHJHSjCWRvnC6Lr3sEw44,New HERMES Glove Holder Rose Gold Metal Keychain Bag Charm Ladies 506108,2026-04-09T04:01:47.000Z,,549.99,0,2026-04-20 13:31:22
227292895215,2JHufDXU9dr5tWEWrQaKdj,HERMES Cashmere Silk Dot Design Large Shawl Stole Gray Italy Ladies,2026-04-09T04:02:50.000Z,,629.99,0,2026-04-20 13:31:22
227292895335,2JHWFiU8Py3sLvQyFP4Y45,Louis Vuitton Monogram Wallet M83476 Near Mint Box Dust Bag,2026-04-09T04:02:57.000Z,,649.99,0,2026-04-20 13:31:22
227292895566,2JHWFyEKjqefShbFL6bxFy,"HERMÈS Carré 90 Light Blue Silk Scarf, Excellent Condition, Accessories Included",2026-04-09T04:03:14.000Z,,479.99,0,2026-04-20 13:31:22
227292895623,2JHWGomQxgsciBTP9aYZ2m,HERMÈS Carré 90 Silk 100% NORS ET COURMETTES Multicolor Excellent,2026-04-09T04:03:22.000Z,,539.99,0,2026-04-20 13:31:22
227292895792,2JHzWJe2yGn3CoUkgqYzP7,Used HERMES Rodeo Pegasus GM Bag Charm Key Holder Ladies 506298,2026-04-09T04:03:38.000Z,,859.99,0,2026-04-20 13:31:22
227292895860,2JJ6vCXNEdcrWJefRSq24c,HERMES NAPOLEON Carre 90 Silk Navy Multicolor Scarf Mint with Box,2026-04-09T04:03:46.000Z,,489.99,0,2026-04-20 13:31:22
227292896046,2JJ6h6hp2z99D9t6UD6ewe,HERMES Carre 90 Silk Scarf ARMETS en PANACHE Gold Black Mint Condition,2026-04-09T04:04:02.000Z,,489.99,0,2026-04-20 13:31:22
227292896120,2JJ6vi4JGrs4WK9GQbo9Vn,HERMES ROMANTIQUE Carre 90 Silk Scarf Pink Boxed Mint Condition,2026-04-09T04:04:09.000Z,,489.99,0,2026-04-20 13:31:22
227292896254,2JJ6VkqEXQwedMWiaFukjt,HERMES CARRÉ 90 Silk Scarf Brown COEUR DES BOIS Mint,2026-04-09T04:04:28.000Z,,709.99,0,2026-04-20 13:31:22
227292896466,2JJ75vwkrb7Zrjtord7GQS,HERMES Scarf Carré 90 Silk Orange Nomades Unused with Box,2026-04-09T04:04:34.000Z,,709.99,0,2026-04-20 13:31:22
227292896639,2JJ96UbmZQo8XAbHBvmnz5,HERMES Cirque Molier Scarf 90cm Silk Yellow Boxed Excellent,2026-04-09T04:04:52.000Z,,539.99,0,2026-04-20 13:31:22
227292897325,2JJg5TQ3xYvWjnwZ9ibvxp,HERMES エルメス カルヴィデュオ ヴォーエプソン コイン カードケース B刻印 2023年製造 ピンク レディース 新品同様 中古 USED,2026-04-09T04:05:34.000Z,,629.99,0,2026-04-20 13:31:22
227292897369,2JJmuR8AMk5845x54WDbeK,LOUIS VUITTON Portefeuille Slender Bi-Fold Wallet Damier Graphite N41679,2026-04-09T04:05:42.000Z,,569.99,0,2026-04-20 13:31:22
227292897448,2JJghaxuSwXXp9MG5dwyjj,HERMES Boutis Scarf Shawl Muffler,2026-04-09T04:05:56.000Z,,679.99,0,2026-04-20 13:31:22
227292897498,2JJm9SZ8DxRFDjb3DyWNnZ,HERMES Garden of Shapes Scarf 90 Silk Yellow Excellent Condition,2026-04-09T04:06:06.000Z,,489.99,0,2026-04-20 13:31:22
227292897508,2JJJJfdc2GJhGvv6azEgwK,HERMES H Series Card Case Business Card Holder B Stamp H Sellier,2026-04-09T04:06:09.000Z,,529.99,0,2026-04-20 13:31:22
227292897564,2JJmAZDTXFqnJssvEygvbU,HERMES Scarf Carre90 Silk Orange Sarasvati Talent Mint Condition,2026-04-09T04:06:18.000Z,,709.99,0,2026-04-20 13:31:22
227292897588,m64855180498,LOEWE Vertical Wallet Folding Wallet,2026-04-09T04:06:21.000Z,,529.99,0,2026-04-20 13:31:22
227292897656,m64867700287,HERMES Dogon GM Long Wallet,2026-04-09T04:06:30.000Z,,529.99,0,2026-04-20 13:31:22
227292897741,m64885269697,Lady Dior Card Holder MagSafe Compatible,2026-04-09T04:06:37.000Z,,879.99,1,2026-04-20 13:31:22
227292897779,2JJmfjY2uTvDQZkNtXMq9F,HERMES Confort en Automobile Scarf 90 Silk Black Pristine Condition,2026-04-09T04:06:40.000Z,,449.99,0,2026-04-20 13:31:22
227292897853,m64944682117,Brand New GUCCI GG Pattern Leather Bi-Fold Wallet Black,2026-04-09T04:06:50.000Z,,529.99,0,2026-04-20 13:31:22
227292897862,m64956176825,CHANEL Ribbon Scarf Black & Multicolor 100% Silk,2026-04-09T04:06:52.000Z,,479.99,0,2026-04-20 13:31:22
227292898023,2JJmuHVb7xR47w3CycLigP,Louis Vuitton Zippy Wallet Epi Green Long Wallet No Flaws Box/Pouch Damaged,2026-04-09T04:07:05.000Z,,799.99,0,2026-04-20 13:31:22
227292898110,2JJPCdgv7sKzWrTwmhPzTZ,Hermès Carmen 077894CJ Key Ring,2026-04-09T04:07:14.000Z,,499.99,0,2026-04-20 13:31:22
227292898136,2JJTU7Rf9d74B85ascEQ6H,LOUIS VUITTON Taiga Zippy Wallet Black Long Wallet,2026-04-09T04:07:16.000Z,,429.99,0,2026-04-20 13:31:22
227292898271,2JJTpkNFaHU8AXMnmfTReU,HERMÈS La Tour Eiffel S`envole Scarf 140cm Silk Navy Multicolor Pre-Owned,2026-04-09T04:07:31.000Z,,839.99,0,2026-04-20 13:31:22
227292898350,2JJvNSWyoY2NgDZv2FPfmU,Louis Vuitton Epi Zippy Wallet Champagne Round Zip Used Pouch,2026-04-09T04:07:37.000Z,,529.99,0,2026-04-20 13:31:22
227292898355,2JJW735ccXvvzioF5vDBWW,Louis Vuitton Zippy Vertical Long Wallet N63548 Damier Améthyst Noir Black,2026-04-09T04:07:38.000Z,,529.99,0,2026-04-20 13:31:22
227292898493,2JJWBibsrTmdgqnxoHUuoL,Louis Vuitton Zippy Wallet Monogram Canvas Brown Used w/ Dust Bag,2026-04-09T04:07:56.000Z,,879.99,0,2026-04-20 13:31:22
227292898548,2JKb6kwQgoGEbjLKuSN5SC,Hermès Scarf Ring Chaîne d'Ancre Gold Color Other,2026-04-09T04:08:05.000Z,,489.99,0,2026-04-20 13:31:22
227292898650,2JJY4g2NvhkosSauwcSC8w,HERMES Carré 90 Silk Scarf Black Used Ladies + Box,2026-04-09T04:08:18.000Z,,429.99,0,2026-04-20 13:31:22
227292899471,m64969248712,GUCCI Long Wallet Round Zipper in Excellent Condition,2026-04-09T04:08:27.000Z,,439.99,0,2026-04-20 13:31:22
227292899488,2JJzKtQdvyaXgyeaBpfGub,HERMES Scarf Twilly,2026-04-09T04:08:28.000Z,,479.99,0,2026-04-20 13:31:22
227292899620,m65037671673,NEW UNUSED BOTTEGA VENETA Bi-fold Wallet,2026-04-09T04:08:43.000Z,,749.99,0,2026-04-20 13:31:22
227292900893,2JKff9t3JPCEtmgk28oKkS,HERMES New Libris Stole Unisex Light Blue 【Used】 【Apparel & Accessories】,2026-04-09T04:08:55.000Z,,699.99,0,2026-04-20 13:31:22
227292901760,m65050296540,Excellent Condition CHANEL 19 Long Wallet,2026-04-09T04:09:06.000Z,,599.99,0,2026-04-20 13:31:22
227292902670,2JKg9Th8zRY4QAHBsJoEr2,HERMÈS Calvi Card Case 10.5cm Vo EP Jaune Milton S Rank with Box,2026-04-09T04:09:19.000Z,,629.99,0,2026-04-20 13:31:22
227292902821,m65050767518,Loewe Card Case Beige Leather Pass Case Excellent Condition Accessories,2026-04-09T04:09:21.000Z,,439.99,0,2026-04-20 13:31:22
227292903019,2JKghyQwJuizWrCCdDyXFb,HERMÈS Carre 90 Scarf Silk 100% Orange CIRQUE MOLIER A with Box,2026-04-09T04:09:22.000Z,,599.99,0,2026-04-20 13:31:22
227292903937,m65052911768,Gucci Horsebit 1955 Zip Around Wallet 25x10cm Canvas Beige/Black Gold Acc.,2026-04-09T04:09:34.000Z,,529.99,0,2026-04-20 13:31:22
227292904029,2JKgDoaDtnCZ5NHnRG85ZY,HERMÈS Carre 90 Silk Scarf LA PROMENADE DE PLATON Purple S Unused Boxed,2026-04-09T04:09:44.000Z,,599.99,0,2026-04-20 13:31:22
227292904359,2JKgDuovHoNtAsBYM82ki4,HERMÈS Carré 90 Jardins d'Hiver Silk Scarf Orange S Condition Unused,2026-04-09T04:10:10.000Z,,819.99,0,2026-04-20 13:31:22
227292904514,m65173845145,Gucci Ophidia Key Coin Case Beige & Ebony GG Supreme Canvas New with Tags,2026-04-09T04:10:17.000Z,,529.99,0,2026-04-20 13:31:22
227292904615,2JKgEu7uR6RtoibgA9NdFV,HERMÈS Carre 90 Silk Scarf Green Kuggor Tree A Condition With Box,2026-04-09T04:10:30.000Z,,489.99,0,2026-04-20 13:31:22
227292904685,2JKgFpAAFk97gQTbRhbxew,HERMÈS Carré 90 Scarf 90x90cm Silk Blue Wading Bird A Condition,2026-04-09T04:10:37.000Z,,599.99,0,2026-04-20 13:31:22
227292904889,m65249528591,Excellent Condition GUCCI Wallet GG Black 598587,2026-04-09T04:10:58.000Z,,529.99,0,2026-04-20 13:31:22
227292904926,2JKgfZXtgDz3URqsdssB2Q,HERMÈS Carre 70 Minuit au Faubourg 100% Silk Scarf A-Grade Boxed,2026-04-09T04:11:02.000Z,,419.99,1,2026-04-20 13:31:22
227292905054,m65362943921,Gucci Courier Card Case 新品 キャンバス ネイビー/マルチ ネコ UFO Box + Pouch,2026-04-09T04:11:13.000Z,,529.99,0,2026-04-20 13:31:22
227292905145,2JKghTXiQvKS2tHmAjhKaz,HERMÈS Silk Scarf Carré 90 Multicolor GINZA2001 Limited Edition A with Box,2026-04-09T04:11:26.000Z,,819.99,0,2026-04-20 13:31:22
227292905221,m65394858089,GUCCI Folding Wallet with Coin Pocket Shima Leather,2026-04-09T04:11:34.000Z,,529.99,0,2026-04-20 13:31:22
227292905296,2JKgitnM8KoCC93Mjm7oKw,HERMÈS Scarf Carré 90 Silk White Reves d Escargots A Boxed,2026-04-09T04:11:38.000Z,,599.99,0,2026-04-20 13:31:22
227292905526,2JKgjLmZiwKmkGYMRpnfco,HERMÈS Silk Scarf CARRÉ 90 Ceintures et Liens Blue A Boxed,2026-04-09T04:11:49.000Z,,489.99,0,2026-04-20 13:31:22
227292905601,m65396593190,LOEWE Tri-Fold Wallet Anagram Beige,2026-04-09T04:11:54.000Z,,529.99,0,2026-04-20 13:31:22
227292905700,m65459824646,Gucci GG Supreme Zip Around Wallet 19.5cm Canvas Beige/White Gold Tone сond. Box,2026-04-09T04:11:57.000Z,,549.99,0,2026-04-20 13:31:22
227292905858,m65480693644,GUCCI Long Wallet Ophidia GG Nearly Unused Wallet,2026-04-09T04:12:10.000Z,,529.99,0,2026-04-20 13:31:22
227292905911,2JKgKcUMqUWtNp2hmAeMzv,HERMÈS Carre 90 DANSE PACIFIQUE 90x90CM Silk Blue Unused,2026-04-09T04:12:15.000Z,,709.99,0,2026-04-20 13:31:22
227292905917,m65507036737,HERMES Wallet Silk In Flamingo,2026-04-09T04:12:15.000Z,,889.99,0,2026-04-20 13:31:22
227292906191,2JKgPtmmmKmb3Etz7tV37Y,HERMÈS Carre 90 Silk Scarf Red Smiles in Third Millenary A Condition,2026-04-09T04:12:37.000Z,,489.99,0,2026-04-20 13:31:22
227292906253,2JKgRdqdjxniQ4yC8GXZs2,HERMÈS Carré 90 Scarf 90x90cm 100% Silk Nuba Mountain Orange S Boxed,2026-04-09T04:12:41.000Z,,709.99,0,2026-04-20 13:31:22
227292906510,2JKiwHDPQ2KUKGPRMdJ4Jk,HERMÈS Bolduc au Carré Scarf 90 cm Silk Multicolor A Boxed,2026-04-09T04:12:54.000Z,,709.99,0,2026-04-20 13:31:22
227292906628,2JKgTcJpCTocmYf4oPsQ68,HERMÈS Carré 90 Scarf Silk Orange Zenobie Reine de Palmyre A Boxed,2026-04-09T04:13:00.000Z,,599.99,0,2026-04-20 13:31:22
227292906893,2JKgV6sCU9skRfLoarq2nx,HERMÈS Carre 90 Silk Scarf Della Cavalleria Multicolor S Boxed,2026-04-09T04:13:19.000Z,,669.99,0,2026-04-20 13:31:22
227292906907,m65541099536,HERMÈS Calvi Card Holder Beige Mousse Evercolor Brand New W Stamp,2026-04-09T04:13:20.000Z,,529.99,0,2026-04-20 13:31:22
227292906982,2JKgXEMvqqhHrxqBMGSQcM,HERMÈS Carre 90 Silk Scarf Projets Carres au Crayon White Navy S Unused,2026-04-09T04:13:25.000Z,,709.99,0,2026-04-20 13:31:22
227292906994,m65613912164,GUCCI Compact Wallet Floral Pattern Folded Wallet Clutch Bag,2026-04-09T04:13:26.000Z,,529.99,1,2026-04-20 13:31:22
227292907132,m65607149049,GUCCI Zumi Long Wallet Beauty Item Unisex,2026-04-09T04:13:34.000Z,,399.99,0,2026-04-20 13:31:22
227292907210,m65664308215,CELINE Triomphe Key Case Keyring 6連 Gray Beige,2026-04-09T04:13:38.000Z,,529.99,0,2026-04-20 13:31:22
227292907327,2JKgZkAZyyHm9ELhi5gcss,HERMÈS Carre 90 Scarf Silk Red Early America Animal Print A Condition Boxed,2026-04-09T04:13:47.000Z,,599.99,0,2026-04-20 13:31:22
227292907387,2JKii4JQgnCztiiKJPfzTT,HERMÈS Carre 90 Silk Scarf ECURIES Navy Excellent Condition with Box,2026-04-09T04:13:50.000Z,,599.99,0,2026-04-20 13:31:22
227292907684,2JKiwmfjuSrjFYdwM5f3xq,HERMÈS Carré 90 CHEVAUX DE TRAIT Silk Scarf Blue A Condition Box,2026-04-09T04:14:02.000Z,,489.99,0,2026-04-20 13:31:22
227292907703,2JKisEnUKZnRd2zyGwpXHq,HERMÈS Le Songe de Poliphile Scarf 90cm Silk Blue A Boxed,2026-04-09T04:14:04.000Z,,489.99,0,2026-04-20 13:31:22
227292907844,2JKj5s4H7Wb64aCBko6L44,Louis Vuitton N61254 Damier Infini Leather Round Zip Long Wallet Black Men's,2026-04-09T04:14:17.000Z,,879.99,0,2026-04-20 13:31:22
227292907911,2JKj5thjpE6x5onCNtfHnA,HERMÈS Calvi 7x10.7cm Vauvert Epson Black Silver No. W S Condition Boxed,2026-04-09T04:14:27.000Z,,689.99,0,2026-04-20 13:31:22
227292907912,2JKjBj3jSbcKBot5QVkXys,HERMÈS Carre 90 Silk Scarf PERLES DU KENYA Blue AB Condition with Box,2026-04-09T04:14:28.000Z,,599.99,0,2026-04-20 13:31:22
227292907933,2JKjAToWbBW6knW2fRqmR2,HERMÈS Carré 90 RE TOUR A LA TERRE Silk Scarf Navy AB Condition Boxed,2026-04-09T04:14:32.000Z,,709.99,0,2026-04-20 13:31:22
227292907978,2JKjPVbhV5uwiFjyxDFe78,HERMÈS Carré 90 Silk Scarf Please Check the Line H004187S 11 S Rank Orange Box,2026-04-09T04:14:38.000Z,,699.99,0,2026-04-20 13:31:22
227292908110,2JKKPgk8kgS7FyVgBmYFBd,HERMÈS Eperon d'Or Cut 5cm x 86cm Silk Orange/White Twilly Scarf New Box Tag,2026-04-09T04:14:50.000Z,,589.99,0,2026-04-20 13:31:22
227292908120,2JKKPgaudRJtm5qfePHy7d,HERMÈS Chevaux en Liberté 063803S 5x86cm Silk Gray/Red Scarf New Box,2026-04-09T04:14:52.000Z,,609.99,0,2026-04-20 13:31:22
227292908128,2JKKPnraMfkiP3FxHh6FnA,HERMÈS Silla de Gaucho Carré 90 Silk Gray/Blue Used Box/Tag Included,2026-04-09T04:14:54.000Z,,609.99,0,2026-04-20 13:31:22
227292908171,2JKKQLMRZo8FFrvqre35Ye,HERMÈS Entre Ciel et mer Bandana 87cm Silk Navy/White/Black Used Box Included,2026-04-09T04:15:02.000Z,,409.99,0,2026-04-20 13:31:22
227292908268,2JKmT9RwyfkmBTyEvUXbhf,HERMÈS Carre 90 90x90CM Silk Scarf PROJETS CARRES Pink A Boxed,2026-04-09T04:15:15.000Z,,599.99,0,2026-04-20 13:31:22
227292908278,2JKkz9FTVjugbC5HgdXWoV,HERMÈS Carré 90 Silk Scarf Modernisme Tropical Multicolor A Boxed,2026-04-09T04:15:16.000Z,,709.99,0,2026-04-20 13:31:22
227292908344,2JKmcaKYapqqrLpgaY3B7p,HERMÈS Carré 90 Silk Scarf Flamingo Party White Navy A Boxed,2026-04-09T04:15:17.000Z,,819.99,0,2026-04-20 13:31:22
227292908550,2JKmd62naqxWnUbCzox9LL,HERMÈS Carré 90 Scarf Silk Yellow PRIERES AU VENT A-Condition Boxed,2026-04-09T04:15:23.000Z,,819.99,0,2026-04-20 13:31:22
227292908745,2JKmfMVVRsgiGJrWFgesGS,HERMÈS Carré 90 EQUATEUR Silk Scarf Red Animal Bird A Condition Boxed,2026-04-09T04:15:28.000Z,,599.99,0,2026-04-20 13:31:22
227292908957,2JKmkhtgQVB45iE9mtyxGf,HERMES Rosanju GM New Ribbris Cashmere Silk Leather York Logo Patch Scarf,2026-04-09T04:15:40.000Z,,779.99,0,2026-04-20 13:31:22
227292909097,2JKmwKHPsWjUEBGh88GPFW,HERMÈS Carré 90 Silk Scarf Blue LE TEMPS des MARIONNETTES S with Box,2026-04-09T04:16:03.000Z,,529.99,0,2026-04-20 13:31:22
227292909167,2JKmZevDRQY4oB4pvb22DU,HERMES Key Holder Quiz Rainbow Cadena Keyring Charm Palladium,2026-04-09T04:16:17.000Z,,519.99,0,2026-04-20 13:31:22
227292909176,2JKNGThkVwfyfbLRkyrDQi,HERMÈS Calvi Card Case 6.5cm Vauphine Etoupe Silver S W Stamp Boxed,2026-04-09T04:16:19.000Z,,619.99,0,2026-04-20 13:31:22
227292909191,2JKp2ugBgXpezce7jMoHqt,HERMÈS Clic Clac Scarf 90cm Silk Red White Equestrian Excellent Boxed,2026-04-09T04:16:22.000Z,,529.99,0,2026-04-20 13:31:22
227292909317,2JKpLRmWbe89BP9ro9ziTk,HERMÈS Pythagore 90x90CM Silk Scarf Multicolor A Condition with Box,2026-04-09T04:16:42.000Z,,489.99,0,2026-04-20 13:31:22
227292909405,2JKp3G9kBHQC7qokE7n3Hj,Louis Vuitton Monogram Empreinte Zippy Wallet 19.5cm Noir M61864 SS Box Bag,2026-04-09T04:16:42.000Z,,799.99,0,2026-04-20 13:31:22
227292909428,2JKQzsWwqU8EFLVtVYgjwu,HERMÈS Paddock Carré 90 Silk Multi-Color Scarf AB Condition with Box,2026-04-09T04:16:45.000Z,,819.99,0,2026-04-20 13:31:22
227292909473,2JKpQEsQfwgMPhrXnEpwpw,HERMÈS Carre 90 Silk Scarf Le saut H Multicolor Condition A Boxed,2026-04-09T04:16:49.000Z,,649.99,0,2026-04-20 13:31:22
227292909488,2JKpQmjwSTT4VcyB6tLVyV,HERMÈS Please Check In 90x90CM Silk Scarf Green A Condition Boxed,2026-04-09T04:16:50.000Z,,819.99,0,2026-04-20 13:31:22
227292909733,2JKTN6tJnzhJkN8WLyKEQH,HERMÈS Le Robinson Chic Scarf 90cm Silk Multicolor A Condition,2026-04-09T04:17:03.000Z,,489.99,0,2026-04-20 13:31:22
227292909900,2JKU88vNG2gfKS3qbdaoj8,Louis Vuitton Monogram Empreinte Zippy Wallet Leather Black Unisex A,2026-04-09T04:17:11.000Z,,529.99,0,2026-04-20 13:31:22
227292909901,2JKRHUYcPb3SW7JZ7vfjjk,Louis Vuitton Monogram Empreinte Zippy Wallet Leather Navy Gold S No Accessories,2026-04-09T04:17:11.000Z,,529.99,0,2026-04-20 13:31:22
227292909909,2JKW8vd7y8PuoNW7q54GWt,HERMÈS Space Derby Scarf 178x43cm Silk Black White Ugo Bienvenu Excellent,2026-04-09T04:17:13.000Z,,629.99,0,2026-04-20 13:31:22
227292909910,2JKVdN2oVRwPoLKKBXSmbF,HERMÈS Carré 90 Silk JUNGLE LOVE RAINBOW Pink/Light Blue/Gray Excellent Box,2026-04-09T04:17:13.000Z,,729.99,0,2026-04-20 13:31:22
227292910017,2JKwfED9ENcDpAmmzTMKdp,HERMÈS Carre 90 Silk Scarf Tanzanie Pink S Unused with Box,2026-04-09T04:17:26.000Z,,599.99,0,2026-04-20 13:31:22
227292910153,2JKwgRreYo8TG2eQCLwnqa,HERMÈS 90cm Silk Scarf ORGAUPHONE Navy A-Condition with Box,2026-04-09T04:17:37.000Z,,599.99,0,2026-04-20 13:31:22
227292910162,2JKwh2NigmJ8S88UmhDwK2,HERMÈS Carré 90 Silk Scarf Monsieur et Madame Multicolor S Unused Boxed,2026-04-09T04:17:38.000Z,,709.99,0,2026-04-20 13:31:22
227292910164,2JKwfkNN7tSZLZQzEPZdZQ,HERMÈS RE TOUR A LA TERRE 90CM Silk Scarf Pink A Condition w/ Box,2026-04-09T04:17:38.000Z,,819.99,0,2026-04-20 13:31:22
227292910174,2JKwH94ZMi5RTXcK52od9i,Unused HERMES LES VOITURES NOUVELLE Twilly Silk Scarf Blue×Multicolor Women's,2026-04-09T04:17:38.000Z,,439.99,0,2026-04-20 13:31:22
227292910306,2JKwnxNugm7AhhzDYauPAf,HERMÈS Regard de Soie Scarf 70x70CM Silk Multicolor Unused With Box,2026-04-09T04:17:51.000Z,,709.99,0,2026-04-20 13:31:22
227292910419,2JKwteHe3LU2hfv8ytCeds,HERMÈS REGARD DE SOIE 70x70CM Silk Scarf Multicolor S Condition Boxed,2026-04-09T04:18:04.000Z,,709.99,0,2026-04-20 13:31:22
227292910421,2JKxHHwQqaHSDqJnyVXYLs,HERMÈS REVE D'AUSTRALIE 90cm Silk Scarf Brown A Condition with Box,2026-04-09T04:18:04.000Z,,489.99,0,2026-04-20 13:31:22
227292910424,2JKwpj2QDrLhgqZugUCguA,HERMÈS Scarf Rendez Vous Rive Gauche 70x70cm Silk Multicolor A Boxed,2026-04-09T04:18:05.000Z,,599.99,0,2026-04-20 13:31:22
227292910494,2JKwuL2MzwdT7wVMMnRaM3,HERMÈS La Tour Eiffel S’envole Scarf 90cm Silk Blue A Condition Boxed,2026-04-09T04:18:15.000Z,,599.99,0,2026-04-20 13:31:22
227292910578,2JKwuoiSRCgpgSnqtzmj2V,HERMÈS Scarf CARRÉ 90 Silk Multicolor FEUX DU CIEL A Boxed,2026-04-09T04:18:25.000Z,,599.99,0,2026-04-20 13:31:22
227292910611,2JKwvxxnSFc2pPoXBhvwru,HERMÈS Silk Scarf 70x70cm White Tribute to Kelly S Condition Boxed,2026-04-09T04:18:29.000Z,,709.99,0,2026-04-20 13:31:22
227292910618,2JKx4vzbs4YnMbsVmaSRiC,HERMÈS Silk Scarf Carré 90 Multicolor THE ALFEE AUBE Boxed Excellent,2026-04-09T04:18:29.000Z,,709.99,0,2026-04-20 13:31:22
227292910633,2JKwvFmST7XZBfCA93pJRx,HERMÈS Carré 90 Silk Scarf CONCERTO Yellow A Condition Boxed,2026-04-09T04:18:30.000Z,,819.99,0,2026-04-20 13:31:22
227292910687,2JKx5VMwAxPHuYZYSnSgsJ,HERMÈS Carré 90 Silk Scarf Neige d'Antan Yellow A Condition Boxed,2026-04-09T04:18:39.000Z,,599.99,0,2026-04-20 13:31:22
227292910748,2JKx7PDRkkD6SPP63rjijJ,HERMÈS Carré 90 Silk Scarf PREMIERES MAINS Multicolor A Boxed,2026-04-09T04:18:48.000Z,,709.99,0,2026-04-20 13:31:22
227292910781,2JKYEH8HozvRtva9gq4h3W,HERMÈS Les Jeux D'Hermes CARRÉ 90 Silk Scarf Blue Unused Boxed,2026-04-09T04:18:53.000Z,,489.99,0,2026-04-20 13:31:22
227292910790,2JKxAVzGvfnuUFCirKHkuo,HERMÈS Twilly Scarf 5x86cm Silk Light Blue/White Bordeux Good S+ Box/Card,2026-04-09T04:18:55.000Z,,429.99,0,2026-04-20 13:31:22
227292910810,2JKxNGpudJSUUybtpLQf2U,HERMÈS Twilly Scarf 86x5cm Silk Pink Key Motif Excellent w/Box,2026-04-09T04:19:00.000Z,,479.99,0,2026-04-20 13:31:22
227292910818,2JKxAVXyRiGZ4kjDpDwFRU,HERMÈS Twilly Scarf H062408S 86cm Silk Blue Rose Aqua S Condition Box,2026-04-09T04:19:01.000Z,,429.99,0,2026-04-20 13:31:22
227292910915,2JKytsvRnRYikyQsu5s9co,HERMÈS Carré 90 Silk Scarf FOLLE PARADE Orange A Condition,2026-04-09T04:19:16.000Z,,709.99,0,2026-04-20 13:31:22
227292910921,2JKyyX43UAizc6EAEQjq8z,HERMÈS Carré 90 Scarf 100% Silk Orange Projets Carres au Crayon A+ Condition,2026-04-09T04:19:17.000Z,,709.99,0,2026-04-20 13:31:22
227292910949,2JKYZ9Zxz9dwjzDFzPpxtW,HERMÈS Chasse au Bois Scarf 90cm Silk Gray Pristine Condition A+,2026-04-09T04:19:23.000Z,,599.99,0,2026-04-20 13:31:22
227292910953,2JKywfiFq7u9xxsn7o6swN,HERMÈS Carré 90 Silk Green Chasses Exotiques Hunting A+ Condition,2026-04-09T04:19:23.000Z,,449.99,0,2026-04-20 13:31:22
227292910970,2JKz3sqnAgvpwwDj3AAz7R,HERMÈS Carre 90 Silk Scarf RYTHMES DU MONDE Multicolor S Unused Boxed,2026-04-09T04:19:26.000Z,,599.99,0,2026-04-20 13:31:22
227292910987,2JKz2bKMsKiVRUDWTdN2KV,HERMÈS Carré 90 Silk Scarf LE TEMPS des MARIONNETTES Blue Unused Boxed,2026-04-09T04:19:30.000Z,,599.99,0,2026-04-20 13:31:22
227292911047,2JKz4Q4Nh7LAj4i8TVoLeZ,HERMÈS Carré 90 Silk Scarf ROMANTIQUE Blue A Condition with Box,2026-04-09T04:19:39.000Z,,489.99,0,2026-04-20 13:31:22
227292911062,2JKzdmRxCm3JjBF6f2gZAo,HERMÈS Bolduc au Carré Scarf 90cm Silk Multicolor A Condition,2026-04-09T04:19:44.000Z,,709.99,0,2026-04-20 13:31:22
227292911094,2JKzgh4ctWGsXJtxvWy3zv,HERMÈS Carre 90 La Dance Silk Scarf White Ballerina AB with Box,2026-04-09T04:19:51.000Z,,819.99,0,2026-04-20 13:31:22
227292911360,2JKzgLytdjPXqvZVSTAakK,HERMÈS Scarf Carré 90 Silk Mythes et Metamorphoses Multicolor Unused Boxed,2026-04-09T04:20:00.000Z,,819.99,0,2026-04-20 13:31:22
227292911401,2JKzhVtsxLkm8UWLiEfvAm,HERMÈS Le Fleuve Sacré Scarf 90cm Silk Red Unused Boxed,2026-04-09T04:20:06.000Z,,819.99,0,2026-04-20 13:31:22
227292911436,2JKzjS3iQDXRxiHvp3VjDJ,HERMÈS Scarf Carré 90 Silk Multicolor Brins d'or A Condition with Box,2026-04-09T04:20:08.000Z,,599.99,0,2026-04-20 13:31:22
227292911455,2JKzJt2ontnmDEZESuiV6P,HERMÈS Carre 90 Silk Scarf Multicolor HENRY F SMITH SAILOR S Unused,2026-04-09T04:20:11.000Z,,599.99,0,2026-04-20 13:31:22
227292911479,2JKzpcN2DMpmaexPFFshX3,Louis Vuitton Portefeuille Clemence 19cm Monogram Reverse Wallet Excellent,2026-04-09T04:20:15.000Z,,759.99,0,2026-04-20 13:31:22
227292911507,2JKzpTZn7vW5GmSM6X56ts,Louis Vuitton Portefeuille Marco Wallet 11cm Monogram Brown Excellent w/Box,2026-04-09T04:20:20.000Z,,639.99,0,2026-04-20 13:31:22
227292911553,2JKzr9Mcp4Le8yAvbvT5ci,HERMÈS Carre 90 Scarf 89x89cm Silk Multi Casques et Plumets New,2026-04-09T04:20:28.000Z,,499.99,0,2026-04-20 13:31:22
227292911567,2JKzRCxPxjVhYG7Gu5jiRM,HERMÈS Scarf Carré 70 Silk Orange Tea Time Medaillons A+ Condition,2026-04-09T04:20:29.000Z,,489.99,0,2026-04-20 13:31:22
227292911628,2JKzsi63d37hkN4FJz4sGu,HERMÈS Scarf Carré 90 PER ASTRA ADASTRA 90x90CM Silk Orange A+ Condition,2026-04-09T04:20:38.000Z,,489.99,0,2026-04-20 13:31:22
227292911648,2JKzuh49Wi2BLmj3VpuGXY,HERMÈS Carré 90 Scarf RE TOUR A LA TERRE Green Silk Condition A,2026-04-09T04:20:39.000Z,,819.99,0,2026-04-20 13:31:22
227292911687,2JKzVhCmdvBHVVv2CKFNMv,HERMÈS Carré 90 Silk Scarf Gray SELLE DE DIGNITAIRE S Boxed,2026-04-09T04:20:44.000Z,,819.99,0,2026-04-20 13:31:22
227292911808,2JKzWqcdTGvHHMvmbJpmcR,HERMÈS AXIS MUNDI Silk Scarf 90x90cm Red A Condition,2026-04-09T04:20:54.000Z,,489.99,0,2026-04-20 13:31:22
227292911877,2JKzxehdoWXqw5a4CsVYuf,HERMÈS Scarf Le Songe de Poliphile 90cm Silk Cream A+ Boxed,2026-04-09T04:21:01.000Z,,489.99,0,2026-04-20 13:31:22
227292911947,2JL3eSnGxkVkXB7UJF2WN3,HERMÈS Carré 90 Silk Scarf MARCHE Du ZAMBEZE Blue A Boxed,2026-04-09T04:21:06.000Z,,709.99,0,2026-04-20 13:31:22
227292911961,2JL3nKTJ7fAAt7yHxr4xxU,HERMÈS Carre 90 MOUCHOIR IMPRIME H AU GALOP Silk Scarf White A Condition Boxed,2026-04-09T04:21:07.000Z,,819.99,0,2026-04-20 13:31:22
227292912067,2JL3xH7D4wQkFS7oT2huis,HERMÈS Carré 90 Scarf 100% Silk Green Horse Design A Boxed,2026-04-09T04:21:18.000Z,,489.99,0,2026-04-20 13:31:22
227292912082,2JL4i56SYDeMXFEecd5fGi,Louis Vuitton Zippy Wallet 19.5cm Brown Monogram Empreinte Leather A Box Dust,2026-04-09T04:21:20.000Z,,529.99,0,2026-04-20 13:31:22
227292912123,2JL3U6VgkK2Ja7G7jAYQdG,HERMÈS Carre 90 LIBRES COMME L'AIR 90x90CM Silk Gray Scarf A Boxed,2026-04-09T04:21:24.000Z,,709.99,0,2026-04-20 13:31:22
227292912129,2JL3Xpzty3c6xDqLA59gE3,HERMÈS Carre 90 Scarf Silk Blue Space Derby Unused S Condition 90x90cm,2026-04-09T04:21:25.000Z,,819.99,0,2026-04-20 13:31:22
227292912159,2JL4FnsA9VMwfYLqbsuzxp,HERMÈS Scarf Carre 90 Silk Green Tanzanie Excellent Condition Boxed,2026-04-09T04:21:30.000Z,,489.99,0,2026-04-20 13:31:22
227292912165,2JL3ymnqD4WodDM9jNTjBp,Louis Vuitton Monogram Shadow Zippy Wallet M82322 10x20cm Navy/Blue Excellent,2026-04-09T04:21:31.000Z,,819.99,0,2026-04-20 13:31:22
227292912266,2JL7FnfMTuysrdSubF5uTC,HERMÈS Carré 90 Silk Scarf NAVY CIRQUE MOLIER AB Condition,2026-04-09T04:21:45.000Z,,599.99,0,2026-04-20 13:31:22
227292912281,2JL8aeybPYJ8TSeT2GnepZ,HERMÈS Concerto Scarf 90cm Silk Pink AB Condition Accessories,2026-04-09T04:21:46.000Z,,819.99,0,2026-04-20 13:31:22
227292912309,2JL922uTbGLFkbns2UxwYg,HERMÈS Scarf Carré 90 Silk Multicolor Millefleurs du Mexique Unused w/Box,2026-04-09T04:21:49.000Z,,819.99,0,2026-04-20 13:31:22
227292912330,2JL8dr8ay7b7FxAw7bZXkG,HERMÈS carré90 SOUS LE CÈDRE 90x90CM silk scarf pink A condition,2026-04-09T04:21:52.000Z,,819.99,0,2026-04-20 13:31:22
227292912335,2JL9Aas2FvcLYAeEKtnLWh,HERMÈS Carré 90 Scarf 100% Silk RYTHMES DU MONDE Multicolor A Boxed,2026-04-09T04:21:53.000Z,,599.99,0,2026-04-20 13:31:22
227292912384,2JL9BDiGrb2mQ88ZJSL757,HERMÈS Calvi Orange Card Case Vauvert Leather Silver Hardware NIB Box,2026-04-09T04:22:01.000Z,,619.99,0,2026-04-20 13:31:22
227292912467,2JLBygpqmFRvFjmy8pJgqC,HERMÈS Les Jeux D'Hermes Scarf 90cm Silk Orange Multi-color Excellent Used Box,2026-04-09T04:22:12.000Z,,529.99,0,2026-04-20 13:31:22
227292912478,2JLCQLkEfsFLkXifoCzWKy,HERMÈS Twilly 2pc Set 86x5cm Silk Pink/White Faubourg Rainbow New Boxed,2026-04-09T04:22:14.000Z,,699.99,0,2026-04-20 13:31:22
227292912489,2JLBPLczv6pj332zzDwtPV,HERMÈS Carré 90 Silk Scarf Red de Passage A Paris A Condition,2026-04-09T04:22:15.000Z,,709.99,0,2026-04-20 13:31:22
227292912514,2JLdxKLGzAhvzzYRgPi9se,Louis Vuitton Portefeuille Braz Wallet 10x19cm Monogram Eclipse Black,2026-04-09T04:22:19.000Z,,719.99,0,2026-04-20 13:31:22
227292912552,2JLeDBV4uQAFQs3G4FVmUk,HERMÈS Carre 90 Silk Scarf la Marine Rames Black Ship Design A+ Cond,2026-04-09T04:22:25.000Z,,489.99,0,2026-04-20 13:31:22
227292912611,2JLeGak5RjZUQ4SiaCpDi7,HERMÈS carré90 DIES ET HORE Silk Scarf 90x90cm Black x Gold A+,2026-04-09T04:22:37.000Z,,479.99,0,2026-04-20 13:31:22
227292912644,2JLeK2ELto6Z35iPrvjAGR,HERMÈS Carre 90 Silk Scarf Red Au Son du Tam Tam A Pristine Condition,2026-04-09T04:22:39.000Z,,449.99,0,2026-04-20 13:31:22
227292912664,2JLeKcVZEUi25AwsytyWwr,HERMÈS Carré 90 Scarf Silk 100% Green World Map A+ Condition,2026-04-09T04:22:40.000Z,,579.99,0,2026-04-20 13:31:22
227292912681,2JLgHUWUXSXQCsCVGVTNRk,Louis Vuitton Monogram Empreinte Porte-Feuille Sarah Long Wallet Red Leather,2026-04-09T04:22:43.000Z,,529.99,0,2026-04-20 13:31:22
227292912727,2JLfn24FebcwmQcjfhjdPx,HERMÈS Scarf Carre 90 Silk Red Magie des Mains A Condition No Accessories,2026-04-09T04:22:49.000Z,,489.99,0,2026-04-20 13:31:22
227292912769,2JLfjVdnuLgPUWRUUcw8iV,HERMÈS Scarf 90cm Silk Orange Orgauphone A Condition Boxed,2026-04-09T04:22:53.000Z,,599.99,0,2026-04-20 13:31:22
227292912892,2JLfqSLbX4ZPdZRxxktoZk,HERMÈS AU COEUR DES BOIS 90CM Silk Scarf Beige Pristine A+ Condition,2026-04-09T04:23:04.000Z,,709.99,0,2026-04-20 13:31:22
227292912907,2JLg9MxPsS7BBDqUmKHwdA,HERMÈS Le Tarot Scarf 90 cm Silk Pink A Condition with Box,2026-04-09T04:23:05.000Z,,489.99,0,2026-04-20 13:31:22
227292912927,2JLfr7PCJxiTu6akagq5jp,HERMÈS Scarf Carre 90 Silk Black Petite Main Excellent Condition,2026-04-09T04:23:06.000Z,,489.99,0,2026-04-20 13:31:22
227292912944,2JLga6FgosfH22ceN9wvmC,HERMÈS Silk Scarf 90cm Black Orgue Pipe Organ A Excellent Condition,2026-04-09T04:23:09.000Z,,599.99,0,2026-04-20 13:31:22
227292912989,2JLgCT8P5gDqZaKNeKzAQa,HERMÈS Carré 90 Silk Scarf Brown AU PLUS DRU Excellent Condition Boxed,2026-04-09T04:23:14.000Z,,489.99,0,2026-04-20 13:31:22
227292913057,2JLGcYLyJt2HvWGmeKXYbL,HERMÈS SILK CARRÉ 90 SCARF SELLE DES STEPPES 88.9cm Emerald Yellow Blue S,2026-04-09T04:23:21.000Z,,609.99,0,2026-04-20 13:31:22
227292913148,2JLgDikTu5KTu92G5bu3cL,HERMÈS Carré 90 Silk Scarf L'Elegance et le Confort YELLOW A+,2026-04-09T04:23:30.000Z,,599.99,0,2026-04-20 13:31:22
227292913174,2JLgFhsnErYbx9HxEzRZW8,HERMÈS Tourbillon Scarf 90cm Silk Brown Leaves Swirl A+ Condition,2026-04-09T04:23:32.000Z,,599.99,0,2026-04-20 13:31:22
227292913193,2JLgEoKHYQmqPwHb2YLF8a,HERMÈS Carré 90 Silk Scarf Navy ORGAUPHONE ET AUTRES MECANIQUES A+,2026-04-09T04:23:34.000Z,,599.99,0,2026-04-20 13:31:22
227292913232,2JLGnWFhGXUBmQYXcGG2eC,HERMÈS ETRIERS カレ90 89x87cm シルク レッド/ブラック マルチカラー A,2026-04-09T04:23:39.000Z,,419.99,0,2026-04-20 13:31:22
227292913283,2JLGu5vgCmq5Jt56jv3zcQ,HERMÈS Carré 90 Scarf Silk Green Costumes Normandy A Condition Boxed,2026-04-09T04:23:45.000Z,,489.99,0,2026-04-20 13:31:22
227292913329,2JLgpf9KZmZGnE9zkdSuKG,HERMÈS Carré 140 Silk Scarf Blue Tibet A-Condition with Box,2026-04-09T04:23:49.000Z,,599.99,0,2026-04-20 13:31:22
227292913370,2JLGukAaSeiHMnUcqGX7jH,HERMÈS Carré 90 Silk Multicolor Scarf Zenobie Reine de Palmyre Unused Boxed,2026-04-09T04:23:55.000Z,,709.99,0,2026-04-20 13:31:22
227292913397,2JLGvGjTmCBL5wz5sTQFHK,HERMÈS Carre 90 Silk Scarf CONFIDENTS DES COEURS Green Teddy Bear A+ Box,2026-04-09T04:23:57.000Z,,599.99,0,2026-04-20 13:31:22
227292913437,2JLGwenYUimvKrWfdQTWtB,HERMÈS Carre 90 Silk Scarf Concours d'etriers Pink A Condition with Box,2026-04-09T04:23:59.000Z,,429.99,0,2026-04-20 13:31:22
227292913501,2JLGxPVUvPWtJ8fumkTLSi,HERMÈS Carré 90 Scarf 100% Silk Purple Les Confessions A Boxed,2026-04-09T04:24:07.000Z,,709.99,0,2026-04-20 13:31:22
227292913514,2JLGzNi5TiYKNcPB7cighT,HERMÈS Scarf carré 90 Voyage en Etoffes Silk Pink A Boxed,2026-04-09T04:24:08.000Z,,599.99,0,2026-04-20 13:31:22
227292913573,2JLGzoL9W4MoB6gX532Vqp,HERMÈS La Musique des Spheres 90cm Silk Scarf Navy A Condition,2026-04-09T04:24:17.000Z,,819.99,0,2026-04-20 13:31:22
227292913622,2JLHAygrwbPtpePnySz4vA,HERMÈS Le Triomphe du Paladin Scarf 90cm Silk Blue A Boxed,2026-04-09T04:24:29.000Z,,489.99,0,2026-04-20 13:31:22
227292913693,2JLh9HCAUzdt9zNqkc5942,Louis Vuitton Zippy Wallet 20cm Monogram Embossed Rose Gold LV Circle SS Box,2026-04-09T04:24:40.000Z,,759.99,0,2026-04-20 13:31:22
227292913710,2JLHCp4Wkq6iPRnEbQaxyv,HERMÈS Carré 90 Cirque Molier Silk Scarf Red A Condition w/ Box,2026-04-09T04:24:45.000Z,,709.99,0,2026-04-20 13:31:22
227292913713,2JLHdhWAnKnkLdoqWYqCzN,HERMÈS Carré 90 Scarf 90x90cm Silk Blue Turqveries A Condition Boxed,2026-04-09T04:24:45.000Z,,489.99,0,2026-04-20 13:31:22
227292913721,2JLHd4SV6Qe8xNWGQ3XxNG,HERMÈS Scarf Carre90 90x90cm Silk Brown Chasse au Bois Unused with Box,2026-04-09T04:24:46.000Z,,599.99,0,2026-04-20 13:31:22
227292913736,2JLHDtvij6EhEKpTMGe6qa,HERMÈS Carré 90 Scarf RE TOUR A LA TERRE Silk Blue A Condition With Box,2026-04-09T04:24:49.000Z,,709.99,0,2026-04-20 13:31:22
227292914083,2JLHG9B4JvjUpVHLfbBdgy,HERMÈS Turbans des Reines Scarf Carre 90 Silk Green Floral Unused Boxed,2026-04-09T04:25:05.000Z,,599.99,0,2026-04-20 13:31:22
227292914549,2JLHNkRfDcd7NkjjX86LwM,HERMÈS Carré 90 Silk Scarf Chevaux de Trait Red A Condition Boxed,2026-04-09T04:25:10.000Z,,489.99,0,2026-04-20 13:31:22
227292914565,2JLHGhhjPT4D3B6r3FFgug,HERMÈS CARRÉ 90 Scarf Silk CAVALIERS DES NUAGES Red S Unused with Box,2026-04-09T04:25:12.000Z,,489.99,0,2026-04-20 13:31:22
227292914567,2JLHMaXFMzeqri6fXw39Sz,HERMÈS Carre 90 Mythiques Phoenix Silk Scarf Purple A Condition Boxed,2026-04-09T04:25:14.000Z,,709.99,0,2026-04-20 13:31:22
227292914576,2JLHX5oPaWwcg6RzWvzbjQ,HERMÈS Carré 90 Silk Scarf Boogie Woogie White A-boxed,2026-04-09T04:25:15.000Z,,599.99,2,2026-04-20 13:31:22
227292914649,2JLiQMNa3mfZTJP57YREYE,HERMÈS Scarf Carré 90 Silk Purple IN SALZBURG A++ with Box,2026-04-09T04:25:30.000Z,,599.99,0,2026-04-20 13:31:22
227292914668,2JLjThPm8JbM3CVyRFVMr9,HERMÈS Silk Scarf Carré 90 Fleurs d'Hellade Yellow A Pristine Condition,2026-04-09T04:25:33.000Z,,489.99,0,2026-04-20 13:31:22
227292914699,2JLKapLjrStcsXwfFcvxZz,HERMÈS Carré 90 Scarf Silk 100% Mille et Un Lapins Multicolor S Boxed,2026-04-09T04:25:37.000Z,,819.99,0,2026-04-20 13:31:22
227292914712,2JLMfKk2AkGYixM9Eiuode,HERMÈS Carre 90 Silk Black Scarf IN SALZBURG Condition A - Tokyo Vintage,2026-04-09T04:25:38.000Z,,429.99,0,2026-04-20 13:31:22
227292914764,2JLKbx8cqtVMsQHRaRZso4,HERMÈS Carré 90 Scarf Silk Chantilly White A Condition Boxed,2026-04-09T04:25:44.000Z,,819.99,0,2026-04-20 13:31:22
227292914840,2JLKWaBYfdCRyd7pSxrMaf,HERMÈS Carré 90 Scarf Silk 100% Purple HARNAIS DE COUR A Boxed,2026-04-09T04:25:56.000Z,,599.99,0,2026-04-20 13:31:22
227292914848,2JLMeXo5HEF8LsfhnKrtAi,HERMÈS Carré 90 Scarf AU COEUR DES BOIS Silk Green A Condition,2026-04-09T04:25:57.000Z,,709.99,0,2026-04-20 13:31:22
227292915051,2JLNZh5H2vAqYSd4RTk2aL,HERMÈS CITROUILLES&COLOQU IN TES Silk Scarf 90cm White Beige Good Cond.,2026-04-09T04:26:02.000Z,,469.99,0,2026-04-20 13:31:22
227292915119,2JLN2Y5zSTukiGZzJuo8NE,"HERMÈS Carré 90 Concerto Silk Scarf Yellow A-Condition, Auth. Accessories",2026-04-09T04:26:03.000Z,,819.99,0,2026-04-20 13:31:22
227292915740,2JLpG4bJxWHdQLYSUDPk4w,Louis Vuitton Zippy Wallet Vert. Damier Infini 20x10 cm Black Excellent,2026-04-09T04:26:14.000Z,,799.99,1,2026-04-20 13:31:22
227292916208,2JLpG4iYARVPVX7gtKopEm,Louis Vuitton Monogram Empreinte Wallet 19x10.5cm Noir Used M82257,2026-04-09T04:26:22.000Z,,649.99,0,2026-04-20 13:31:22
227292916597,2JLpGeKnkBKgNVrPPhg6D6,HERMÈS Carré 90 Scarf CAMAILS Red Silk Excellent Condition Box Included,2026-04-09T04:26:29.000Z,,539.99,0,2026-04-20 13:31:22
227292917403,2JLpGQjHqfX9HJ2xncDpKJ,Louis Vuitton Passport Cover Couvreur Passport NM Monogram Macassar Saffron,2026-04-09T04:26:43.000Z,,559.99,0,2026-04-20 13:31:22
227292917508,2JLSqxFTLycMCSk4fYFBq6,HERMÈS Carré 90 Scarf 90x90cm Silk Yellow AU COEUR DES BOIS A Boxed,2026-04-09T04:26:45.000Z,,709.99,0,2026-04-20 13:31:22
227292917602,2JLpGRHBaZjRsthFWTWoFv,HERMÈS Carré 90 Scarf Timpani Player 88x88cm Silk Multi-Color Excellent,2026-04-09T04:26:46.000Z,,669.99,0,2026-04-20 13:31:22
227292917954,2JLpGV4nLkiq89wyfn6MzU,LOUIS VUITTON Folding Long Wallet Portefeuille Brazza Damier Graphite M62655,2026-04-09T04:26:52.000Z,,599.99,0,2026-04-20 13:31:22
227292918140,2JLpGVrsqWtnF5krSVmYA7,LOUIS VUITTON Folding Wallet Portefeuille Marco Damier Graphite N63336,2026-04-09T04:26:55.000Z,,529.99,0,2026-04-20 13:31:22
227292918805,2JLQbNgLFd9pjidkkjx2cn,LOUIS VUITTON Trefle Monogram Line Zippy Wallet Vertical M81549 Green,2026-04-09T04:27:07.000Z,,579.99,0,2026-04-20 13:31:22
227292919150,2JLQN2guLTdRkkJJXdBgT4,HERMÈS Carré 90 PASSIFLORES Silk Scarf Black Unused with Box,2026-04-09T04:27:13.000Z,,489.99,0,2026-04-20 13:31:22
227292919252,2JLRiZjxEZ3QcUMwNrycNe,Louis Vuitton Monogram Card Case Romy M26655 12x7cm Coated Canvas Brown/Silver,2026-04-09T04:27:14.000Z,,549.99,0,2026-04-20 13:31:22
227292920945,2JLSvCaCEVKaXLSEeugTK4,HERMÈS Carré 90 90cm Silk Scarf Marine et Cavalerie Red Excellent Condition,2026-04-09T04:27:31.000Z,,439.99,0,2026-04-20 13:31:22
227292921731,2JLSxEdNtG6G3g7aDik3Jo,HERMÈS ZINGARO Silk Scarf 70x70CM Pink Pristine A+ Condition 2009,2026-04-09T04:27:38.000Z,,419.99,0,2026-04-20 13:31:22
227292921735,2JLSxJJMcGRnWTLfBRSTDb,HERMÈS Scarf CARRÉ 90 Silk Navy Marine et Cavalier A Condition Boxed,2026-04-09T04:27:38.000Z,,599.99,0,2026-04-20 13:31:22
227292923717,2JLU9k4iMr5QbpyBDhgi47,"Louis Vuitton Eclipse Zippy Wallet Vertical, Almost Unused, Round Zip Wallet",2026-04-09T04:28:24.000Z,,669.99,0,2026-04-20 13:31:22
227292923943,2JLud95QWVpFFuaKSJQGEf,HERMÈS Scarf Carré 90 Silk Multicolor France Paris AB Condition,2026-04-09T04:28:26.000Z,,489.99,1,2026-04-20 13:31:22
227292924252,2JLwFMvKmaAKGedhhkmhJi,HERMÈS Passiflores Scarf 90cm Silk Black Floral A Condition No Accessories,2026-04-09T04:28:30.000Z,,489.99,0,2026-04-20 13:31:22
227292924350,2JLwG8c9rka9siqMgLJr7q,HERMÈS Les Perroquets 90cm Silk Scarf Yellow Pristine A Condition,2026-04-09T04:28:39.000Z,,489.99,0,2026-04-20 13:31:22
227292924414,2JLwf8hxraztt3iqDvrHbq,HERMÈS Scarf Carré 90 Silk Bordeaux Cheval Fleuri A Excellent Condition,2026-04-09T04:28:44.000Z,,489.99,0,2026-04-20 13:31:22
227292924456,2JLwSAtQeQZtaXvzw2x8Lw,HERMÈS LES FERES DU ROI SOLEIL 90cm SILK SCARF BLUE A+ PRISTINE,2026-04-09T04:28:48.000Z,,489.99,0,2026-04-20 13:31:22
227292924480,2JLwSkAbcMFwnDToEfUHD6,HERMÈS Carré 90 Pleats Silk Scarf Bolduc Orange Ribbon A Condition,2026-04-09T04:28:50.000Z,,489.99,0,2026-04-20 13:31:22
227292924624,2JM6cSSQ8ycfDeSaHuiU4n,Louis Vuitton Long Wallet Epi Zippy Wallet Noir Black,2026-04-09T04:28:57.000Z,,529.99,0,2026-04-20 13:31:22
227292924698,2JM3bGXjoCA9pg6NsW6VLK,HERMÈS Silk Scarf 90x90cm LEMORS A LA CONETABLE Gold Black Pristine A+,2026-04-09T04:29:02.000Z,,489.99,0,2026-04-20 13:31:22
227292924853,2JM3dSQCvPMQMNARwsC387,HERMÈS Scarf carré 90 Silk Red Plaza de Toros A Cond. No Accessories,2026-04-09T04:29:11.000Z,,489.99,0,2026-04-20 13:31:22
227292924869,2JM3PLBDGtufgwG4gJrAAb,HERMÈS KOSMIMA 90x90CM Silk Scarf Blue Space A Condition,2026-04-09T04:29:12.000Z,,489.99,0,2026-04-20 13:31:22
227292924916,2JM3TuV2vqZ4VpCCPSjeSu,HERMÈS Les Parures du Vent Scarf 90cm Silk Black A+ No Signs of Use,2026-04-09T04:29:15.000Z,,489.99,0,2026-04-20 13:31:22
227292925089,2JM3UdD253i9HWggLkvEfo,HERMÈS Carré 90 Silk Scarf CITROUILLES ET COLOQUINTES Brown A Condition,2026-04-09T04:29:21.000Z,,489.99,1,2026-04-20 13:31:22
227292925129,2JM3W34A7skrVC6XHUKnnP,HERMÈS Carre 90 Silk Scarf Passiflores Orange A Condition,2026-04-09T04:29:24.000Z,,489.99,0,2026-04-20 13:31:22
227292925320,2JM6b8VfkBwN6hbRkNPuXe,HERMÈS Carré 90 Silk Scarf BALADE ECOSSAISE Pink SA with Box,2026-04-09T04:29:37.000Z,,599.99,0,2026-04-20 13:31:22
227292925372,2JM4KjLdJYbF4oZK8uKFjk,LOUIS VUITTON Portefeuille Braz M69038 Long Wallet for Men Box & Dust Bag Used,2026-04-09T04:29:41.000Z,,569.99,0,2026-04-20 13:31:22
227294194509,m42022693084,Louis Vuitton Card Case MagSafe Inquiry Required,2026-04-10T01:43:29.000Z,,529.99,0,2026-04-20 13:31:22
227294194713,m47951933231,Louis Vuitton Card Case Vivienne Petula New,2026-04-10T01:43:45.000Z,,529.99,0,2026-04-20 13:31:22
227294195357,m78563727435,New and Unused LOUIS VUITTON Organizer M61696 Complete with Accessories,2026-04-10T01:44:31.000Z,,529.99,0,2026-04-20 13:31:22
227294196488,m46048664620,LOUIS VUITTON x Takashi Murakami Key Pouch New,2026-04-10T01:45:27.000Z,,699.99,2,2026-04-20 13:31:22
227294196692,m51036309928,LOUIS VUITTON Damier Key Case 6 Rings (Beautiful Condition),2026-04-10T01:45:42.000Z,,529.99,0,2026-04-20 13:31:22
227294199405,2JParEfkpWDm8tzpR7vZkY,Louis Vuitton 25th Anniversary Leather LV Aerogram Organizer Card Case Pass,2026-04-10T01:47:56.000Z,,659.99,0,2026-04-20 13:31:22
227294200860,m74475064658,LOUIS VITTON Port Clé Animal Monogram Charm,2026-04-10T01:49:16.000Z,,509.99,0,2026-04-20 13:31:22
227294201474,2JMNPyJyWebjyGC3UEjYtE,LOUIS VUITTON Key Case Multi-Holder 6 M82604 Monogram Leather,2026-04-10T01:49:41.000Z,,529.99,0,2026-04-20 13:31:22
227294201848,2JLpFi9LdZECX9aGQiwEDc,LOUIS VUITTON Multi Cles 6 Key Case Monogram M62630,2026-04-10T01:50:06.000Z,,529.99,0,2026-04-20 13:31:22
227294202716,2JMxbvN7YMABZiHAb8jcgs,Louis Vuitton Key Case 6-Clip M ulticler6 N62662 Black,2026-04-10T01:51:04.000Z,,529.99,0,2026-04-20 13:31:22
227294203161,2JPazbCSRdhsWowc8VerK5,Louis Vuitton N61745 Multi-Cle 6 Damier Azur White Key Case Gold Hardware Boxed,2026-04-10T01:51:47.000Z,,549.99,0,2026-04-20 13:31:22
227294203589,m20279181533,New Unused Coin Purse Pack Charm from Shop Purchase,2026-04-10T01:52:38.000Z,,439.99,0,2026-04-20 13:31:22
227294203708,m26315769037,Louis Vuitton Monogram Scarf Unused Price Reduced!,2026-04-10T01:52:54.000Z,,509.99,0,2026-04-20 13:31:22
227294205067,m39559426110,Louis Vuitton Carre 90 Monogram Confidential,2026-04-10T01:54:10.000Z,,699.99,0,2026-04-20 13:31:22
227294205262,m44581579290,LOUIS VUITTON Large Monogram Stole,2026-04-10T01:54:25.000Z,,539.99,1,2026-04-20 13:31:22
227294207328,m87919615924,Louis Vuitton ♡ Nearly unused large scarf,2026-04-10T01:56:36.000Z,,689.99,0,2026-04-20 13:31:22
227294207749,m93332468876,Louis Vuitton M71376 Monogram Denim Shawl,2026-04-10T01:57:08.000Z,,849.99,0,2026-04-20 13:31:22
227294208140,m94184628499,Rare Color ❣️ Unique Color Louis Vuitton Large Shawl 【Excellent Condition】,2026-04-10T01:57:35.000Z,,669.99,0,2026-04-20 13:31:22
227294209541,2JKmZA8Hokd9yDfysNipB9,Excellent Condition LOUIS VUITTON x Christopher Nemeth Wool/Silk Shawl M70486,2026-04-10T01:59:20.000Z,,499.99,0,2026-04-20 13:31:22
227294209997,2JKokLyLweguguAuwsG6vF,Louis Vuitton x Fragment Design Cashmere/Silk Shawl M73744 Multicolor,2026-04-10T01:59:51.000Z,,589.99,0,2026-04-20 13:31:22
227294211721,2JLKVhF8udmMYKaNGPyAAh,Louis Vuitton Monogram Reverse Porte Cartes Sampler M69161 Pass Case,2026-04-10T02:01:41.000Z,,409.99,0,2026-04-20 13:31:22
227294213120,2JLwcsD5YAZEqofPnHMHgt,Louis Vuitton LV Wonder of Sea Bag Charm Key Holder Gold with Box and Dust Bag,2026-04-10T02:03:05.000Z,,709.99,0,2026-04-20 13:31:22
227294214714,2JMBntkGDZ67xM7GHmbj4a,Excellent Condition Louis Vuitton Monogram Shawl Muffler M72046,2026-04-10T02:04:34.000Z,,599.99,0,2026-04-20 13:31:22
227294215177,2JMA96mZ3zeG4HwD2n3Lh5,Louis Vuitton Damier Multicle N62630 Key Case,2026-04-10T02:04:56.000Z,,449.99,0,2026-04-20 13:31:22
227294215581,2JMojMKvJf2v9exVeS9qbC,LOUIS VUITTON Bandana Monogram Confidential M78655 Maron Silk Scarf Ladies,2026-04-10T02:05:21.000Z,,419.99,0,2026-04-20 13:31:22
227294216080,2JMVbamy5jBZRTwEzcPMrk,Louis Vuitton Coin Case Taigarama M30270,2026-04-10T02:05:47.000Z,,529.99,0,2026-04-20 13:31:22
227294216391,2JMwzu5qT4acycS2nwNHHw,LOUIS VUITTON Fragment Case M30270 Blue Coin Case Men’s 【Used】 42602K297,2026-04-10T02:06:12.000Z,,439.99,0,2026-04-20 13:31:22
227294216779,2JMzEDcz9LkEiyfEuNCwjG,LOUIS VUITTON Heirloom Monogram Triangle Silk Scarf 90×90×127cm White,2026-04-10T02:06:38.000Z,,489.99,0,2026-04-20 13:31:22
227294217049,2JMzH75TVE4XxYDu8A6LtC,Louis Vuitton Porte-Clés Tab Key Holder / Key Ring M63618 Metal,2026-04-10T02:07:02.000Z,,409.99,0,2026-04-20 13:31:22
227294218271,2JPae9vCCZfyP5KKYDBCMR,LOUIS VUITTON LV Scarf M72592 Cosmic Blossom Takashi Murakami Box Included,2026-04-10T02:08:44.000Z,,709.99,0,2026-04-20 13:31:22
227294219096,2JPaxsN9gZKFULK29N4KGv,LOUIS VUITTON Bag Charm Chain Fleur de Monogram Key Holder Keyring,2026-04-10T02:09:54.000Z,,489.99,0,2026-04-20 13:31:22
227294219506,2JPbhJcsyT9TGuZQ5vkLRi,LOUIS VUITTON Key Holder LV Play Polar Bear M02290 Resin White,2026-04-10T02:10:21.000Z,,779.99,0,2026-04-20 13:31:22
227294220070,Qobj2AEvrdh4kdQsTD5jgT,Louis Vuitton Bijoux Sac Ancress M65087 Keychain,2026-04-10T02:11:13.000Z,,499.99,0,2026-04-20 13:31:22
227294221104,m12973336931,Louis Vuitton Bi-Fold Wallet Dark Brown,2026-04-10T02:12:24.000Z,,529.99,0,2026-04-20 13:31:22
227294222275,m21009537056,Louis Vuitton N63085 Pochette Cle Complice Damier Azur,2026-04-10T02:14:01.000Z,,529.99,0,2026-04-20 13:31:22
227294222483,m24632500046,Louis Vuitton Wallet Portefeuille Victorine,2026-04-10T02:14:17.000Z,,889.99,0,2026-04-20 13:31:22
227294225318,m38766541391,Louis Vuitton Folding Wallet Portefeuille Cléa Mahina Flight Mode,2026-04-10T02:16:42.000Z,,889.99,0,2026-04-20 13:31:22
227294225562,m40714675220,Louis Vuitton Monogram Portefeuille Compact Wallet,2026-04-10T02:17:03.000Z,,449.99,0,2026-04-20 13:31:22
227294226371,m45104248468,Louis Vuitton Monogram W Fold Portemonnaie Bié Carte de Crédit Wallet,2026-04-10T02:18:01.000Z,,429.99,0,2026-04-20 13:31:22
227294226619,m45378824025,Louis Vuitton Embossed Porte- monnaie Rue Folded Wallet Limited Color Yellow,2026-04-10T02:18:22.000Z,,829.99,0,2026-04-20 13:31:22
227294227034,m52836907829,Louis Vuitton M80152 Portefeuille Clara Beige Two-Fold Wallet Excellent,2026-04-10T02:19:01.000Z,,569.99,0,2026-04-20 13:31:22
227294228159,m58851239758,Louis Vuitton Gray Tri-Fold Wallet,2026-04-10T02:20:12.000Z,,529.99,0,2026-04-20 13:31:22
227294228395,m60340645225,Louis Vuitton Monogram Juliette Bi-Fold Wallet Fuchsia,2026-04-10T02:20:34.000Z,,529.99,0,2026-04-20 13:31:22
227294228575,m61677032687,Louis Vuitton Compact Wallet Pomme d'Amour Black Pink,2026-04-10T02:20:56.000Z,,369.99,0,2026-04-20 13:31:22
227294230210,m69360570464,Louis Vuitton Portefeuille Victrine Monogram Tri-Fold Wallet,2026-04-10T02:22:22.000Z,,399.99,0,2026-04-20 13:31:22
227294231106,m71520304227,Louis Vuitton Trianon LV Vertical Compact Wallet M81561,2026-04-10T02:22:53.000Z,,669.99,0,2026-04-20 13:31:22
227294231541,m72087922538,Louis Vuitton Monogram Empreinte Portefeuille Clara Wallet,2026-04-10T02:23:16.000Z,,729.99,0,2026-04-20 13:31:22
227294233202,m79267109886,Louis Vuitton M11380 Porte-Feuille Sarah Compact Wallet Folding Wallet,2026-04-10T02:24:59.000Z,,729.99,0,2026-04-20 13:31:22
227294233888,m85554508066,Louis Vuitton Capucines Compact Triomphe Fold Wallet Pink,2026-04-10T02:25:34.000Z,,529.99,0,2026-04-20 13:31:22
227294234112,m87423808562,Louis Vuitton Mahina Portefeuille Iris Wallet,2026-04-10T02:25:53.000Z,,529.99,0,2026-04-20 13:31:22
227294234296,m88045611895,Louis Vuitton M62935 Portefeuille Zoe,2026-04-10T02:26:10.000Z,,529.99,0,2026-04-20 13:31:22
227294234743,m89931179217,Louis Vuitton Monogram Palas Compact Two-Fold Wallet W-Hook,2026-04-10T02:26:51.000Z,,419.99,0,2026-04-20 13:31:22
227294234979,m91316611024,Louis Vuitton Portefeuillle Dauphine Compact Wallet,2026-04-10T02:27:09.000Z,,529.99,0,2026-04-20 13:31:22
227294235400,m10819146019,Brand New GUCCI Long Wallet GG Line GG Pattern Chihuahua Animal,2026-04-10T02:27:37.000Z,,569.99,0,2026-04-20 13:31:22
227294237502,m93027193743,Louis Vuitton × Takashi Murakami LV × TM Porte-Monnaie Rosalie New Unused,2026-04-10T02:29:47.000Z,,729.99,0,2026-04-20 13:31:22
227294239298,2JHoziRJ8NNYeMJESZKpo6,Louis Vuitton Zippy Coin Purse 11cm Epi Multicolor Fuchsia Pink G A+ w/ Dust Bag,2026-04-10T02:31:24.000Z,,769.99,1,2026-04-20 13:31:22
227294240644,2JJ6EtJLzzBhK3ZxdEpeFT,Louis Vuitton Épi Zippy Coin Purse Coin Case with Box and Dust Bag,2026-04-10T02:32:36.000Z,,409.99,0,2026-04-20 13:31:22
227294246070,m12942642869,Rare Louis Vuitton Zippy Organizer Camouflage Long Wallet,2026-04-10T02:37:32.000Z,,529.99,0,2026-04-20 13:31:22
227294246326,m13104051797,"BOTTEGA VENETA Cassette Small Wallet, Two-Fold",2026-04-10T02:37:50.000Z,,569.99,0,2026-04-20 13:31:22
227294247368,2JLTSFWhNQuCfonmKngJUQ,LOUIS VUITTON Monogram Porte-Monnaie Rosalie Coin Case M62361 RFID,2026-04-10T02:38:27.000Z,,389.99,0,2026-04-20 13:31:22
227294247730,2JMVbb8oMcfhWMW2JqWYTz,Louis Vuitton Coin Case Suhali Anseparabule,2026-04-10T02:38:48.000Z,,419.99,0,2026-04-20 13:31:22
227294248561,2JMr96ytzo7g8tP6N4k5j8,Louis Vuitton Damier Giant Bear Coin Card Folder NIGO Collaboration N60387,2026-04-10T02:39:44.000Z,,529.99,0,2026-04-20 13:31:22
227294249256,2JMr975vuFBzqSA4bdPRKB,Louis Vuitton Damier Graphite Coin Card Holder N64038 Men's Coin Case,2026-04-10T02:40:14.000Z,,529.99,0,2026-04-20 13:31:22
227294249692,2JMr97e3K8LibXwPHPGgc4,Louis Vuitton Damier Graphite Pochette Clé N60155 Men's Coin Case,2026-04-10T02:40:41.000Z,,529.99,0,2026-04-20 13:31:22
227294250341,2JMr97Hnd5FrLPxrtE7iLN,Louis Vuitton Damier Pochette Clé N62658 Coin Case Brown,2026-04-10T02:41:07.000Z,,529.99,0,2026-04-20 13:31:22
227294250802,2JMr97jAudn7TukJtejq45,Louis Vuitton Damier Pochette Clé N62658 Coin Case Brown,2026-04-10T02:41:35.000Z,,529.99,0,2026-04-20 13:31:22
227294251270,2JMzRxin2AgnVdGcjXxnCz,Louis Vuitton Taiga Coin Card Holder Card Case Pass Case Black Leather,2026-04-10T02:42:03.000Z,,539.99,0,2026-04-20 13:31:22
227294254876,m14023771605,Beautiful Long Wallet,2026-04-10T02:45:29.000Z,,529.99,0,2026-04-20 13:31:22
227294255090,m14079159686,GUCCI Double G Folded Wallet Sold Out Online,2026-04-10T02:45:49.000Z,,789.99,0,2026-04-20 13:31:22
227294256198,2JPbGAvAkm4jJP9mNXeUPx,Louis Vuitton Monogram Empreinte Porte Cartes Zip Coin Case Wallet,2026-04-10T02:46:39.000Z,,579.99,0,2026-04-20 13:31:22
227294256593,2JPbhJBw3b7GzqB6WeCSiL,LOUIS VUITTON Coin Case Pochette Clé M28388 Monogram Multicolor Canvas White,2026-04-10T02:47:10.000Z,,729.99,0,2026-04-20 13:31:22
227294256887,2JPbQLbovBiVwu49jLDTuZ,Louis Vuitton Card Case Porte Carte Romy Coin Case Fragment Case M81880 Brown,2026-04-10T02:47:36.000Z,,529.99,0,2026-04-20 13:31:22
227294257114,2JPbQLh2xZV7AYeFJDGBWE,Louis Vuitton Epi Porte-Monnaie NM Coin Case Wallet Black Leather Men's,2026-04-10T02:48:04.000Z,,529.99,0,2026-04-20 13:31:22
227294258167,m16597943600,"Louis Vuitton Monogram Porte-Feuille Sarah Long Wallet with Box, Excellent",2026-04-10T02:50:18.000Z,,439.99,0,2026-04-20 13:31:22
227294258500,m17561313012,Louis Vuitton Damier Clemence Long Wallet Brown Suri Red,2026-04-10T02:50:42.000Z,,529.99,0,2026-04-20 13:31:22
227294259677,m24540038498,LOUIS VUITTON Long Wallet Monogram Excellent Condition,2026-04-10T02:52:47.000Z,,529.99,0,2026-04-20 13:31:22
227294260699,m30914324882,Louis Vuitton Damier Pop Portefeuille Multiple Folding Wallet,2026-04-10T02:54:26.000Z,,619.99,0,2026-04-20 13:31:22
227294261136,m31389491573,Price Reduced! Louis Vuitton Turquoise Long Wallet Vernis Authentic,2026-04-10T02:54:45.000Z,,529.99,0,2026-04-20 13:31:22
227294261782,m38731002270,Louis Vuitton Multicolor Porte-Tresor International with Box,2026-04-10T02:55:59.000Z,,529.99,0,2026-04-20 13:31:22
227294262044,m42046063671,LOUIS VUITTON Porte-Feuille Multiple New Unused,2026-04-10T02:56:23.000Z,,829.99,0,2026-04-20 13:31:22
227294262237,m45257918593,Louis Vuitton Monogram Shadow Zippy Vertical Long Wallet - Unused Condition,2026-04-10T02:56:47.000Z,,709.99,0,2026-04-20 13:31:22
227294262290,m46124517651,Louis Vuitton Damier Azur New Model Portefeuille Sarah Long Wallet,2026-04-10T02:56:54.000Z,,399.99,0,2026-04-20 13:31:22
227294264711,m56464981684,2018 Limited Edition New Condition Louis Vuitton Long Wallet Zippy Lock Me,2026-04-10T02:58:38.000Z,,709.99,0,2026-04-20 13:31:22
227294265266,m57546277882,LOUIS VUITTON Monogram RFID Compact Wallet,2026-04-10T02:59:04.000Z,,529.99,0,2026-04-20 13:31:22
227294265517,m58431342723,Louis Vuitton Monogram Porte-Feuille Long Wallet Paris,2026-04-10T02:59:15.000Z,,529.99,0,2026-04-20 13:31:22
227294265756,m60490462240,Louis Vuitton Mahina Portefeuille Iris Long Wallet Black,2026-04-10T02:59:33.000Z,,529.99,0,2026-04-20 13:31:22
227294266133,m62297030983,Louis Vuitton Monogram Fuchsia Zippy Wallet Long Wallet,2026-04-10T02:59:57.000Z,,529.99,0,2026-04-20 13:31:22
227294266552,m63626362208,Louis Vuitton Zippy Wallet Empreinte M62121 Navy,2026-04-10T03:00:13.000Z,,439.99,0,2026-04-20 13:31:22
227294267535,m69061911268,Louis Vuitton Empreinte Zippy Wallet Marine Rouge,2026-04-10T03:01:08.000Z,,529.99,0,2026-04-20 13:31:22
227294267707,m71759874961,Louis Vuitton Empreinte Zippy Wallet Marine Current Model,2026-04-10T03:01:22.000Z,,529.99,0,2026-04-20 13:31:22
227294268608,m79838735074,Japan Exclusive Louis Vuitton Monogram Zippy Wallet Matcha M83218,2026-04-10T03:02:14.000Z,,729.99,0,2026-04-20 13:31:22
227294269610,m82865092572,Louis Vuitton Monogram Zippy Wallet Leather Noir Used Box Included,2026-04-10T03:02:49.000Z,,569.99,0,2026-04-20 13:31:22
227294269665,m82715548676,Louis Vuitton McCassar Zippy Wallet Vertical Long Wallet,2026-04-10T03:02:52.000Z,,419.99,0,2026-04-20 13:31:22
227294270089,m86622289467,Louis Vuitton Porte-Feuille Marco,2026-04-10T03:03:20.000Z,,629.99,0,2026-04-20 13:31:22
227294270118,m85473993635,Louis Vuitton Monogram New Style Empreinte Sara Ice Blue,2026-04-10T03:03:23.000Z,,599.99,0,2026-04-20 13:31:22
227294270326,m88339663842,Louis Vuitton New Model Portefeuille Sara Monogram 16 Card Long Wallet Brown,2026-04-10T03:03:50.000Z,,409.99,0,2026-04-20 13:31:22
227294271243,m90414722062,Louis Vuitton Portefeuille Roo Cussan Embossed Noir M81599,2026-04-10T03:04:19.000Z,,789.99,0,2026-04-20 13:31:22
227294272810,m98340712574,Louis Vuitton Epi Zippy Wallet Long Wallet Yellow,2026-04-10T03:05:39.000Z,,529.99,0,2026-04-20 13:31:22
227294273001,m98472401996,Authentic LOUIS VUITTON Monogram Long Wallet Near Mint Condition,2026-04-10T03:05:46.000Z,,419.99,0,2026-04-20 13:31:22
227294274661,2JMDqWKyPQ6VZKSR3MksYJ,Louis Vuitton M69433 Monogram Portefeuille Juliette Brown Bordeaux Wallet,2026-04-10T03:06:45.000Z,,369.99,0,2026-04-20 13:31:22
227294276191,2JMwjKEoNDW7CuZToUQa5R,LOUIS VUITTON Monogram Porte-Documents Victorine Wallet M62472,2026-04-10T03:07:15.000Z,,409.99,0,2026-04-20 13:31:22
227294276518,2JMx8KFNEPj6MsbbhWcKTm,Louis Vuitton Porte-Feuille Plaza Wallet Folding Wallet Damier Gray Black,2026-04-10T03:07:21.000Z,,569.99,0,2026-04-20 13:31:22
227294277232,2JPaLn8E6BFo29abpyzKiP,Louis Vuitton Monogram Folding Wallet Portefeuille Louise M82377,2026-04-10T03:07:46.000Z,,879.99,0,2026-04-20 13:31:22
227294277597,2JPcDTf65znn27bC8Dv5SH,LOUIS VUITTON Mahina Portefeuille Iris XS Mini Wallet Snow Blue Orange,2026-04-10T03:08:13.000Z,,789.99,0,2026-04-20 13:31:22
227294278164,2JPYXaSReS3UsBeAz5JdGz,Louis Vuitton Monogram Porte-Feuille Rue Rose Ballerine Brown Pink Wallet,2026-04-10T03:08:47.000Z,,599.99,0,2026-04-20 13:31:22
227294278550,m16171498153,HERMES Bearn Key Case 4-Chain Epson Gold D Stamp,2026-04-10T03:09:14.000Z,,529.99,0,2026-04-20 13:31:22
227294279067,m19534928473,HERMES Rosanj Scarf 75x200cm Cotton Beige Salonno Grand Tenu Box Ribbon,2026-04-10T03:09:35.000Z,,579.99,0,2026-04-20 13:31:22
227294279908,m20569371554,New HERMES Calvi Blue Gracier Epson K Stamp,2026-04-10T03:09:53.000Z,,639.99,0,2026-04-20 13:31:22
227294280166,m20371553730,HERMES Scarf Twilly Gran Apala with Studs 5M44,2026-04-10T03:09:59.000Z,,559.99,0,2026-04-20 13:31:22
227294281341,m25041531652,Louis Vuitton M62902 Monogram Shadow Zippy Wallet,2026-04-10T03:10:44.000Z,,419.99,0,2026-04-20 13:31:22
227294281812,m28224689876,Louis Vuitton Monogram Shadow Brother Gray Business Jacket,2026-04-10T03:11:05.000Z,,529.99,0,2026-04-20 13:31:22
227294284256,m40210237460,HERMES 90cm Silk Scarf MOSAIQUE AU 24 Logo Carriage Motif,2026-04-10T03:12:41.000Z,,629.99,0,2026-04-20 13:31:22
227294284915,m43132910775,Louis Vuitton Monogram Eclipse Zippy XL Long Wallet Clutch Large Capacity,2026-04-10T03:13:07.000Z,,529.99,1,2026-04-20 13:31:22
227294285400,m46612944685,HERMES Carré Geant Scarf Cotton Large 171x148cm Multicolor Vintage,2026-04-10T03:13:32.000Z,,459.99,0,2026-04-20 13:31:22
227294285479,m46672970831,LOUIS VUITTON Capucines Japan Limited Color,2026-04-10T03:13:38.000Z,,619.99,0,2026-04-20 13:31:22
227294285746,m47562946737,LOUIS VUITTON Long Wallet Zippy Wallet Round Zipper,2026-04-10T03:13:54.000Z,,609.99,0,2026-04-20 13:31:22
227294285818,m47434265513,Louis Vuitton Damier Graphite Vertical Long Wallet Black,2026-04-10T03:13:57.000Z,,419.99,0,2026-04-20 13:31:22
227294286053,m50535776990,Excellent Condition Hermès Twilly Set of 2 Heart,2026-04-10T03:14:08.000Z,,529.99,0,2026-04-20 13:31:22
227294286591,m53220415013,HERMES Tiger Tiger Silk Scarf 70cm,2026-04-10T03:14:33.000Z,,599.99,0,2026-04-20 13:31:22
227294286866,m54158149507,HERMES Scarf Carré 90 Decoupages Red Multicolor,2026-04-10T03:14:56.000Z,,429.99,0,2026-04-20 13:31:22
227294287016,m56038282803,Hermès Carré 70 BRIDES de GALA Broderie A Scarf,2026-04-10T03:15:09.000Z,,549.99,0,2026-04-20 13:31:22
227294287076,m57473564302,Brand New Hermes Fringe Key Holder Carmen Uno Dos Etoupe Noir,2026-04-10T03:15:13.000Z,,789.99,0,2026-04-20 13:31:22
227294287467,m59362545152,Louis Vuitton Zippy Wallet Vertical Shadow M80423,2026-04-10T03:15:35.000Z,,529.99,0,2026-04-20 13:31:22
227294288850,m65037565666,Excellent Condition Hermes Stole / Navy x Gray / Silk Cashmere,2026-04-10T03:16:15.000Z,,369.99,0,2026-04-20 13:31:22
227294289145,m66830726992,Louis Vuitton Monogram Tigerama Brother NM Long Wallet Blue,2026-04-10T03:16:36.000Z,,529.99,0,2026-04-20 13:31:22
227294289344,m70878134567,LOUIS VUITTON Long Wallet Ivory/Gray,2026-04-10T03:16:58.000Z,,529.99,0,2026-04-20 13:31:22
227294289453,m70607799354,HERMES Vintage Scarf Carré 90 Jouvence Floral Navy 2M33,2026-04-10T03:17:04.000Z,,439.99,0,2026-04-20 13:31:22
227294289630,m71890829652,HERMÈS Turtle Print Silk Scarf,2026-04-10T03:17:23.000Z,,519.99,2,2026-04-20 13:31:22
227294290071,m74532718533,Louis Vuitton Monogram Tigerama Zippy Vertical Blue Monogram,2026-04-10T03:17:56.000Z,,539.99,0,2026-04-20 13:31:22
227294290188,m75804338046,HERMÈS Carre 90 Silk Scarf Belle Chasse White Yellow Vintage 1960s,2026-04-10T03:18:02.000Z,,479.99,0,2026-04-20 13:31:22
227294291514,m83941605865,New HERMES Carré H 80 Grand Manège Navy Rare,2026-04-10T03:19:07.000Z,,799.99,0,2026-04-20 13:31:22
227294292686,m88641166029,HERMES Agenda GM Notebook Cover Rose Confetti,2026-04-10T03:20:07.000Z,,449.99,0,2026-04-20 13:31:22
227294293335,m90112953099,LOUIS VUITTON Zippy Wallet Monogram Old Model,2026-04-10T03:21:00.000Z,,529.99,0,2026-04-20 13:31:22
227294293554,m92439693887,Louis Vuitton Vintage Long Wallet,2026-04-10T03:21:11.000Z,,359.99,0,2026-04-20 13:31:22
227294293837,m94689287851,Louis VUITTON Long Wallet,2026-04-10T03:21:30.000Z,,529.99,0,2026-04-20 13:31:22
227294294172,m94815973070,HERMES Scarf Cavalry Helmet with Feathers Ladies 90cm Light Blue,2026-04-10T03:21:47.000Z,,589.99,0,2026-04-20 13:31:22
227294295487,m97213901153,Louis Vuitton Wallet Damier Brown Unused,2026-04-10T03:22:35.000Z,,419.99,0,2026-04-20 13:31:22
227294295710,m97980408400,HERMES Turtle Design Fragment Case,2026-04-10T03:22:46.000Z,,529.99,0,2026-04-20 13:31:22
227294296140,m99597165552,M391 HERMES Carré 90 Garde Nationale with Box Authentic,2026-04-10T03:23:10.000Z,,429.99,0,2026-04-20 13:31:22
227294296353,m99847534623,Louis Vuitton N41676 Christopher Hermes Long Wallet Black Men’s,2026-04-10T03:23:20.000Z,,569.99,0,2026-04-20 13:31:22
227294297092,2JG4QoNgeExspo5odCJxsF,Louis Vuitton Round Zipper Long Wallet Epi Noir,2026-04-10T03:23:49.000Z,,649.99,0,2026-04-20 13:31:22
227294297720,2JGKx8fHpdBvTk5HvScbiV,HERMES Twilly Ribbon Scarf Chaine d'Ancre 062497S Silk White Brown Ladies,2026-04-10T03:24:19.000Z,,439.99,0,2026-04-20 13:31:22
227294298027,2JGwC2M9qvgFr5srJ3etEz,HERMÈS Carre 90 Napoleon Silk Scarf Pink Near Mint Accessories Included,2026-04-10T03:24:48.000Z,,509.99,0,2026-04-20 13:31:22
227294298660,2JGzw7UepWZz4Gvwykd8ja,Hermès Cashmere Scarf Orange Leather Tag Jacquard New Like 259010S,2026-04-10T03:25:15.000Z,,679.99,0,2026-04-20 13:31:22
227294299304,2JHBU2WKkvwRf5rEA6mypd,HERMES Carre 90 Jeux de Paille Silk Pink Floral Bird Scarf Excellent +Bag,2026-04-10T03:25:46.000Z,,449.99,0,2026-04-20 13:31:22
227294300208,2JKgZ39e6YZy83sgWKucdt,HERMÈS Carré 90 Scarf Silk Joies d'Hiver Red A+ Box,2026-04-10T03:26:53.000Z,,489.99,0,2026-04-20 13:31:22
227294300357,2JKizR8ZsWsTeZouSzUdvP,HERMÈS Carré 90 Scarf Silk 100% Multicolor Raconte moi le cheval A Boxed,2026-04-10T03:27:00.000Z,,519.99,0,2026-04-20 13:31:22
227294300472,2JKmkgbbuah8TxHTzdkbU9,HERMES 100% Cashmere Large Stole Shawl Scarf with Logo Embroidery Purple,2026-04-10T03:27:03.000Z,,899.99,0,2026-04-20 13:31:22
227294300676,2JKmSZAX7KwV4wVR9g4zaG,HERMÈS Africa Silk Scarf Carré 90 Brown A Condition with Box,2026-04-10T03:27:19.000Z,,599.99,0,2026-04-20 13:31:22
227294300748,2JKmVE5TqbznyR93zRBoHV,HERMÈS Carre 90 Silk Scarf Red Berries Black S Unused with Box,2026-04-10T03:27:29.000Z,,709.99,0,2026-04-20 13:31:22
227294300928,2JKYs8bhRPpJCPhukmCpqw,HERMÈS Carre 90 Silk Scarf Green Christophe Colomb A+ Pristine Condition,2026-04-10T03:27:47.000Z,,489.99,0,2026-04-20 13:31:22
227294301117,2JKYyyzs5Rjnm3iENMeqAY,HERMÈS Triangle Scarf 120CM Silk Orange Flying Box S Condition with Box,2026-04-10T03:27:56.000Z,,489.99,0,2026-04-20 13:31:22
227294301527,2JL3nYznoXxSLsvXQ5jPp4,HERMÈS EARLY AMERICA Silk Scarf 90x90cm Green Animal Pattern A Boxed,2026-04-10T03:28:14.000Z,,599.99,0,2026-04-20 13:31:22
227294301537,2JL3odDSDgv6zgd7XiAxc6,HERMÈS Carré 90 Scarf Silk NAVY CAVALIERS PEULS Unused with Box,2026-04-10T03:28:14.000Z,,489.99,0,2026-04-20 13:31:22
227294301885,2JL43bU6up4kFGcSHNsJrz,HERMÈS Carré 90 Scarf 100% Silk Pink LIBRES COMME L'AIR A Boxed,2026-04-10T03:28:39.000Z,,709.99,0,2026-04-20 13:31:22
227294301960,2JL4ChhYBkb4BdCK3XFHKD,HERMÈS Carré 90 Scarf Silk Blue Map Pattern A-Boxed,2026-04-10T03:28:47.000Z,,599.99,0,2026-04-20 13:31:22
227294302016,2JL4L5wb8jMxWTsjBVb23J,HERMÈS Scarf Carré 90 Silk Multicolor LA MARCHE DU ZAMBEZE S Unused Boxed,2026-04-10T03:28:53.000Z,,819.99,0,2026-04-20 13:31:22
227294302504,2JL6T32YmM946KKrvSsoJb,HERMÈS Scarf CARRÉ 70 Silk Blue CHORUS STELLARUM Unused Boxed,2026-04-10T03:29:11.000Z,,819.99,0,2026-04-20 13:31:22
227294302541,2JL6WeXSCXPEYysfEeQeUc,HERMÈS Carré 90 Silk White VIF ARGENT Scarf Condition A - Vintage Accessory,2026-04-10T03:29:12.000Z,,819.99,0,2026-04-20 13:31:22
227294303195,2JLaVG2DXxNob4gXEkFLKq,HERMÈS Carré 70 Scarf Silk White Red Paris Qui Roule Unisex Used Boxed,2026-04-10T03:29:40.000Z,,429.99,0,2026-04-20 13:31:22
227294303604,2JLdyuJG3k7iLV9NUrw4An,HERMÈS Carré 90 Scarf Plumes et Grelots Green x Gold Silk Unused w/Box,2026-04-10T03:30:17.000Z,,599.99,0,2026-04-20 13:31:22
227294304096,2JLHXj2HmNcCy27eW8wVP2,HERMÈS Carré 90 Silk Scarf 24 FAUBOURG SECONDE Blue H Logo A Condition,2026-04-10T03:30:47.000Z,,599.99,0,2026-04-20 13:31:22
227294304265,2JLJxzhsaSkFyX26Wc7JSP,HERMÈS Carré 90 Silk Scarf Enchanted Garden Green A Boxed,2026-04-10T03:30:58.000Z,,709.99,0,2026-04-20 13:31:22
227294304674,2JLRiZoBh6xfr3m8oDGXmE,Louis Vuitton Monogram Heritage Card Case M26030 7x10cm Coated Canvas Blue,2026-04-10T03:31:34.000Z,,599.99,0,2026-04-20 13:31:22
227294304828,2JLSuMBjRAnf92PigGAb3A,HERMÈS Les Triples de Paris 45x45cm Silk Scarf Yellow Unused with Box,2026-04-10T03:31:47.000Z,,489.99,0,2026-04-20 13:31:22
227294305000,2JLtkSePiwpXoGpNNZjSik,HERMÈS CHASSE au BOIS 90cm Silk Scarf Green A-Condition Vintage,2026-04-10T03:32:03.000Z,,599.99,0,2026-04-20 13:31:22
227294305818,2JLYwZwom2UwpHm3m5gr7h,LOUIS VUITTON Taiga Portefeuille Brazza RFID Long Wallet Leather Gray,2026-04-10T03:33:28.000Z,,349.99,0,2026-04-20 13:31:22
227294305833,2JLZUzzHn7TJcxh2744aPw,Louis Vuitton Porte Cartes Kapucine 11cm Trunk Leather Galet Gold New w/ Dust,2026-04-10T03:33:30.000Z,,759.99,0,2026-04-20 13:31:22
227294306061,2JMaoDohxu9KSsoa5segBL,HERMÈS Carre 45 Scarf Orange Silk Rat Design A Condition No Accessories,2026-04-10T03:33:55.000Z,,389.99,0,2026-04-20 13:31:22
227294306750,2JMGK5b3EUrfqHyJw9LWRS,Unused HERMES Santonore Cotton 100% Céré bouton Leather Trim Beret Hat 56 Italy,2026-04-10T03:35:20.000Z,,479.99,0,2026-04-20 13:31:22
227294307004,2JMK5rJxR2Z74Ng4TsAcmQ,HERMÈS Silk Scarf 90x90cm Navy L'INSTRVCTION DV ROY AB Condition,2026-04-10T03:35:39.000Z,,489.99,0,2026-04-20 13:31:22
227294307088,2JMKaqAV3n5mUrdHtVwHN9,HERMES Rodeo GM Bag Charm Raspberry Rose Sakura Rouge Sellier Leather,2026-04-10T03:35:47.000Z,,879.99,0,2026-04-20 13:31:22
227294307208,2JMKM6tU23krkxkxJLg4t6,HERMÈS Silk Scarf Carré 90 Christophe Colomb 1492 Navy AB Condition,2026-04-10T03:36:05.000Z,,599.99,0,2026-04-20 13:31:22
227294307288,2JMKRiA8aLaKZMh2n4XE8j,HERMÈS Silk Scarf Carré 90 L'Elegance et le Confort Navy AB Condition,2026-04-10T03:36:14.000Z,,489.99,0,2026-04-20 13:31:22
227294307542,2JMKWFZQVpdhPjDBkeFPCV,HERMÈS Le Geographe Scarf 90cm Silk Yellow Excellent Condition,2026-04-10T03:36:33.000Z,,489.99,0,2026-04-20 13:31:22
227294307543,2JMKWpXXiamFuktdTVABmy,HERMÈS Scarf CARRÉ 90 Silk RED FERIA DE SEVILLA A Excellent Condition,2026-04-10T03:36:33.000Z,,599.99,0,2026-04-20 13:31:22
227294307577,2JMKZfNtbYdh2sWUwPyJ8V,HERMÈS Scarf Carré 90 Silk Navy x Red Daimyo Princes du Soleil Levant AB,2026-04-10T03:36:36.000Z,,489.99,0,2026-04-20 13:31:22
227294307652,2JMMaBt3JSJjALauKHZvxu,HERMÈS Scarf CARRÉ 90 Silk Purple FEUX D'ARTIFICE Condition A,2026-04-10T03:36:42.000Z,,489.99,0,2026-04-20 13:31:22
227294307709,2JMMbMYbsz6ZafhpNNxhyu,HERMÈS Le Geographe Carré 90 Silk Scarf Pink AB Condition,2026-04-10T03:36:49.000Z,,489.99,0,2026-04-20 13:31:22
227294307757,2JMMg3vhnr7GMawCjjxG8L,HERMÈS Scarf Carre 90 Silk Blue Christophe Colomb Unused,2026-04-10T03:36:54.000Z,,599.99,0,2026-04-20 13:31:22
227294307794,2JMMjmAbYYxwHV8X5DzgGB,HERMÈS Les Frères du Roi Soleil Scarf 90cm Silk Black A+ Condition,2026-04-10T03:36:56.000Z,,489.99,0,2026-04-20 13:31:22
227294307820,2JMMWdockoT9H9KUL9wknR,HERMÈS Twilly Se La Fête 5cm Silk Scarf Khaki/White/Black S Condition Boxed,2026-04-10T03:36:58.000Z,,489.99,0,2026-04-20 13:31:22
227294307855,2JMMwDYfA9uNcEPBA6vkQk,HERMÈS Carre 90 Silk Scarf World Map Red AB Condition No Tag,2026-04-10T03:37:01.000Z,,489.99,0,2026-04-20 13:31:22
227294307938,2JMmiyah588iZL3XcaJ9Cq,HERMES Eperon d'Or Bandana Scarf 042977S 09 2024AW Used,2026-04-10T03:37:09.000Z,,589.99,0,2026-04-20 13:31:22
227294307976,2JMMWeJmXuKrfjor37bBi8,Unused HERMES Carmen Key Holder Bag Charm Yellow K Stamp with Box,2026-04-10T03:37:12.000Z,,529.99,0,2026-04-20 13:31:22
227294308126,2JMMZSSXrQUUxogHtQxBvT,HERMÈS ALOHA Carre 90 Silk Scarf Blue AB Condition - Vintage Accessory,2026-04-10T03:37:19.000Z,,489.99,0,2026-04-20 13:31:22
227294308174,2JMN8qV8VxvKTva7SMjzNU,Louis Vuitton Porte-Documents Clemence 19.5cm Damier Brown Pink Brand New Box,2026-04-10T03:37:23.000Z,,889.99,0,2026-04-20 13:31:22
227294308190,2JMN9Nbd5zmg57mAxjugBd,HERMÈS Carre 90 Silk Scarf ASTRES et SOLEILS Yellow A Condition,2026-04-10T03:37:24.000Z,,489.99,0,2026-04-20 13:31:22
227294308245,2JMpEFv7StNjDHURBSuLSZ,未使用 ルイヴィトン エピ ジッピーウォレット アンディゴブルー ラウンドファスナー長財布,2026-04-10T03:37:29.000Z,,789.99,0,2026-04-20 13:31:22
227294308284,2JMQ7Bs3wZGj8MBjkr4xm7,"Unused HERMES H Keyring - Key Holder with Box and Storage Bag, Swiss Made",2026-04-10T03:37:32.000Z,,589.99,0,2026-04-20 13:31:22
227294308440,2JMQcbUAGpJ77LLFSVsB4E,HERMÈS Carré 90 Silk Scarf LHIVER EN POSTE Red Winter Horse Drawn A+,2026-04-10T03:37:42.000Z,,489.99,0,2026-04-20 13:31:22
227294308441,2JMQaZfYJCZ4oX374vJY4n,Louis Vuitton Zippy Wallet FREE Monogram Brown Used A NFC Tag Included,2026-04-10T03:37:42.000Z,,529.99,0,2026-04-20 13:31:22
227294308531,2JMQDA5PuHms9sypoJjWU2,HERMÈS La Charmante aux Animaux 90cm Silk Scarf Purple A Condition,2026-04-10T03:37:49.000Z,,599.99,0,2026-04-20 13:31:22
227294308569,2JMQdTQC752PBWXQHWPDcV,HERMÈS L'INSTRUCTION DU ROY 90cm Silk Scarf Black Pristine AB Condition,2026-04-10T03:37:53.000Z,,489.99,0,2026-04-20 13:31:22
227294308722,2JMQFtfdmRUo82tqPXvEz4,HERMÈS Silk Scarf Carré 90 Red Orgaphone AB - Vintage Excellent Cond.,2026-04-10T03:38:07.000Z,,489.99,0,2026-04-20 13:31:22
227294308741,2JMQGvkdL4Ls6VADETs8Qc,HERMÈS Silk Scarf Carré 90 Navy The Original New Orleans Creole Jazz AB,2026-04-10T03:38:09.000Z,,489.99,0,2026-04-20 13:31:22
227294308748,2JMQfqUmnTqCMiTbTNL6vQ,HERMÈS Carre 90 Silk Scarf ARMETS en PANACHE Black & Gold Pristine A+,2026-04-10T03:38:10.000Z,,489.99,0,2026-04-20 13:31:22
227294308784,2JMQHrX2AQbL3L4i9XWckj,HERMÈS Le Geographe Scarf 90x90cm Silk Black Condition AB,2026-04-10T03:38:15.000Z,,489.99,0,2026-04-20 13:31:22
227294308787,2JMQmBvqpZ5wch84T8YnN4,HERMÈS Faubourg Rainbow 41x41.5cm Silk Scarf Purple/Yellow Excellent Boxed,2026-04-10T03:38:16.000Z,,469.99,0,2026-04-20 13:31:22
227294308903,2JMQXBZHmPXKyNRvncQUfa,HERMÈS Scarf CARRÉ 90 LEMORS A LA CONETABLE Silk Black & Gold A+ Pristine,2026-04-10T03:38:30.000Z,,489.99,0,2026-04-20 13:31:22
227294308940,2JMrevtPsEe7WzEv2SwTAi,Hermès Twilly Charm La Pâtisserie Française Silk H854175S 02 【Used】 S Rank,2026-04-10T03:38:37.000Z,,479.99,0,2026-04-20 13:31:22
227294308955,2JMrgQpoaVdqFrDYqFPaXh,HERMES Scarf 90cm Blue Horse Silk 100% Pleats Multi With Box Ladies,2026-04-10T03:38:40.000Z,,489.99,0,2026-04-20 13:31:22
227294308965,2JMrf5bR8pC27SqaxibTzL,Louis Vuitton M60531 Porte-Feuille Sarah Monogram Brown Long Wallet with Box,2026-04-10T03:38:40.000Z,,839.99,0,2026-04-20 13:31:22
227294309061,2JMs6uud3aX8Ce7oj7dmMJ,HERMES Card Case Calvi Duo,2026-04-10T03:38:52.000Z,,889.99,0,2026-04-20 13:31:22
227294309096,2JMs6vgKZ3KxoDi4g6k7q5,HERMES Scarf Twilly,2026-04-10T03:38:58.000Z,,429.99,0,2026-04-20 13:31:22
227294309156,2JMTJknhXiDScstMUCRvZN,Louis Vuitton Monogram Titanium Portefeuille Cosmos M63237 Zipper Long Wallet,2026-04-10T03:39:04.000Z,,629.99,0,2026-04-20 13:31:22
227294309172,2JMtarb5JKzNBMgmqDHgzg,Louis Vuitton Monogram Porte-Feuille Flower M62566 Long Wallet with Box and,2026-04-10T03:39:06.000Z,,809.99,0,2026-04-20 13:31:22
227294309193,2JMtasq4tcd22fkyN3CK7u,Louis Vuitton Damier Graphite Zippy Organizer NM N60111 Passport Case Long,2026-04-10T03:39:08.000Z,,769.99,0,2026-04-20 13:31:22
227294309718,2JMTK3RXZTTELMx8mVNENA,Louis Vuitton M64012 Stripe Portefeuille Brazh Tiger Aldore Black Wallet,2026-04-10T03:39:27.000Z,,799.99,0,2026-04-20 13:31:22
227294309759,2JMTvtJuZFg7Qfdd8NpipA,HERMÈS Twilly 2pcs Set 86x5cm Silk White CHEVALOSCOPE NEON New w/Box,2026-04-10T03:39:33.000Z,,699.99,0,2026-04-20 13:31:22
227294309775,2JMu3tkfmAwcg7ngVfHkcR,HERMES La Patisserie Francaise 100% Silk Twilly Charms Scarf with Box,2026-04-10T03:39:35.000Z,,579.99,0,2026-04-20 13:31:22
227294309823,2JMU7C8uZXDQoZYRCdWbhT,Authentic Free Shipping Louis Vuitton Long Wallet Zippy Wallet Suhali Bronze,2026-04-10T03:39:42.000Z,,529.99,0,2026-04-20 13:31:22
227294309938,2JMuCMcNMHGpASpZSVyRQt,Hermès Iliade Vauvers Color Bleu Nuit Navy B Stamp Card Case Pass Case,2026-04-10T03:39:55.000Z,,799.99,1,2026-04-20 13:31:22
227294309960,2JMuFJpYD4A8yZvp9ZkwHM,Hermes 2025SS Les Canyons Etoiles Silk Twill Bandana 55cm×55cm Purple,2026-04-10T03:39:58.000Z,,409.99,2,2026-04-20 13:31:22
227294310025,2JMwefZgquaS2beSqefuN2,HERMES Scarf 90 cm Le Geographe Yellow Multi-Color 100% Silk,2026-04-10T03:40:03.000Z,,459.99,0,2026-04-20 13:31:22
227294310067,2JMuT89orDXFMPDyGsZPRV,Louis Vuitton Long Wallet Zippy Wallet Monogram Vernis Granbleu Gold Hardware,2026-04-10T03:40:05.000Z,,579.99,0,2026-04-20 13:31:22
227294310335,2JMweWXPDREc2ovKr5ZxGS,HERMES Kroschette Keyring Charm Dark Brown × Silver Hardware Box Calf □G Stamp,2026-04-10T03:40:21.000Z,,619.99,0,2026-04-20 13:31:22
227294310461,2JMwfJozqPfHyvM6NYGwNU,LOUIS VUITTON Portemonnaie Rosalie Coin Case Monogram RFID,2026-04-10T03:40:29.000Z,,539.99,0,2026-04-20 13:31:22
227294310506,2JMwfMnAWGfJASDZad5JQf,LOUIS VUITTON Organizer Unisexe Monogram M66566 CA3150,2026-04-10T03:40:34.000Z,,549.99,0,2026-04-20 13:31:22
227294310539,2JMwfSDJhE46LBhmBauekv,"HERMES Scarf Carré 90 Lanterns, Balloons, Cockades Blue Ciel × White ×",2026-04-10T03:40:38.000Z,,529.99,0,2026-04-20 13:31:22
227294310598,2JMwfTktjT8nSAyBYsFW8P,HERMES Carre 90 Fleurs De Fuchsia Black x Pink 100% Silk,2026-04-10T03:40:45.000Z,,659.99,0,2026-04-20 13:31:22
227294311328,2JMwg4MxFkHYFDBCttBAjW,LOUIS VUITTON Zippy Wallet Nano Monogram Yellow M82229,2026-04-10T03:41:17.000Z,,659.99,0,2026-04-20 13:31:22
227294311532,2JMwgMpZ7DLDTumKBEH6b3,LOUIS VUITTON Portefeuille Normandie Brown×Black Damier N61261 SP2176,2026-04-10T03:41:28.000Z,,529.99,0,2026-04-20 13:31:22
227294311881,2JMwXjtpoUsfQJj4xy9WS3,Louis Vuitton Multicolor Portefeuille Sarah Long Wallet - White M93743,2026-04-10T03:41:45.000Z,,629.99,0,2026-04-20 13:31:22
227294311976,2JMx9zaJzWzBhHg93M7ZQE,Louis Vuitton Business Card Holder Envelope Card Case Monogram Canvas Used,2026-04-10T03:41:52.000Z,,429.99,0,2026-04-20 13:31:22
227294312001,2JMwXzJNS2XCpQMRopNCiD,Unused Display Item Hermes Calvi Duo Card Case Epson Rose Azalea B Stamp,2026-04-10T03:41:56.000Z,,719.99,0,2026-04-20 13:31:22
227294312095,2JMx9yXhDJDNFwxN6shN6y,HERMES Scarf Carre 90 Silk Black × Multicolor 【SUPER SILK QUEST】 【Box】 【Used】,2026-04-10T03:42:09.000Z,,709.99,0,2026-04-20 13:31:22
227295530298,m10482194928,"Bottega Veneta Key Ring Intrecciato Orange [Unused, Complete Accessories]",2026-04-11T00:00:41.000Z,,459.99,0,2026-04-20 13:31:22
227295530837,m10542557889,Celine Large Strap Wallet,2026-04-11T00:00:59.000Z,,529.99,0,2026-04-20 13:31:22
227295532873,m11317580322,Celine Small Flap Wallet Triomphe Black Silver,2026-04-11T00:02:22.000Z,,579.99,0,2026-04-20 13:31:22
227295533852,m84247468321,Louis Vuitton Multi Cles 6 Key Case Empreinte Black,2026-04-11T00:03:11.000Z,,399.99,0,2026-04-20 13:31:22
227295535302,2JPdZpMPf25fUrB3JTKNNw,Louis Vuitton M62630 Multi-Cles 6 Monogram Brown Key Case with Box,2026-04-11T00:04:19.000Z,,529.99,0,2026-04-20 13:31:22
227295536406,m61779829575,Louis Vuitton Monogram Multicolore Scarf 154x38cm Silk Used Condition,2026-04-11T00:05:18.000Z,,649.99,0,2026-04-20 13:31:22
227295536885,m86713759151,LOUIS VUITTON Monogram Shine Stole Silk,2026-04-11T00:05:36.000Z,,459.99,0,2026-04-20 13:31:22
227295537322,m90392348912,Louis Vuitton Bandou BB New Unused Silk Scarf Multi Color Floral,2026-04-11T00:05:51.000Z,,449.99,0,2026-04-20 13:31:22
227295539580,m13684399597,Louis Vuitton Monogram Empreinte Porte-Feuille Clara Wallet Black,2026-04-11T00:07:14.000Z,,729.99,0,2026-04-20 13:31:22
227295540472,m13783167010,Louis Vuitton Monogram Empreinte Victorine Beige Tri-Fold Wallet,2026-04-11T00:07:36.000Z,,529.99,0,2026-04-20 13:31:22
227295542300,2JPe53q7fYngzxxaL2Hv3q,LOUIS VUITTON カレ70 M77634 ライジング コンフィデンシャル スカーフ,2026-04-11T00:08:21.000Z,,529.99,0,2026-04-20 13:31:22
227295544613,m17351227002,Rare Beautiful Louis Vuitton Coin Case Wallet Zippy Coin Purse White Blue,2026-04-11T00:09:38.000Z,,529.99,0,2026-04-20 13:31:22
227295545680,m21713412436,Louis Vuitton Monogram Portefeuille Magellan Bi-fold Wallet Brown,2026-04-11T00:10:46.000Z,,529.99,0,2026-04-20 13:31:22
227295546781,m31388637945,Louis Vuitton Wallet Epi Victorinus Tri-fold,2026-04-11T00:11:54.000Z,,449.99,0,2026-04-20 13:31:22
227295547156,m33379149035,Louis Vuitton Porte Monnaie Rosalie Coin Case M81444 IC Chip,2026-04-11T00:12:15.000Z,,529.99,0,2026-04-20 13:31:22
227295550977,m15954538986,PRADA Folding Wallet Mini Wallet Compact Wallet,2026-04-11T00:13:54.000Z,,639.99,0,2026-04-20 13:31:22
227295551381,m16136071766,Gucci Double G Wallet Folded,2026-04-11T00:14:10.000Z,,429.99,0,2026-04-20 13:31:22
227295552824,m16454677613,LOEWE Anagram Pebble Small Folded Wallet Gold Hardware Gray,2026-04-11T00:14:47.000Z,,619.99,0,2026-04-20 13:31:22
227295553617,m16933243117,CHANEL Caviar Skin Long Wallet Used in Excellent Condition,2026-04-11T00:15:51.000Z,,749.99,0,2026-04-20 13:31:22
227295554396,m17372176415,Brand New PRADA ☆ Authenticated ☆ CITY CALF TAB Wallet Black,2026-04-11T00:16:30.000Z,,719.99,0,2026-04-20 13:31:22
227295555374,m17873363241,Beautiful DIOR Long Wallet Trotter Round Zipper CD Logo GD Hardware,2026-04-11T00:17:08.000Z,,529.99,0,2026-04-20 13:31:22
227295556296,m18951938062,LOUIS VUITTON Taiga Zippy Dragonne Black Long Wallet C283,2026-04-11T00:18:36.000Z,,619.99,0,2026-04-20 13:31:22
227295556539,m19145097076,CELINE Triomphe Wallet,2026-04-11T00:18:54.000Z,,559.99,0,2026-04-20 13:31:22
227295557064,m59627397877,New Louis Vuitton Monogram Victoriine Fuchsia Compact Wallet,2026-04-11T00:19:52.000Z,,529.99,0,2026-04-20 13:31:22
227295557726,m20260305064,Free Shipping! Unused CELINE Zip Wallet Beige 393,2026-04-11T00:20:54.000Z,,709.99,0,2026-04-20 13:31:22
227295558362,m20799085737,Hermès Carré Scarf,2026-04-11T00:21:38.000Z,,379.99,0,2026-04-20 13:31:22
227295558667,m20902073402,Louis Vuitton Emily Rose Ballerina Long Wallet Pink Excellent Condition,2026-04-11T00:22:00.000Z,,409.99,0,2026-04-20 13:31:22
227295560904,m81784115055,Louis Vuitton M64577 Victoriine Compact Wallet Marine Rouge,2026-04-11T00:24:24.000Z,,409.99,0,2026-04-20 13:31:22
227295561346,m23440013015,Hermès Calvi Duo Naple Yellow,2026-04-11T00:24:43.000Z,,529.99,0,2026-04-20 13:31:22
227295562516,m85463308882,Louis Vuitton Damier Portefeuille Alexandra Compact Wallet,2026-04-11T00:25:35.000Z,,439.99,0,2026-04-20 13:31:22
227295563044,m24303726245,Louis Vuitton Epi New Model Portefeuille Marco NM Leather Black,2026-04-11T00:25:55.000Z,,399.99,0,2026-04-20 13:31:22
227295563999,m24563950309,HERMES Cashmere×Silk H Pattern Large Stole Excellent Condition,2026-04-11T00:26:20.000Z,,579.99,1,2026-04-20 13:31:22
227295565379,m89116067538,Louis Vuitton Monogram Empreinte Portefeuille Curieux Compact Brown Wallet,2026-04-11T00:27:03.000Z,,449.99,0,2026-04-20 13:31:22
227295568190,2JNzhVM29MzYjCCGDgxADY,Louis Vuitton Monogram Card Case Coin Case M61927,2026-04-11T00:28:39.000Z,,529.99,0,2026-04-20 13:31:22
227295568554,m25600834267,Burberry Black Long Wallet,2026-04-11T00:28:59.000Z,,419.99,0,2026-04-20 13:31:22
227295569017,m26021980899,Hermès Silk Scarf Petit Carré Cheval a la couverture Gavroche,2026-04-11T00:29:16.000Z,,429.99,1,2026-04-20 13:31:22
227295570104,2JPd3RUzL5YqhUjWouCSjY,LOUIS VUITTON Monogram Eclipse Zippy Coin Purse Vertical M81662,2026-04-11T00:30:18.000Z,,549.99,0,2026-04-20 13:31:22
227295571009,m27346694843,New Unused Louis Vuitton Long Wallet,2026-04-11T00:31:29.000Z,,719.99,0,2026-04-20 13:31:22
227295572058,m32850955440,Louis Vuitton Long Wallet Monogram Eclipse Porte-Feuille Brother Men's Black,2026-04-11T00:33:12.000Z,,529.99,0,2026-04-20 13:31:22
227295572829,m28950791428,GUCCI Mini Wallet Interlocking GG Logo Black with Box S Rank,2026-04-11T00:34:16.000Z,,529.99,0,2026-04-20 13:31:22
227295573168,m29198180168,Louis Vuitton Eclipse Zippy Wallet Vertical Long Wallet,2026-04-11T00:34:37.000Z,,529.99,0,2026-04-20 13:31:22
227295573512,m29446488613,Free Shipping! Unused GUCCI Men's Bi-Fold Wallet 428725 Black,2026-04-11T00:35:04.000Z,,669.99,0,2026-04-20 13:31:22
227295573833,m37270914725,Louis Vuitton Portefeuille Multiple Monogram Shadow Wallet Noir,2026-04-11T00:35:39.000Z,,529.99,0,2026-04-20 13:31:22
227295574534,m40942612371,Louis Vuitton Portefeuille Capucines Long Wallet C316,2026-04-11T00:36:47.000Z,,529.99,0,2026-04-20 13:31:22
227295575262,m44022664121,Louis Vuitton Monogram Empreinte Bicolor Zippy Wallet Black C286,2026-04-11T00:37:42.000Z,,759.99,0,2026-04-20 13:31:22
227295576916,m51552212988,Louis Vuitton Taiga Amerigo NM Folding Wallet Black,2026-04-11T00:39:39.000Z,,529.99,0,2026-04-20 13:31:22
227295578348,m32013213347,HERMES Calvi Card Case Business Card Holder Z Stamp,2026-04-11T00:41:25.000Z,,549.99,0,2026-04-20 13:31:22
227295578546,m32155072701,Gucci GG Canvas Wallet Interlocking Y2K,2026-04-11T00:41:42.000Z,,529.99,0,2026-04-20 13:31:22
227295578752,m57466138958,Louis Vuitton Lock Me II Compact Black Wallet M64309,2026-04-11T00:42:01.000Z,,399.99,0,2026-04-20 13:31:22
227295579213,m59971318382,Louis Vuitton Monogram Empreinte Long Wallet Zippy Wallet Pink,2026-04-11T00:42:35.000Z,,429.99,0,2026-04-20 13:31:22
227295579412,m60791443171,LOUIS VUITTON Zippy Wallet Love Lock Monogram Long Wallet,2026-04-11T00:43:01.000Z,,529.99,0,2026-04-20 13:31:22
227295579680,m32606513801,DIOR Heart Quilting Karo Wallet Japan Limited Edition,2026-04-11T00:43:32.000Z,,659.99,1,2026-04-20 13:31:22
227295580480,m64467967838,Louis Vuitton Portefeuille Capucines Black Flower Long Wallet C317,2026-04-11T00:44:31.000Z,,619.99,0,2026-04-20 13:31:22
227295580973,m66893314029,Louis Vuitton Monogram Empreinte Zippy Wallet Long Wallet Navy,2026-04-11T00:45:09.000Z,,639.99,0,2026-04-20 13:31:22
227295581708,m33909432380,HERMES Pleats Carré 90 Scarf Silk Horse Design Black,2026-04-11T00:45:59.000Z,,399.99,0,2026-04-20 13:31:22
227295581957,m34145602255,Louis Vuitton Monogram Shadow Brother Gray Latest Model Business Black Hardware,2026-04-11T00:46:23.000Z,,529.99,0,2026-04-20 13:31:22
227295582168,m34679817325,Dior Coin Card Holder Wallet in Excellent Condition,2026-04-11T00:46:42.000Z,,429.99,0,2026-04-20 13:31:22
227295582482,m34972046731,HERMES Carmen Pink Fringe Keychain,2026-04-11T00:47:06.000Z,,599.99,0,2026-04-20 13:31:22
227295584333,m72037684980,Louis Vuitton Monogram Empreinte Clemence Flower Long Wallet Navy,2026-04-11T00:48:01.000Z,,529.99,0,2026-04-20 13:31:22
227295584600,m74354350904,Louis Vuitton Hybrid Wallet Monogram Eclipse Coin Case,2026-04-11T00:48:22.000Z,,529.99,0,2026-04-20 13:31:22
227295584855,m75105913087,Louis Vuitton Epi Portefeuille Sarah Long Wallet Black 6006-2,2026-04-11T00:48:41.000Z,,529.99,0,2026-04-20 13:31:22
227295585349,m78517776198,Louis Vuitton Portefeuille Clemence Monogram Reverse Authentic Z540,2026-04-11T00:49:28.000Z,,889.99,0,2026-04-20 13:31:22
227295585578,m36482593872,LOEWE Wallet Pink Beige Tri-Fold with Box Excellent Condition,2026-04-11T00:49:55.000Z,,529.99,0,2026-04-20 13:31:22
227295585698,m36784653355,GUCCI Navy Coin Case GG Pattern,2026-04-11T00:50:07.000Z,,359.99,0,2026-04-20 13:31:22
227295585974,m36906843223,HERMES Maxi Twilly Scarf 100% Silk Belt Pattern Black,2026-04-11T00:50:27.000Z,,399.99,0,2026-04-20 13:31:22
227295586190,m81533221622,Louis Vuitton Monogram Porte-Feuille Sara Retiro 5735,2026-04-11T00:50:46.000Z,,529.99,0,2026-04-20 13:31:22
227295586351,m82097601269,MICHEL ANGELO Long Wallet,2026-04-11T00:51:02.000Z,,529.99,0,2026-04-20 13:31:22
227295587343,m84464754212,Louis Vuitton Portefeuille Sarah Long Wallet Monogram Empreinte Bicolor,2026-04-11T00:51:48.000Z,,599.99,1,2026-04-20 13:31:22
227295588044,m37810593245,Celine Small Flap Wallet Triomphe / Shiny Calfskin,2026-04-11T00:52:42.000Z,,569.99,0,2026-04-20 13:31:22
227295588596,m88120151979,Certified Louis Vuitton Portefeuille Sarah Long Wallet Leather Greige,2026-04-11T00:53:19.000Z,,399.99,0,2026-04-20 13:31:22
227295590171,m92081618943,Louis Vuitton Long Wallet Portefeuille Sarah NM,2026-04-11T00:54:22.000Z,,799.99,0,2026-04-20 13:31:22
227212203446,M-282,HERMES Carre 80 BORD A BORD Scarf 100% Cotton Large Shawl New with Box Authentic,2026-02-11T01:55:38.000Z,,412.68,6,2026-04-20 13:31:22
227295592365,m39585690960,Rare GUCCI Sima Long Wallet Yankees Collaboration Navy,2026-04-11T00:56:01.000Z,,409.99,0,2026-04-20 13:31:22
227295593718,m40211410288,Hermès Scarf,2026-04-11T00:56:55.000Z,,689.99,0,2026-04-20 13:31:22
227295594402,m40762313696,90's HERMES Two-Fold Wallet Leather Black Vintage,2026-04-11T00:57:31.000Z,,389.99,0,2026-04-20 13:31:22
227295595304,m41475435837,Bottega Veneta Coin Case Cassette Leather Black New Unused,2026-04-11T00:58:10.000Z,,529.99,0,2026-04-20 13:31:22
227295597166,2JLuG22QbZiyBWoBGQEHbv,Louis Vuitton Folding Wallet Portefeuille Slim Monogram Eclipse Reverse Gray,2026-04-11T00:59:34.000Z,,689.99,0,2026-04-20 13:31:22
227295597449,2JM6RaEML7wGQovtWuFgzN,LOUIS VUITTON Portefeuille Viennois N61674 Bifold Wallet 9cm x 13.5cm,2026-04-11T00:59:59.000Z,,529.99,0,2026-04-20 13:31:22
227295598111,2JMzoRZytpZTu8TFpRz3rf,Louis Vuitton Monogram Empreinte Portefeuille Clara Folding Wallet Unused,2026-04-11T01:00:44.000Z,,829.99,0,2026-04-20 13:31:22
227295601468,m43323248730,HERMES Beauren Dupso Brown Leather Bifold Wallet,2026-04-11T01:03:02.000Z,,429.99,0,2026-04-20 13:31:22
227295602080,m43524192032,Fendi Unused Beautiful Condition Monster Flap Long Wallet Bugs,2026-04-11T01:03:28.000Z,,419.99,1,2026-04-20 13:31:22
227295602301,m44139759834,LOEWE Anagram Leather Compact Wallet Studio Ghibli No-Face,2026-04-11T01:03:48.000Z,,529.99,0,2026-04-20 13:31:22
227295602542,m44385167364,Hermès Carré 90 Grand Théâtre Nouveau,2026-04-11T01:04:11.000Z,,709.99,0,2026-04-20 13:31:22
227295602947,m44875540694,PRADA Double-fold Wallet,2026-04-11T01:04:48.000Z,,559.99,0,2026-04-20 13:31:22
227295603125,m45065432773,GUCCI Long Wallet Leather GG Pattern Heart Marmont Navy,2026-04-11T01:05:06.000Z,,419.99,0,2026-04-20 13:31:22
227295603568,m45437993446,CHANEL Classic Small Flap Wallet Silver,2026-04-11T01:05:41.000Z,,529.99,0,2026-04-20 13:31:22
227295604180,m48794643038,HERMES Scarf 90 with Woven Pattern,2026-04-11T01:06:28.000Z,,489.99,0,2026-04-20 13:31:22
227295604473,m49721735786,Louis Vuitton Taiga Business Card Holder M64595 Complete Accessories,2026-04-11T01:06:51.000Z,,439.99,0,2026-04-20 13:31:22
227295604763,m46454073914,PRADA Two-Fold Wallet with Coin Purse Olive Green,2026-04-11T01:07:15.000Z,,719.99,0,2026-04-20 13:31:22
227295605021,m46662944124,GUCCI Besties Charm Key Ring,2026-04-11T01:07:31.000Z,,539.99,0,2026-04-20 13:31:22
227295605808,m51472654720,Louis Vuitton Torillon Zippy Wallet Vertical Black New Model IC,2026-04-11T01:08:17.000Z,,549.99,0,2026-04-20 13:31:22
227295606282,m53836273905,Louis Vuitton New Type Taiga Monogram Brother Business Blue,2026-04-11T01:08:52.000Z,,549.99,0,2026-04-20 13:31:22
227295606836,m58380914702,LOUIS VUITTON × NIGO Long Wallet,2026-04-11T01:09:38.000Z,,799.99,0,2026-04-20 13:31:22
227295607352,m61009867089,Hermes Carre 90 PRIERES AU VENT Scarf Excellent Condition,2026-04-11T01:10:15.000Z,,639.99,0,2026-04-20 13:31:22
227295608084,m62443539312,Louis Vuitton Monogram Shadow Black Zippy Wallet Q94,2026-04-11T01:10:38.000Z,,529.99,0,2026-04-20 13:31:22
227295608913,m65493077363,HERMES Reversible 90 Silk Scarf with Gala Epaulettes,2026-04-11T01:11:35.000Z,,479.99,0,2026-04-20 13:31:22
227295609258,m66081607142,HERMES Scarf Carré 90 Mediterranean Precious Life Light Blue Silk Fish Dolphin,2026-04-11T01:11:52.000Z,,529.99,1,2026-04-20 13:31:22
227295609771,m67922084276,Hermès Scarf,2026-04-11T01:12:33.000Z,,899.99,0,2026-04-20 13:31:22
227295611378,m50167157387,HERMES Pastia Coin Case Steeple Nuit,2026-04-11T01:14:22.000Z,,529.99,0,2026-04-20 13:31:22
227295612484,m62521967818,Hermès Calvi Duo Epson Bordeaux Silver Hardware B Stamp Very Beautiful Item,2026-04-11T01:16:20.000Z,,599.99,0,2026-04-20 13:31:22
227295613155,m78696431697,Louis Vuitton Monogram Watercolor Brothers Long Wallet Business Latest Model IC,2026-04-11T01:17:19.000Z,,529.99,0,2026-04-20 13:31:22
227295613760,m52510649558,Celine Small Zip Wallet Compact Triomphe Wallet Leather,2026-04-11T01:18:16.000Z,,529.99,0,2026-04-20 13:31:22
227295614693,m80317122837,Louis Vuitton Damier Graphite Vertical Zippy Wallet in Excellent Condition,2026-04-11T01:19:38.000Z,,409.99,0,2026-04-20 13:31:22
227295614886,m81941967909,HERMES Scarf Carre 90 Silk Multi A L'OMBRE DES BOULEVARDS Mint,2026-04-11T01:19:54.000Z,,509.99,0,2026-04-20 13:31:22
227295615119,m82048097351,HERMES Calvi Duo Epsom Leather Pink Coin Case Mint with Box,2026-04-11T01:20:12.000Z,,579.99,0,2026-04-20 13:31:22
227295615756,m55427748062,【Unused Condition】CHANEL Matelassé Denim Compact Zip Wallet,2026-04-11T01:20:52.000Z,,839.99,0,2026-04-20 13:31:22
227295616135,m55565531536,Gucci Microguccissima Flap Long Wallet in Good Condition with Box & Dust Bag,2026-04-11T01:21:16.000Z,,409.99,0,2026-04-20 13:31:22
227295616391,m83518909073,Louis Vuitton Taiga Portefeuille Brazza - Authentic - Excellent Condition -,2026-04-11T01:21:31.000Z,,849.99,0,2026-04-20 13:31:22
227295616691,m84051077885,HERMES Carre Wash Carre 90 George Washington's Carriage,2026-04-11T01:21:47.000Z,,579.99,0,2026-04-20 13:31:22
227295617200,m85271168130,Hermès Carré 90 Scarf Silk Sacred River Bandana with Tag,2026-04-11T01:22:25.000Z,,579.99,0,2026-04-20 13:31:22
227295618144,m56892255817,Saint Laurent Long Wallet Cassandra Caviar Round Zipper Leather,2026-04-11T01:23:27.000Z,,529.99,0,2026-04-20 13:31:22
227295618534,m57419266097,DIOR CARO Accessory Case,2026-04-11T01:23:50.000Z,,629.99,0,2026-04-20 13:31:22
227295618834,m57564955455,✨A Rank✨ LOEWE Long Wallet Anagram Amazona Vertical Wallet,2026-04-11T01:24:12.000Z,,429.99,0,2026-04-20 13:31:22
227295619281,m87737308034,HERMES Bastia Coin Case,2026-04-11T01:24:58.000Z,,529.99,0,2026-04-20 13:31:22
227295619471,m88196362681,HERMES Carre 90 Rocaille Scarf,2026-04-11T01:25:12.000Z,,429.99,0,2026-04-20 13:31:22
227295619829,m88672324583,HERMÈS Chevre Mizzol Calvi Duo Coin Case 10.5x7.5cm Pink Excellent Box,2026-04-11T01:25:38.000Z,,529.99,0,2026-04-20 13:31:22
227295620068,m88564576892,LOUIS VUITTON Business Card Holder,2026-04-11T01:25:54.000Z,,429.99,0,2026-04-20 13:31:22
227295620385,m88804361682,Rare! New Unused Hermès Bastia Coin Case Goat Leather,2026-04-11T01:26:08.000Z,,529.99,0,2026-04-20 13:31:22
227295620703,m89090863283,HERMES Bastia New and Unused Genuine Product,2026-04-11T01:26:21.000Z,,529.99,0,2026-04-20 13:31:22
227295621352,m89637114066,Louis Vuitton Monogram Eclipse Portefeuille Braz IC Wallet,2026-04-11T01:27:12.000Z,,609.99,0,2026-04-20 13:31:22
227295621537,m89709457687,HERMÈS Stately Wheels Scarf 90cm Silk Multi-Color New Ribbon/Tag,2026-04-11T01:27:29.000Z,,589.99,0,2026-04-20 13:31:22
227295621705,m89883557994,Louis Vuitton Long Wallet Monogram Brown,2026-04-11T01:27:42.000Z,,529.99,0,2026-04-20 13:31:22
227295621953,m90130637213,Louis Vuitton Monogram Portefeuille Trousse Brother NM Long Wallet,2026-04-11T01:28:02.000Z,,529.99,0,2026-04-20 13:31:22
227295622136,m90856067592,HERMÈS Le Van Quatre Coin Case 9x6.5cm Sheepskin Black/Blue Ankles SA Condition,2026-04-11T01:28:18.000Z,,529.99,0,2026-04-20 13:31:22
227295622304,m91446063565,Hermès Bastia Mauve Silvestre,2026-04-11T01:28:33.000Z,,439.99,0,2026-04-20 13:31:22
227295622474,m92567557836,Louis Vuitton Monogram Zippy Wallet Pink Fuchsia Leather Used,2026-04-11T01:28:53.000Z,,529.99,0,2026-04-20 13:31:22
227295622693,m92943998909,Louis Vuitton New Model IC Zippy Wallet Vertical Trianon,2026-04-11T01:29:12.000Z,,529.99,0,2026-04-20 13:31:22
227295623065,m93244079934,Louis Vuitton Monogram Empreinte Zippy Long Wallet Noir,2026-04-11T01:29:34.000Z,,529.99,0,2026-04-20 13:31:22
227295623374,m93664979780,Hermès Carre 70 L'Epopee d'Hermes Silk Scarf Certified Excellent Condition,2026-04-11T01:29:53.000Z,,649.99,1,2026-04-20 13:31:22
227295623845,m60381353345,Chanel Matelassé Patent Zippy Wallet Long Wallet Black 1172,2026-04-11T01:30:19.000Z,,529.99,0,2026-04-20 13:31:22
227295624210,m60540824046,miumiu Nappa Leather Wallet,2026-04-11T01:30:37.000Z,,729.99,0,2026-04-20 13:31:22
227295624456,m60594178332,Gucci Scarf 85x85cm 100% Silk Italy New Condition,2026-04-11T01:30:51.000Z,,639.99,0,2026-04-20 13:31:22
227295624688,m94834421872,Louis Vuitton Eclipse Zippy XL Long Wallet M61698,2026-04-11T01:31:10.000Z,,669.99,0,2026-04-20 13:31:22
227295625169,m95429369554,Louis Vuitton Portefeuille Brazza Rainbow Black Long Wallet for Men,2026-04-11T01:31:30.000Z,,659.99,0,2026-04-20 13:31:22
227295625634,m96600355313,Louis Vuitton Portefeuille Twist Long Wallet Black,2026-04-11T01:32:05.000Z,,529.99,0,2026-04-20 13:31:22
227295625907,m97536709069,HERMÈS Bastia Coin Wallet 8x8cm Orange Leather H Logo New with Box,2026-04-11T01:32:26.000Z,,529.99,0,2026-04-20 13:31:22
227295626105,m97065756422,HERMES Red Coin Case - Le Havre Quatre 72,2026-04-11T01:32:44.000Z,,439.99,0,2026-04-20 13:31:22
227295626750,m98869979712,New Unused HERMES Large Silk Scarf Carré 90 D629,2026-04-11T01:33:30.000Z,,459.99,0,2026-04-20 13:31:22
227295633899,m64962759440,HERMES Jura Three-Fold Wallet Voile Epsom Black Unisex Design,2026-04-11T01:41:57.000Z,,529.99,0,2026-04-20 13:31:22
227295634088,m65176209090,LOEWE Anagram Logo Fragment Case Unisex Black Gold Silver,2026-04-11T01:42:12.000Z,,529.99,0,2026-04-20 13:31:22
227295634459,m65704277727,Chanel Wallet Coco Button W Flap Tri-Fold Pink,2026-04-11T01:42:47.000Z,,529.99,1,2026-04-20 13:31:22
227295634709,m65740708578,LOEWE Card Case Black Puzzle Card Holder C510M97X03,2026-04-11T01:43:09.000Z,,559.99,0,2026-04-20 13:31:22
227295634913,m65812221435,CHANEL Logo Stole Gray Stole,2026-04-11T01:43:24.000Z,,639.99,0,2026-04-20 13:31:22
227295635173,m65860926326,GUCCI Fold Wallet Kingsnake Print GG Supreme Wallet 2681,2026-04-11T01:43:46.000Z,,529.99,0,2026-04-20 13:31:22
227295635608,m66077297758,Saint Laurent Long Wallet Caviar Skin V Stitch Black Gold 2784,2026-04-11T01:44:28.000Z,,529.99,0,2026-04-20 13:31:22
227295635741,m66136640581,GUCCI Long Wallet GG Line GG Pattern GG Interlocking Brand New Unused,2026-04-11T01:44:35.000Z,,529.99,0,2026-04-20 13:31:22
227295635900,m66282461398,Chanel Round Zip Matelassé Lambskin Long Wallet 700 Black,2026-04-11T01:44:47.000Z,,759.99,0,2026-04-20 13:31:22
227295635927,m66363619853,CHANEL Silk Scarf Sakura Pink Jewelry Pattern 85x85cm,2026-04-11T01:44:49.000Z,,479.99,0,2026-04-20 13:31:22
227295636846,m66595757305,Gucci Interlocking G Leather 6-Key Case Black Brand Genuine Leather,2026-04-11T01:45:59.000Z,,419.99,0,2026-04-20 13:31:22
227295637156,m66737754336,HERMÈS Dogon Long Wallet 11x21cm Togo Salmon Pink Good Condition,2026-04-11T01:46:21.000Z,,529.99,0,2026-04-20 13:31:22
227295637216,2JJZNxjRrA9cnpximHtjQV,Hermès Coin Case Bastia Evercolor W Stamp: 2024 Grimitst New Unused,2026-04-11T01:46:23.000Z,,529.99,0,2026-04-20 13:31:22
227295637476,m66837893607,LOEWE Leather Key Case Red,2026-04-11T01:46:36.000Z,,529.99,0,2026-04-20 13:31:22
227295637800,m66915825989,CELINE Coin Case Fragment Case Coin Purse Card Case,2026-04-11T01:46:54.000Z,,529.99,0,2026-04-20 13:31:22
227295638096,m67036458924,LOEWE Pebble Vertical Wallet Talc Sakura Pink New Unused,2026-04-11T01:47:23.000Z,,849.99,0,2026-04-20 13:31:22
227295638511,2JKKQE4UkcvjvzK3MaYdUa,HERMES Twilly Eperon d'Or Bandana Scarf 852978S 08【Used】,2026-04-11T01:48:15.000Z,,559.99,0,2026-04-20 13:31:22
227295638886,2JKKQGz5DtSF4hwnW7QMzG,HERMÈS Brides de Gala en Fleurs Twilly 86x5cm Silk White/Brown Box/Tag Mint,2026-04-11T01:48:56.000Z,,449.99,0,2026-04-20 13:31:22
227295639169,2JKmViUjUxuMfvY3wcMpok,HERMÈS Carré 90 Silk Scarf Pink RE TOUR A LA TERRE A Condition Boxed,2026-04-11T01:49:22.000Z,,819.99,0,2026-04-20 13:31:22
227295639692,2JKTSjzrQoyWswXq8Qgbwy,HERMES Bastia GM Coin Case Black W Stamp Leather Silver Hardware New,2026-04-11T01:50:14.000Z,,559.99,0,2026-04-20 13:31:22
227295640784,2JL6vieXgCeU6xsrPcDtkh,HERMÈS Les Capucines 90CM Silk Scarf Blue Gold Lotus A Boxed,2026-04-11T01:51:44.000Z,,599.99,0,2026-04-20 13:31:22
227295641502,2JL7Dy8Qw4mPrgSWwdiW3b,HERMÈS Carre90 90x90CM Silk Scarf Red IN SALZBURG AB Condition,2026-04-11T01:52:44.000Z,,819.99,0,2026-04-20 13:31:22
227295641883,2JL7EWzifzNEJhqwKvn3aA,HERMÈS Scarf carré 90 Silk Multicolor Correspondance Horse Print AB Condition,2026-04-11T01:53:11.000Z,,489.99,0,2026-04-20 13:31:22
227295642349,m68017367395,CHANEL Boy Caviar Wallet Pink Matelasse Rhinestone Excellent Boxed,2026-04-11T01:53:50.000Z,,769.99,0,2026-04-20 13:31:22
227295642632,2JLb4kddYdQRxtiMDuFNfb,"HERMÈS Large Fringe Cashmere Scarf 186.5x143cm Pink Ladies, AB Condition",2026-04-11T01:54:18.000Z,,449.99,0,2026-04-20 13:31:22
227295643280,2JLdxKMhcci8jEd9iC4r2s,Louis Vuitton Portefeuille Brazza Wallet 10x19cm Monogram Canvas White Good A,2026-04-11T01:55:15.000Z,,879.99,0,2026-04-20 13:31:22
227295643482,m68271209360,LOEWE Tri-Fold Wallet Repeat Anagram All-Over Pattern Beige Leather,2026-04-11T01:55:35.000Z,,449.99,0,2026-04-20 13:31:22
227295643649,m68351529469,Unused GUCCI Leather × Canvas Bi-fold Wallet Jackie with Box,2026-04-11T01:55:54.000Z,,529.99,1,2026-04-20 13:31:22
227295644706,m68695264085,CHANEL Silver Long Wallet Coco Mark,2026-04-11T01:57:41.000Z,,609.99,0,2026-04-20 13:31:22
227295645229,m68890065213,87 CHANEL Compact Tri-Fold Wallet,2026-04-11T01:58:00.000Z,,419.99,0,2026-04-20 13:31:22
227295645980,2JLHcPnsG6F7P8ATMBZqeL,HERMÈS Carre 90 Silk Scarf Multicolor LELABORATOIRE DU TEMPS A Boxed,2026-04-11T01:59:01.000Z,,819.99,0,2026-04-20 13:31:22
227295646211,2JLixnyRALLXtLz8gRNM88,HERMES Key Holder H. to Speed Charm Silver Brand Excellent,2026-04-11T01:59:26.000Z,,509.99,0,2026-04-20 13:31:22
227295646328,m69265978896,Dior Wallet,2026-04-11T01:59:42.000Z,,529.99,0,2026-04-20 13:31:22
227295646440,m69281773517,Mint Condition Chanel Caviar Skin Matelassé Fragment Case White,2026-04-11T01:59:58.000Z,,559.99,0,2026-04-20 13:31:22
227295646552,m69348450102,PRADA Black Trifold Wallet,2026-04-11T02:00:14.000Z,,649.99,0,2026-04-20 13:31:22
227295646826,m69422115701,HERMES Dogon GM Togo Leather Brown Long Wallet Coin Purse Box Incl.,2026-04-11T02:00:39.000Z,,559.99,1,2026-04-20 13:31:22
227295647160,m69570961954,LOEWE Puffer Anagram Vertical Wallet Small,2026-04-11T02:01:02.000Z,,689.99,0,2026-04-20 13:31:22
227295647535,m69680982629,GUCCI Mini Wallet Marmont Double G Bicolor with Box - S Rank,2026-04-11T02:01:25.000Z,,529.99,0,2026-04-20 13:31:22
227295647782,m69710171484,GUCCI Floral Silk Scarf Burgundy,2026-04-11T02:01:42.000Z,,429.99,0,2026-04-20 13:31:22
227295648068,m69751430208,Celine Medium Strap Wallet Gray Type,2026-04-11T02:02:05.000Z,,449.99,0,2026-04-20 13:31:22
227295649138,2JLJvHQpqF8wxoXdUFwUVc,HERMÈS Carré 90 Scarf AU COEUR DES BOIS 90x90CM Silk Pink A Boxed,2026-04-11T02:03:12.000Z,,709.99,0,2026-04-20 13:31:22
227295649479,2JLK6TVexdD2p9pSwf7Kk4,HERMÈS Carré 90 Scarf Silk 100% Nuba Mountain Blue S Condition Boxed,2026-04-11T02:03:40.000Z,,599.99,0,2026-04-20 13:31:22
227295649739,2JLKYtnrocQqyXjpcC6T7s,HERMÈS Carre 90 Scarf Silk 100% ANIMAL ALPHABET Blue Unused S Condition,2026-04-11T02:04:08.000Z,,599.99,0,2026-04-20 13:31:22
227295649915,2JLP7ynU42NP9CNnNvFbBq,Hermès Carmen Tricolore 079018CJ Keyring,2026-04-11T02:04:32.000Z,,499.99,0,2026-04-20 13:31:22
227295650332,2JLtoZGzXFUUjJLzdpF9h7,HERMÈS Carré 90 Silk Scarf PERLES DU KENYA Brown Pristine A Condition,2026-04-11T02:05:12.000Z,,489.99,0,2026-04-20 13:31:22
227295650711,m70266600203,Bottega Veneta Intrecciato Wallet with RFID - Excellent Condition,2026-04-11T02:05:30.000Z,,529.99,0,2026-04-20 13:31:22
227295652001,2JLW9L4ZvyewEEif5XNPfS,HERMÈS LES TUILERIES 90cm Silk Scarf Black & Gold A Condition with Box,2026-04-11T02:07:07.000Z,,489.99,0,2026-04-20 13:31:22
227295652533,2JLVkXQXWsGePwtEFtznBC,HERMÈS Carré 90 Jardin Creole Silk Scarf Yellow Excellent Condition Boxed,2026-04-11T02:07:32.000Z,,449.99,0,2026-04-20 13:31:22
227295652827,2JLVmTqFwCZsbEzhJJDrKQ,HERMÈS Napoleon 90cm Silk Scarf Red A Condition Box Included,2026-04-11T02:07:58.000Z,,489.99,0,2026-04-20 13:31:22
227295653021,2JLVRwicoSJMXDX6jc79CL,HERMÈS Scarf Carre90 Silk Navy Marine et Cavalier A Boxed,2026-04-11T02:08:23.000Z,,599.99,0,2026-04-20 13:31:22
227295653270,2JLVv7sUZHUsxSLZZujCEW,HERMÈS Scarf Carré 90 Silk Brown Au Pays de Cocagne A Boxed,2026-04-11T02:08:47.000Z,,489.99,0,2026-04-20 13:31:22
227295653437,2JLW2oHfQvzFvH93vBNe8i,HERMÈS Scarf Carré 90 Silk 100% Gold Horse Pattern Unused with Box,2026-04-11T02:09:11.000Z,,489.99,0,2026-04-20 13:31:22
227295654079,2JM8xzQaeWf7jP7ZuSwmHZ,Louis Vuitton Zippy Wallet N41661 19.5cm Damier Ebene Brown Used Box Pouch,2026-04-11T02:10:09.000Z,,799.99,0,2026-04-20 13:31:22
227295654387,2JMarKNV4vM6w4dLrV2xiR,Louis Vuitton N60111 Damier Wallet Zippy Organizer NM Long Wallet,2026-04-11T02:10:39.000Z,,529.99,0,2026-04-20 13:31:22
227295654706,2JMbBnZA2b7SgrN7AuseRs,HERMÈS Brides de Gala Scarf 90cm Silk Navy White Unused,2026-04-11T02:11:04.000Z,,599.99,0,2026-04-20 13:31:22
227295655302,2JMd5EF4NHA34c6Af73KSA,Unused HERMES Carmen Bag Charm with Silver Hardware Yellow K Stamp with Box,2026-04-11T02:11:57.000Z,,529.99,0,2026-04-20 13:31:22
227295656452,2JMDx2zpRGU4RaceUv3yHw,HERMÈS Carré 90 Scarf 88cm Silk Pink Unisex Good Condition No Accessories,2026-04-11T02:13:51.000Z,,459.99,0,2026-04-20 13:31:22
227295657055,2JMEWPfVz4JBo7DzF3QHsQ,HERMÈS Scarf Carré 55 Les Clés Silk Blue Light Blue Excellent Cond. Box,2026-04-11T02:14:41.000Z,,629.99,0,2026-04-20 13:31:22
227295657375,2JMiD3mmH9CAgeVvxUFXV7,HERMES Carmen Key Ring Bag Charm Pink with Silver Hardware U Stamp Boxed,2026-04-11T02:15:08.000Z,,449.99,0,2026-04-20 13:31:22
227295657552,2JMQF4fHcv8FnajDGpBeMh,HERMÈS Jardin Creole 90cm Silk Scarf Black A-Condition Rare,2026-04-11T02:15:21.000Z,,489.99,0,2026-04-20 13:31:22
227295657702,2JMu3uETjQRUUKTQeEZGcS,Unused HERMES Twilly Pony Pit Stop Silk 100% Scarf Boxed Ladies,2026-04-11T02:15:31.000Z,,479.99,0,2026-04-20 13:31:22
227295657946,2JMwfX4od264HbSsxwrzEc,"HERMES Scarf 90cm ""L'OR DES CHEFS"" Black and Gold Silk 100%",2026-04-11T02:15:52.000Z,,659.99,0,2026-04-20 13:31:22
227295657981,2JMwg2dYK39gzvPCEJ26NH,LOUIS VUITTON Porte-Documents Multicles Damier Stripe M81319,2026-04-11T02:15:56.000Z,,609.99,0,2026-04-20 13:31:22
227295658048,2JMwg3hT7cxy374XF3GutA,LOUIS VUITTON Portefeuille Brazza Bi-fold Long Wallet Aerogram M81810 RFID,2026-04-11T02:16:02.000Z,,599.99,0,2026-04-20 13:31:22
227295658272,2JMwg3sM9TiQVTGRsiSUKJ,LOUIS VUITTON Zippy Dragonne L-Zip Wallet Taiga Noir M69409 RFID,2026-04-11T02:16:19.000Z,,629.99,0,2026-04-20 13:31:22
227295658333,2JMwg4VJTF473bFWrHeMjy,LOUIS VUITTON Zippy Wallet Monogram Empreinte M81141,2026-04-11T02:16:23.000Z,,879.99,0,2026-04-20 13:31:22
227295658458,2JMwn2zbSYQVCvGH5FUoDv,HERMES Calvi Duo Compact Card Case Celeste K Stamp with Box (New),2026-04-11T02:16:31.000Z,,799.99,1,2026-04-20 13:31:22
227295658612,2JMYc4LgpXwHHLkmWEfLcg,HERMÈS Silk Scarf Carre 90 Neige d'Antan Black A Condition,2026-04-11T02:16:46.000Z,,599.99,0,2026-04-20 13:31:22
227295658723,2JMYqTmjbHvAqyCdwUpWgy,HERMÈS Carré 90 PIERRES d'ORIENT Silk Scarf Black A Condition Boxed,2026-04-11T02:16:56.000Z,,419.99,0,2026-04-20 13:31:22
227295658928,2JMYTZczUhEtEFjvPdq6cL,HERMÈS Scarf Carré 90 Silk Yellow Orgauphone A Condition No Accessories,2026-04-11T02:17:12.000Z,,599.99,0,2026-04-20 13:31:22
227295658942,2JMYVtvmUPJofTuQBnf8tq,HERMÈS Le Geographe 90cm Silk Scarf Blue A Condition Accessory,2026-04-11T02:17:13.000Z,,599.99,0,2026-04-20 13:31:22
227295659045,2JMYXvbwEubm2ZSwCK39Mz,HERMÈS Carre 90 Silk Scarf REVE D'AUSTRALIE Brown A Boxed,2026-04-11T02:17:21.000Z,,599.99,0,2026-04-20 13:31:22
227295659174,2JMyyWq2XY5WGzeLXMDRm5,Hermes Scarf Twilly Frill Apron Bandana Marine Fonse/Black/White,2026-04-11T02:17:36.000Z,,449.99,0,2026-04-20 13:31:22
227295659449,2JMzEG7W8NE6JJeWCnabAw,HERMES Scarf 90 HENRY F SMITH SAILOR 100% Silk Large Multi-Color Made in France,2026-04-11T02:17:59.000Z,,489.99,0,2026-04-20 13:31:22
227295659513,2JMzEGESsETuap8HVZXThA,HERMES Twilly PONY PIT STOP 100% Silk Scarf Multicolor with Box,2026-04-11T02:18:04.000Z,,449.99,0,2026-04-20 13:31:22
227295659645,2JMzJyZb4z7WwAm9VhrjoT,HERMES Calvi Card Case Coin Purse Vauquelin Leather Black Silver Hardware,2026-04-11T02:18:14.000Z,,619.99,0,2026-04-20 13:31:22
227295659824,2JMZSofoqUYVFxmBE5HoqY,Louis Vuitton Monogram Card Case M61733 11x7cm Coated Canvas Marron Condition A,2026-04-11T02:18:27.000Z,,449.99,0,2026-04-20 13:31:22
227295660031,2JNaecRqVDEhgH8pfxhwTT,Louis Vuitton Portefeuille International Long Wallet Monogram M61217【74095】,2026-04-11T02:18:48.000Z,,719.99,0,2026-04-20 13:31:22
227295661736,2JNMZjALQLUYzb88iqf3xH,Excellent Condition / LOUIS VUITTON / Monogram / Porte-Feuille Clemence / Long,2026-04-11T02:20:26.000Z,,689.99,0,2026-04-20 13:31:22
227295662567,2JNueNKtWsp5TcuukXubRz,HERMES Scarf Twilly,2026-04-11T02:21:32.000Z,,479.99,0,2026-04-20 13:31:22
227295663776,2JP9GVuQDTasmhtynfkhbk,Unused Display Item Hermès Calvi Duo Card Case Epson Rose Confetti Z Stamp,2026-04-11T02:23:34.000Z,,639.99,0,2026-04-20 13:31:22
227295664086,2JPaLjYizxDXtZLdPeqaDR,Unused HERMES Twilly Scarf Jude Card Logo Trump Silk Navy,2026-04-11T02:24:09.000Z,,459.99,0,2026-04-20 13:31:22
227295664116,2JPaLmtAitEFdMvdufANNb,Louis Vuitton Monogram Long Wallet Porte-Feuille Sarah M60531,2026-04-11T02:24:12.000Z,,799.99,0,2026-04-20 13:31:22
227295664631,2JParxJw7xMdWFxUwCLdEy,LOUIS VUITTON Zippy Dragonne Black Long Wallet for Men 【Used】,2026-04-11T02:24:52.000Z,,799.99,0,2026-04-20 13:31:22
227295664993,2JPaVQ3Cf7dtcmxUtcMD4p,Louis Vuitton Zippy Organizer Long Wallet Epi Black M62643 美品,2026-04-11T02:25:19.000Z,,529.99,0,2026-04-20 13:31:22
227295666955,2JPb9TbYEK6BCLjLgMLQSn,Unused HERMES H064205S Twilly For the Stamp Enthusiast Silk Scarf Boxed,2026-04-11T02:28:30.000Z,,479.99,0,2026-04-20 13:31:22
227295667444,2JPbcLu4Ms6AWGk3JZqy6u,Unused H To Speed Keyring Silver Hardware Hermes Gift Item MerciMuse,2026-04-11T02:29:22.000Z,,479.99,0,2026-04-20 13:31:22
227295667967,2JPbDGhsbunnTV9udmgUJ5,Pristine HERMES Scarf Carre 90 Silk Les Jardins d'Andalousie Green,2026-04-11T02:29:50.000Z,,599.99,2,2026-04-20 13:31:22
227295668165,2JPBgKqduHaHqCw2BtitST,HERMES Petit Carré 45 Scarf Eastern and Western Stone Crafts Yellow Blue Boxed,2026-04-11T02:30:16.000Z,,429.99,0,2026-04-20 13:31:22
227295668308,2JPbhGtGdot2j985usHskG,LOUIS VUITTON Card Case Porte Cartes Clycross M14091 Monogram Multicolor White,2026-04-11T02:30:31.000Z,,659.99,0,2026-04-20 13:31:22
227295668570,2JPBLr7hrjC8JMBeoV6Pud,Hermès Bastia Chevre Mysore Verso Z Stamp Coin Case Keblaco Maulsilvestre Used,2026-04-11T02:31:08.000Z,,449.99,0,2026-04-20 13:31:22
227295668773,2JPBpZSwoormgiYdNBmUk4,HERMES Carré 90 Champignons Large Scarf 100% Silk Navy【74149】,2026-04-11T02:31:25.000Z,,559.99,0,2026-04-20 13:31:22
227295669210,2JPbwEyoXvvvJPsPXJy99u,New Louis Vuitton Wallet - Porte-Feuille Sarah My LV World Tour,2026-04-11T02:32:18.000Z,,849.99,0,2026-04-20 13:31:22
227295669333,2JPbwhWwFtrvc38DTbdvWQ,Hermès HEART Cadenas 041337CK Keychain,2026-04-11T02:32:28.000Z,,449.99,0,2026-04-20 13:31:22
227295669523,2JPbxBqLiD2sq2soWtqmAS,Unused Hermes Bastia 078405CK Coin Case,2026-04-11T02:32:51.000Z,,599.99,0,2026-04-20 13:31:22
227295669999,2JPCBs8MZ2urPy7DKTMNRx,LOUIS VUITTON Long Wallet Porte-Fees Brothers M60622,2026-04-11T02:33:45.000Z,,789.99,0,2026-04-20 13:31:22
227295670074,2JPcEM76biuQzq5jWNN7Ti,Louis Vuitton Damier Giant Portefeuille Braz Long Wallet Men's Black,2026-04-11T02:33:54.000Z,,649.99,0,2026-04-20 13:31:22
227295670283,2JPCSQWozKvnsQXJuyvx7n,Unused HERMES H Twill Key Ring Key Holder Bag Charm Silver /34657,2026-04-11T02:34:21.000Z,,479.99,0,2026-04-20 13:31:22
227295670964,2JPd3RL2oLv4VYZhSD9uPB,Louis Vuitton Monogram Porte Cartes Recto Verso Card Case,2026-04-11T02:35:08.000Z,,589.99,0,2026-04-20 13:31:22
227295671237,2JPd4CH4yHh8rMEv8rWzNw,HERMES Scarf Carré 90 Pink Silk Ribbon Pattern with Box,2026-04-11T02:35:32.000Z,,489.99,0,2026-04-20 13:31:22
227295672801,2JPDmPR2Mm6ZrwHLBHspVf,HERMES Scarf Silk Pointu LA FEMME AU CARRE Green with Box,2026-04-11T02:37:44.000Z,,489.99,0,2026-04-20 13:31:22
227295673311,2JPdvENWbHRx5xeF598RPH,Louis Vuitton Epi Porte-Feuille Sarah Long Wallet Black 6006-2,2026-04-11T02:38:50.000Z,,529.99,0,2026-04-20 13:31:22
227295673756,2JPdyKSMrsbNsQFHKKWhWn,HERMES Carre 70 SPINNAKERS Scarf White Multi-color Ladies,2026-04-11T02:39:39.000Z,,419.99,0,2026-04-20 13:31:22
227295674063,2JPe4zrub3fxvjAsYYk3sm,HERMES Astrology Silk Carré 90 Scarf,2026-04-11T02:40:21.000Z,,409.99,0,2026-04-20 13:31:22
227295674448,2JPE7Ek8EuLgK6aQQs54Ls,Used HERMES Silk Scarf CARRÉ 90 SPLENDEUR DES MAHARAJAS Green with Box,2026-04-11T02:40:47.000Z,,599.99,0,2026-04-20 13:31:22
227295675117,2JPEaeYRjCutKJ6gLaZhGE,Hermes Carre 70 Scarf Les Petits Papiers 100% Silk Multicolor,2026-04-11T02:41:36.000Z,,409.99,0,2026-04-20 13:31:22
227295675814,2JPEAtvvenLhzjN3R6V7fQ,Hermès Scarf Ring Chaîne d'Ancre Gold Color Pendant Top Style Necklace,2026-04-11T02:42:01.000Z,,489.99,0,2026-04-20 13:31:22
227295676331,2JPEavukHJ6WhQAfGBNfo8,LOUIS VUITTON Porte-Feuille Clemence Monogram Empreinte RFID,2026-04-11T02:42:27.000Z,,599.99,0,2026-04-20 13:31:22
227295676775,2JPEbFbQYJfxNs9hvbDZu7,LOUIS VUITTON Pochette Portefeuille Credit Long Wallet Monogram M61725,2026-04-11T02:43:07.000Z,,529.99,0,2026-04-20 13:31:22
227295677039,2JPECYhU88XLhbynVq8gcj,Hermès HERMES Carre 90 Pleats Fire of Heaven Orange Purple Pink Red Yellow,2026-04-11T02:43:34.000Z,,429.99,0,2026-04-20 13:31:22
227295677846,2JPEjG6iKqVaqZnBUbLJdh,Louis Vuitton Monogram Macassar Zippy Dragonne Long Wallet L-Zip Wallet,2026-04-11T02:44:54.000Z,,689.99,0,2026-04-20 13:31:22
227295678282,2JPEPGjYD4iSWwiY6fJLZZ,Hermès Scarf Ring Chaîne d'Ancre Gold Color Small Accessories,2026-04-11T02:45:37.000Z,,489.99,0,2026-04-20 13:31:22
227295678321,2JPEPFeeQd8orKk2RSSAoH,Unused Hermès Carmen Tassel Key Holder W Stamp Bag Charm Key Ring Yellow,2026-04-11T02:45:39.000Z,,519.99,0,2026-04-20 13:31:22
227295678518,2JPERcNgG3RcdL9wrUpRHL,Unused Hermès Carmen Tassel Key Holder W Stamp Bag Charm Keyring Pink,2026-04-11T02:46:03.000Z,,479.99,0,2026-04-20 13:31:22
227295679642,2JPEZrJD5CYaLgeREkmf3U,LOUIS VUITTON Portefeuille Clemence Round Zip Long Wallet Monogram Rose,2026-04-11T02:47:32.000Z,,649.99,0,2026-04-20 13:31:22
227295679957,2JPGdj5fwXsmYNSE5GCe4y,HERMES Scarf Ring Chaine d'Ancre Black Management Number: 11215,2026-04-11T02:48:13.000Z,,419.99,0,2026-04-20 13:31:22
227295680660,2JPGtdvoneMVPkD3j8yss3,HERMES EX LIBRIS EN CAMOUFLAGE 100% Silk 90cm Scarf Multi-Color with Box,2026-04-11T02:49:32.000Z,,639.99,0,2026-04-20 13:31:22
227295682157,2JPJuGQwy25ok6PXUVhkRr,HERMES Scarf LES RUBANS DU CHEVAL Pleated White Silk 90cm,2026-04-11T02:51:43.000Z,,459.99,0,2026-04-20 13:31:22
227295682317,2JPJzcG3HsKNbt4ECQymE3,HERMES Scarf Ring Chaine d'Ancre Brass Gold Color Pendant Top Style,2026-04-11T02:52:09.000Z,,489.99,0,2026-04-20 13:31:22
227295682680,2JLHUReQHJTaGkAnidkcPe,HERMÈS Bastia Coin Case 8.5cm Vache Épsom Gold Used w/ Box,2026-04-11T02:52:44.000Z,,539.99,0,2026-04-20 13:31:22
227295682704,2JLHwWMXTXkjYZJk4sT3a2,Hermès Bastia 074613CK Coin Case,2026-04-11T02:52:46.000Z,,449.99,0,2026-04-20 13:31:22
227295683310,2JLoRPrp98gFAasuGfJuTg,HERMÈS Calvi Duo Coin Case 10.5cm Epson Green Mangrove Silver New + Box,2026-04-11T02:53:37.000Z,,899.99,0,2026-04-20 13:31:22
227295683340,2JLpGuHgJFSSdGeYTRwdW2,HERMES Le Van Quatre Coin Case Wallet Leather Red □G Stamp,2026-04-11T02:53:40.000Z,,419.99,0,2026-04-20 13:31:22
227295683908,m72816886445,HERMES Long Wallet Azap Silk In Brown,2026-04-11T02:54:53.000Z,,529.99,0,2026-04-20 13:31:22
227295683979,2JMfwE2ryz4UqJduCh9CDk,HERMES Coin Case Calvi Beige Marfa Ladies Unused,2026-04-11T02:55:01.000Z,,639.99,0,2026-04-20 13:31:22
227295684143,m76903485051,HERMES Z(2021) Calvi Duo Wallet Card Case,2026-04-11T02:55:21.000Z,,529.99,0,2026-04-20 13:31:22
227295684220,m79742601812,HERMES Long Wallet Beauclassic Chevre Brown,2026-04-11T02:55:33.000Z,,559.99,0,2026-04-20 13:31:22
227295684381,m81908724162,Hermès Dogon Black Leather Long Wallet with Coin Case ◯Z 185,2026-04-11T02:55:45.000Z,,429.99,0,2026-04-20 13:31:22
227295684489,m84191787747,"HERMES Dogon Long, Swift, 90, Blue Izmir, Excellent, No Accessories",2026-04-11T02:56:04.000Z,,529.99,0,2026-04-20 13:31:22
227295684577,m85079405614,HERMES Beorn Tri-Fold Wallet Rose Sheepskin Pink w/Box Excellent,2026-04-11T02:56:21.000Z,,529.99,0,2026-04-20 13:31:22
227295684580,m85580091189,HERMES Calvi Card Case X Stamp Etope,2026-04-11T02:56:21.000Z,,529.99,0,2026-04-20 13:31:22
227295684726,m87507311238,Hermès Long Wallet Azap Round Zip Silk In Leather,2026-04-11T02:56:43.000Z,,409.99,0,2026-04-20 13:31:22
227295684752,m87824642544,Hermès Togo Dogon Black Folding Wallet 954,2026-04-11T02:56:46.000Z,,529.99,0,2026-04-20 13:31:22
227295684919,m90241373025,HERMES Beaundesfle Gold Veau Epsom Wallet Excellent Condition,2026-04-11T02:57:03.000Z,,789.99,0,2026-04-20 13:31:22
227295684925,m90151994271,Hermès Béarn Dupli Long Wallet Silver N55,2026-04-11T02:57:04.000Z,,529.99,0,2026-04-20 13:31:22
227295685049,m91661771261,"Hermès/Accessories/New, Unused",2026-04-11T02:57:22.000Z,,529.99,1,2026-04-20 13:31:22
227295685055,m91775346678,HERMÈS Silk-In Compact 2019 W10cm Epson Etoupe Excellent Box & Card,2026-04-11T02:57:22.000Z,,889.99,0,2026-04-20 13:31:22
227295685142,m94858006763,Hermès Citizen Twill Compact Navy,2026-04-11T02:57:36.000Z,,759.99,0,2026-04-20 13:31:22
227295685192,m94493492098,Hermès Azap Long Silk In Yellow Ladies Wallet,2026-04-11T02:57:43.000Z,,559.99,0,2026-04-20 13:31:22
227295685307,m96839808003,HERMES Calvi Card Case Gold Leather Compact Excellent with Box,2026-04-11T02:57:56.000Z,,589.99,0,2026-04-20 13:31:22
227295685311,m95847898447,Hermès Béarn Wallet Voiepsone Light Blue Q56,2026-04-11T02:57:57.000Z,,559.99,0,2026-04-20 13:31:22
227295685406,m99162920584,"Hermès Dogon Wallet with Gold Hardware, No Coin Case",2026-04-11T02:58:13.000Z,,529.99,0,2026-04-20 13:31:22
227295685564,2JFzZeDKWTgpoLP8zTdJhp,HERMES Calvi Verso Coin Case Sheepskin Leather Yellow D Stamp,2026-04-11T02:58:30.000Z,,529.99,0,2026-04-20 13:31:22
227295686017,2JGNfTotvwGroQxpvzxN3P,HERMES Bastia Gold Brown Coin Case Mini Wallet Ladies 40802163045 Used,2026-04-11T02:58:51.000Z,,529.99,0,2026-04-20 13:31:22
227295686226,2JGrz9yLQhKqCJZkjaKsfr,HERMÈS Bastia Coin Case 8.4cm Sheepskin Caramel Brown S Condition Box,2026-04-11T02:59:00.000Z,,529.99,0,2026-04-20 13:31:22
227295686931,2JGSvu6cEp3KwLPHyfK6og,HERMES Bastia Coin Case Wallet Red □N Stamp Ladies Used,2026-04-11T02:59:14.000Z,,399.99,0,2026-04-20 13:31:22
227295687150,2JHmurGjMVpQxAAwMek7Ym,HERMÈS Bastia Verso Coin Case 8.5x8cm Epsom Bronze/Green New with Box,2026-04-11T02:59:38.000Z,,539.99,0,2026-04-20 13:31:22
227295687335,2JJ2EahgJqg9eTQpTU6rri,HERMES Bastia 90 Sheepskin Green Silver Coin Case Excellent,2026-04-11T02:59:52.000Z,,529.99,0,2026-04-20 13:31:22
227295687532,2JJESbCw6rSb7SpAbzfvmr,HERMES Azap Coin Case 8x8cm Vaux-Epsom Silk Orange Excellent with Box,2026-04-11T03:00:02.000Z,,739.99,0,2026-04-20 13:31:22
227295687840,2JK3kjFUZBcNtgxpmZQJ4q,HERMÈS Calvi Coin Case 10.5x7cm Epsom Leather Blue Gracier Mint No Accessories,2026-04-11T03:00:18.000Z,,679.99,0,2026-04-20 13:31:22
227295688610,2JL6XCJ6wivpwU3m827wm4,HERMÈS Bastia Coin Case 8x8cm Vauversin Leather Orange S Rank Boxed,2026-04-11T03:00:52.000Z,,529.99,0,2026-04-20 13:31:22
227295689139,2JMKbJmez2cCpW8ZJdpgns,HERMÈS Calvi Duo Compact 10.5cm Sheepskin Vert Peppermint Green NIB Boxed,2026-04-11T03:01:21.000Z,,849.99,0,2026-04-20 13:31:22
227295689482,2JMwC46tr3bSL9PRXxScyH,Hermès Coin Case Calvi Duo Verso Grimisty/Black/Silver Hardware,2026-04-11T03:01:44.000Z,,899.99,0,2026-04-20 13:31:22
227295689520,2JMwes64DCVp8ytmSVXL4i,HERMES Bastia Coin Case Chevre Blue Zanjibar W Stamp,2026-04-11T03:01:46.000Z,,529.99,0,2026-04-20 13:31:22
227295693906,2JPNUP8wtDaevF39AdaVtY,HERMES Coin Case Bastia Epson Black,2026-04-11T03:06:03.000Z,,529.99,0,2026-04-20 13:31:22
227295694144,2JPQ27QqKgN7JvzfiD8fph,Hermès Coin Case Bastia Gold Epson W Stamp HERMES Small Wallet,2026-04-11T03:06:32.000Z,,529.99,0,2026-04-20 13:31:22
227295696894,2JPRDKoDRygwuFYhh9sE62,LOUIS VUITTON Portefeuille Clemence Monogram Fuchsia RFID Leather PVC Long,2026-04-11T03:08:42.000Z,,739.99,0,2026-04-20 13:31:22
227295697768,2JPRKUNUpUfjWXfsR8t7aV,Louis Vuitton Monogram Empreinte Portefeuille Sarah Long Wallet 5846,2026-04-11T03:09:24.000Z,,569.99,0,2026-04-20 13:31:22
227295698902,2JPSpDNqh5JfUKzyXns3Fw,"HERMES Carre 90 ""Au Pays de Cocagne"" Silk Scarf Used Item",2026-04-11T03:10:45.000Z,,479.99,0,2026-04-20 13:31:22
227295699279,2JPT7q9fCG6ZiAVpSuZqfA,HERMES Chaine d'Ancre Tresse 90 Scarf Ring Gold x Orange,2026-04-11T03:11:24.000Z,,489.99,0,2026-04-20 13:31:22
227295699963,2JPTm5wT5RjmQUMfV3jhua,Louis Vuitton Monogram Empreinte Zippy Wallet Long Wallet,2026-04-11T03:12:39.000Z,,439.99,0,2026-04-20 13:31:22
227295700125,2JPTPheqDfHqNynajNW3FW,Louis Vuitton Taiga Zippy Organizer NM Long Wallet Men's 601614 Used,2026-04-11T03:13:00.000Z,,529.99,0,2026-04-20 13:31:22
227295700183,2JPTPy4PsEJaGha8tSQdaX,Louis Vuitton Monogram Reverse Porte Cartes Recto Verso Card Case,2026-04-11T03:13:09.000Z,,659.99,0,2026-04-20 13:31:22
227295700425,2JPTPz6WCxcqM467hEyn2N,Louis Vuitton Taigarama Porte- monnaie Brazza Blue Cel M14110 Long Wallet,2026-04-11T03:13:30.000Z,,669.99,0,2026-04-20 13:31:22
227295700968,2JPUCHNgZvqdgPTWDWT2GX,Hermès Bastia Verso 078357CK Coin Case,2026-04-11T03:14:32.000Z,,449.99,0,2026-04-20 13:31:22
227295701232,2JPVcuqh6TgwVnSf6x8NVj,Beautiful HERMES Scarf Carre 140 Silk BRIDES DE GALA Chiffon Purple,2026-04-11T03:15:03.000Z,,709.99,0,2026-04-20 13:31:22
227295701616,2JPVNdKT6DpmVQAEvJsuKt,HERMES Bastia Card Case Coin Purse W Stamp 2024 Black Unused Box,2026-04-11T03:15:41.000Z,,569.99,0,2026-04-20 13:31:22
227295701811,2JPVnSNULerq5LEWDnTH97,LOUIS VUITTON Monogram Zippy Wallet Long Wallet Round Zipper Brown,2026-04-11T03:16:07.000Z,,709.99,0,2026-04-20 13:31:22
227295701941,m92333186747,Hermès Long Wallet,2026-04-11T03:16:26.000Z,,529.99,0,2026-04-20 13:31:22
227295702479,2JPW7yUTRrYUiJ2m7usAHT,HERMES Scarf Pleats Silk Dip Dye Jungle Love White with Box,2026-04-11T03:17:18.000Z,,599.99,0,2026-04-20 13:31:22
227295703260,2JPWQViiPzgk7YPNmYMU6J,Unused Maxitwilly Red x Pink Accent Color for Cold Protection Sunshade,2026-04-11T03:18:52.000Z,,429.99,0,2026-04-20 13:31:22
227295703710,2JPXxwzSnMHHXKTnLFVYcN,HERMES Scarf Twilly,2026-04-11T03:19:42.000Z,,429.99,0,2026-04-20 13:31:22
227295704236,2JPYgnvJSC3L9L7BNrwuYy,Louis Vuitton Long Wallet Zippy Wallet Vertical Monogram Denim NIGO×LV,2026-04-11T03:20:49.000Z,,759.99,0,2026-04-20 13:31:22
227295704730,2JPYMFbEnz8VyUGVvZag9K,HERMES Carre 90 Scarf Bandana Tanzania Wildlife Beige,2026-04-11T03:21:29.000Z,,529.99,0,2026-04-20 13:31:22
227295704928,2JPYtcXGzTSqsVDQiRxBS4,HERMES Card Case Calvi Duo,2026-04-11T03:21:41.000Z,,769.99,0,2026-04-20 13:31:22
227296403739,m47462846199,Louis Vuitton Damier Graphite Zippy Dronne Second Clutch Black,2026-04-11T16:54:25.000Z,,669.99,0,2026-04-20 13:31:22
227296404025,m83277582064,Louis Vuitton Monogram Vernis Zippy Coin Purse Wallet Red,2026-04-11T16:54:47.000Z,,529.99,0,2026-04-20 13:31:22
227296405852,m48053287765,Louis Vuitton ZOE Empreinte Compact Wallet Turbotrail,2026-04-11T16:56:12.000Z,,529.99,0,2026-04-20 13:31:22
227296406618,m51428288813,Louis Vuitton LV × TM Portemonnaie Rosalie New Unused,2026-04-11T16:56:37.000Z,,799.99,0,2026-04-20 13:31:22
227296407418,m48171785384,GUCCI Heart Bi-Fold Wallet,2026-04-11T16:57:30.000Z,,539.99,0,2026-04-20 13:31:22
227296408182,m57801405807,Louis Vuitton Trousseau Portefeuille Capucines Compact Tri-Fold Wallet,2026-04-11T16:58:37.000Z,,429.99,0,2026-04-20 13:31:22
227296409185,m58262501268,Louis Vuitton Porte-Feuille Victoriine Monogram Rose Ballerine Tri-Fold Wallet,2026-04-11T16:59:22.000Z,,399.99,0,2026-04-20 13:31:22
227296409374,m62812952677,LOUIS VUITTON Vernis Line Porte-Documents Victoire Wallet,2026-04-11T16:59:38.000Z,,349.99,0,2026-04-20 13:31:22
227296409729,m48325128174,PRADA Saffiano Leather Card Case Triangle Logo Black with NFC Complete Set,2026-04-11T17:00:02.000Z,,529.99,1,2026-04-20 13:31:22
227296410050,m48041628333,Dior Key Case Oblique with Box and Ribbon,2026-04-11T17:00:22.000Z,,529.99,0,2026-04-20 13:31:22
227296410885,m63577224442,Louis Vuitton Vivienne Wallet Monogram Brown Trim Excellent Box,2026-04-11T17:00:52.000Z,,719.99,0,2026-04-20 13:31:22
227296412199,m68031421837,Louis Vuitton Damier Lou Red Compact Bifold Wallet Excellent Condition,2026-04-11T17:01:49.000Z,,569.99,0,2026-04-20 13:31:22
227296412451,m50565797346,LOEWE Anagram Long Wallet 19x9cm Leather Brown Good Condition No Coin Pocket,2026-04-11T17:02:15.000Z,,409.99,0,2026-04-20 13:31:22
227296412980,m72543980095,Louis Vuitton IC Chip Wallet Victorine Compact Monogram Reverse,2026-04-11T17:03:10.000Z,,799.99,0,2026-04-20 13:31:22
227296413184,m52489469611,HERMES Faubourg Stamp Lover Scarf Silk Twill 90cm New,2026-04-11T17:03:40.000Z,,699.99,0,2026-04-20 13:31:22
227296413396,m52938413645,Louis Vuitton Mahina Zippy Wallet Gare Beige Long Wallet,2026-04-11T17:04:05.000Z,,539.99,0,2026-04-20 13:31:22
227296413672,m53190542180,Current CHANEL Classic Caviar Skin Fold Wallet White,2026-04-11T17:04:35.000Z,,729.99,0,2026-04-20 13:31:22
227296413838,m53614685991,Louis Vuitton Damier Azur Zippy Wallet Long Wallet N64615,2026-04-11T17:04:58.000Z,,609.99,0,2026-04-20 13:31:22
227296414041,m75102041505,Louis Vuitton Bi-fold Wallet Viennois Vernis Red,2026-04-11T17:05:22.000Z,,529.99,0,2026-04-20 13:31:22
227296414196,m54028064976,Azaap Compact Silk-In Wallet,2026-04-11T17:05:42.000Z,,529.99,0,2026-04-20 13:31:22
227296414404,m54464533794,Rare Louis Vuitton Damier Graphite Brother Bordeaux Red Bi-Fold Long Wallet,2026-04-11T17:06:08.000Z,,529.99,0,2026-04-20 13:31:22
227296414713,m75554250055,Louis Vuitton Portefeuille Juliette Monogram Folding Wallet M69432,2026-04-11T17:06:32.000Z,,559.99,0,2026-04-20 13:31:22
227296415158,m77980569928,LOUIS VUITTON Porte-Documents Victoire Wallet,2026-04-11T17:06:55.000Z,,419.99,0,2026-04-20 13:31:22
227296415878,m84096931604,Louis Vuitton Metis Compact,2026-04-11T17:08:00.000Z,,529.99,0,2026-04-20 13:31:22
227296416230,m55822602899,Louis Vuitton Long Wallet Navy Leather,2026-04-11T17:08:41.000Z,,719.99,0,2026-04-20 13:31:22
227296416739,m88981406166,Louis Vuitton Black Tri-Fold Wallet,2026-04-11T17:09:34.000Z,,439.99,0,2026-04-20 13:31:22
227296417088,m90169419018,LOUIS VUITTON LV Vertical Compact Wallet,2026-04-11T17:09:56.000Z,,879.99,0,2026-04-20 13:31:22
227296417277,m95041077009,Louis Vuitton Multi-Color Wallet White Canvas Excellent Condition No Accessories,2026-04-11T17:10:15.000Z,,529.99,0,2026-04-20 13:31:22
227296417822,m97223499059,Louis Vuitton Monogram Portefeuille Palas Compact Wallet,2026-04-11T17:11:02.000Z,,529.99,0,2026-04-20 13:31:22
227296418154,2JPe8PGcwW4EUUCFHZ3nL5,Louis Vuitton Wallet Porte-Monnaie Rosalie Spring Green Monogram Mini Wallet,2026-04-11T17:11:40.000Z,,529.99,0,2026-04-20 13:31:22
227296418433,m57750363373,LOUIS VUITTON Porte-Feuille Multiple Damier Graphite,2026-04-11T17:12:01.000Z,,589.99,0,2026-04-20 13:31:22
227296418682,m59229415090,Louis Vuitton Epi Zippy Wallet Long Wallet for Women Rose Ponder Cherry,2026-04-11T17:12:25.000Z,,529.99,0,2026-04-20 13:31:22
227296418995,m60444236998,Louis Vuitton Damier Graphite Portefeuille Marco Folding Wallet Cobalt,2026-04-11T17:12:47.000Z,,419.99,0,2026-04-20 13:31:22
227296419391,m57641420919,Celine Triomphe Compact Wallet Leather Red,2026-04-11T17:13:06.000Z,,669.99,0,2026-04-20 13:31:22
227296419700,m57730767678,Louis Vuitton Zippy Wallet Epi Electric Long Wallet with Box Excellent Condition,2026-04-11T17:13:32.000Z,,379.99,0,2026-04-20 13:31:22
227296419882,m59055787122,New Unused HERMES Silk Scarf Carre 90 AUX CHAMPS D624,2026-04-11T17:13:56.000Z,,459.99,0,2026-04-20 13:31:22
227296420139,m61179330677,LOUIS VUITTON Damier Zippy Wallet with Serial Number,2026-04-11T17:14:17.000Z,,429.99,0,2026-04-20 13:31:22
227296421127,m61234778660,Louis Vuitton Zippy Wallet Retiro Monogram New Model Wallet,2026-04-11T17:14:44.000Z,,529.99,0,2026-04-20 13:31:22
227296422551,m65270939328,Louis Vuitton Monogram Retiro Zippy Wallet Long Wallet Brown Red Excellent,2026-04-11T17:15:12.000Z,,409.99,0,2026-04-20 13:31:22
227296423646,m66530777219,Louis Vuitton M80465 Folding Wallet Long Wallet Brothers Watercolor,2026-04-11T17:15:39.000Z,,649.99,0,2026-04-20 13:31:22
227296425262,m70724610612,Louis Vuitton Retiro Zippy Wallet Monogram Black,2026-04-11T17:16:28.000Z,,529.99,0,2026-04-20 13:31:22
227296427786,m73512664725,Louis Vuitton Mahina Portefeuille Amélia Noir Long Wallet,2026-04-11T17:17:17.000Z,,529.99,0,2026-04-20 13:31:22
227296429687,m60573891877,Louis Vuitton Zippy Wallet Damier Cobalt Camouflage Long Wallet Men’s,2026-04-11T17:18:28.000Z,,599.99,0,2026-04-20 13:31:22
227296430909,m61002726583,HERMES Large Silk Scarf Carré 90 Ciels Byzantins D625 New Unused,2026-04-11T17:19:17.000Z,,489.99,0,2026-04-20 13:31:22
227296431712,m62276684910,Chanel Long Wallet Caviar Quilted Black Beautiful Condition,2026-04-11T17:19:59.000Z,,529.99,0,2026-04-20 13:31:22
227296432938,m83786146893,Louis Vuitton Monogram Zippy Wallet Retiro Long Wallet,2026-04-11T17:21:19.000Z,,419.99,0,2026-04-20 13:31:22
227296433249,m84295727298,Louis Vuitton Epi Leather Portefeuille Twist Long Wallet Black,2026-04-11T17:21:41.000Z,,869.99,0,2026-04-20 13:31:22
227296433855,m47514746302,PRADA Trick Robot Dracula Key Holder Black,2026-04-11T17:22:15.000Z,,619.99,1,2026-04-20 13:31:22
227296434399,m85055119914,New Louis Vuitton Monogram Portefeuille Sarah Long Wallet New Type Two-fold,2026-04-11T17:22:44.000Z,,789.99,0,2026-04-20 13:31:22
227296434651,m63562663632,PRADA Folded Wallet Softlux Leather,2026-04-11T17:23:04.000Z,,779.99,0,2026-04-20 13:31:22
227296435001,m64126696677,Bottega Veneta Intrecciato Card Case - Rare Color - Excellent Condition,2026-04-11T17:23:34.000Z,,529.99,0,2026-04-20 13:31:22
227296435285,m85293863967,Louis Vuitton Monogram Portefeuille Sarah Emprunt Long Wallet Beige,2026-04-11T17:23:57.000Z,,529.99,0,2026-04-20 13:31:22
227296435903,m90411560071,Louis Vuitton Long Wallet Epi Zippy Wallet Pink with Box,2026-04-11T17:24:44.000Z,,539.99,0,2026-04-20 13:31:22
227296436612,m64452555498,HERMES Scarf Blue & Yellow Spring/Summer Shawl,2026-04-11T17:25:04.000Z,,619.99,0,2026-04-20 13:31:22
227296436945,m65125691618,Hermès Scarf Carre 90 Tanzania,2026-04-11T17:25:21.000Z,,459.99,0,2026-04-20 13:31:22
227296437398,m67230895773,Certified Excellent Condition Louis Vuitton Dandy Wallet Clutch Bag Black,2026-04-11T17:25:54.000Z,,619.99,0,2026-04-20 13:31:22
227296437835,m67620333936,Unused *Prada* 6 Key Case Bicolor,2026-04-11T17:26:24.000Z,,409.99,0,2026-04-20 13:31:22
227296438471,m91221453441,Louis Vuitton Capucines Long Wallet Black,2026-04-11T17:27:20.000Z,,529.99,0,2026-04-20 13:31:22
227296440109,m69107537426,Good Condition Louis Vuitton Monogram Shadow Brothers Long Wallet M62900,2026-04-11T17:29:10.000Z,,529.99,0,2026-04-20 13:31:22
227296441317,m70226590432,HERMÈS Silk Scarf 90cm,2026-04-11T17:30:43.000Z,,489.99,0,2026-04-20 13:31:22
227296442031,m70994024337,GUCCI Mini Wallet Marmont Double G Quilting S Rank with Box,2026-04-11T17:31:12.000Z,,529.99,0,2026-04-20 13:31:22
227296442761,2JPAtbvyxS2DtZ563aJbaj,Louis Vuitton Capucines Compact Tri-fold Wallet with RFID - Excellent Condition,2026-04-11T17:32:03.000Z,,609.99,0,2026-04-20 13:31:22
227296443158,2JPBLunYK7jnQyabsin3SG,Louis Vuitton Portefeuille Lock Mini Tri-Fold Wallet M63921 Black RFID,2026-04-11T17:32:41.000Z,,529.99,0,2026-04-20 13:31:22
227296443713,2JPgRx7r65bwUqRvUVhNZj,LOUIS VUITTON Monogram Empreinte Bi-Color Black Compact Wallet,2026-04-11T17:33:15.000Z,,879.99,0,2026-04-20 13:31:22
227296443942,m71319202126,Hermès Calvi Verso Card Case Business Card Holder with Box B Stamp,2026-04-11T17:33:42.000Z,,529.99,0,2026-04-20 13:31:22
227296444094,m71530061877,HERMÈS CASSE NOISETTE Scarf 90cm Silk Multi Color Excellent Condition,2026-04-11T17:33:59.000Z,,449.99,0,2026-04-20 13:31:22
227296444393,m72068147216,Louis Vuitton Monogram Shadow Brother Long Wallet RFID M62900,2026-04-11T17:34:38.000Z,,689.99,0,2026-04-20 13:31:22
227296444535,m72226424526,HERMES Scarf Carre 90 LA PROMENADE DE LONGCHAMPS,2026-04-11T17:35:00.000Z,,439.99,0,2026-04-20 13:31:22
227296444964,m73761224804,HERMES Sac Oran Nano Charm Strap Nata,2026-04-11T17:35:59.000Z,,579.99,0,2026-04-20 13:31:22
227296445141,m75099564301,Louis Vuitton Epi Zippy Wallet Noir with RFID - Excellent Condition,2026-04-11T17:36:22.000Z,,569.99,0,2026-04-20 13:31:22
227296445327,m75281807076,Louis Vuitton Long Wallet Multi-Color White Leather Excellent Condition,2026-04-11T17:36:40.000Z,,589.99,0,2026-04-20 13:31:22
227296445785,m77307651076,LOUIS VUITTON Damier Graphite Envelope Card Case,2026-04-11T17:37:01.000Z,,529.99,0,2026-04-20 13:31:22
227296446623,m81012936632,HERMÈS Cashmere 100% Stole Blanket,2026-04-11T17:38:08.000Z,,589.99,0,2026-04-20 13:31:22
227296447299,m71918120129,Celine Triomphe Macadam Compact Wallet 1126,2026-04-11T17:39:05.000Z,,529.99,0,2026-04-20 13:31:22
227296447714,m81600957940,Louis Vuitton Empreinte Zippy Wallet in Excellent Condition,2026-04-11T17:39:47.000Z,,529.99,0,2026-04-20 13:31:22
227296448408,m82945392605,HERMES Arne De Coeur Scarf Silk Blue 90cm Daisuke Nomura France NWOT,2026-04-11T17:40:05.000Z,,799.99,0,2026-04-20 13:31:22
227296448656,m86588564175,Louis Vuitton Damier Pattern Long Wallet Black,2026-04-11T17:40:26.000Z,,529.99,0,2026-04-20 13:31:22
227296449636,m95601913962,"HERMES Keychain - Brand New, Unused",2026-04-11T17:41:48.000Z,,489.99,0,2026-04-20 13:31:22
227296450606,m96354369422,Unused Louis Vuitton New Portefeuille Braz Epi Black Business,2026-04-11T17:42:42.000Z,,529.99,0,2026-04-20 13:31:22
227296451218,m98398522008,Rare✨Beautiful✨HERMES Carré 70 POIS de SOIE,2026-04-11T17:43:04.000Z,,459.99,0,2026-04-20 13:31:22
227296451827,2JJVgvDDpfpF4FeMcH5KAt,HERMES Sequences Carre 90 Silk Scarf Orange/Black Excellent w/ Case,2026-04-11T17:43:42.000Z,,409.99,0,2026-04-20 13:31:22
227296452226,2JJVh8M6eJ54A8SpNMrhmP,HERMES L'Ile Deserte Scarf 90cm Silk Beige Deserted Island A,2026-04-11T17:44:25.000Z,,409.99,1,2026-04-20 13:31:22
227296452471,2JJVhBwGN3Ys6PbnrQ9USE,HERMES Au Coeur Des Bois Scarf 90 Silk Sheer Green A Condition,2026-04-11T17:45:01.000Z,,409.99,0,2026-04-20 13:31:22
227296453061,2JJYRehDQjCgGrV2nJkKay,LOUIS VUITTON Damier Portefeuille Multiple Long Wallet N62663 Men's Used,2026-04-11T17:45:42.000Z,,579.99,0,2026-04-20 13:31:22
227296453689,m72138314398,CHANEL Long Wallet Caviar Skin Pink Matelassé w/ Box & Pouch Mint Condition,2026-04-11T17:46:36.000Z,,739.99,0,2026-04-20 13:31:22
227296453900,2JKKQbku4XRiRW3irUN7LP,HERMÈS Les Zebres Bandana 87cm Silk Navy/White Good Used Box Included,2026-04-11T17:47:05.000Z,,449.99,0,2026-04-20 13:31:22
227296454129,2JKKQPnK3MoD62FQYo6TDN,HERMÈS Carré 70 Silk Scarf Candy Libris Blue Multi Color Used Box Included,2026-04-11T17:47:37.000Z,,649.99,0,2026-04-20 13:31:22
227296454372,2JKKQTgDpHChq8vErQ3ZqJ,HERMÈS La Patisserie Francaise Twilly 5x86cm Silk Black/Multi Excellent Box/Tag,2026-04-11T17:48:14.000Z,,589.99,0,2026-04-20 13:31:22
227296455502,2JNv8Mm5EQjyopzhvYXcaX,Louis Vuitton Monogram Origin Card Case Port Cart Sample M27754,2026-04-11T17:49:22.000Z,,539.99,0,2026-04-20 13:31:22
227296455905,m72370331058,Gucci Coin Case White New Unused Cute,2026-04-11T17:50:23.000Z,,529.99,0,2026-04-20 13:31:22
227296456190,2JPfbK7Pd4stSDbJsx4Kds,Hermès Kachinas Silk Scarf 90cm Blue Indian Guardian Spirit,2026-04-11T17:51:00.000Z,,869.99,0,2026-04-20 13:31:22
227296456617,2JPfggFD8WDz6W3sKDAF6Q,Louis Vuitton Monogram Porte- monnaie Sarah Retiro Excellent Condition,2026-04-11T17:51:33.000Z,,529.99,0,2026-04-20 13:31:22
227296456979,m72182939074,Saint Laurent Round Zip Long Wallet Cassandra Shadow Calf Key Case,2026-04-11T17:52:12.000Z,,429.99,0,2026-04-20 13:31:22
227296457299,m24834074927,LOEWE Coin Purse Card Case for Ladies Brown系,2026-04-11T17:52:36.000Z,,529.99,0,2026-04-20 13:31:22
227296457509,m72214518100,PRADA Two-Fold Wallet Black/Blue/Green,2026-04-11T17:52:53.000Z,,529.99,0,2026-04-20 13:31:22
227296457746,m72228228382,CHANEL Boy Compact Wallet Caviar Skin Purple Nearly New Box/Card,2026-04-11T17:53:16.000Z,,879.99,1,2026-04-20 13:31:22
227296458163,2JKidCxCYqYcWunv5naStN,HERMES Bastia Coin Case B Stamp 2023 Made Leather Card Case Box Unused,2026-04-11T17:53:56.000Z,,529.99,0,2026-04-20 13:31:22
227296458564,2JPfhsU9QEyqG35YGaP7c8,Louis Vuitton Monogram Empreinte Portefeuille Long Wallet Noir 5027,2026-04-11T17:54:35.000Z,,529.99,0,2026-04-20 13:31:22
227296459391,m72353281534,CHANEL Matelasse Wallet Silver Metallic Coco Mark Used W/ Card,2026-04-11T17:55:03.000Z,,529.99,0,2026-04-20 13:31:22
227296459725,m72385011645,Last 1 [New] Burberry Logo Round Zip Long Wallet Unisex Black,2026-04-11T17:55:25.000Z,,579.99,0,2026-04-20 13:31:22
227296460069,m72397675984,LOEWE Trifold Wallet Anagram Blue Type,2026-04-11T17:55:51.000Z,,529.99,0,2026-04-20 13:31:22
227296461541,m72417890664,CELINE Beige Tri-Fold Wallet,2026-04-11T17:58:05.000Z,,529.99,0,2026-04-20 13:31:22
227296462102,2JPfvq3nY2ufQ8VPnGz9qF,Louis Vuitton Long Wallet Organizer Insolite Monogram Travel Case Unisex M66566,2026-04-11T17:59:09.000Z,,879.99,0,2026-04-20 13:31:22
227296462397,2JPfWjGQSvPR5mQbRQHQA2,Louis Vuitton Long Wallet Taiga/V Shape Portefeuille Braz M30791 Wallet Men,2026-04-11T17:59:40.000Z,,599.99,0,2026-04-20 13:31:22
227296462809,2JPfwMCwXHXh9hqvnZhEep,Hermès Scarf Carré 90 Red Navy Feather and Bell Excellent Condition,2026-04-11T18:00:20.000Z,,609.99,0,2026-04-20 13:31:22
227296488898,m73828517274,Gucci Mini Wallet GG Line Brown Black Leather New No Box,2026-04-11T18:25:26.000Z,,529.99,0,2026-04-20 13:31:22
227296489688,m73876862209,Bottega Veneta Maxi Intrecciato Long Wallet Folding Black,2026-04-11T18:26:08.000Z,,529.99,0,2026-04-20 13:31:22
227296490040,m73948171732,CHANEL Matelasse Bifold Wallet Lambskin Black Used 10x15cm No Box,2026-04-11T18:26:33.000Z,,529.99,1,2026-04-20 13:31:22
227296490510,m74033874346,PRADA Trifold Wallet Vite Daino Beige Pink Beige Wallet,2026-04-11T18:27:12.000Z,,419.99,0,2026-04-20 13:31:22
227296492051,m74095802092,CHANEL Scarf COCO Mark Camellia Pattern White×Black,2026-04-11T18:28:22.000Z,,609.99,0,2026-04-20 13:31:22
227296492420,2JPh9TjAbk3C4pGFF4KSCu,Louis Vuitton Vernis Envelope Carte de Visite M91409 Card Case,2026-04-11T18:29:01.000Z,,419.99,0,2026-04-20 13:31:22
227296492999,m74209501200,LOEWE AQS26 Excellent Condition Linen Round Zipper Long Wallet with Box & Bag,2026-04-11T18:29:50.000Z,,529.99,0,2026-04-20 13:31:22
227296493167,m74232985066,Unused Dior Oblique Galaxy Long Wallet,2026-04-11T18:30:09.000Z,,529.99,0,2026-04-20 13:31:22
227296493452,m74316603302,HERMES Azap Silk-In Long Etoupe,2026-04-11T18:30:29.000Z,,579.99,0,2026-04-20 13:31:22
227296494298,m74366179337,CHANEL Matelassé Wallet 19cm Patent Leather Black Coco Mark AA Box,2026-04-11T18:31:05.000Z,,539.99,0,2026-04-20 13:31:22
227296494510,m74388879737,GUCCI Long Wallet Turn Lock Folded Black GG with Box S Rank,2026-04-11T18:31:31.000Z,,529.99,0,2026-04-20 13:31:22
227296520742,m76856692510,CHANEL Pink Scarf with Logo and Icon Print,2026-04-11T19:02:24.000Z,,819.99,0,2026-04-20 13:31:22
227296523655,m76943793840,CHANEL Classic Coin Purse 7.5cm Caviar Leather Gray SA Condition,2026-04-11T19:04:32.000Z,,759.99,0,2026-04-20 13:31:22
227296524260,m76980366085,Gucci Marmont Mini Wallet 8.5x11cm Leather Black Gold V-Stitch New Boxed,2026-04-11T19:05:02.000Z,,529.99,0,2026-04-20 13:31:22
227296524991,m76997905680,New Unused GUCCI Mini Wallet GG Line GG Pattern Marmont Round,2026-04-11T19:05:40.000Z,,409.99,0,2026-04-20 13:31:22
227296526424,m77102875644,PRADA Black Folding Wallet,2026-04-11T19:07:07.000Z,,989.99,0,2026-04-20 13:31:22
227296527507,m77221926152,CHANEL Mini Wallet Gold Leather Elegant Bifold w/ Card & Bag - Good Condition,2026-04-11T19:08:35.000Z,,529.99,0,2026-04-20 13:31:22
227296528482,m77352151997,GUCCI Long Wallet GG Marmont Quilted Bifold New Unused,2026-04-11T19:09:13.000Z,,529.99,0,2026-04-20 13:31:22
227296528720,m77474164057,FENDI FF Diamond Card Case Brown & Beige,2026-04-11T19:09:41.000Z,,449.99,0,2026-04-20 13:31:22
227296529939,m77624408096,GUCCI Red Leather Long Wallet,2026-04-11T19:11:16.000Z,,529.99,0,2026-04-20 13:31:22
227296536242,GVxGiLVv7Qjm4d9UeenMXY,Unused HERMES 25SS Gavroche Twill Carrick à Pompe Silk Scarf with Box,2026-04-11T19:18:52.000Z,,429.99,0,2026-04-20 13:31:22
227296537130,gWydE3KpQVsE7ewmFWP3Gk,Unused HERMES Scarf 90 Galons et Brandebourgs Silk 100% Boxed France,2026-04-11T19:19:39.000Z,,599.99,0,2026-04-20 13:31:22
227296537459,m28174815010,Louis Vuitton Fragment Case,2026-04-11T19:20:05.000Z,,429.99,0,2026-04-20 13:31:22
227296537695,m40215319758,Excellent Condition Louis Vuitton LV Facette Key Holder Bag Charm,2026-04-11T19:20:21.000Z,,429.99,0,2026-04-20 13:31:22
227296537939,m18975205218,New Unused ♪ Price Reduced Re-listed ♪ Yayoi Kusama Bandou Face M78313,2026-04-11T19:20:40.000Z,,489.99,0,2026-04-20 13:31:22
227296538483,m42093413025,Louis Vuitton Collaboration Takashi Murakami Bandana Scarf Handkerchief Sakura,2026-04-11T19:21:06.000Z,,519.99,1,2026-04-20 13:31:22
227296538982,m60787625829,Beautiful Louis Vuitton Cashmere Stole Camel,2026-04-11T19:21:24.000Z,,889.99,0,2026-04-20 13:31:22
227296540269,m41775697406,Louis Vuitton Maltage Rosalie Wallet Lambskin Black Unused Dust Bag,2026-04-11T19:22:09.000Z,,839.99,0,2026-04-20 13:31:22
227296540591,m45389754649,LOUIS VUITTON Damier Zippy Wallet Coin Purse N63070,2026-04-11T19:22:27.000Z,,409.99,0,2026-04-20 13:31:22
227296540955,m53139868544,Louis Vuitton Empreinte Compact Wallet Noir Leather A Rank Box Dustbag,2026-04-11T19:22:47.000Z,,719.99,0,2026-04-20 13:31:22
227296541326,m26129543132,Louis Vuitton Monogram Empreinte Clemence Long Wallet Black,2026-04-11T19:23:08.000Z,,529.99,0,2026-04-20 13:31:22
227296542360,m19388541103,LOUIS VUITTON Monogram Folded Wallet,2026-04-11T19:24:10.000Z,,709.99,0,2026-04-20 13:31:22
227296542809,m13016489320,Louis Vuitton M69142 Monogram Empreinte Round Zipper Long Wallet,2026-04-11T19:24:43.000Z,,529.99,0,2026-04-20 13:31:22
227296543553,m32913993021,LOUIS VUITTON Capucines Wallet XS,2026-04-11T19:25:29.000Z,,529.99,0,2026-04-20 13:31:22
227296543692,m55898547622,LOUIS VUITTON Monogram Shawl Pink,2026-04-11T19:25:47.000Z,,709.99,0,2026-04-20 13:31:22
227296543983,m18899891715,Louis Vuitton Portefeuille Clemence Damier Ebene Unused Storage Item,2026-04-11T19:26:06.000Z,,629.99,0,2026-04-20 13:31:22
227296544327,m19274285105,Louis Vuitton Empreinte Long Wallet Pink Monogram Rose Ballerine Box Bag,2026-04-11T19:26:34.000Z,,579.99,1,2026-04-20 13:31:22
227296544522,m24302860180,Louis Vuitton Discovery Compact Wallet Leather Three-Fold,2026-04-11T19:26:52.000Z,,529.99,0,2026-04-20 13:31:22
227296544870,m29640180084,Louis Vuitton Monogram Empreinte Folding Wallet Portefeuille Victoire,2026-04-11T19:27:11.000Z,,529.99,0,2026-04-20 13:31:22
227296545364,m31256826882,Louis Vuitton Portefeuille Juliette Medium Monogram Canvas Brown Good Condition,2026-04-11T19:27:40.000Z,,549.99,0,2026-04-20 13:31:22
227296545918,m42574750980,Louis Vuitton Damier Tri-Fold Wallet,2026-04-11T19:28:04.000Z,,569.99,0,2026-04-20 13:31:22
227296546322,m43328314128,Louis Vuitton Monogram Long Wallet Excellent Condition,2026-04-11T19:28:19.000Z,,529.99,0,2026-04-20 13:31:22
227296546840,m45054326265,Louis Vuitton Pont Neuf Compact Wallet Black Leather Gold Trim Boxed,2026-04-11T19:28:42.000Z,,529.99,0,2026-04-20 13:31:22
227296547305,m50610865225,Louis Vuitton Empreinte Zippy Wallet Marine Rouge,2026-04-11T19:29:06.000Z,,529.99,0,2026-04-20 13:31:22
227296547758,m54463170261,Louis Vuitton Mahina Portefeuille Iris,2026-04-11T19:29:27.000Z,,419.99,0,2026-04-20 13:31:22
227296548333,m52737653225,Louis Vuitton Long Wallet Noir Leather Monogram Excellent Condition Box Included,2026-04-11T19:30:06.000Z,,889.99,0,2026-04-20 13:31:22
227296548752,m25396684340,HERMES Constellation and Sun Motif Scarf,2026-04-11T19:30:21.000Z,,429.99,0,2026-04-20 13:31:22
227296549245,m28554748274,HERMES Coin Case Bastia Epsom Etoupe B Stamp HERMES Coin Purse,2026-04-11T19:30:49.000Z,,529.99,0,2026-04-20 13:31:22
227296550249,m29540610460,HERMES Béarn Long Wallet Blue,2026-04-11T19:31:03.000Z,,689.99,2,2026-04-20 13:31:22
227296550584,m31542297816,Hermès Beginning of Song Silk Scarf New,2026-04-11T19:31:24.000Z,,639.99,0,2026-04-20 13:31:22
227296551032,m32809614280,Hermès Carre 90 Riding Equipment Set Scarf Silk with Tag,2026-04-11T19:31:55.000Z,,579.99,0,2026-04-20 13:31:22
227296551451,m33111035036,"New, Unused HERMES Key Holder Key Ring",2026-04-11T19:32:18.000Z,,879.99,0,2026-04-20 13:31:22
227296551735,m34932669203,Hermès Patterned Long Stole Large Shawl H Pattern Scarf Logo,2026-04-11T19:32:37.000Z,,479.99,0,2026-04-20 13:31:22
227296552125,m34940120546,Rare Unused Hermès BELOVED INDIA Scarf 90 cm,2026-04-11T19:32:59.000Z,,819.99,0,2026-04-20 13:31:22
227296552429,m35707040806,Extremely Rare New Unused Hermès Twilly Up Leopard Dot Monochrome Black White,2026-04-11T19:33:15.000Z,,709.99,0,2026-04-20 13:31:22
227296552857,m39346252226,Hermès Card Case Poisson,2026-04-11T19:33:33.000Z,,789.99,0,2026-04-20 13:31:22
227296553096,m40459751447,HERMES Kanade Charm Sky Blue,2026-04-11T19:33:46.000Z,,429.99,0,2026-04-20 13:31:22
227296553580,m41248386792,New Unused HERMES Twilly Multicolor Scarf Navy,2026-04-11T19:34:03.000Z,,819.99,0,2026-04-20 13:31:22
227296554338,m44449637150,HERMES Scarf Carre 70,2026-04-11T19:34:28.000Z,,699.99,0,2026-04-20 13:31:22
227296556030,m46188452067,Louis Vuitton Monogram Shadow Zippy Wallet Vertical Black,2026-04-11T19:34:50.000Z,,529.99,0,2026-04-20 13:31:22
227296556946,m47414802082,HERMES Twilly Fleurs et Papillons de Tissus Blue Scarf,2026-04-11T19:35:02.000Z,,439.99,0,2026-04-20 13:31:22
227296557682,m47141126646,HERMES Scarf Excellent Condition Bandana,2026-04-11T19:35:17.000Z,,459.99,0,2026-04-20 13:31:22
227296560028,m49670199291,Unused Paper Tag Hermes Silk Scarf Kare 90 Sarasa Art Kimono,2026-04-11T19:35:37.000Z,,739.99,0,2026-04-20 13:31:22
227296560690,m50112787478,Louis Vuitton Monogram Macassar Zippy Dragonne Long Wallet M69407,2026-04-11T19:35:59.000Z,,749.99,0,2026-04-20 13:31:22
227296560914,m50755401571,Rare Unused HERMES Scarf Bubble Dance Carre 90 with Box,2026-04-11T19:36:19.000Z,,729.99,0,2026-04-20 13:31:22
227296561072,m51439375131,HERMES Carriage Transition Scarf Silk Blue,2026-04-11T19:36:34.000Z,,599.99,0,2026-04-20 13:31:22
227296561856,m57229899582,Hermès Scarf Ring HERMES Chaîne d'Ancre,2026-04-11T19:37:14.000Z,,519.99,0,2026-04-20 13:31:22
227296562277,m57359319304,New Unused HERMES Twilly Multicolor Scarf Pink,2026-04-11T19:37:32.000Z,,709.99,1,2026-04-20 13:31:22
227296562624,m58336501989,HERMES Twilly Baguette 50 Silk Navy Spring Floral Unused with Tags,2026-04-11T19:37:46.000Z,,419.99,0,2026-04-20 13:31:22
227296563158,m61507978160,HERMÈS Twilly 2025 New 100% Silk Multicolor Brand New w/ Tags,2026-04-11T19:38:25.000Z,,469.99,0,2026-04-20 13:31:22
227296563369,m63403017106,Hermès Calvi Duo Verso Yellow Green Nat Rare Nearly Unused,2026-04-11T19:38:42.000Z,,549.99,0,2026-04-20 13:31:22
227296563716,m64761987688,HERMES Chevaloscope Scarf Carre 90 Silk Twill Green Coral Blue France,2026-04-11T19:38:58.000Z,,829.99,0,2026-04-20 13:31:22
227296563912,m79194022570,HERMES Calvi Duo Brown Card Case Brand New Unused,2026-04-11T19:39:20.000Z,,689.99,0,2026-04-20 13:31:22
227296564260,m80859345235,HERMES Coin Wallet Leather Blue Plain Unused with Box,2026-04-11T19:39:37.000Z,,529.99,0,2026-04-20 13:31:22
227296564633,m83543492892,Hermes Long Wallet Vauvert Epsom Azap Long Silk In Orange 2250,2026-04-11T19:40:04.000Z,,429.99,0,2026-04-20 13:31:22
227296564811,m84051747512,HERMES Card Case Name Card Holder Calvi Black Green Rare Color,2026-04-11T19:40:21.000Z,,719.99,0,2026-04-20 13:31:22
227296565575,hi5Xp2hFZYWbKgKKxobzua,LOUIS VUITTON Virgil Abloh Porte-Feuille Brothers Long Wallet France Made,2026-04-11T19:41:14.000Z,,559.99,0,2026-04-20 13:31:22
227296565842,m85512900255,HERMES Dogon Wallet Chevre Everpink Excellent Condition,2026-04-11T19:41:35.000Z,,529.99,0,2026-04-20 13:31:22
227296566206,m86786233930,Hermès Unused Calvi U Stamp (2022) Coin Case,2026-04-11T19:41:57.000Z,,609.99,0,2026-04-20 13:31:22
227296566601,m88378387459,HERMÈS Béarn Classic Long Wallet 17.5cm Grey Gold Hardware A Rank,2026-04-11T19:42:38.000Z,,539.99,0,2026-04-20 13:31:22
227296566801,m88757692649,HERMÈS CALVI Card Case White W Stamp New with Accessories,2026-04-11T19:42:53.000Z,,649.99,0,2026-04-20 13:31:22
227296567075,m89318338314,HERMES Azap Long Wallet Silk In Excellent Condition Round Zip,2026-04-11T19:43:16.000Z,,529.99,0,2026-04-20 13:31:22
227296567274,m90013166949,Brand New Hermes Calvi with Box,2026-04-11T19:43:32.000Z,,639.99,0,2026-04-20 13:31:22
227296567573,m90894879067,HERMES Dogon Long Wallet Togo Leather Red w/ Box Excellent Condition,2026-04-11T19:43:51.000Z,,529.99,0,2026-04-20 13:31:22
227296567913,hvHSwZTZmc7MDbV8VDUos8,LOUIS VUITTON Damier Graphite Zippy Wallet Vertical N63095 Long Wallet,2026-04-11T19:44:21.000Z,,699.99,0,2026-04-20 13:31:22
227296568693,m94310638035,Rare Hermès Azap All-Leather Black Bicolor,2026-04-11T19:45:22.000Z,,789.99,0,2026-04-20 13:31:22
227296569380,m98822782933,Authentic Hermes Long Wallet for Women Evelyne Azap Long Pink Logo Leather,2026-04-11T19:46:14.000Z,,759.99,0,2026-04-20 13:31:22
227296569587,2JFzZk2foNWw79HkeTFPXu,HERMES Curnesee Folding Card Case Box Calf Black B Stamp,2026-04-11T19:46:43.000Z,,529.99,0,2026-04-20 13:31:22
227296570184,2JGzVDZamhVapU78PauxAF,"Hermès Azap Silk In Long Wallet with Round Zip, Red, Women's, Unisex",2026-04-11T19:47:31.000Z,,529.99,0,2026-04-20 13:31:22
227296571714,2JL2QvLgYFzqErkxafzT5J,HERMÈS Calvi 10.5x7cm Epson Craie Card Case Unused Boxed,2026-04-11T19:49:46.000Z,,689.99,0,2026-04-20 13:31:22
227296572134,2JPbxC6mWSUcaGK6XrF6Sy,Unused Hermes Calvi 044164CK Card Case,2026-04-11T19:50:38.000Z,,689.99,0,2026-04-20 13:31:22
227296573162,2JPKCuP5whVo6ZDmuWg5Ut,Unused Display Item Hermes Calvi Duo Card Case Business Card Holder U Stamp,2026-04-11T19:51:54.000Z,,719.99,0,2026-04-20 13:31:22
227296574502,2JPT7qbwzfSLYYzw8KbH8u,Hermès ■Unused■ Calvi Duo Card Coin Case Business Card Holder Coin Purse,2026-04-11T19:52:50.000Z,,659.99,0,2026-04-20 13:31:22
227296575097,2JPY4FM9iXj3H3jjZf9hMX,Unused Display Item HERMES Calvi Duo Card Case Business Card Holder Betton W,2026-04-11T19:53:46.000Z,,759.99,0,2026-04-20 13:31:22
227296575571,fmv7zTjrTsBt6ffsKD5EV3,Hermès Card Case Multiplis Black A Stamp,2026-04-11T19:54:37.000Z,,529.99,0,2026-04-20 13:31:22
227296575736,gXhFqTf7yudPuNusSLor3D,HERMES Scarf CARRÉ 90 BRIDES ET GRIS-GRIS aq11050,2026-04-11T19:55:03.000Z,,649.99,0,2026-04-20 13:31:22
227296576339,HUNNTdZSHgrBJrmNAXtXDh,HERMES Scarf Carré 90 HERMES SPORT Unused aq8101,2026-04-11T19:55:42.000Z,,719.99,0,2026-04-20 13:31:22
227296577065,JDCuJn9LeLS47un5hjtQkC,Louis Vuitton Portefeuille Brother Wallet 9.7cm Monogram Eclipse Black Gray,2026-04-11T19:56:32.000Z,,789.99,0,2026-04-20 13:31:22
227296577719,jBJcgPKgCCkzrrjBUrdqDR,HERMES Long Scarf Margiela Era Stole L'INTRUS Intruder Bird,2026-04-11T19:57:11.000Z,,839.99,0,2026-04-20 13:31:22
227296577930,JkxZbkmqYpNjutUocqY7Vf,HERMÈS Calvi Duo Verso Coin Case 10.5x7cm Sheepskin Rouge+Rose New w/Box,2026-04-11T19:57:35.000Z,,839.99,0,2026-04-20 13:31:22
227296578214,jq4o7QnNbNhKKQc5zBHbfd,HERMÈS Azap Wallet 20x10.5cm Leather Purple T Stamp Excellent Box/Card,2026-04-11T19:58:05.000Z,,549.99,0,2026-04-20 13:31:22
227296578428,JRsWmXmNQVxfB8UJWzxmmc,Louis Vuitton M60531 Monogram Wallet Portefeuille Sarah Long Wallet Brown,2026-04-11T19:58:34.000Z,,709.99,0,2026-04-20 13:31:22
227296578702,jybKUkAYB9W6zNtRSUkeBG,Louis Vuitton Portefeuille Emily M68327 Long Wallet Monogram Navy A- Box Charm,2026-04-11T19:59:03.000Z,,799.99,0,2026-04-20 13:31:22
227296580363,JzEvBrLwPnNMD76UnufKGU,Rare HERMES Scarf Carré 70 Regard de Soie 2022 Spring/Summer Collection,2026-04-11T20:01:12.000Z,,589.99,0,2026-04-20 13:31:22
227296580642,K47UjsjyxHvgVbZvdmZwSN,LOUIS VUITTON Wallet Portefeuille Brother Monogram Pastel Black,2026-04-11T20:01:38.000Z,,569.99,0,2026-04-20 13:31:22
227296582866,kHaLoo85UTQUCa8GtdnATe,HERMES Calvi Verso Coin Case Voie Epsom Leather Navy X Stamp,2026-04-11T20:03:27.000Z,,529.99,0,2026-04-20 13:31:22
227296583060,kkqprdiWZt4wGZT2cgEcGT,HERMÈS Carré 110 Cashmere Silk Orange Jacquard Scarf Fringe SA Boxed,2026-04-11T20:03:52.000Z,,559.99,0,2026-04-20 13:31:22
227296583963,kSXva6WHicnar3gLEyenfZ,Used Beautiful Louis Vuitton Vernis Zippy Wallet Leopard A Rank Round Zipper,2026-04-11T20:04:44.000Z,,739.99,0,2026-04-20 13:31:22
227296584161,kqDGXUSjgBdF76iBcXBvYh,HERMÈS Calvi Duo Coin Case 10.5cm Shiny Calf Rose Extreme New with Box,2026-04-11T20:05:11.000Z,,839.99,0,2026-04-20 13:31:22
227296584610,KWrFqjiJvoAZTabDcRkMKc,Louis Vuitton Monogram Eclipse Card Case M12602 6.5x9.5cm Black Unused with,2026-04-11T20:05:57.000Z,,539.99,0,2026-04-20 13:31:22
227296585003,KyfkNxWGnREQPkrAByUhCe,Louis Vuitton Round Zipper Long Wallet Epi Zippy,2026-04-11T20:06:26.000Z,,529.99,0,2026-04-20 13:31:22
227296585415,kz3JcGuTREMLYAd88tVMXd,Louis Vuitton Portefeuille Iris Wallet 19cm Monogram Mahina Black Excellent,2026-04-11T20:06:53.000Z,,629.99,0,2026-04-20 13:31:22
227296587072,LDAp7UptSci6wLRVcLA5W9,HERMÈS Calvi Coin Case W10cm Vaux-Epsom Leather Red D Stamp Mint Condition,2026-04-11T20:08:53.000Z,,529.99,0,2026-04-20 13:31:22
227296587502,LE3DtikL4EdKzkYZi3cBzK,Hermès Card Case Flex Blue Orange,2026-04-11T20:09:18.000Z,,749.99,0,2026-04-20 13:31:22
227296588859,Me9tRcovDQ969Ffnwwrw6B,HERMES Coin Case Wallet So Cool Flamingo Party Rose Jive aq12142,2026-04-11T20:11:10.000Z,,589.99,0,2026-04-20 13:31:22
227296589144,MMBMAWxEpM6ucmxiswQi4P,Unused Hermès Calvi 044166CK Card Case,2026-04-11T20:11:36.000Z,,689.99,0,2026-04-20 13:31:22
227296589403,2JKxpYzj4YjKSpyhAhJF4o,HERMÈS Calvi Verso 10.5x7cm Epson Gold+Vert Fizz Unused Boxed,2026-04-11T20:11:59.000Z,,649.99,0,2026-04-20 13:31:22
227296589711,mJScZvgWA2PjCAUSF9SWMT,Louis Vuitton Escale Wallet Monogram Canvas Rouge A Rank Box Included,2026-04-11T20:12:24.000Z,,629.99,0,2026-04-20 13:31:22
227296590462,mpQ2WPYnmbjmXwUyKpcedT,Louis Vuitton Monogram Portefeuille Braz 10x19 cm Brown Wallet Ladies Used,2026-04-11T20:13:12.000Z,,859.99,0,2026-04-20 13:31:22
227296591017,N3TtLX5YnZR8E4QmPMEC6K,HERMES Cashmere Silk Blend H Logo Pattern Mini Scarf Shawl Navy Black,2026-04-11T20:13:59.000Z,,519.99,1,2026-04-20 13:31:22
227296592727,N2HyQw8WGMQuFnHTJj6UFD,Louis Vuitton Monogram Empreinte Wallet Navy Trifold Soft Leather,2026-04-11T20:15:14.000Z,,629.99,0,2026-04-20 13:31:22
227296593083,n5kPU8VF55bduRsGfPcoyG,HERMES Carré 90 Silk Scarf EN DUO Orange White S Excellent Box Included,2026-04-11T20:15:37.000Z,,509.99,1,2026-04-20 13:31:22
227296593690,na4LZ3WnushWp2Kn7bnuvW,LOUIS VUITTON Zippy Wallet Vertical M30503 Tiger Leather Black Used,2026-04-11T20:16:05.000Z,,529.99,0,2026-04-20 13:31:22
227296596418,o5fsEgh3Pf7yZFmaXMc8JS,Louis Vuitton Zippy Wallet M82050 Pink Epi Leather Used with Dust Bag,2026-04-11T20:18:21.000Z,,709.99,0,2026-04-20 13:31:22
227296596846,o4as6TrxtJ5KPt6BYug5fR,Unused with box HERMES 2025 Characteristic Detail Gavroche Scarf Unisex,2026-04-11T20:18:45.000Z,,409.99,0,2026-04-20 13:31:22
227296597277,oHMG4hTWpwy3L6PfoF8DqF,Unused Hermès Calvi Duo Verso 083038CK Coin Case,2026-04-11T20:19:10.000Z,,839.99,0,2026-04-20 13:31:22
227296598503,omnEMutaGWt9S4Asp272f9,Unused HERMES Calvi Duo Brick Silver Hardware Leather Coin Case With Box,2026-04-11T20:20:52.000Z,,599.99,0,2026-04-20 13:31:22
227296598996,onfFYqxcV4fbybTZHddWe4,LOUIS VUITTON Damier Graphite Zippy Organizer Long Wallet 2018 Model,2026-04-11T20:21:19.000Z,,699.99,0,2026-04-20 13:31:22
227296599389,oQ3CvS9GNaeaEb3rLGqQUg,Louis Vuitton Monogram Long Wallet RFID Brown Used Unisex,2026-04-11T20:21:42.000Z,,529.99,0,2026-04-20 13:31:22
227296599748,oQgsh3VuSKTVWCoSAMGRbE,HERMES Calvi Gold Veau Epsom Leather Card Case Coin Case B Stamp with Box,2026-04-11T20:22:08.000Z,,559.99,0,2026-04-20 13:31:22
227296600026,oRAFiaDj8A2K7yqBa76rah,Unused HERMES Rosanj GM Cashmere Silk Blend Scarf Stole Yellow Navy Boxed,2026-04-11T20:22:34.000Z,,699.99,0,2026-04-20 13:31:22
227296600684,p9i7C6utwx65iBcTruChqL,Louis Vuitton Monogram Wallet Mahina Leather Beige Iris + Dust Bag,2026-04-11T20:23:19.000Z,,709.99,0,2026-04-20 13:31:22
227296601252,p6RG2PafPT48LSLbSudnKS,HERMES Scarf Shawl Carre 140 Silk Mousseline Serenite Bamboo Green,2026-04-11T20:24:08.000Z,,769.99,0,2026-04-20 13:31:22
227296601503,PcZvrVH7nr62VurthiQVzn,HERMES Silk Scarf LES PONEYS DE POLO Large Yellow with Box,2026-04-11T20:24:31.000Z,,709.99,0,2026-04-20 13:31:22
227296602074,qJuZB7muzC2pq24z9BNR8F,Louis Vuitton Monogram Jacquard Zip Wallet Bordeaux A+ Pouch,2026-04-11T20:25:23.000Z,,689.99,0,2026-04-20 13:31:22
227296603124,Qq826sMA6awTa58FRfZ5HN,Louis Vuitton Porte Carte LV Side Up Card Case M81478 Black Pink Monogram Like,2026-04-11T20:26:37.000Z,,599.99,0,2026-04-20 13:31:22
227296603689,qqdm8BHWKBeJ8cWNpNd4oH,Louis Vuitton Monogram Zippy Wallet Red Long Wallet W/ Dust Bag,2026-04-11T20:27:04.000Z,,869.99,0,2026-04-20 13:31:22
227296605089,rjzmPNu23nR7H9sJLGvgUo,Louis Vuitton Taigarama Portefeuille Brother Folding Long Wallet M30298 White,2026-04-11T20:28:43.000Z,,539.99,0,2026-04-20 13:31:22
227296605752,rJK3MWuzZEHAcXFZRRwURi,HERMES Azap Silk'in Wallet Pink Rose Azalee Leather Mint with Box,2026-04-11T20:29:34.000Z,,659.99,0,2026-04-20 13:31:22
227296605990,rMr9eSZaUtFbtV9zWwNthA,Louis Vuitton Damier Stripe Portefeuille Braz Long Wallet Daybreak M81318,2026-04-11T20:29:59.000Z,,539.99,0,2026-04-20 13:31:22
227296607418,Sd2p4j9rmLb9qT7iL34ohH,"Hermès Carre 90 ""Bride de Gala"" Pink Navy White Silk Bandana Scarf Dot Star",2026-04-11T20:31:58.000Z,,599.99,0,2026-04-20 13:31:22
227296608821,SNaCznaJ2AQQXNc5WdERL5,Louis Vuitton Zippy Organizer 21cm Monogram Canvas Grey/Red Multi AB Rank -,2026-04-11T20:33:53.000Z,,529.99,0,2026-04-20 13:31:22
227296609127,sRDTG4iGyi5G7hcdYwCzt8,HERMES Manhattan Medium Wallet 90 Leather Red Excellent with Box,2026-04-11T20:34:33.000Z,,879.99,0,2026-04-20 13:31:22
227296609341,sRLqgQHfbstrqAr9mgHVDM,Louis Vuitton Porte-Feuille Emilie Long Wallet 9.5cm Monogram Brown Excellent +,2026-04-11T20:34:57.000Z,,869.99,0,2026-04-20 13:31:22
227296609690,t26sejUrsbjDHGEXRQYYPa,Unused HERMES Scarf Carré 90 Vive les champions!,2026-04-11T20:35:42.000Z,,709.99,0,2026-04-20 13:31:22
227296609983,TaGMnjTuwXa5kRyKSwrvdD,HERMES Petit H / Hermès Horse Leather Bag Charm Brown & Violet Made in France,2026-04-11T20:36:06.000Z,,569.99,0,2026-04-20 13:31:22
227296610424,tPN4PfvTbFwACExV9hZJq8,HERMÈS Bastia Coin Case 8.5cm Epsom Leather Gripel White Women's Unused Box,2026-04-11T20:36:44.000Z,,529.99,0,2026-04-20 13:31:22
227296611377,U6jEnxW9HTMVWbccFfdNYG,HERMÈS Carré 90 Scarf 100% Silk Black/Orange Himalaya Used,2026-04-11T20:37:31.000Z,,579.99,0,2026-04-20 13:31:22
227296612643,V9DSJcLxBhpbuMUfKp4vw9,Unused HERMES Scarf Brides de Gala Shadow aq7648,2026-04-11T20:39:14.000Z,,629.99,0,2026-04-20 13:31:22
227296613013,VhTcqUdoV9UZRA47GAzVre,Hermès Calvi Duo 082977CK Coin Case Unused,2026-04-11T20:40:01.000Z,,869.99,0,2026-04-20 13:31:22
227296613426,Vr4J4ao5pfCH6UTKVUPek,HERMES Scarf Carre 90 CAPARACONS DE LA FRANCE ET DE L'INDE,2026-04-11T20:40:56.000Z,,509.99,0,2026-04-20 13:31:22
227296613728,WBsYQsXASw4CdSQFfoh6g9,3215 LOUIS VUITTON Damier Zippy Wallet Long Wallet N60015 Used,2026-04-11T20:41:32.000Z,,409.99,0,2026-04-20 13:31:22
227296614582,x8zRdsX8SjFaU72gsia6FR,Excellent Condition Boxed HERMES Carre 90 Passementerie Quadri aq4912,2026-04-11T20:43:02.000Z,,649.99,0,2026-04-20 13:31:22
227296615161,XwUKvGFdyMQUHeMsbLivwg,HERMÈS Calvi Wallet 11x7cm Leather Charcoal Gray Excellent Condition,2026-04-11T20:43:41.000Z,,529.99,0,2026-04-20 13:31:22
227296615792,yfywd5deWEmcnuCo7gszj6,HERMES Scarf Carré 70 DELLA CAVALLERIA Silk New Old Stock Rare Item,2026-04-11T20:44:37.000Z,,619.99,0,2026-04-20 13:31:22
227296616171,YWbVHfeAzauyDLAdEPJPYC,HERMES Scarf 90 LES ROUES DE PHAETON Pink Silk Excellent Condition,2026-04-11T20:45:01.000Z,,649.99,0,2026-04-20 13:31:22
227296616790,ZBJFeLbUKrkaxxMUXEW77R,HERMES Bastia Beige Marfa Silver Hardware Coin Case with Box,2026-04-11T20:45:29.000Z,,409.99,0,2026-04-20 13:31:22
227296617183,ZW8wBorkxYL6hXgQ3uo5qN,HERMES Coin Case Calvi Black Leather Unused,2026-04-11T20:46:13.000Z,,669.99,0,2026-04-20 13:31:22
227296617456,m82596789347,Loewe Long Wallet Puzzle Zip Around Wallet - Almost Unused,2026-04-11T20:46:37.000Z,,529.99,0,2026-04-20 13:31:22
227296617603,m82648698790,Unused BURBERRY Halton Canvas × Leather Long Wallet Brown,2026-04-11T20:46:56.000Z,,529.99,0,2026-04-20 13:31:22
227296617700,m82683148119,CHRISTIAN DIOR Saddle Chain Card Holder,2026-04-11T20:47:09.000Z,,769.99,0,2026-04-20 13:31:22
227296617856,m82696073634,GUCCI Leather Tri-Fold Wallet GG Marmont Bamboo Blue-Green,2026-04-11T20:47:26.000Z,,529.99,0,2026-04-20 13:31:22
227296618068,m82781207474,Gucci Interlocking G Chain Wallet 19cm Leather Black Excellent Condition,2026-04-11T20:47:45.000Z,,529.99,0,2026-04-20 13:31:22
227296618272,m82837539958,GUCCI GG Supreme Bengal Tiger Folding Wallet Rare,2026-04-11T20:48:06.000Z,,429.99,0,2026-04-20 13:31:22
227296618434,m82940925221,【Near Mint】CHANEL Black Fragment Case Long Wallet,2026-04-11T20:48:26.000Z,,789.99,0,2026-04-20 13:31:22
227296618610,m83050012539,Limited Edition My Dior Hibiscus L Zip Wallet,2026-04-11T20:49:00.000Z,,529.99,0,2026-04-20 13:31:22
227296619145,m83187230231,Gucci Balenciaga Long Wallet GG Canvas Beige/Brown Zip Pocket Rare Excellent,2026-04-11T20:50:02.000Z,,529.99,0,2026-04-20 13:31:22
227296619476,m83249901257,CELINE Medium Strap Wallet Folding Wallet in Limestone,2026-04-11T20:50:27.000Z,,529.99,0,2026-04-20 13:31:22
227296619715,m83257035590,CHANEL Caviar Skin Long Wallet Black Elegant Condition,2026-04-11T20:50:49.000Z,,849.99,0,2026-04-20 13:31:22
227296620701,m83359938443,【New Unused】CHANEL Classic Small Zip Pouch,2026-04-11T20:51:22.000Z,,789.99,2,2026-04-20 13:31:22
227296621063,m83365102231,"GUCCI Jumbo GG Leather Card Case with Box, Almost Unused",2026-04-11T20:51:58.000Z,,529.99,0,2026-04-20 13:31:22
227296621440,m83417953613,Dior Oblique Compact Wallet Folded Wallet Unisex Gray,2026-04-11T20:52:37.000Z,,529.99,0,2026-04-20 13:31:22
227296621514,m83429359365,GUCCI Cherry Pink Wallet,2026-04-11T20:52:52.000Z,,529.99,0,2026-04-20 13:31:22
227296621620,m83440132493,Loewe Anagram Tri-Fold Wallet Compact,2026-04-11T20:53:16.000Z,,529.99,0,2026-04-20 13:31:22
227296622087,m83463628858,✨AB Rank✨ GUCCI Long Wallet Marmont Offidia Interlocking,2026-04-11T20:53:36.000Z,,529.99,0,2026-04-20 13:31:22
227296622701,m83624016241,CHANEL Long Wallet Coco Lambskin Round Zipper Stitch,2026-04-11T20:54:19.000Z,,529.99,0,2026-04-20 13:31:22
227296623251,m83687174688,Burberry Tri-Fold Wallet Vintage Check Beige New Rare,2026-04-11T20:54:37.000Z,,529.99,0,2026-04-20 13:31:22
227296623393,m83699731192,GUCCI×BALENCIAGA Collaboration Folding Wallet Hacker Project,2026-04-11T20:54:55.000Z,,529.99,0,2026-04-20 13:31:22
227296623699,m83756448928,CHANEL Matelasse Long Wallet Black Lambskin Used Serial#,2026-04-11T20:55:18.000Z,,529.99,0,2026-04-20 13:31:22
227296623897,m83791082806,Bottega Veneta Cassette Bi-Fold Wallet with Coin Purse,2026-04-11T20:55:41.000Z,,529.99,0,2026-04-20 13:31:22
227296624211,m83820418753,PRADA Saffiano Coin Case Card Case Fragment Case,2026-04-11T20:55:59.000Z,,549.99,0,2026-04-20 13:31:22
227296624436,m84001496964,GUCCI GG Zip Around Long Wallet 676152 GG Logo,2026-04-11T20:56:19.000Z,,529.99,0,2026-04-20 13:31:22
227296624641,m83937974783,[SALE] Vintage CHANEL Sports-Themed Silk Scarf,2026-04-11T20:56:33.000Z,,539.99,0,2026-04-20 13:31:22
227296624791,m83956392533,Burberry Mini Wallet Nova Check Brown Leather 9x10cm Used w/ Dust Bag,2026-04-11T20:56:47.000Z,,449.99,0,2026-04-20 13:31:22
227296625127,m84085251541,LOEWE Anagram Charm Key Ring Brand New Genuine Product,2026-04-11T20:57:07.000Z,,769.99,0,2026-04-20 13:31:22
227296625437,m84123504272,Loewe Card Case,2026-04-11T20:57:32.000Z,,529.99,0,2026-04-20 13:31:22
227296625551,m84157313655,Gucci Hacker Project Wallet GG Supreme PVC Leather Black AB Rank,2026-04-11T20:57:52.000Z,,729.99,0,2026-04-20 13:31:22
227296625866,m84252690848,Gucci Dionysus Chain Wallet 20cm Green Curved Leather Excellent Condition,2026-04-11T20:58:30.000Z,,829.99,0,2026-04-20 13:31:22
227296625959,m84499588787,BURBERRY TB Continental Long Wallet Gray,2026-04-11T20:58:45.000Z,,529.99,0,2026-04-20 13:31:22
227296626427,m84534751158,Bottega Veneta Intrecciato Folding Wallet Black 942,2026-04-11T20:59:05.000Z,,529.99,0,2026-04-20 13:31:22
227296627229,m84676120977,PRADA Folding Wallet Vitello Grain L-Zip Black 1ML018,2026-04-11T20:59:28.000Z,,359.99,0,2026-04-20 13:31:22
227296628097,m84783600408,CHANEL Matelassé Long Wallet Quilted Leather Silver w/Card Excellent,2026-04-11T21:00:24.000Z,,569.99,0,2026-04-20 13:31:22
227296628349,m84830274987,Chanel Wallet Pouch Fragment Case [Unused],2026-04-11T21:00:45.000Z,,709.99,0,2026-04-20 13:31:22
227296628566,m848814490,Gucci Wallet,2026-04-11T21:01:04.000Z,,529.99,0,2026-04-20 13:31:22
227296628753,m84979530544,GUCCI GG Pattern Bee Fragment Case,2026-04-11T21:01:19.000Z,,399.99,0,2026-04-20 13:31:22
227296629132,m84989860240,LOEWE Puzzle Slim Compact Wallet Green,2026-04-11T21:02:03.000Z,,409.99,0,2026-04-20 13:31:22
227296629291,m85038640458,Gucci Off The Grid Long Wallet Nylon Forest Green GG Rare Excellent Condition,2026-04-11T21:02:18.000Z,,529.99,0,2026-04-20 13:31:22
227296629588,m85082364403,CELINE Triomphe Card Case Black Leather Gold Hardware,2026-04-11T21:02:44.000Z,,529.99,0,2026-04-20 13:31:22
227296629870,m85169274959,Gucci Horsebit GG Compact Wallet,2026-04-11T21:02:59.000Z,,419.99,0,2026-04-20 13:31:22
227296630129,m85198157152,LOEWE Totoro Compact Zip Wallet,2026-04-11T21:03:15.000Z,,529.99,0,2026-04-20 13:31:22
227296630946,m85442603877,Chanel Cambon Line Quilted 6-Key Case Excellent Condition,2026-04-11T21:04:04.000Z,,789.99,0,2026-04-20 13:31:22
227296631056,m85494116430,Bottega Veneta Mini Wallet,2026-04-11T21:04:18.000Z,,529.99,0,2026-04-20 13:31:22
227296631257,m85498212213,FENDI Three-Fold Wallet Made in Italy FF Logo 24AW Baguette Mini,2026-04-11T21:04:42.000Z,,599.99,0,2026-04-20 13:31:22
227296631706,m85840002804,CHANEL Camellia Wallet Small Leather Black Flower Embossed With Box,2026-04-11T21:05:29.000Z,,539.99,0,2026-04-20 13:31:22
227296631850,m85943852768,CHANEL L-Gusset Flap Wallet 19.5cm Leather Black Coco Used Box,2026-04-11T21:05:47.000Z,,529.99,0,2026-04-20 13:31:22
227296632038,m86007556776,CHANEL 135cm Cashmere Silk Large Stole Scarf,2026-04-11T21:06:04.000Z,,869.99,0,2026-04-20 13:31:22
227296632263,m86020473241,Gucci Double G Wallet Size Not Specified Leather Silver Good Condition,2026-04-11T21:06:19.000Z,,529.99,0,2026-04-20 13:31:22
227296632525,m86038050631,CHANEL Boy Long Wallet Leather Black Navy Serial G Card Excellent Condition,2026-04-11T21:06:40.000Z,,629.99,0,2026-04-20 13:31:22
227296632866,m86123058394,Chanel Boy Chanel Round Zip Medium Wallet - Vivid Pink✍,2026-04-11T21:07:04.000Z,,799.99,0,2026-04-20 13:31:22
227296633076,m86183191752,Chanel L-Shaped Zippy Coin Purse・Key Case,2026-04-11T21:07:21.000Z,,879.99,0,2026-04-20 13:31:22
227296634203,m86213649498,Dior Hibiscus L Zip Wallet Compact Wallet Black Discontinued Item,2026-04-11T21:07:46.000Z,,779.99,0,2026-04-20 13:31:22
227296634958,m86234417906,Loewe Anagram Continental Long Wallet C821ACWX01,2026-04-11T21:08:04.000Z,,589.99,0,2026-04-20 13:31:22
227296635676,m86284535635,PRADA Long Wallet Triangle Logo Round Zipper Soft Calf Leather Black,2026-04-11T21:08:25.000Z,,529.99,0,2026-04-20 13:31:22
227299670871,m10112871296,LOUIS VUITTON Christmas Limited Port Samping,2026-04-14T01:50:59.000Z,,529.99,0,2026-04-20 13:31:22
227299671375,m10505723897,Unused BOTTEGA VENETA Leather Long Wallet Dark Brown,2026-04-14T01:51:23.000Z,,529.99,0,2026-04-20 13:31:22
227299671517,m10608799430,LOEWE Anagram Trifold Wallet,2026-04-14T01:51:36.000Z,,419.99,0,2026-04-20 13:31:22
227299672581,m11280342432,Louis Vuitton Maccasar Porte-Feuille Long Chain Wallet,2026-04-14T01:52:52.000Z,,529.99,0,2026-04-20 13:31:22
227299672810,m11437553942,LOEWE ARP03 Anagram Vertical Wallet 3-Fold Wallet Good Condition,2026-04-14T01:53:14.000Z,,529.99,0,2026-04-20 13:31:22
227299673053,m11648295119,"✨S Rank, with Box✨ GUCCI Long Wallet Interlocking Horsebit GG",2026-04-14T01:53:34.000Z,,529.99,0,2026-04-20 13:31:22
227299673339,m11746769643,PRADA Saffiano Long Wallet Baltico Purchased at Milan Flagship Store,2026-04-14T01:53:53.000Z,,669.99,0,2026-04-20 13:31:22
227299673775,m11847486601,Louis Vuitton Vertical Compact Wallet Trianon Noir 【Excellent Condition】,2026-04-14T01:54:19.000Z,,659.99,0,2026-04-20 13:31:22
227299674266,m11918136074,CHANEL Stitch CC Coin Case Card Case Navy Caviar Skin,2026-04-14T01:54:54.000Z,,529.99,0,2026-04-20 13:31:22
227299674581,m12017813998,HERMES Bastia Coin Case Pink,2026-04-14T01:55:07.000Z,,409.99,0,2026-04-20 13:31:22
227299674821,m12142483089,Louis Vuitton Monogram Capucines Compact Folding Wallet Coin Black Pink,2026-04-14T01:55:27.000Z,,529.99,0,2026-04-20 13:31:22
227299675610,m12730608118,"A Rank, with Box, LOEWE Mini Wallet Anagram Bi-Fold Wallet",2026-04-14T01:55:55.000Z,,529.99,0,2026-04-20 13:31:22
227299676166,m13092785072,Louis Vuitton Monogram Mahina Porte-Monnaie Anna Coin Case,2026-04-14T01:56:36.000Z,,529.99,0,2026-04-20 13:31:22
227299676377,m13152349886,New Hermès Carre 70 A la Plume Feather Pattern Silk Scarf,2026-04-14T01:56:54.000Z,,489.99,0,2026-04-20 13:31:22
227299676869,m13511970905,Louis Vuitton Monogram Bae Zippy Wallet Long Wallet,2026-04-14T01:57:31.000Z,,539.99,0,2026-04-20 13:31:22
227299677387,m13567283029,Louis Vuitton Monogram Long Wallet Cocorico Round Zipper,2026-04-14T01:58:09.000Z,,529.99,0,2026-04-20 13:31:22
227299677675,m13700397931,DIOR Lady Dior Freesia Card Holder Black,2026-04-14T01:58:31.000Z,,549.99,0,2026-04-20 13:31:22
227299678234,m13910777178,CHANEL 19 Matelassé Lambskin Long Wallet Coco Mark Pink,2026-04-14T01:59:21.000Z,,659.99,0,2026-04-20 13:31:22
227299678424,m14248134931,GUCCI Long Wallet GG Pattern Metal Plate Black 2700,2026-04-14T01:59:43.000Z,,449.99,0,2026-04-20 13:31:22
227299679463,m14587088747,Bottega Veneta Cassette Maxi Intrecciato Wallet Black,2026-04-14T02:00:28.000Z,,789.99,0,2026-04-20 13:31:22
227299679712,m14751190341,LOEWE Tri-Fold Wallet Anagram【Immediate Shipping Available】,2026-04-14T02:00:44.000Z,,529.99,0,2026-04-20 13:31:22
227299680151,m14839065214,Louis Vuitton Long Wallet Portefeuille Brazza ⭐︎Excellent Condition⭐︎,2026-04-14T02:01:07.000Z,,529.99,0,2026-04-20 13:31:22
227299680478,m15042161098,Miu Miu Beige Folding Wallet,2026-04-14T02:01:26.000Z,,529.99,0,2026-04-20 13:31:22
227299681935,m15550769495,Louis Vuitton Capucines Compact Noir Three-Fold Wallet 794,2026-04-14T02:03:34.000Z,,569.99,0,2026-04-20 13:31:22
227299682616,m15808423544,Rare✨ Louis Vuitton Trunk Charm LV Petit Mal M78618,2026-04-14T02:04:25.000Z,,439.99,0,2026-04-20 13:31:22
227299683093,m16272040799,LOEWE Howl's Moving Castle Ghibli Totoro Fragment Ghibli Park,2026-04-14T02:05:06.000Z,,629.99,1,2026-04-20 13:31:22
227299683513,m16649021956,HERMES Limited Twilly Scarf Patisserie Francaise Black Charm Excellent,2026-04-14T02:05:54.000Z,,589.99,0,2026-04-20 13:31:22
227299684019,m17003776001,Bottega Veneta Black Coin Case Card Wallet Compact,2026-04-14T02:06:33.000Z,,299.99,0,2026-04-20 13:31:22
227299685022,m17567235469,Loewe Pebble Coin Card Holder (Shiny Napa Calf) Blossom,2026-04-14T02:07:33.000Z,,529.99,0,2026-04-20 13:31:22
227299685340,m17763149657,HERMES Scarf Carré 90 Eastern and Western Stone Craft Black,2026-04-14T02:07:53.000Z,,539.99,1,2026-04-20 13:31:22
227299685890,m17889634240,Louis Vuitton Monogram Empreinte Portefeuille Clara Folded Wallet Blue,2026-04-14T02:08:27.000Z,,629.99,0,2026-04-20 13:31:22
227299686263,m18248931725,Louis Vuitton Epi Porte-Feuille Victorine Wallet 1740,2026-04-14T02:08:51.000Z,,529.99,0,2026-04-20 13:31:22
227299686627,m18334525287,Hermès L'OR DES CHEFS Scarf 90cm,2026-04-14T02:09:15.000Z,,479.99,0,2026-04-20 13:31:22
227299686867,m18688736193,HERMES Carré Jeann Silk Chiffon Scarf Stole Red,2026-04-14T02:09:36.000Z,,529.99,0,2026-04-20 13:31:22
227299687013,m18805926540,LOUIS VUITTON Monogram Long Wallet M8039,2026-04-14T02:09:54.000Z,,529.99,0,2026-04-20 13:31:22
227299687397,m19013093412,New Unused Chanel Large Lily Pattern Scarf,2026-04-14T02:10:29.000Z,,589.99,0,2026-04-20 13:31:22
227299687578,m19020845040,Louis Vuitton Long Wallet Monogram Red until 4/17 Discounted,2026-04-14T02:10:47.000Z,,739.99,0,2026-04-20 13:31:22
227299688415,m19182883005,Louis Vuitton Damier Trunk Time Coin Case Card Case Rare Excellent Condition,2026-04-14T02:11:28.000Z,,529.99,0,2026-04-20 13:31:22
227299688601,m19460150621,Louis Vuitton Monogram Long Wallet with Box,2026-04-14T02:11:43.000Z,,369.99,0,2026-04-20 13:31:22
227299689073,m19963785322,Hermès Dogon Duo GM Long Wallet Red Purple Authentic,2026-04-14T02:12:53.000Z,,889.99,0,2026-04-20 13:31:22
227299689207,m20148629323,Louis Vuitton Monogram Reverse Portefeuille Clemence Long Wallet,2026-04-14T02:13:15.000Z,,759.99,0,2026-04-20 13:31:22
227299689376,m20264576861,Louis Vuitton M26895 Portefeuille Victoire Tri-Fold Wallet,2026-04-14T02:13:34.000Z,,709.99,0,2026-04-20 13:31:22
227299690177,m20725345087,CELINE Black Long Wallet,2026-04-14T02:14:31.000Z,,529.99,0,2026-04-20 13:31:22
227299690407,m20770884609,Rare Excellent Condition✨PRADA◇RFID Triangle Logo Tab Bi-Fold Wallet Gray-Pink,2026-04-14T02:14:52.000Z,,379.99,0,2026-04-20 13:31:22
227299690740,m20961036361,Louis Vuitton Zippy Wallet Horizontal M11721,2026-04-14T02:15:20.000Z,,849.99,0,2026-04-20 13:31:22
227299690995,m21257156968,Unused Level Louis Vuitton Monogram Eclipse Porte-Foil Brother Long Wallet,2026-04-14T02:15:50.000Z,,529.99,0,2026-04-20 13:31:22
227299691185,m21349115728,Hermès Béarn Long Wallet Gray Leather for Bills Coins,2026-04-14T02:16:11.000Z,,639.99,0,2026-04-20 13:31:22
227299691382,m21459480750,GUCCI Long Wallet Interlocking GG Logo Dala Calf A Rank,2026-04-14T02:16:31.000Z,,439.99,0,2026-04-20 13:31:22
227299691525,m21572261947,LOUIS VUITTON Étole Masai Stole Check,2026-04-14T02:16:49.000Z,,399.99,0,2026-04-20 13:31:22
227299692950,m22323772433,GUCCI Mini Wallet Marmont Off-Dia Sherry Line Brown S Rank,2026-04-14T02:18:18.000Z,,529.99,0,2026-04-20 13:31:22
227299693383,m22597933278,Bottega Veneta RFID Wallet Maxi Intrecciato Leather Dark Green,2026-04-14T02:19:05.000Z,,429.99,0,2026-04-20 13:31:22
227299693798,m23165529320,Louis Vuitton Damier Graphite Portefeuille Braz Long Wallet,2026-04-14T02:19:43.000Z,,429.99,0,2026-04-20 13:31:22
227299694365,m23285483114,Prada Long Wallet Round Zipper Triangle Logo Saffiano Excellent Condition,2026-04-14T02:20:39.000Z,,529.99,0,2026-04-20 13:31:22
227299695423,m23825896685,LOUIS VUITTON Brown Long Wallet,2026-04-14T02:22:04.000Z,,709.99,0,2026-04-20 13:31:22
227299695711,m23954599592,Louis Vuitton M82256 Long Wallet Portefeuille Sarah Greige Beige,2026-04-14T02:22:29.000Z,,719.99,0,2026-04-20 13:31:22
227299695891,m24096551867,DIOR Jolie Scarlet Wallet Leather Quilting Black,2026-04-14T02:22:46.000Z,,529.99,0,2026-04-20 13:31:22
227299696089,m24175863716,LOEWE Anagram Square Coin Card Case Wallet,2026-04-14T02:23:06.000Z,,569.99,0,2026-04-20 13:31:22
227299696338,m24198618976,GUCCI Wallet Micro Guccissima Black 2751,2026-04-14T02:23:27.000Z,,429.99,0,2026-04-20 13:31:22
227299696604,m24510112592,Louis Vuitton LV Vertical Compact Wallet,2026-04-14T02:23:54.000Z,,639.99,0,2026-04-20 13:31:22
227299696998,m24669291089,Louis Vuitton Monogram Portefeuille Mahina Claire Compact Wallet M80817,2026-04-14T02:24:21.000Z,,659.99,0,2026-04-20 13:31:22
227299697289,m25007364310,Louis Vuitton Damier Graphite Giant Card Case in Excellent Condition,2026-04-14T02:24:43.000Z,,529.99,0,2026-04-20 13:31:22
227299698562,m25496796728,Louis Vuitton Taiga Blue Line Brother Black Business with Silver Hardware,2026-04-14T02:26:22.000Z,,529.99,0,2026-04-20 13:31:22
227299698881,m25562635651,"HERMES Calvi Duo 90 Sheepskin GRIS PERLE Excellent with Box, Ribbon,",2026-04-14T02:26:36.000Z,,759.99,0,2026-04-20 13:31:22
227299699149,m25751081833,HERMES Card Case Business Card Holder Chevremizor Calvi U Pink,2026-04-14T02:26:56.000Z,,629.99,0,2026-04-20 13:31:22
227299699329,m25848268928,Beautiful Item 【HERMES】Carre 90 ETRIERS Scarf,2026-04-14T02:27:14.000Z,,479.99,0,2026-04-20 13:31:22
227299699567,m25922961794,Louis Vuitton Epi Zippy Wallet Noir Long Wallet Silver Hardware,2026-04-14T02:27:34.000Z,,529.99,0,2026-04-20 13:31:22
227299699738,m26125934431,Louis Vuitton Aerogram Portefeuille Brazar Long Wallet Folding Wallet,2026-04-14T02:27:53.000Z,,399.99,0,2026-04-20 13:31:22
227299700021,m26495323831,BOTTEGA VENETA Dog Charm Leather Keychain,2026-04-14T02:28:26.000Z,,429.99,0,2026-04-20 13:31:22
227299700694,m26880133506,Loewe Fragment Case,2026-04-14T02:29:30.000Z,,439.99,0,2026-04-20 13:31:22
227299700887,m26905837183,LOEWE Anagram Keyring Gold,2026-04-14T02:29:47.000Z,,409.99,0,2026-04-20 13:31:22
227299700990,m27009923672,Prada Folding Wallet Nylon Saffiano Triangle Black with Box Unused Condition,2026-04-14T02:30:08.000Z,,629.99,0,2026-04-20 13:31:22
227299701313,m27166856462,Excellent Condition LOUIS VUITTON Monogram Coin Case,2026-04-14T02:30:29.000Z,,529.99,0,2026-04-20 13:31:22
227299701813,m27397867181,Louis Vuitton Brother Epi Eclipse Long Wallet 851,2026-04-14T02:31:03.000Z,,549.99,0,2026-04-20 13:31:22
227299704081,m27598745108,CD Christian Dior Color Block Leather Long Wallet Folding BM9483,2026-04-14T02:31:53.000Z,,529.99,0,2026-04-20 13:31:22
227299704464,m27947031670,BOTTEGA Long Wallet Intrecciato 316005-V4651,2026-04-14T02:32:18.000Z,,429.99,0,2026-04-20 13:31:22
227299704712,m28037419474,HERMES Carmen Tricolor Key Holder Charm Excellent Condition,2026-04-14T02:32:40.000Z,,409.99,0,2026-04-20 13:31:22
227299705152,m28213822345,Louis Vuitton Epi Zippy Wallet Long Wallet Noir Gold Hardware,2026-04-14T02:33:26.000Z,,529.99,0,2026-04-20 13:31:22
227299705600,m28596104047,Good Condition Louis Vuitton Monogram Portefeuille Brazher Folded Long Wallet,2026-04-14T02:34:03.000Z,,439.99,0,2026-04-20 13:31:22
227299706061,m28634293333,Louis Vuitton Damier Graphite Vertical Zippy Wallet,2026-04-14T02:34:22.000Z,,409.99,0,2026-04-20 13:31:22
227299706357,m28749357009,"Louis Vuitton Epi Wallet 7.5"" Yellow Limited Edition Excellent Box",2026-04-14T02:34:46.000Z,,549.99,0,2026-04-20 13:31:22
227299706703,m29028802680,Louis Vuitton Portefeuille Zoé Monogram Giant Trifold Wallet,2026-04-14T02:35:13.000Z,,529.99,2,2026-04-20 13:31:22
227299707393,m29461279580,HERMES Scarf Carre 90,2026-04-14T02:36:04.000Z,,489.99,0,2026-04-20 13:31:22
227299707527,m29643093006,Louis Vuitton Coin Case,2026-04-14T02:36:18.000Z,,429.99,0,2026-04-20 13:31:22
227299707948,m30003024697,HERMES Bearn Duplication Epsom Three-Fold Long Wallet,2026-04-14T02:36:48.000Z,,529.99,0,2026-04-20 13:31:22
227299708115,m30273292119,HERMES Scarf Carré 90 ORS NOMADES Nomad,2026-04-14T02:37:01.000Z,,459.99,0,2026-04-20 13:31:22
227299708537,m30417917513,HERMES Be Clear Compact Orange Wallet Compact Wallet,2026-04-14T02:37:27.000Z,,889.99,0,2026-04-20 13:31:22
227299708847,m30727428614,Louis Vuitton Portefeuille Roux Embossed Tri-Fold Wallet Light Blue Ladies,2026-04-14T02:37:45.000Z,,629.99,0,2026-04-20 13:31:22
227299710383,m31872786283,GUCCI Long Wallet GG Marmont Continental Wallet Black 2664,2026-04-14T02:39:35.000Z,,529.99,0,2026-04-20 13:31:22
227299710674,m32169092195,Louis Vuitton Monogram Zippy Wallet Multicolor Insolite Wallet,2026-04-14T02:40:01.000Z,,529.99,0,2026-04-20 13:31:22
227299710876,m32366287433,GUCCI Black Bifold Wallet Horsebit,2026-04-14T02:40:16.000Z,,529.99,0,2026-04-20 13:31:22
227299712446,m33108425199,Louis Vuitton Iris Compact Black,2026-04-14T02:42:38.000Z,,529.99,0,2026-04-20 13:31:22
227299713073,m33564676656,Louis Vuitton Portefeuille Sarah,2026-04-14T02:43:27.000Z,,539.99,0,2026-04-20 13:31:22
227299713433,m33722021836,Dior Three-Fold Wallet Caro Cannage Quilted Leather Black,2026-04-14T02:44:01.000Z,,529.99,0,2026-04-20 13:31:22
227299713988,m34086621394,Louis Vuitton Monogram Empreinte Wild at Heart Long Wallet,2026-04-14T02:44:54.000Z,,649.99,0,2026-04-20 13:31:22
227299714904,m34611774273,Brand New Unused GUCCI Mini Wallet GG Pattern GG Line Shelley Line,2026-04-14T02:46:00.000Z,,529.99,0,2026-04-20 13:31:22
227299715635,m34771625699,LOEWE Bag Charm Anagram Charm Silver Black New Condition,2026-04-14T02:46:26.000Z,,539.99,0,2026-04-20 13:31:22
227299715942,m34910494341,Rare! HERMES Carre 90 Les Fetes Du Roi Soleil Pink,2026-04-14T02:46:52.000Z,,539.99,0,2026-04-20 13:31:22
227299716325,m35123700991,Louis Vuitton Key Case Multi Pocket 6 Empreinte Noir C154,2026-04-14T02:47:23.000Z,,419.99,0,2026-04-20 13:31:22
227299716596,m35231009504,HERMÈS Vintage Carré 90 Scarf Silk Navy Feather Excellent Condition,2026-04-14T02:47:54.000Z,,429.99,0,2026-04-20 13:31:22
227299716798,m35376528213,Loewe Anagram Leather Tri-Fold Black 1163,2026-04-14T02:48:16.000Z,,529.99,0,2026-04-20 13:31:22
227299717122,m35783528322,Louis Vuitton Portefeuille Victorie 9.5cm Monogram Greige Wallet Mint Box,2026-04-14T02:48:52.000Z,,539.99,0,2026-04-20 13:31:22
227299717337,m36104367009,LOEWE Anagram Compact Wallet Folded Wallet Black,2026-04-14T02:49:18.000Z,,579.99,0,2026-04-20 13:31:22
227299717532,m36317669903,LOUIS VUITTON Empreinte Portefeuille Emily Long Wallet,2026-04-14T02:49:41.000Z,,529.99,0,2026-04-20 13:31:22
227299717662,m36619427412,CELINE Coin Case Card Case Fragment Case Wallet Trionf Excellent Condition,2026-04-14T02:50:07.000Z,,399.99,0,2026-04-20 13:31:22
227299717825,m36773838129,Shipping Included! Excellent Condition BURBERRY Long Wallet Check 332,2026-04-14T02:50:32.000Z,,529.99,0,2026-04-20 13:31:22
227299718371,m37417805864,"HERMES Carré 90 Hermes on the Beach Summer with Box, Near Unused",2026-04-14T02:51:33.000Z,,679.99,0,2026-04-20 13:31:22
227299718606,m37907580432,"HERMES Long Wallet A Zip Long Silk In, Price Reduced, No Returns",2026-04-14T02:52:15.000Z,,559.99,0,2026-04-20 13:31:22
227299718796,m38225288230,LOEWE Anagram Tri-Fold Wallet,2026-04-14T02:52:49.000Z,,419.99,0,2026-04-20 13:31:22
227299718952,m38348148412,GUCCI Long Wallet Interlocking Jackie GG with Box S Rank,2026-04-14T02:53:09.000Z,,439.99,0,2026-04-20 13:31:22
227299719174,m38551002573,Louis Vuitton M65227 Porte Cartes Champs-Élysées Card Case business card holder,2026-04-14T02:53:28.000Z,,419.99,0,2026-04-20 13:31:22
227299719392,m38724809826,HERMES Savana Dance Twilly 5x86cm Silk Multicolor Floral Excellent No Box,2026-04-14T02:53:51.000Z,,449.99,0,2026-04-20 13:31:22
227299719654,m38965003072,Rare Kate Spade Seahorse Marine Round Zipper Long Wallet New,2026-04-14T02:54:25.000Z,,449.99,0,2026-04-20 13:31:22
227299720976,m39209509927,Louis Vuitton Card Case Business Card Holder Black,2026-04-14T02:54:40.000Z,,429.99,0,2026-04-20 13:31:22
227299721106,m39394584209,Hermès Key Ring Horse,2026-04-14T02:55:01.000Z,,539.99,0,2026-04-20 13:31:22
227299721331,m39662235577,Bottega Veneta Intrecciato Tab Key Ring Keyholder Light Blue,2026-04-14T02:55:24.000Z,,259.99,0,2026-04-20 13:31:22
227299721541,m39771108970,LOEWE Vertical Long Wallet Brown Leather,2026-04-14T02:55:48.000Z,,629.99,0,2026-04-20 13:31:22
227299721912,m40256052713,"HERMES Carré 70 ""Faubourg City"" New",2026-04-14T02:56:39.000Z,,689.99,1,2026-04-20 13:31:22
227299722064,m40461996358,Louis Vuitton Long Wallet Porte-Feuille Brazza Monogram Eclipse Folded,2026-04-14T02:57:00.000Z,,419.99,0,2026-04-20 13:31:22
227299722235,m40727919573,Brand New HERMES Leather Card Case Poisson,2026-04-14T02:57:14.000Z,,529.99,0,2026-04-20 13:31:22
227299722562,m40925557812,Excellent Condition CHANEL Caviar Skin Coin Case Black,2026-04-14T02:57:39.000Z,,539.99,0,2026-04-20 13:31:22
227299723294,m41462122928,Louis Vuitton Zippy Wallet Long Wallet Rose Ballerine,2026-04-14T02:58:40.000Z,,409.99,0,2026-04-20 13:31:22
227299723392,m41826137259,SAINT LAURENT Studded Bifold Wallet,2026-04-14T02:58:56.000Z,,529.99,0,2026-04-20 13:31:22
227299723952,m42491355570,Louis Vuitton Zippy Coin Purse Leather Black Bifold Wallet Pockets,2026-04-14T02:59:46.000Z,,539.99,0,2026-04-20 13:31:22
227299724219,m42842891866,New Model Louis Vuitton Empreinte Zippy Wallet Long Wallet Authentic Black,2026-04-14T03:00:16.000Z,,529.99,0,2026-04-20 13:31:22
227299724476,m42933385903,"GUCCI Two-Fold Wallet Jumbo GG, Unused, Shipping Included",2026-04-14T03:00:36.000Z,,669.99,0,2026-04-20 13:31:22
227299726485,m43968201282,Louis Vuitton Epi Porte-Documents Clemence Wallet Black,2026-04-14T03:02:15.000Z,,419.99,0,2026-04-20 13:31:22
227299726763,m44465034723,LOEWE Repeat Anagram Long Wallet Navy,2026-04-14T03:02:44.000Z,,359.99,0,2026-04-20 13:31:22
227299727145,m44764363878,HERMES Carré 90 Scarf Blue Excellent with Box Vintage 1994,2026-04-14T03:03:19.000Z,,509.99,0,2026-04-20 13:31:22
227299727672,m45157851106,Louis Vuitton Portefeuille Iris Compact Wallet New Unused,2026-04-14T03:03:57.000Z,,769.99,0,2026-04-20 13:31:22
227299727928,m45352210930,Louis Vuitton LV Circle Vertical Black Long Wallet,2026-04-14T03:04:17.000Z,,529.99,0,2026-04-20 13:31:22
227299728104,m45473457868,New Gucci Balenciaga Collaboration Hacker Folding Wallet GG Canvas,2026-04-14T03:04:38.000Z,,529.99,0,2026-04-20 13:31:22
227299728219,m45672415288,Louis Vuitton Portefeuille Clemence Epi Noir Long Wallet Black,2026-04-14T03:04:56.000Z,,439.99,0,2026-04-20 13:31:22
227299728349,m45755169768,PRADA Vitero Dayno Leather Trifold Wallet Coin Case,2026-04-14T03:05:15.000Z,,529.99,0,2026-04-20 13:31:22
227299729138,m46394133751,Hermès Bearn Wallet Chevre Bougainvillea □P Stamp Gold,2026-04-14T03:06:33.000Z,,529.99,0,2026-04-20 13:31:22
227299732203,m47690363819,Unused Louis Vuitton Multiclés 4 Monogram Vernis 4-Key Case,2026-04-14T03:08:00.000Z,,529.99,0,2026-04-20 13:31:22
227299732842,m48522118809,Louis Vuitton Damier Canvas Bi-Fold Wallet Dark Brown,2026-04-14T03:09:24.000Z,,529.99,0,2026-04-20 13:31:22
227299733115,m48868331173,CHANEL Novelty Tri-Fold Wallet Caviar Skin Black,2026-04-14T03:10:05.000Z,,529.99,0,2026-04-20 13:31:22
227299733388,m49098812914,Chanel Key Case Ribbon Coco Mark,2026-04-14T03:10:29.000Z,,889.99,0,2026-04-20 13:31:22
227299733578,m49215301803,Loewe Trifold Wallet Rosemary Tan with Complete Accessories,2026-04-14T03:10:53.000Z,,669.99,0,2026-04-20 13:31:22
227299733981,m49652160291,Louis Vuitton Long Wallet Black Portefeuille Capucines,2026-04-14T03:11:46.000Z,,429.99,0,2026-04-20 13:31:22
227299734427,m50098911354,LOUIS VUITTON Long Wallet,2026-04-14T03:12:37.000Z,,529.99,0,2026-04-20 13:31:22
227299734682,m50301327716,Louis Vuitton Portefeuille Capucines Noir M61248 Long Wallet,2026-04-14T03:13:06.000Z,,529.99,0,2026-04-20 13:31:22
227299734924,m50433171489,Louis Vuitton Monogram Porte-Feuille Sarah IC Long Wallet Authentic,2026-04-14T03:13:30.000Z,,529.99,0,2026-04-20 13:31:22
227299736242,m52181698059,HERMES Silk Scarf Flower and Chain,2026-04-14T03:16:12.000Z,,579.99,0,2026-04-20 13:31:22
227299736938,m53199060011,Louis Vuitton Monogram Empreinte Zippy Wallet Clemence RFID Excellent Condition,2026-04-14T03:17:27.000Z,,529.99,0,2026-04-20 13:31:22
227299737190,m53516602070,Louis Vuitton Monogram Empreinte Porte-Feuille Curieuse Compact Wallet,2026-04-14T03:17:51.000Z,,529.99,0,2026-04-20 13:31:22
227299737700,m53683074724,HERMES Silk Carre 90 Crazy Faubourg Unused,2026-04-14T03:18:20.000Z,,729.99,0,2026-04-20 13:31:22
227299738168,m75816064740,LOUIS VUITTON Mini Wallet Coin Case Card Case,2026-04-14T03:19:07.000Z,,529.99,0,2026-04-20 13:31:22
227299738372,m59228930674,New LOUIS VUITTON Monogram Card Case Authentic,2026-04-14T03:19:36.000Z,,449.99,0,2026-04-20 13:31:22
227299738482,m75581979016,Louis Vuitton Monogram Empreinte Key Case,2026-04-14T03:19:53.000Z,,399.99,0,2026-04-20 13:31:22
227299738617,m87191610746,Louis Vuitton Card Case Taiga Rama Organizer M30318,2026-04-14T03:20:10.000Z,,559.99,0,2026-04-20 13:31:22
227299739281,2JNNaNWnrtwzaZ7nfHFaLz,LOUIS VUITTON Card Case Organiseur de Poche M26839,2026-04-14T03:21:35.000Z,,679.99,0,2026-04-20 13:31:22
227299739785,6ytf8Am8r8pD83yBUas3q7,Louis Vuitton Port Card Cussan Card Case M82748 Monogram Lamb Leather Black,2026-04-14T03:22:12.000Z,,529.99,0,2026-04-20 13:31:22
227299740853,m91455142619,LOUIS VUITTON Key Holder Dragonne Vivienne,2026-04-14T03:23:06.000Z,,799.99,0,2026-04-20 13:31:22
227299741183,2JNH88oJvwisEGmS7WEfDv,Louis Vuitton Monogram Multiplicité 6 Key Case Key Ring Dark Brown,2026-04-14T03:23:53.000Z,,529.99,0,2026-04-20 13:31:22
227299741358,2JNSrGwahR9VuEa782kuYy,Louis Vuitton Coin Case Card Case Key Case Murakami M28388 LV × TM Pochette Clé,2026-04-14T03:24:22.000Z,,799.99,0,2026-04-20 13:31:22
227299741662,2JPkzz2YaCT8qDUMWpcG2U,Louis Vuitton M60044 Multi Cles 4 Key Case,2026-04-14T03:25:11.000Z,,709.99,0,2026-04-20 13:31:22
227299742076,8iyamHgVbYVmuWDLNqGn2Z,Sale LOUIS VUITTON Monogram ID Key Holder M63618,2026-04-14T03:26:18.000Z,,409.99,0,2026-04-20 13:31:22
227299742309,gWbCSHr9A8B8Wcgf8oTCXV,Rare Louis Vuitton Men's Sirius Travel Key Holder Keyring,2026-04-14T03:26:52.000Z,,829.99,0,2026-04-20 13:31:22
227299742575,RCgAzi96vpfr2K8nagi4u3,Louis Vuitton Bag Charm Bijou Sac Backpack M61964 Monogram Eclipse,2026-04-14T03:27:22.000Z,,769.99,0,2026-04-20 13:31:22
227299743211,m67409738183,Louis Vuitton Zippy Coin Purse Wallet Coin Case Compact Monogram,2026-04-14T03:28:14.000Z,,399.99,0,2026-04-20 13:31:22
227299743624,m72337497457,Louis Vuitton Monogram Taigarama Coin Card Yellow Coin Case,2026-04-14T03:29:19.000Z,,529.99,0,2026-04-20 13:31:22
227299743831,m73620238647,Authentic Louis Vuitton Zippy Coin Purse Coin Case Damier Ebene,2026-04-14T03:29:46.000Z,,409.99,0,2026-04-20 13:31:22
227299743954,m77113427514,SALE Louis Vuitton Card Key Case Empreinte Pochette Clé,2026-04-14T03:30:02.000Z,,389.99,0,2026-04-20 13:31:22
227299744702,m90741728490,Louis Vuitton Monogram Frame Coin Case USA Limited Edition,2026-04-14T03:31:07.000Z,,429.99,0,2026-04-20 13:31:22
227299745083,m98289520570,Louis Vuitton Epi Coin Case Portomonee Cool Love Lock - Immediate Purchase OK,2026-04-14T03:31:30.000Z,,429.99,1,2026-04-20 13:31:22
227299745518,2JHrYtj7HsCue9FkmHugZr,Louis Vuitton Scarf Écharpe Ski M71953 Monogram Flower Cashmere Gray,2026-04-14T03:31:58.000Z,,529.99,0,2026-04-20 13:31:22
227299745811,m57927983354,Louis Vuitton Lock Me Zippy Coin Purse,2026-04-14T03:32:23.000Z,,529.99,0,2026-04-20 13:31:22
227299746090,2JNCWFc6tD8ESDkdvoMp3N,LOUIS VUITTON Port Clé Animal Monogram Charm Eclipse MP1994 Pig Keychain,2026-04-14T03:32:54.000Z,,539.99,0,2026-04-20 13:31:22
227299746624,2JNMYonGFfwPgmnbfPP7xg,Louis Vuitton Constellation Heart M01358,2026-04-14T03:33:27.000Z,,519.99,0,2026-04-20 13:31:22
227299747393,2JPjBUvwQM5ab446hosJN4,Louis Vuitton Bandou Strap & Trunk Dune M98066 Women's Unused,2026-04-14T03:34:14.000Z,,469.99,0,2026-04-20 13:31:22
227299747755,bovCXcnqSSH3Ww7xCTPNh,Louis Vuitton Monogram Reversible Stole Shawl Etole Venice Pink,2026-04-14T03:34:42.000Z,,419.99,0,2026-04-20 13:31:22
227299747948,Gb8VRUCUyL5NwG9TVDSbhK,LOUIS VUITTON Bandana My LV Tag Scarf aq8115,2026-04-14T03:35:10.000Z,,419.99,0,2026-04-20 13:31:22
227299748204,UzcMVFskWCu2tCNQLPaqmP,Louis Vuitton Cotton Stole/ Shawl Étole Masai MP0895 Tartan Check Red,2026-04-14T03:35:41.000Z,,409.99,0,2026-04-20 13:31:22
227299748782,UbVCWrwKkKzPoSKvzA3Zjg,Rare Louis Vuitton Key Holder Key Ring Porte-Cle Dragonne 1854,2026-04-14T03:36:12.000Z,,479.99,0,2026-04-20 13:31:22
227299749115,wGJbLdLdhR2yQaDheUmCme,Louis Vuitton Bijoux Sac Trésor M66349 Key Holder,2026-04-14T03:36:40.000Z,,419.99,0,2026-04-20 13:31:22
227299749711,ZtgGQn4nZsRUsDqn85StgP,Unused LOUIS VUITTON Monogram Porte Clé Dragonne Dauphine Key Ring M69000,2026-04-14T03:37:42.000Z,,759.99,0,2026-04-20 13:31:22
227299749877,m55149829957,Louis Vuitton Porte-Feuille Victorine Monogram Empreinte Authentic Guaranteed,2026-04-14T03:38:05.000Z,,809.99,0,2026-04-20 13:31:22
227299750365,m58939480305,Unused Louis Vuitton Monogram Empreinte Zippy Coin Purse Wallet Black,2026-04-14T03:38:50.000Z,,559.99,0,2026-04-20 13:31:22
227299750895,m62720689303,Louis Vuitton Monogram Porte-Feuille Lou Rose,2026-04-14T03:39:48.000Z,,579.99,0,2026-04-20 13:31:22
227299751412,m64383464651,New Model RFID Louis Vuitton Monogram Folded Wallet Portefeuille Juliet,2026-04-14T03:40:35.000Z,,539.99,0,2026-04-20 13:31:22
227299751687,m66136186290,Louis Vuitton Portefeuille Juliette Fuchsia Monogram Wallet Folded,2026-04-14T03:41:00.000Z,,529.99,0,2026-04-20 13:31:22
227299753389,m75410504030,Louis Vuitton Portefeuille Mahina Iris Compact Wallet - Excellent Condition,2026-04-14T03:43:20.000Z,,529.99,0,2026-04-20 13:31:22
227299754029,m82628283356,Louis Vuitton M67478 Monogram Porte-Feuille Pallas Compact Wallet,2026-04-14T03:44:23.000Z,,439.99,0,2026-04-20 13:31:22
227299754272,m84798633325,Louis Vuitton Monogram Victoire Tri-Fold Wallet Rose Ballerine,2026-04-14T03:44:45.000Z,,529.99,0,2026-04-20 13:31:22
227299754902,m85356812846,Louis Vuitton Monogram Eclipse Chettac Coin Case,2026-04-14T03:45:04.000Z,,419.99,0,2026-04-20 13:31:22
227299755400,m90011542297,Louis Vuitton Monogram Victoriine Trifold Wallet Certified Authentic,2026-04-14T03:46:00.000Z,,529.99,0,2026-04-20 13:31:22
227299755590,m91085887888,Louis Vuitton Long Wallet Portefeuille Sara Damier Ebene 7Q48,2026-04-14T03:46:27.000Z,,529.99,0,2026-04-20 13:31:22
227299756014,m95350665570,Louis Vuitton Navy Monogram Coin Case,2026-04-14T03:47:20.000Z,,439.99,0,2026-04-20 13:31:22
227299756927,m99513434594,Louis Vuitton Monogram Tri-Fold Wallet,2026-04-14T03:48:33.000Z,,529.99,0,2026-04-20 13:31:22
227299761525,2JN8uHAAZys82zUuezKa52,Louis Vuitton Coin Case Epi Zippy Coin Purse,2026-04-14T03:54:51.000Z,,529.99,0,2026-04-20 13:31:22
227299761796,2JNBKJjLW37ydGmBBAaYdR,Louis Vuitton Monogram Portemonnaie M61926 Coin Case Unisex,2026-04-14T03:55:19.000Z,,529.99,0,2026-04-20 13:31:22
227299762079,2JNDgf99pG6vaTrApcZfcy,LOUIS VUITTON MONOGRAM ROSALIE Coin Case Portemonnaie Rosalie Brown,2026-04-14T03:55:47.000Z,,549.99,0,2026-04-20 13:31:22
227299762294,2JNKzj6ALRZyp44yp4xDMT,Louis Vuitton Monogram Porte Cartes Romy M81880 Gold Hardware Card Case,2026-04-14T03:56:12.000Z,,529.99,0,2026-04-20 13:31:22
227299762497,2JNNU9ppYPLDkk4Tm8DMuX,Louis Vuitton Coin Case Porte-Monnaie Rosalie Monogram Canvas M82333 RFID Used,2026-04-14T03:56:39.000Z,,639.99,0,2026-04-20 13:31:22
227299763334,2JPiq948jVEgit78R23qfV,LOUIS VUITTON LV Monogram Coin Case Bag Charm Zip Around Round Hook,2026-04-14T03:57:58.000Z,,529.99,0,2026-04-20 13:31:22
227299763734,2JPmph8A43JfSNk5Vd4rYA,Louis Vuitton Monogram Eclipse Pochette Cler Voyage M82776,2026-04-14T03:58:27.000Z,,589.99,0,2026-04-20 13:31:22
227299764071,2JPn3zA5g4k5LreKMtmwmR,LOUIS VUITTON Coin Case Zippy Coin Purse Wallet M60067 Monogram Canvas Brown,2026-04-14T03:58:54.000Z,,649.99,0,2026-04-20 13:31:22
227299764430,8o8Gkb2sGMkXsdqyZ8Hy3D,Louis Vuitton M6015K Epi Coin Case Zippy Coin Purse Coin Case Purple,2026-04-14T03:59:19.000Z,,409.99,0,2026-04-20 13:31:22
227299764672,EURF8q5MVv33Ad2sxspzrd,Louis Vuitton Coin Case Monogram Old Type No Deterioration Unisex,2026-04-14T03:59:45.000Z,,529.99,0,2026-04-20 13:31:22
227299764991,Hyj9bMja5QumbXC2fwwEVf,Louis Vuitton M60025 Porte-monnaie Shilling Coin Case Wallet Monogram,2026-04-14T04:00:13.000Z,,529.99,0,2026-04-20 13:31:22
227299765173,m57678011675,LOUIS VUITTON Damier Graphite Bi-fold Wallet,2026-04-14T04:00:29.000Z,,619.99,0,2026-04-20 13:31:22
227299765583,o826B7D9qw5GphSY6gLiCQ,Louis Vuitton Damier Coin Case Zippy Excellent Box Pouch N63070,2026-04-14T04:00:56.000Z,,699.99,0,2026-04-20 13:31:22
227299766343,m54363475592,LOUIS VUITTON Monogram Long Wallet,2026-04-14T04:01:30.000Z,,529.99,0,2026-04-20 13:31:22
227299766473,m81360802805,Louis Vuitton Mylockme Compact Wallet Calf Leather Red Used,2026-04-14T04:01:49.000Z,,529.99,0,2026-04-20 13:31:22
227299771073,m67991499903,Certified Louis Vuitton Zippy Wallet Long Wallet Wild at Heart Limited,2026-04-14T04:09:21.000Z,,709.99,0,2026-04-20 13:31:22
227299772177,m69504805520,Louis Vuitton Bicolor Empreinte Portefeuille Sarah Wallet,2026-04-14T04:10:30.000Z,,779.99,0,2026-04-20 13:31:22
227299772499,m70134833789,Louis Vuitton Damier Zippy Wallet Vertical N62240 Cobalt,2026-04-14T04:10:52.000Z,,529.99,0,2026-04-20 13:31:22
227299772905,m71830671013,Louis Vuitton Monogram Empreinte Zippy Wallet Long Wallet Black,2026-04-14T04:11:30.000Z,,529.99,0,2026-04-20 13:31:22
227299773697,m72231731160,Louis Vuitton Taiga Zippy Dragon Wallet Black,2026-04-14T04:11:51.000Z,,549.99,0,2026-04-20 13:31:22
227299773960,m72603526911,Louis Vuitton Porte-Feuille Capucines Compact M62156 【Beautiful Condition】,2026-04-14T04:12:19.000Z,,539.99,0,2026-04-20 13:31:22
227299774469,m73557665617,Louis Vuitton Monogram Eclipse Zippy Vertical Black,2026-04-14T04:13:04.000Z,,529.99,0,2026-04-20 13:31:22
227299774665,m74593563567,New Model Louis Vuitton Empreinte Long Wallet,2026-04-14T04:13:28.000Z,,409.99,0,2026-04-20 13:31:22
227299774890,m74656336115,Louis Vuitton Portefeuille Sarah Monogram Empreinte Marine Rouge,2026-04-14T04:13:49.000Z,,409.99,0,2026-04-20 13:31:22
227299775021,m75303855638,LOUIS VUITTON Epi Zippy Wallet Noir Long Wallet,2026-04-14T04:14:09.000Z,,589.99,0,2026-04-20 13:31:22
227299775328,m76729893918,Louis Vuitton Zippy Wallet Mahina Long Wallet Yellow Off-White,2026-04-14T04:14:46.000Z,,529.99,0,2026-04-20 13:31:22
227299775591,m77082084274,Louis Vuitton Monogram Fuchsia Zippy Clemence Long Wallet,2026-04-14T04:15:09.000Z,,529.99,0,2026-04-20 13:31:22
227299775894,m78476466022,Louis Vuitton Long Wallet Brand New with Dust Bag,2026-04-14T04:15:40.000Z,,859.99,0,2026-04-20 13:31:22
227299776969,m80989793560,Louis Vuitton M60743 Monogram Portefeuille Ramasse Long Wallet Brown,2026-04-14T04:16:57.000Z,,399.99,0,2026-04-20 13:31:22
227299779424,m87259346967,Louis Vuitton Trianon Vertical Blue Long Wallet,2026-04-14T04:20:19.000Z,,649.99,0,2026-04-20 13:31:22
227299780002,m88814337643,Louis Vuitton Epi Zippy Wallet Zip Indigo Blue M61873,2026-04-14T04:21:04.000Z,,409.99,0,2026-04-20 13:31:22
227299783867,m53842159865,Loewe Puzzle Folding Wallet with Complete Accessories - Excellent Condition,2026-04-14T04:22:04.000Z,,529.99,0,2026-04-20 13:31:22
227299784652,m90258400120,Louis Vuitton Epi Étain Zippy Wallet Grey Long Wallet,2026-04-14T04:22:16.000Z,,529.99,0,2026-04-20 13:31:22
227299785505,m90793713542,Louis Vuitton Eclipse Horizontal Long Wallet,2026-04-14T04:22:37.000Z,,849.99,0,2026-04-20 13:31:22
227299785552,m53889753920,Unused HERMES Pleated Scarf Carre 90 Silk 100%,2026-04-14T04:22:40.000Z,,599.99,0,2026-04-20 13:31:22
227299785890,m91514310045,Excellent Condition Louis Vuitton Aerogram Zippy Horizontal Long Wallet Black,2026-04-14T04:23:04.000Z,,529.99,0,2026-04-20 13:31:22
227299785900,m91744944299,Louis Vuitton Epi Leather Black Bi-Fold Wallet,2026-04-14T04:23:05.000Z,,419.99,0,2026-04-20 13:31:22
227299786243,m92046407424,Louis Vuitton Trianon LV Vertical Wallet Beige Long Wallet,2026-04-14T04:23:24.000Z,,529.99,1,2026-04-20 13:31:22
227299786816,m93001416000,Excellent Condition LOUIS VUITTON Portefeuille Sarah Emprunt Black Long Wallet,2026-04-14T04:23:42.000Z,,439.99,0,2026-04-20 13:31:22
227299786878,m93016344804,Louis Vuitton Damier Graphite Brother Bi-fold Long Wallet Black Gentlemen,2026-04-14T04:23:44.000Z,,449.99,0,2026-04-20 13:31:22
227299787430,m93748996743,LOUIS VUITTON Red Long Wallet,2026-04-14T04:24:05.000Z,,529.99,0,2026-04-20 13:31:22
227299787914,m94340937814,Louis Vuitton Monogram Insolite Purple Long Wallet M66568,2026-04-14T04:24:24.000Z,,429.99,0,2026-04-20 13:31:22
227299788094,m94156511223,Louis Vuitton Zippy Wallet Mahina Monogram Long Wallet Black,2026-04-14T04:24:33.000Z,,529.99,0,2026-04-20 13:31:22
227299788629,m95399926344,LOUIS VUITTON Portefeuille Emily Long Wallet,2026-04-14T04:25:07.000Z,,529.99,0,2026-04-20 13:31:22
227299789597,m96657691861,Louis Vuitton Monogram Two-Fold Wallet Coin Purse Unused Item,2026-04-14T04:25:56.000Z,,739.99,0,2026-04-20 13:31:22
227299789626,m96703851055,Louis Vuitton Portefeuille Sara Monogram Empreinte,2026-04-14T04:25:58.000Z,,829.99,0,2026-04-20 13:31:22
227299789952,m97221698764,Louis Vuitton Current RFID Tag Portefeuille Brazza M61697,2026-04-14T04:26:15.000Z,,619.99,0,2026-04-20 13:31:22
227299790266,m97566148408,Louis Vuitton Red Long Wallet in Excellent Condition,2026-04-14T04:26:28.000Z,,529.99,0,2026-04-20 13:31:22
227299790731,m97624546923,Louis Vuitton Yayoi Kusama Wallet Blue White Dots Unused Box Bag,2026-04-14T04:26:44.000Z,,849.99,0,2026-04-20 13:31:22
227299790872,m97705553831,Louis Vuitton Monogram Multicolor Zippy Wallet Black,2026-04-14T04:26:50.000Z,,449.99,0,2026-04-20 13:31:22
227299791852,m98841195841,Louis Vuitton Aerogram Porte-Document Wallet Long Wallet,2026-04-14T04:27:38.000Z,,599.99,0,2026-04-20 13:31:22
227299791976,m99701019649,Unused Louis Vuitton Taiga Portefeuille Multiple,2026-04-14T04:27:48.000Z,,549.99,0,2026-04-20 13:31:22
227299792143,m99736868982,Louis Vuitton Monogram Empreinte Clemence Black Long Wallet,2026-04-14T04:27:59.000Z,,559.99,0,2026-04-20 13:31:22
227299792263,m99757758478,Louis Vuitton Taiga Vertical Zippy Wallet Navy,2026-04-14T04:28:12.000Z,,529.99,0,2026-04-20 13:31:22
227299792323,m99841811686,Louis Vuitton Portefeuille Victoire Papyrus Mini Wallet,2026-04-14T04:28:16.000Z,,529.99,0,2026-04-20 13:31:22
227299793107,2JJbmUa9mT5iSJzhUWQdWz,Louis Vuitton Portefeuille Victoriine M81577 12x9cm PVC Brown/Gold Used,2026-04-14T04:28:41.000Z,,759.99,0,2026-04-20 13:31:22
227299793559,2JNBFwvk6oywUoZGTvKgJT,Louis Vuitton Three-Fold Wallet Monogram Reverse Portefeuille ZOE M80725,2026-04-14T04:29:21.000Z,,769.99,0,2026-04-20 13:31:22
227299793728,2JNDwzwkLHTtsnTqMvifRR,Louis Vuitton Portefeuille Rosalie Coin Case Card Case Mini Wallet Monogram,2026-04-14T04:29:29.000Z,,889.99,0,2026-04-20 13:31:22
227299794205,2JNBKFc9CHKMD7SsjosRxq,Louis Vuitton Monogram Porte-Feuille Céleste M81666 Ladies Wallet (Tri-Fold),2026-04-14T04:29:56.000Z,,529.99,0,2026-04-20 13:31:22
227299794408,2JNCE6GptAnSzh2Bff397z,LOUIS VUITTON Mini Wallet Discovery Compact Wallet M45417,2026-04-14T04:30:23.000Z,,679.99,0,2026-04-20 13:31:22
227299794544,2JNCEGdtDWcGFxjtpohM7B,LOUIS VUITTON Mini Wallet Discovery Compact Wallet M45417,2026-04-14T04:30:36.000Z,,619.99,0,2026-04-20 13:31:22
227299794786,2JNMMzJtNPAgJeYrGWf9Di,Louis Vuitton Portefeuille Victorine Tri-fold Wallet Short Wallet 80313,2026-04-14T04:31:02.000Z,,529.99,0,2026-04-20 13:31:22
227299794906,2JNNHpcFcM2Fq9t6Q7rKAf,Louis Vuitton Porte Monnaie Rosalie M62361 Compact Wallet Monogram,2026-04-14T04:31:13.000Z,,529.99,1,2026-04-20 13:31:22
227299795519,2JNRdCSszaEa7vbxkeFLYe,Louis Vuitton Multicolor Porte Monnaie Bi-Cartes Credit Compact Wallet レディース 中古,2026-04-14T04:31:30.000Z,,559.99,0,2026-04-20 13:31:22
227299796168,2JPiS3yP862GsnumBJPhcq,Louis Vuitton Damier Graphite Porte-Feuille Marco Black/Gray N62664 Men's Wallet,2026-04-14T04:32:09.000Z,,619.99,0,2026-04-20 13:31:22
227299796534,2JPmrNwnVK9kocEDeqASHu,Louis Vuitton Monogram Portefeuille Victoire M62472 RFID Wallet Brown,2026-04-14T04:32:46.000Z,,739.99,0,2026-04-20 13:31:22
227299796729,3brWQoyuoDbGXhQZT5iRYe,Unused LOUIS VUITTON Monogram Compact Zip Wallet M61667 Brown Gold Hardware,2026-04-14T04:33:14.000Z,,799.99,0,2026-04-20 13:31:22
227299797035,68rHAHx4xXNNJkLsZUAJ8L,Limited Edition Excellent Condition Louis Vuitton Zippy Wallet,2026-04-14T04:33:28.000Z,,529.99,1,2026-04-20 13:31:22
227299797305,ChrSjsUM96BofpMFMEWp5d,Louis Vuitton Capucines Compact Wallet Pink Taurillon Leather Used,2026-04-14T04:34:04.000Z,,739.99,0,2026-04-20 13:31:22
227299797758,fpgnm55f8amWjjfFSZBrUT,Louis Vuitton Coin Case Porte Monnaie Pla White Blon Multicolor,2026-04-14T04:34:28.000Z,,529.99,0,2026-04-20 13:31:22
227299797939,imbCo7khFYpbfbBurFeWLR,Louis Vuitton Monogram Wallet Compact Pink S Made in France Box,2026-04-14T04:34:45.000Z,,799.99,0,2026-04-20 13:31:22
227299797996,psVTDb4jXbAHBRnoWtm8RD,Louis Vuitton Coin Purse Zippy Coin Purse f-22136 Brown,2026-04-14T04:34:52.000Z,,529.99,0,2026-04-20 13:31:22
227299798443,sQZw2pUQ7Kkt5w9GXzSdM3,LOUIS VUITTON Monogram Empreinte Porte-Feuille Pont Neuf Compact Wallet Red,2026-04-14T04:35:18.000Z,,439.99,0,2026-04-20 13:31:22
227299798915,Vdw7wwThjxmyRwhjAYsGbY,Louis Vuitton Astropill Light Monogram Multicolor Keychain White,2026-04-14T04:35:28.000Z,,529.99,0,2026-04-20 13:31:22
227299799459,vHb3GnoxmE8ecpAVmUFvMA,Unused LOUIS VUITTON Monogram Compact Zip Fold Wallet M61667,2026-04-14T04:35:47.000Z,,879.99,0,2026-04-20 13:31:22
227299799610,m54596670709,HERMES Gear Design Silk Scarf,2026-04-14T04:36:06.000Z,,579.99,0,2026-04-20 13:31:22
227299799755,m55121855339,HERMÈS Fruit Design Scarf,2026-04-14T04:36:17.000Z,,689.99,0,2026-04-20 13:31:22
227299799860,m55244964953,HERMÈS Scarf Carre 90 Brides et Destin,2026-04-14T04:36:26.000Z,,759.99,0,2026-04-20 13:31:22
227299799936,m55669347534,Louis Vuitton Long Wallet,2026-04-14T04:36:32.000Z,,529.99,0,2026-04-20 13:31:22
227299800032,m56037134511,GUCCI Dog Charm Keychain GG Pattern,2026-04-14T04:36:41.000Z,,389.99,0,2026-04-20 13:31:22
227299800068,m56412892492,HERMES Scarf Carré 90 Chromatic Galop Silk,2026-04-14T04:36:46.000Z,,419.99,0,2026-04-20 13:31:22
227299800158,m56504323082,HERMÈS Béarn Classic Two-Fold Long Wallet Epson Black Gold,2026-04-14T04:37:01.000Z,,529.99,4,2026-04-20 13:31:22
227299800384,m56847171356,Louis Vuitton Taiga Brother Redline Black Business Navy,2026-04-14T04:37:17.000Z,,529.99,0,2026-04-20 13:31:22
227299800425,m56887830280,HERMES Scarf 45 L'ECOLE DE LA CHASSE New Unused,2026-04-14T04:37:21.000Z,,509.99,0,2026-04-20 13:31:22
227299800643,m58245362282,Hermès Scarf,2026-04-14T04:37:44.000Z,,639.99,0,2026-04-20 13:31:22
227299800778,m58445353726,Hermès Dogon GM Noir Black Folded Wallet Silver Hardware Ladies,2026-04-14T04:37:53.000Z,,399.99,0,2026-04-20 13:31:22
227299800951,m58618200768,HERMES Folding Wallet,2026-04-14T04:37:59.000Z,,609.99,0,2026-04-20 13:31:22
227299801123,m58641720625,HERMES Pink Scarf Pattern Long Wallet,2026-04-14T04:38:11.000Z,,409.99,0,2026-04-20 13:31:22
227299801227,m59155518025,"New, Unused HERMES Scarf",2026-04-14T04:38:16.000Z,,709.99,0,2026-04-20 13:31:22
227299801352,m59222438752,GUCCI Logo Card Case,2026-04-14T04:38:23.000Z,,419.99,0,2026-04-20 13:31:22
227299801466,m59928695150,HERMES Key Ring H Tuspido Silver 8M45,2026-04-14T04:38:42.000Z,,549.99,0,2026-04-20 13:31:22
227299801512,m61345500058,Unused HERMES Scarf Fleurs De Fuchsia Ladies Carre 90,2026-04-14T04:38:48.000Z,,459.99,0,2026-04-20 13:31:22
227299801727,m62035513117,HERMES Keychain Carmen Tricolor Tassel K Stamp,2026-04-14T04:39:08.000Z,,549.99,0,2026-04-20 13:31:22
227299802059,m64083513000,HERMÈS Ciels Byzantins 90cm Silk Scarf New Orange Box Collectible,2026-04-14T04:39:44.000Z,,639.99,0,2026-04-20 13:31:22
227299802100,m64601209962,HERMES Scarf Magie des Mains Handwork Charm,2026-04-14T04:39:45.000Z,,409.99,0,2026-04-20 13:31:22
227299802148,m65547571016,HERMES Black Leather Coin Case,2026-04-14T04:39:57.000Z,,429.99,0,2026-04-20 13:31:22
227299802240,m66548290479,HERMÈS MC2 Flemming Long Wallet Brown Gold Card Case,2026-04-14T04:40:19.000Z,,529.99,1,2026-04-20 13:31:22
227299802247,m66946684222,Hermès Garvy Duo Etoupe,2026-04-14T04:40:20.000Z,,629.99,0,2026-04-20 13:31:22
227299802300,m67150355954,Hermès Silk Scarf Carre 90,2026-04-14T04:40:33.000Z,,739.99,0,2026-04-20 13:31:22
227299802374,m67307595435,Beautiful! Louis Vuitton Business Card Holder Vernis Card Case Patent Leather,2026-04-14T04:40:48.000Z,,429.99,0,2026-04-20 13:31:22
227299802481,m67711067269,Hermès Carre 60 Scarf Silk Robocaval Double Face with Tag,2026-04-14T04:41:03.000Z,,779.99,0,2026-04-20 13:31:22
227299802612,m68840777036,GUCCI Key Case Beige/Brown,2026-04-14T04:41:17.000Z,,409.99,0,2026-04-20 13:31:22
227299803072,m69670574353,HERMES Card Case Calvi Grizzasfalt Epson,2026-04-14T04:41:34.000Z,,709.99,0,2026-04-20 13:31:22
227299803105,m69091150991,HERMES Kalliduo Brown Card Case,2026-04-14T04:41:36.000Z,,719.99,0,2026-04-20 13:31:22
227299803313,m70669766163,HERMES Concerto Carre 45 45 Silk Scarf Yellow Music Excellent No Accessories,2026-04-14T04:41:50.000Z,,429.99,0,2026-04-20 13:31:22
227299803969,m73367972752,Hermès 2022 Twilly Domestic Purchase New,2026-04-14T04:43:04.000Z,,409.99,0,2026-04-20 13:31:22
227299804008,m73055852060,Louis Vuitton Long Wallet Monogram Jacquard Zippy Wallet 1543,2026-04-14T04:43:11.000Z,,639.99,0,2026-04-20 13:31:22
227299804098,m73763456847,HERMES Silk Scarf,2026-04-14T04:43:24.000Z,,499.99,0,2026-04-20 13:31:22
227299804191,m74723532115,Louis Vuitton Long Wallet Monogram,2026-04-14T04:43:36.000Z,,409.99,0,2026-04-20 13:31:22
227299804482,m75854424816,HERMES Chevre Mysore Bastia Coin Case 1751,2026-04-14T04:44:10.000Z,,529.99,0,2026-04-20 13:31:22
227299804695,m79155582073,HERMÈS Scarf 87x89cm 100% Silk Pink Lady Print Pre-Owned No Box,2026-04-14T04:44:49.000Z,,709.99,0,2026-04-20 13:31:22
227299804709,m78706275706,Hermès Carre 65 Scarf H Perpetuel H Perpetual,2026-04-14T04:44:50.000Z,,499.99,0,2026-04-20 13:31:22
227299805666,m83025080095,HERMES Unused Silk Scarf,2026-04-14T04:46:04.000Z,,629.99,0,2026-04-20 13:31:22
227299805843,m82483307051,Louis Vuitton Monogram Empreinte Black Long Wallet,2026-04-14T04:46:10.000Z,,659.99,0,2026-04-20 13:31:22
227299805958,m84084681815,Louis Vuitton Card Case Monogram Excellent Condition,2026-04-14T04:46:24.000Z,,409.99,0,2026-04-20 13:31:22
227299806017,m84673605386,Hermès Calvi Duo Epson,2026-04-14T04:46:36.000Z,,739.99,0,2026-04-20 13:31:22
227299807012,m85171335167,HERMES Brides de Gala Scarf 90cm Silk Ivory Beige Rare with Bag,2026-04-14T04:46:58.000Z,,799.99,1,2026-04-20 13:31:22
227299807155,m85503539195,Rare HERMES Scarf Ring Cosmos,2026-04-14T04:47:13.000Z,,539.99,0,2026-04-20 13:31:22
227299807277,m86557167697,HERMÈS Carré 76cm Silk Leopard Black Scarf Dog Motif Pre-Owned,2026-04-14T04:47:28.000Z,,529.99,0,2026-04-20 13:31:22
227299807560,m87884555165,HERMES Carré 90 Scarf Caraïbes Silk New Unused,2026-04-14T04:47:59.000Z,,429.99,0,2026-04-20 13:31:22
227299808269,m88812288539,HERMÈS Carré 90 Silk Scarf Secret Garden Unused Excellent Condition,2026-04-14T04:48:22.000Z,,529.99,0,2026-04-20 13:31:22
227299808389,m89132726382,HERMES Dogon GM Duo Togo Long Wallet,2026-04-14T04:48:41.000Z,,529.99,1,2026-04-20 13:31:22
227299808412,m89864690636,LOUIS VUITTON Epi Zippy Wallet Long Wallet M61857,2026-04-14T04:48:44.000Z,,629.99,0,2026-04-20 13:31:22
227299808510,m90283013640,HERMES Scarf Carre 90 H Cinetique,2026-04-14T04:48:59.000Z,,459.99,0,2026-04-20 13:31:22
227299808518,m90716778005,HERMES Dogon GM Vo Swift Wallet Blue Jean Silver Excellent Condition,2026-04-14T04:49:01.000Z,,649.99,0,2026-04-20 13:31:22
227299808595,m91253584974,HERMES Azap Long Silk-in Zipper Wallet ▢Q Stamp,2026-04-14T04:49:19.000Z,,419.99,0,2026-04-20 13:31:22
227299808613,m91453699237,Gucci Marmont Card Case 8x11cm Leather Black GG Logo New w/Box & Dustbag,2026-04-14T04:49:23.000Z,,449.99,0,2026-04-20 13:31:22
227299809260,m93777000064,HERMÈS Scarf Cale 90 Silk Multicolor Brand Logo Authentic No Accessories,2026-04-14T04:50:28.000Z,,849.99,0,2026-04-20 13:31:22
227299809748,m94936642081,Gucci Tiger Leather Card Case Guccissima Green 428542 New w/ Dust Bag & Box,2026-04-14T04:50:47.000Z,,419.99,0,2026-04-20 13:31:22
227299810002,m96492849189,"HERMES Carré 90 ""Space Derby""",2026-04-14T04:51:15.000Z,,819.99,0,2026-04-20 13:31:22
227299810220,m97528085471,Hermès Silk Scarf Carré 90 Concerto with Tag,2026-04-14T04:51:36.000Z,,609.99,0,2026-04-20 13:31:22
227299810288,m98146449805,Authenticated Hermes Béarn Classic Long Wallet Leather Brown,2026-04-14T04:51:44.000Z,,529.99,0,2026-04-20 13:31:22
227299810434,m98003376986,Louis Vuitton Taiga Vertical Zippy Wallet Noir Black,2026-04-14T04:51:58.000Z,,529.99,0,2026-04-20 13:31:22
227299810912,2JGKbJb5HJ5ZRWznKxT96C,Gucci Key Case Animalier 6-Key Holder Leather Black Bee Logo New 523683,2026-04-14T04:53:09.000Z,,429.99,0,2026-04-20 13:31:22
227299811094,2JGTWgaSg8Qp5QdADLNer8,GUCCI GG Emblem Card Case Business Card Holder Pass Case GG Supreme Canvas,2026-04-14T04:53:40.000Z,,529.99,0,2026-04-20 13:31:22
227299811275,2JHrYhHx2tc4SZc6DTXeqv,HERMES Scarf Fringed Logo Cashmere Brown,2026-04-14T04:54:22.000Z,,599.99,0,2026-04-20 13:31:22
227299811858,2JHVi9symgWEFRdj5m3Ckq,Beautiful LOUIS VUITTON Trunks Portefeuille Brazza Brown Silver Hardware Wallet,2026-04-14T04:55:17.000Z,,429.99,0,2026-04-20 13:31:22
227299812797,2JJ7f3wAFvPvcuaPyaBkJd,GUCCI GG MARMONT 813353 DTDHD Key Case New,2026-04-14T04:56:40.000Z,,809.99,0,2026-04-20 13:31:22
227299813106,2JJQPh5CFKbTfrynowfpN2,Louis Vuitton Epi Portefeuille Sara Long Wallet Red Silver Hardware 506587,2026-04-14T04:57:22.000Z,,439.99,0,2026-04-20 13:31:22
227299813253,2JJQUMdMkRGWWbbxvuDAf7,LOUIS VUITTON Zippy Wallet Vertical Black M58412 Long Wallet Men's Used,2026-04-14T04:57:45.000Z,,429.99,0,2026-04-20 13:31:22
227299813456,2JJR76tgQscMZgZg4sUm7E,"Gucci Ladies Key Holder Key Ring Charm Heart Shape Price 71,500 yen",2026-04-14T04:58:28.000Z,,669.99,0,2026-04-20 13:31:22
227299814963,2JMdpK7YnCY7RQrp83d8iM,HERMES Scarf Twilly Silk Green Gray Multicolor New City of Light Box,2026-04-14T05:02:35.000Z,,429.99,0,2026-04-20 13:31:22
227299815666,2JMgYMDSqo3JAXtJSC6cKH,GUCCI Engraved Signature Keyring 819008 J8400 8106 Silver925 Keyholder,2026-04-14T05:03:26.000Z,,429.99,0,2026-04-20 13:31:22
227299815832,2JMKkzkVvJcB5bWicBLjJd,Gucci Card Case 773428 Leather Pink Logo Used with Box & Dust Bag,2026-04-14T05:03:53.000Z,,449.99,0,2026-04-20 13:31:22
227299816074,2JMKYGyeGLvKpxMkaQPYHj,Gucci GG Supreme Key Case 795649 AADQE 5741 Beige PVC Leather New,2026-04-14T05:04:22.000Z,,529.99,0,2026-04-20 13:31:22
227299816166,2JMpCnXFoxRkTh5mr7qasc,HERMES Card Case Coin Case Calvi Duo W Stamp Voix Madame Deep Blue,2026-04-14T05:04:52.000Z,,639.99,0,2026-04-20 13:31:22
227299816394,2JMwf6jLkAobxeWcP4EtNY,HERMES Calvi Duo Coin Case Epson Veil Yukka B Stamp 2023 Year Excellent,2026-04-14T05:05:31.000Z,,719.99,0,2026-04-20 13:31:22
227299820740,2JN3VTqfYDCUe4ZYiZvFXk,Louis Vuitton Monogram Long Wallet Rank: A,2026-04-14T05:11:55.000Z,,409.99,0,2026-04-20 13:31:22
227299821210,2JN4AfDqVXppV8vHosecHG,Hermès Mini Chaine d'Ancre Perforé Twilly Ring Silver Color Scarf Ring,2026-04-14T05:13:14.000Z,,539.99,0,2026-04-20 13:31:22
227299821879,2JN4LjczPoETj4iYnUPBeX,Unused HERMES Petit H Fruit Motif Keychain for Women,2026-04-14T05:13:39.000Z,,479.99,0,2026-04-20 13:31:22
227299822467,2JNB5D8hs8qdo4k9FuXMN5,HERMES Scarf 90 OFFRANDES D'UN JOUR Flower Offering Unisex Magenta,2026-04-14T05:14:47.000Z,,629.99,0,2026-04-20 13:31:22
227299822972,2JNB5DDGGPTV4aKScWJ6Zu,HERMES Scarf 90 Les Triples Mischievous Triplets Unisex Orange【Used】,2026-04-14T05:15:15.000Z,,629.99,0,2026-04-20 13:31:22
227299823138,2JNB5DPfQB2XiXPPib7L2E,HERMES Carre 90 MARCHE FLOTTANT DU LAC INLE Unisex Scarf Yellow【Used】,2026-04-14T05:15:42.000Z,,489.99,0,2026-04-20 13:31:22
227299823261,2JNBBUKAYMfUSB5JmoWtUW,HERMES Le Van Quatre Sheepskin Coin Case Blue Ladies Used,2026-04-14T05:16:08.000Z,,429.99,0,2026-04-20 13:31:22
227299823423,2JNBKGJU6frbkYNdraUcPx,"Louis Vuitton Damier Azur Portefeuille Sara N60232 Long Wallet Rose Ballerine,",2026-04-14T05:16:38.000Z,,709.99,0,2026-04-20 13:31:22
227299823767,2JNBKJvbyxRs36PVVdj2pe,Louis Vuitton Damier Zippy Organizer N60003 Long Wallet Ebeune,2026-04-14T05:17:10.000Z,,529.99,0,2026-04-20 13:31:22
227299824160,2JNBL2JwbS5xDtUVBWb8c6,HERMES Scarf 90 ANIMAUX SOLAIRES Multicolor Silk 100% Large Item Only,2026-04-14T05:17:39.000Z,,459.99,0,2026-04-20 13:31:22
227299824588,2JNBNWTvDVUgttyhrR6RVN,Louis Vuitton Monogram Eclipse Zippy Wallet Vertical M62295 Long Wallet,2026-04-14T05:18:10.000Z,,689.99,0,2026-04-20 13:31:22
227299824802,2JNBs9CSxMcCNeGe5zwUcZ,Louis Vuitton Zippy Long Wallet Monogram Empreinte Studs,2026-04-14T05:18:42.000Z,,529.99,0,2026-04-20 13:31:22
227299825135,2JNBWMERfPHxY4PW8GYxhz,Louis Vuitton ■Beautiful Condition■ Vertical Wallet Long Wallet M82441,2026-04-14T05:19:09.000Z,,529.99,0,2026-04-20 13:31:22
227299825421,2JNCE7gJnXeYEBsXX5jkLE,HERMES Card Case Calvi,2026-04-14T05:19:31.000Z,,639.99,0,2026-04-20 13:31:22
227299825543,2JNCEHMrjc9U7LNezpn4bR,HERMES Card Case Calvi,2026-04-14T05:19:55.000Z,,699.99,0,2026-04-20 13:31:22
227299825726,2JNEk27yAXd8ZvaJHuZKx7,HERMES Scarf Carre 90 RIDES DE GALA EN FLEURS Women's,2026-04-14T05:20:26.000Z,,869.99,0,2026-04-20 13:31:22
227299826145,2JNCUFmbu7eikBZBVwW4An,GUCCI GG Supreme Ophidia Card Case PVC Leather Brown GG,2026-04-14T05:20:57.000Z,,529.99,0,2026-04-20 13:31:22
227299826394,2JNDuuTRdj88RmseVLnvDw,HERMES Dogon Folding Wallet Togo Leather Blue Jean Unisex Pre-owned,2026-04-14T05:21:24.000Z,,529.99,0,2026-04-20 13:31:22
227299826564,2JNEFS7dEYbGeQUgoC48FD,Louis Vuitton Zippy Wallet Round Zip Long Wallet Monogram Mahina Black M61867,2026-04-14T05:21:49.000Z,,759.99,0,2026-04-20 13:31:22
227299826734,2JNEhVVqqBtEwekvjKyXsx,HERMES Scarf Twilly,2026-04-14T05:22:12.000Z,,429.99,0,2026-04-20 13:31:22
227299827001,2JNEJs7nSAJLXaedv9XUDC,HERMES Scarf Silk Carré 90 FERIA DE SEVILLA Holiday in Seville Green,2026-04-14T05:22:39.000Z,,489.99,0,2026-04-20 13:31:22
227299827149,2JNENqXHxHWockqzW74EPB,HERMES Calvi Card Case Orange U Stamp with Box Silver Hardware,2026-04-14T05:23:05.000Z,,529.99,0,2026-04-20 13:31:22
227299827270,2JNENrYLrYVfuibHWiGoxS,"HERMES Twilly A Vos Crayons Silk 100% Scarf 2025, Boxed,",2026-04-14T05:23:30.000Z,,459.99,0,2026-04-20 13:31:22
227299827407,2JNEPFFA53DUoxN8E5zoST,HERMES Silk Scarf carré 90 sous les oranges Beige with Box,2026-04-14T05:23:58.000Z,,819.99,0,2026-04-20 13:31:22
227299827486,2JNETzztBZjf9mAWKykMhb,"Hermès Twilly ""Willy Alphabet 3 Forest Animals"" H064030S Spring/Summer 2024",2026-04-14T05:24:20.000Z,,429.99,0,2026-04-20 13:31:22
227299867161,2JPahyK9YN2u3BJpUo8mqz,Hermès Carmen Tassel Keyholder Bag Charm Keyring Green /34686,2026-04-14T06:16:09.000Z,,449.99,0,2026-04-20 13:31:22
227299867414,2JPaLmf3HRukqoQGW9y2TM,Gucci Key Case Script Zip Leather 790102 Coin Case,2026-04-14T06:16:34.000Z,,409.99,0,2026-04-20 13:31:22
227299867541,2JPaWbWm8MEd8EGEkYhXu3,HERMES Carre 90 Scarf 100% Silk Used Ladies,2026-04-14T06:16:57.000Z,,429.99,0,2026-04-20 13:31:22
227299868446,2JPBhubZrbtcPJhKZ9q6Bt,GUCCI Key Holder Coated Mini Bamboo Charm Key Ring 828187 IAAFM 8086 Outlet,2026-04-14T06:18:40.000Z,,479.99,0,2026-04-20 13:31:22
227299870978,2JPEPP9KoCTbaNzauU9M4x,Gucci 763286 Ophidia GG Supreme Canvas Leather Navy Card Case with Box,2026-04-14T06:20:36.000Z,,529.99,0,2026-04-20 13:31:22
227299881758,m62113021185,Dior Fold Wallet Lady Dior Lotus Wallet Black 2629,2026-04-14T06:27:30.000Z,,529.99,0,2026-04-20 13:31:22
227299881992,2JPiRmA4wyuMTVMFWd3jDB,HERMES Twilly Les Cles a Pois Multicolor Silk Women's Scarf,2026-04-14T06:28:00.000Z,,419.99,0,2026-04-20 13:31:22
227299883139,m64694709458,【Excellent Condition】CHANEL Long Wallet Coco Mark Salmon Pink,2026-04-14T06:29:53.000Z,,529.99,0,2026-04-20 13:31:22
227299883592,m66204450399,Gucci Fold Wallet Micro GG Shima Compact Wallet Black 2798,2026-04-14T06:30:37.000Z,,429.99,0,2026-04-20 13:31:22
227299883765,m66592387327,CHANEL Coco Mark Calf Long Wallet Black A-12178,2026-04-14T06:31:02.000Z,,529.99,0,2026-04-20 13:31:22
227299884139,m67260135456,Lady Dior Yuzu Key Case 【Japan Limited】,2026-04-14T06:32:13.000Z,,579.99,0,2026-04-20 13:31:22
227299884517,m67271824615,Bottega Veneta Cassette Long Wallet Maxi Intreccio Black,2026-04-14T06:32:38.000Z,,609.99,0,2026-04-20 13:31:22
227299884739,m67458039490,Gucci Long Wallet Diamante Studs Round Zipper Black 2757,2026-04-14T06:33:02.000Z,,529.99,0,2026-04-20 13:31:22
227299884886,m67648543082,GUCCI Wallet Micro GG Black with Box 2750,2026-04-14T06:33:24.000Z,,449.99,0,2026-04-20 13:31:22
227299885091,m67754011752,CHANEL Coco Matelasse Wild Stitch Long Wallet Blue,2026-04-14T06:33:41.000Z,,429.99,0,2026-04-20 13:31:22
227299885278,m68153411472,Bottega Veneta Flap Wallet Japan Limited Edition Color,2026-04-14T06:34:03.000Z,,799.99,0,2026-04-20 13:31:22
227299885646,m68466060240,GUCCI Long Wallet Jumbo GG Zip Around Wallet Black,2026-04-14T06:34:33.000Z,,889.99,0,2026-04-20 13:31:22
227299885911,2JPkqcCAVcYG3G2gKvJQFx,HERMES Carre 90 Silk Blue Ladies Scarf,2026-04-14T06:34:55.000Z,,479.99,0,2026-04-20 13:31:22
227299885919,m68829069180,GUCCI Long Wallet for Men,2026-04-14T06:34:56.000Z,,799.99,0,2026-04-20 13:31:22
227299886175,m69015381481,Excellent Condition CHANEL Deauville Zippy Long Wallet Denim Ladies,2026-04-14T06:35:17.000Z,,529.99,0,2026-04-20 13:31:22
227299886371,m69784506601,Gucci Double G Bi-Color Continental Wallet New Condition Accessories,2026-04-14T06:35:32.000Z,,699.99,0,2026-04-20 13:31:22
227299886770,m70362055146,Unused GUCCI GG Microguccissima Round Zip Wallet Pink,2026-04-14T06:36:03.000Z,,559.99,0,2026-04-20 13:31:22
227299887007,m71150440949,CHANEL Stole,2026-04-14T06:36:17.000Z,,819.99,0,2026-04-20 13:31:22
227299887481,m71480944326,LOEWE Anagram Fragment Case Coin Case in Excellent Condition,2026-04-14T06:36:56.000Z,,389.99,0,2026-04-20 13:31:22
227299887609,2JPmbpcDS8EjkwVLCj9UPy,HERMES Scarf Twilly CEST LA FETA Aldouard Claire/Rose Pale/Blue Marine,2026-04-14T06:37:05.000Z,,489.99,0,2026-04-20 13:31:22
227299887727,m71562755111,COACH Mini Bag Key Ring Key Holder Leather Fringe,2026-04-14T06:37:12.000Z,,709.99,0,2026-04-20 13:31:22
227299888009,m71577185418,PRADA☆Authenticated☆Saffiano 1ML225 Compact Wallet,2026-04-14T06:37:30.000Z,,349.99,0,2026-04-20 13:31:22
227299888317,m72196811911,"GUCCI Rare Wallet New with Box for Job, School, Graduation Gift",2026-04-14T06:38:02.000Z,,529.99,0,2026-04-20 13:31:22
227299888638,2JPmnwfSwEMFQz7EseVCnf,LOUIS VUITTON Damier Graphite Portefeuille Brother N62665 BLACK,2026-04-14T06:39:06.000Z,,529.99,0,2026-04-20 13:31:22
227299888663,m72849277067,BURBERRY Long Wallet TB Logo Flap Black Leather,2026-04-14T06:39:13.000Z,,529.99,0,2026-04-20 13:31:22
227299888784,2JPmqVS9nz5MkCc3pokxzs,HERMES Medium Wallet Azap Compact Silk-In,2026-04-14T06:39:32.000Z,,799.99,0,2026-04-20 13:31:22
227299888801,m73689262114,Prada Saffiano Long Wallet,2026-04-14T06:39:35.000Z,,529.99,0,2026-04-20 13:31:22
227299888960,m74058826477,miumiu Matelassé Leather Wallet with Guarantee Card,2026-04-14T06:40:05.000Z,,529.99,0,2026-04-20 13:31:22
227299889402,2JPNAU6Led7hbtL2NEQNzX,Louis Vuitton Taigarama Zippy Wallet Vertical Slim Long Wallet Blue,2026-04-14T06:40:47.000Z,,529.99,0,2026-04-20 13:31:22
227299889420,2JPNB62BmKKxjrj2jwJDHE,"Hermès Carre 90 ""CIELS BYZANTINS"" Byzantine Sky H001400S Peacock Scarf Orange",2026-04-14T06:40:48.000Z,,529.99,0,2026-04-20 13:31:22
227299890432,m76354042548,CHANEL Trifold Wallet Caviar Skin Black Matorasse (Excellent Condition),2026-04-14T06:41:35.000Z,,749.99,0,2026-04-20 13:31:22
227299890440,2JPNejxhxQd4anRZWxzHQm,Unused Twilly MORS A JOUETS CHEMISE Bit Shimeez Navy Hermes MerciMuse,2026-04-14T06:41:35.000Z,,479.99,0,2026-04-20 13:31:22
227299890508,2JPNekx3Ur7JgZcoFncoEw,Unused Twilly SUR MON NUAGE My Cloud Black Hermes MerciMuse,2026-04-14T06:41:38.000Z,,479.99,0,2026-04-20 13:31:22
227299890648,m76664206318,New LOEWE Long Wallet Unused with Box/Certificate Navy Blue,2026-04-14T06:41:56.000Z,,799.99,0,2026-04-20 13:31:22
227299890759,2JPNiorx8sSSinCcjpPtgY,LOUIS VUITTON Portefeuille Victorine Monogram RFID Brown x Light Pink Wallet,2026-04-14T06:42:09.000Z,,609.99,0,2026-04-20 13:31:22
227299890847,m76835147473,CHANEL Scarf Coco Mark Paisley Pattern Multicolor,2026-04-14T06:42:19.000Z,,589.99,0,2026-04-20 13:31:22
227299891410,m77538667013,Loewe Coin Card Holder Napa Calf Leather Albers New Unused,2026-04-14T06:43:17.000Z,,529.99,0,2026-04-20 13:31:22
227299891488,2JPNZUkU4vshg23Tj53axM,HERMES Calvi Duo W Coin Case st【Used】,2026-04-14T06:43:25.000Z,,809.99,0,2026-04-20 13:31:22
227299892013,m78200895371,CHANEL Bifold Wallet Leather Black Card Pockets Box Dustbag,2026-04-14T06:44:06.000Z,,609.99,0,2026-04-20 13:31:22
227299892132,m85033814037,GUCCI GG Blooms Large Shawl Scarf,2026-04-14T06:44:18.000Z,,549.99,0,2026-04-20 13:31:22
227299892254,m79055608177,GUCCI Double G Bi-Color Mini Wallet,2026-04-14T06:44:25.000Z,,619.99,0,2026-04-20 13:31:22
227299892747,2JPWC2Ytmoxu7QAQVbCD2p,HERMES Bag Charm Sac Orange Unisex New Unsold Display Item,2026-04-14T06:45:00.000Z,,459.99,0,2026-04-20 13:31:22
227299893307,m80606543901,Gucci Ophidia Wallet 2-Fold Leather New Green Boxed,2026-04-14T06:46:27.000Z,,559.99,0,2026-04-20 13:31:22
227299893447,m81295925808,DIOR Dior Lotus Wallet Silver Excellent Condition,2026-04-14T06:46:47.000Z,,539.99,0,2026-04-20 13:31:22
227299893510,2mCsHZDpombBtBmBvGPwpA,HERMES Carmen Uno Dos Key Holder Key Ring Charm with 2 Fringes Orange New,2026-04-14T06:46:57.000Z,,469.99,0,2026-04-20 13:31:22
227299893742,m82347755622,CHANEL Caviar Long Wallet Leather Black Silver Quilted w/Box Cards Ribbon,2026-04-14T06:47:20.000Z,,529.99,0,2026-04-20 13:31:22
227299893862,3iBksdeL43XzAJsoBDcoM,Beautiful HERMES Carre 90 CONFIDENTS DES COEURS Teddy Bear Silk Scarf,2026-04-14T06:47:43.000Z,,489.99,0,2026-04-20 13:31:22
227299894012,3voMcfDrGF4q8NZ9dQUt7F,HERMES Carre 90 CIRQUE MOLIER Yellow Silk Scarf 100% Excellent Condition,2026-04-14T06:48:08.000Z,,469.99,1,2026-04-20 13:31:22
227299894408,m83701472126,LOEWE Trifold (Soft Grain Calf) Three-Fold Wallet,2026-04-14T06:49:00.000Z,,529.99,0,2026-04-20 13:31:22
227299894413,4RB2sb58c3YMH8wxKkxN7P,HERMES Scarf Carré 90 Plumes et Grelots Feather and Bells Beautiful Item,2026-04-14T06:49:02.000Z,,409.99,0,2026-04-20 13:31:22
227299894664,m84165603481,Unused ✨ Box Included Prada Saffiano Leather Metal Logo Compact Wallet,2026-04-14T06:49:29.000Z,,719.99,0,2026-04-20 13:31:22
227299894678,54fwwta7mDmTNPqdAR9Rgh,HERMES Scarf Carré 90 Brandenbourg Design Silk Black with Box,2026-04-14T06:49:31.000Z,,709.99,0,2026-04-20 13:31:22
227299894953,m84384036281,PRADA Saffiano Wallet Black 1mv204,2026-04-14T06:49:54.000Z,,529.99,0,2026-04-20 13:31:22
227299895137,5vpLhfk3G3xV9dqFbE5cwe,Unused HERMES Scarf 90 Nuba Mountain Silk 100% Red,2026-04-14T06:50:15.000Z,,709.99,0,2026-04-20 13:31:22
227299895143,5QQDGBcKDSrciSjMnhJ9rV,HERMES Scarf 90 Neige d'Antan Last Year's Snow Christmas Silk 2001,2026-04-14T06:50:16.000Z,,599.99,0,2026-04-20 13:31:22
227299895228,m84945157559,GUCCI GG Petit Marmont Compact Zip Wallet in Very Good Condition,2026-04-14T06:50:24.000Z,,529.99,0,2026-04-20 13:31:22
227299895229,5wnjzCcQedVNRy3Vm8CzQm,HERMES Astres et Soleils Scarf 90cm Silk Yellow Red Boxed,2026-04-14T06:50:24.000Z,,469.99,0,2026-04-20 13:31:22
227299895454,6hxCTtysES8b7GSntNaDW8,Sale HERMES Scarf Carré 90 Pourvu qu'on ait l'ivresse Perfume Unused,2026-04-14T06:50:41.000Z,,539.99,0,2026-04-20 13:31:22
227299895465,m85161857438,Gucci x Balenciaga 681700 Three-Fold Wallet The Hacker Project,2026-04-14T06:50:42.000Z,,529.99,0,2026-04-20 13:31:22
227299895475,m85301154102,CHANEL Card Case Caviar Skin Black 1179,2026-04-14T06:50:44.000Z,,889.99,0,2026-04-20 13:31:22
227299895479,5xzJrucCs7QwxWqdqFnZkU,HERMES Carre 90 DES PLAGES NORMANDES2 Silk Scarf,2026-04-14T06:50:44.000Z,,489.99,0,2026-04-20 13:31:22
227299895699,6dRiinGAX57AnRgQ8RrvBL,HERMES Scarf Carré 90 AFRICA Navy,2026-04-14T06:50:54.000Z,,529.99,0,2026-04-20 13:31:22
227299895801,m85785625754,Chanel Caviar Skin Long Wallet Black Gold Trim Beautiful Condition,2026-04-14T06:51:00.000Z,,529.99,0,2026-04-20 13:31:22
227299895871,6iPKYYU6VyrgLvfXxexTLh,Beautiful Hermes Carré 90 Silk Scarf Aux Portes du Palais Green,2026-04-14T06:51:08.000Z,,489.99,0,2026-04-20 13:31:22
227299895910,6krLotEKUSr5xUHifEFhrJ,HERMES Scarf 90 MONSIEUR ET MADAME Pattern Silk Multi-Color,2026-04-14T06:51:12.000Z,,599.99,0,2026-04-20 13:31:22
227299896270,6Pvp7ZasFhr2LhEVA9hjHT,HERMES Scarf Carré 90 Silk Offrandes D'un Jour Multicolor,2026-04-14T06:51:23.000Z,,819.99,0,2026-04-20 13:31:22
227299896584,m86641913104,Saint Laurent 617415 Leather Cassandra Round Zipper Long Wallet,2026-04-14T06:51:31.000Z,,529.99,0,2026-04-20 13:31:22
227299896610,6q5sgdQnCGGn3PUS2aEDDT,HERMES Scarf Les Jardins d’Andalousie Multi-Color Silk,2026-04-14T06:51:34.000Z,,599.99,1,2026-04-20 13:31:22
227299896645,m86767336512,GUCCI Folded Wallet Logo Black,2026-04-14T06:51:39.000Z,,389.99,0,2026-04-20 13:31:22
227299896650,6SjUkuArDDNnH6nBdqwMeW,Excellent Condition Hermes Carré 90 RETOUR A LA TERRE Silk Scarf,2026-04-14T06:51:39.000Z,,819.99,0,2026-04-20 13:31:22
227299896813,m87049268957,Gucci Ophidia Wallet 19.5x11cm GG Canvas Beige/Ebony Goldtone Hardw. Mint,2026-04-14T06:51:54.000Z,,599.99,0,2026-04-20 13:31:22
227299896855,m87103032699,BURBERRY Long Wallet Nova Check Plate Coin Purse,2026-04-14T06:51:56.000Z,,419.99,0,2026-04-20 13:31:22
227299896878,6SniPFnYRrQyV4CoVDr9Ze,Louis Vuitton Monogram Giant Wallet Canvas Brown EUC,2026-04-14T06:51:57.000Z,,659.99,0,2026-04-20 13:31:22
227299897104,7SCSzaeiD7GEjYaCAaSFj9,Beautiful HERMES Scarf Carré 90 DIP DYE JUNGLE LOVE with Box,2026-04-14T06:52:08.000Z,,709.99,0,2026-04-20 13:31:22
227299897131,m87257059117,CHANEL Long Wallet,2026-04-14T06:52:09.000Z,,529.99,0,2026-04-20 13:31:22
227299897492,m87853915153,Unused ✨ Rare Boxed GUCCI GG Shadow Rosso Ancora Bifold Wallet,2026-04-14T06:52:25.000Z,,689.99,0,2026-04-20 13:31:22
227299897796,7iGPiczoJKkLPsAk4F7QRC,HERMES Scarf Silk Carré 90 Vive les champions! Soccer Blue,2026-04-14T06:52:35.000Z,,709.99,0,2026-04-20 13:31:22
227299897806,7CvgWV9oWRoWTmgePo4mq3,HERMES Scarf Silk Carre 90 Bartholdi Fountain Black x Gold,2026-04-14T06:52:36.000Z,,489.99,0,2026-04-20 13:31:22
227299897848,m88377504935,GUCCI Ophidia Long Wallet Round Zipper New Unused,2026-04-14T06:52:40.000Z,,749.99,0,2026-04-20 13:31:22
227299898050,m87756489522,Unused Loewe Puzzle Coin Card Holder Fragment Case Bicolor,2026-04-14T06:52:56.000Z,,529.99,0,2026-04-20 13:31:22
227299898056,m88519502992,GUCCI×BALENCIAGA Compact Triple-Fold Wallet New and Unused,2026-04-14T06:52:57.000Z,,879.99,0,2026-04-20 13:31:22
227299898067,7KthTP7n72CxEFNeitgZjD,Gucci Logo Key Case 9.5cm Mustard Silver Women's Used,2026-04-14T06:52:59.000Z,,529.99,0,2026-04-20 13:31:22
227299898089,7niYwdbk5qZRrGdWzNEqff,Gucci GG Marmont Key Case 6 Key Hook Rose Beige Leather New Box,2026-04-14T06:53:03.000Z,,529.99,0,2026-04-20 13:31:22
227299898130,m88673927904,Bottega Veneta Wallet Cassette Maxi Intrecciato Leather Black,2026-04-14T06:53:09.000Z,,529.99,0,2026-04-20 13:31:22
227299898165,m88914804072,Saint Laurent Pink Beige Bi-Fold Wallet,2026-04-14T06:53:14.000Z,,529.99,0,2026-04-20 13:31:22
227299898219,7w5JniNXay5SZHkJuKusUf,LOUIS VUITTON Damier Zippy Wallet RFID Round Zip Long Wallet Brown/Rose,2026-04-14T06:53:18.000Z,,419.99,0,2026-04-20 13:31:22
227299898294,7xMQu8Vys876FZLe82p8Fg,Louis Vuitton Zippy Wallet 19.5cm Leather Red Monogram Preowned Box & Dustbag,2026-04-14T06:53:26.000Z,,529.99,0,2026-04-20 13:31:22
227299898330,m88968201980,"✨S Rank, Comes with Box✨ MIUMIU Long Wallet Matelassé Nappa Leather Bijou",2026-04-14T06:53:31.000Z,,529.99,0,2026-04-20 13:31:22
227299898352,7XWb7pbhG6sqm49dYPJpP8,Louis Vuitton Monogram Wallet Brown Tribal Mask Excellent Box Dust Bag,2026-04-14T06:53:34.000Z,,799.99,0,2026-04-20 13:31:22
227299898438,m89392071434,New Burberry Mini Wallet Nova Check Clasp Plate,2026-04-14T06:53:47.000Z,,389.99,0,2026-04-20 13:31:22
227299898452,m89487649745,Brand New with Tags CHANEL Silk Scarf 90cm×90cm Navy/Gray-Beige Italy,2026-04-14T06:53:48.000Z,,439.99,0,2026-04-20 13:31:22
227299898482,8BwNh2x7UAG3Ey3Yeog5Sf,HERMES Scarf 90 Silk Photo Finish Multicolor,2026-04-14T06:53:53.000Z,,599.99,0,2026-04-20 13:31:22
227299898529,8e4sV7m36odWroHPQE9QyS,LOUIS VUITTON Portefeuille Clemence Monogram Reverse Round Zip Wallet,2026-04-14T06:54:00.000Z,,759.99,0,2026-04-20 13:31:22
227299898587,m89593807763,✨Rare✨ GUCCI Shima Folding Wallet Card Case Business Card Holder,2026-04-14T06:54:10.000Z,,379.99,0,2026-04-20 13:31:22
227299898609,m89938496444,CHANEL Scarf Reversible 158×9.5cm,2026-04-14T06:54:13.000Z,,729.99,0,2026-04-20 13:31:22
227299898644,8GPuzGgnALeCoQudHEqruk,Excellent HERMES Carre 90 1982 GRONLAND Eskimo Dog Sled Silk Scarf Yellow,2026-04-14T06:54:16.000Z,,449.99,0,2026-04-20 13:31:22
227299898648,m89994562307,"GUCCI Bi-fold Wallet with Cherry Decoration, with Box",2026-04-14T06:54:17.000Z,,529.99,0,2026-04-20 13:31:22
227299898654,8ircLXbUWrjDJhR2SUs6kc,HERMES Scarf Carre 90 OMBRES ET LUMIERES Shadow and Light,2026-04-14T06:54:18.000Z,,499.99,0,2026-04-20 13:31:22
227299898751,8rMhnzMTbkPRVFZ72yQU9A,Unused Level HERMES Scarf 90 AU COEUR DES BOIS Orange 100% Silk,2026-04-14T06:54:27.000Z,,819.99,0,2026-04-20 13:31:22
227299898772,m90096379584,GUCCI Folding Wallet Black Beige,2026-04-14T06:54:29.000Z,,529.99,0,2026-04-20 13:31:22
227299898828,m90133556257,Christian Dior Leather Saddle Compact Wallet Tri-fold Wallet,2026-04-14T06:54:36.000Z,,419.99,0,2026-04-20 13:31:22
227299898860,m90342233150,PRADA Saffiano Leather Triangle 1ML047 Wallet,2026-04-14T06:54:39.000Z,,529.99,0,2026-04-20 13:31:22
227299899059,9bB8ue7Azu5w3a8kgFCjhf,Rare HERMES Scarf Carre 90 LES PIVOINES Peony Silk Mousseline Yellow Unused,2026-04-14T06:54:44.000Z,,769.99,0,2026-04-20 13:31:22
227299899282,8UoeofAqJi7ehDyv8jJCAE,"HERMES Scarf Carré 90 Silk CARPE DIEM Enjoy Today, Seize the Day Sun Zodiac Gold",2026-04-14T06:54:55.000Z,,559.99,0,2026-04-20 13:31:22
227299899421,8XDYi83kW2yWscazFWUvr,HERMES Carre 90 Neige d'Antan Navy Silk Scarf in Excellent Condition,2026-04-14T06:55:10.000Z,,599.99,0,2026-04-20 13:31:22
227299899447,8WoDm25wBxmpQB8hQGJVfe,HERMES Scarf Carré 90 Neige d'Antan Last Year's Snow Yellow Silk 100%,2026-04-14T06:55:12.000Z,,709.99,0,2026-04-20 13:31:22
227299899457,8v4RDUtmxNkPzhfRh7afvh,Gucci Keychain G Mark Gold Ladies Used Maximum 30% OFF,2026-04-14T06:55:13.000Z,,579.99,0,2026-04-20 13:31:22
227299899479,97fR6N3odWHqBufCtRfDa6,HERMES Scarf Casse Noisette Squirrel Pattern Nutcracker Silk Yellow,2026-04-14T06:55:16.000Z,,489.99,1,2026-04-20 13:31:22
227299899504,9FCWqSXTKJnHo5XNHVuCJK,HERMES Scarf Carré 90 Smiles in Third Millenary Pink x Multicolor,2026-04-14T06:55:20.000Z,,489.99,0,2026-04-20 13:31:22
227299899506,9HX2xXzDyVZf6yvoZLXbX7,HERMES エルメス マルジェラ期 ストール ショール パープル バイカラー Hロゴシルク,2026-04-14T06:55:20.000Z,,469.99,0,2026-04-20 13:31:22
227299899595,9i4NDMGziEPPdToHztzUA3,HERMES Twilly Scarf DO RE BOUCLES H063951S 03 Spring/Summer 2023 Unused,2026-04-14T06:55:35.000Z,,429.99,0,2026-04-20 13:31:22
227299899617,9or6qd5QABikHJAEfqpExH,HERMES Scarf 90 VIF ARGENT Silver Drop Orange Purple with Box,2026-04-14T06:55:39.000Z,,709.99,0,2026-04-20 13:31:22
227299899619,9QZwLYMMU9ciFMoqBTdQd5,HERMES Maxi Twilly Festival des Amazones Long Scarf Gray Excellent Condition,2026-04-14T06:55:40.000Z,,509.99,0,2026-04-20 13:31:22
227299899654,aCZbTaxmdCqPjwsSu3336J,Excellent HERMES Scarf 90cm PASSIFLORES Passionflower Beige Silk 100%,2026-04-14T06:55:45.000Z,,489.99,0,2026-04-20 13:31:22
227299899657,a92GWso4kS8iarecR7ckaa,HERMES Bastia Coin Case Porte-Monnaie Gold Camel,2026-04-14T06:55:46.000Z,,529.99,0,2026-04-20 13:31:22
227299899940,aFbMLGeqZ3aaACNJ9DQqEm,HERMES Scarf Carre 70 Tea Time Medaillons Orange,2026-04-14T06:55:59.000Z,,489.99,0,2026-04-20 13:31:22
227299899988,AMdq3baPyZTRDAhY7cNYu9,HERMES Scarf 90 L ATLANTIDE Atlantis Silk Orange,2026-04-14T06:56:08.000Z,,489.99,0,2026-04-20 13:31:22
227299900009,aGL6s4cFByTXVPT7iBfiSb,HERMES Azap Compact Mini Evercolor Etoupe Coin Case w/Box Excellent,2026-04-14T06:56:10.000Z,,819.99,0,2026-04-20 13:31:22
227299900038,aRMAA7MLYEmKdhLWfjjSah,Beautiful HERMES Scarf 140 LUNA PARK Theme Park Silk Black,2026-04-14T06:56:14.000Z,,819.99,0,2026-04-20 13:31:22
227299900077,b5C6RnSYGkJPNdK2vxDcPd,HERMES Scarf 90cm CHEVAL SUR MON CARRE Silk 100%,2026-04-14T06:56:23.000Z,,809.99,0,2026-04-20 13:31:22
227299900127,azhdKVyUUG2MUGE7SjX3NX,HERMES Scarf Carré 90 LES AMOUREUX DE PARIS,2026-04-14T06:56:31.000Z,,489.99,0,2026-04-20 13:31:22
227299900130,B2TX9nyinFCY8r8reQxpAH,Key Ring Gucci Key Ring max 30% OFF,2026-04-14T06:56:32.000Z,,579.99,0,2026-04-20 13:31:22
227299900357,bJcdp2aVEVkLcauQnySeDk,HERMES Scarf 90 Silk L'INSTRUCTION DVRO Pattern Black x Gold,2026-04-14T06:56:40.000Z,,489.99,0,2026-04-20 13:31:22
227299900782,bN6ysGL3fAotMZe6WP8Yoi,Hermès Calvi Duo Coin Case Unused 085238CK,2026-04-14T06:56:48.000Z,,889.99,0,2026-04-20 13:31:22
227299900815,bfAy2ZTpdRWxa7siF4FXA3,HERMES Scarf 90 Prieres au Vent Pink,2026-04-14T06:56:49.000Z,,819.99,0,2026-04-20 13:31:22
227299901537,bqpnwyCHgY4BFmPJEgygn3,Unused HERMES Scarf Silk carré 90 Deserted Island Plants L'lle Deserte Yellow,2026-04-14T06:57:05.000Z,,489.99,0,2026-04-20 13:31:22
227299901573,bXMySMuPCmEDmy4TgfkiGJ,Unused HERMES Scarf CALECHE ELASTIQUE Silk Pink 90x90CM,2026-04-14T06:57:06.000Z,,599.99,0,2026-04-20 13:31:22
227299901816,brUcaEZyvXiVVybGqiWmh4,Gucci Keychain【Up to 30% Off】,2026-04-14T06:57:11.000Z,,759.99,0,2026-04-20 13:31:22
227299901969,bS6UZirKnhBnUJtazUbys5,HERMES Silk Scarf Carre 90 AFRICA Red,2026-04-14T06:57:15.000Z,,559.99,0,2026-04-20 13:31:22
227299902388,bVkPBxCjazA8m3rjeiJxKE,HERMES Blanket Escapade Tartan Check H Logo Pattern Double Face Wool 100%,2026-04-14T06:57:25.000Z,,899.99,0,2026-04-20 13:31:22
227299902713,BYXGYQkTVhKxXh2RWz5EHm,HERMES Émile 90 DIES ET HORE Astrology Silk Scarf Navy,2026-04-14T06:57:32.000Z,,449.99,0,2026-04-20 13:31:22
227299902989,CbrAxXJV2oLRxqpnwpNmrA,HERMES Silk Scarf Carre 90 SOIES VOLANTES Multi-color,2026-04-14T06:57:38.000Z,,489.99,0,2026-04-20 13:31:22
227299903016,ckGgTB3XjFjA9k4dvcGTmH,HERMES Carre 90 Casse Noisette Squirrel Pattern Nutcracker Scarf Silk Yellow,2026-04-14T06:57:39.000Z,,489.99,0,2026-04-20 13:31:22
227299903447,CFFnoUomkVqkw2ZQTcGrqZ,Hermès Calvi Card Case Unused 044164CK,2026-04-14T06:57:49.000Z,,659.99,0,2026-04-20 13:31:22
227299903565,CFKMQX3QvG7FTscbUuSDV4,HERMES Carre 90 Trois Feuilles Scarf Silk Orange,2026-04-14T06:57:54.000Z,,599.99,0,2026-04-20 13:31:22
227299903670,CgXTNesfu5fDXzPWbnJef5,HERMES Pareo Stole Cotton Jungle Love,2026-04-14T06:58:01.000Z,,899.99,0,2026-04-20 13:31:22
227299903696,ChwBc4eUiWYt3sZnR5A6o7,HERMES Aile Line Purse PM Folding Wallet Nylon Canvas Brown,2026-04-14T06:58:04.000Z,,419.99,0,2026-04-20 13:31:22
227299903728,cGZFZRuSkp8grBggoRWZ87,HERMES カレ90 心の友 最高級シルクスカーフ 大判スカーフ テディベア グリーン,2026-04-14T06:58:06.000Z,,709.99,0,2026-04-20 13:31:22
227299903835,CKr5n3ewhqYF8RiuSMkF5W,Hermès Scarf Carre 90 Red Blue Yellow LIBERTE,2026-04-14T06:58:15.000Z,,499.99,0,2026-04-20 13:31:22
227299903933,CMCRtxyLNyUf5fTvymQpF3,HERMES Bastia Coin Case Leather Green W Stamp,2026-04-14T06:58:22.000Z,,529.99,0,2026-04-20 13:31:22
227299904015,cmmjirptQW25aFstdS7wKo,Unused HERMES Scarf Carré 90 Confort en Automobile Silk Multicolor,2026-04-14T06:58:28.000Z,,709.99,0,2026-04-20 13:31:22
227299904071,cQdDCz5DWnFaVsGpadCKcX,HERMES Carre 90 CHASSE au BOIS Yellow Scarf 100% Silk,2026-04-14T06:58:32.000Z,,819.99,0,2026-04-20 13:31:22
227299904138,CqRAwdKavd3RtBVWMQGy4j,HERMES Silk Scarf Carre 90 Reve d'Australie Australia Dream Brown,2026-04-14T06:58:36.000Z,,599.99,0,2026-04-20 13:31:22
227299904225,CRmXJo3mVc25MyhiWBMwPe,Louis Vuitton Epi Twist Wallet Red Leather Coquelicot W/Box & Dust Bag,2026-04-14T06:58:45.000Z,,629.99,0,2026-04-20 13:31:22
227299904273,CVqGAij4Rd3JtdgjpebTXn,Sale Rare HERMES Scarf Carré 90 BAOBAB CAT aq7992,2026-04-14T06:58:50.000Z,,629.99,0,2026-04-20 13:31:22
227299904415,D49TKsoghJg55Y2PpsyJh6,HERMES Camellia Charm Bag Charm Rose Sakura Brand/025,2026-04-14T06:59:08.000Z,,569.99,0,2026-04-20 13:31:22
227299904445,D7qyWa5H3juiBjY8BSrk2c,HERMES Twilly Scarf Exposition Universelle,2026-04-14T06:59:12.000Z,,419.99,0,2026-04-20 13:31:22
227299904464,D7ZQad234Fz2dUEvBNmfGL,HERMES Scarf 90 Nuba Mountain Silk 100% Red,2026-04-14T06:59:13.000Z,,709.99,0,2026-04-20 13:31:22
227299904488,D8P95j3koEQGZxcqxsseGS,HERMES Calvi Verso Leather Card Case Business Card Holder Light Blue Excellent,2026-04-14T06:59:17.000Z,,529.99,0,2026-04-20 13:31:22
227299904555,m95004343622,GUCCI Large Shawl Stole,2026-04-14T06:59:24.000Z,,659.99,0,2026-04-20 13:31:22
227299904698,dmQpMduDHpH3iopau2LgLR,Rare Excellent HERMES Scarf Carre 90 Silk Christophe Colomb Discover 1 Amerique,2026-04-14T06:59:41.000Z,,599.99,0,2026-04-20 13:31:22
227299904700,dYyaxZzizCN6353zhCiv9S,HERMES Scarf Carre 90 Silk LES TROPHEES Green x Yellow,2026-04-14T06:59:41.000Z,,599.99,0,2026-04-20 13:31:22
227299904720,DpV8BFQ9qXnZjsYWjusWnT,HERMES Scarf Carré 90 Brandenburg Decoration Silk Brown,2026-04-14T06:59:43.000Z,,599.99,0,2026-04-20 13:31:22
227299904791,eAcDACLjiJiCHRdBucSvD,HERMES Scarf 90 LES QUATRE SAISONS Brown Animals Flowers Silk,2026-04-14T06:59:49.000Z,,599.99,0,2026-04-20 13:31:22
227299904809,ecLRjerGrK46wWCoUTAo3a,Unused-level HERMES Carre 90 PROJETS CARRES Pink Silk Scarf,2026-04-14T06:59:53.000Z,,599.99,0,2026-04-20 13:31:22
227299904893,EfibvNgwyRQzbDjpcVau37,Unused HERMES Scarf Karel 90 Brandenburg Decoration Red x Yellow Silk,2026-04-14T07:00:10.000Z,,599.99,0,2026-04-20 13:31:22
227299904961,EGuukCeZoLxhi9YYGsAW4j,Gucci Logo Plate Key Case Black Silver Ladies Used Accessory,2026-04-14T07:00:20.000Z,,529.99,0,2026-04-20 13:31:22
227299905172,EnvM4PLWWZJx7nbZ82Br9V,HERMES Scarf Carre 90 ARMETS et PANACHE Cavalry Helmet Feather Decoration,2026-04-14T07:00:35.000Z,,489.99,0,2026-04-20 13:31:22
227299905245,Eo4M5MZ9uopRTSBiuxUG8T,Unused級 HERMES Scarf 90 Pythagore Yellow×Multicolor Silk,2026-04-14T07:00:40.000Z,,489.99,0,2026-04-20 13:31:22
227299905335,Egy7vjRqA5o8MgpHP2zGRW,Louis Vuitton Damier Ebene Zippy Wallet Rose Ballerine SA Condition,2026-04-14T07:00:45.000Z,,599.99,0,2026-04-20 13:31:22
227299905448,eqWHzfeh4L8miSVCnb3JgJ,HERMES Scarf CARNAVAL DE VENISE Venice Carnival 100% Silk Blue x Yellow,2026-04-14T07:00:53.000Z,,489.99,0,2026-04-20 13:31:22
227299905457,eQnYG5HDx4BAheWBYmigzi,Unused HERMES Scarf 90 in Salzburg Yellow and Orange Silk,2026-04-14T07:00:54.000Z,,819.99,0,2026-04-20 13:31:22
227299905536,Ev6fMQZ6EmxcjSwayqBPk6,HERMES Handkerchief Le Sacre de I’Hiver Bandana Cotton Square Unused,2026-04-14T07:01:00.000Z,,449.99,0,2026-04-20 13:31:22
227299905650,Eticn9z7kXLbRYNk2YGn6f,HERMES Carre 90 PRIERES AU VENT Scarf Blue x Multicolor Silk,2026-04-14T07:01:05.000Z,,819.99,0,2026-04-20 13:31:22
227299905790,eUagnRy8Kd7iofhLWUa7RM,HERMES Scarf Carre 90 Silk MosaiqueAu24 Mosaic 24 Horse Design Orange Multicolor,2026-04-14T07:01:09.000Z,,599.99,0,2026-04-20 13:31:22
227299905836,eUZrMT5FvAVd6Qx2k2MxF5,HERMES Silk 100% Scarf Carre 90 CONFIDETS DESCOEURS Green x Multicolor,2026-04-14T07:01:13.000Z,,489.99,0,2026-04-20 13:31:22
227299905995,EXjRGjR8ZsGSfjyDpkLzG9,HERMES Carre 90 ECHEC AU ROI Checkmate Silk Scarf Blue,2026-04-14T07:01:21.000Z,,489.99,2,2026-04-20 13:31:22
227299906069,Ez3ZU2c4VpifcjjmJ5zfem,Louis Vuitton Monogram Wallet Brown Rouge Canvas w/ Box & Dustbag,2026-04-14T07:01:25.000Z,,759.99,0,2026-04-20 13:31:22
227299906085,eZaxNuYiXs8CkbKX48t3cK,Sale Rare HERMES Scarf Cale 90 LE PARADIS DU ROY,2026-04-14T07:01:26.000Z,,449.99,0,2026-04-20 13:31:22
227299906161,ezUuD2mqZFagaATi26T54T,HERMES Scarf Carre 90 Les merises Cherry Bird Spring/Summer 1993,2026-04-14T07:01:33.000Z,,409.99,0,2026-04-20 13:31:22
227299906221,F2EHhpFESj5DL5mxkjhpj3,HERMES Carre 90 SELLE D’APPARAT MAROCAINE Scarf Silk Brown,2026-04-14T07:01:35.000Z,,819.99,0,2026-04-20 13:31:22
227299906352,f3b8Wzc3QnyBgJKRHkn6Ff,HERMES Large Scarf Carré 140 Sheherazade Red Silk,2026-04-14T07:01:42.000Z,,599.99,0,2026-04-20 13:31:22
227299906582,FBLjno5PioCWJ4oneD29ra,Sale New HERMES Twilly Odyssey Scarf aq9063,2026-04-14T07:01:53.000Z,,429.99,0,2026-04-20 13:31:22
227299906599,F4J8426C9cKDPiWEMn8kTc,HERMES Scarf Carré 90 EQUATEUR Animals Birds All-Over Silk Blue Multicolor,2026-04-14T07:01:55.000Z,,599.99,0,2026-04-20 13:31:22
227299906634,F5MR6vYo8RxWUS4xrX49GM,HERMES Twilly Silk Scarf LA DANSE DES AMAZONES 5x86cm Unused HG/Gris/Gold,2026-04-14T07:02:00.000Z,,409.99,0,2026-04-20 13:31:22
227299906893,FA6PGDQeBzS7heptjZcTi9,HERMES Scarf Carre 90 Silk HENRY F SMITH SAILOR Sailboat Multi-color,2026-04-14T07:02:17.000Z,,489.99,0,2026-04-20 13:31:22
227299907070,FATbonQvkA5JvgtwYpJzUA,Excellent Condition HERMES Scarf CARRÉ 90 AMAZONIA Silk 100% Blue,2026-04-14T07:02:21.000Z,,599.99,0,2026-04-20 13:31:22
227299907161,fDErTGEafaVHjNb7c7miW9,HERMES Silk Scarf 90cm Wolfgang Amadeus Mozart Tribute Multicolor,2026-04-14T07:02:23.000Z,,709.99,0,2026-04-20 13:31:22
227299907257,FdtaHigbD3hMTHLdeNHR37,Beautiful HERMES Scarf 90 Neige d'Antan Last Year's Snow 100% Silk Orange,2026-04-14T07:02:25.000Z,,559.99,0,2026-04-20 13:31:22
227299907338,fe8BzC663rGShobS3oAfqQ,HERMES Carre 90 Scarf NEW SPRINGS Vintage Horse Pattern Silk 100%,2026-04-14T07:02:27.000Z,,469.99,0,2026-04-20 13:31:22
227299907593,Fex29vE75FmTTtzMPSxS2X,HERMES Bastia Coin Case Leather Bicolor Brown Mint W Stamp,2026-04-14T07:02:44.000Z,,529.99,0,2026-04-20 13:31:22
227299907612,FfbKjtvZpG7hRLTqq8Zmn4,HERMES Scarf Carré 90 Silk The Horsawards Pink,2026-04-14T07:02:45.000Z,,709.99,1,2026-04-20 13:31:22
227299907654,fFckRwCq8woTEauw96TG2D,HERMES Cashmere Stole Shawl Golçan Period Gray,2026-04-14T07:02:47.000Z,,779.99,0,2026-04-20 13:31:22
227299907909,Fif3ZAAqZ63UqkTHsLM9S4,HERMES カレ 90 ORGAUPHONE ET AUTRES MECANIQUES Scarf Navy Silk 100%,2026-04-14T07:02:51.000Z,,709.99,0,2026-04-20 13:31:22
227299907921,FNEBSVY3bapfRLPK9L3Udc,Hermès Kelve Duo Coin Case 083035CK Unused,2026-04-14T07:02:52.000Z,,889.99,0,2026-04-20 13:31:22
227299907981,fPSeZRHTbPwVTd7yoRiUMG,Gucci Large Men's Women's Snake Charm Keychain Keyring,2026-04-14T07:02:58.000Z,,779.99,0,2026-04-20 13:31:22
227299908226,fnxDGAguLWrwR6qRVRXPD7,HERMES Scarf 90 U COEUR DES BOIS In the Forest Pink 100% Silk,2026-04-14T07:03:12.000Z,,819.99,0,2026-04-20 13:31:22
227299908293,FrJqjG7p8JLp9u2Va4LKsc,HERMES Carre 90 LES QUATRE SAISONS Brown Flower Scarf Pink,2026-04-14T07:03:17.000Z,,599.99,0,2026-04-20 13:31:22
227299908307,Fqs5hq9Wz6694nmvhmcVYj,HERMES カレ90 Le Premier Chant スカーフ マルチカラー 箱付き,2026-04-14T07:03:18.000Z,,709.99,0,2026-04-20 13:31:22
227299908309,FsrbGUQ2YwhtzY9Rb6f2pE,HERMES Keychain Fruit Motif Grape Purple Green Silver Ladies Used,2026-04-14T07:03:18.000Z,,419.99,0,2026-04-20 13:31:22
227299908384,ftpJF5fCCMzWsDCnkuYvBb,HERMES Carré 90 Orgauphone et Autres Mécaniques Black Silk Scarf,2026-04-14T07:03:26.000Z,,599.99,0,2026-04-20 13:31:22
227299908536,fU8xijSrvLuruHtDQndfLW,HERMES Scarf 90 ORGAUPHONE ET AUTRES MECANIQUES Green Silk Scarf,2026-04-14T07:03:41.000Z,,709.99,0,2026-04-20 13:31:22
227299908560,fWHpWQPPax4YtZdYU3i4jR,HERMES Scarf Carré 90 HOMMAGE A CHARLES GARNIER Green New Old Stock,2026-04-14T07:03:44.000Z,,429.99,0,2026-04-20 13:31:22
227299908569,fw4yzN57eBQzKu2yJxuTm8,HERMES カレ90 MONSIEUR ET MADAME Pattern Silk Scarf Blue,2026-04-14T07:03:44.000Z,,599.99,0,2026-04-20 13:31:22
227299908571,fwKEDPHDvqgPbpsGokjWPi,30% OFF Gucci Keychain Key Ring,2026-04-14T07:03:44.000Z,,579.99,0,2026-04-20 13:31:22
227299908846,fZRjbw45erPoHSXwjFF6U7,Hermès Silk Scarf Carré 90 Parcours D'H Labyrinth Excellent Condition,2026-04-14T07:04:11.000Z,,469.99,0,2026-04-20 13:31:22
227299908856,gDm47KKpQcZiHtiBX8CLuE,HERMÈS Calvi Card Case 10.5cm Leather Etoupe Beige A Rank No Accessories,2026-04-14T07:04:11.000Z,,529.99,0,2026-04-20 13:31:22
227299908911,g4aaZBurNwMmQGSmiPZHDG,HERMES Scarf 90 CHEVAUX DE TRAIT Blue Excellent Condition aq11585,2026-04-14T07:04:17.000Z,,589.99,0,2026-04-20 13:31:22
227299908929,gdASR89774hSDbNkk3quq3,LOUIS VUITTON Monogram Giant Reverse Zippy Wallet Long Wallet Brown Used,2026-04-14T07:04:18.000Z,,669.99,0,2026-04-20 13:31:22
227299909173,gEteqZEQ6Wzx2J5x5Cqin6,Louis Vuitton Monogram Eclipse Folding Wallet M61697 Black Canvas Excellent,2026-04-14T07:04:38.000Z,,799.99,0,2026-04-20 13:31:22
227299909221,Gdy62CbUEYw8yyPe4hYJog,HERMES Twilly Scarf ISOLA DI PRIMAVERA Silk Red Multi Unused Box,2026-04-14T07:04:43.000Z,,459.99,0,2026-04-20 13:31:22
227299909280,ggdyTTYbmmVhxb369oBXB8,HERMES Coin Case Calvi Black Calf Leather Women's Unused,2026-04-14T07:04:50.000Z,,759.99,0,2026-04-20 13:31:22
227299909362,GgVQhHTMM4K8Dp5xuZTZ9j,Gucci 817379 J160T Key Ring New,2026-04-14T07:04:58.000Z,,599.99,0,2026-04-20 13:31:22
227299909376,ghj2ZpsRGaCbiEDWz8zdzK,HERMES Scarf Silk Tourbillon Spiral Fallen Leaves Leaf Pattern Black,2026-04-14T07:05:00.000Z,,489.99,0,2026-04-20 13:31:22
227299909585,gJoS6Ch9cueo3iVhAy4L3c,Gucci 701432 K9GSG Key Ring New,2026-04-14T07:05:09.000Z,,629.99,0,2026-04-20 13:31:22
227299909771,gofTKrGgadkKSnMgCn8eBE,HERMES Bastia Coin Case Leather Dark Purple,2026-04-14T07:05:18.000Z,,529.99,0,2026-04-20 13:31:22
227299909809,gNr6c6UoDLECYGHNrTaaii,LOUIS VUITTON Zippy Vertical Monogram Shadow Long Wallet Black M62902,2026-04-14T07:05:20.000Z,,589.99,0,2026-04-20 13:31:22
227299909916,gsF7KKAzhet9qDzK6VDp7f,HERMES Scarf Carre 90 Green Blue White THALASSA,2026-04-14T07:05:27.000Z,,499.99,0,2026-04-20 13:31:22
227299910128,gTmPsPptjCh4o4P9Mcuy7V,HERMES Carré 90 Automobile Silk Scarf Black x Gold,2026-04-14T07:05:42.000Z,,599.99,0,2026-04-20 13:31:22
227301100773,m10284836265,Louis Vuitton Folding Wallet,2026-04-15T01:07:06.000Z,,429.99,0,2026-04-20 13:31:22
227301101291,m10371299358,PRADA Velvet Embroidered Pouch with Guarantee Card,2026-04-15T01:07:30.000Z,,549.99,0,2026-04-20 13:31:22
227301101880,m10556314469,Rare! GUCCI Silk Scarf Belt Design,2026-04-15T01:07:48.000Z,,429.99,0,2026-04-20 13:31:22
227301102706,m10903360819,Louis Vuitton Zippy XL Monogram Eclipse Black Second Bag Wallet,2026-04-15T01:08:39.000Z,,709.99,0,2026-04-20 13:31:22
227301103346,m86555377299,Unused Louis Vuitton Taiga Du Pouch Card Case Iceberg,2026-04-15T01:09:36.000Z,,529.99,0,2026-04-20 13:31:22
227301104497,2JNCE76U5a9RPj4KRF2UTi,LOUIS VUITTON Card Case Envelope Card Holder M63801,2026-04-15T01:10:31.000Z,,529.99,0,2026-04-20 13:31:22
227301105023,cHSCKvftWXLFqU9MKRW9s3,Louis Vuitton Card Case Envelope Carts de Visite Monogram M12177 Snow White,2026-04-15T01:11:03.000Z,,539.99,0,2026-04-20 13:31:22
227301105513,m76483210882,Louis Vuitton Multi-Color Key Case 4-Chain Monogram New Condition,2026-04-15T01:11:41.000Z,,529.99,0,2026-04-20 13:31:22
227301115294,m16130663234,Louis Vuitton Portefeuille Noé Compact 11cm PVC Brown Monogram Mint Box,2026-04-15T01:20:18.000Z,,629.99,0,2026-04-20 13:31:22
227301116309,m18758392808,Louis Vuitton Mini Wallet Key Case Fragment Case Coin,2026-04-15T01:20:40.000Z,,399.99,0,2026-04-20 13:31:22
227301116779,m20493876033,Louis Vuitton Capucines Compact Tri-Fold Wallet Black,2026-04-15T01:21:06.000Z,,529.99,0,2026-04-20 13:31:22
227301117136,m22118024329,Louis Vuitton Monogram Reverse Folding Wallet Portefeuille Dentelle 2761,2026-04-15T01:21:30.000Z,,579.99,1,2026-04-20 13:31:22
227301117307,m22431034018,LOUIS VUITTON Wallet Porte-Monnaie Rosalie Reverse Monogram,2026-04-15T01:21:49.000Z,,529.99,0,2026-04-20 13:31:22
227301119122,m28896280752,Price Reduced! LOUIS VUITTON Portefeuille Emily Emprunt,2026-04-15T01:23:25.000Z,,529.99,0,2026-04-20 13:31:22
227301120897,m14107740943,Unused FENDI leather tri-fold wallet Purple x Yellow x Turquoise with bag,2026-04-15T01:25:26.000Z,,529.99,0,2026-04-20 13:31:22
227301122617,m44476486069,Louis Vuitton Trianon LV Vertical Wallet Long Wallet,2026-04-15T01:27:23.000Z,,629.99,0,2026-04-20 13:31:22
227301124470,m49814865887,Louis Vuitton Coin Purse Case Monogram Round Zipper Small Change Pouch,2026-04-15T01:29:05.000Z,,529.99,0,2026-04-20 13:31:22
227301124685,m50603465834,Louis Vuitton Kusama Coin Purse 11cm Blue Monogram Leather New w/ Box,2026-04-15T01:29:25.000Z,,799.99,1,2026-04-20 13:31:22
227301124952,m14994667563,Celine Small Tri-Fold Wallet with Box - Excellent Condition - PVC,2026-04-15T01:29:48.000Z,,529.99,0,2026-04-20 13:31:22
227301125688,m50871669325,Louis Vuitton Monogram Portefeuille Sarah Empreinte Long Wallet Blue,2026-04-15T01:30:32.000Z,,629.99,0,2026-04-20 13:31:22
227301126454,m51964304520,Louis Vuitton Mahina Portefeuille Iris XS Wallet,2026-04-15T01:31:14.000Z,,529.99,0,2026-04-20 13:31:22
227301128352,m15591665203,CELINE Card Case Business Card Holder,2026-04-15T01:33:17.000Z,,529.99,0,2026-04-20 13:31:22
227301128677,m15722315381,New PRADA Saffiano Leather Compact Wallet Black,2026-04-15T01:33:36.000Z,,669.99,0,2026-04-20 13:31:22
227301129585,m57112856405,Louis Vuitton Mahina Portefeuille Iris XS Folded Wallet Black,2026-04-15T01:34:15.000Z,,529.99,0,2026-04-20 13:31:22
227301130744,m61573174829,Louis Vuitton Portefeuille Victoriine Monogram Empreinte Authentic Z594,2026-04-15T01:34:59.000Z,,809.99,0,2026-04-20 13:31:22
227301131711,m65731858788,Louis Vuitton Monogram Viennois Kiss Lock Wallet Brown,2026-04-15T01:35:47.000Z,,439.99,0,2026-04-20 13:31:22
227301133182,m67277947841,Louis Vuitton Three-Fold Wallet,2026-04-15T01:36:36.000Z,,529.99,0,2026-04-20 13:31:22
227301135258,m16190619138,CHRISTIAN DIOR Dior Mitzah New and Unused,2026-04-15T01:37:22.000Z,,439.99,0,2026-04-20 13:31:22
227301135736,m16249890003,H.WP CELINE Small Wallet Triomphe,2026-04-15T01:37:46.000Z,,559.99,0,2026-04-20 13:31:22
227301136165,m16384669495,BOTTEGA VENETA Round Zip Wallet Maxi Intrecciato,2026-04-15T01:38:14.000Z,,529.99,0,2026-04-20 13:31:22
227301136473,m69024617378,LOUIS VUITTON Damier Coin Case,2026-04-15T01:38:33.000Z,,529.99,0,2026-04-20 13:31:22
227301136739,m69456508110,Louis Vuitton Epi Zippy Coin Purse Noir M60152 Excellent Condition,2026-04-15T01:38:55.000Z,,399.99,0,2026-04-20 13:31:22
227301137084,m70951527407,Louis Vuitton Monogram Empreinte Porte-Monnaie Cléa Wallet,2026-04-15T01:39:22.000Z,,659.99,0,2026-04-20 13:31:22
227301137266,m71908310898,Louis Vuitton Tri-Fold Wallet Pink/Red,2026-04-15T01:39:40.000Z,,609.99,0,2026-04-20 13:31:22
227301137721,m74383226412,Louis Vuitton Portefeuille Victoire Damier Studs Zippy Wallet with Box,2026-04-15T01:40:05.000Z,,529.99,0,2026-04-20 13:31:22
227301138336,m74887799563,Louis Vuitton Zippy Coin Purse Coin Case Damier Ebène,2026-04-15T01:40:31.000Z,,429.99,0,2026-04-20 13:31:22
227301138699,m75880711282,LOUIS VUITTON Box Multiple Set,2026-04-15T01:40:46.000Z,,409.99,0,2026-04-20 13:31:22
227301139070,m76417215752,Louis Vuitton Porte Monnaie Rosalie Compact Small Wallet,2026-04-15T01:41:10.000Z,,529.99,0,2026-04-20 13:31:22
227301139348,m77344583563,Louis Vuitton Portefeuille Victoriine,2026-04-15T01:41:28.000Z,,719.99,0,2026-04-20 13:31:22
227301139548,m78028879487,Rare Color LOUIS VUITTON Card Case Porte Carte Romy,2026-04-15T01:41:45.000Z,,649.99,0,2026-04-20 13:31:22
227301140727,m82208727484,Louis Vuitton Coin Case Set,2026-04-15T01:42:23.000Z,,529.99,0,2026-04-20 13:31:22
227301141140,m17342372167,PRADA Long Wallet SPAZZOLATO M506 Black Long Wallet,2026-04-15T01:42:47.000Z,,609.99,0,2026-04-20 13:31:22
227301141246,m17441614871,PRADA Black Long Wallet,2026-04-15T01:43:02.000Z,,559.99,0,2026-04-20 13:31:22
227301141451,m17625653696,PRADA Fragment Case with Key Ring Saffiano Excellent Condition,2026-04-15T01:43:22.000Z,,609.99,0,2026-04-20 13:31:22
227301141902,m86742749209,Louis Vuitton Monogram Portefeuille Pallas Trifold Wallet Noir Black,2026-04-15T01:44:00.000Z,,419.99,0,2026-04-20 13:31:22
227301142863,m90432101790,Louis Vuitton Porte-Feuille Rue Coussin Embossed Black,2026-04-15T01:45:13.000Z,,889.99,0,2026-04-20 13:31:22
227301143579,m95292262322,Louis Vuitton Monogram Mahina Portefeuille Claire Magnolia Folded Wallet,2026-04-15T01:46:13.000Z,,559.99,0,2026-04-20 13:31:22
227301144089,m96138286068,Louis Vuitton Monogram Jacquard Portefeuille R Wallet M83500,2026-04-15T01:46:37.000Z,,699.99,0,2026-04-20 13:31:22
227301144431,m96905976792,Louis Vuitton Monogram Mahina Porte-Failles Claire Bi-Fold Wallet Pink,2026-04-15T01:46:59.000Z,,649.99,0,2026-04-20 13:31:22
227301144776,m18852501416,Louis Vuitton Wallet Chain Long Wallet,2026-04-15T01:47:19.000Z,,419.99,0,2026-04-20 13:31:22
227301145115,m19170813982,CELINE Long Wallet Quilted C Logo Round Zipper UNUSED DISPLAY ITEM,2026-04-15T01:47:42.000Z,,529.99,0,2026-04-20 13:31:22
227301145434,m97122607288,Louis Vuitton Empreinte Portefeuille Victoriine Compact Three-Fold Wallet Black,2026-04-15T01:48:02.000Z,,529.99,0,2026-04-20 13:31:22
227301145711,m19302012840,Prada Studded Fragment Case,2026-04-15T01:48:18.000Z,,799.99,0,2026-04-20 13:31:22
227301145996,m19387621421,New BOTTEGA VENETA Two-Fold Wallet Cassette Light Blue,2026-04-15T01:48:38.000Z,,799.99,0,2026-04-20 13:31:22
227301147246,m99027722006,Louis Vuitton Wallet Fragment Case Porte Cartes Rerto Verso Brown,2026-04-15T01:49:39.000Z,,529.99,0,2026-04-20 13:31:22
227301147773,m99569644992,Louis Vuitton Monogram Portefeuille Lisa Pink Folding Wallet Coin Case,2026-04-15T01:50:03.000Z,,559.99,0,2026-04-20 13:31:22
227301148996,2JN8uH9oKveEVmThygs8f4,Louis Vuitton Coin Case Taiga Porte Monnaie Used,2026-04-15T01:51:19.000Z,,529.99,0,2026-04-20 13:31:22
227301149523,m20541924814,PRADA Saffiano Leather Long Wallet,2026-04-15T01:51:44.000Z,,579.99,0,2026-04-20 13:31:22
227301149753,m20632166537,PRADA Mini Wallet L-Zip Icon Bi-Color Folding New Unused,2026-04-15T01:52:01.000Z,,529.99,0,2026-04-20 13:31:22
227301152557,2JPptt7XVBkp77txCaNfjm,LOUIS VUITTON Fragment Case Monogram Reverse Card Case Coin Case M81912,2026-04-15T01:54:19.000Z,,529.99,0,2026-04-20 13:31:22
227301152957,f6vgYosfwp8XFEqZJXNfef,LOUIS VUITTON Pochette Clé Coin Case Card Case Aerogram M81031 Black,2026-04-15T01:54:49.000Z,,529.99,0,2026-04-20 13:31:22
227301153763,m22051197102,Louis Vuitton Zippy Lockme Long Wallet Black with Silver LV Logo,2026-04-15T01:55:33.000Z,,529.99,0,2026-04-20 13:31:22
227301154868,m25222336226,Louis Vuitton Monogram Flower Long Wallet Portefeuille Fleur Fuchsia,2026-04-15T01:56:40.000Z,,399.99,0,2026-04-20 13:31:22
227301154987,m21692309301,Bottega Veneta Maxi Intrecciato Card Case Black,2026-04-15T01:56:54.000Z,,409.99,0,2026-04-20 13:31:22
227301155214,m21866502055,MIU MIU Ribbon Motif Leather Key Case,2026-04-15T01:57:17.000Z,,529.99,0,2026-04-20 13:31:22
227301155626,m21901632741,Unused Christian Dior Saddle Leather Tri-Fold Wallet Gray,2026-04-15T01:57:39.000Z,,529.99,0,2026-04-20 13:31:22
227301157245,m31178132371,Louis Vuitton Monogram Zippy Wallet Patches Long Wallet M63392,2026-04-15T01:59:13.000Z,,529.99,0,2026-04-20 13:31:22
227301157558,m33488828345,LOUIS VUITTON Black Two-Fold Wallet M62294,2026-04-15T01:59:50.000Z,,529.99,0,2026-04-20 13:31:22
227301157807,m22963498664,PRADA Black Gold Saffiano Triangle Bifold Wallet,2026-04-15T02:00:13.000Z,,739.99,0,2026-04-20 13:31:22
227301158401,m23178499722,DIOR Christian Dior Saddle Folded Wallet Black 2421,2026-04-15T02:00:35.000Z,,529.99,0,2026-04-20 13:31:22
227301159186,m23315144947,CELINE Small Wallet Triomphe,2026-04-15T02:00:50.000Z,,529.99,0,2026-04-20 13:31:22
227301160743,m37557571903,Louis Vuitton Monogram Zippy Wallet Long Wallet with Box,2026-04-15T02:02:20.000Z,,889.99,0,2026-04-20 13:31:22
227301161859,m23993209500,Unused CELINE Leather Fragment Case Mini Wallet with Box and Bag,2026-04-15T02:03:21.000Z,,529.99,0,2026-04-20 13:31:22
227301162924,m24062086267,PRADA Calf Leather Tri-fold Wallet Mini Wallet Black,2026-04-15T02:03:40.000Z,,529.99,0,2026-04-20 13:31:22
227301163361,m24174154328,Louis Vuitton Monogram Macassar Zippy Wallet Vertical Long Wallet,2026-04-15T02:04:05.000Z,,419.99,0,2026-04-20 13:31:22
227301163633,m41714769641,Louis Vuitton Monogram Empreinte Black Long Wallet Portefeuille Sarah Unisex,2026-04-15T02:04:28.000Z,,439.99,0,2026-04-20 13:31:22
227301163823,m43150625801,Louis Vuitton Mahina Long Wallet Monogram Pink Leather Box Included,2026-04-15T02:04:46.000Z,,529.99,2,2026-04-20 13:31:22
227301164121,m43802849309,Louis Vuitton Long Wallet Mahina Zippy Wallet NM A625,2026-04-15T02:05:09.000Z,,529.99,0,2026-04-20 13:31:22
227301164713,m44593169816,Louis Vuitton Portefeuille Comet Long Wallet L-Zip Pink,2026-04-15T02:05:58.000Z,,529.99,0,2026-04-20 13:31:22
227301164994,m45470339215,Louis Vuitton Wallet Dark Brown Trifold Excellent Condition,2026-04-15T02:06:17.000Z,,529.99,0,2026-04-20 13:31:22
227301165375,m45907675525,Louis Vuitton Monogram Fuchsia Clemence Wallet for Women,2026-04-15T02:06:39.000Z,,529.99,0,2026-04-20 13:31:22
227301165595,m25188850063,CELINE Small Wallet,2026-04-15T02:06:54.000Z,,569.99,0,2026-04-20 13:31:22
227301165997,m25478966926,Dior Butterfly Pattern Square Scarf 90,2026-04-15T02:07:26.000Z,,759.99,0,2026-04-20 13:31:22
227301166688,m46917121930,Louis Vuitton Monogram Portefeuille Sarah Fuchsia,2026-04-15T02:08:27.000Z,,419.99,0,2026-04-20 13:31:22
227301167406,m47789580991,Louis Vuitton Monogram Two-Fold Wallet,2026-04-15T02:08:50.000Z,,419.99,0,2026-04-20 13:31:22
227301168469,m49814797669,Super Rare Louis Vuitton Nanogram Porte Feuille Sarah Yellow M82231,2026-04-15T02:09:39.000Z,,529.99,0,2026-04-20 13:31:22
227301168844,m51153272676,Louis Vuitton Damier Azur Zippy Long Wallet with Box and Dust Bag,2026-04-15T02:10:04.000Z,,399.99,0,2026-04-20 13:31:22
227301169192,m51538284107,Louis Vuitton Wallet Portefeuille Verily Monogram Gold Hardware Authentic,2026-04-15T02:10:26.000Z,,679.99,0,2026-04-20 13:31:22
227301169533,m51868699017,Brand New Louis Vuitton Monogram Zippy Wallet Noir with RFID Chip,2026-04-15T02:10:48.000Z,,689.99,0,2026-04-20 13:31:22
227301169885,m51968035274,Monogram Eclipse Canvas Portefeuille Brasse Folded Wallet,2026-04-15T02:11:10.000Z,,529.99,0,2026-04-20 13:31:22
227301172010,m54693373893,Unused Louis Vuitton Epi Leather Long Wallet Pochette Porte-Monnaie Credit,2026-04-15T02:12:26.000Z,,529.99,0,2026-04-20 13:31:22
227301172212,m55223111451,Sale Price‼️ Shimmering Beauty❣️ Cute❣️ Louis Vuitton Vernis Zippy,2026-04-15T02:12:45.000Z,,389.99,0,2026-04-20 13:31:22
227301172779,m56273973368,LOUIS VUITTON Monogram Portefeuille Sarah Brown Excellent Condition,2026-04-15T02:13:29.000Z,,449.99,0,2026-04-20 13:31:22
227301174347,m59815590603,Louis Vuitton Porte-Feuille Multiple Taiga Noir,2026-04-15T02:15:11.000Z,,529.99,0,2026-04-20 13:31:22
227301174542,m60251321524,Unused Rare Louis Vuitton Pochette Port Monnaie Credie Epi Long Wallet,2026-04-15T02:15:33.000Z,,659.99,0,2026-04-20 13:31:22
227301175239,m28876039424,Used Christian Dior CD Icon Wallet,2026-04-15T02:16:32.000Z,,529.99,0,2026-04-20 13:31:22
227301175422,m29160371212,HERMES White Bastia,2026-04-15T02:16:51.000Z,,309.99,0,2026-04-20 13:31:22
227301175899,m63324662103,Louis Vuitton Monogram Portefeuille Venus Long Wallet,2026-04-15T02:17:36.000Z,,529.99,0,2026-04-20 13:31:22
227301176306,m64215564476,Louis Vuitton Porte-Documents Multiple Folded Wallet NIGO Collaboration,2026-04-15T02:18:22.000Z,,869.99,0,2026-04-20 13:31:22
227301176999,m64980594193,Louis Vuitton M30672 Taiga Porte Biens Monnaie Zip bifold wallet Excellent,2026-04-15T02:19:05.000Z,,529.99,0,2026-04-20 13:31:22
227301177690,m30397648104,New CELINE Large Zip Wallet Long Wallet Black Yellow,2026-04-15T02:19:49.000Z,,609.99,0,2026-04-20 13:31:22
227301178317,m67124490240,Louis Vuitton Empreinte Clemence Zippy Wallet Bicolor展示品級,2026-04-15T02:20:49.000Z,,759.99,0,2026-04-20 13:31:22
227301178458,m31574441561,Christian Dior Trotter Pattern Scarf Handkerchief,2026-04-15T02:21:03.000Z,,539.99,0,2026-04-20 13:31:22
227301179803,m71690170220,Louis Vuitton Damier Zippy Wallet Long Wallet Brown,2026-04-15T02:23:25.000Z,,399.99,0,2026-04-20 13:31:22
227301180160,m73027673125,Louis Vuitton Wallet Limited Domestic Genuine Zip Lock Me Fuchsia Bicolor with,2026-04-15T02:23:51.000Z,,799.99,0,2026-04-20 13:31:22
227301180695,m74274159690,Louis Vuitton Vernis Portefeuille Sarah Long Wallet M58039,2026-04-15T02:24:35.000Z,,529.99,0,2026-04-20 13:31:22
227301181532,m76713945318,Louis Vuitton Monogram Wallet Red Leather Stitch Excellent Condition Box Dustbag,2026-04-15T02:25:35.000Z,,749.99,0,2026-04-20 13:31:22
227301182120,m34223145882,miumiu long wallet,2026-04-15T02:26:28.000Z,,669.99,0,2026-04-20 13:31:22
227301182808,m34624129879,Brand New CELINE Small Trifold Wallet,2026-04-15T02:26:44.000Z,,609.99,0,2026-04-20 13:31:22
227301184537,m35622015883,PRADA Viterbo Move Bi-Color Folding Wallet,2026-04-15T02:28:37.000Z,,529.99,0,2026-04-20 13:31:22
227301184691,m35905685092,FENDI Leather Long Wallet Black/Red,2026-04-15T02:28:55.000Z,,889.99,0,2026-04-20 13:31:22
227301184933,m36488976663,Bottega Veneta Intrecciato Wallet,2026-04-15T02:29:23.000Z,,539.99,0,2026-04-20 13:31:22
227301185141,m36817643295,HERMES Calvi Duo Card Case Cuivre,2026-04-15T02:29:38.000Z,,529.99,0,2026-04-20 13:31:22
227301185464,m37281546251,BOTTEGA VENETA Cassette Money Clip Bi-Fold Wallet,2026-04-15T02:30:02.000Z,,579.99,0,2026-04-20 13:31:22
227301186370,m81716703766,Authenticated Louis Vuitton Portefeuille Capucines Long Wallet Leather Studs,2026-04-15T02:31:08.000Z,,529.99,0,2026-04-20 13:31:22
227301186673,m82042156046,Louis Vuitton Porte-Feuille Etoile Sara with Box - Rare - Used Sparingly,2026-04-15T02:31:32.000Z,,529.99,0,2026-04-20 13:31:22
227301186928,m38337381600,miumiu Nappa Leather Bi-Fold Wallet,2026-04-15T02:31:53.000Z,,669.99,0,2026-04-20 13:31:22
227301187377,m38653657982,BOTTEGA VENETA Round Zipper Long Wallet 651368,2026-04-15T02:32:26.000Z,,869.99,0,2026-04-20 13:31:22
227301187800,m38890977149,Beautiful Hermes Carré 90 Monsieur et Madame Scarf for Women,2026-04-15T02:33:05.000Z,,519.99,0,2026-04-20 13:31:22
227301188067,m39405417386,"Immediate Shipping, 20000 Yen Discount, New, Current Matarasse Leather Wallet,",2026-04-15T02:33:28.000Z,,709.99,0,2026-04-20 13:31:22
227301188269,m39473617739,Christian Dior Long Wallet Navy/Beige,2026-04-15T02:33:47.000Z,,649.99,0,2026-04-20 13:31:22
227301188931,m85214969260,Louis Vuitton Monogram Emily Wallet New w/ Pouch,2026-04-15T02:34:34.000Z,,599.99,0,2026-04-20 13:31:22
227301189364,m85854153577,Louis Vuitton Empreinte Portefeuille Sara Long Wallet Black,2026-04-15T02:34:57.000Z,,579.99,1,2026-04-20 13:31:22
227301190748,m92238344613,Louis Vuitton Monogram Zippy Wallet Scretton Box Pouch,2026-04-15T02:36:58.000Z,,529.99,0,2026-04-20 13:31:22
227301191183,m95055892343,Louis Vuitton Folding Wallet Tiger Noir Portefeuille Amerigo NM 2520,2026-04-15T02:37:52.000Z,,449.99,0,2026-04-20 13:31:22
227301191236,m96144211534,Louis Vuitton Empreinte Zippy Wallet Beige,2026-04-15T02:38:00.000Z,,449.99,0,2026-04-20 13:31:22
227301191938,m97952461232,Louis Vuitton Damier Portefeuille Sarah Long Wallet 16 Cards,2026-04-15T02:38:52.000Z,,529.99,0,2026-04-20 13:31:22
227301192786,2JNBgtmQ6Eu7MJenaC6yZq,Louis Vuitton M69408 Porte-Feuille Multiple Monogram Macassar Brown Black,2026-04-15T02:40:07.000Z,,599.99,0,2026-04-20 13:31:22
227301192799,2JNBK6bMsGGr8Kyz7ibPwn,Louis Vuitton Monogram Empreinte Wallet Emily Folded Long Wallet,2026-04-15T02:40:09.000Z,,639.99,0,2026-04-20 13:31:22
227301193233,2JNBt8o5iy7FJGqpsp8srj,Louis Vuitton Portefeuille Amerigo NM M62045 Tiger Leather Black Used,2026-04-15T02:40:41.000Z,,529.99,0,2026-04-20 13:31:22
227301193282,2JNBKGG4VDMR9UiqdVYcti,Louis Vuitton Monogram Portefeuille Koala M58013 Wallet (Tri-Fold) Brown,2026-04-15T02:40:45.000Z,,529.99,0,2026-04-20 13:31:22
227301193485,2JNdVVaGxqiQWhcTSiuq9o,LOUIS VUITTON Portefeuille Victorine,2026-04-15T02:41:05.000Z,,529.99,0,2026-04-20 13:31:22
227301193570,2JNdEoMvonVxH5HwKcSUEC,Louis Vuitton Giant Portefeuille Zippy Compact Wallet,2026-04-15T02:41:14.000Z,,529.99,0,2026-04-20 13:31:22
227301193723,2JNJ4MUS8dGMbZ7cNBdNeU,Louis Vuitton Monogram Portefeuille Multiple Compact Wallet Brown Orange,2026-04-15T02:41:32.000Z,,649.99,0,2026-04-20 13:31:22
227301193772,2JNTbGf2zNnmwDGtFHvCUb,LOUIS VUITTON N64022 Damier Azur Portefeuille Victoire Compact Wallet,2026-04-15T02:41:43.000Z,,709.99,0,2026-04-20 13:31:22
227301193889,2JNSrGwVwQmRpiHXKFQqmm,Louis Vuitton Compact Wallet Three-Fold Damier Azur N64022 Portefeuille,2026-04-15T02:41:57.000Z,,849.99,0,2026-04-20 13:31:22
227301194958,8GyM38ok487W9NnxFgRU47,Current LOUIS VUITTON Portefeuille Sarah Folded Long Wallet RFID,2026-04-15T02:43:40.000Z,,599.99,0,2026-04-20 13:31:22
227301195116,m39644826435,Bottega Veneta Dog Charm Leather Key Holder,2026-04-15T02:43:57.000Z,,569.99,0,2026-04-20 13:31:22
227301195265,m39660357987,DIOR Saddle Business Card Case New and Unused,2026-04-15T02:44:15.000Z,,529.99,0,2026-04-20 13:31:22
227301195363,dpyTxJRAAYo8ZAQykMDxje,Louis Vuitton Portefeuille Lock Mini Pink Tri-Fold Wallet W-Hook A Rank Used,2026-04-15T02:44:27.000Z,,559.99,0,2026-04-20 13:31:22
227301195649,fFzKP5WWumCyzQ2R6RqfeF,LOUIS VUITTON Portefeuille Rue M82265 Monogram Embossed RFID With Initials,2026-04-15T02:45:08.000Z,,709.99,0,2026-04-20 13:31:22
227301195800,m40510105833,HERMES Scarf The Horsawards,2026-04-15T02:45:25.000Z,,519.99,0,2026-04-20 13:31:22
227301195900,m40341110110,Louis Vuitton Giant Monogram Reverse Zippy Wallet Long Wallet,2026-04-15T02:45:39.000Z,,529.99,0,2026-04-20 13:31:22
227301196434,m43616355599,Hermès Scarf Carré 90 Raconte moi le cheval Silk Blue系 M52,2026-04-15T02:46:15.000Z,,659.99,0,2026-04-20 13:31:22
227301196482,m44173048623,Hermès Card Case Envelope Orange Business Card Holder,2026-04-15T02:46:19.000Z,,429.99,0,2026-04-20 13:31:22
227301196711,m45918762416,Hermès Carré 90 Scarf Silk,2026-04-15T02:46:34.000Z,,709.99,0,2026-04-20 13:31:22
227301196901,m46043689397,LOUIS VUITTON Damier Infini Zippy Vertical Long Wallet,2026-04-15T02:46:53.000Z,,439.99,0,2026-04-20 13:31:22
227301197018,m46275249493,Louis Vuitton Epi Zippy Wallet Black Long Wallet,2026-04-15T02:47:08.000Z,,529.99,0,2026-04-20 13:31:22
227301197185,m46351537334,Louis Vuitton Zippy Wallet Giant Reverse Monogram,2026-04-15T02:47:28.000Z,,709.99,0,2026-04-20 13:31:22
227301197289,m40267707471,PRADA Tri-Fold Wallet Mini Black,2026-04-15T02:47:43.000Z,,539.99,0,2026-04-20 13:31:22
227301197366,m47173936965,Louis Vuitton Monogram Eclipse Portefeuille Brazza Men's Long Wallet,2026-04-15T02:47:55.000Z,,399.99,0,2026-04-20 13:31:22
227301197519,m47554895433,HERMES Carre 90 Fabre Stamp Enthusiast C007506,2026-04-15T02:48:16.000Z,,799.99,0,2026-04-20 13:31:22
227301197625,m49498242838,Unused HERMES Twilly Bordeau Check Ribbon Initial Original,2026-04-15T02:48:40.000Z,,429.99,0,2026-04-20 13:31:22
227301197960,m54616141259,HERMES Silk and Cashmere Large Stole,2026-04-15T02:49:01.000Z,,799.99,0,2026-04-20 13:31:22
227301198404,m56696229568,Louis Vuitton Aerogram Portefeuille Braz Long Wallet Black,2026-04-15T02:49:22.000Z,,609.99,0,2026-04-20 13:31:22
227301198494,m56627594748,Louis Vuitton Taiga Zippy Wallet Vertical Long Wallet Black,2026-04-15T02:49:31.000Z,,529.99,0,2026-04-20 13:31:22
227301198656,m59312485672,Louis Vuitton Trianon Zippy Wallet Vertical Black 2715,2026-04-15T02:50:00.000Z,,529.99,0,2026-04-20 13:31:22
227301198779,m60604059559,Hermès Scarf Carré 90 Marine et Cavalerie Silk Blue,2026-04-15T02:50:20.000Z,,449.99,0,2026-04-20 13:31:22
227301198820,m60269610662,Unused with Box - Louis Vuitton Portefeuille Braz Tiger NM,2026-04-15T02:50:25.000Z,,629.99,0,2026-04-20 13:31:22
227301199256,m40716446978,PRADA Beige Folding Wallet,2026-04-15T02:50:52.000Z,,539.99,0,2026-04-20 13:31:22
227301199557,m40844275531,PRADA Key Case 6連 2PG222QH Navy,2026-04-15T02:51:15.000Z,,529.99,0,2026-04-20 13:31:22
227301199609,m61764455201,Rare HERMES Mousseline Carre 140 Scarf Chiffon Large,2026-04-15T02:51:20.000Z,,759.99,0,2026-04-20 13:31:22
227301199812,m40993925858,"Bottega Veneta Long Wallet, Intrecciato Design, Unused, Limited Time Only",2026-04-15T02:51:42.000Z,,579.99,0,2026-04-20 13:31:22
227301200109,m61951470238,Extremely Rare HERMES carré 90 Geographer Jacquard Pattern Kangaroo Black,2026-04-15T02:52:06.000Z,,429.99,0,2026-04-20 13:31:22
227301200114,m41171624774,Christian Dior Oblique Neck Strap Wallet,2026-04-15T02:52:06.000Z,,579.99,0,2026-04-20 13:31:22
227301200457,m41239892831,Celine Small Folded Multi-Function Wallet,2026-04-15T02:52:27.000Z,,569.99,0,2026-04-20 13:31:22
227301200667,m63255956844,Louis Vuitton Taigarama Pink Zippy Vertical Wallet Men's,2026-04-15T02:52:49.000Z,,629.99,0,2026-04-20 13:31:22
227301200785,m63414064509,Louis Vuitton Mahina Iris Monogram Long Wallet in Excellent Condition,2026-04-15T02:53:00.000Z,,529.99,0,2026-04-20 13:31:22
227301200857,m64252657439,Hermès Scarf Carré 90 Exquisite Carriages VOITURES EXQUISES,2026-04-15T02:53:09.000Z,,509.99,0,2026-04-20 13:31:22
227301201036,m64738290679,Louis Vuitton Aerogram Zippy Vertical Wallet Noir Black,2026-04-15T02:53:31.000Z,,679.99,0,2026-04-20 13:31:22
227301201281,m41810008764,Prada Mini Wallet Tri-Fold New Unused White with Gold Dots Japan Limited Edition,2026-04-15T02:54:06.000Z,,789.99,0,2026-04-20 13:31:22
227301201524,m42506202294,New Celine Compact Wallet Black Triomphe,2026-04-15T02:54:28.000Z,,729.99,0,2026-04-20 13:31:22
227301201739,m42844454691,CELINE Black Foldable Wallet Cez 16,2026-04-15T02:54:46.000Z,,529.99,0,2026-04-20 13:31:22
227301201873,m69029998026,HERMES CUIRS DU DESERT Silk Scarf 90,2026-04-15T02:54:55.000Z,,439.99,0,2026-04-20 13:31:22
227301201910,m42866249935,New Unused Blue Jean HERMES KALDI DUO,2026-04-15T02:55:01.000Z,,899.99,0,2026-04-20 13:31:22
227301202445,m43273870423,FENDI Selleria Long Wallet【Authentic•Serial Number Included】,2026-04-15T02:55:25.000Z,,529.99,0,2026-04-20 13:31:22
227301202590,m70366297262,Louis Vuitton Vertical Eclipse Long Wallet 877,2026-04-15T02:55:46.000Z,,859.99,0,2026-04-20 13:31:22
227301202596,m71127010651,HERMES Key Holder Etolie H077215FJ00 New Unused Item,2026-04-15T02:55:46.000Z,,549.99,0,2026-04-20 13:31:22
227301202737,m72014534487,"Hermès New Collection Carré 90 ""Ballad of Scotland""",2026-04-15T02:56:01.000Z,,709.99,0,2026-04-20 13:31:22
227301202868,m71993135010,HERMES Scarf Carre 90 Precious Life of the Mediterranean Light Green Fish,2026-04-15T02:56:14.000Z,,509.99,0,2026-04-20 13:31:22
227301203059,m72636521140,HERMES Bearn Key Case Anemone Silver Hardware with Box,2026-04-15T02:56:36.000Z,,629.99,0,2026-04-20 13:31:22
227301203336,m73349440629,IC Chip Louis Vuitton Monogram Eclipse Zippy Vertical Long Wallet,2026-04-15T02:57:02.000Z,,529.99,0,2026-04-20 13:31:22
227301203498,m75011431951,HERMES Scarf Pleats SOUS LE CEDRE Under the Himalayan Cedar,2026-04-15T02:57:25.000Z,,439.99,0,2026-04-20 13:31:22
227301203591,m75029614081,HERMES Scarf Ring Gold New Unused,2026-04-15T02:57:38.000Z,,459.99,0,2026-04-20 13:31:22
227301203603,m75592363374,HERMES Petit H Key Pair,2026-04-15T02:57:40.000Z,,819.99,0,2026-04-20 13:31:22
227301203762,m77597774482,LOUIS VUITTON New Unused Épi Card Case,2026-04-15T02:57:58.000Z,,529.99,0,2026-04-20 13:31:22
227301203805,m76083143187,HERMES Twilly 2 Pieces,2026-04-15T02:58:00.000Z,,799.99,0,2026-04-20 13:31:22
227301204127,m79034586611,HERMES Twilly Bride de Coeur Black Rare Item In Excellent Condition,2026-04-15T02:58:25.000Z,,489.99,0,2026-04-20 13:31:22
227301204254,m79770917014,HERMES Silk Scarf 90 Oriental and Western Stone Carvings Large,2026-04-15T02:58:35.000Z,,429.99,0,2026-04-20 13:31:22
227301204376,m80680548198,Hermès Carré 90 Cuillers d’Afrique Silk Scarf,2026-04-15T02:58:50.000Z,,529.99,0,2026-04-20 13:31:22
227301204451,m81415153156,Hermès Horse-Shaped Keychain Yellow PM Rodeo,2026-04-15T02:58:59.000Z,,539.99,0,2026-04-20 13:31:22
227301204528,m81837958084,Hermès Carré 90 Monsieur & Madame,2026-04-15T02:59:05.000Z,,539.99,0,2026-04-20 13:31:22
227301204997,m82192667250,Louis Vuitton Taigarama Portefeuille Braz Long Wallet White,2026-04-15T02:59:20.000Z,,449.99,0,2026-04-20 13:31:22
227301205423,m84715460063,Hermès Silk Scarf Gavroche Faubourg Tropical Monochrome Very Beautiful Item,2026-04-15T03:00:06.000Z,,629.99,0,2026-04-20 13:31:22
227301205621,m84985021787,LOUIS VUITTON Limited Sold Out Zippy Wallet Vertical with Box,2026-04-15T03:00:23.000Z,,639.99,0,2026-04-20 13:31:22
227301205938,m87215480251,Louis Vuitton Taiga Zippy Organizer Noir Black,2026-04-15T03:00:46.000Z,,529.99,0,2026-04-20 13:31:22
227301206749,m43734291722,COACH Wizard of Oz Tin Bear Keychain Key Holder Overseas,2026-04-15T03:01:46.000Z,,409.99,0,2026-04-20 13:31:22
227301207199,m43770358513,Celine Wallet New and Unused,2026-04-15T03:02:02.000Z,,529.99,0,2026-04-20 13:31:22
227301207207,m91412273586,HERMES Carre 90 La Vallée de Cristal Water Crystal Valley,2026-04-15T03:02:04.000Z,,809.99,0,2026-04-20 13:31:22
227301207488,m92482747323,Hermès Silk Scarf Carré 90 Glory of the Sun Gold Multicolor,2026-04-15T03:02:28.000Z,,519.99,0,2026-04-20 13:31:22
227301207489,m92362079786,"Unused HERMES Scarf 90 Silk ""Victory of Venice"" Horses",2026-04-15T03:02:28.000Z,,649.99,0,2026-04-20 13:31:22
227301207729,m92768424470,"New, Unused HERMES Twilly Space Derby",2026-04-15T03:02:50.000Z,,609.99,0,2026-04-20 13:31:22
227301207945,m92949036629,HERMES Scarf Carré 90 SPRINGS New Unused,2026-04-15T03:03:04.000Z,,479.99,0,2026-04-20 13:31:22
227301208090,m93285148896,LOUIS VUITTON Zippy Organizer Taiga Long Wallet,2026-04-15T03:03:08.000Z,,539.99,0,2026-04-20 13:31:22
227301208385,m93391866299,Hermès Scarf Carré 90,2026-04-15T03:03:27.000Z,,889.99,0,2026-04-20 13:31:22
227301208440,m93355481277,Mint Condition! Louis Vuitton Damier Graphite Zippy Vertical Long Wallet,2026-04-15T03:03:31.000Z,,439.99,0,2026-04-20 13:31:22
227301210030,m99803373977,HERMES Please Hold The Line Scarf 90,2026-04-15T03:05:16.000Z,,809.99,0,2026-04-20 13:31:22
227301210689,2JKH7ivHNHs7JeZzt8KFrm,Louis Vuitton Zippy Wallet M60314 Epi Electric Leather Plum Electric NWT Box,2026-04-15T03:05:54.000Z,,809.99,0,2026-04-20 13:31:22
227301212009,2JLBbJdJ3wjTVsnhgEFXyk,Louis Vuitton Zippy Wallet M69794 19.5cm Monogram Empreinte Bicolor A Condition,2026-04-15T03:07:08.000Z,,689.99,2,2026-04-20 13:31:22
227301214086,2JN3ramUBWTPdQgEdRmW8X,LOUIS VUITTON Porto Monnaie Bien Carte Crédit Bi-Fold Wallet Damier Ebene N61652,2026-04-15T03:08:30.000Z,,639.99,0,2026-04-20 13:31:22
227301215292,2JNfweZhKuhdsaRCuZh6UD,Unused Hermès Bastia Coin Case Epson Gold with Silver Hardware W Stamp (2024),2026-04-15T03:09:13.000Z,,529.99,0,2026-04-20 13:31:22
227301215909,2JNStHbVXs5DnTyeodrfgQ,Louis Vuitton Round Zipper Long Wallet Taiga Noir,2026-04-15T03:09:40.000Z,,829.99,0,2026-04-20 13:31:22
227301216815,2JNTdtzFCeaYfKzFwtwojE,LOUIS VUITTON Monogram Zippy Wallet Long Wallet Monogram Canvas Brown Red,2026-04-15T03:10:19.000Z,,809.99,0,2026-04-20 13:31:22
227301217812,2JPN9V7E85v7h4G33cu8av,Louis Vuitton Monogram Taurillon Zippy Wallet Vertical Round Zipper Long Wallet,2026-04-15T03:11:00.000Z,,539.99,0,2026-04-20 13:31:22
227301218011,2JPNioCZzW3kMpgimtoQFk,LOUIS VUITTON Porte-Tresor International Monogram Multicolor Leather Wallet,2026-04-15T03:11:05.000Z,,609.99,0,2026-04-20 13:31:22
227301218590,2JPpaH6kd8vWYwnbPSqSCX,LOUIS VUITTON Porte-Feuille Capucines RFID Compatible Leather Green Wallet Gold,2026-04-15T03:11:49.000Z,,709.99,0,2026-04-20 13:31:22
227301218841,BySgHj5jdqPLvopr6r4uyZ,Louis Vuitton Zippy Wallet World Tour Monogram Stickers M62149,2026-04-15T03:12:20.000Z,,889.99,0,2026-04-20 13:31:22
227301219039,H7GgvTDh9qZFZ5yGcdDtfn,Louis Vuitton Dark Infinity Logo Organizer Do Poche Card Case,2026-04-15T03:12:50.000Z,,529.99,0,2026-04-20 13:31:22
227301219129,kmchXc8SGJZPLiDJ7X9VnL,Louis Vuitton Taiga Zippy XL Travel Case Second Clutch Bag,2026-04-15T03:13:06.000Z,,689.99,0,2026-04-20 13:31:22
227301219169,M4oYHMKr8GUHm9BuAkAXoJ,LOUIS VUITTON Damier Azur Zippy Wallet Long Wallet Round Zipper Ladies,2026-04-15T03:13:13.000Z,,429.99,0,2026-04-20 13:31:22
227301219214,MewwmMknCFHNTnX8MJwTYK,Sale LOUIS VUITTON Epi Long Wallet Portefeuille Sarah M60321 Cocoa,2026-04-15T03:13:20.000Z,,529.99,0,2026-04-20 13:31:22
227301219492,oc6AGFNQDWABZevRw6PSad,Louis Vuitton Wallet Porte-Feuille Miroir f-22001 Bordeaux,2026-04-15T03:13:49.000Z,,529.99,0,2026-04-20 13:31:22
227301219513,Rs7YjMtFS6ifJU8kNMEev7,Hermès Carvey Card Case Red Excellent Condition,2026-04-15T03:13:52.000Z,,529.99,0,2026-04-20 13:31:22
227301219527,R9yh4MsaUjg66WVNt4ZrnV,Louis Vuitton Comet Wallet Taurillon Leather Beige Ladies Zip W19.5cm Box,2026-04-15T03:13:55.000Z,,629.99,0,2026-04-20 13:31:22
227301219672,UPwBSRcawTR2Ya9BaJtJU7,Louis Vuitton Sarah Tropical Wallet Multicolor Leather A+ Pink Blue,2026-04-15T03:14:20.000Z,,659.99,0,2026-04-20 13:31:22
227301219748,utUiK4aRSufLphH8ezPCqN,HERMES Rodeo PM Bag Charm 2022 U Stamp Blue Zanzibar Anyo Miro Lambskin,2026-04-15T03:14:28.000Z,,849.99,0,2026-04-20 13:31:22
227301219894,vYSyDH9VBQYvsBPsbjVUDX,Louis Vuitton Two-Fold Long Wallet Portefeuille Insolite N63221 Damier Azur,2026-04-15T03:14:41.000Z,,529.99,0,2026-04-20 13:31:22
227301220070,zYQqkHjFgGDT4WXB69efRN,Louis Vuitton Vernis Ikat Flower Wallet Blue Used Condition,2026-04-15T03:14:59.000Z,,869.99,0,2026-04-20 13:31:22
227301220100,m45395861544,Unused Gucci Double G Leather 6-Key Case,2026-04-15T03:15:03.000Z,,429.99,0,2026-04-20 13:31:22
227301220244,m46633938798,GUCCI Round Zipper Long Wallet,2026-04-15T03:15:22.000Z,,879.99,0,2026-04-20 13:31:22
227301220310,m46781363150,Dior Lady Dior Lotus Wallet Green Pistachio,2026-04-15T03:15:28.000Z,,529.99,0,2026-04-20 13:31:22
227301220730,m46710744541,CELINE Long Wallet Grained Calfskin Vertical Wallet Black 2742,2026-04-15T03:15:39.000Z,,529.99,0,2026-04-20 13:31:22
227301220828,m47582769740,Limited Edition MISS DIOR XS Wallet Cannage Lambskin,2026-04-15T03:15:51.000Z,,579.99,0,2026-04-20 13:31:22
227301220874,m47695161779,1988 Hermes BeAn Long Wallet Box Calf Burgundy Vintage,2026-04-15T03:15:55.000Z,,529.99,8,2026-04-20 13:31:22
227301221149,m48959759571,Brand New ⭐️ Rare SAINT LAURENT Tiny Wallet,2026-04-15T03:16:20.000Z,,529.99,0,2026-04-20 13:31:22
227301221255,m49602929298,Azeap Silk In Navy Long Wallet - Final Price‼️✨✨,2026-04-15T03:16:30.000Z,,729.99,0,2026-04-20 13:31:22
227301221415,m51103950466,FENDI Wallet,2026-04-15T03:16:51.000Z,,529.99,0,2026-04-20 13:31:22
227301221441,m50768306768,Dior Green Check Large Stole Muffler Angora,2026-04-15T03:16:54.000Z,,519.99,0,2026-04-20 13:31:22
227301221538,m51035129923,Dior Caro Glycine Wallet Cloud Blue,2026-04-15T03:17:04.000Z,,549.99,0,2026-04-20 13:31:22
227301222018,m51415978968,Saint Laurent Compact Wallet Folding Wallet Black 01 New Unused,2026-04-15T03:17:29.000Z,,629.99,0,2026-04-20 13:31:22
227301222341,m53041346280,GUCCI Double G Mini Wallet (with Coin & Bill Compartment) Unused,2026-04-15T03:17:44.000Z,,529.99,0,2026-04-20 13:31:22
227301222413,m53291548140,Unused Level ✨ CELINE Small Flap Wallet Tri-Fold Wallet Leather Black,2026-04-15T03:17:50.000Z,,409.99,0,2026-04-20 13:31:22
227301222511,m55103467967,Brand New CELINE Necklace Wallet Trin Off Shoulder Bag,2026-04-15T03:18:03.000Z,,569.99,0,2026-04-20 13:31:22
227301222535,m55496379653,Dior Silk Large Scarf Unused,2026-04-15T03:18:07.000Z,,629.99,0,2026-04-20 13:31:22
227301222597,m55298318230,HERMES Dogon GM Wallet【Excellent Condition】,2026-04-15T03:18:18.000Z,,649.99,0,2026-04-20 13:31:22
227301222751,m57160403696,PRADA Pink Box Included Re-Nylon Keychain Charm,2026-04-15T03:18:44.000Z,,619.99,1,2026-04-20 13:31:22
227301222921,m57916709639,Hermes Bearn Souffle Long Wallet Pink with Box A Stamp,2026-04-15T03:18:58.000Z,,579.99,0,2026-04-20 13:31:22
227301222958,m57603466476,DIOR Mini Wallet Daria Wallet,2026-04-15T03:19:01.000Z,,589.99,0,2026-04-20 13:31:22
227301223276,m59553786054,Christian Dior Limited Edition ⭐︎ Lady Dior Yuzu Key Case,2026-04-15T03:19:25.000Z,,559.99,0,2026-04-20 13:31:22
227301223385,m59544536273,CELINE Triomphe Folding Wallet Leather Gold Hardware 0126-②,2026-04-15T03:19:37.000Z,,529.99,0,2026-04-20 13:31:22
227301223388,m58843254976,Dior Caro Daria Wallet Cannage Pink 2-Fold Wallet 2023 Edition,2026-04-15T03:19:38.000Z,,529.99,0,2026-04-20 13:31:22
227301223447,m60313520291,Christian Dior CD Logo Velour-like Stole Pink Made in Italy,2026-04-15T03:19:47.000Z,,479.99,0,2026-04-20 13:31:22
227301223482,2JNhB4TMtjP7GbGLK5bxpc,Prada 2MM935 Coin Case,2026-04-15T03:19:51.000Z,,449.99,0,2026-04-20 13:31:22
227301223549,m60692463541,Excellent Condition CELINE Tri-Fold Wallet Compact Wallet,2026-04-15T03:20:02.000Z,,649.99,0,2026-04-20 13:31:22
227301223554,m61629843299,Dior three-fold wallet,2026-04-15T03:20:03.000Z,,529.99,0,2026-04-20 13:31:22
227301223639,m62620847781,CHANEL GUCCI HERMES Scarf Set,2026-04-15T03:20:10.000Z,,599.99,0,2026-04-20 13:31:22
227301223644,m62352691805,Dior Caro Wallet Black Card Case,2026-04-15T03:20:10.000Z,,599.99,0,2026-04-20 13:31:22
227301223872,m63024499838,Dior Folding Black Women's Mini Wallet,2026-04-15T03:20:30.000Z,,589.99,0,2026-04-20 13:31:22
227301223897,m63681761133,PRADA Beige Fragment Case Wallet,2026-04-15T03:20:32.000Z,,569.99,0,2026-04-20 13:31:22
227301223953,m63783118143,PRADA Camouflage Chain Pouch,2026-04-15T03:20:35.000Z,,629.99,0,2026-04-20 13:31:22
227301224173,m65815451428,Triumph Card Holder Navy,2026-04-15T03:20:51.000Z,,559.99,0,2026-04-20 13:31:22
227301224191,m65843895638,CELINE Small Trifold Wallet 16 Size,2026-04-15T03:20:52.000Z,,529.99,0,2026-04-20 13:31:22
227301224299,m64595556410,Saint Laurent Tiny Cassandra YSL Paris Zip Around Wallet,2026-04-15T03:20:59.000Z,,719.99,0,2026-04-20 13:31:22
227301224335,m66452729019,Chanel Coin Case Compact Wallet Mini Wallet,2026-04-15T03:21:01.000Z,,529.99,0,2026-04-20 13:31:22
227301224614,m66486509989,Fendi Italy Rare Zucchino Pattern Large Silk Scarf 87×89cm,2026-04-15T03:21:14.000Z,,549.99,0,2026-04-20 13:31:22
227301224617,m66513202591,CHANEL Matelassé Tri-Fold Wallet Silver,2026-04-15T03:21:15.000Z,,529.99,0,2026-04-20 13:31:22
227301224703,m67369747665,Dior Pink Tri-Fold Wallet,2026-04-15T03:21:19.000Z,,539.99,0,2026-04-20 13:31:22
227301224878,m67675058700,Celine Small Tri-Fold Wallet 16 Size Tan,2026-04-15T03:21:34.000Z,,759.99,0,2026-04-20 13:31:22
227301224886,m67550596976,GUCCI Long Wallet,2026-04-15T03:21:35.000Z,,529.99,0,2026-04-20 13:31:22
227301224988,m68014727680,"Celine Triomphe Small Flap Wallet Wallet, Super Excellent Condition",2026-04-15T03:21:45.000Z,,569.99,0,2026-04-20 13:31:22
227301225030,m68223366293,CHANEL Long Wallet Orange Limited Edition No Defects Box & Card,2026-04-15T03:21:52.000Z,,759.99,0,2026-04-20 13:31:22
227301225077,m68198457254,CHANEL Camellia Embossed Lambskin Black Card Case,2026-04-15T03:21:55.000Z,,629.99,0,2026-04-20 13:31:22
227301225082,m68431673819,GUCCI GG Marmont Bi-Fold Wallet White,2026-04-15T03:21:55.000Z,,429.99,0,2026-04-20 13:31:22
227301225234,m69249272990,Christian Dior dioramour LADY DIOR card holder,2026-04-15T03:22:05.000Z,,879.99,0,2026-04-20 13:31:22
227301225347,m69778544691,CELINE Small Folded Small Trifold Wallet,2026-04-15T03:22:15.000Z,,529.99,0,2026-04-20 13:31:22
227301225369,m69903893092,FENDI FF Diamond Card Case Gray Leather New Unused Authentic,2026-04-15T03:22:18.000Z,,449.99,0,2026-04-20 13:31:22
227301225568,m71475415399,PRADA Cowhide Wallet Black,2026-04-15T03:22:44.000Z,,649.99,0,2026-04-20 13:31:22
227301225602,m71593301156,FENDI Kufiya Wool/Silk Scarf Large Unused,2026-04-15T03:22:47.000Z,,569.99,0,2026-04-20 13:31:22
227301225625,m71075388815,New Unused✨ CELINE Large Zipped Wallet Long Wallet Black,2026-04-15T03:22:49.000Z,,529.99,0,2026-04-20 13:31:22
227301225667,m71307833592,Celine Triomphe Canvas Compact Wallet Three-Fold White C92,2026-04-15T03:22:53.000Z,,439.99,0,2026-04-20 13:31:22
227301225810,m72578269789,Saint Laurent Wallet Cassandra Matelassé Zip Coin Case White Ivory,2026-04-15T03:23:08.000Z,,529.99,0,2026-04-20 13:31:22
227301225863,m72948191641,CÉLINE Macadam Pattern Compact Tri-Fold Wallet Brown Leather New Unused,2026-04-15T03:23:13.000Z,,389.99,0,2026-04-20 13:31:22
227301225882,m72740782291,HERMÈS Béarn Soufflé Folded Long Wallet Etaupe Leather,2026-04-15T03:23:15.000Z,,529.99,0,2026-04-20 13:31:22
227301226115,m74041168171,FENDI FF Logo Round Zipper Long Wallet Multicolor,2026-04-15T03:23:32.000Z,,569.99,0,2026-04-20 13:31:22
227301226127,m73883050280,CHANEL Cambon Line Matelassé Black Lambskin Long Wallet Coco Mark,2026-04-15T03:23:35.000Z,,739.99,0,2026-04-20 13:31:22
227301226156,m75108064482,CELINE Large Wallet 16 Turn Lock Long Wallet Black Ladies,2026-04-15T03:23:39.000Z,,669.99,0,2026-04-20 13:31:22
227301226178,m75145087667,Almost unused Dior Oblique Long Flap Wallet,2026-04-15T03:23:43.000Z,,699.99,0,2026-04-20 13:31:22
227301226337,m76326826385,Louis Vuitton Bearn Souffle Pink □K Mark Long Wallet Folding,2026-04-15T03:24:04.000Z,,529.99,0,2026-04-20 13:31:22
227301226377,m76574734244,Brand New PRADA Card Case Saffiano Leather Beige,2026-04-15T03:24:08.000Z,,709.99,0,2026-04-20 13:31:22
227301226483,m77116580250,New CELINE Black Stole Celine by Hedi Slimane Silk,2026-04-15T03:24:18.000Z,,889.99,0,2026-04-20 13:31:22
227301226590,m77293257396,Dior Wallet,2026-04-15T03:24:29.000Z,,579.99,0,2026-04-20 13:31:22
227301226595,m77714694981,Unused FENDI Long Wallet Roma Continental Brown Two-Fold with Box,2026-04-15T03:24:30.000Z,,589.99,0,2026-04-20 13:31:22
227301226801,m78673408884,YSL Dark Green Long Wallet,2026-04-15T03:24:44.000Z,,539.99,0,2026-04-20 13:31:22
227301226811,m78060549354,Hermès Azap Silk-in Wallet Long Wallet Pink,2026-04-15T03:24:44.000Z,,539.99,0,2026-04-20 13:31:22
227301226889,m79041682085,GUCCI Long Wallet,2026-04-15T03:24:48.000Z,,529.99,0,2026-04-20 13:31:22
227301227347,m79465281681,Dior Long Wallet,2026-04-15T03:25:11.000Z,,539.99,0,2026-04-20 13:31:22
227301227576,m81856682523,CELINE Brown Two-Fold Wallet,2026-04-15T03:25:28.000Z,,529.99,0,2026-04-20 13:31:22
227301228402,m82660456884,Gucci Two-Fold Wallet Men's Black Calf Leather Genuine Excellent Condition,2026-04-15T03:25:50.000Z,,419.99,0,2026-04-20 13:31:22
227301228408,m83229899069,BURBERRY Long Wallet,2026-04-15T03:25:51.000Z,,529.99,0,2026-04-20 13:31:22
227301228573,m84260829471,HERMES Etrivière Soufflé Orange Long Wallet with Silver Hardware,2026-04-15T03:26:02.000Z,,429.99,0,2026-04-20 13:31:22
227301228641,m84709701037,SAINT LAURENT 2-Fold Wallet Caviar Skin YSL Black,2026-04-15T03:26:06.000Z,,529.99,0,2026-04-20 13:31:22
227301228915,m84553686331,Unused Burberry Folding Wallet Nova Check Logo Embossed Leather Black,2026-04-15T03:26:21.000Z,,399.99,0,2026-04-20 13:31:22
227301228955,m86849542563,PRADA Card Case 【Brand New】 Pink,2026-04-15T03:26:23.000Z,,419.99,0,2026-04-20 13:31:22
227301229089,m87816502543,HERMÈS Twilly 2022 Navy Blue Silk Spring Horse Year New With Box&Bags,2026-04-15T03:26:37.000Z,,449.99,0,2026-04-20 13:31:22
227301229201,m88535107499,GUCCI Long Wallet 181668 with Box,2026-04-15T03:26:43.000Z,,629.99,0,2026-04-20 13:31:22
227301229234,m88885189028,HERMES Carré 90 Grand Tralala,2026-04-15T03:26:45.000Z,,429.99,0,2026-04-20 13:31:22
227301229366,m90208566291,GUCCI GG Supreme Bee Wallet Compact New Unused Authentic,2026-04-15T03:27:02.000Z,,619.99,0,2026-04-20 13:31:22
227301229434,m90829239715,HERMES Silk In,2026-04-15T03:27:11.000Z,,529.99,0,2026-04-20 13:31:22
227301229552,m91369574907,CHANEL Card Case Caviar Skin Coco Mark Black,2026-04-15T03:27:23.000Z,,429.99,0,2026-04-20 13:31:22
227301229692,m79008348015,PRADA Brown Folded Wallet,2026-04-15T03:27:32.000Z,,549.99,0,2026-04-20 13:31:22
227301230296,m91609396051,CHANEL Matelassé Card Case Camel Brown,2026-04-15T03:27:41.000Z,,529.99,0,2026-04-20 13:31:22
227301230852,m91941486220,Gucci Chain Wallet 19cm Yellow Gold Adidas Collaboration High Class Box,2026-04-15T03:28:25.000Z,,679.99,0,2026-04-20 13:31:22
227301230854,m92331206856,CELINE Two-Fold Wallet【Price Negotiable】,2026-04-15T03:28:25.000Z,,529.99,0,2026-04-20 13:31:22
227301230921,m92342362484,Dior Quilted Leather Card Case,2026-04-15T03:28:29.000Z,,579.99,0,2026-04-20 13:31:22
227301231264,m92596156066,Unused Burberry Nova Check Orange Leather Flap Long Wallet,2026-04-15T03:28:53.000Z,,529.99,0,2026-04-20 13:31:22
227301231545,m93072728859,GUCCI GG Matelassé Compact Wallet Black with Box and Certificate,2026-04-15T03:29:17.000Z,,419.99,0,2026-04-20 13:31:22
227301231610,m93107422157,FENDI Peekaboo Long Wallet with Stitching - Excellent Condition,2026-04-15T03:29:21.000Z,,529.99,0,2026-04-20 13:31:22
227301231695,m93184878440,Gucci Ophidia Long Wallet 19x10cm GG Supreme Beige Blue Excellent Box,2026-04-15T03:29:29.000Z,,549.99,0,2026-04-20 13:31:22
227301231748,m93328926775,New CHANEL Silk Scarf 70CH19 101 With Tags,2026-04-15T03:29:34.000Z,,439.99,0,2026-04-20 13:31:22
227301231771,m93328529562,Chanel Blue Cashmere Stole Scarf with Fringe,2026-04-15T03:29:36.000Z,,649.99,0,2026-04-20 13:31:22
227301231842,m93290197065,Rare CELINE Phoebe Three-Fold Wallet,2026-04-15T03:29:39.000Z,,529.99,0,2026-04-20 13:31:22
227301231895,m93332196443,Chanel Small Flap Compact Wallet AP0853 Black,2026-04-15T03:29:44.000Z,,619.99,0,2026-04-20 13:31:22
227301231918,m93301125029,Dior Lady Dior Cannage Compact Wallet Beige,2026-04-15T03:29:46.000Z,,439.99,0,2026-04-20 13:31:22
227301231931,m93348903465,"GUCCI Card Case, Bill Holder, GG Pattern, GG Line, Brand New",2026-04-15T03:29:48.000Z,,529.99,0,2026-04-20 13:31:22
227301231959,m93387320312,Dior Scarf Authentic,2026-04-15T03:29:52.000Z,,429.99,0,2026-04-20 13:31:22
227301232009,m93425111514,"GUCCI 523155 Sherry Line Bi-Fold Wallet, Near Unused Condition",2026-04-15T03:29:55.000Z,,529.99,0,2026-04-20 13:31:22
227301232026,m93395488870,Celine Sayes Long Wallet,2026-04-15T03:29:57.000Z,,839.99,0,2026-04-20 13:31:22
227301232035,m93391782839,Gucci Double G Bi-Color Zip-Around Wallet Pink Leather Women's Pre-Owned,2026-04-15T03:29:59.000Z,,599.99,0,2026-04-20 13:31:22
227302543479,m10709513086,Bottega Veneta Long Wallet Leather Yellow Complete with Accessories 165,2026-04-16T02:15:13.000Z,,529.99,0,2026-04-20 13:31:22
227302543788,m10968049529,Dior Oblique Pattern Card Case Coin Purse Wallet Complete Accessories,2026-04-16T02:15:29.000Z,,529.99,0,2026-04-20 13:31:22
227302545882,m11810202459,GUCCI Logo Leather Round Zipper Long Wallet / Yellow / New Model,2026-04-16T02:17:57.000Z,,709.99,0,2026-04-20 13:31:22
227302547777,m13137601556,Louis Vuitton Tigerama Zippy Wallet Vertical Long Wallet White,2026-04-16T02:19:58.000Z,,539.99,0,2026-04-20 13:31:22
227302548596,m14067245393,Hermès Dogon Chevre Card Case Coin Case,2026-04-16T02:21:09.000Z,,529.99,0,2026-04-20 13:31:22
227302549323,m14490708952,Rare Louis Vuitton Monogram Macassar Portefeuille Taillon Wallet,2026-04-16T02:21:33.000Z,,529.99,0,2026-04-20 13:31:22
227302549808,m14754031163,Louis Vuitton Empreinte Clemence Excellent Condition,2026-04-16T02:22:00.000Z,,529.99,0,2026-04-20 13:31:22
227302550674,m15340561442,LOUIS VUITTON Porte-Monnaie Annae Mahina Pink Coin Case,2026-04-16T02:23:13.000Z,,429.99,0,2026-04-20 13:31:22
227302550898,m15515712364,New PRADA Three-Fold Wallet Epi Gold Logo Black with Box,2026-04-16T02:23:31.000Z,,579.99,0,2026-04-20 13:31:22
227302551281,m15542645075,Louis Vuitton Monogram Zippy Wallet Brown Round Wallet,2026-04-16T02:23:49.000Z,,419.99,0,2026-04-20 13:31:22
227302552248,m16433764443,Louis Vuitton Zippy Wallet Monogram Empreinte Navy,2026-04-16T02:25:02.000Z,,529.99,0,2026-04-20 13:31:22
227302554028,m17166353693,Chanel Matelassé Long Zip Round Fastener Wallet Caviar Skin Purple,2026-04-16T02:25:44.000Z,,579.99,0,2026-04-20 13:31:22
227302555327,m17915613141,Loewe Trifold Wallet Folding Wallet,2026-04-16T02:26:44.000Z,,439.99,0,2026-04-20 13:31:22
227302555548,m18336578744,CHANEL Matelassé Long Wallet Pink Rare Used Box & Card,2026-04-16T02:27:05.000Z,,879.99,0,2026-04-20 13:31:22
227302556233,m19646058131,GUCCI Folding Wallet Flora Compact Wallet Flower,2026-04-16T02:28:05.000Z,,529.99,0,2026-04-20 13:31:22
227302556493,m20311963937,Louis Vuitton Monogram Zippy Wallet Monogram Round Zipper,2026-04-16T02:28:31.000Z,,609.99,0,2026-04-20 13:31:22
227302557525,m20786684605,PRADA Studded Fragment Case,2026-04-16T02:29:23.000Z,,579.99,0,2026-04-20 13:31:22
227302557831,m21226074884,Louis Vuitton Folding Wallet Monogram Celeste 225,2026-04-16T02:29:52.000Z,,529.99,0,2026-04-20 13:31:22
227302557997,m21295237061,Louis Vuitton Monogram Giant Jungle Twilly Scarf 120cm Silk Brown Black A+ Box,2026-04-16T02:30:08.000Z,,479.99,0,2026-04-20 13:31:22
227302558415,m21873943710,Hermès Bastia Blue x Brown,2026-04-16T02:30:35.000Z,,529.99,0,2026-04-20 13:31:22
227302558762,m22374954099,Louis Vuitton Zippy XL Damier Infini Long Wallet Black Smartphone Storage,2026-04-16T02:30:56.000Z,,529.99,0,2026-04-20 13:31:22
227302558964,m22424531508,"Louis Vuitton Long Wallet Zippy Wallet Empreinte, Near Unused Condition",2026-04-16T02:31:13.000Z,,669.99,0,2026-04-20 13:31:22
227302559561,m22945162084,Prada Saffiano Round Zipper Long Wallet Black Triangle Logo,2026-04-16T02:31:51.000Z,,529.99,0,2026-04-20 13:31:22
227302559772,m40626976694,Louis Vuitton Card Case Porte Cartes Recto Verso,2026-04-16T02:32:09.000Z,,529.99,0,2026-04-20 13:31:22
227302560003,m51916861989,Louis Vuitton Empreinte Port Card Flora Card Case,2026-04-16T02:32:30.000Z,,549.99,0,2026-04-20 13:31:22
227302560308,m89369914441,Louis Vuitton Monogram Porte Cle Coin Card Case M14529,2026-04-16T02:32:50.000Z,,739.99,0,2026-04-20 13:31:22
227302560939,m28457654489,Louis Vuitton Porte-Card Recto Verso Wallet 13x8cm Epi Leather Black AA w/ Dust,2026-04-16T02:33:33.000Z,,579.99,0,2026-04-20 13:31:22
227302561153,m61664004633,LOUIS VUITTON Coin Card Holder,2026-04-16T02:33:51.000Z,,529.99,0,2026-04-20 13:31:22
227302561386,m25851570328,"Luxury Set Louis Vuitton Epi Key Case, Pen Case, Passport Case",2026-04-16T02:34:22.000Z,,429.99,0,2026-04-20 13:31:22
227302561756,m52685281953,Louis Vuitton Multicle 6 Eclipse Key Case RFID M82603,2026-04-16T02:35:01.000Z,,409.99,0,2026-04-20 13:31:22
227302562036,m69838297708,New LOUIS VUITTON Key Case Multi-Cles 6,2026-04-16T02:35:23.000Z,,529.99,0,2026-04-20 13:31:22
227302563416,m66862252819,Louis Vuitton Monogram Scarf Black Colorful Logo Pattern Excellent Condition,2026-04-16T02:37:02.000Z,,479.99,0,2026-04-20 13:31:22
227302563678,m94440401934,Takashi Murakami Louis Vuitton Key Ring,2026-04-16T02:37:33.000Z,,479.99,0,2026-04-20 13:31:22
227302563868,2JMH9ctn4x7mgxMerc4D5n,LOUIS VUITTON Porte-Cle Silver Initial Logo Charm M65071,2026-04-16T02:37:59.000Z,,409.99,0,2026-04-20 13:31:22
227302564103,2JNHDQhaf9gVDdCtuWYDLH,Louis Vuitton Key Case Multi-Cles 6 Monogram Empreinte Silver RFID Used,2026-04-16T02:38:25.000Z,,529.99,0,2026-04-20 13:31:22
227302564316,2JPr3BNHe8DrazGyQ94Lmf,Louis Vuitton Monogram Multicolor Bandana Scarf Management No: 11264,2026-04-16T02:38:49.000Z,,409.99,3,2026-04-20 13:31:22
227302564790,2JNVPLgpdeEtE8S4n9aDQd,Louis Vuitton Monogram Multiclés 6 M62630 Key Case Brown,2026-04-16T02:39:15.000Z,,409.99,0,2026-04-20 13:31:22
227302565100,2JPr3BPwYXZJJmwbcxheyA,Louis Vuitton Bandana Monogram Confidential Silk Scarf Management No: 11266,2026-04-16T02:39:40.000Z,,409.99,0,2026-04-20 13:31:22
227302566649,m39705147616,Louis Vuitton Coin Purse Empreinte,2026-04-16T02:41:51.000Z,,629.99,0,2026-04-20 13:31:22
227302569075,m51344201142,Coin Case Multi Pouch Accessoire Included,2026-04-16T02:44:03.000Z,,529.99,0,2026-04-20 13:31:22
227302569755,m59739358705,Louis Vuitton Zippy Coin Purse RFID,2026-04-16T02:44:59.000Z,,529.99,0,2026-04-20 13:31:22
227302570195,m66433916151,Louis Vuitton Taiga Coin Card Holder Aldoard for Men,2026-04-16T02:45:25.000Z,,409.99,0,2026-04-20 13:31:22
227302571738,m71349239226,Louis Vuitton Wallet Coin Card Holder with Dust Bag Tigris Blue,2026-04-16T02:46:26.000Z,,409.99,0,2026-04-20 13:31:22
227302571944,m79253396802,Louis Vuitton Trio Messenger Coin Case Monogram Cards,2026-04-16T02:46:51.000Z,,429.99,1,2026-04-20 13:31:22
227302572518,2JNH8EDVqWYXhCZaADJq8L,LOUIS VUITTON Monogram Shawl Silk Stole Beige Ladies,2026-04-16T02:48:11.000Z,,429.99,0,2026-04-20 13:31:22
227302573167,2JNViyvpnrBTjVP3gysxFd,LOUIS VUITTON M70659 Shawl Beyond Monogram Silk Stole Gray Ladies,2026-04-16T02:49:06.000Z,,739.99,0,2026-04-20 13:31:22
227302573780,2JNW2ncEPDwY5eAx75wkcX,Unused LOUIS VUITTON Pochette Clé Coin Case M91348 Monogram Vernis,2026-04-16T02:50:09.000Z,,529.99,0,2026-04-20 13:31:22
227302574501,2JPdU8XgBYtVYwuyPPGhZJ,LOUIS VUITTON Monogram Idylle Pochette Clé M62995 Coin Case,2026-04-16T02:51:09.000Z,,529.99,0,2026-04-20 13:31:22
227302575094,2JPrECSGD4bSQkvird2xVc,LOUIS VUITTON 100% Cashmere Logo Large Scarf Excellent Condition,2026-04-16T02:52:05.000Z,,519.99,0,2026-04-20 13:31:22
227302576787,te8EHuw5Kct9N5BdBmwrBT,Excellent Condition Louis Vuitton Zippy Coin Purse Epi M6015K Coin Case Wallet,2026-04-16T02:53:39.000Z,,449.99,0,2026-04-20 13:31:22
227302577732,m27343800276,Louis Vuitton Folded Wallet Monogram,2026-04-16T02:54:55.000Z,,439.99,0,2026-04-20 13:31:22
227302578009,m29055916474,Louis Vuitton Victor Wallet Tri-Fold Wallet,2026-04-16T02:55:19.000Z,,709.99,0,2026-04-20 13:31:22
227302578274,m31556958413,Louis Vuitton Monogram Wallet,2026-04-16T02:56:00.000Z,,439.99,0,2026-04-20 13:31:22
227302578645,m37241955308,Louis Vuitton Long Wallet Epi Zippy Wallet Yellow M83040,2026-04-16T02:56:40.000Z,,529.99,0,2026-04-20 13:31:22
227302578883,m40663659008,LOUIS VUITTON Brown/Red Folded Wallet,2026-04-16T02:57:15.000Z,,529.99,0,2026-04-20 13:31:22
227302579334,m41085072266,Louis Vuitton Monogram Shadow Discovery Compact Trifold Wallet,2026-04-16T02:57:35.000Z,,529.99,0,2026-04-20 13:31:22
227302579678,m41097952117,Louis Vuitton Round Zipper Long Wallet Monogram,2026-04-16T02:57:52.000Z,,429.99,0,2026-04-20 13:31:22
227302579884,m43642013160,Louis Vuitton Portefeuille Multiple Compact Wallet Turquoise Blue,2026-04-16T02:58:09.000Z,,679.99,0,2026-04-20 13:31:22
227302580328,m47829603960,"Brand New Louis Vuitton Frame Wallet Damier, Holds 8 Cards",2026-04-16T02:58:48.000Z,,579.99,0,2026-04-20 13:31:22
227302580931,m49864307521,Louis Vuitton Porte-Feuille Zoe,2026-04-16T02:59:45.000Z,,789.99,0,2026-04-20 13:31:22
227302581312,m51393760833,LOUIS VUITTON Portefeuille Sarah Retiro Monogram,2026-04-16T03:00:18.000Z,,529.99,0,2026-04-20 13:31:22
227302582027,m52865343575,Louis Vuitton Long Wallet,2026-04-16T03:01:23.000Z,,559.99,0,2026-04-20 13:31:22
227302582992,m53927126079,Louis Vuitton Tri-Fold Wallet Dark Brown,2026-04-16T03:02:17.000Z,,409.99,0,2026-04-20 13:31:22
227302583206,m54251744789,LOUIS VUITTON Beige Bi-Fold Wallet,2026-04-16T03:02:34.000Z,,529.99,0,2026-04-20 13:31:22
227302583899,m54669794213,Louis Vuitton Damier Bi-Fold Wallet,2026-04-16T03:03:14.000Z,,529.99,0,2026-04-20 13:31:22
227302584166,m55334540364,LOUIS VUITTON RFID/IC Tag Folded Wallet,2026-04-16T03:03:35.000Z,,529.99,0,2026-04-20 13:31:22
227302584503,m56033407533,Louis Vuitton Aerogram Portefeuille Braz NM Long Wallet Near Unused,2026-04-16T03:03:56.000Z,,629.99,0,2026-04-20 13:31:22
227302585521,m58558611262,LOUIS VUITTON Eclipse Long Wallet Portefeuille Brazza,2026-04-16T03:04:42.000Z,,529.99,0,2026-04-20 13:31:22
227302586115,m59707419759,Louis Vuitton Damier Ebene Zippy Wallet Ladies,2026-04-16T03:05:24.000Z,,529.99,0,2026-04-20 13:31:22
227302586303,m60157593615,Louis Vuitton Porte-Feuille Double V Compact Double Folding Wallet,2026-04-16T03:05:39.000Z,,359.99,0,2026-04-20 13:31:22
227302589712,m62075030070,Louis Vuitton Zippy Wallet Monogram Empreinte Gradation,2026-04-16T03:07:31.000Z,,529.99,0,2026-04-20 13:31:22
227302591766,m63419050462,Maison Margiela Compact Zip Tri-Fold Wallet New with Complete Accessories,2026-04-16T03:08:33.000Z,,529.99,0,2026-04-20 13:31:22
227302592813,m64647572777,Excellent Condition! LOUIS VUITTON Monogram Folding Wallet,2026-04-16T03:09:53.000Z,,529.99,0,2026-04-20 13:31:22
227302593933,m68853797125,Fortune Wallet! Brand New Louis Vuitton Compact Zip Wallet Authentic 2985,2026-04-16T03:11:21.000Z,,669.99,0,2026-04-20 13:31:22
227302594326,m69292702780,LOUIS VUITTON Kusama Yayoi My Eternal Soul Portefeuille Multiple,2026-04-16T03:12:07.000Z,,869.99,0,2026-04-20 13:31:22
227302594475,m69348836907,Louis Vuitton Long Wallet Portefeuille Sarah Damier with 10 Card Slots,2026-04-16T03:12:25.000Z,,439.99,0,2026-04-20 13:31:22
227302594962,m30145147374,Louis Vuitton Monogram Sara Long Wallet Navy SSS Grade Beautiful Condition,2026-04-16T03:13:12.000Z,,439.99,0,2026-04-20 13:31:22
227302595405,m41930776846,Louis Vuitton Monogram Mahina Leather Portefeuille Iris Navy,2026-04-16T03:14:05.000Z,,529.99,0,2026-04-20 13:31:22
227302595652,m47061862888,CHANEL Matelassé Lambskin Long Wallet Coco Mark L-Zip Black,2026-04-16T03:14:27.000Z,,609.99,0,2026-04-20 13:31:22
227302595917,m62332364124,Louis Vuitton Monogram Zippy Wallet Long Wallet Ladies Excellent Condition,2026-04-16T03:15:04.000Z,,419.99,0,2026-04-20 13:31:22
227302596247,m66928908438,Louis Vuitton Zippy Wallet Long Wallet Rose Ballerine,2026-04-16T03:15:30.000Z,,759.99,0,2026-04-20 13:31:22
227302596851,m75103037692,Louis Vuitton Portefeuille Sarah Damier Ebène Long Wallet Excellent Condition,2026-04-16T03:16:16.000Z,,529.99,0,2026-04-20 13:31:22
227302598709,m65943561396,LOUIS VUITTON Long Wallet Pink Monogram Empreinte Zippy,2026-04-16T03:19:11.000Z,,829.99,0,2026-04-20 13:31:22
227302600314,m78628810079,Unused Level ✨ With Box Louis Vuitton Zippy Wallet Game On Monogram Bron,2026-04-16T03:21:14.000Z,,849.99,0,2026-04-20 13:31:22
227302601186,m82625672570,Louis Vuitton Zippy Wallet Monogram Mahina Pink,2026-04-16T03:22:20.000Z,,709.99,0,2026-04-20 13:31:22
227302601930,m87700464444,Louis Vuitton Monogram Portefeuille Clemence Rose Ballerine Excellent Condition,2026-04-16T03:23:57.000Z,,529.99,0,2026-04-20 13:31:22
227302611488,2JNVHwSBHsmdCEWMt8JNGk,Louis Vuitton Monogram Eclipse Reverse Portefeuille Slim Wallet with Pouch,2026-04-16T03:34:33.000Z,,549.99,0,2026-04-20 13:31:22
227302612131,2JPra2faJj3K8Yy6K8Qa3k,LOUIS VUITTON LV M62472 Brown Monogram Coin Wallet,2026-04-16T03:35:45.000Z,,579.99,0,2026-04-20 13:31:22
227302612418,2JPrCw78suqSzBEvpHEW2V,Louis Vuitton Monogram Empreinte Portefeuille Victoirine Noir Tri-fold Wallet,2026-04-16T03:36:15.000Z,,679.99,0,2026-04-20 13:31:22
227302613220,2JPrFKefv3FWwjufS2jKau,Louis Vuitton Portefeuille Marco Folding Wallet Epi Black M63652,2026-04-16T03:36:54.000Z,,579.99,0,2026-04-20 13:31:22
227302614487,2JPrptjd7rabGAwH8kSFAH,LOUIS VUITTON ポルトフォイユ クレマンス 長財布 M60742 モノグラム 中古,2026-04-16T03:38:43.000Z,,529.99,0,2026-04-20 13:31:22
227302614655,2JPrTHbFQs3Tu9oXBK3qH2,Louis Vuitton Portemonnaie Shilling Coin Case M60025 Brown Used,2026-04-16T03:39:09.000Z,,689.99,0,2026-04-20 13:31:22
227302614919,2JPrYrhbACGPrAtZjeGoPR,Louis Vuitton Portefeuille Multiple Bi-Fold Wallet Monogram Sunset M80954,2026-04-16T03:39:39.000Z,,709.99,0,2026-04-20 13:31:22
227302629631,Qeogp5ZvqX8aeoPWBLPR8g,Louis Vuitton Monogram Eclipse Tri-Fold Wallet Used Men's Compact,2026-04-16T03:59:23.000Z,,829.99,0,2026-04-20 13:31:22
227302630808,m47399796433,Rare Louis Vuitton Monogram Porte-Feuille Clemence Mimosa,2026-04-16T04:00:44.000Z,,699.99,0,2026-04-20 13:31:22
227302632550,m52639880313,Louis Vuitton Long Wallet Porte-Monnaie Brésil Monogram Shadow RFID M62900,2026-04-16T04:03:19.000Z,,529.99,0,2026-04-20 13:31:22
227302633106,m53637155813,Louis Vuitton Damier Canvas Long Wallet Beige Checkered,2026-04-16T04:03:46.000Z,,529.99,0,2026-04-20 13:31:22
227302633665,m55076188121,Louis Vuitton Zippy Wallet,2026-04-16T04:04:48.000Z,,539.99,0,2026-04-20 13:31:22
227302633812,m56442660355,Louis Vuitton Porte-Feuille Sarah Wallet,2026-04-16T04:04:58.000Z,,669.99,0,2026-04-20 13:31:22
227302634224,m59177957005,Louis Vuitton Empreinte Portefeuille Sarah Beige with Complete Accessories Like,2026-04-16T04:05:54.000Z,,719.99,0,2026-04-20 13:31:22
227302634523,m59501873457,New Louis Vuitton Porte-Feuille Brother NM Monogram Full Moon Long Wallet,2026-04-16T04:06:14.000Z,,859.99,0,2026-04-20 13:31:22
227302635281,m64009470178,Louis Vuitton Porte-Feuille Braz NM Taiga Rama Long Wallet Blue,2026-04-16T04:07:34.000Z,,529.99,0,2026-04-20 13:31:22
227302635413,m65206210836,Louis Vuitton Monogram Long Wallet,2026-04-16T04:07:48.000Z,,529.99,0,2026-04-20 13:31:22
227302635492,m65267321934,Louis Vuitton Monogram Macassar Zippy Dragon Wallet with IC Chip,2026-04-16T04:07:57.000Z,,529.99,0,2026-04-20 13:31:22
227302635585,m65428237881,Louis Vuitton Capucines Noir Wallet,2026-04-16T04:08:09.000Z,,579.99,0,2026-04-20 13:31:22
227302635829,m66576609687,Louis Vuitton Monogram Empreinte Zippy Wallet 298,2026-04-16T04:08:33.000Z,,799.99,0,2026-04-20 13:31:22
227302635973,m66985473782,Louis Vuitton Damier Ebene Vertical Long Wallet,2026-04-16T04:08:54.000Z,,529.99,0,2026-04-20 13:31:22
227302636125,m67667190530,LOUIS VUITTON Monogram Wallet with Chain for Smartphone and Accessories,2026-04-16T04:09:17.000Z,,729.99,0,2026-04-20 13:31:22
227302636320,m67779702567,Louis Vuitton Monogram Empreinte Zippy Wallet Navy Q74,2026-04-16T04:09:31.000Z,,529.99,0,2026-04-20 13:31:22
227302636437,m68669923098,Louis Vuitton Epi Zippy Organizer M62643 Black,2026-04-16T04:09:53.000Z,,419.99,0,2026-04-20 13:31:22
227302636701,m70640272587,Louis Vuitton Portefeuille Comet Long Wallet Gallé Beige,2026-04-16T04:10:22.000Z,,529.99,0,2026-04-20 13:31:22
227302636916,m73165362759,Louis Vuitton Portefeuille Sarah Long Wallet,2026-04-16T04:10:49.000Z,,529.99,0,2026-04-20 13:31:22
227302637539,m73820568009,Louis Vuitton Empreinte Clemence Zippy Wallet Bicolor,2026-04-16T04:11:28.000Z,,759.99,0,2026-04-20 13:31:22
227302637976,m75206480433,Louis Vuitton Zippy Vertical Long Wallet,2026-04-16T04:12:05.000Z,,399.99,0,2026-04-20 13:31:22
227302637988,m74924217068,Louis Vuitton Taiga Noir Zippy Organizer for Men,2026-04-16T04:12:06.000Z,,399.99,1,2026-04-20 13:31:22
227302638576,m76499448631,Louis Vuitton Portefeuille Damier Canvas Wallet,2026-04-16T04:12:30.000Z,,529.99,0,2026-04-20 13:31:22
227302638608,m77169239888,Louis Vuitton Mahina Portefeuille Iris Galle Magnolia Pink,2026-04-16T04:12:33.000Z,,419.99,0,2026-04-20 13:31:22
227302639645,m81469419851,Louis Vuitton Mahina Zipper Wallet Black Long Wallet Near Unused,2026-04-16T04:14:14.000Z,,799.99,0,2026-04-20 13:31:22
227302640328,m83310895206,LOUIS VUITTON PFMYLOCKME NOIR Long Wallet M62530,2026-04-16T04:15:39.000Z,,529.99,0,2026-04-20 13:31:22
227302641601,m86838862612,LOUIS VUITTON Long Wallet Round Zip Monogram,2026-04-16T04:16:59.000Z,,529.99,0,2026-04-20 13:31:22
227302642333,m88820664634,Louis Vuitton Damier Graphite Vertical Zippy Wallet in Excellent Condition,2026-04-16T04:17:53.000Z,,419.99,0,2026-04-20 13:31:22
227302645192,m99367226223,Louis Vuitton N64436 Damier Graphite Vertical Long Wallet Excellent Condition,2026-04-16T04:22:02.000Z,,439.99,0,2026-04-20 13:31:22
227302645837,2JLzy8BAGJUtu6BUS7CqCd,LOUIS VUITTON Wallet Porte-Feuille Iris M58139 Taupe Monogram Mahina レディース 二つ折り,2026-04-16T04:22:36.000Z,,529.99,0,2026-04-20 13:31:22
227302646170,2JMgkY7pEskZAv3X9GFDPZ,Louis Vuitton Long Wallet Monogram M42616 Zippy Wallet RFID Brown Leather,2026-04-16T04:23:11.000Z,,889.99,0,2026-04-20 13:31:22
227302646684,2JNWCoHwnrbxsosBXG8PYm,Louis Vuitton Zippy Wallet Vertical M62295 Monogram Eclipse,2026-04-16T04:23:52.000Z,,879.99,0,2026-04-20 13:31:22
227302646687,2JNWDfv7kkYwnWbk47gzn3,Louis Vuitton Zippy Wallet M82444 Monogram Reverse,2026-04-16T04:23:53.000Z,,839.99,0,2026-04-20 13:31:22
227302648618,2JPrQEHuyNTgVhoytupS4S,Louis Vuitton Zippy Wallet Lockme Logo Leather Long Wallet Black 35627,2026-04-16T04:26:05.000Z,,619.99,0,2026-04-20 13:31:22
227302650808,m59671190499,HERMES Scarf Carre 90 Kuna Tribe Legend Extremely Beautiful Item,2026-04-16T04:28:49.000Z,,499.99,0,2026-04-20 13:31:22
227302651649,m61235895570,HERMES Azap Silk-In Long Wallet Graybeige,2026-04-16T04:29:36.000Z,,529.99,0,2026-04-20 13:31:22
227302651967,m61583753980,Gucci GG Monogram Folding Wallet,2026-04-16T04:29:49.000Z,,449.99,0,2026-04-20 13:31:22
227302652647,m62711570349,GUCCI Higuchi Yuko Cat Charm Key Holder Keyring Japan Limited,2026-04-16T04:30:29.000Z,,709.99,0,2026-04-20 13:31:22
227302653390,m63679672097,HERMES Dogon GM Long Wallet Silver Hardware Dark Brown,2026-04-16T04:31:05.000Z,,529.99,0,2026-04-20 13:31:22
227302654658,m65655547705,HERMES Silk Scarf Carré 87cm Pink,2026-04-16T04:31:50.000Z,,479.99,0,2026-04-20 13:31:22
227302655575,m66892326263,GUCCI Supreme Bee Print,2026-04-16T04:32:04.000Z,,529.99,0,2026-04-20 13:31:22
227302655666,m65973588220,Excellent Condition✨ New GUCCI GG Supreme Canvas Small Wallet,2026-04-16T04:32:08.000Z,,529.99,0,2026-04-20 13:31:22
227302656268,m67816108447,Rare! ☆ CHANEL ☆ Camellia Pocket Chief Scarf ③,2026-04-16T04:32:34.000Z,,599.99,0,2026-04-20 13:31:22
227302656384,m68015316855,HERMES 1974 Carré 60 Double Face 2023 Years Gift,2026-04-16T04:32:39.000Z,,709.99,0,2026-04-20 13:31:22
227302656920,m68824524299,GUCCI×BALENCIAGA Foldable Wallet GG Hacker Project,2026-04-16T04:33:08.000Z,,529.99,0,2026-04-20 13:31:22
227302657635,m69686710128,Brand New HERMES Twilly 《Merveilleuses Lanternes》,2026-04-16T04:33:41.000Z,,449.99,0,2026-04-20 13:31:22
227302657649,m69819946077,Chanel Coin Case Black Mini Wallet Caviar Skin,2026-04-16T04:33:44.000Z,,819.99,1,2026-04-20 13:31:22
227302658373,m70120646071,Saint Laurent Full Zip Wallet,2026-04-16T04:34:01.000Z,,529.99,0,2026-04-20 13:31:22
227302658414,m69874157278,HERMÈS Carré 90 Silk Scarf Pink Excellent Condition No Accessories,2026-04-16T04:34:03.000Z,,439.99,0,2026-04-20 13:31:22
227302658856,m70760749350,CHANEL Vintage Silk Scarf Large Floral Blue,2026-04-16T04:34:21.000Z,,429.99,0,2026-04-20 13:31:22
227302659057,m71542031379,GUCCI Off-White Three-Fold Wallet,2026-04-16T04:34:34.000Z,,649.99,0,2026-04-20 13:31:22
227302659325,m73905519938,Hermès carré 90 Bonnieres Flag women's scarf Blue,2026-04-16T04:35:01.000Z,,419.99,0,2026-04-20 13:31:22
227302659505,m72529972477,HERMES Bearn Wallet Long Wallet P18 Silver,2026-04-16T04:35:18.000Z,,579.99,0,2026-04-20 13:31:22
227302659956,m75151551148,Hermès 2026 Spring/Summer Carré 90 Esprit Departure Black,2026-04-16T04:35:43.000Z,,899.99,0,2026-04-20 13:31:22
227302659959,m75339743320,HERMÈS Calvi Duo Coin Case 10.5cm Leather Blue W Stamp A Rank No Accessories,2026-04-16T04:35:43.000Z,,619.99,0,2026-04-20 13:31:22
227302660116,m75407539490,Unused GUCCI Leather Bifold Wallet Khaki Interlocking G with Box,2026-04-16T04:36:03.000Z,,529.99,0,2026-04-20 13:31:22
227302660129,m75360534747,HERMES Calvi Compact Card Case Coin Purse Silver Hardware Epson,2026-04-16T04:36:05.000Z,,529.99,0,2026-04-20 13:31:22
227302660192,m75836192869,HERMÈS Carmen Uno-Dos Key Ring Charm,2026-04-16T04:36:17.000Z,,659.99,0,2026-04-20 13:31:22
227302660268,m76469513742,Saint Laurent Card Case Black,2026-04-16T04:36:32.000Z,,439.99,0,2026-04-20 13:31:22
227302660540,m77364240949,Vintage Coach Fruit Coin Purse 2006 Rare,2026-04-16T04:36:55.000Z,,529.99,1,2026-04-20 13:31:22
227302660546,m76659971114,GUCCI Long Wallet Interlocking Sherry Line with Box S Rank,2026-04-16T04:36:56.000Z,,529.99,0,2026-04-20 13:31:22
227302660712,m77661988445,Gucci Long Wallet Round Wallet Black Men’s Women’s 1768,2026-04-16T04:37:20.000Z,,529.99,0,2026-04-20 13:31:22
227302660786,m78459066096,HERMES Carre 70 Vintage Silk Elastic,2026-04-16T04:37:36.000Z,,429.99,0,2026-04-20 13:31:22
227302660804,m77909626200,Rare Color New Unused with Box HERMES Carre 90 Rencontre Oceane,2026-04-16T04:37:39.000Z,,529.99,1,2026-04-20 13:31:22
227302661147,m78593034370,GUCCI Mini Wallet Marmont Double G Petit Marmont with Box S Rank,2026-04-16T04:38:00.000Z,,529.99,0,2026-04-20 13:31:22
227302661468,m78956531622,"HERMES Scarf Carré 90, pattern ""Zaltzburg""",2026-04-16T04:38:16.000Z,,409.99,0,2026-04-20 13:31:22
227302661509,m78943365284,Excellent Condition Hermes Twilly Scarf Savanna Dance Tropical Floral,2026-04-16T04:38:21.000Z,,429.99,0,2026-04-20 13:31:22
227302661661,m79387768861,Hermès Scarf Carré 55 Cruise Train Nanatsuboshi in Kyushu 6M42,2026-04-16T04:38:35.000Z,,519.99,0,2026-04-20 13:31:22
227302661780,m79516187367,Gucci ARP10 Unused Beautiful Item Gucci Shima Bi-fold Wallet,2026-04-16T04:38:46.000Z,,529.99,0,2026-04-20 13:31:22
227302662101,m81172161687,Unused Grade✨GUCCI GG Marmont Coin Wallet Black Bi-Fold Wallet,2026-04-16T04:39:19.000Z,,529.99,0,2026-04-20 13:31:22
227302662122,m81207026547,YVES SAINT LAURENT -embossed Long Wallet,2026-04-16T04:39:24.000Z,,529.99,0,2026-04-20 13:31:22
227302662193,m81316895370,HERMÈS Bearn Classic Box Calf Black □E Stamp Long Wallet,2026-04-16T04:39:37.000Z,,529.99,0,2026-04-20 13:31:22
227302662227,m81905981583,Gucci Excellent Condition Wallet GG Offidia Zip Around Wallet,2026-04-16T04:39:45.000Z,,619.99,0,2026-04-20 13:31:22
227302662251,m82019736045,HERMES Twilly Silk Pink Floral Excellent with Box,2026-04-16T04:39:49.000Z,,409.99,0,2026-04-20 13:31:22
227302662451,m82542594373,[2022] HERMES Card Case U Calvi Duo Green,2026-04-16T04:40:16.000Z,,529.99,0,2026-04-20 13:31:22
227302662553,m83080615886,CHANEL Coco Button Card Case for Men and Women,2026-04-16T04:40:29.000Z,,409.99,0,2026-04-20 13:31:22
227302662716,m83751370600,Hermès Carré 90 Grand Tralala,2026-04-16T04:40:53.000Z,,649.99,0,2026-04-20 13:31:22
227302662838,m83813417404,Hermès Scarf Gentle Pink!,2026-04-16T04:41:10.000Z,,809.99,0,2026-04-20 13:31:22
227302663744,m88487282523,Hermès In The Loop Leather Coin Case for Women Red,2026-04-16T04:42:42.000Z,,899.99,0,2026-04-20 13:31:22
227302663752,m88714828855,CHANEL Timeless Classic Trifold Wallet Lambskin Pink,2026-04-16T04:42:42.000Z,,749.99,0,2026-04-20 13:31:22
227302664140,m88655707796,New Unused Saint Laurent Three-Fold Wallet YSL Wallet,2026-04-16T04:43:02.000Z,,789.99,0,2026-04-20 13:31:22
227302664582,m89182254476,Rare Color 【Excellent Condition】 HERMES Carre 90 La Patisserie Francaise,2026-04-16T04:43:20.000Z,,729.99,0,2026-04-20 13:31:22
227302664737,m89344532556,Unused GUCCI Wallet GG Supreme Double G Marmont Mini Wallet,2026-04-16T04:43:29.000Z,,529.99,0,2026-04-20 13:31:22
227302664770,m89464642784,Hermès Silk Bandana 55 《H・Henrumine》,2026-04-16T04:43:32.000Z,,499.99,0,2026-04-20 13:31:22
227302665242,m90718146086,HERMES Aza Long Silk In Pink Long Wallet,2026-04-16T04:43:58.000Z,,539.99,0,2026-04-20 13:31:22
227302665485,m90819520262,HERMÈS AZAP LONG Long Wallet Black Epsom Leather Pink Silk Interior Excellent,2026-04-16T04:44:08.000Z,,719.99,0,2026-04-20 13:31:22
227302666218,m91434763716,HERMES Scarf Carré 90 Silk Popular Color No Box,2026-04-16T04:44:20.000Z,,689.99,0,2026-04-20 13:31:22
227302666603,m92410919356,GUCCI Marmont GG Round Zipper Leather Black,2026-04-16T04:44:44.000Z,,409.99,0,2026-04-20 13:31:22
227302666762,m92692767657,"kate spade new york Long Wallet 9.5"" Faux Leather Black Beige Ribbon New",2026-04-16T04:45:03.000Z,,419.99,0,2026-04-20 13:31:22
227302666779,m92642069702,Gucci Marmont Long Wallet 9.5x19.2cm Leather Gray/Yellow/Purple GG Logo Unused,2026-04-16T04:45:06.000Z,,529.99,0,2026-04-20 13:31:22
227302666883,m92744082550,Gucci Balenciaga Chain Wallet 9.5x6.5cm Leather Black Rare Excellent Cond,2026-04-16T04:45:19.000Z,,599.99,0,2026-04-20 13:31:22
227302667101,m93676280486,GUCCI GG Marmont Long Wallet Denim Ladies Zippy,2026-04-16T04:45:42.000Z,,529.99,0,2026-04-20 13:31:22
227302667680,m94190293629,Gucci GG Canvas Long Wallet Brown Box Excellent Condition,2026-04-16T04:46:42.000Z,,529.99,0,2026-04-20 13:31:22
227302668368,m94453301142,Saint Laurent Folding Wallet Calfskin Black Silver Hardware 2680,2026-04-16T04:47:07.000Z,,429.99,0,2026-04-20 13:31:22
227302669601,m94932470803,New✨GUCCI GG Marmont Tri-fold Wallet 735212 Black,2026-04-16T04:48:26.000Z,,529.99,0,2026-04-20 13:31:22
227302669695,m71872431249,Bottega Veneta Zip Around Wallet Long Wallet,2026-04-16T04:48:42.000Z,,609.99,0,2026-04-20 13:31:22
227302669868,m95241815177,Gucci GG Marmont Wallet 10x19cm Black Leather S Excellent Box Included,2026-04-16T04:48:57.000Z,,529.99,0,2026-04-20 13:31:22
227302670151,m73169010131,PRADA Long Wallet Boutique Line with Pass Case,2026-04-16T04:49:09.000Z,,749.99,0,2026-04-20 13:31:22
227302670388,m95368397972,GUCCI Jumbo GG Diana Zippy Wallet Brown Leather SA Condition Box Accessories,2026-04-16T04:49:22.000Z,,579.99,0,2026-04-20 13:31:22
227302670430,m73492190088,Bottega Veneta Tiny Tri-Fold Wallet,2026-04-16T04:49:25.000Z,,629.99,0,2026-04-20 13:31:22
227304192912,m10531493494,HERMES Carre 90 Raconte-moi le Cheval Scarf Authentic Item,2026-04-17T02:54:56.000Z,,429.99,0,2026-04-20 13:31:22
227304192927,m10574094884,"Bottega Veneta Intrecciato Green Wallet with Box, Compact Design",2026-04-17T02:54:58.000Z,,409.99,0,2026-04-20 13:31:22
227304193127,m15930460657,Murakami Takashi Limited Edition Louis Vuitton LV TM Épi Zippy Coin Case Pink,2026-04-17T02:55:17.000Z,,839.99,0,2026-04-20 13:31:22
227304193144,m11956351162,Louis Vuitton Monogram Multicolor Sarah Card Case M61273,2026-04-17T02:55:18.000Z,,529.99,0,2026-04-20 13:31:22
227304193370,m10854067673,New SAINT LAURENT Monogram Fragment Zip Card Case,2026-04-17T02:55:34.000Z,,529.99,0,2026-04-20 13:31:22
227304193588,m10945269096,Premium Louis Vuitton Empreinte Zippy Wallet Long Wallet A169,2026-04-17T02:55:45.000Z,,529.99,0,2026-04-20 13:31:22
227304193811,m10985034379,Dior Leather Gravity Round Zip Wallet Long Wallet for Women,2026-04-17T02:56:07.000Z,,529.99,0,2026-04-20 13:31:22
227304193869,m11013208583,YSL Quilted Compact Wallet 三つ折り財布 SAINT LAURENT PARIS,2026-04-17T02:56:12.000Z,,399.99,0,2026-04-20 13:31:22
227304194075,m24938913901,New and Unused Louis Vuitton Card Case M15343 Portacartes Slim,2026-04-17T02:56:28.000Z,,649.99,0,2026-04-20 13:31:22
227304194082,m43901939111,Louis Vuitton Envelope Card Holder White,2026-04-17T02:56:29.000Z,,529.99,0,2026-04-20 13:31:22
227304194243,m59484886437,LOUIS VUITTON Card Case Business Card Holder,2026-04-17T02:56:44.000Z,,529.99,0,2026-04-20 13:31:22
227304194403,m20726277785,LOUIS VUITTON Card Case Business Card Holder,2026-04-17T02:56:50.000Z,,529.99,0,2026-04-20 13:31:22
227304194677,m88361790511,Unused: Boxed Louis Vuitton Port Card Holder Strap M83154 Blue!,2026-04-17T02:57:13.000Z,,529.99,0,2026-04-20 13:31:22
227304194691,m89922099792,Louis Vuitton Card Case Organizer Deux Poche Pool Blue M14881,2026-04-17T02:57:16.000Z,,589.99,0,2026-04-20 13:31:22
227304195302,2JNYEzNNenWqmEpcvgi5BF,Louis Vuitton Card Case Porte Cartes LV Charm Cowhide Leather M28129 Strawberry,2026-04-17T02:57:47.000Z,,729.99,0,2026-04-20 13:31:22
227304195354,m61899821205,Louis Vuitton Monogram Eclipse Multiclès 6 Key Case Black,2026-04-17T02:57:49.000Z,,529.99,0,2026-04-20 13:31:22
227304197512,m11787089046,Bottega Veneta Intrecciato Money Clip Wallet,2026-04-17T02:58:33.000Z,,529.99,0,2026-04-20 13:31:22
227304197861,m11817111157,Louis Vuitton Compact Zip 【Excellent Condition】 Monogram,2026-04-17T02:58:56.000Z,,429.99,0,2026-04-20 13:31:22
227304198179,m12001996003,CHANEL Stole Shawl Large Coco Mark 31 RUE CAMBON Pink,2026-04-17T02:59:21.000Z,,459.99,0,2026-04-20 13:31:22
227304198375,m75358365238,LOUIS VUITTON Key Holder,2026-04-17T02:59:38.000Z,,459.99,0,2026-04-20 13:31:22
227304198453,m75536398348,Louis Vuitton Monogram Eclipse Discovery Compact Wallet,2026-04-17T02:59:43.000Z,,429.99,0,2026-04-20 13:31:22
227304198668,m78668208062,LOUIS VUITTON LV Shadow Dragonne M01298 Keyring Charm Key Holder,2026-04-17T02:59:55.000Z,,459.99,0,2026-04-20 13:31:22
227304199892,2JPtXeVbTLAse4GtXc8q2M,Louis Vuitton Men's Key Holder Key Ring Porte-Cles Mountain Carabiner,2026-04-17T03:00:42.000Z,,469.99,0,2026-04-20 13:31:22
227304205028,m37690402895,Louis Vuitton Black Stole in Excellent Condition,2026-04-17T03:05:51.000Z,,589.99,0,2026-04-20 13:31:22
227304210087,m87422091917,Louis Vuitton Porte Monnaie Rosalie Empreinte Folding Wallet,2026-04-17T03:10:43.000Z,,589.99,0,2026-04-20 13:31:22
227304211144,m16448737569,LOUIS VUITTON New Wave Zip Compact Mini Wallet,2026-04-17T03:11:55.000Z,,529.99,0,2026-04-20 13:31:22
227304212075,2JPuE6ZqnRRN2EkpwsSFGY,Louis Vuitton Silk Blend Large Check Fringe Scarf Stole Black Gray Unisex,2026-04-17T03:13:06.000Z,,449.99,0,2026-04-20 13:31:22
227304212581,2JPuT2jwEYiK7ZFL7HoQ2g,LOUIS VUITTON Monogram Shawl Large M76876 MR2285 Navy Stole Gift,2026-04-17T03:13:55.000Z,,759.99,0,2026-04-20 13:31:22
227304213127,m20920106869,Certified Louis Vuitton Portefeuille Palais Compact Wallet Monogram Black,2026-04-17T03:14:49.000Z,,529.99,0,2026-04-20 13:31:22
227304213466,m18160636985,LOEWE Vertical Wallet Small Toffee/Tan,2026-04-17T03:15:09.000Z,,429.99,0,2026-04-20 13:31:22
227304216315,m38780269255,Louis Vuitton Portefeuille Iris Compact IC Tag,2026-04-17T03:17:49.000Z,,529.99,0,2026-04-20 13:31:22
227304217294,m20371710354,"PRADA Saffiano Leather Wallet for Women, Folded, New and Unused",2026-04-17T03:19:12.000Z,,839.99,0,2026-04-20 13:31:22
227304217738,m23412959305,Louis Vuitton Vertical Zippy Wallet Eclipse Monogram 147,2026-04-17T03:19:45.000Z,,529.99,0,2026-04-20 13:31:22
227304218212,m21836006319,Louis Vuitton Monogram Pouch Coin Card Case Long Wallet Pouch Beige,2026-04-17T03:20:37.000Z,,529.99,0,2026-04-20 13:31:22
227304219072,m22967495513,Prada Saffiano 6-Key Case with Box and Authentication Card in Excellent,2026-04-17T03:21:11.000Z,,529.99,0,2026-04-20 13:31:22
227304219444,m23679729694,Louis Vuitton Monogram Glace Compact Zipped Wallet Folding,2026-04-17T03:21:37.000Z,,429.99,0,2026-04-20 13:31:22
227304219917,m23951572026,"Fendi Fragment Case with Box, Unused, Shipping Included, 546",2026-04-17T03:22:05.000Z,,529.99,0,2026-04-20 13:31:22
227304220417,m24114234040,Louis Vuitton Monogram Portefeuille Clemence Rose Rose Ballerine,2026-04-17T03:22:25.000Z,,529.99,0,2026-04-20 13:31:22
227304220896,m43453796416,Louis Vuitton Monogram Mahina Coin Case Blue Marine,2026-04-17T03:22:45.000Z,,529.99,0,2026-04-20 13:31:22
227304221240,m47422507364,Louis Vuitton Tri-Fold Wallet White/Multi-Color,2026-04-17T03:23:28.000Z,,529.99,0,2026-04-20 13:31:22
227304221608,m53484362602,Louis Vuitton Empreinte Victorine Folded Wallet Black,2026-04-17T03:24:06.000Z,,699.99,0,2026-04-20 13:31:22
227304222438,m58865071648,Louis Vuitton Monogram Porte-Feuille Lisa Folding Wallet M82383 Box,2026-04-17T03:25:13.000Z,,659.99,0,2026-04-20 13:31:22
227304222761,m60903204394,Louis Vuitton Croco LV Vertical Wallet Wallet Blue,2026-04-17T03:25:48.000Z,,539.99,0,2026-04-20 13:31:22
227304222923,m61501849615,LOUIS VUITTON Portefeuille Victoire Tri-Fold Wallet,2026-04-17T03:26:04.000Z,,399.99,0,2026-04-20 13:31:22
227304223194,m30241465762,Louis Vuitton Escale Wallet Monogram Giant Canvas Pastel Used,2026-04-17T03:26:34.000Z,,589.99,0,2026-04-20 13:31:22
227304223313,m63596098226,Same Day Shipping Louis Vuitton Monogram Portefeuille Victoire Wallet,2026-04-17T03:26:49.000Z,,429.99,0,2026-04-20 13:31:22
227304223719,m64494539494,Louis Vuitton Monogram Victoriine Fuchsia Folding Wallet with IC Chip,2026-04-17T03:27:08.000Z,,399.99,0,2026-04-20 13:31:22
227304223976,m66963855251,Excellent Condition LOUIS VUITTON M81461 Monogram Reverse Portefeuille Rue,2026-04-17T03:27:36.000Z,,629.99,0,2026-04-20 13:31:22
227304224516,m26359562372,✨A Rank✨ LOEWE Mini Wallet Anagram Amazona Trifold,2026-04-17T03:28:31.000Z,,529.99,0,2026-04-20 13:31:22
227304226280,m71986711778,Louis Vuitton Monogram Empreinte Victoire Folding Wallet Black,2026-04-17T03:30:39.000Z,,579.99,0,2026-04-20 13:31:22
227304226515,m73842477095,Louis Vuitton Beautiful Condition Handbag,2026-04-17T03:31:00.000Z,,569.99,0,2026-04-20 13:31:22
227304226992,m27962941315,GUCCI DORAEMON×GUCCI Silk Square Scarf,2026-04-17T03:31:54.000Z,,419.99,0,2026-04-20 13:31:22
227304227817,m76523760783,Louis Vuitton Monogram Empreinte Portefeuille ZOE Tri-Fold Wallet Pink,2026-04-17T03:32:36.000Z,,529.99,0,2026-04-20 13:31:22
227304228194,m78163030918,Louis Vuitton Portefeuille Juliette Fuchsia Fold Wallet Mint Condition,2026-04-17T03:32:55.000Z,,439.99,0,2026-04-20 13:31:22
227304229331,m28601485082,Hermès Dogon Compact Coin Case Brown Coin Purse Silver Hardware,2026-04-17T03:33:53.000Z,,529.99,0,2026-04-20 13:31:22
227304230680,m86393651090,Today Only Sale! Louis Vuitton Viennois Monogram 4-Card Model Authentic,2026-04-17T03:35:29.000Z,,559.99,0,2026-04-20 13:31:22
227304231903,m93534736552,Louis Vuitton Monogram Empreinte Porte-Feuille Victorine Compact,2026-04-17T03:36:43.000Z,,529.99,0,2026-04-20 13:31:22
227304232397,m95876115704,Louis Vuitton Mahina Leather Bi-Fold Wallet with IC Chip,2026-04-17T03:37:10.000Z,,429.99,0,2026-04-20 13:31:22
227304236076,m29989170328,Céline Folded Compact Wallet Leather Compact Wallet,2026-04-17T03:40:25.000Z,,529.99,0,2026-04-20 13:31:22
227304236498,m30081130453,PRADA Vitello Daino Leather Mini Wallet,2026-04-17T03:40:43.000Z,,529.99,0,2026-04-20 13:31:22
227304236900,m30095600627,Bottega Veneta Cassette Long Wallet Round Zip RFID Model Purple,2026-04-17T03:41:03.000Z,,529.99,0,2026-04-20 13:31:22
227304238031,2JPuN5hyFyTeXZHmjfYYR8,Louis Vuitton Coin Card Holder Wallet Taiga Excellent Condition,2026-04-17T03:41:54.000Z,,529.99,0,2026-04-20 13:31:22
227304238512,2JPuXTQQ5BCGSxdbwPUXSx,Louis Vuitton Mahina Pochette Cles Coin Case M80696 Vert Lagoon Leather,2026-04-17T03:42:22.000Z,,529.99,0,2026-04-20 13:31:22
227304240369,m33910237734,Louis Vuitton Monogram Retiro Zippy Wallet Brown Red,2026-04-17T03:44:05.000Z,,529.99,0,2026-04-20 13:31:22
227304242918,m36574033199,Louis Vuitton Monogram Empreinte Zippy Wallet Wallet Bicolor White,2026-04-17T03:45:31.000Z,,539.99,0,2026-04-20 13:31:22
227304243874,m37797276280,IC Tag Louis Vuitton Porte-Feuille Comet Taurillon Leather Black,2026-04-17T03:46:20.000Z,,529.99,0,2026-04-20 13:31:22
227304245628,m40877151999,Louis Vuitton Monogram Long Wallet,2026-04-17T03:47:25.000Z,,439.99,0,2026-04-20 13:31:22
227304246341,m41804039540,LOUIS VUITTON Monogram Porte-Feuille Marco Wallet New,2026-04-17T03:48:00.000Z,,759.99,0,2026-04-20 13:31:22
227304246798,m43318766445,Louis Vuitton Porte feuille Clemence Wallet Pink Leather Good Box Card,2026-04-17T03:48:21.000Z,,599.99,0,2026-04-20 13:31:22
227304249340,m45013184609,Louis Vuitton Empreinte Broderie Zippy Wallet Long Wallet,2026-04-17T03:49:41.000Z,,569.99,0,2026-04-20 13:31:22
227304255004,m53213246257,Louis Vuitton Long Wallet Monogram Macassar Zippy Dragonne 2050,2026-04-17T03:54:43.000Z,,759.99,0,2026-04-20 13:31:22
227304255961,m65524237859,Louis Vuitton Monogram Portefeuille Pilot Trianon IC Built-in Excellent,2026-04-17T03:55:32.000Z,,839.99,0,2026-04-20 13:31:22
227304256874,m56113482899,Louis Vuitton Monogram Empreinte Portefeuille Sarah Long Wallet M61182,2026-04-17T03:56:18.000Z,,529.99,0,2026-04-20 13:31:22
227304260735,m63826758878,LOUIS VUITTON Compact Wallet,2026-04-17T04:00:22.000Z,,449.99,0,2026-04-20 13:31:22
227304261051,m64346029667,Louis Vuitton Damier Portefeuille Sarah New Long Wallet Rose Ballerine,2026-04-17T04:00:59.000Z,,529.99,0,2026-04-20 13:31:22
227304261301,m64575542471,Louis Vuitton Damier Portefeuille Emilie Long Wallet Popular,2026-04-17T04:01:26.000Z,,409.99,0,2026-04-20 13:31:22
227304261630,m65263240582,Louis Vuitton Porte-Feuille Clemence Monogram Reverse Excellent Condition,2026-04-17T04:01:59.000Z,,679.99,0,2026-04-20 13:31:22
227304262333,m34785984423,HERMES Scarf Carre 90 Emblem of Europe Beige系 1M33,2026-04-17T04:02:42.000Z,,449.99,0,2026-04-20 13:31:22
227304262890,m34798134690,New MIUMIU Leather Logo Chain Card Case Wallet Chain,2026-04-17T04:03:09.000Z,,529.99,0,2026-04-20 13:31:22
227304263301,m35113060003,New BOTTEGA VENETA Coin Case with Ring Intrecciato,2026-04-17T04:03:52.000Z,,529.99,0,2026-04-20 13:31:22
227304265330,m71722417600,Louis Vuitton Mahina Zippy Wallet Long Wallet Magnolia Round Zipper,2026-04-17T04:06:29.000Z,,529.99,0,2026-04-20 13:31:22
227304265621,m35592477520,Bottega Veneta The Pouch Coin Case Shoulder Brown,2026-04-17T04:06:52.000Z,,529.99,0,2026-04-20 13:31:22
227304265756,m35643464283,Saint Laurent Monogram Fragment Card Case,2026-04-17T04:07:12.000Z,,529.99,0,2026-04-20 13:31:22
227304266309,m73264157458,Certified Louis Vuitton Zippy Wallet Round Zipper Long Wallet Leather Blue,2026-04-17T04:07:57.000Z,,419.99,0,2026-04-20 13:31:22
227304266723,m35999914084,PRADA Card Case [Brand New Unused],2026-04-17T04:08:45.000Z,,529.99,0,2026-04-20 13:31:22
227304267066,m36361084833,Unused PRADA Tri-fold Wallet Nylon Triangle Black,2026-04-17T04:09:18.000Z,,529.99,0,2026-04-20 13:31:22
227304267228,m36658796185,PRADA Saffiano Metal Long Wallet 2ML317 Triangle Logo Unused Condition,2026-04-17T04:09:40.000Z,,529.99,0,2026-04-20 13:31:22
227304267552,m36721907802,BOTTEGA VENETA Intrecciato Tri-Fold Wallet Purple,2026-04-17T04:10:00.000Z,,529.99,0,2026-04-20 13:31:22
227304268119,m37010534951,PRADA Card Case Ribbon Pink Saffiano Business Card Holder,2026-04-17T04:10:20.000Z,,529.99,0,2026-04-20 13:31:22
227304268390,m37152066490,Christian Dior Lady Dior Fragment Case Coin Case Excellent Condition,2026-04-17T04:10:39.000Z,,529.99,0,2026-04-20 13:31:22
227304269025,m75261157082,Louis Vuitton Zippy Wallet Damier Long Wallet Round Zip A178,2026-04-17T04:11:34.000Z,,529.99,0,2026-04-20 13:31:22
227304269310,m37497419410,CHANEL Camellia Wallet Black Lambskin Excellent Condition w/ Card,2026-04-17T04:12:03.000Z,,529.99,0,2026-04-20 13:31:22
227304269412,m37573251780,PRADA Mini Wallet Saffiano Belt L-Shaped Icon New Unused,2026-04-17T04:12:23.000Z,,419.99,0,2026-04-20 13:31:22
227304269594,m37748137633,Louis Vuitton Damier Graphite Envelope Card Case Business Card Holder,2026-04-17T04:12:43.000Z,,409.99,0,2026-04-20 13:31:22
227304269792,m76484435056,Louis Vuitton Giant Reverse Zippy Wallet M69353 Brown,2026-04-17T04:13:02.000Z,,529.99,0,2026-04-20 13:31:22
227304269961,m77050437948,Louis Vuitton Monogram Empreinte Portefeuille Sarah Long Wallet 【Excellent,2026-04-17T04:13:21.000Z,,529.99,0,2026-04-20 13:31:22
227304270757,m38557315165,Lady Dior Lotus Wallet New with Box and Dust Bag,2026-04-17T04:14:49.000Z,,709.99,0,2026-04-20 13:31:22
227304271388,m78497533147,Louis Vuitton Monogram Reverse Portefeuille Sarah New Model RFID,2026-04-17T04:15:39.000Z,,589.99,0,2026-04-20 13:31:22
227304272430,m38926461342,Bottega Veneta Long Wallet Intrecciato Lambskin Unused Condition,2026-04-17T04:16:28.000Z,,409.99,0,2026-04-20 13:31:22
227304272727,m39032907759,BOTTEGA VENETA Tri-Fold Wallet Intrecciato,2026-04-17T04:16:48.000Z,,529.99,0,2026-04-20 13:31:22
227304272891,m39258546155,BOTTEGA VENETA Coin Case 679850 Leather,2026-04-17T04:17:10.000Z,,529.99,0,2026-04-20 13:31:22
227304273127,m79940408720,Louis Vuitton Zippy Wallet By The Pool Monogram Unused Condition,2026-04-17T04:17:36.000Z,,889.99,0,2026-04-20 13:31:22
227304273273,m80574921560,LOUIS VUITTON Ampolant Portefeuille Clemence Long Wallet,2026-04-17T04:17:59.000Z,,529.99,0,2026-04-20 13:31:22
227304273400,m80785919835,Louis Vuitton Monogram Empreinte Portefeuille Metis Black Long Wallet,2026-04-17T04:18:25.000Z,,539.99,0,2026-04-20 13:31:22
227304274026,m81775005660,LOUIS VUITTON Black Long Wallet Capucines,2026-04-17T04:19:22.000Z,,529.99,0,2026-04-20 13:31:22
227304275068,m83721753933,Louis Vuitton Monogram Empreinte Wallet Bicolor Black SS Condition,2026-04-17T04:20:21.000Z,,779.99,0,2026-04-20 13:31:22
227304275990,m40132416459,PRADA Saffiano Leather Key Holder,2026-04-17T04:21:44.000Z,,469.99,0,2026-04-20 13:31:22
227304276258,m40367814796,BOTTEGA VENETA Imperatore Round Zipper Wallet,2026-04-17T04:22:02.000Z,,529.99,0,2026-04-20 13:31:22
227304279405,m86164585795,LOUIS VUITTON White Long Wallet,2026-04-17T04:23:28.000Z,,799.99,0,2026-04-20 13:31:22
227304281267,m87258312724,Louis Vuitton Slender Monogram Eclipse Bi-Fold Wallet,2026-04-17T04:24:06.000Z,,439.99,0,2026-04-20 13:31:22
227304281753,m88965832181,Louis Vuitton Monogram Empreinte Portefeuille Sarah M82258,2026-04-17T04:25:10.000Z,,419.99,0,2026-04-20 13:31:22
227304282248,m89805175864,Louis Vuitton Zippy Wallet Damier Round Zipper Long Wallet,2026-04-17T04:26:19.000Z,,529.99,0,2026-04-20 13:31:22
227304282662,m90184864225,Louis Vuitton Mahina Zippy Wallet Black Long Wallet,2026-04-17T04:26:33.000Z,,529.99,0,2026-04-20 13:31:22
227304284112,m90609890713,Louis Vuitton Damier Graphite Vertical Zippy Wallet Long Wallet,2026-04-17T04:27:12.000Z,,529.99,0,2026-04-20 13:31:22
227304286859,m91504030672,Louis Vuitton Monogram Empreinte Portefeuille Sarah Long Wallet New Type Navy,2026-04-17T04:28:10.000Z,,429.99,0,2026-04-20 13:31:22
227304287076,m92291075294,Louis Vuitton Zippy Wallet Bicolor Monogram Empreinte,2026-04-17T04:28:29.000Z,,629.99,0,2026-04-20 13:31:22
227304287815,m94009125238,Louis Vuitton Wallet Gifting Available Authentic Zippy Lock Me Fuchsia Limited,2026-04-17T04:29:29.000Z,,839.99,0,2026-04-20 13:31:22
227304287899,m41860356177,LOEWE Fragment Coin Case 最高美品,2026-04-17T04:29:50.000Z,,429.99,0,2026-04-20 13:31:22
227304288050,m42356669991,Miu Miu Grey Leather Letter-Shaped Fragment Case Wallet,2026-04-17T04:30:15.000Z,,529.99,0,2026-04-20 13:31:22
227304288410,m95169716255,New Louis Vuitton Portefeuille Sarah Long Wallet Giant Reverse G345,2026-04-17T04:31:08.000Z,,559.99,0,2026-04-20 13:31:22
227304288998,m95397508892,Louis Vuitton Monogram Clemence Flower Charm Blue M63896,2026-04-17T04:31:31.000Z,,529.99,0,2026-04-20 13:31:22
227304291158,m42854761155,Chanel Wallet Coco Stitch Caviar Skin W Flap Tri-Fold Beige,2026-04-17T04:32:53.000Z,,529.99,0,2026-04-20 13:31:22
227304291713,m43177873899,Unused Condition✨ MIUMIU 5MH021 Madras Love Heart Trifold Wallet,2026-04-17T04:33:14.000Z,,439.99,0,2026-04-20 13:31:22
227304291918,m43309523620,"HERMÈS Cashmere Scarf 42x42cm La Berline Bayadere New, Stylish",2026-04-17T04:33:33.000Z,,699.99,0,2026-04-20 13:31:22
227304292557,m97946397405,Louis Vuitton Trianon Portefeuille Multiple Wallet,2026-04-17T04:34:56.000Z,,729.99,0,2026-04-20 13:31:22
227304298657,2JPtV4f6GAHDL8pgdjTAVR,Louis Vuitton M62185 Monogram Empreinte Portefeuille Ponnuf Compact Card Case,2026-04-17T04:42:58.000Z,,419.99,0,2026-04-20 13:31:22
227304299133,m45989162716,CELINE Bi-Fold Wallet Black Leather,2026-04-17T04:43:35.000Z,,529.99,0,2026-04-20 13:31:22
227304299637,m46378469629,HERMES Card Holder Card Case Name Card Holder Silver Hardware Black,2026-04-17T04:44:28.000Z,,629.99,0,2026-04-20 13:31:22
227304301100,m51302394850,Louis Vuitton Damier Graphite Zippy Wallet Vertical Black,2026-04-17T04:46:50.000Z,,409.99,0,2026-04-20 13:31:22
227304301358,m47483561235,PRADA Mini Wallet Saffiano Leather Saffiano Pink Unused Display Item,2026-04-17T04:47:11.000Z,,529.99,0,2026-04-20 13:31:22
227304301463,m48078239632,NEW UNUSED LOEWE Anagram Trifold Black Current Model,2026-04-17T04:47:29.000Z,,689.99,0,2026-04-20 13:31:22
227304301514,m48121666299,PRADA Tri-fold Wallet Saffiano Multicolor 1MH043,2026-04-17T04:47:45.000Z,,529.99,0,2026-04-20 13:31:22
227304301690,m52471753142,Unused Hermès Petit H Keychain,2026-04-17T04:48:15.000Z,,439.99,0,2026-04-20 13:31:22
227304301916,m53420249305,HERMES Floral Large Scarf Cotton Extra Large Scarf,2026-04-17T04:48:40.000Z,,439.99,0,2026-04-20 13:31:22
227304302920,m49152587610,Bottega Veneta Intrecciato Long Wallet Round Zipper Black and Blue,2026-04-17T04:49:24.000Z,,529.99,0,2026-04-20 13:31:22
227304303695,m49806295979,Dior Navy Card Case,2026-04-17T04:49:40.000Z,,439.99,0,2026-04-20 13:31:22
227304304978,m50738975229,"FENDI Medium Wallet Brown 559, Excellent Condition, Shipping Included!",2026-04-17T04:51:33.000Z,,529.99,0,2026-04-20 13:31:22
227304305406,m57128246024,Almost unused Louis Vuitton Monogram Heritage Brother Long Wallet M15156 R,2026-04-17T04:52:53.000Z,,789.99,0,2026-04-20 13:31:22
227304305589,m58881355784,Hermès Carré 70 Garden of Painters,2026-04-17T04:53:53.000Z,,569.99,0,2026-04-20 13:31:22
227304305924,m60619870379,HERMES Citizen Twill Leather Card Case,2026-04-17T04:54:25.000Z,,529.99,0,2026-04-20 13:31:22
227304306963,m52285254376,BOTTEGA VENETA Round Zip Wallet Cassette Maxi Intreccio,2026-04-17T04:56:07.000Z,,589.99,0,2026-04-20 13:31:22
227304307240,m52930446323,Chanel Long Wallet Lambskin Camellia Coco Mark Pink Silver 1656,2026-04-17T04:56:47.000Z,,529.99,0,2026-04-20 13:31:22
227304307993,m53446968090,Limited Time Discount! YSL Long Wallet Red,2026-04-17T04:57:36.000Z,,529.99,0,2026-04-20 13:31:22
227304308688,m67328456108,Hermès Carmen Blue Dmalto,2026-04-17T04:58:26.000Z,,489.99,0,2026-04-20 13:31:22
227304308965,m54098401868,New PRADA Saffiano Leather Folded Wallet Black Triangle Logo,2026-04-17T04:59:05.000Z,,639.99,0,2026-04-20 13:31:22
227304309088,m54205448260,Christian Dior Long Wallet,2026-04-17T04:59:21.000Z,,529.99,0,2026-04-20 13:31:22
227304309262,m54412768538,CHANEL Caviar Skin Bifold Wallet Excellent Condition,2026-04-17T04:59:38.000Z,,889.99,0,2026-04-20 13:31:22
227304309969,m54815320444,New Unused Celine Triomphe Card Case,2026-04-17T05:00:35.000Z,,529.99,0,2026-04-20 13:31:22
227304310780,m68858116555,Hermès Scarf Carré 90 Nile Treasure,2026-04-17T05:01:37.000Z,,459.99,0,2026-04-20 13:31:22
227304311336,m56052130902,CHANEL Camellia Flower Embossed Long Wallet,2026-04-17T05:02:26.000Z,,429.99,0,2026-04-20 13:31:22
227304311869,m57058863979,Bottega Veneta Card Case,2026-04-17T05:03:34.000Z,,529.99,0,2026-04-20 13:31:22
227304312113,m57353827489,PRADA Card Case Wallet Black/Red New Unused,2026-04-17T05:03:51.000Z,,529.99,0,2026-04-20 13:31:22
227304312897,m57529324300,PRADA Flap Snap Belt Saffiano Beige,2026-04-17T05:04:13.000Z,,529.99,0,2026-04-20 13:31:22
227304313851,m74521119456,Hermès Chevre Mysore Béton Mini Card Coin Case Serial: □L Wallet,2026-04-17T05:05:00.000Z,,409.99,0,2026-04-20 13:31:22
227304315029,m80901154799,Dionysus Chain Coin Purse 574930 Black,2026-04-17T05:06:35.000Z,,529.99,0,2026-04-20 13:31:22
227304317450,m59532804872,FENDI Long Wallet,2026-04-17T05:07:37.000Z,,529.99,0,2026-04-20 13:31:22
227304318394,m59888169308,LOEWE Bi-Fold Wallet Black,2026-04-17T05:08:11.000Z,,529.99,0,2026-04-20 13:31:22
227304318858,m60511191356,Saint Laurent Card Case,2026-04-17T05:08:26.000Z,,529.99,0,2026-04-20 13:31:22
227304319666,m81271595778,Hermes Money Clip Poker GM Black Bifold Wallet Card Case,2026-04-17T05:08:46.000Z,,799.99,0,2026-04-20 13:31:22
227304320262,m81814873589,Louis Vuitton Portefeuille Braza Monogram,2026-04-17T05:09:07.000Z,,529.99,0,2026-04-20 13:31:22
227304320546,m83398579475,Bastia Coin Case Orange,2026-04-17T05:09:30.000Z,,529.99,0,2026-04-20 13:31:22
227304320669,m84106855029,Rare ✨ Hermes Dogon Long Tranquil Clemence Brown Domestic Genuine Item,2026-04-17T05:09:56.000Z,,639.99,0,2026-04-20 13:31:22
227304320883,m61113201162,COACH X PEANUTS Long Zip Around Wallet,2026-04-17T05:10:18.000Z,,529.99,0,2026-04-20 13:31:22
227304320982,m61303190836,PRADA Mini Wallet Black × Pink,2026-04-17T05:10:36.000Z,,529.99,0,2026-04-20 13:31:22
227304321215,m84276006323,Louis Vuitton Long Wallet Trianon Vertical Black A38,2026-04-17T05:10:57.000Z,,529.99,0,2026-04-20 13:31:22
227304321594,m62235973464,Unused Celine Folding Wallet,2026-04-17T05:11:34.000Z,,529.99,0,2026-04-20 13:31:22
227304322192,m62580482151,FENDI Peekaboo Compact Wallet Leather Pink,2026-04-17T05:11:59.000Z,,529.99,0,2026-04-20 13:31:22
227304322438,m63031079065,Celine Triomphe Small Flap Wallet Canvas Natural,2026-04-17T05:12:21.000Z,,529.99,0,2026-04-20 13:31:22
227304322566,m63186827380,Chanel Bifold Wallet Caviar Skin Coco Mark W Snap,2026-04-17T05:12:40.000Z,,409.99,0,2026-04-20 13:31:22
227304322863,m63374575292,Celine Large Flap Wallet Pebble Grained Calf Leather,2026-04-17T05:12:58.000Z,,529.99,0,2026-04-20 13:31:22
227304323462,m63622618173,"Chanel Matelassé Egypt Zip Coin Purse Wallet, Black, Excellent Condition",2026-04-17T05:13:23.000Z,,889.99,0,2026-04-20 13:31:22
227304323740,m64051193466,SAINT LAURENT Red Long Wallet,2026-04-17T05:13:46.000Z,,579.99,0,2026-04-20 13:31:22
227304324283,m64428102503,"CHANEL Coin Case Pale Blue with Box, Storage Pouch, Receipt",2026-04-17T05:14:02.000Z,,759.99,0,2026-04-20 13:31:22
227304324678,m85452152126,HERMES Key Holder 《Fail A Cheval》 Red,2026-04-17T05:14:31.000Z,,419.99,0,2026-04-20 13:31:22
227304324947,m85591343657,GUCCI Wallet GG Marmont Bi-Fold with Gold Hardware,2026-04-17T05:14:55.000Z,,419.99,0,2026-04-20 13:31:22
227304325086,m86600974950,Hermès Pastel Green Bastia,2026-04-17T05:15:07.000Z,,539.99,0,2026-04-20 13:31:22
227304325193,m87228103797,Unused HERMES Bandana Pattern Carré 55,2026-04-17T05:15:21.000Z,,489.99,0,2026-04-20 13:31:22
227304326642,m65100294773,PRADA Folding Wallet Saffiano Metal Logo L-Zip,2026-04-17T05:16:46.000Z,,529.99,0,2026-04-20 13:31:22
227304327056,m65689728835,Authentic CHANEL Matelasse Coco Mark Bifold Long Wallet Light Pink Italy Made,2026-04-17T05:17:13.000Z,,799.99,0,2026-04-20 13:31:22
227304327313,m66189044409,Celine Long Wallet Bi-Color in Excellent Condition,2026-04-17T05:17:32.000Z,,529.99,0,2026-04-20 13:31:22
227304327423,m66370087881,PRADA Nylon Saffiano Triangle Logo Tri-Fold Wallet,2026-04-17T05:17:45.000Z,,429.99,0,2026-04-20 13:31:22
227304327927,m66756694781,"Celine Logo Compact Bi-fold Wallet with Coin Pocket, Card Holder",2026-04-17T05:18:26.000Z,,429.99,0,2026-04-20 13:31:22
227304328213,m66842002225,Celine Small Tri-Fold Wallet Triomphe in Excellent Condition,2026-04-17T05:18:43.000Z,,529.99,0,2026-04-20 13:31:22
227304328432,m66952262722,Unused PRADA Tri-Fold Wallet with Triangle Logo Plate Nylon Black,2026-04-17T05:18:47.000Z,,529.99,0,2026-04-20 13:31:22
227304328619,m67261646755,Bottega Veneta Passport Case Notebook,2026-04-17T05:19:03.000Z,,529.99,0,2026-04-20 13:31:22
227304328734,m67358597806,PRADA Navy Long Wallet Gold Chain,2026-04-17T05:19:17.000Z,,599.99,0,2026-04-20 13:31:22
227304329104,m67675787773,LOEWE Compact Wallet Leather Anagram,2026-04-17T05:19:37.000Z,,529.99,0,2026-04-20 13:31:22
227304329341,m68285970634,Unused BOTTEGA VENETA Leather Bi-fold Wallet Charcoal Gray,2026-04-17T05:19:54.000Z,,529.99,0,2026-04-20 13:31:22
227304329381,m90659504013,HERMÈS Carre 45 RETOUR A LA TERRE Silk Green Multi Vintage Scarf with Tags,2026-04-17T05:20:03.000Z,,479.99,0,2026-04-20 13:31:22
227304329458,m68392158751,PRADA Mini Wallet Triangle Plate Saffiano Bi-Fold New Unused,2026-04-17T05:20:14.000Z,,529.99,0,2026-04-20 13:31:22
227304329589,m90693545021,Louis Vuitton Monogram Eclipse Vertical Long Wallet M62295,2026-04-17T05:20:25.000Z,,529.99,0,2026-04-20 13:31:22
227304329623,m68639160245,CELINE Triomphe Black Folded Wallet,2026-04-17T05:20:31.000Z,,529.99,0,2026-04-20 13:31:22
227304329697,m90873277436,HERMES Coin Case Near Mint Condition with Box,2026-04-17T05:20:38.000Z,,529.99,0,2026-04-20 13:31:22
227304329791,m90956133392,Louis Vuitton Portefeuille Braz Aérogam Long Wallet Black,2026-04-17T05:20:52.000Z,,529.99,0,2026-04-20 13:31:22
227304329833,m68836047165,CELINE Zip Purse with Card Holder / Wallet Card Case,2026-04-17T05:21:01.000Z,,529.99,0,2026-04-20 13:31:22
227304330137,m92883480067,Gucci Fragment Case 10x20cm Canvas Beige/Brown Monogram Excellent Box+Pouch,2026-04-17T05:21:11.000Z,,529.99,0,2026-04-20 13:31:22
227304330398,m99011102631,HERMÈS Caraibes Silk Scarf 90cm White/Gold/Brown Flower Bird Pre-owned,2026-04-17T05:21:26.000Z,,429.99,0,2026-04-20 13:31:22
227304330610,m69054271836,New RFID Built-in PRADA Saffiano Leather Billfold Wallet,2026-04-17T05:21:43.000Z,,709.99,0,2026-04-20 13:31:22
227304330912,m94543536157,Hermès Scarf Carre 90 Swirl,2026-04-17T05:22:05.000Z,,409.99,0,2026-04-20 13:31:22
227304330955,m95029069647,GUCCI Ophidia Bi-fold Wallet GG Marmont Sherry Line Extreme Beauty,2026-04-17T05:22:10.000Z,,429.99,0,2026-04-20 13:31:22
227304331076,m96323658773,Hermès Galvy Duo Noir,2026-04-17T05:22:21.000Z,,529.99,0,2026-04-20 13:31:22
227304331134,m96395640810,Brand New Hermès Garvi Duo 2025 New Color Jaune Mango Cute Tropical,2026-04-17T05:22:29.000Z,,789.99,0,2026-04-20 13:31:22
227304331305,m96743230978,Kyoto Marble Twilly HERMES,2026-04-17T05:22:37.000Z,,489.99,0,2026-04-20 13:31:22
227304331547,m97087159668,HERMÈS La Patisserie Francaise Twilly 100% Silk Noir/Blanc/Bleu New w/ Charm,2026-04-17T05:22:49.000Z,,599.99,0,2026-04-20 13:31:22
227304332169,m98049817637,GUCCI Mini Wallet Sylvie Old Gucci Belt Black with Box S Rank,2026-04-17T05:23:15.000Z,,529.99,0,2026-04-20 13:31:22
227304332856,m99243976562,Hermès Dogon GM Blue Folding Wallet,2026-04-17T05:23:40.000Z,,529.99,0,2026-04-20 13:31:22
227260302051,M-287,Louis Vuitton Zippy Wallet Retiro Monogram M61854 Round Zip Long Wallet Brown LV,2026-03-17T05:23:55.000Z,,336.88,0,2026-04-20 13:31:22
227304333425,2582p3C39QSL6FSXikk6nS,Gucci GG Marmont Key Case White Leather New with Box 6 Hooks,2026-04-17T05:23:59.000Z,,529.99,0,2026-04-20 13:31:22
227304333788,2JGEUk2go8ewe5wRqTPisX,Louis Vuitton Monogram Empreinte Zippy Wallet 19.5cm Black Bicolor SS,2026-04-17T05:24:13.000Z,,789.99,0,2026-04-20 13:31:22
227304333872,m69318661314,"PRADA Card Case with Box and Guarantee, New and Unused, Saffiano",2026-04-17T05:24:21.000Z,,529.99,0,2026-04-20 13:31:22
227304334299,m69443126875,Bottega Long Wallet [Excellent Condition],2026-04-17T05:24:35.000Z,,749.99,0,2026-04-20 13:31:22
227304334337,2JGHeTJ88SbebJdoKTzrrx,Gucci Double G 835055 Leather Fragment Case 13.5cm Black Unisex Pre-owned,2026-04-17T05:24:39.000Z,,529.99,0,2026-04-20 13:31:22
227304334609,m69546943672,PRADA Bi-fold Wallet Triangle Saffiano Leather Flap Logo,2026-04-17T05:25:01.000Z,,419.99,0,2026-04-20 13:31:22
227304335023,m69563738609,Bottega Veneta Cassette Intrecciato Long Wallet Round Zipper,2026-04-17T05:25:19.000Z,,529.99,0,2026-04-20 13:31:22
227304335866,m69782896226,Chanel Bicolore Matelasse Bifold Long Wallet Coco Mark Black,2026-04-17T05:26:08.000Z,,429.99,0,2026-04-20 13:31:22
227304336517,2JJY3BMechhS7YA7hv9Bin,GUCCI Wool 100% Logo Fringed Large Scarf Stole Black 70×220cm Made in Italy,2026-04-17T05:26:52.000Z,,509.99,0,2026-04-20 13:31:22
227304336695,2JKd5Tey2iBRt7RViGEx83,Gucci Card Case GG Canvas Leather 7.3x10cm Pink S with Box & Bag,2026-04-17T05:27:02.000Z,,409.99,0,2026-04-20 13:31:22
227304337073,2JKrfMdDYVLMD5d8Y4p9dY,GUCCI 812681 Jumbo GG Leather Card Case Business Card Holder Pass Case,2026-04-17T05:27:33.000Z,,529.99,0,2026-04-20 13:31:22
227304337132,m70352783804,PRADA Black Folded Wallet Daino Leather 1ML018 Bicolor,2026-04-17T05:27:38.000Z,,529.99,0,2026-04-20 13:31:22
227304337308,m70472027185,CELINE Triomphe Mini Wallet Beige with Box,2026-04-17T05:27:58.000Z,,529.99,0,2026-04-20 13:31:22
227304337514,m70630092114,Christian Dior CD Icon Long Zip Wallet,2026-04-17T05:28:17.000Z,,529.99,0,2026-04-20 13:31:22
227304337812,m70849510268,FENDI Continental Leather Zip Long Wallet Studs Navy,2026-04-17T05:28:39.000Z,,529.99,0,2026-04-20 13:31:22
227304338011,2JLdLBj7BCQDzjeqjyyNZN,Louis Vuitton Watercolor Organiseur de Poche M80455 Card Case,2026-04-17T05:28:57.000Z,,649.99,0,2026-04-20 13:31:22
227304338014,m71240335861,"DIOR Card Case with Shop Bag, New and Unused, Now 45,000 yen",2026-04-17T05:28:58.000Z,,529.99,0,2026-04-20 13:31:22
227304338361,m71382337028,PRADA Men's Nylon Saffiano Silver Logo Folding Wallet,2026-04-17T05:29:15.000Z,,529.99,0,2026-04-20 13:31:22
227304339053,m71770995607,PRADA Tri-Fold Wallet Triangle Logo Gold Hardware with Box,2026-04-17T05:30:13.000Z,,419.99,0,2026-04-20 13:31:22
227304339254,m72212368213,GUCCI Wallet Folding GG Logo Black Men's Authentic Popular,2026-04-17T05:30:30.000Z,,409.99,0,2026-04-20 13:31:22
227304339588,m72833254848,FENDI FF Fabric Multicolor Tri-Fold Wallet - Almost Unused,2026-04-17T05:31:12.000Z,,529.99,0,2026-04-20 13:31:22
227304339760,m73300151868,Bottega Veneta Long Wallet,2026-04-17T05:31:28.000Z,,529.99,0,2026-04-20 13:31:22
227304343385,m74177118694,Christian Dior Leather Stripe Round Zip Long Wallet,2026-04-17T05:34:19.000Z,,439.99,0,2026-04-20 13:31:22
227304343697,m74354248347,BOTTEGA VENETA Cassette Maxi Intrecciato Wallet,2026-04-17T05:34:40.000Z,,529.99,0,2026-04-20 13:31:22
227260309076,M-266,DOLCE & GABBANA D&G TIME Night And Day Quartz Watch Silver Bracelet Black Dial W,2026-03-17T05:35:09.000Z,,140.32,0,2026-04-20 13:31:22
227304344004,m74574451599,Bottega Card Case Fragment,2026-04-17T05:35:15.000Z,,529.99,0,2026-04-20 13:31:22
227304344141,m74719986111,Miu Miu Leather Key Case Limited Edition Excellent Condition ⭐️ Try-On Only,2026-04-17T05:35:36.000Z,,509.99,0,2026-04-20 13:31:22
227304344384,m75028817081,miumiu Folded Wallet Black Brown,2026-04-17T05:36:02.000Z,,879.99,0,2026-04-20 13:31:22
227304344689,m75100651152,BOTTEGA VENETA Light Blue Card Case New,2026-04-17T05:36:20.000Z,,529.99,0,2026-04-20 13:31:22
227304345027,m75236008404,Bottega Veneta Long Wallet Flap Cassette RFID IC Chip Excellent Condition,2026-04-17T05:36:42.000Z,,529.99,0,2026-04-20 13:31:22
227304345242,m75494706523,PRADA Saffiano Triangle Long Wallet 1ML506,2026-04-17T05:37:03.000Z,,529.99,0,2026-04-20 13:31:22
227304345475,m75991211852,Christian Dior Tag Gem & Watch Charm Pattern Vintage Silk Scarf,2026-04-17T05:37:22.000Z,,599.99,0,2026-04-20 13:31:22
227304345621,m76292047538,PRADA Saffiano Wallet,2026-04-17T05:37:41.000Z,,699.99,0,2026-04-20 13:31:22
227304345915,m76539680183,CHANEL Long Wallet Round Zip Caviar Skin Coco Stitch Black,2026-04-17T05:38:02.000Z,,429.99,0,2026-04-20 13:31:22
227260310521,M-269,LOUIS VUITTON Pochette Kirigami Coin Case Damier Ebene N60285 Brown Unused w/Box,2026-03-17T05:38:24.000Z,,525.0,0,2026-04-20 13:31:22
227260311690,M-268,COACH Leather Case Orange Passport Holder Turn Lock Novelty Large Pouch Authenti,2026-03-17T05:41:24.000Z,,97.04,7,2026-04-20 13:31:22
227304352824,m78662464997,Bottega Veneta Two-Fold Wallet,2026-04-17T05:41:24.000Z,,529.99,0,2026-04-20 13:31:22
227304353334,2JNVdnG3KunryfmCsxXFm2,HERMES Scarf Silk Carre 90 FEUX DU CIEL Fire of Heaven Orange,2026-04-17T05:42:23.000Z,,489.99,0,2026-04-20 13:31:22
227304354454,2JNVLkWs73tL4a9ymMbjnp,HERMES Carre 90 LES BALLETS RUSSES Russian Ballet Scarf Unisex Brown,2026-04-17T05:43:19.000Z,,449.99,0,2026-04-20 13:31:22
227304355023,2JNVLmYr8iyVezM6rkaNaG,HERMES Carre 45 CONCERTO Scarf Unisex Yellow 【Used】,2026-04-17T05:43:45.000Z,,479.99,0,2026-04-20 13:31:22
227304355373,2JNVPJCy2HCZbvwxbJoJRm,"Hermes Bastia Coin Case for Men, Women in Navy",2026-04-17T05:44:15.000Z,,529.99,0,2026-04-20 13:31:22
227304355959,2JNWM63BQKLSxH3DyFvD7S,HERMES Scarf Carré 90,2026-04-17T05:44:40.000Z,,479.99,0,2026-04-20 13:31:22
227304356572,2JNY63gjsV7emNJt7ZQMmG,HERMES Coin Case Bastia Verso Vert Vertigo/Jaune Milton Leather,2026-04-17T05:45:11.000Z,,539.99,0,2026-04-20 13:31:22
227304357206,2JNYhLFiXVyQqKPVhbtYp5,HERMES Azap Compact Silk In Pink Leather Z Stamp 2021 Round Zipper Wallet,2026-04-17T05:45:58.000Z,,879.99,0,2026-04-20 13:31:22
227304357531,2JNYoVtkSMRewBPhz2MxvY,Louis Vuitton Monogram Long Wallet Porte- feuille Sarah M60531,2026-04-17T05:46:22.000Z,,799.99,0,2026-04-20 13:31:22
227304357815,2JNZQLRwbgCbgxr6iY2BKq,Hermès Carmen 077894CJ Key Ring,2026-04-17T05:46:46.000Z,,449.99,0,2026-04-20 13:31:22
227260320276,M-265,HERMES Bolduc au Carre Silk Scarf Orange Ribbon Check Pattern 42cm Authentic Exc,2026-03-17T05:48:36.000Z,,345.41,5,2026-04-20 13:31:22
227260325868,M-285,Other Makes ,2026-03-17T05:54:00.000Z,,168.39,0,2026-04-20 13:31:22
227304365297,m83371511414,New Unused CHANEL Mademoiselle Caviar Skin Card Case Pink,2026-04-17T05:54:54.000Z,,719.99,0,2026-04-20 13:31:22
227304368231,m84375361818,PRADA Saffiano Bi-Fold Wallet,2026-04-17T05:57:30.000Z,,539.99,0,2026-04-20 13:31:22
227304368235,2JPtyR9kg5oF9vX34mUkWc,Louis Vuitton Monogram Empreinte Zippy Wallet Marine Rouge Long Wallet,2026-04-17T05:57:30.000Z,,529.99,0,2026-04-20 13:31:22
227304368615,m84563906169,Brand New PRADA Two-Fold Wallet with Gold Hardware,2026-04-17T05:57:56.000Z,,579.99,0,2026-04-20 13:31:22
227304369135,2JPu6zxWbUNXHhCRn9R5G6,HERMES Calvi Card Case Name Card Holder Leather Silver Hardware Boxed,2026-04-17T05:58:22.000Z,,639.99,0,2026-04-20 13:31:22
227304371527,2JPuXXV9y8RPbPoWRPrCZM,Hermès Le Lavant Quatre Coin Case Coin Purse □F Stamp 2002 Yellow Gold,2026-04-17T06:00:48.000Z,,419.99,0,2026-04-20 13:31:22
227304373824,9ipzPXhohiGxCQhyuHYwq7,Gucci Compact Wallet Banana Sakura Mochi,2026-04-17T06:02:38.000Z,,529.99,0,2026-04-20 13:31:22
227304375017,cc649Af5r2LT6w5Z5V43UG,Gucci GG Supreme Cat Coin Case 12.5cm PVC Burgundy Pre-Owned w/ Auth Certificate,2026-04-17T06:03:33.000Z,,529.99,0,2026-04-20 13:31:22
227304375676,dK3tAuZjYiVi3Vjgt7iKW7,HERMÈS Diabolo Card Holder 9.8x6cm Leather Pink Grained Used w/ Slot,2026-04-17T06:04:11.000Z,,409.99,0,2026-04-20 13:31:22
227304376889,H2osEJN5ErJbkcbWDRKiZR,HERMES Azap Compact 90 Silk Gold/Blue Multicolor Excellent,2026-04-17T06:05:34.000Z,,889.99,0,2026-04-20 13:31:22
227304377373,HCEDjb4gfy5zNCCdfoqEAh,Rare Excellent HERMES Carre 90 Silk Scarf ASHANTI Pink,2026-04-17T06:06:04.000Z,,599.99,0,2026-04-20 13:31:22
227304377383,HaZq9Baz6HuQZB2szYnWFn,HERMES Scarf Carre 90 Polyfill Dream Yellow,2026-04-17T06:06:04.000Z,,599.99,0,2026-04-20 13:31:22
227304377737,HQ8iADLahnG7howDNkugQQ,Unused HERMES Scarf Carre 90 CARPE DIEM Enjoy Today Yellow Sun Moon Star,2026-04-17T06:06:28.000Z,,599.99,0,2026-04-20 13:31:22
227304377738,HsDPG7FTEb4XvFtJh3zs5j,SALE HERMES Twilly Scarf BRIDE DE COUR 2021 Spring/Summer Orange New,2026-04-17T06:06:29.000Z,,409.99,0,2026-04-20 13:31:22
227304378275,iE8nnZfEq4LPnhm6xW9ro9,Beautiful HERMES Scarf Carre 90 Silk MosaiqueAu24 Mosaic 24 Horse Pattern,2026-04-17T06:06:56.000Z,,599.99,0,2026-04-20 13:31:22
227260334845,M-288,HERMES Pleated Silk Scarf Chain Jewelry Pattern Brown Multicolor 80cm Auth Rare,2026-03-17T06:06:58.000Z,,214.8,1,2026-04-20 13:31:22
227304378822,ixDyfs6YDgevp7Tqvbbk4M,Hermes Scarf 90 Neige d'Antan Last Year's Snow 100% Silk,2026-04-17T06:07:18.000Z,,599.99,0,2026-04-20 13:31:22
227304378953,j4vUewttGyV7sGfzEBjXs7,HERMES Scarf 90 Turbans des Reines Flowers Leaves Multicolor,2026-04-17T06:07:22.000Z,,489.99,0,2026-04-20 13:31:22
227304379532,JKvXW43G3xs9EfhHjDGHNc,HERMES Azap Long Silk-In Round Zipper Wallet,2026-04-17T06:07:50.000Z,,529.99,0,2026-04-20 13:31:22
227304379551,Jmomm8WY3cvMyPRHnWhDZF,HERMES Bastia Verso Coin Case Chevre Mysore Black/Mauve Palladium Box A-Grade,2026-04-17T06:07:51.000Z,,529.99,0,2026-04-20 13:31:22
227304380169,JVaCh2vTNDKVA8dCw6fjVY,Unused HERMES Scarf Twilly CLIC CLAC MODERNE CANNAGE aq11105,2026-04-17T06:08:08.000Z,,419.99,0,2026-04-20 13:31:22
227304380378,Jz9ggvkYoovWtVqnPzzwoF,Beautiful HERMES Scarf World Map Silk Gray Orange Multicolor 90cm,2026-04-17T06:08:15.000Z,,489.99,0,2026-04-20 13:31:22
227304380390,K5VAfU8R9Ce9fmDCp3ydJL,HERMES Scarf 90 THE ORIGINAL NEW ORLEANS CREOLE JAZZ Navy Boxed,2026-04-17T06:08:16.000Z,,449.99,0,2026-04-20 13:31:22
227304380877,KEEtwSEcceDMu6G3kBeC9f,HERMES Carré 90 The Birth of D'Ara Silk Scarf Pink,2026-04-17T06:08:40.000Z,,489.99,0,2026-04-20 13:31:22
227304381266,KjpGbP4HUXrDwtBKBYCfvV,HERMES Carre90 Jeu de Soie Silk Game,2026-04-17T06:09:00.000Z,,599.99,0,2026-04-20 13:31:22
227304381356,kPdoLvTxkisFB5LT5j2d6e,HERMES Scarf Carre 90 LES QUATRE SAISONS Brown Animal Flower Silk Yellow,2026-04-17T06:09:06.000Z,,709.99,0,2026-04-20 13:31:22
227304382121,kY26EDU5c2eBHr3FeHiEdK,HERMES Scarf 90cm PASSIFLORES Passion Flower Black 100% Silk,2026-04-17T06:09:31.000Z,,489.99,0,2026-04-20 13:31:22
227304382511,kws5gymbutqG9aFBsoYwMZ,HERMES carré 90 Vive les champion Blue,2026-04-17T06:09:36.000Z,,599.99,0,2026-04-20 13:31:22
227304384082,LMByudzF5EKS2vWMo9Fyin,Sale New HERMES Twilly Grand Tralala 2022 Spring/Summer Scarf aq9061,2026-04-17T06:10:09.000Z,,409.99,0,2026-04-20 13:31:22
227304384626,LoejedHS9SiuWbNfCR28uV,Hermès Calvi 064954CK Card Case Unused Item,2026-04-17T06:10:26.000Z,,619.99,0,2026-04-20 13:31:22
227304384801,LWp7bcsNWUAtFs7Ydg2YmG,Excellent HERMES Carré 90 SOIES VOLANTES Silk Scarf 100% Silk Ladies,2026-04-17T06:10:33.000Z,,419.99,0,2026-04-20 13:31:22
227304385198,M6HUQ7MF7nCkqvD8T2UZh9,HERMES Scarf 90 Jardin Creole Silk Black,2026-04-17T06:10:44.000Z,,489.99,0,2026-04-20 13:31:22
227304385880,M8PwWtaEQJQ6P2j9aSJLBV,HERMES Scarf Carré 90 Escales Mediterraneennes Mediterranean Port Town,2026-04-17T06:11:00.000Z,,709.99,0,2026-04-20 13:31:22
227304386329,mC2ohw7PiGGgWjmjtxLe5k,Hermes Coin Case Bastia Green Mint Excellent Condition Coin Purse Leather,2026-04-17T06:11:17.000Z,,419.99,0,2026-04-20 13:31:22
227304386924,mmQp93x5DiZqiUkZrt9KMn,HERMES Silk Scarf HOLA FLAMENCA White 90x90cm Excellent Condition,2026-04-17T06:11:43.000Z,,489.99,0,2026-04-20 13:31:22
227304387008,mMV7JuDBWYxN7bjYXpwM3U,HERMES Scarf Silk Carré 90 Vive les champions! Soccer Blue with Box,2026-04-17T06:11:46.000Z,,489.99,0,2026-04-20 13:31:22
227304387806,NEri4r9wLsisg2yKpfjT34,Rare HERMES Twilly WOW 063463S 2021 Spring/Summer Comic Style Scarf Excellent,2026-04-17T06:12:10.000Z,,409.99,0,2026-04-20 13:31:22
227304388085,NEZhvVZuLtwGAnaYkx9Kn8,HERMES Scarf 90 RE TOUR A LA TERRE Yellow Silk 100%,2026-04-17T06:12:21.000Z,,709.99,0,2026-04-20 13:31:22
227304388373,NFevTAsbBSCos3PiBjxcaP,HERMES Wallet for Women and Men Coin Case Bastia Voile Epsom Brown Used,2026-04-17T06:12:31.000Z,,529.99,0,2026-04-20 13:31:22
227304388605,NLmjZQKNuyzCKKMcC7ZJXR,HERMES エルメス カレ90 スカーフ MATSUZAKAYA 松坂屋限定 葡萄の花 オレンジ,2026-04-17T06:12:40.000Z,,529.99,0,2026-04-20 13:31:22
227304388709,NpdGs38NymxJK5BsGmGTyL,HERMES Scarf carré 90 RE TOUR A LA TERRE Returning Home,2026-04-17T06:12:47.000Z,,789.99,0,2026-04-20 13:31:22
227304388849,NrfZAJrd9vkaDgycpqMtYG,HERMES Silk Scarf LA PRAIRIE Prairie Green,2026-04-17T06:12:56.000Z,,419.99,0,2026-04-20 13:31:22
227304389004,nvV2d4UyRorLguTfZX9WcK,HERMES Scarf VENDANGES Grape Harvest Pattern Brown Silk 100%,2026-04-17T06:13:06.000Z,,489.99,0,2026-04-20 13:31:22
227304389051,oannhubZv47tjEvyEVqpbm,Hermès Scarf Carre 90 Beige Brown L'OR DES,2026-04-17T06:13:11.000Z,,499.99,0,2026-04-20 13:31:22
227304389211,obSgh7rkyDgKPkNLJxDsEU,HERMES Elegant Carre 90 Brandenbourg Decoration Scarf Silk Blue,2026-04-17T06:13:20.000Z,,489.99,0,2026-04-20 13:31:22
227304389437,oFuYT2bpbXuu2PBKjW9TTm,GUCCI Double G Strap Quilted Coin Case Card Holder with Strap Black,2026-04-17T06:13:37.000Z,,529.99,0,2026-04-20 13:31:22
227304389688,otARiGjLRJC7Kya5tYVAPm,HERMES Silk Scarf CARRÉ 90 FOLLE PARADE Orange,2026-04-17T06:13:48.000Z,,669.99,0,2026-04-20 13:31:22
227304389924,P7gHffUVLc9QdgTL2AJdAN,HERMES Lapins Dans 90cm Silk Scarf Red Multicolor Rabbits Excellent Condition,2026-04-17T06:14:02.000Z,,599.99,0,2026-04-20 13:31:22
227304390054,PcRr9jwm7UdTst4onLbqZe,Gucci GG Marmont Key Case 7cm Leather Nero Antique Gold Excellent Box,2026-04-17T06:14:11.000Z,,529.99,0,2026-04-20 13:31:22
227304390076,pg3imJL9MGUyjM2uPvbyG3,HERMES Scarf CARRE 90 GRANDE ROUE Ferris Wheel Green,2026-04-17T06:14:12.000Z,,489.99,0,2026-04-20 13:31:22
227304390248,pMimKCV4k6GTS9DjSHHTkD,HERMES Scarf carré 90 petite main Sewing Tools Blue AQ12105,2026-04-17T06:14:25.000Z,,409.99,0,2026-04-20 13:31:22
227304390372,PougARwSnoLrcEYcB3coUa,Hermès Scarf Carré 90 Reve D'Australie Dream of Australia,2026-04-17T06:14:35.000Z,,429.99,0,2026-04-20 13:31:22
227304390566,PsmeEtiamDFJgpQiMDnUcB,HERMES Scarf les Perles de Turukana Silk Beige,2026-04-17T06:14:53.000Z,,489.99,0,2026-04-20 13:31:22
227304390628,PTn6yCQFPrcZaV2B8e3uNW,HERMES Carre 90 LE GEOGRAPHE Silk Scarf Blue × Multicolor,2026-04-17T06:14:59.000Z,,489.99,0,2026-04-20 13:31:22
227304390787,QEmEnYFivopAtWzbHos5A,HERMES Scarf Caty Scarab Pattern Ancient Egypt 90 cm aq11519,2026-04-17T06:15:12.000Z,,409.99,0,2026-04-20 13:31:22
227304390870,qfH8NYnkzJrDL6z9gETTab,HERMES Carre 90 Les Quatre Saisons Silk Scarf Yellow,2026-04-17T06:15:20.000Z,,819.99,0,2026-04-20 13:31:22
227304390902,QjEoNK33rVP7cKttJfxixF,Hermès Scarf Carré 90 PRIERES AU VENT Prayer in the Wind Excellent Condition,2026-04-17T06:15:24.000Z,,819.99,0,2026-04-20 13:31:22
227304391000,QjHFEFa2x67cN5wsKvfaRP,Rare HERMES Scarf Carré 70 Les Petits Papier d’Herm‘s aq11044,2026-04-17T06:15:37.000Z,,469.99,0,2026-04-20 13:31:22
227304391122,qu8vMkr4UHznrJoTEXm6Qm,HERMES Scarf Carré 90 Brandenburg Decoration Silk Red x Yellow,2026-04-17T06:15:46.000Z,,709.99,0,2026-04-20 13:31:22
227304391241,qrfHVVJ9E8LjkL6DAhtUja,Excellent HERMES Scarf 90 Della Cavalleria Favolosa Double Face Silk 100%,2026-04-17T06:16:03.000Z,,819.99,0,2026-04-20 13:31:22
227304391328,QvnM8ZtAi3xUsdaV7A9u84,HERMES Scarf Carré 90 EUROPE,2026-04-17T06:16:11.000Z,,409.99,0,2026-04-20 13:31:22
227304391346,qz7rSrNjJixwhmKeq3Kz2o,HERMES Scarf Carre 90 Square Pink Multicolor Floral Silk 100% FLEURS et,2026-04-17T06:16:12.000Z,,489.99,0,2026-04-20 13:31:22
227260341197,M-289,HERMES Carre 90 Silk Scarf Blue White Shawl 90cm Square Auth From Store,2026-03-17T06:16:23.000Z,,269.85,0,2026-04-20 13:31:22
227304391630,rAZgehBAqZC7biF6HjG6QF,HERMES Carre 90 Brandenbourg Decoration Silk Scarf Blue,2026-04-17T06:16:37.000Z,,489.99,0,2026-04-20 13:31:22
227304391940,rkBoJPzrG528xWhoEMeYWK,Gucci GG Vintage Key Ring Silver×Gold Ladies Used 最大30％OFF,2026-04-17T06:17:02.000Z,,759.99,0,2026-04-20 13:31:22
227304391948,RNPKtRkDi6mzhTq5HRX9h6,HERMES Scarf Caleche 90 Silk CHIENS AU RAPPORT Hunting Dogs Purple,2026-04-17T06:17:03.000Z,,489.99,0,2026-04-20 13:31:22
227304392276,RpDV6EkwvUftEMPw6CvFKF,Rare HERMES Pleats Scarf Solid Orange New Used Item Beautiful Condition,2026-04-17T06:17:25.000Z,,419.99,0,2026-04-20 13:31:22
227304392295,rv8MSu8J2eWG4oreR4MMk8,HERMES Scarf 90 Smiles in Third Millenary Yellow x Multi-Color,2026-04-17T06:17:26.000Z,,489.99,0,2026-04-20 13:31:22
227304392474,S7bUpFScNGLrYUnmJa9w5o,HERMES Silk Scarf H EN VOYAGE Journey Hermes Bag Pattern Orange,2026-04-17T06:17:43.000Z,,599.99,0,2026-04-20 13:31:22
227304392588,SABCWoQRAHCtDaag78Bp8R,GUCCI Horsebit GG Supreme Oval Round Zipper Coin Case,2026-04-17T06:17:52.000Z,,529.99,0,2026-04-20 13:31:22
227304392632,SeFj9bYxohTzzoopMepobU,HERMES Scarf 90 Nuba Mountain Silk 100% White,2026-04-17T06:17:56.000Z,,709.99,0,2026-04-20 13:31:22
227304393452,sfodFawJ9dRVX3AzAKtooU,HERMES Scarf Carre 90 Silk LES PARISIENS Black x Gold,2026-04-17T06:18:19.000Z,,819.99,0,2026-04-20 13:31:22
227304393549,SiTt7RJHaqDTYtzq3XwV4m,Sale HERMES MAXI TWILLY BRIDES DE GALA Reversible Excellent Condition,2026-04-17T06:18:23.000Z,,539.99,0,2026-04-20 13:31:22
227304393971,Sojg59YuQe2vfxj42GRCyE,Excellent HERMES Scarf 90 LES RIVIERES DE BABEL Silk 100% Yellow,2026-04-17T06:18:45.000Z,,789.99,0,2026-04-20 13:31:22
227304394059,sQcWBqdx4P5Nqn2iZgK6Tb,GUCCI Keychain Interlocking Gold Ladies Used 30% OFF,2026-04-17T06:18:51.000Z,,759.99,0,2026-04-20 13:31:22
227304394253,SrCGUawYJBzMFieHjTA2kZ,HERMES Scarf Carré 90 DIP DYE JUNGLE LOVE Silk Green,2026-04-17T06:19:05.000Z,,709.99,0,2026-04-20 13:31:22
227304394677,sYZWB2k3ZRahuTsQPaZL2T,HERMES Scarf Nuba Mountain Silk 100% Red,2026-04-17T06:19:32.000Z,,599.99,0,2026-04-20 13:31:22
227304394979,tE8fVbaCXxBhxF8fu5stBC,GUCCI Card Case GG Marmont Leather Black Gold Hardware Business Card Holder,2026-04-17T06:19:57.000Z,,529.99,0,2026-04-20 13:31:22
227304395652,TpbGBzjAxCtu35xauZyXq6,HERMES Carre 45 Silk Scarf Fleuri de Provence Unused Box,2026-04-17T06:20:45.000Z,,409.99,0,2026-04-20 13:31:22
227304395711,TQdLHGbCYBQnftaZkzVjma,HERMES Scarf Carre 90 EQUATEUR Animal Bird Pattern Silk Red,2026-04-17T06:20:50.000Z,,599.99,0,2026-04-20 13:31:22
227304395959,tT3M9snDDm8yr8UWKgUiAY,Gucci 739497 AABXM Coin Case 10x9.5cm Leather Pink/Gold New w/ Dust Bag & Box,2026-04-17T06:21:08.000Z,,669.99,0,2026-04-20 13:31:22
227304396660,ud3cCE2FSA6HduzSBV6dcD,HERMES KARE90 PRIERES AU VENT Silk Scarf Red x Blue,2026-04-17T06:21:46.000Z,,819.99,0,2026-04-20 13:31:22
227304397661,V2VT6qvB842ynhtJoYQuP6,HERMES Scarf Carre 90 AUX CHAMPS Field aq11591,2026-04-17T06:22:59.000Z,,409.99,0,2026-04-20 13:31:22
227304397693,v6MQWgCTV8rZXHUab4N8si,Rare HERMES Scarf CARRÉ 90 AMOURS Red Flower Margaret,2026-04-17T06:23:04.000Z,,479.99,0,2026-04-20 13:31:22
227304398015,VegDFeevCBzzvsKPhKgC83,30% OFF Gucci Keyring,2026-04-17T06:23:23.000Z,,759.99,0,2026-04-20 13:31:22
227304398385,Vq7YRDi7RCTAWoZeKpsoAN,Excellent HERMES Scarf CARRÉ 90 ANIMAUX SOLAIRES Gold x Black,2026-04-17T06:23:46.000Z,,489.99,0,2026-04-20 13:31:22
227304398675,VyZFNZSrUxDSGtERRy5pGo,HERMÈS Calvi Duo 10.5x7cm Evercolor Blue Nuit Coin Case Unused Boxed,2026-04-17T06:24:17.000Z,,889.99,0,2026-04-20 13:31:22
227304398886,WC8sHfjv2s5ha9FkJFfMnj,HERMES Scarf 90cm 1982 GRONLAND Eskimo Dog Sled Silk Yellow,2026-04-17T06:24:33.000Z,,599.99,0,2026-04-20 13:31:22
227304399015,WJ5goz8uaZ3UfpGZzp8HU6,HERMES Scarf 90 LES QUATRE SAISONS Brown Animal Flower Silk,2026-04-17T06:24:44.000Z,,599.99,0,2026-04-20 13:31:22
227304399375,WvB2JcgEv3cGiHGet4bSTF,HERMES Carre 90 LA MAGIE Magic Rabbit Pigeon Clown Silk Brown with Box,2026-04-17T06:25:10.000Z,,599.99,0,2026-04-20 13:31:22
227304399739,wWDa6BrRjzLjbYqjPrPTjZ,HERMÈS Twilly CHAINES ET GOURMETTES 86cm Silk BLANC CUIVRE NS Condition Boxed,2026-04-17T06:25:25.000Z,,479.99,0,2026-04-20 13:31:22
227304399830,WYPRN8hbgSYmeyuWiZxTdf,HERMES Carre 90 Brandebourgs Brandenburg Decor Scarf Silk Pink,2026-04-17T06:25:32.000Z,,709.99,0,2026-04-20 13:31:22
227304400028,x7SUEKfU4BX7C6hFCwFdqY,Rare HERMES Pleated Scarf Tourbillon Whirlwind Leaves Beige Khaki Excellent,2026-04-17T06:25:46.000Z,,449.99,0,2026-04-20 13:31:22
227304400062,x8WikzAoQMA2UfkCsA6SLk,Rare Beautiful HERMES Scarf Carre 90 Orange Beige Lake Market,2026-04-17T06:25:51.000Z,,599.99,0,2026-04-20 13:31:22
227304400171,xAeVf52F2kQJc5m8BLW67V,HERMÈS Calvi Duo 10x7cm Evara Rose Azalee Coin Case Unused Boxed,2026-04-17T06:25:59.000Z,,839.99,0,2026-04-20 13:31:22
227304400180,X9dEzmTyLQk38DJZpXXHvW,HERMES Bastia Verso Coin Case 90 Sheepskin Green Pink Silver Mint with Box,2026-04-17T06:26:00.000Z,,529.99,0,2026-04-20 13:31:22
227304400291,xjuRD7QNwTitAuyFZPuY87,HERMES Scarf Silk Carré 90 Floral Orchid Purple Touvenirs Asie,2026-04-17T06:26:14.000Z,,489.99,0,2026-04-20 13:31:22
227304400310,XQALT23xR6H2gvTmQPXvYn,HERMES Scarf 90 SELLE DE DIGNITAIRE Orange x Blue With Box,2026-04-17T06:26:17.000Z,,599.99,0,2026-04-20 13:31:22
227304400424,XswEkvEg3VWy8XtYZvvtPF,Excellent HERMES Carre 90 NAPOLEON HERMES Blue x Multicolor Silk Scarf,2026-04-17T06:26:25.000Z,,489.99,0,2026-04-20 13:31:22
227304400477,XQXRZfdUGkMKcgHmwX9AG5,Unused HERMES Scarf 90 SELLE D’APPARAT MAROCAINE Navy with Box,2026-04-17T06:26:28.000Z,,789.99,0,2026-04-20 13:31:22
227304400924,XvHgVCzW5obzPc8u3VFLSA,HERMES Scarf Carre 90 Silk Henry F Smith Sailor Multi-color,2026-04-17T06:26:44.000Z,,489.99,0,2026-04-20 13:31:22
227304401029,XWDmMQEyQgUd3Qcf5WNmvD,HERMES Scarf Carre 90 LINARES Animal Bird Pattern Camouflage Yellow,2026-04-17T06:26:51.000Z,,709.99,0,2026-04-20 13:31:22
227304401235,XyaZyhiw4jVa34G2zy3nBc,Excellent Condition HERMES Scarf Carre 90 La mecanique des idees Pink,2026-04-17T06:27:06.000Z,,489.99,0,2026-04-20 13:31:22
227304401263,y4qu94L6FoAeQRbPa3iFVN,HERMES Scarf Carré 90 Feria de Sevilla Silk 100% Blue,2026-04-17T06:27:10.000Z,,489.99,0,2026-04-20 13:31:22
227305522425,m74583041025,Louis Vuitton Damier Card Case with Box,2026-04-17T21:10:58.000Z,,439.99,0,2026-04-20 13:31:22
227305522863,m91380096700,Louis Vuitton Monogram Multicart Sarah Fuchsia,2026-04-17T21:11:19.000Z,,429.99,0,2026-04-20 13:31:22
227305523100,m20837407829,LOUIS VUITTON Porte Carte Magnet Smartphone Black,2026-04-17T21:11:36.000Z,,529.99,0,2026-04-20 13:31:22
227305541727,m26489906095,Louis Vuitton M60067 Zippy Coin Purse Wallet Monogram Brown,2026-04-17T21:32:50.000Z,,429.99,0,2026-04-20 13:31:22
227305543084,m38322999910,Louis Vuitton Monogram Fragment Case,2026-04-17T21:34:41.000Z,,529.99,0,2026-04-20 13:31:22
227305545562,m53618357026,Louis Vuitton Pochette Clare Mahina Coin Case Pink Wallet,2026-04-17T21:37:15.000Z,,619.99,0,2026-04-20 13:31:22
227305546825,m64318465808,Louis Vuitton Coin Case,2026-04-17T21:38:28.000Z,,529.99,0,2026-04-20 13:31:22
227305547069,m64823379193,Louis Vuitton Coin Case Damier Ebene Zippy Coin Purse Excellent Condition,2026-04-17T21:38:48.000Z,,429.99,0,2026-04-20 13:31:22
227305548185,m66773887861,Louis Vuitton Damier Fragment Case New Unused Accessory Pouch,2026-04-17T21:39:32.000Z,,789.99,0,2026-04-20 13:31:22
227305549212,m76375742599,Louis Vuitton × Takashi Murakami Cherry Blossom Bandana Scarf,2026-04-17T21:40:42.000Z,,599.99,0,2026-04-20 13:31:22
227305549298,m79866770312,Louis Vuitton coin card holder,2026-04-17T21:40:56.000Z,,529.99,0,2026-04-20 13:31:22
227305550289,m93764655885,Louis Vuitton Rosalie Mini Wallet Misty Lilac Leather New Box Included,2026-04-17T21:42:01.000Z,,889.99,0,2026-04-20 13:31:22
227305551115,2JNaa2DWG9fWJkzyMV8GXS,Louis Vuitton Card Case Organizer de Poche M60642,2026-04-17T21:42:39.000Z,,529.99,0,2026-04-20 13:31:22
227305551409,2JPuJ5ZuEtXFcwgrCdQ6NP,LOUIS VUITTON Key Holder Porte Cles LV Treasured M01207 Monogram Box Bag,2026-04-17T21:43:18.000Z,,479.99,0,2026-04-20 13:31:22
227305553245,m29182694276,Louis Vuitton Wallet Claire Monogram Empreinte M81139,2026-04-17T21:46:26.000Z,,859.99,0,2026-04-20 13:31:22
227305554092,m33871470661,LOUIS VUITTON Mini Pouch,2026-04-17T21:47:32.000Z,,529.99,0,2026-04-20 13:31:22
227305554237,m37037967826,Louis Vuitton Monogram Empreinte Portefeuille Victoriine,2026-04-17T21:48:05.000Z,,429.99,0,2026-04-20 13:31:22
227305554698,m39055617091,New Louis Vuitton Monogram Vienne Wallet Coin Purse Popular Item,2026-04-17T21:48:51.000Z,,419.99,0,2026-04-20 13:31:22
227305556738,m65109462931,Louis Vuitton Dauphine Compact Monogram Reverse Wallet M68725,2026-04-17T21:53:00.000Z,,529.99,0,2026-04-20 13:31:22
227305557245,m69351656949,New Unused Louis Vuitton Wallet Viennois Coin Purse Authentic Guarantee 3003,2026-04-17T21:54:06.000Z,,659.99,0,2026-04-20 13:31:22
227305557342,m70006811710,Louis Vuitton Monogram Bellboy Coin Case Small Brown Excellent Box,2026-04-17T21:54:22.000Z,,529.99,0,2026-04-20 13:31:22
227305557687,m75797562726,Louis Vuitton Mahina Portefeuille Iris Compact Wallet,2026-04-17T21:55:20.000Z,,539.99,0,2026-04-20 13:31:22
227305558894,m83992126340,Louis Vuitton Fold Wallet Monogram Embossed Portefeuille Rue 1957,2026-04-17T21:56:15.000Z,,719.99,0,2026-04-20 13:31:22
227305560633,m88843050661,Louis Vuitton Monogram Empreinte Zoe Tri-fold Wallet Light Use,2026-04-17T21:56:31.000Z,,399.99,0,2026-04-20 13:31:22
227305561256,m90977420615,Louis Vuitton Monogram Empreinte Portefeuille Sara,2026-04-17T21:57:01.000Z,,429.99,0,2026-04-20 13:31:22
227305561640,m91373225506,Louis Vuitton Coin Case Monogram Eclipse Pouch M80905,2026-04-17T21:57:20.000Z,,529.99,0,2026-04-20 13:31:22
227305561983,m94216615299,Louis Vuitton Monogram Empreinte Portefeuille Cléa Folding Wallet Black,2026-04-17T21:57:41.000Z,,759.99,0,2026-04-20 13:31:22
227305563254,m99461128647,Louis Vuitton Mahina Portefeuille Claire Folding Wallet RFID Excellent Condition,2026-04-17T21:58:46.000Z,,529.99,0,2026-04-20 13:31:22
227305568776,2JLwSp2e7XmM87pEvsE6Lh,Louis Vuitton Taiga Rama Coin Card Holder Cobalt M30270 Coin Case Leather,2026-04-17T22:04:53.000Z,,529.99,0,2026-04-20 13:31:22
227305569134,2JNacP4bpo3p9ZAGnSJbKQ,LOUIS VUITTON Monogram Eclipse Card Key Case Coin Case Black Gray,2026-04-17T22:05:21.000Z,,529.99,0,2026-04-20 13:31:22
227305569550,2JNauxPG5jVqwNJn9Pke2i,Rare LOUIS VUITTON Epi Blooming Corner Coin Purse Wallet,2026-04-17T22:05:53.000Z,,529.99,0,2026-04-20 13:31:22
227305570293,2JNYcM8XecYZjgEgEGgF69,Louis Vuitton Monogram Eclipse Coin Card Holder M30271 Coin Case Black Gray,2026-04-17T22:07:20.000Z,,529.99,0,2026-04-20 13:31:22
227305574228,EvDYZCUC6g6euCPCBBxSTU,Louis Vuitton Coin Case Monogram Empreinte Zippy Coin Purse M60574 New,2026-04-17T22:12:56.000Z,,809.99,0,2026-04-20 13:31:22
227305575518,m35987449933,Louis Vuitton Long Wallet Beige,2026-04-17T22:15:06.000Z,,639.99,0,2026-04-20 13:31:22
227305576843,m37270172823,Louis Vuitton Long Wallet Black,2026-04-17T22:16:09.000Z,,529.99,0,2026-04-20 13:31:22
227305577764,m38191208981,Louis Vuitton M30531 Taiga Portefeuille Multiple Folding Wallet,2026-04-17T22:16:52.000Z,,529.99,0,2026-04-20 13:31:22
227305578145,m39419213582,Louis Vuitton Porte-Documents Clemence Monogram Fuchsia Long Wallet A101,2026-04-17T22:17:37.000Z,,439.99,0,2026-04-20 13:31:22
227305578434,m40248728687,LV Black Leather Long Wallet with Logo,2026-04-17T22:18:22.000Z,,879.99,0,2026-04-20 13:31:22
227305578779,m42720685584,Louis Vuitton Compact Wallet Portefeuille Marco NM Épi,2026-04-17T22:19:19.000Z,,529.99,0,2026-04-20 13:31:22
227305578986,m42894397438,Louis Vuitton Wallet Money Holder,2026-04-17T22:19:38.000Z,,629.99,0,2026-04-20 13:31:22
227305580185,m46339167073,Rare Excellent Condition Louis Vuitton New Wave Long Wallet Black Logo,2026-04-17T22:21:11.000Z,,579.99,0,2026-04-20 13:31:22
227305583759,m49046409068,Louis Vuitton Portefeuille Emily Long Wallet Monogram Empreinte,2026-04-17T22:23:32.000Z,,529.99,0,2026-04-20 13:31:22
227305584831,m49002139342,Louis Vuitton Long Wallet Monogram Empreinte Porte-Feuille Sarah 1812,2026-04-17T22:23:51.000Z,,529.99,0,2026-04-20 13:31:22
227305585719,m49008779832,LOUIS VUITTON Porte-Feuille Multiple Wallet,2026-04-17T22:24:06.000Z,,529.99,0,2026-04-20 13:31:22
227305586615,m50148224963,Louis Vuitton Navy Long Wallet Empreinte,2026-04-17T22:24:35.000Z,,429.99,0,2026-04-20 13:31:22
227305587094,m51928387728,Sale Louis Vuitton Multi Long Wallet,2026-04-17T22:25:44.000Z,,669.99,0,2026-04-20 13:31:22
227305590126,m54197973768,Louis Vuitton Porte-Feuille Metis Monogram Empreinte Long Wallet,2026-04-17T22:27:42.000Z,,879.99,0,2026-04-20 13:31:22
227305590274,m54275657675,Rare Louis Vuitton Monogram Portefeuille Sarah Long Wallet M60034,2026-04-17T22:28:03.000Z,,529.99,0,2026-04-20 13:31:22
227305591188,m55838401874,Louis Vuitton Damier Long Wallet,2026-04-17T22:28:58.000Z,,529.99,0,2026-04-20 13:31:22
227305592244,m57960913157,Louis Vuitton Monogram Portefeuille Clemence Long Wallet Brown,2026-04-17T22:30:33.000Z,,689.99,0,2026-04-20 13:31:22
227305592767,m57968302341,Louis Vuitton Trianon Portefeuille Comet Long Wallet M63102,2026-04-17T22:31:01.000Z,,419.99,0,2026-04-20 13:31:22
227305594078,m60204740477,Louis Vuitton Long Wallet Zippy Wallet Epi Beige LV Logo Unisex,2026-04-17T22:32:59.000Z,,529.99,0,2026-04-20 13:31:22
227305594200,m60439364328,LOUIS VUITTON Portefer Iris Mahina Long Wallet,2026-04-17T22:33:15.000Z,,429.99,0,2026-04-20 13:31:22
227305595229,m60450332939,Louis Vuitton Monogram Empreinte Zippy Wallet M62121,2026-04-17T22:33:40.000Z,,529.99,0,2026-04-20 13:31:22
227305595836,m61161300276,LOUIS VUITTON Zippy Wallet Empreinte,2026-04-17T22:34:06.000Z,,529.99,0,2026-04-20 13:31:22
227305597882,m62954052620,Louis Vuitton Long Wallet Monogram Empreinte Rose Long Wallet Round Zip,2026-04-17T22:35:35.000Z,,529.99,0,2026-04-20 13:31:22
227305599653,m69309931714,New LOUIS VUITTON Diary Cover,2026-04-17T22:39:13.000Z,,529.99,0,2026-04-20 13:31:22
227305600338,m70993592179,LOUIS VUITTON Black Leather Long Wallet,2026-04-17T22:40:11.000Z,,879.99,0,2026-04-20 13:31:22
227305601794,m73752737882,Louis Vuitton Monogram Multicolor Zippy Wallet,2026-04-17T22:41:24.000Z,,439.99,0,2026-04-20 13:31:22
227305602128,m73779510177,Louis Vuitton Portefeuille Clemence Monogram Empreinte Noir,2026-04-17T22:41:41.000Z,,369.99,0,2026-04-20 13:31:22
227305602726,m76608548899,Louis Vuitton Monogram Long Wallet Black,2026-04-17T22:42:44.000Z,,779.99,0,2026-04-20 13:31:22
227305603008,m78492995426,Louis Vuitton Tuileries Portefeuille Capucines Black Ladies,2026-04-17T22:43:25.000Z,,569.99,0,2026-04-20 13:31:22
227305604005,m79442848401,Louis Vuitton Monogram Wallet M69432 Leather Brown Box Included,2026-04-17T22:43:56.000Z,,659.99,0,2026-04-20 13:31:22
227305605751,m81716118330,GUCCI Long Wallet Guccissima GG Pattern Ribbon Motif Black 2696,2026-04-17T22:46:07.000Z,,529.99,0,2026-04-20 13:31:22
227305606202,m83449258854,"Unused, Beautiful, Folding Wallet",2026-04-17T22:46:48.000Z,,679.99,0,2026-04-20 13:31:22
227305606834,m84492492287,Louis Vuitton Long Wallet Brown,2026-04-17T22:47:51.000Z,,579.99,0,2026-04-20 13:31:22
227305609431,m92422748019,Discontinued LOUIS VUITTON Monogram Two-Fold Wallet with Box,2026-04-17T22:52:12.000Z,,529.99,0,2026-04-20 13:31:22
227305609817,m94447047867,Louis Vuitton Tuileries Portefeuille Capucine Long Wallet Black,2026-04-17T22:53:11.000Z,,529.99,0,2026-04-20 13:31:22
227305610039,m94906956130,Louis Vuitton Clemence Damier Round Zipper Long Wallet Sirius Red,2026-04-17T22:53:47.000Z,,529.99,0,2026-04-20 13:31:22
227305610296,m95801399897,LOUIS VUITTONアンプラント長財布,2026-04-17T22:54:31.000Z,,449.99,0,2026-04-20 13:31:22
227305610443,m96116102101,Louis Vuitton Mahina Zippy Wallet Long Wallet Ladies Excellent Condition,2026-04-17T22:54:52.000Z,,529.99,0,2026-04-20 13:31:22
227305610573,m96394651136,Louis Vuitton Tri-fold Wallet Portefeuille Pilot Aerogram,2026-04-17T22:55:14.000Z,,799.99,0,2026-04-20 13:31:22
227305610791,m97002506934,Louis Vuitton Monogram Zippy Wallet Limited Color Blue Metallic,2026-04-17T22:55:53.000Z,,679.99,0,2026-04-20 13:31:22
227305610898,m97061098163,Louis Vuitton LV Portefeuille Verie Noir,2026-04-17T22:56:15.000Z,,529.99,1,2026-04-20 13:31:22
227305611061,m97180700737,Louis Vuitton Zippy Wallet M42616 10.5x19.5cm Monogram Canvas Brown AB Condition,2026-04-17T22:56:38.000Z,,529.99,0,2026-04-20 13:31:22
227305612270,m98094981085,Louis Vuitton M30298 Taiga Ram Portefeuille Brazor Long Wallet White,2026-04-17T22:58:15.000Z,,599.99,0,2026-04-20 13:31:22
227305612934,m98507256090,Louis Vuitton Portefeuille Sarah Empreinte Long Wallet IC M61182,2026-04-17T22:59:04.000Z,,559.99,0,2026-04-20 13:31:22
227305613433,2JLdKMSRUcPNcSZtEYaoi4,Louis Vuitton Lock Mini Portefeuille Hot Pink M80087 Tri-fold Wallet,2026-04-17T23:00:25.000Z,,529.99,0,2026-04-20 13:31:22
227305614176,2JNbJHeta5TCNWtw4KKnkh,Louis Vuitton Two-Fold Wallet Portefeuille Marco NM Epi Noir,2026-04-17T23:01:38.000Z,,529.99,0,2026-04-20 13:31:22
227305615812,2JPtyPB7KtFVyaUWTn5BQN,Beautiful LOUIS VUITTON Monogram Portefeuille Zoe Pink Brown Beige Wallet,2026-04-17T23:04:10.000Z,,529.99,0,2026-04-20 13:31:22
227305621623,m98130890887,Louis Vuitton Zippy Wallet 20.5cm Monogram Brown Multi w/ Case - Used,2026-04-17T23:14:12.000Z,,649.99,0,2026-04-20 13:31:22
227305630308,m59921561424,HERMES Queen of Hearts Carré 70 Silk Scarf Rare 2022 Box Japan Tag,2026-04-17T23:29:43.000Z,,699.99,0,2026-04-20 13:31:22
227305630410,m59819731949,Hermès Carré 90 Scarf Silk,2026-04-17T23:30:01.000Z,,689.99,0,2026-04-20 13:31:22
227305630803,m60358032719,Hermès Large Stole,2026-04-17T23:30:43.000Z,,429.99,0,2026-04-20 13:31:22
227305631542,m61687324954,Louis Vuitton Taigarama Cobalt Zippy Wallet Vertical 2175,2026-04-17T23:31:42.000Z,,629.99,0,2026-04-20 13:31:22
227305631721,m61909172095,New Model Louis Vuitton Damier Graphite Zippy Vertical Long Wallet Authentic,2026-04-17T23:32:06.000Z,,529.99,0,2026-04-20 13:31:22
227305633061,m66239811303,GUCCI GG Detail Long Card Case,2026-04-17T23:33:30.000Z,,529.99,0,2026-04-20 13:31:22
227305633162,m66637844557,HERMES ❤︎ Rare Black Post-it Case ❤︎ Hermes Silver ❤︎,2026-04-17T23:33:46.000Z,,529.99,0,2026-04-20 13:31:22
227305634657,m67702917934,Hermès Carré 90 Brid de Gala,2026-04-17T23:35:50.000Z,,489.99,0,2026-04-20 13:31:22
227305635117,m68233940687,Hermès Dogon GM Long Wallet Two-Fold Wallet Gold Hardware Black,2026-04-17T23:36:19.000Z,,559.99,0,2026-04-20 13:31:22
227305635250,m69667888654,"Hermès Carré 90 ""Faites vos jeux"" Scarf",2026-04-17T23:36:41.000Z,,699.99,0,2026-04-20 13:31:22
227305636118,m73876253547,Hermès Scarf 70,2026-04-17T23:38:04.000Z,,599.99,0,2026-04-20 13:31:22
227305636507,m74568171613,HERMÈS Carré 90 Academia Epica 88.5cm Silk White/Rose/Beige New w/Box,2026-04-17T23:38:28.000Z,,819.99,0,2026-04-20 13:31:22
227305636854,m76001802166,Louis Vuitton Zippy Wallet Epi Denim Ankle Round,2026-04-17T23:39:22.000Z,,559.99,0,2026-04-20 13:31:22
227305637206,m79250028196,Louis Vuitton Long Wallet Zippy Wallet Bicolor A73,2026-04-17T23:40:18.000Z,,829.99,0,2026-04-20 13:31:22
227305637392,m79865578194,HERMÈS Paradise Scarf Carré 90 Silk Beige Light Blue Botanical Excellent,2026-04-17T23:40:43.000Z,,519.99,0,2026-04-20 13:31:22
227305638210,m85973968786,Louis Vuitton Epi Zippy Wallet Long Wallet Round Zipper New Model,2026-04-17T23:42:18.000Z,,529.99,0,2026-04-20 13:31:22
227305638412,m86248341469,Louis Vuitton Monogram Empreinte Long Wallet Zippy Wallet Noir Black,2026-04-17T23:42:46.000Z,,529.99,0,2026-04-20 13:31:22
227305640662,m89042309173,HERMES Azap Long Wallet All Leather Purple Excellent Condition,2026-04-17T23:45:40.000Z,,529.99,0,2026-04-20 13:31:22
227305640851,m89698521264,Unused HERMES Scarf 90 cm Cliquetis,2026-04-17T23:46:12.000Z,,819.99,0,2026-04-20 13:31:22
227305641103,m95036920374,HERMES Bastia,2026-04-17T23:46:59.000Z,,529.99,0,2026-04-20 13:31:22
227305641293,m95710253984,Louis Vuitton Zippy Wallet Noir,2026-04-17T23:47:32.000Z,,529.99,0,2026-04-20 13:31:22
227305641563,2JGLgA4a2q83y99GNj47dB,Hermès Calvi Duo 083035CK Coin Case Unused,2026-04-17T23:48:22.000Z,,869.99,0,2026-04-20 13:31:22
227305644411,m79523209044,Bottega Veneta Long Wallet Dark Gray,2026-04-17T23:53:51.000Z,,419.99,0,2026-04-20 13:31:22
227305645306,m79670353648,Brand New Celine Small Triomphe Wallet Gold Hardware,2026-04-17T23:55:23.000Z,,599.99,0,2026-04-20 13:31:22
227305645398,m79776881866,Rare Miu Miu Braided Round Zipper Long Wallet Pink,2026-04-17T23:55:44.000Z,,529.99,0,2026-04-20 13:31:22
227305645462,m80012805636,PRADA 2PG002 Key Case,2026-04-17T23:56:04.000Z,,529.99,0,2026-04-20 13:31:22
227305645723,m80100145310,"Prada Saffiano Card Case Yellow, used once",2026-04-17T23:56:29.000Z,,529.99,0,2026-04-20 13:31:22
227305646661,m80260721273,"PRADA Long Wallet Saffiano Leather Round Zipper, Nearly Unused",2026-04-17T23:56:53.000Z,,529.99,0,2026-04-20 13:31:22
227305647243,m80533866472,MIU MIU Leather Bi-Fold Long Wallet Beige 5MV027,2026-04-17T23:57:15.000Z,,529.99,0,2026-04-20 13:31:22
227305647605,m80819337102,PRADA Woven Design Wallet,2026-04-17T23:57:29.000Z,,529.99,0,2026-04-20 13:31:22
227305647853,m82187058744,SAINT LAURENT PARIS Origami Tiny Wallet Tri-Fold Wallet 459880,2026-04-17T23:58:15.000Z,,439.99,0,2026-04-20 13:31:22
227305648262,2JLzX5dCCyTAQPfp4CiN5d,Louis Vuitton Monogram Giant Zippy Wallet 19.5cm Leather Brown Used Box,2026-04-17T23:59:22.000Z,,689.99,0,2026-04-20 13:31:22
227305651087,m82434250990,1998FW MIUMIU unborn leather wallet,2026-04-18T00:00:49.000Z,,449.99,1,2026-04-20 13:31:22
227305651834,m82508540170,PRADA Mini Wallet Vitello Move Icon S Rank with Box and Warranty,2026-04-18T00:01:13.000Z,,529.99,0,2026-04-20 13:31:22
227305656154,m82850683526,BOTTEGA VENETA Key Ring Red,2026-04-18T00:03:35.000Z,,519.99,0,2026-04-20 13:31:22
227305656791,m82896175181,Celine Small Flap Wallet Triomphe Authentic Item,2026-04-18T00:03:55.000Z,,639.99,0,2026-04-20 13:31:22
227305657389,m83204463265,CELINE Vintage Two-Fold Wallet Carriage Hardware Frame Leather,2026-04-18T00:04:13.000Z,,449.99,0,2026-04-20 13:31:22
227305657974,m83394048428,Dior Wallet Card Case Galaxy,2026-04-18T00:04:26.000Z,,529.99,0,2026-04-20 13:31:22
227305659203,m83785180791,PRADA Leopard Print Tri-Fold Wallet,2026-04-18T00:05:17.000Z,,669.99,1,2026-04-20 13:31:22
227305660507,m84245684026,Bottega Veneta Leather Coin Case Mini Wallet Maxi Black,2026-04-18T00:06:09.000Z,,529.99,0,2026-04-20 13:31:22
227305661269,m84532200437,Discounted MIUMIU Crystal Key Holder Keyring,2026-04-18T00:06:38.000Z,,549.99,0,2026-04-20 13:31:22
227305661615,m84802759687,Bottega Veneta Green Three-Fold Wallet in Excellent Condition,2026-04-18T00:06:55.000Z,,529.99,0,2026-04-20 13:31:22
227305662558,m85121402303,PRADA Stole Knee Blanket / Beige & Gray,2026-04-18T00:07:30.000Z,,479.99,1,2026-04-20 13:31:22
227305662944,m85195558136,PRADA Long Wallet,2026-04-18T00:07:46.000Z,,529.99,0,2026-04-20 13:31:22
227305663756,m85383230778,FENDI PEEKABOO Wallet Dark Blue (Peekaboo Selleria),2026-04-18T00:08:06.000Z,,759.99,0,2026-04-20 13:31:22
227305667856,m86427676849,Dior Lady Dior Cannage Lotus Tri-fold Wallet,2026-04-18T00:10:58.000Z,,429.99,0,2026-04-20 13:31:22
227305670299,m87009798607,CELINE Small Trifold Wallet,2026-04-18T00:12:53.000Z,,539.99,0,2026-04-20 13:31:22
227305670869,m87331059086,Bottega Veneta Intrecciato Long Wallet Black,2026-04-18T00:13:24.000Z,,419.99,0,2026-04-20 13:31:22
227305670874,m87281555954,PRADA Saffiano Leather Compact Wallet Triangle,2026-04-18T00:13:24.000Z,,449.99,0,2026-04-20 13:31:22
227305671366,m87359777903,Dior Chain Wallet ☆ Enamel Navy,2026-04-18T00:13:45.000Z,,529.99,0,2026-04-20 13:31:22
227305679472,2JPEPm6zTWMqXMKuf379Xw,Louis Vuitton Long Wallet Zippy Wallet Vertical Taiga Rama Silver,2026-04-18T00:17:22.000Z,,579.99,0,2026-04-20 13:31:22
227305681777,2JPVGbb2GXUESgGDUXe4hX,LOUIS VUITTON Portefeuille Sarah Retiro Monogram Red Long Wallet,2026-04-18T00:19:54.000Z,,449.99,0,2026-04-20 13:31:22
227305684423,2JNa7jKoTx6yRDHqLJhgR3,GUCCI Dog Shape Bag Charm 821812 GG Supreme Canvas Light Green,2026-04-18T00:24:44.000Z,,449.99,0,2026-04-20 13:31:22
227305687769,2SGbe6obeUnEdJkpJMWd4Q,Louis Vuitton Monogram Multicolore Portefeuille Insolite Long Wallet M93749,2026-04-18T00:28:40.000Z,,529.99,0,2026-04-20 13:31:22
227305693819,jrEVxfCgxYk9vJc3BGf624,HERMES Scarf Carre 90 La Musique des Spheres Yellow Silk 100%,2026-04-18T00:36:18.000Z,,819.99,0,2026-04-20 13:31:22
227305694844,m87423487684,PRADA M523 Two-Fold Wallet Nylon Black,2026-04-18T00:36:52.000Z,,529.99,0,2026-04-20 13:31:22
227305694949,KqEvSSuWYsQ7VmXmBXtnuh,Rare HERMES Scarf Carre 90 FLEURS et CARLINES II Sunflower Bouquet Pink,2026-04-18T00:37:01.000Z,,429.99,0,2026-04-20 13:31:22
227305698523,TJB8xHNRS4GTVmaJkk7aof,HERMES Scarf Carré 90 24 FAUBOURG SECONDE GINZA 2011 Silk White Yellow,2026-04-18T00:39:29.000Z,,819.99,0,2026-04-20 13:31:22
227305698687,TgnuSWEMQjLvyryyuHUhTG,HERMES Maxi Twilly Cut Bouclerie Moderne Vichy Long Scarf aq8489,2026-04-18T00:39:37.000Z,,539.99,0,2026-04-20 13:31:22
227305698862,Txcb8PxBPMHryDFHXE77cf,HERMES Carre 90 VUE DU CARROSSE DE LA GALERE LA REALE Queen's Coronation White,2026-04-18T00:40:04.000Z,,489.99,0,2026-04-20 13:31:22
227305698955,UL6xkYA6YpTYMs8Pk8NcMi,Unused HERMES Scarf CARRÉ 90 MARINE ET CAVALERIE Sea and Cavalry Blue,2026-04-18T00:40:14.000Z,,599.99,0,2026-04-20 13:31:22
227305699121,UVgQh6FE7eFMTZdDFb8jKM,HERMES Scarf Carré 90 Silk Jeu de Cartes Playing Cards Multi-Color Purple,2026-04-18T00:40:31.000Z,,709.99,2,2026-04-20 13:31:22
227305700533,YHuymrfrtYUnU25LM7pobX,HERMÈS Scarf 90cm PASSIFLORES Passion Flower Black Silk 100%,2026-04-18T00:42:13.000Z,,489.99,0,2026-04-20 13:31:22
227305700878,Yr8h5CSKEBHbSitmx8mMWd,HERMES Scarf Carré 90 AU COEUR DES BOIS Silk 100% Pink,2026-04-18T00:42:39.000Z,,709.99,0,2026-04-20 13:31:22
227305701015,yRe8G7JVkvfMEZv4VyuutK,HERMES Scarf 90x90 IN SALZBURG Silk Green Excellent Condition,2026-04-18T00:42:51.000Z,,599.99,0,2026-04-20 13:31:22
227305701045,ytVWVdTRsXG8cnTnt92ed3,HERMES Twilly Scarf Entre ciel et mer aq11053,2026-04-18T00:42:54.000Z,,469.99,0,2026-04-20 13:31:22
227305701265,Z2NH66hER8muD7DEMdbikf,Gucci 817305 JAAH3 Keyring New,2026-04-18T00:43:05.000Z,,619.99,0,2026-04-20 13:31:22
227305701373,z5GBTarF2isFdowZyrewuZ,HERMES Scarf Carré 90 CHAPEAU! Excellent Condition,2026-04-18T00:43:18.000Z,,429.99,0,2026-04-20 13:31:22
227305701410,z8SeTBYdxQggztMNUX5BRb,HERMES Scarf LUNA PARK Amusement Park Silk Yellow,2026-04-18T00:43:19.000Z,,489.99,0,2026-04-20 13:31:22
227305701496,zJFto7TNYr29WjsEtmZWVY,HERMES Scarf Carré 90 Plumes et Grelots Feather and Bell Yellow x Green,2026-04-18T00:43:32.000Z,,489.99,0,2026-04-20 13:31:22
227305701533,zTZq2rKqP5d4fJCKuftFY4,Rare HERMES Scarf NAPOLEON Embroidery Bee aq11517,2026-04-18T00:43:44.000Z,,469.99,0,2026-04-20 13:31:22
227305701615,ZjXxsuFxovvdybg8kT9ua8,HERMES Carre 90 Le jeu des petits bonheurs Scarf Silk Green,2026-04-18T00:43:46.000Z,,709.99,0,2026-04-20 13:31:22
227305701733,ZTuXnhjnd6oJRg5CULgEQD,HERMES Carré 90 MOUCHOIR IMPRIME H AU GALOP Horse Pattern Red,2026-04-18T00:43:59.000Z,,599.99,0,2026-04-20 13:31:22
227305701791,zysJUbAZgCn8ZEtKMYZJK6,Hermes HERMES Carre 90 Scarf AU FIL DU CARRE 100% Silk Excellent Condition,2026-04-18T00:44:12.000Z,,599.99,0,2026-04-20 13:31:22
227305701908,m87663009890,Bottega Veneta Maxi Intrecciato Cassette Long Wallet Flap Green,2026-04-18T00:44:29.000Z,,529.99,0,2026-04-20 13:31:22
227305701909,m87745854603,PRADA Wallet Folding Wallet Bifold Wallet,2026-04-18T00:44:30.000Z,,529.99,0,2026-04-20 13:31:22
227305701979,m87849498336,PRADA Long Wallet Saffiano,2026-04-18T00:44:45.000Z,,799.99,0,2026-04-20 13:31:22
227305702021,m87853394279,Rare PRADA Embroidered Logo Purple Bi-Fold Long Wallet,2026-04-18T00:44:52.000Z,,529.99,0,2026-04-20 13:31:22
227305702026,m87970309389,CHANEL Scarf Bandana,2026-04-18T00:44:54.000Z,,699.99,0,2026-04-20 13:31:22
227305702162,m88280857386,Dior Bifold Wallet Black,2026-04-18T00:45:06.000Z,,529.99,0,2026-04-20 13:31:22
227305702277,m88474290273,Brand New Saint Laurent Card Case Fragment Case Black 01,2026-04-18T00:45:21.000Z,,529.99,0,2026-04-20 13:31:22
227305702305,m88518714510,PRADA Saffiano Leather Coin Case 1MM268 with Warranty Card,2026-04-18T00:45:25.000Z,,759.99,0,2026-04-20 13:31:22
227305702377,m88768897494,BOTTEGA VENETA Small Cassette Wallet Gray Excellent Condition,2026-04-18T00:45:34.000Z,,549.99,0,2026-04-20 13:31:22
227305702411,m88838816947,【Mint Condition】CHANEL Coco Mark Coin Case Beige Coin Purse,2026-04-18T00:45:38.000Z,,419.99,0,2026-04-20 13:31:22
227305702475,m88897377302,CELINE Pom Pom Charm,2026-04-18T00:45:49.000Z,,729.99,0,2026-04-20 13:31:22
227305702599,m89181547274,Unused PRADA Leather Wallet,2026-04-18T00:46:05.000Z,,529.99,0,2026-04-20 13:31:22
227305703077,m89369011799,FENDI FF Diamond Wallet purchased at DAIMARU Shinsaibashi Store,2026-04-18T00:46:21.000Z,,529.99,0,2026-04-20 13:31:22
227305703094,m89472068827,"PRADA Long Wallet Triangle Plate Nylon Tessuto Round, New and Unused",2026-04-18T00:46:23.000Z,,529.99,0,2026-04-20 13:31:22
227305703328,m89876142492,PRADA Saffiano Leather Key Holder Rubino 2PP040,2026-04-18T00:46:46.000Z,,489.99,0,2026-04-20 13:31:22
227305703518,m89940106049,Rare Color Beautiful Condition Bottega Veneta Intrecciato Tri-Fold Wallet,2026-04-18T00:46:54.000Z,,449.99,1,2026-04-20 13:31:22
227305703573,m90042988045,New Dior Wallet with Box,2026-04-18T00:47:00.000Z,,569.99,0,2026-04-20 13:31:22
227305703692,m90026543809,Celine Small Tri-Fold Wallet Leather,2026-04-18T00:47:06.000Z,,529.99,0,2026-04-20 13:31:22
227305703839,m90398858918,Dior Long Wallet Patent Enamel Rare Silver Hardware,2026-04-18T00:47:14.000Z,,529.99,0,2026-04-20 13:31:22
227305704315,m90810891753,PRADA Long Wallet Saffiano Document Icon New Unused,2026-04-18T00:47:48.000Z,,409.99,0,2026-04-20 13:31:22
227305704420,m90773039817,Bottega Veneta New Beige Two-Fold Round Zip Coin Case Cassette Blue,2026-04-18T00:47:53.000Z,,569.99,0,2026-04-20 13:31:22
227305704423,m90818368346,Brand New PRADA Mini Wallet Saffiano L-Zip Pink with Box and Warranty,2026-04-18T00:47:54.000Z,,529.99,0,2026-04-20 13:31:22
227305704925,m90979225678,Prada 1ML018 Folding Wallet - Price Negotiable,2026-04-18T00:48:07.000Z,,539.99,0,2026-04-20 13:31:22
227305705053,m91012664656,Brand New Saint Laurent Long Wallet Sac De Jour 535932,2026-04-18T00:48:15.000Z,,529.99,0,2026-04-20 13:31:22
227305705220,m91152601631,New Unused Dior × Nike Card Case Business Card Holder Pass Case Jordan,2026-04-18T00:48:26.000Z,,529.99,0,2026-04-20 13:31:22
227305705310,m91201532244,FENDI Leather Bear Charm Key Holder,2026-04-18T00:48:32.000Z,,619.99,0,2026-04-20 13:31:22
227305705427,m91181488071,Unused Level✨Celine Grain Calfskin Bifold Wallet Black,2026-04-18T00:48:36.000Z,,529.99,0,2026-04-20 13:31:22
227305705565,m91302422623,Bottega Veneta Leather Bi-Fold Wallet Intrecciato Strap Wallet,2026-04-18T00:48:42.000Z,,529.99,0,2026-04-20 13:31:22
227305705606,m91358597866,COACH Pink Folding Wallet with Gift Box,2026-04-18T00:48:48.000Z,,429.99,0,2026-04-20 13:31:22
227305705680,m91465771842,Dior Caro Lavender Wallet Coin Purse Current Model,2026-04-18T00:48:57.000Z,,529.99,0,2026-04-20 13:31:22
227305705782,m91400894914,CHANEL Camellia Pink Round Zipper Long Wallet Authentic,2026-04-18T00:49:04.000Z,,409.99,0,2026-04-20 13:31:22
227305705856,m91543077153,LOEWE Zip Wallet Beige Anagram,2026-04-18T00:49:11.000Z,,719.99,0,2026-04-20 13:31:22
227305706014,m91626091853,CELINE Medium Strap Wallet,2026-04-18T00:49:25.000Z,,529.99,0,2026-04-20 13:31:22
227305706039,m91693929000,PRADA Robot Keychain,2026-04-18T00:49:28.000Z,,579.99,0,2026-04-20 13:31:22
227305706230,m91851919392,Celine Triomphe Small Trifold Wallet Leather Gray,2026-04-18T00:49:45.000Z,,529.99,0,2026-04-20 13:31:22
227305706293,m91856177560,Christian Dior Caro Cannage Stitch Wallet,2026-04-18T00:49:52.000Z,,759.99,0,2026-04-20 13:31:22
227305706747,m92099812255,Loewe Knot Compact Wallet Zip Wallet,2026-04-18T00:50:12.000Z,,529.99,0,2026-04-20 13:31:22
227305706890,m92204449148,New BOTTEGA VENETA Brown Trifold Wallet,2026-04-18T00:50:27.000Z,,539.99,0,2026-04-20 13:31:22
227305707144,m92272899188,PRADA Black Tri-Fold Wallet with Triangle Logo Saffiano Leather,2026-04-18T00:50:37.000Z,,529.99,0,2026-04-20 13:31:22
227305707190,m92299727577,DIOR Bi-Fold Wallet Montaigne Dahlia Jacquard Ladies,2026-04-18T00:50:42.000Z,,529.99,0,2026-04-20 13:31:22
227305707195,m92311542804,FENDI Tri-Fold Wallet Baguette,2026-04-18T00:50:43.000Z,,669.99,0,2026-04-20 13:31:22
227305707333,m92447677019,New Unused Loewe Keyring,2026-04-18T00:51:03.000Z,,449.99,0,2026-04-20 13:31:22
227305707347,m92399540366,CHANEL Caviar Long Wallet S Black Gold Camellia Box Cards Mint,2026-04-18T00:51:03.000Z,,879.99,0,2026-04-20 13:31:22
227305707379,m92448298707,CHANEL Black Quilted Long Wallet,2026-04-18T00:51:07.000Z,,889.99,0,2026-04-20 13:31:22
227305707494,m92558622121,Bottega Veneta Zipper Card Case,2026-04-18T00:51:21.000Z,,529.99,0,2026-04-20 13:31:22
227305707499,m92663216892,"Bottega Veneta wallet with accessories, immediate purchase OK",2026-04-18T00:51:23.000Z,,529.99,0,2026-04-20 13:31:22
227307058633,m11689158912,Louis Vuitton Portefeuille Claire Empreinte Beige Leather Wallet Box,2026-04-19T01:24:07.000Z,,599.99,0,2026-04-20 13:31:22
227307060308,m13181775350,Louis Vuitton Eclipse Zippy Wallet Vertical #254,2026-04-19T01:25:37.000Z,,529.99,0,2026-04-20 13:31:22
227307060734,m13968783765,Christian Dior Karo Zip Wallet CD Logo Folding Wallet,2026-04-19T01:26:12.000Z,,439.99,0,2026-04-20 13:31:22
227307061341,m33094781259,Louis Vuitton Leopard Scarf 180cm Silk 100% Multi Color U美品 Boxed,2026-04-19T01:27:08.000Z,,409.99,0,2026-04-20 13:31:22
227307061347,m44077516971,Louis Vuitton Echarpe Monogram Leopard 180x20cm Silk Scarf Used with Box,2026-04-19T01:27:09.000Z,,589.99,0,2026-04-20 13:31:22
227307061714,m48952250193,LOUIS VUITTON Excellent Condition Stole,2026-04-19T01:27:43.000Z,,629.99,0,2026-04-20 13:31:22
227307062647,m81600306481,Louis Vuitton Monogram Porte Cartes Recto Verso Coin Case,2026-04-19T01:28:45.000Z,,529.99,0,2026-04-20 13:31:22
227307065598,m30077550245,Louis Vuitton Epi Portefeuille Victorine Three-Fold Wallet Black,2026-04-19T01:32:09.000Z,,529.99,0,2026-04-20 13:31:22
227307067028,m33442311233,Louis Vuitton AeroGram Leather Tri-Fold Wallet Black,2026-04-19T01:33:24.000Z,,729.99,0,2026-04-20 13:31:22
227307068870,m21028756022,LOEWE Anagram Charm Keyholder Classic Calf,2026-04-19T01:34:46.000Z,,459.99,0,2026-04-20 13:31:22
227307069516,m22269467532,Rare LOEWE Tri-Fold Wallet Leather Light Blue Logo,2026-04-19T01:35:18.000Z,,529.99,0,2026-04-20 13:31:22
227307071693,m24309555999,Louis Vuitton Monogram Long Wallet,2026-04-19T01:36:07.000Z,,529.99,0,2026-04-20 13:31:22
227307072008,m24625638956,LOEWE Pebble Vertical Wallet Small Black,2026-04-19T01:36:29.000Z,,649.99,0,2026-04-20 13:31:22
227307074239,m63548220162,LOUIS VUITTON Double Snap M61652,2026-04-19T01:39:17.000Z,,529.99,0,2026-04-20 13:31:22
227307074492,m67021419767,Louis Vuitton Monogram Portefeuille M69433 with IC Chip,2026-04-19T01:39:38.000Z,,529.99,0,2026-04-20 13:31:22
227307074885,m75307134009,Louis Vuitton Trianon Portefeuille Capucines XS Tri-Fold Wallet M81528,2026-04-19T01:40:13.000Z,,589.99,0,2026-04-20 13:31:22
227307076253,m99979487785,Louis Vuitton Juliet Compact Wallet Monogram Giant RFID,2026-04-19T01:41:39.000Z,,539.99,1,2026-04-20 13:31:22
227307077260,m29530235871,HERMÈS Scarf Fairy Finger 90cm Silk Beige Other Excellent Condition,2026-04-19T01:42:48.000Z,,539.99,0,2026-04-20 13:31:22
227307077350,m30218594932,Bottega Veneta Bi-Fold Wallet Round Zip RFID Black,2026-04-19T01:42:55.000Z,,439.99,0,2026-04-20 13:31:22
227307077950,m31758606065,PRADA Long Wallet with Round Zipper Vitello Move Nero,2026-04-19T01:43:48.000Z,,409.99,0,2026-04-20 13:31:22
227307078110,m32325304953,HERMES Scarf Last Year's Snow Gray Other Pattern No Flaws,2026-04-19T01:44:06.000Z,,539.99,0,2026-04-20 13:31:22
227307078454,m32446952868,Bottega Veneta Cassette Bi-Fold Wallet Leather Green Woven,2026-04-19T01:44:27.000Z,,409.99,0,2026-04-20 13:31:22
227307078526,m32550901297,PRADA Folded Wallet,2026-04-19T01:44:43.000Z,,529.99,0,2026-04-20 13:31:22
227307079056,m33899976342,Louis Vuitton Monogram Taurillon Zippy Wallet Vertical 2631,2026-04-19T01:45:51.000Z,,639.99,0,2026-04-20 13:31:22
227307079377,m34659701111,Louis Vuitton Damier Graphite Brother Black Long Wallet Folding Wallet,2026-04-19T01:46:11.000Z,,409.99,0,2026-04-20 13:31:22
227307080109,m36420147008,HERMÈS Bastia Coin Case - New - Bi-Color Rose Azalée & Etoupe - Box & Ribbon,2026-04-19T01:46:47.000Z,,579.99,0,2026-04-20 13:31:22
227307080438,m37535202440,Dior Jolie Freesia Card Holder Blackラムスキン,2026-04-19T01:47:19.000Z,,429.99,0,2026-04-20 13:31:22
227307081162,m45945949042,Louis Vuitton Monogram Zippy Wallet Long Wallet M42616,2026-04-19T01:48:28.000Z,,439.99,0,2026-04-20 13:31:22
227307081199,m46508485204,LOUIS VUITTON Monogram Empreinte Zippy Wallet Black,2026-04-19T01:48:32.000Z,,529.99,0,2026-04-20 13:31:22
227307081728,m40392017507,Hermès Scarf 90 Ex Libris in Camouflage with Tag,2026-04-19T01:49:18.000Z,,419.99,0,2026-04-20 13:31:22
227307082169,m41174971255,Christian Dior Nike Air Dior Card Holder Pass Case,2026-04-19T01:49:34.000Z,,529.99,0,2026-04-20 13:31:22
227307082233,m41304221103,HERMES Scarf with Box,2026-04-19T01:49:41.000Z,,449.99,0,2026-04-20 13:31:22
227307082735,m43652141748,CELINE Brown Fragment Case Supple Grained Calfskin,2026-04-19T01:50:36.000Z,,529.99,0,2026-04-20 13:31:22
227307082893,m44810464392,miumiu MATERASSE Leather Wallet,2026-04-19T01:50:55.000Z,,699.99,0,2026-04-20 13:31:22
227307083119,m45490752004,Authentic Chanel Long Wallet Unisex 2009 Limited Unlimited Black,2026-04-19T01:51:16.000Z,,429.99,0,2026-04-20 13:31:22
227307083940,m48582031116,Celine Triomphe Green Leather Folded Wallet Gold Logo,2026-04-19T01:52:18.000Z,,529.99,0,2026-04-20 13:31:22
227307084748,m50758020023,Dior Caro Dahlia Wallet,2026-04-19T01:53:01.000Z,,559.99,0,2026-04-20 13:31:22
227307086294,m60917289907,Louis Vuitton Portefeuille Sarahh Nautical N40482 Wallet 19x10cm Damier Azure,2026-04-19T01:55:44.000Z,,629.99,0,2026-04-20 13:31:22
227307086730,m71403590541,Louis Vuitton Zippy Wallet Monogram Empreinte,2026-04-19T01:56:04.000Z,,529.99,0,2026-04-20 13:31:22
227307087253,m54837687839,New Unused GUCCI Folding Wallet Mini Wallet GG Supreme × Black,2026-04-19T01:56:30.000Z,,529.99,0,2026-04-20 13:31:22
227307087294,m55299633516,Louis Vuitton Card Case Business Card Holder Damier N62666 Navy,2026-04-19T01:56:36.000Z,,529.99,0,2026-04-20 13:31:22
227307087350,m55914347525,Authentic Chanel Coco Mark Black Leather Card Case Pass Case,2026-04-19T01:56:47.000Z,,429.99,0,2026-04-20 13:31:22
227307088701,m72477335789,Louis Vuitton Monogram Empreinte Studs Zippy Wallet Long Wallet M82649,2026-04-19T01:58:42.000Z,,789.99,0,2026-04-20 13:31:22
227307089396,m60429960919,Hermès Carré 90 Scarf Silk Bateau Fleuri,2026-04-19T02:00:12.000Z,,489.99,0,2026-04-20 13:31:22
227307091197,m85808640740,Louis Vuitton Empreinte Zippy Wallet Marine Rouge,2026-04-19T02:01:57.000Z,,529.99,0,2026-04-20 13:31:22
227307091205,m86959002596,LOUIS VUITTON Black Tri-Fold Wallet,2026-04-19T02:01:58.000Z,,419.99,0,2026-04-20 13:31:22
227307091456,m66627584406,Louis Vuitton Long Wallet Damier Porte-Feuille Brother N41677,2026-04-19T02:02:21.000Z,,529.99,1,2026-04-20 13:31:22
227307092461,m93252995692,"Louis Vuitton Damier Zippy Wallet 10.5x20cm Brown Leather Good Box, Dust Bag",2026-04-19T02:03:06.000Z,,799.99,0,2026-04-20 13:31:22
227307095095,m63933172936,New HERMES Bastia Coin Case 2024 Gold with Box,2026-04-19T02:05:29.000Z,,529.99,0,2026-04-20 13:31:22
227307095281,m64185199275,LOEWE Anagram Compact Flap Wallet Mint Green,2026-04-19T02:05:46.000Z,,539.99,0,2026-04-20 13:31:22
227307095752,m64726066282,Brand New Hermès Coin Purse Bastia Color: Crêpe,2026-04-19T02:06:09.000Z,,529.99,0,2026-04-20 13:31:22
227307096246,m65433305161,HERMES Béarn Duppli Long Wallet Blue Silver Hardware,2026-04-19T02:06:43.000Z,,529.99,1,2026-04-20 13:31:22
227307096903,m67296619567,"Brand New HERMES Carre 90 ""Grand Gallop"" New Release 26 Spring/Summer",2026-04-19T02:07:47.000Z,,789.99,0,2026-04-20 13:31:22
227307097222,m67565467704,Petit CD Mini Stud Earrings,2026-04-19T02:08:04.000Z,,529.99,0,2026-04-20 13:31:22
227307097367,m68733550781,Fendi Peekaboo Wallet - New - Reduced Price - Pink,2026-04-19T02:08:30.000Z,,529.99,0,2026-04-20 13:31:22
227307098005,m70511674512,FENDI Gray Leather Folding Wallet,2026-04-19T02:09:31.000Z,,529.99,0,2026-04-20 13:31:22
227307098927,m74707663774,Hermès Béarn Compact Wallet Black,2026-04-19T02:10:49.000Z,,839.99,0,2026-04-20 13:31:22
227307098994,m76272324175,Louis Vuitton Zippy Wallet Long Wallet Unisex Check Pattern,2026-04-19T02:10:59.000Z,,539.99,0,2026-04-20 13:31:22
227307100098,m85369708372,HERMES Scarf Carré Beige Snow Design No Flaws,2026-04-19T02:11:51.000Z,,539.99,0,2026-04-20 13:31:22
227307100179,m86072431388,Hermès Scarf Napoleon Pattern Large 50 Years Old Beautiful Condition,2026-04-19T02:12:00.000Z,,419.99,0,2026-04-20 13:31:22
227307100576,m88562133699,HERMES Scarf Last Year's Snow White No Flaws,2026-04-19T02:12:23.000Z,,599.99,0,2026-04-20 13:31:22
227307100746,m89735903504,New HERMES Calvi Noir Card Case,2026-04-19T02:12:36.000Z,,559.99,0,2026-04-20 13:31:22
227307100993,m92392139394,HERMES Calvi Verso Card Holder Chevre Green Pink Unused with Box,2026-04-19T02:12:54.000Z,,709.99,0,2026-04-20 13:31:22
227307102730,m80628329096,✨S Rank・With Box✨ Bottega Veneta Long Wallet Intrecciato,2026-04-19T02:18:58.000Z,,529.99,0,2026-04-20 13:31:22
227307104406,m83117858262,CHANEL Classic Flap Caviar Skin Card Case Black,2026-04-19T02:20:10.000Z,,879.99,0,2026-04-20 13:31:22
227307105477,m85282237968,Loewe Puzzle Fragment Case 7.5x13cm Brown Leather Rare Excellent Boxed,2026-04-19T02:21:35.000Z,,429.99,0,2026-04-20 13:31:22
227307112411,m91624944953,Excellent Condition Chanel Matelassé Lambskin Bi-Fold Wallet with Double Seals,2026-04-19T02:28:19.000Z,,529.99,0,2026-04-20 13:31:22
227307118487,m95172316025,Bottega Veneta New Bi-Fold Wallet,2026-04-19T02:36:08.000Z,,529.99,0,2026-04-20 13:31:22
227307119047,m95516200608,Bottega Veneta Intrecciato Compact Tri-Fold Wallet,2026-04-19T02:36:41.000Z,,529.99,0,2026-04-20 13:31:22
227307119308,m95633607731,BOTTEGA VENETA Black Coin Case,2026-04-19T02:37:08.000Z,,529.99,0,2026-04-20 13:31:22
227307119592,m95721573898,Bottega Veneta Two-Fold Wallet Limited Edition Color,2026-04-19T02:37:28.000Z,,529.99,0,2026-04-20 13:31:22
227307121500,m96054814773,Fendi Roma Compact Wallet Logo Leather Coin Case Yellow,2026-04-19T02:38:31.000Z,,419.99,0,2026-04-20 13:31:22
227307121777,m96200193888,Christian Dior 三つ折り財布 財布 黒 エンボス ロゴ,2026-04-19T02:38:54.000Z,,529.99,0,2026-04-20 13:31:22
227307121813,m96238602232,Prada Saffiano Document Holder Triangle Nero Rare,2026-04-19T02:38:56.000Z,,529.99,0,2026-04-20 13:31:22
227307123132,m96756696500,CELINE Large Flap Multi-Function Long Wallet Leather,2026-04-19T02:40:37.000Z,,529.99,0,2026-04-20 13:31:22
227307123297,m97176129080,CELINE Triomphe Wallet Deep Ivory in Beautiful Condition,2026-04-19T02:41:04.000Z,,529.99,0,2026-04-20 13:31:22
227307124413,m97413470976,PRADA Saffiano Leather Wallet Blue with Gold Hardware,2026-04-19T02:41:33.000Z,,529.99,0,2026-04-20 13:31:22
227307124885,m97680381520,DIOR × Shawn Stussy Collaboration Compact Wallet,2026-04-19T02:41:47.000Z,,529.99,0,2026-04-20 13:31:22
227307125405,m98125881789,CHANEL Cambon Wallet Medium Pink Leather Excellent 14 Card Slots,2026-04-19T02:42:25.000Z,,889.99,0,2026-04-20 13:31:22
227307125821,m98439179489,FENDI Coin Case with Bag (Includes Guarantee) in Excellent Condition,2026-04-19T02:43:09.000Z,,539.99,0,2026-04-20 13:31:22
227308500533,m10485612151,HERMES Scarf Carré 90 Au Pays de Cocagne,2026-04-20T00:58:22.000Z,,679.99,0,2026-04-20 13:31:22
227308501082,m56700645646,Louis Vuitton Card Case,2026-04-20T00:58:38.000Z,,539.99,0,2026-04-20 13:31:22
227308501597,m25554317896,Louis Vuitton Monogram Card Case Portefeuille Cles Sample,2026-04-20T00:58:54.000Z,,409.99,0,2026-04-20 13:31:22
227308502238,m22940148968,Louis Vuitton Eclipse Organizer de Poche Card Case,2026-04-20T00:59:14.000Z,,529.99,0,2026-04-20 13:31:22
227308502719,m31112194418,Louis Vuitton Card Case,2026-04-20T00:59:30.000Z,,559.99,0,2026-04-20 13:31:22
227308503936,m10918424621,HERMES Twilly with Box,2026-04-20T01:00:00.000Z,,409.99,0,2026-04-20 13:31:22
227308504766,m11080101598,Rare✨PRADA Tri-Fold Wallet Embossed Leather Triangle Black,2026-04-20T01:00:23.000Z,,439.99,0,2026-04-20 13:31:22
227308505280,m51828894029,Rare 【Unused】 Louis Vuitton Port Card Pass Bandolier Pass Case Damier,2026-04-20T01:00:40.000Z,,569.99,0,2026-04-20 13:31:22
227308505928,m92732818462,New Unused LOUIS VUITTON Porte Cartes Slim Midnight,2026-04-20T01:01:16.000Z,,539.99,0,2026-04-20 13:31:22
227308506399,m37716182381,Louis Vuitton Business Card Holder Card Case 2-Piece Set. Not Sold Separately.,2026-04-20T01:01:37.000Z,,529.99,0,2026-04-20 13:31:22
227308506813,m70386428406,Louis Vuitton Black Card Case Business Card Holder Eclipse,2026-04-20T01:02:00.000Z,,529.99,0,2026-04-20 13:31:22
227308507340,2JLuikTqDXHAmGt33V46mh,LOUIS VUITTON Card Case Organiseur de Poche M81382,2026-04-20T01:02:33.000Z,,789.99,0,2026-04-20 13:31:22
227308508289,m11528772540,Unused✨ BOTTEGA VENETA Wallet Compact Wallet Brown,2026-04-20T01:03:24.000Z,,629.99,0,2026-04-20 13:31:22
227308510106,m11582553130,✨S Rank✨ Bottega Veneta Mini Wallet Intrecciato Purple,2026-04-20T01:03:52.000Z,,529.99,0,2026-04-20 13:31:22
227308515892,2JPx2Ys2qWYQBrGupHGRVW,Louis Vuitton Card Case Porte Cartes Sample Monogram Empreinte RFID 【Box】【Used】,2026-04-20T01:05:59.000Z,,529.99,0,2026-04-20 13:31:22
227308517062,2JPzG2aHcy4kJBo6sBtkso,LOUIS VUITTON Monogram Iridescent Organizer Gradient Multi Credit Card Case,2026-04-20T01:06:34.000Z,,719.99,0,2026-04-20 13:31:22
227308520180,2JQ3juJPgsbdfeooNjA3Yz,Louis Vuitton Epi Porte Cartes Samouraï Card Case M81065 Used,2026-04-20T01:07:37.000Z,,449.99,0,2026-04-20 13:31:22
227308521238,X7bvjDVZwNtQkaR6g7m6jU,Louis Vuitton Monogram Macassar Organizer de Poche LV Color Mania Pass Case,2026-04-20T01:08:06.000Z,,529.99,0,2026-04-20 13:31:22
227308521914,m25185088491,New Unused LOUIS VUITTON Monogram Multiclés 6 Mimosa,2026-04-20T01:08:27.000Z,,449.99,0,2026-04-20 13:31:22
227308524467,m61643630621,Louis Vuitton Empreinte Key Case 6連 RFID Black Noir,2026-04-20T01:09:52.000Z,,449.99,0,2026-04-20 13:31:22
227308525036,m64601510664,Louis Vuitton Monogram Eclipse Multi-Clip 6 Key Case,2026-04-20T01:10:14.000Z,,429.99,0,2026-04-20 13:31:22
227308525716,m71333226350,New Louis Vuitton Porte-Cles Color Line Key Holder Charm New Unused,2026-04-20T01:10:33.000Z,,699.99,0,2026-04-20 13:31:22
227308526108,m88581274974,LOUIS VUITTON Limited Edition Leather Key Ring,2026-04-20T01:10:49.000Z,,439.99,0,2026-04-20 13:31:22
227308526320,m96405314416,⭐️Okojo⭐️ LOUIS VUITTON Keychain Ermine,2026-04-20T01:11:04.000Z,,759.99,0,2026-04-20 13:31:22
227308526547,m97828363077,Louis Vuitton Key Case M82603 Monogram Eclipse New Unused,2026-04-20T01:11:20.000Z,,529.99,0,2026-04-20 13:31:22
227308527130,2JJBtRUGmz4ffqcguMGfMS,Louis Vuitton Key Case Multiclés 6 M82604 Monogram Trianon Leather Black Used,2026-04-20T01:11:49.000Z,,529.99,0,2026-04-20 13:31:22
227308527335,2JMP6246AY8CcJTZDu3fxG,Louis Vuitton Epi Multiclés M6382D Key Case,2026-04-20T01:12:09.000Z,,419.99,0,2026-04-20 13:31:22
227308527535,2JMxkEj6iKDErx4k3YWAK7,Louis Vuitton Damier Cobalt Porte Cle Belt Tab M67776 Keyring,2026-04-20T01:12:26.000Z,,419.99,0,2026-04-20 13:31:22
227308527881,2JNdnHrnEhZk6kJbRwvmYD,Louis Vuitton Mahina Multi-Color 4 Key Case Keyring 4-Key Holder GRIS,2026-04-20T01:12:51.000Z,,629.99,0,2026-04-20 13:31:22
227308528296,2JNfeBD74HXfgzeojEiAdu,Louis Vuitton M65071 Port Clé Initial Charm Keyholder Silver with Box & Pouch,2026-04-20T01:13:13.000Z,,549.99,0,2026-04-20 13:31:22
227308528898,2JPtsKUHxGbN2fMHDetxPQ,LOUIS VUITTON M65111 Fleur de Monogram Bag Charm Gold Metal,2026-04-20T01:13:45.000Z,,489.99,0,2026-04-20 13:31:22
227308529240,m13071354845,Bottega Veneta Two-Fold Wallet Green,2026-04-20T01:14:04.000Z,,539.99,0,2026-04-20 13:31:22
227308529632,m13223670683,CHANEL Long Wallet with Guarantee Card Black,2026-04-20T01:14:21.000Z,,529.99,0,2026-04-20 13:31:22
227308529934,m13297218056,PRADA Cupido Robot Keychain,2026-04-20T01:14:37.000Z,,479.99,0,2026-04-20 13:31:22
227308530248,2JPwA4AjpBB4QSdW5hpf2w,Louis Vuitton Spring Street Monogram Keyring Bag Charm Key Holder M01187,2026-04-20T01:15:00.000Z,,679.99,0,2026-04-20 13:31:22
227308530858,m13648080559,HERMES Zip Around Fastener Wallet Azap Silk In Two-Fold,2026-04-20T01:15:41.000Z,,889.99,0,2026-04-20 13:31:22
227308531414,m13781641931,HERMES Chaine d'Ancre Scarf Ring Silver Scarf,2026-04-20T01:16:19.000Z,,669.99,0,2026-04-20 13:31:22
227308531682,m13836761600,HERMES Dogon Coin Case Chain Orange Q65,2026-04-20T01:16:37.000Z,,529.99,0,2026-04-20 13:31:22
227308532172,m14016473171,LOUIS VUITTON Damier Ebene Portefeuille Sarah Long Wallet,2026-04-20T01:17:00.000Z,,879.99,0,2026-04-20 13:31:22
227308532560,2JPx6x3zzyqWUVwdCLDkTa,Louis Vuitton Dragonne M61950 Monogram Eclipse Men's Key Holder,2026-04-20T01:17:20.000Z,,569.99,0,2026-04-20 13:31:22
227308533552,2JPysvqnbe32vz5qFjEF8h,LOUIS VUITTON 4-Key Case Multiclés 4 Monogram Eugénie Pink M60742,2026-04-20T01:17:42.000Z,,529.99,0,2026-04-20 13:31:22
227308534556,2JPzNkwxNpXmoomZzLZREr,Louis Vuitton N60385 N62631 Multiclés 4 Key Case with Box,2026-04-20T01:18:15.000Z,,439.99,0,2026-04-20 13:31:22
227308535392,2JQ4CRAAcuRAoZhEnX4ubv,Louis Vuitton M51911 Multicolor Astropill Key Holder Charm,2026-04-20T01:18:54.000Z,,539.99,0,2026-04-20 13:31:22
227308536282,m16504121325,Louis Vuitton Zippy Coin Purse M60067,2026-04-20T01:19:20.000Z,,589.99,0,2026-04-20 13:31:22
227308536885,m17671612375,New with Tags Louis Vuitton LV 100% Silk Scarf Muffler,2026-04-20T01:19:33.000Z,,429.99,0,2026-04-20 13:31:22
227308537331,m19263720735,Louis Vuitton Fragment Case Monogram Eclipse Taiga Noir,2026-04-20T01:19:49.000Z,,449.99,0,2026-04-20 13:31:22
227308538202,m19561561009,Louis Vuitton Monogram Perforated Dot Silk Scarf M72063 Excellent Condition,2026-04-20T01:20:14.000Z,,509.99,0,2026-04-20 13:31:22
227308538985,m22503014344,LOUIS VUITTON Porte Cartes Recto Verso Card Case,2026-04-20T01:20:36.000Z,,759.99,0,2026-04-20 13:31:22
227308539397,m23139560096,Louis Vuitton Zippy Coin Case,2026-04-20T01:20:48.000Z,,429.99,0,2026-04-20 13:31:22
227308539886,m25041460161,Louis Vuitton Portemonnaie Rosalie Empreinte Wallet,2026-04-20T01:21:08.000Z,,529.99,0,2026-04-20 13:31:22
227308540151,m28337309558,"Louis Vuitton Monogram Eclipse Coin Card Holder, Near Unused",2026-04-20T01:21:26.000Z,,529.99,0,2026-04-20 13:31:22
227308541359,m34166065608,Louis Vuitton Scarf Cale Monogram Confidential Q68,2026-04-20T01:22:38.000Z,,809.99,0,2026-04-20 13:31:22
227308541682,m34757162720,Louis Vuitton Zippy Coin Purse Monogram,2026-04-20T01:22:51.000Z,,449.99,0,2026-04-20 13:31:22
227308542244,m35948478651,LOUIS VUITTON Pochette Cles Light Blue,2026-04-20T01:23:05.000Z,,529.99,0,2026-04-20 13:31:22
227308543129,m43030454498,LOUIS VUITTON Denim Coin Case,2026-04-20T01:23:39.000Z,,529.99,0,2026-04-20 13:31:22
227308544541,m44380954042,Louis Vuitton Burgundy Large Scarf Shawl Monogram Silk ☆Imperfect,2026-04-20T01:24:33.000Z,,429.99,0,2026-04-20 13:31:22
227308544807,m46021461460,Louis Vuitton Portefeuille Noé Compact Wallet Japan Limited Edition,2026-04-20T01:24:50.000Z,,629.99,0,2026-04-20 13:31:22
