2026-03-07 15:09:18,124 [INFO] 【再トライ処理】を開始します。
2026-03-07 15:09:19,500 [INFO] 再チェック対象ブランド数: 5165
2026-03-07 15:09:19,501 [INFO] ブランド再確認中: Schott (対象ASIN: ['0001041177', '0001079956', '000110196X'])
2026-03-07 15:09:25,155 [INFO] ブランド再確認中: HarperCollins Children's Books (対象ASIN: ['0007104839', '0007502516', '0007554834'])
2026-03-07 15:09:31,072 [INFO] ブランド再確認中: Collins (対象ASIN: ['0007457014', '0007490429', '0008203091'])
2026-03-07 15:09:36,960 [INFO] ブランド再確認中: HARPERCOLLINSCHILDREN’SBOOKS (対象ASIN: ['0008555559'])
2026-03-07 15:09:39,280 [INFO] ブランド再確認中: Tolkien GB (対象ASIN: ['0008669449'])
2026-03-07 15:09:41,654 [INFO] ブランド再確認中: Alphonse Leduc (対象ASIN: ['0046298282', 'B000ZG6ZLC'])
2026-03-07 15:09:45,378 [INFO] ブランド再確認中: Harper (対象ASIN: ['0062571370', '0062795570', '0953578402'])
2026-03-07 15:09:51,024 [INFO] ブランド再確認中: McGraw-Hill Education (対象ASIN: ['0071350934', '0071475680', '0071603344'])
2026-03-07 15:09:56,529 [INFO] ブランド再確認中: Butterworth-Heinemann (対象ASIN: ['0081009623', '0128138467', '0128240253'])
2026-03-07 15:10:02,192 [INFO] ブランド再確認中: Academic Press (対象ASIN: ['0122384520', '0122796705', '0123258502'])
2026-03-07 15:10:07,948 [INFO] ブランド再確認中: Morgan Kaufmann (対象ASIN: ['0128141204', '0128203315', '0323912311'])
2026-03-07 15:10:13,670 [INFO] ブランド再確認中: ELSEVIER (対象ASIN: ['0128158018', '0128158409', '0128177861'])
2026-03-07 15:10:19,634 [INFO] ブランド再確認中: Pearson Education (対象ASIN: ['0131019082', '0131103628', '0131119591'])
2026-03-07 15:10:26,015 [INFO] ブランド再確認中: Prentice Hall (対象ASIN: ['0131610449', '0133500411', '0134437063'])
2026-03-07 15:10:32,484 [INFO] ブランド再確認中: Addison-Wesley Professional (対象ASIN: ['0135556848', '0201633469', '020163371X'])
2026-03-07 15:10:39,622 [INFO] ブランド再確認中: Cisco (対象ASIN: ['0138216762', '0138221391', '1578700892'])
2026-03-07 15:10:45,123 [INFO] ブランド再確認中: Penguin (対象ASIN: ['0140129537', '0140136347', '0140179615'])
2026-03-07 15:10:50,649 [INFO] ブランド再確認中: Random House Books for Young Readers (対象ASIN: ['0142002348', '0241021758', '0375831185'])
2026-03-07 15:10:56,189 [INFO] ブランド再確認中: Oxford University Press, USA (対象ASIN: ['0190213299', '0190219009', '0190227508'])
2026-03-07 15:11:02,595 [INFO] ブランド再確認中: Vintage (対象ASIN: ['0394725964', 'B0BD5M1G4K', 'B0BD5MD2XW'])
2026-03-07 15:11:08,057 [INFO] ブランド再確認中: Simon & Schuster (対象ASIN: ['0671440691', '0671767879', '0684800152'])
2026-03-07 15:11:14,054 [INFO] ブランド再確認中: Marvel (対象ASIN: ['078510853X', '078512943X', '1302958720'])
2026-03-07 15:11:19,469 [INFO] ブランド再確認中: Wizards of the Coast (対象ASIN: ['0786951346', 'B09ZK8FZZK', 'B0BF3KJX1B'])
2026-03-07 15:11:25,248 [INFO] ブランド再確認中: 講談社 (対象ASIN: ['0870114026', '1568364180', '1632364611'])
2026-03-07 15:11:30,824 [INFO] ブランド再確認中: Renegade Game Studios (対象ASIN: ['0999854828'])
2026-03-07 15:11:32,625 [INFO] ブランド再確認中: Filofax (対象ASIN: ['1472612175', 'B000I6QYIS', 'B000J6A7SK'])
2026-03-07 15:11:38,084 [INFO] ブランド再確認中: Aetyt (対象ASIN: ['152903342X', '1733008837', '9526530152'])
2026-03-07 15:11:43,407 [INFO] ブランド再確認中: Sony (対象ASIN: ['1573301310', 'B00006J45S', 'B00008B4Q1'])
2026-03-07 15:11:48,800 [INFO] ブランド再確認中: ARTISAN (対象ASIN: ['1579651267', '1579656471', '1648294162'])
2026-03-07 15:11:55,082 [INFO] ブランド再確認中: Pantone (対象ASIN: ['1590655621', '1590656229'])
2026-03-07 15:12:00,150 [INFO] ブランド再確認中: DC Comics (対象ASIN: ['1799506681', '1799507459', 'B0DSCGQVCV'])
2026-03-07 15:12:06,200 [INFO] ブランド再確認中: Games Workshop (対象ASIN: ['1849701377', 'B00MR2K43W', 'B00R119ILI'])
2026-03-07 15:12:11,679 [INFO] ブランド再確認中: 岩波書店 (対象ASIN: ['4000801325'])
2026-03-07 15:12:13,491 [INFO] ブランド再確認中: 集英社 (対象ASIN: ['4086179075', '4087469832', '4087824586'])
2026-03-07 15:12:18,950 [INFO] ブランド再確認中: Crimson (対象ASIN: ['B0000008DW', 'B000WCA9E8', 'B0034KVTJ4'])
2026-03-07 15:12:24,343 [INFO] ブランド再確認中: コロムビアミュージックエンタテインメント (対象ASIN: ['B0000027KF', 'B00005ELA9', 'B00005ELKV'])
2026-03-07 15:12:29,561 [INFO] ブランド【コロムビアミュージックエンタテインメント】が再判定で出品可能(〇)になりました！
2026-03-07 15:12:29,564 [INFO] ブランド再確認中: Polydor (対象ASIN: ['B000002GMP', 'B0000242ZW', 'B00005J47T'])
2026-03-07 15:12:35,025 [INFO] ブランド再確認中: WARNER BROS (対象ASIN: ['B000002LDZ', 'B00004ZKSP', 'B00019AZAK'])
2026-03-07 15:12:41,078 [INFO] ブランド再確認中: RCA (対象ASIN: ['B000003F30', 'B0D4WSFM52', 'B0F5YZLQ66'])
2026-03-07 15:12:46,545 [INFO] ブランド再確認中: Decca *cl* (対象ASIN: ['B0000042H4', 'B00159679S', 'B00O66EOYM'])
2026-03-07 15:12:52,288 [INFO] ブランド再確認中: SONY MUSIC (対象ASIN: ['B000007UBZ', 'B0000264LV', 'B00005EFW3'])
2026-03-07 15:12:58,052 [INFO] ブランド再確認中: バンダイビジュアル (対象ASIN: ['B000007W89', 'B00005EDME', 'B00005EDOQ'])
2026-03-07 15:13:03,887 [INFO] ブランド再確認中: THQ (対象ASIN: ['B00000I1BN', 'B00029P92I', 'B0002OOUZU'])
2026-03-07 15:13:09,217 [INFO] ブランド再確認中: エピックソニー (対象ASIN: ['B00000JD0S', 'B00005HY5M', 'B0000W3QEA'])
2026-03-07 15:13:12,945 [INFO] ブランド【エピックソニー】が再判定で出品可能(〇)になりました！
2026-03-07 15:13:12,948 [INFO] ブランド再確認中: EMI (対象ASIN: ['B0000256VL', 'B000F3A7AU', 'B002BSHXJA'])
2026-03-07 15:13:18,602 [INFO] ブランド再確認中: Rubbermaid Commercial (対象ASIN: ['B00002N8AI', 'B000NPCN6Q', 'B00EUP8DN2'])
2026-03-07 15:13:24,054 [INFO] ブランド再確認中: Deutsche Grammophon (対象ASIN: ['B00004SA89', 'B001CGJ3QS', 'B001DCQI8W'])
2026-03-07 15:13:30,080 [INFO] ブランド再確認中: PlayStation (対象ASIN: ['B00004TNLS', 'B00005LOXE', 'B0001701BU'])
2026-03-07 15:13:35,925 [INFO] ブランド再確認中: Import (対象ASIN: ['B00004UFLB', 'B000FUWCRY', 'B0095PR2OI'])
2026-03-07 15:13:41,683 [INFO] ブランド再確認中: ラーニング リソーシズ(Learning Resources) (対象ASIN: ['B00004WKTY', 'B004DIZ6RM', 'B01A5YMCH4'])
2026-03-07 15:13:47,481 [INFO] ブランド再確認中: Tiffen (対象ASIN: ['B00004ZCJB', 'B00158VMJE', 'B001OQSLS2'])
2026-03-07 15:13:53,003 [INFO] ブランド再確認中: エイベックス・ピクチャーズ (対象ASIN: ['B00005EBVH', 'B00005EBVL', 'B00005HL0W'])
2026-03-07 15:13:58,394 [INFO] ブランド再確認中: BMG (対象ASIN: ['B00005EHWK', 'B000J10DN4', 'B000SAXNXS'])
2026-03-07 15:14:03,827 [INFO] ブランド再確認中: Happinet (対象ASIN: ['B00005G03J', 'B00005G0DI', 'B00005G0EQ'])
2026-03-07 15:14:09,274 [INFO] ブランド再確認中: テイチク (対象ASIN: ['B00005GCVY', 'B00008BDM3', 'B0002ADIH0'])
2026-03-07 15:14:14,804 [INFO] ブランド再確認中: ユニバーサル ミュージック (e) (対象ASIN: ['B00005GIJ0', 'B00005GL3X', 'B00005GLCS'])
2026-03-07 15:14:20,132 [INFO] ブランド再確認中: アミューズ (対象ASIN: ['B00005H3HM', 'B00005HWZS', 'B00005IX02'])
2026-03-07 15:14:25,515 [INFO] ブランド再確認中: ビーグラム (対象ASIN: ['B00005HK0P', 'B0017INDFI', 'B004H3HIE2'])
2026-03-07 15:14:31,148 [INFO] ブランド再確認中: 日本クラウン (対象ASIN: ['B00005HQFL', 'B000069KS7', 'B000075AU0'])
2026-03-07 15:14:36,585 [INFO] ブランド再確認中: 東宝 (対象ASIN: ['B00005HYF8', 'B00005NYSL', 'B000069B8B'])
2026-03-07 15:14:41,739 [INFO] ブランド再確認中: ウォルト・ディズニー・ジャパン株式会社 (対象ASIN: ['B00005J4TU', 'B00005UK6Y', 'B000069I78'])
2026-03-07 15:14:46,965 [INFO] ブランド再確認中: Pioneer (対象ASIN: ['B00005MIHB', 'B0000667A8', 'B005J5CV4O'])
2026-03-07 15:14:52,385 [INFO] ブランド再確認中: ワーナーホームビデオ (対象ASIN: ['B00005MIO7', 'B0006210LA', 'B000852LBS'])
2026-03-07 15:14:57,649 [INFO] ブランド再確認中: Lenox (対象ASIN: ['B00005NMSH', 'B00008Y8L9', 'B00008Y8LA'])
2026-03-07 15:15:03,574 [INFO] ブランド再確認中: Global (対象ASIN: ['B00005OL44', 'B00005OL45', 'B00005OL46'])
2026-03-07 15:15:09,196 [INFO] ブランド再確認中: Rockstar Games (対象ASIN: ['B00005OLX1', 'B00005RCQ5', 'B0000696CZ'])
2026-03-07 15:15:16,086 [INFO] ブランド再確認中: Sonic Energy (対象ASIN: ['B00005OSNZ', 'B00005OSO0', 'B00LY8J14S'])
2026-03-07 15:15:21,903 [INFO] ブランド再確認中: カプコン(CAPCOM) (対象ASIN: ['B00005OUM3', 'B00005QBBE', 'B0000645MP'])
2026-03-07 15:15:27,258 [INFO] ブランド再確認中: Ubisoft (対象ASIN: ['B00005OWBL', 'B00006LJPF', 'B00007LV80'])
2026-03-07 15:15:32,895 [INFO] ブランド再確認中: Le Creuset(ル・クルーゼ) (対象ASIN: ['B00005QFRR', 'B00008WFFN', 'B0000A14MV'])
2026-03-07 15:15:38,659 [INFO] ブランド再確認中: TBS (対象ASIN: ['B00005S7AV', 'B000063L57', 'B00006JNZ9'])
2026-03-07 15:15:44,556 [INFO] ブランド再確認中: トーホー(TOHO) (対象ASIN: ['B00005TOLN', 'B000148JJE', 'B0023E5YIE'])
2026-03-07 15:15:49,902 [INFO] ブランド再確認中: NHKエンタープライズ (対象ASIN: ['B000065EJC', 'B00006HBH5', 'B00008PTCB'])
2026-03-07 15:15:55,252 [INFO] ブランド再確認中: UNIVERSAL MUSIC GROUP (対象ASIN: ['B0000677GE', 'B0000677GJ', 'B000068GCW'])
2026-03-07 15:16:00,497 [INFO] ブランド再確認中: TOMY (対象ASIN: ['B000068GZ1', 'B000068GZ5', 'B000069S28'])
2026-03-07 15:16:05,856 [INFO] ブランド再確認中: SquareSoft (対象ASIN: ['B000068HDM', 'B000069SHG', 'B00006H1SQ'])
2026-03-07 15:16:11,359 [INFO] ブランド再確認中: イマジニア (対象ASIN: ['B000068HHE', 'B000068HHH', 'B000068HI9'])
2026-03-07 15:16:17,326 [INFO] ブランド再確認中: カルチャーブレーン (対象ASIN: ['B000068HJR', 'B000069T57'])
2026-03-07 15:16:19,042 [INFO] ブランド【カルチャーブレーン】が再判定で出品可能(〇)になりました！
2026-03-07 15:16:19,045 [INFO] ブランド再確認中: アスミック・エース エンタテインメント (対象ASIN: ['B000068HVD', 'B000068HVF', 'B000068HVK'])
2026-03-07 15:16:20,783 [INFO] ブランド【アスミック・エース エンタテインメント】が再判定で出品可能(〇)になりました！
2026-03-07 15:16:20,786 [INFO] ブランド再確認中: ハドソン (対象ASIN: ['B000068I1Z', 'B000068I25', 'B000069U3Z'])
2026-03-07 15:16:26,708 [INFO] ブランド【ハドソン】が再判定で出品可能(〇)になりました！
2026-03-07 15:16:26,712 [INFO] ブランド再確認中: KT (対象ASIN: ['B000068I4K', 'B000068I4R', 'B000069U8K'])
2026-03-07 15:16:28,380 [INFO] ブランド【KT】が再判定で出品可能(〇)になりました！
2026-03-07 15:16:28,383 [INFO] ブランド再確認中: Hosa (対象ASIN: ['B000068O2S', 'B000068O2T', 'B000068OGY'])
2026-03-07 15:16:33,972 [INFO] ブランド再確認中: アイディアファクトリー (対象ASIN: ['B0000694RN', 'B000A6CIPO', 'B000BFKDYM'])
2026-03-07 15:16:37,473 [INFO] ブランド【アイディアファクトリー】が再判定で出品可能(〇)になりました！
2026-03-07 15:16:37,474 [INFO] ブランド再確認中: MIDWAY (対象ASIN: ['B000069BD9', 'B0000AHOYR', 'B000641ZCM'])
2026-03-07 15:16:43,820 [INFO] ブランド再確認中: Halo (対象ASIN: ['B000069EXP', 'B06XYKL6R1', 'B07F223C7G'])
2026-03-07 15:16:49,411 [INFO] ブランド再確認中: トンキンハウス(東京書籍) (対象ASIN: ['B000069SYF'])
2026-03-07 15:16:51,120 [INFO] ブランド【トンキンハウス(東京書籍)】が再判定で出品可能(〇)になりました！
2026-03-07 15:16:51,123 [INFO] ブランド再確認中: SNK (対象ASIN: ['B000069T0Y', 'B000069T10', 'B00006LJRR'])
2026-03-07 15:16:52,818 [INFO] ブランド【SNK】が再判定で出品可能(〇)になりました！
2026-03-07 15:16:52,822 [INFO] ブランド再確認中: シュナイダーエレクトリック(APC) (対象ASIN: ['B00006BBKD', 'B0006SMY1O', 'B000BC7LMM'])
2026-03-07 15:16:58,208 [INFO] ブランド再確認中: StarTech.com(スターテック) (対象ASIN: ['B00006HQNA', 'B001YHYVEY', 'B002D1GG0C'])
2026-03-07 15:17:03,943 [INFO] ブランド再確認中: トイズファクトリー (対象ASIN: ['B00006IIMC', 'B000WY89B6', 'B006GH6ZM8'])
2026-03-07 15:17:09,299 [INFO] ブランド再確認中: ビクター インタラクティブ ソフトウエア (対象ASIN: ['B00006LJUJ'])
2026-03-07 15:17:11,060 [INFO] ブランド【ビクター インタラクティブ ソフトウエア】が再判定で出品可能(〇)になりました！
2026-03-07 15:17:11,063 [INFO] ブランド再確認中: WITTNER (対象ASIN: ['B00006M0N0', 'B0002F748E', 'B0002F748O'])
2026-03-07 15:17:16,707 [INFO] ブランド再確認中: フロムソフトウェア (対象ASIN: ['B00006RT5Y', 'B0000YOPS4', 'B000A6CIMM'])
2026-03-07 15:17:22,180 [INFO] ブランド再確認中: ヒサゴ (対象ASIN: ['B00008B1M0', 'B000FHPS6Y', 'B000FHPSGO'])
2026-03-07 15:17:27,683 [INFO] ブランド再確認中: Atari (対象ASIN: ['B00008G886', 'B0002GTXKK', 'B000EGEX9Y'])
2026-03-07 15:17:33,200 [INFO] ブランド再確認中: マイヤー(Meyer) (対象ASIN: ['B00008GK9J', 'B0002E1P6M', 'B0002E1P76'])
2026-03-07 15:17:38,736 [INFO] ブランド再確認中: Artdink (対象ASIN: ['B000092PL6', 'B003UEQNHW'])
2026-03-07 15:17:42,333 [INFO] ブランド再確認中: コクヨ(KOKUYO) (対象ASIN: ['B000099944', 'B000099946', 'B0000999IR'])
2026-03-07 15:17:47,967 [INFO] ブランド再確認中: Kensington (対象ASIN: ['B00009KH63', 'B0050SPZMK', 'B0865KS6C8'])
2026-03-07 15:17:53,888 [INFO] ブランド再確認中: Disguise (対象ASIN: ['B00009MFA6', 'B08VZ3GY14'])
2026-03-07 15:17:57,530 [INFO] ブランド再確認中: A-one (対象ASIN: ['B00009X01F', 'B0000ALFPD', 'B0000ALX3A'])
2026-03-07 15:18:03,023 [INFO] ブランド再確認中: avex trax (対象ASIN: ['B00009YNDI', 'B005WR5E8O', 'B009PK1OTC'])
2026-03-07 15:18:08,448 [INFO] ブランド再確認中: 2K (対象ASIN: ['B0000A03AG', 'B0000A03AI', 'B0000A03C3'])
2026-03-07 15:18:13,858 [INFO] ブランド再確認中: テクモ (対象ASIN: ['B0000AI1KK', 'B0000CGAEZ', 'B000148JDU'])
2026-03-07 15:18:19,190 [INFO] ブランド【テクモ】が再判定で出品可能(〇)になりました！
2026-03-07 15:18:19,194 [INFO] ブランド再確認中: BAUERFEIND (対象ASIN: ['B0000ATHJA', 'B0017TQI8G', 'B002IMVS90'])
2026-03-07 15:18:24,790 [INFO] ブランド再確認中: Warner Classics (対象ASIN: ['B0000C24FK', 'B00076YOQ8', 'B005MIQG6M'])
2026-03-07 15:18:30,314 [INFO] ブランド再確認中: リーデル(RIEDEL) (対象ASIN: ['B0000DC105', 'B0000DC107', 'B0000DC10I'])
2026-03-07 15:18:35,941 [INFO] ブランド再確認中: マンドゥカ(Manduka) (対象ASIN: ['B0000DZG43', 'B005DX3TAC', 'B008HY7G0S'])
2026-03-07 15:18:41,618 [INFO] ブランド再確認中: XFX (対象ASIN: ['B0000E2Y8M', 'B0DWPL55ZP', 'B0DXLG4FJ3'])
2026-03-07 15:18:47,148 [INFO] ブランド再確認中: Omron (対象ASIN: ['B0000E68Y4', 'B0007NXT2G', 'B0007NXT3U'])
2026-03-07 15:18:52,556 [INFO] ブランド再確認中: carhartt(カーハート) (対象ASIN: ['B0000TW4FU', 'B0000TW4HS', 'B0000TW4IM'])
2026-03-07 15:18:58,366 [INFO] ブランド再確認中: K&N(ケーアンドエヌ) (対象ASIN: ['B0000UUU6E', 'B0000UUX84', 'B000182DPQ'])
2026-03-07 15:19:03,848 [INFO] ブランド再確認中: WB (対象ASIN: ['B0000UX57K', 'B000H1R0D2', 'B000V1OUV8'])
2026-03-07 15:19:09,291 [INFO] ブランド再確認中: タムロン(TAMRON) (対象ASIN: ['B0000V6DE6', 'B0000V6DEQ', 'B0002232ZQ'])
2026-03-07 15:19:14,968 [INFO] ブランド再確認中: K&M (対象ASIN: ['B0000WR5GK', 'B0000WR5HE', 'B0002F6JJY'])
2026-03-07 15:19:20,405 [INFO] ブランド再確認中: タミヤ(TAMIYA) (対象ASIN: ['B0000WRYGQ', 'B00061H2AY', 'B00061HIOE'])
2026-03-07 15:19:25,979 [INFO] ブランド再確認中: NEC (対象ASIN: ['B0000ZPLTU', 'B000FHWVTG', 'B000LC3T7S'])
2026-03-07 15:19:31,311 [INFO] ブランド再確認中: ビスコ (対象ASIN: ['B000148I7C'])
2026-03-07 15:19:33,001 [INFO] ブランド【ビスコ】が再判定で出品可能(〇)になりました！
2026-03-07 15:19:33,004 [INFO] ブランド再確認中: GARDENA(ガルデナ) (対象ASIN: ['B0001E3W8M', 'B004I63GRQ', 'B004Z54Y94'])
2026-03-07 15:19:39,310 [INFO] ブランド再確認中: Fluke Networks (対象ASIN: ['B0001FSCQS', 'B0001FSCRM', 'B000QJ3G42'])
2026-03-07 15:19:45,143 [INFO] ブランド再確認中: オプティマムニュートリション(Optimum Nutrition) (対象ASIN: ['B0001FSWMM', 'B06XH4QK6G', 'B078RQVY3X'])
2026-03-07 15:19:51,144 [INFO] ブランド再確認中: BORA (対象ASIN: ['B0001LQW82'])
2026-03-07 15:19:53,022 [INFO] ブランド再確認中: NETGEAR (対象ASIN: ['B0001MKU16', 'B0030L39NG', 'B0030L6ATQ'])
2026-03-07 15:19:58,789 [INFO] ブランド再確認中: クニペックス KNIPEX (対象ASIN: ['B0001P0CK2', 'B000PALCAM', 'B002KHPX4E'])
2026-03-07 15:20:04,261 [INFO] ブランド再確認中: ソニー・コンピュータエンタテインメント (対象ASIN: ['B0001PWB24', 'B0001WGEF2'])
2026-03-07 15:20:07,741 [INFO] ブランド再確認中: アイレムソフトウェアエンジニアリング (対象ASIN: ['B000219AJY', 'B000GLI3KM', 'B002JM11A0'])
2026-03-07 15:20:09,530 [INFO] ブランド【アイレムソフトウェアエンジニアリング】が再判定で出品可能(〇)になりました！
2026-03-07 15:20:09,532 [INFO] ブランド再確認中: Pelican (対象ASIN: ['B000233WKA', 'B0002INQT2', 'B0007PMYOS'])
2026-03-07 15:20:15,275 [INFO] ブランド再確認中: ROTHCO(ロスコ) (対象ASIN: ['B000234VQE', 'B000237E68', 'B000237E7M'])
2026-03-07 15:20:20,763 [INFO] ブランド再確認中: Dr. Harvey's (対象ASIN: ['B00028HN64', 'B00AFYAPQ0'])
2026-03-07 15:20:24,440 [INFO] ブランド再確認中: SKB (対象ASIN: ['B00029Y7WQ', 'B0002CZSP8', 'B0002D03X4'])
2026-03-07 15:20:29,875 [INFO] ブランド再確認中: Marshall Pet Products (対象ASIN: ['B0002AROOS'])
2026-03-07 15:20:31,792 [INFO] ブランド再確認中: GATOR (対象ASIN: ['B0002BG4O8', 'B0002BG4S4', 'B0002BG4VQ'])
2026-03-07 15:20:37,258 [INFO] ブランド再確認中: オンキヨー(Onkyo) (対象ASIN: ['B0002BNVBC', 'B005G9B2TS'])
2026-03-07 15:20:40,916 [INFO] ブランド再確認中: バンドーレン(VANDOREN) (対象ASIN: ['B0002CZQS2', 'B0002CZQSC', 'B0002CZQSM'])
2026-03-07 15:20:46,292 [INFO] ブランド再確認中: Epiphone (対象ASIN: ['B0002CZU0G', 'B0002CZU9W', 'B0002CZUTW'])
2026-03-07 15:20:51,753 [INFO] ブランド再確認中: BOSS (対象ASIN: ['B0002CZV8C', 'B0002CZVA0', 'B0002CZVAK'])
2026-03-07 15:20:57,443 [INFO] ブランド再確認中: Zildjian(ジルジャン) (対象ASIN: ['B0002CZX8K', 'B0002CZX8U', 'B0002CZX94'])
2026-03-07 15:21:02,858 [INFO] ブランド再確認中: HOHNER (対象ASIN: ['B0002D00HI', 'B0002D00I2', 'B0002GWKKA'])
2026-03-07 15:21:08,388 [INFO] ブランド再確認中: AURALEX (対象ASIN: ['B0002D05KA', 'B001E876YK', 'B001E8KKPM'])
2026-03-07 15:21:14,102 [INFO] ブランド再確認中: SeymourDuncan (対象ASIN: ['B0002D05RS', 'B0002D0B72', 'B0002D0B7W'])
2026-03-07 15:21:19,517 [INFO] ブランド再確認中: Fishman (対象ASIN: ['B0002D071C', 'B0002D071M', 'B0002D072Q'])
2026-03-07 15:21:24,921 [INFO] ブランド再確認中: PAISTE (対象ASIN: ['B0002D09C4', 'B0002D09D8', 'B0002E1PNU'])
2026-03-07 15:21:30,233 [INFO] ブランド再確認中: Drum Workshop (対象ASIN: ['B0002D0BP4', 'B0002E2PO8', 'B0002F4VFS'])
2026-03-07 15:21:35,665 [INFO] ブランド再確認中: Martin(マーチン) (対象ASIN: ['B0002D0C12', 'B001L8NFUM', 'B001MQA42U'])
2026-03-07 15:21:41,146 [INFO] ブランド再確認中: Levy'sLeathers (対象ASIN: ['B0002D0CRG', 'B0002PCMBS', 'B0009EW3N4'])
2026-03-07 15:21:46,703 [INFO] ブランド再確認中: Promark(プロマーク) (対象ASIN: ['B0002D0I34', 'B00079PESC', 'B000EEHDH0'])
2026-03-07 15:21:52,195 [INFO] ブランド再確認中: ギブソン(GIBSON) (対象ASIN: ['B0002D0K4G', 'B0002D0K5A', 'B000A6SKDS'])
2026-03-07 15:21:57,781 [INFO] ブランド再確認中: DiMarzio (対象ASIN: ['B0002D0LUE', 'B0002D0LWC', 'B0002D0M1C'])
2026-03-07 15:22:03,312 [INFO] ブランド再確認中: D'Addario(ダダリオ) (対象ASIN: ['B0002D0MB2', 'B0002D0O42', 'B0002D0O4C'])
2026-03-07 15:22:08,675 [INFO] ブランド再確認中: SAMSON (対象ASIN: ['B0002D0NT8', 'B000MYFHZC', 'B000VVP7IS'])
2026-03-07 15:22:14,244 [INFO] ブランド再確認中: EVANS (対象ASIN: ['B0002D0OE2', 'B0002D0OEC', 'B0002D0OEM'])
2026-03-07 15:22:19,641 [INFO] ブランド再確認中: AMERICAN DJ (対象ASIN: ['B0002DNVME', 'B0002GY86Y', 'B00CA1AZLQ'])
2026-03-07 15:22:26,082 [INFO] ブランド再確認中: RODE (対象ASIN: ['B0002DUVQ8', 'B0002DUVQI', 'B00030665K'])
2026-03-07 15:22:31,761 [INFO] ブランド再確認中: グラフテック(Graph Tech) (対象ASIN: ['B0002DUW26', 'B0002E1V48', 'B000LCNT28'])
2026-03-07 15:22:37,089 [INFO] ブランド再確認中: Humes & Berg (対象ASIN: ['B0002DV5KO', 'B0002DV5LI', 'B0002DV8BU'])
2026-03-07 15:22:42,585 [INFO] ブランド再確認中: Denis Wick (対象ASIN: ['B0002DVDI8', 'B0002DVDJ2', 'B0002DVDP6'])
2026-03-07 15:22:48,078 [INFO] ブランド再確認中: Otto Link (対象ASIN: ['B0002DW0LW', 'B0002DW19S', 'B0002DW1UM'])
2026-03-07 15:22:53,558 [INFO] ブランド再確認中: Bach (対象ASIN: ['B0002DXUD4', 'B0002E2AGG', 'B0002E2AJS'])
2026-03-07 15:22:59,046 [INFO] ブランド再確認中: BACH (対象ASIN: ['B0002E1F8U', 'B0002E2BQU', 'B0002EOJI8'])
2026-03-07 15:23:04,523 [INFO] ブランド再確認中: MACKIE (対象ASIN: ['B0002E1G4I', 'B0002NR7XS', 'B003WQB4T0'])
2026-03-07 15:23:09,949 [INFO] ブランド再確認中: MOGAMI (対象ASIN: ['B0002E1G7K', 'B0002E1P26', 'B0002E1P2G'])
2026-03-07 15:23:15,429 [INFO] ブランド再確認中: REMO (対象ASIN: ['B0002E1MQU', 'B0002E3N8A', 'B0002E3N8K'])
2026-03-07 15:23:20,865 [INFO] ブランド再確認中: SABIAN (対象ASIN: ['B0002E29AS', 'B0002E29B2', 'B0002E29C6'])
2026-03-07 15:23:26,189 [INFO] ブランド再確認中: Vincent Bach (対象ASIN: ['B0002E2AUW', 'B0002E2B2O', 'B0002E2CFK'])
2026-03-07 15:23:31,536 [INFO] ブランド再確認中: Rhythm Tech (対象ASIN: ['B0002E2G6K'])
2026-03-07 15:23:33,349 [INFO] ブランド再確認中: PLANETWAVES (対象ASIN: ['B0002E2N90', 'B0002E2NAE', 'B0002E2NBI'])
2026-03-07 15:23:38,978 [INFO] ブランド再確認中: TOCA (対象ASIN: ['B0002E2OEE', 'B0002F77UO', 'B000EEHEXS'])
2026-03-07 15:23:44,411 [INFO] ブランド再確認中: TREE WORKS (対象ASIN: ['B0002E2TUS', 'B0002IHGB6', 'B0007L712C'])
2026-03-07 15:23:50,010 [INFO] ブランド再確認中: ddrum (対象ASIN: ['B0002E2YC6'])
2026-03-07 15:23:51,840 [INFO] ブランド再確認中: Manhasset (対象ASIN: ['B0002E39C0', 'B0002E3AHE', 'B0002E56EY'])
2026-03-07 15:23:57,493 [INFO] ブランド再確認中: VIC FIRTH (対象ASIN: ['B0002E3GJQ', 'B0002E3GK0', 'B0002E3GQO'])
2026-03-07 15:24:02,938 [INFO] ブランド再確認中: Roland(ローランド) (対象ASIN: ['B0002E3MP4', 'B0002S31E2', 'B0007Y5CCK'])
2026-03-07 15:24:08,381 [INFO] ブランド再確認中: ProTec (対象ASIN: ['B0002E509K', 'B0002E50HM', 'B0002E50IG'])
2026-03-07 15:24:13,839 [INFO] ブランド再確認中: MXR (対象ASIN: ['B0002E52JI', 'B000K69V5E', 'B000K6B13Y'])
2026-03-07 15:24:19,341 [INFO] ブランド再確認中: プロテック(PROTEC) (対象ASIN: ['B0002E569Y', 'B0002E56NK', 'B001BAHFOC'])
2026-03-07 15:24:21,256 [INFO] ブランド【プロテック(PROTEC)】が再判定で出品可能(〇)になりました！
2026-03-07 15:24:21,259 [INFO] ブランド再確認中: Behringer（ベリンガー） (対象ASIN: ['B0002E57D4', 'B0002KZAK8', 'B0002KZAM6'])
2026-03-07 15:24:26,745 [INFO] ブランド再確認中: MIKE BALTER (対象ASIN: ['B0002E59ZK', 'B0002EK8TW', 'B0002F54J0'])
2026-03-07 15:24:32,197 [INFO] ブランド再確認中: パール(Pearl) (対象ASIN: ['B0002EKJVY', 'B0002F6VMY', 'B000RW0ODY'])
2026-03-07 15:24:37,520 [INFO] ブランド再確認中: E. ROUSSEAU (対象ASIN: ['B0002EWORG', 'B0002EWR0U', 'B0002EWR14'])
2026-03-07 15:24:42,949 [INFO] ブランド再確認中: Meinl Percussion (対象ASIN: ['B0002EWV9W', 'B0002F5E2M', 'B0002F5EJA'])
2026-03-07 15:24:48,297 [INFO] ブランド再確認中: Latin Percussion (対象ASIN: ['B0002F4UBI', 'B0002F4UE0', 'B0002F4VA8'])
2026-03-07 15:24:53,624 [INFO] ブランド再確認中: Tom Crown (対象ASIN: ['B0002F4XQ0', 'B0002F4Y1Y', 'B0002F4Y28'])
2026-03-07 15:24:59,117 [INFO] ブランド再確認中: VATER (対象ASIN: ['B0002F560W', 'B0002F56KC', 'B000BZIZVK'])
2026-03-07 15:25:04,503 [INFO] ブランド再確認中: Meinl Cymbals (対象ASIN: ['B0002F5AEE', 'B0002F5ASA', 'B0002F5AU8'])
2026-03-07 15:25:09,830 [INFO] ブランド再確認中: Schilke (対象ASIN: ['B0002F6XNQ', 'B0002F6XQS', 'B0002F6XSG'])
2026-03-07 15:25:11,577 [INFO] ブランド【Schilke】が再判定で出品可能(〇)になりました！
2026-03-07 15:25:11,580 [INFO] ブランド再確認中: Gibraltar (対象ASIN: ['B0002F71BO', 'B0002H05CE', 'B000EEHCW6'])
2026-03-07 15:25:17,016 [INFO] ブランド再確認中: Grover Pro Percussion (対象ASIN: ['B0002F73MQ', 'B0002FOO96', 'B000A1HTY4'])
2026-03-07 15:25:22,225 [INFO] ブランド再確認中: Jo-Ral (対象ASIN: ['B0002FO57C', 'B0002FO590', 'B0002FOC1Q'])
2026-03-07 15:25:27,716 [INFO] ブランド再確認中: Thomastik-Infeld (対象ASIN: ['B0002FP2RE', 'B0002FP2RO', 'B000E3BN9K'])
2026-03-07 15:25:33,163 [INFO] ブランド再確認中: La Bella (対象ASIN: ['B0002GFNE0', 'B001L8MDZK', 'B00724ZIQS'])
2026-03-07 15:25:38,666 [INFO] ブランド再確認中: MXL (対象ASIN: ['B0002GIRP2', 'B0006UGE9K', 'B0007NQH98'])
2026-03-07 15:25:44,255 [INFO] ブランド再確認中: Ernie Ball (対象ASIN: ['B0002GZ05C', 'B003NTAVHW', 'B00DZW1CDO'])
2026-03-07 15:25:49,633 [INFO] ブランド再確認中: AUDIX (対象ASIN: ['B0002H0LZK', 'B0002H0M7W', 'B0002H0M8G'])
2026-03-07 15:25:54,945 [INFO] ブランド再確認中: Pelikan (対象ASIN: ['B0002HT5ZW', 'B000CN9M0Y', 'B0015S6E6K'])
2026-03-07 15:26:00,921 [INFO] ブランド再確認中: Voodoolab (対象ASIN: ['B0002IHGZC', 'B00AB0QBA2', 'B01MTF1RFG'])
2026-03-07 15:26:06,418 [INFO] ブランド再確認中: Ludwig (対象ASIN: ['B0002IHS9G', 'B0002IHS9Q', 'B0002J4JJC'])
2026-03-07 15:26:11,674 [INFO] ブランド再確認中: Neumann (対象ASIN: ['B0002KN4E2', 'B0002KN4LU', 'B0002KN4N8'])
2026-03-07 15:26:17,119 [INFO] ブランド再確認中: Fender(フェンダー) (対象ASIN: ['B0002KZB52', 'B0002KZB5C', 'B0002KZB8E'])
2026-03-07 15:26:22,505 [INFO] ブランド再確認中: メディアファクトリー (対象ASIN: ['B0002L2X2U', 'B0007WG6C2', 'B0009W5MR0'])
2026-03-07 15:26:27,854 [INFO] ブランド再確認中: whirlwind (対象ASIN: ['B0002MSA3U'])
2026-03-07 15:26:29,568 [INFO] ブランド【whirlwind】が再判定で出品可能(〇)になりました！
2026-03-07 15:26:29,571 [INFO] ブランド再確認中: Innovative Percussion (対象ASIN: ['B0002MSC4W', 'B001LG2LM2', 'B001LG7U7S'])
2026-03-07 15:26:34,919 [INFO] ブランド再確認中: スズキ(Suzuki) (対象ASIN: ['B0002MSKWG', 'B000XYAH1A', 'B0011ENCMW'])
2026-03-07 15:26:40,425 [INFO] ブランド再確認中: SCHECTER (対象ASIN: ['B0002NPR2G', 'B00UACQ1QK', 'B00WVO0Z26'])
2026-03-07 15:26:45,815 [INFO] ブランド再確認中: DBX (対象ASIN: ['B0002OOWJE', 'B0015IR6IU', 'B0015IR6L2'])
2026-03-07 15:26:51,376 [INFO] ブランド再確認中: Amazon Brand - Umi (対象ASIN: ['B0002VKQCE', 'B000T05YOS', 'B002P0M3WQ'])
2026-03-07 15:26:56,762 [INFO] ブランド再確認中: Wacom(ワコム) (対象ASIN: ['B0002ZCK42', 'B007EJ7FLW', 'B007EJ7FNK'])
2026-03-07 15:27:02,106 [INFO] ブランド再確認中: GSI クレオス(GSI Creos) (対象ASIN: ['B0003IZSKQ', 'B0030AO94U', 'B0031M5RE8'])
2026-03-07 15:27:07,860 [INFO] ブランド再確認中: トミーテック(TOMYTEC) (対象ASIN: ['B0004DMI3U', 'B000KVWCKK', 'B00XONCO0Y'])
2026-03-07 15:27:13,267 [INFO] ブランド再確認中: ビルジャック Bil-Jac (対象ASIN: ['B000633VB6', 'B002BK7IZ2', 'B002SBD5X8'])
2026-03-07 15:27:19,087 [INFO] ブランド再確認中: NaturVet (対象ASIN: ['B00063MS7E', 'B000P79GDK', 'B00140WBUW'])
2026-03-07 15:27:24,863 [INFO] ブランド再確認中: Derwent (対象ASIN: ['B00065PQTO', 'B000P6YNFC', 'B000P6YNFM'])
2026-03-07 15:27:30,729 [INFO] ブランド再確認中: セラバンド(TheraBand) (対象ASIN: ['B00066D636', 'B00066D67C'])
2026-03-07 15:27:34,577 [INFO] ブランド再確認中: ラパラ(Rapala) (対象ASIN: ['B000677UK0', 'B001HYY1IA', 'B001NXCNDK'])
2026-03-07 15:27:40,144 [INFO] ブランド再確認中: KEEN(キーン) (対象ASIN: ['B0006FSKF6', 'B0006FSKGA', 'B0006VXB5Y'])
2026-03-07 15:27:46,252 [INFO] ブランド再確認中: Whirlwind (対象ASIN: ['B0006TIM96', 'B007SRF5XU', 'B00L5S07O0'])
2026-03-07 15:27:51,606 [INFO] ブランド【Whirlwind】が再判定で出品可能(〇)になりました！
2026-03-07 15:27:51,609 [INFO] ブランド再確認中: GOLDEN (対象ASIN: ['B0006TU7CG', 'B0006TZLC2', 'B0006TZLHW'])
2026-03-07 15:27:56,939 [INFO] ブランド再確認中: Wrangler(ラングラー) (対象ASIN: ['B0006U6850', 'B001AECZ6M', 'B001DAZ5H4'])
2026-03-07 15:28:02,419 [INFO] ブランド再確認中: RME (対象ASIN: ['B0006UGF7G', 'B00ZAFM3VE', 'B0DJQ1NK9H'])
2026-03-07 15:28:07,889 [INFO] ブランド再確認中: テストー(Testo) (対象ASIN: ['B00076ZZJS', 'B0020YJHXA', 'B0020YXT8Y'])
2026-03-07 15:28:13,430 [INFO] ブランド再確認中: 柳宗理(Yanagi Sori) (対象ASIN: ['B00078MHM4', 'B00078MHMY', 'B00078MHNS'])
2026-03-07 15:28:19,047 [INFO] ブランド再確認中: Jim Dunlop (対象ASIN: ['B0007CXINW', 'B000X92CJ0', 'B0011W3TGS'])
2026-03-07 15:28:24,501 [INFO] ブランド再確認中: Denon (対象ASIN: ['B0007DA21W', 'B0007DA226', 'B000FMNBXG'])
2026-03-07 15:28:30,002 [INFO] ブランド再確認中: エイベックストラックス (対象ASIN: ['B0007G8CFM', 'B001CCHIC8', 'B004HD4KCK'])
2026-03-07 15:28:35,360 [INFO] ブランド再確認中: G7th (対象ASIN: ['B0007GGUGA', 'B0057LJGKW', 'B00L98I702'])
2026-03-07 15:28:40,952 [INFO] ブランド再確認中: DW (対象ASIN: ['B0007PBKBQ', 'B0009R0A2C', 'B0042SO6Y2'])
2026-03-07 15:28:46,276 [INFO] ブランド再確認中: シグマ(Sigma) (対象ASIN: ['B0007U00XA', 'B000AM7CJ0', 'B000B8GSJ8'])
2026-03-07 15:28:50,126 [INFO] ブランド【シグマ(Sigma)】が再判定で出品可能(〇)になりました！
2026-03-07 15:28:50,127 [INFO] ブランド再確認中: OnStage (対象ASIN: ['B0007WPCKE', 'B000CD1R84', 'B000CD3QYM'])
2026-03-07 15:28:55,686 [INFO] ブランド再確認中: INTEX (対象ASIN: ['B0007XC2JC', 'B00HJGTLVW', 'B01N38ALMY'])
2026-03-07 15:29:01,120 [INFO] ブランド再確認中: grover (対象ASIN: ['B0007XZCD0', 'B0007Y2D04', 'B000EEI6QW'])
2026-03-07 15:29:06,627 [INFO] ブランド再確認中: ワーナー・ブラザース・ホームエンターテイメント (対象ASIN: ['B00092QSBO', 'B000ETRI8O', 'B000GRUT1C'])
2026-03-07 15:29:11,871 [INFO] ブランド再確認中: セガフェイブ(SEGA FAVE) (対象ASIN: ['B0009E387O', 'B0009F2CR0', 'B000H5UODQ'])
2026-03-07 15:29:17,385 [INFO] ブランド再確認中: Leviton (対象ASIN: ['B0009KIN0A'])
2026-03-07 15:29:19,229 [INFO] ブランド再確認中: SONOR (対象ASIN: ['B0009KJ25A', 'B0041EQV9A', 'B0041RXKJQ'])
2026-03-07 15:29:24,606 [INFO] ブランド再確認中: PROCO (対象ASIN: ['B0009KKBIW', 'B00AKQV1FM', 'B00OQE8ACG'])
2026-03-07 15:29:28,144 [INFO] ブランド【PROCO】が再判定で出品可能(〇)になりました！
2026-03-07 15:29:28,147 [INFO] ブランド再確認中: LucasArts (対象ASIN: ['B0009O7HUI', 'B0009O7HVM', 'B000AAZC08'])
2026-03-07 15:29:35,064 [INFO] ブランド再確認中: POLO RALPH LAUREN (対象ASIN: ['B0009PRYMI', 'B00GKHVSJE', 'B00MNR4ZJU'])
2026-03-07 15:29:40,234 [INFO] ブランド再確認中: ジェネオン ユニバーサル エンターテ (対象ASIN: ['B0009S8FYQ', 'B000FVR9VC', 'B0015GSBE0'])
2026-03-07 15:29:45,640 [INFO] ブランド再確認中: Bosch (対象ASIN: ['B0009U7ASQ', 'B0009U7AT0', 'B0009U7AYA'])
2026-03-07 15:29:50,982 [INFO] ブランド再確認中: TOA(ティーオーエー) (対象ASIN: ['B0009VY00G', 'B0009VY01U', 'B0009VY03I'])
2026-03-07 15:29:56,250 [INFO] ブランド再確認中: Road Ready (対象ASIN: ['B000A1HU0W'])
2026-03-07 15:29:58,092 [INFO] ブランド再確認中: JodyJazz (対象ASIN: ['B000A4VWEE', 'B000A4VWF8', 'B000A4YYUS'])
2026-03-07 15:30:03,388 [INFO] ブランド再確認中: 弥生 (対象ASIN: ['B000A4ZINU', 'B000FHTHMU', 'B000FHTHNO'])
2026-03-07 15:30:05,154 [INFO] ブランド【弥生】が再判定で出品可能(〇)になりました！
2026-03-07 15:30:05,157 [INFO] ブランド再確認中: ロブナー (対象ASIN: ['B000A87OGA', 'B0026FIBWQ', 'B002UZQBV0'])
2026-03-07 15:30:10,730 [INFO] ブランド再確認中: フジ医療器 (対象ASIN: ['B000ABV936'])
2026-03-07 15:30:12,604 [INFO] ブランド再確認中: Sony Pictures Home Entertainment (対象ASIN: ['B000ADPXIQ', 'B000EHRX90', 'B000ENUYZY'])
2026-03-07 15:30:17,849 [INFO] ブランド再確認中: トネ(TONE) (対象ASIN: ['B000ALF4TG', 'B000TGF7J4', 'B000W9FP72'])
2026-03-07 15:30:23,295 [INFO] ブランド再確認中: Playmobil (対象ASIN: ['B000AMK1EI', 'B07B3ZKTLX', 'B07PCMG9BW'])
2026-03-07 15:30:25,057 [INFO] ブランド【Playmobil】が再判定で出品可能(〇)になりました！
2026-03-07 15:30:25,060 [INFO] ブランド再確認中: ラトックシステム (対象ASIN: ['B000ANR7T4', 'B001180550', 'B00UB66CK0'])
2026-03-07 15:30:30,480 [INFO] ブランド再確認中: MERRELL(メレル) (対象ASIN: ['B000AQRU0W', 'B000AQRU16', 'B000AQRUAC'])
2026-03-07 15:30:35,759 [INFO] ブランド再確認中: プリムス(PRIMUS) (対象ASIN: ['B000AQXZMY', 'B01MZCSNBS', 'B096ZB6RF7'])
2026-03-07 15:30:41,355 [INFO] ブランド再確認中: 第一精工 (対象ASIN: ['B000AR6SGS', 'B000AR6SHM', 'B000AR6SHW'])
2026-03-07 15:30:46,790 [INFO] ブランド再確認中: SKECHERS(スケッチャーズ) (対象ASIN: ['B000ARB8MC', 'B000ARIYBA', 'B000E7SULK'])
2026-03-07 15:30:52,341 [INFO] ブランド再確認中: ニッタク(Nittaku) (対象ASIN: ['B000ARMUGK', 'B00HRJUYGM', 'B00HRJUZ4S'])
2026-03-07 15:30:57,776 [INFO] ブランド再確認中: SSK (対象ASIN: ['B000ART13K', 'B000BJYZNS', 'B000BJYZO2'])
2026-03-07 15:31:03,174 [INFO] ブランド再確認中: GREGORY(グレゴリー) (対象ASIN: ['B000B5WEEY', 'B000B5WGBA', 'B00462QQS8'])
2026-03-07 15:31:08,686 [INFO] ブランド再確認中: UniFlame (対象ASIN: ['B000B7CJW4', 'B000BT8NN6', 'B007FFVVVK'])
2026-03-07 15:31:14,161 [INFO] ブランド再確認中: MSR (対象ASIN: ['B000BBF2RY', 'B000BBGQ7O', 'B001I0BULY'])
2026-03-07 15:31:19,791 [INFO] ブランド再確認中: Stagg (対象ASIN: ['B000BCZ8YK', 'B000NZKGGU', 'B005GBWA2O'])
2026-03-07 15:31:25,115 [INFO] ブランド再確認中: Star Wars (対象ASIN: ['B000BJ2GOS', 'B000V6IN3O', 'B007Z3LBC6'])
2026-03-07 15:31:30,480 [INFO] ブランド再確認中: Bachmann (対象ASIN: ['B000BPU7ZC', 'B0038LFRZQ', 'B00439SCOK'])
2026-03-07 15:31:35,908 [INFO] ブランド再確認中: ホーザン(HOZAN) (対象ASIN: ['B000BSBSLQ', 'B001R6Z8XA', 'B0022K2O4G'])
2026-03-07 15:31:41,227 [INFO] ブランド再確認中: D3 PUBLISHER (対象ASIN: ['B000BSHV6W', 'B00189MNMK', 'B001A76X8U'])
2026-03-07 15:31:46,617 [INFO] ブランド再確認中: Bon Musica (対象ASIN: ['B000BUC60G', 'B000BUHAXO'])
2026-03-07 15:31:50,312 [INFO] ブランド再確認中: BLACK+DECKER (対象ASIN: ['B000BUPRM0', 'B0F8GV8QXW'])
2026-03-07 15:31:53,808 [INFO] ブランド再確認中: STABILO (対象ASIN: ['B000C211SG', 'B0011UP7BK', 'B0013N3TRE'])
2026-03-07 15:31:59,427 [INFO] ブランド再確認中: KYB(ケーワイビー) (対象ASIN: ['B000C44C58', 'B000C44D8O', 'B004H8XG4S'])
2026-03-07 15:32:04,835 [INFO] ブランド再確認中: Snuggle Puppy (対象ASIN: ['B000C9YHFS'])
2026-03-07 15:32:06,739 [INFO] ブランド再確認中: PROTECTIONracket (対象ASIN: ['B000CP035K', 'B003JR2RSY', 'B003JR6ZQE'])
2026-03-07 15:32:12,133 [INFO] ブランド再確認中: KLEIN TOOLS (対象ASIN: ['B000EA91K6', 'B004TW4S4Y', 'B004TW5PUK'])
2026-03-07 15:32:17,596 [INFO] ブランド再確認中: DUNLOP (対象ASIN: ['B000EB93IK', 'B000EBB7V6', 'B00189MDA2'])
2026-03-07 15:32:23,006 [INFO] ブランド再確認中: TAKUYO (対象ASIN: ['B000EIRXGW', 'B01M01JP8Q'])
2026-03-07 15:32:24,798 [INFO] ブランド【TAKUYO】が再判定で出品可能(〇)になりました！
2026-03-07 15:32:24,801 [INFO] ブランド再確認中: ワーシャル(Warchal) (対象ASIN: ['B000ETTNGY', 'B004OSIA60', 'B00ZGQ9J3M'])
2026-03-07 15:32:30,259 [INFO] ブランド再確認中: Artemis (対象ASIN: ['B000EUEF8E', 'B001NRRODA', 'B01JHKCKCY'])
2026-03-07 15:32:35,776 [INFO] ブランド再確認中: BIRKENSTOCK(ビルケンシュトック) (対象ASIN: ['B000EYBKOC', 'B000FASRW8', 'B000FAX0ZC'])
2026-03-07 15:32:41,184 [INFO] ブランド再確認中: AudioQuest (対象ASIN: ['B000F20MO2', 'B07GY1WW1P', 'B07KRPFTLV'])
2026-03-07 15:32:46,609 [INFO] ブランド再確認中: リットマン(Littmann) (対象ASIN: ['B000F4OYEE', 'B000F4UOVG', 'B000F4UP10'])
2026-03-07 15:32:52,742 [INFO] ブランド再確認中: LAMY (対象ASIN: ['B000FA5E2Y', 'B000FA5EAQ', 'B000FA5EC4'])
2026-03-07 15:32:58,392 [INFO] ブランド再確認中: Fisher-Price (対象ASIN: ['B000FFL58Q', 'B004UU9ZB6', 'B008DDPLEG'])
2026-03-07 15:33:04,225 [INFO] ブランド再確認中: マックス (対象ASIN: ['B000FHPUBW', 'B000FHPVMU', 'B000FHPVN4'])
2026-03-07 15:33:09,609 [INFO] ブランド再確認中: アマノ (対象ASIN: ['B000FHSXCA', 'B000FHSXHU', 'B000ZOFT1G'])
2026-03-07 15:33:15,006 [INFO] ブランド再確認中: PLUS(プラス) (対象ASIN: ['B000FHVE1M', 'B000FHVE30', 'B002IJ586M'])
2026-03-07 15:33:20,585 [INFO] ブランド再確認中: プリンストン (対象ASIN: ['B000FHVVM4', 'B001F4QLBW', 'B004W0J898'])
2026-03-07 15:33:26,073 [INFO] ブランド再確認中: コンテック(kontec) (対象ASIN: ['B000FHXY4W', 'B000FHXZP0'])
2026-03-07 15:33:29,730 [INFO] ブランド再確認中: シーゲイト(SEAGATE) (対象ASIN: ['B000FL8LZA', 'B0035G0J98', 'B003VN5MMO'])
2026-03-07 15:33:35,012 [INFO] ブランド再確認中: シマノ(SHIMANO) (対象ASIN: ['B000FOPWOA', 'B000FOPWOU', 'B000FOPWP4'])
2026-03-07 15:33:40,380 [INFO] ブランド再確認中: HP (対象ASIN: ['B000FVNX2Q', 'B003LDB3K4', 'B0054TX1D0'])
2026-03-07 15:33:45,885 [INFO] ブランド再確認中: ペティオ (Petio) (対象ASIN: ['B000G1OJIC', 'B00L7MFUKU', 'B00L7MKNYI'])
2026-03-07 15:33:51,304 [INFO] ブランド再確認中: ハイテック マルチプレックス ジャパン(Hitec Multiplex Japan) (対象ASIN: ['B000G6F0A8', 'B017KPE756', 'B017KPE7YM'])
2026-03-07 15:33:57,047 [INFO] ブランド再確認中: プロクソン(PROXXON) (対象ASIN: ['B000GBAHF6', 'B001VB2ZNM', 'B0020B4ASK'])
2026-03-07 15:34:02,527 [INFO] ブランド再確認中: 生活の木 (対象ASIN: ['B000GBO6QC', 'B003BS0YVI', 'B00ULAE6RM'])
2026-03-07 15:34:07,915 [INFO] ブランド再確認中: ART (対象ASIN: ['B000GF2EN0', 'B001N6VYLE', 'B001N7340C'])
2026-03-07 15:34:13,375 [INFO] ブランド再確認中: ナカバヤシ(Nakabayashi) (対象ASIN: ['B000GPPGAI', 'B000GPPGAS', 'B000GPPGC6'])
2026-03-07 15:34:18,766 [INFO] ブランド再確認中: 台湾ユアサ (TAIWAN YUASA) (対象ASIN: ['B000GZRB4W', 'B0031BRDFU', 'B00B6XM3Q4'])
2026-03-07 15:34:24,348 [INFO] ブランド再確認中: regalo (対象ASIN: ['B000H1MRJO', 'B001OC5UNA', 'B0088UXLSW'])
2026-03-07 15:34:30,380 [INFO] ブランド再確認中: アルインコ(Alinco) (対象ASIN: ['B000H7J20U', 'B000I0RCUS', 'B002P9C3HC'])
2026-03-07 15:34:35,854 [INFO] ブランド再確認中: キングジム(Kingjim) (対象ASIN: ['B000HC8EAO', 'B000I8OKAU', 'B000K7XEOC'])
2026-03-07 15:34:41,414 [INFO] ブランド再確認中: 20世紀フォックス・ホーム・エンターテイメント・ジャパン (対象ASIN: ['B000HOL87S'])
2026-03-07 15:34:43,218 [INFO] ブランド再確認中: Dickies (対象ASIN: ['B000HWX44K', 'B000N8RVGK', 'B000N8RVN8'])
2026-03-07 15:34:48,879 [INFO] ブランド再確認中: OXO (オクソー) (対象ASIN: ['B000I0MGKE', 'B0067GKHHM', 'B07CSKGLMM'])
2026-03-07 15:34:54,611 [INFO] ブランド再確認中: CDI TORQUE PRODUCTS (対象ASIN: ['B000I1O9OE', 'B000I1R5GS', 'B000I1WMAW'])
2026-03-07 15:35:00,076 [INFO] ブランド再確認中: Codemasters (対象ASIN: ['B000I2WJWM', 'B000QL0T36', 'B000R39GPK'])
2026-03-07 15:35:05,711 [INFO] ブランド再確認中: カリタ(Kalita) (対象ASIN: ['B000I5NR3Y', 'B01ASRCOAI', 'B01ASRCPLQ'])
2026-03-07 15:35:11,313 [INFO] ブランド再確認中: 岩鋳(Iwachu) (対象ASIN: ['B000IA8O1Y', 'B000O1P87K', 'B000O1P87U'])
2026-03-07 15:35:16,805 [INFO] ブランド再確認中: Barbie (対象ASIN: ['B000J3JQZI', 'B000T0GMXU', 'B07NH1W4TB'])
2026-03-07 15:35:22,435 [INFO] ブランド再確認中: WATERMAN (対象ASIN: ['B000J3TZBS', 'B000J3X95Q', 'B001645BI0'])
2026-03-07 15:35:28,060 [INFO] ブランド再確認中: マンフロット(Manfrotto) (対象ASIN: ['B000JLI4Q2', 'B000JLK5PK', 'B0013TG7WM'])
2026-03-07 15:35:33,758 [INFO] ブランド再確認中: 三和電気計器 (対象ASIN: ['B000JQFER4', 'B0017S13YQ', 'B0017S38PI'])
2026-03-07 15:35:39,131 [INFO] ブランド再確認中: KAPLA (対象ASIN: ['B000K09OL6', 'B007XB7C7I'])
2026-03-07 15:35:42,931 [INFO] ブランド再確認中: Vans (対象ASIN: ['B000K7HYXO', 'B000NSIM8Q', 'B000NSKN2O'])
2026-03-07 15:35:48,841 [INFO] ブランド再確認中: ZOOM(ズーム) (対象ASIN: ['B000K9NVUW', 'B000L0FWCU', 'B002HQWM2Y'])
2026-03-07 15:35:54,152 [INFO] ブランド再確認中: Champion Sports (対象ASIN: ['B000KA2VGQ'])
2026-03-07 15:35:56,026 [INFO] ブランド再確認中: Liquitex (対象ASIN: ['B000KNPKAW', 'B000P296OO', 'B000XTQJ26'])
2026-03-07 15:36:01,389 [INFO] ブランド再確認中: L.R.Baggs (対象ASIN: ['B000LP9ON8', 'B002CCKZPE', 'B003OCNQT8'])
2026-03-07 15:36:06,723 [INFO] ブランド再確認中: メデラ (対象ASIN: ['B000LPZTQY', 'B0CDY13S1N', 'B0F56HC6D8'])
2026-03-07 15:36:12,752 [INFO] ブランド再確認中: ファーバーカステル(Faber-Castell) (対象ASIN: ['B000LY5AF0', 'B000OV4MPE', 'B000UEDTWM'])
2026-03-07 15:36:18,499 [INFO] ブランド再確認中: HYPERKIN (対象ASIN: ['B000MFHH6I', 'B003YDDAD4', 'B003YDH4PO'])
2026-03-07 15:36:24,175 [INFO] ブランド再確認中: Up Country (対象ASIN: ['B000MIG928', 'B01B553E6U', 'B01D3MR2KM'])
2026-03-07 15:36:29,494 [INFO] ブランド再確認中: Nbcユニバーサル エンターテイメント (対象ASIN: ['B000MR8VVG', 'B000PC6ZRA', 'B000RYWLFQ'])
2026-03-07 15:36:34,858 [INFO] ブランド再確認中: Electro-Harmonix (対象ASIN: ['B000MWWT6E', 'B000NUXNWE', 'B000PHPJMM'])
2026-03-07 15:36:40,443 [INFO] ブランド再確認中: キャプテンスタッグ(CAPTAIN STAG) (対象ASIN: ['B000NJIE4C', 'B000NJK45E', 'B002F9MHJQ'])
2026-03-07 15:36:47,020 [INFO] ブランド再確認中: Honeywell (対象ASIN: ['B000NKGVDM', 'B00LRAO3DC'])
2026-03-07 15:36:50,669 [INFO] ブランド再確認中: ブルーダー(Bruder) (対象ASIN: ['B000NYT1SU', 'B00260GL8C', 'B003297I1U'])
2026-03-07 15:36:56,530 [INFO] ブランド再確認中: Wilson(ウイルソン) (対象ASIN: ['B000O0ONKE', 'B0046ZRU4O', 'B0046ZRU58'])
2026-03-07 15:37:01,796 [INFO] ブランド再確認中: グローエ(Grohe) (対象ASIN: ['B000P0BCNY', 'B0018I3J56', 'B005XNX43O'])
2026-03-07 15:37:07,528 [INFO] ブランド再確認中: スリーエム(3M) (対象ASIN: ['B000P1MTLW', 'B000RMKMVI', 'B0013MX8I0'])
2026-03-07 15:37:12,777 [INFO] ブランド再確認中: Amana Tool (対象ASIN: ['B000P4NVSY', 'B00IZ8MDAY', 'B01M3VP159'])
2026-03-07 15:37:18,784 [INFO] ブランド再確認中: アブス(ABUS) (対象ASIN: ['B000P5RSGE', 'B000TLVI2Y', 'B000Y8NFU0'])
2026-03-07 15:37:24,326 [INFO] ブランド再確認中: アイリスオーヤマ(IRIS OHYAMA) (対象ASIN: ['B000PC1R0U', 'B000VT2TDG', 'B000WCEKN4'])
2026-03-07 15:37:29,755 [INFO] ブランド再確認中: Winsor & Newton (対象ASIN: ['B000PD3M0W', 'B000PD3M2U', 'B000YQGA4K'])
2026-03-07 15:37:35,437 [INFO] ブランド再確認中: K&K Sound (対象ASIN: ['B000PGQLXO', 'B00CP6LZIS', 'B00CX6HQ06'])
2026-03-07 15:37:40,905 [INFO] ブランド再確認中: CITIZEN (対象ASIN: ['B000R34VWI', 'B000RDCATE', 'B002TG4WI4'])
2026-03-07 15:37:46,217 [INFO] ブランド再確認中: Avantone (対象ASIN: ['B000RU7AGA', 'B000RUJJEQ', 'B003BQ1Y82'])
2026-03-07 15:37:51,741 [INFO] ブランド再確認中: BG (対象ASIN: ['B000RVZ4C6', 'B000RVZXX6', 'B000RW048Y'])
2026-03-07 15:37:57,182 [INFO] ブランド再確認中: Hughes&Kettner (対象ASIN: ['B000RY91I6', 'B0047TI4US', 'B00DG89W0W'])
2026-03-07 15:38:02,882 [INFO] ブランド再確認中: プラントイジャパン(PLANTOYS JAPAN) (対象ASIN: ['B000S5ZOV2'])
2026-03-07 15:38:04,762 [INFO] ブランド再確認中: Laney (対象ASIN: ['B000S6LR4O', 'B001TODDGY', 'B005HC1CY4'])
2026-03-07 15:38:10,230 [INFO] ブランド再確認中: PATRICK(パトリック) (対象ASIN: ['B000SBUUDS', 'B000SBUUH4', 'B000SBUUXS'])
2026-03-07 15:38:15,656 [INFO] ブランド再確認中: Kaerntner (対象ASIN: ['B000SF5A16', 'B000T6PEY2', 'B000T6REF4'])
2026-03-07 15:38:21,026 [INFO] ブランド再確認中: Disney Interactive (対象ASIN: ['B000SFK0QQ', 'B002BUEH2Y', 'B002BUIDGU'])
2026-03-07 15:38:26,800 [INFO] ブランド再確認中: トーエイライト(TOEI LIGHT) (対象ASIN: ['B000SO1DNG', 'B001398KWC', 'B001398NVA'])
2026-03-07 15:38:32,092 [INFO] ブランド再確認中: OM SYSTEM/オリンパス (対象ASIN: ['B000SSLR5Q', 'B002CVTA1U', 'B002WB148M'])
2026-03-07 15:38:37,799 [INFO] ブランド再確認中: キクタニ (対象ASIN: ['B000T90386', 'B001J2MVTQ', 'B0025WSG5W'])
2026-03-07 15:38:43,063 [INFO] ブランド再確認中: InSinkErator (対象ASIN: ['B000T9VPVK', 'B001DEP7H8', 'B00I52WCHE'])
2026-03-07 15:38:48,487 [INFO] ブランド再確認中: Petmate (対象ASIN: ['B000TBPU8M', 'B000TBPU9Q', 'B00DJR9X40'])
2026-03-07 15:38:53,899 [INFO] ブランド再確認中: フォクトレンダー (対象ASIN: ['B000TDXMGW', 'B078S218F7', 'B07YDSGHMP'])
2026-03-07 15:38:59,486 [INFO] ブランド再確認中: スーパーツール(Supertool) (対象ASIN: ['B000TG8NRM', 'B000TGCSKA', 'B000TGCSKK'])
2026-03-07 15:39:04,864 [INFO] ブランド再確認中: Sierra (対象ASIN: ['B000TG92WW'])
2026-03-07 15:39:06,759 [INFO] ブランド再確認中: 京都機械工具(KTC) (対象ASIN: ['B000TGAL68', 'B0010KBYUE', 'B0010KBYV8'])
2026-03-07 15:39:12,015 [INFO] ブランド再確認中: エー・アンド・デイ(A&D) (対象ASIN: ['B000TGAM4E', 'B000TGF8N4', 'B000W9C3ZO'])
2026-03-07 15:39:17,391 [INFO] ブランド再確認中: シンワ測定(Shinwa Sokutei) (対象ASIN: ['B000TGAS9I', 'B000W9MYQM', 'B001C7DUMK'])
2026-03-07 15:39:22,717 [INFO] ブランド再確認中: MCC (対象ASIN: ['B000TGCV84', 'B000TGF4GK', 'B002J4U3XO'])
2026-03-07 15:39:28,067 [INFO] ブランド再確認中: 日東工器 (対象ASIN: ['B000TGCZIA', 'B00762A5SM', 'B00JIIM3V4'])
2026-03-07 15:39:33,656 [INFO] ブランド再確認中: 白光(HAKKO) (対象ASIN: ['B000TGJFNS', 'B003M2K594', 'B00762AGO0'])
2026-03-07 15:39:39,120 [INFO] ブランド再確認中: Taylor (対象ASIN: ['B000TGJZ1K', 'B003XNTQWO', 'B007CSXUNM'])
2026-03-07 15:39:44,635 [INFO] ブランド再確認中: STENTOR (対象ASIN: ['B000TGM45Y', 'B002021HIK', 'B0028BN00G'])
2026-03-07 15:39:50,213 [INFO] ブランド再確認中: MAXON (対象ASIN: ['B000TIA2KQ', 'B000TIBQU6', 'B000TIBURA'])
2026-03-07 15:39:55,628 [INFO] ブランド再確認中: フジローヤル (対象ASIN: ['B000TIOY1O'])
2026-03-07 15:39:57,376 [INFO] ブランド【フジローヤル】が再判定で出品可能(〇)になりました！
2026-03-07 15:39:57,379 [INFO] ブランド再確認中: KC(ケーシー) (対象ASIN: ['B000TUVWIA', 'B000TUVXDE', 'B000TUXV0W'])
2026-03-07 15:40:02,794 [INFO] ブランド再確認中: ALPHA INDUSTRIES INC(アルファ インダストリーズ) (対象ASIN: ['B000UJA588', 'B000UJA5DS', 'B000UJC518'])
2026-03-07 15:40:08,401 [INFO] ブランド再確認中: WD-40 (対象ASIN: ['B000UKILGK'])
2026-03-07 15:40:10,280 [INFO] ブランド再確認中: CONVERSE(コンバース) (対象ASIN: ['B000UNPZNE', 'B008XVI780', 'B00AIC1S6A'])
2026-03-07 15:40:15,894 [INFO] ブランド再確認中: Prince(プリンス) (対象ASIN: ['B000V3L4XS', 'B001TI3IB0', 'B007SSG7GS'])
2026-03-07 15:40:21,304 [INFO] ブランド再確認中: Thrustmaster (対象ASIN: ['B000V6HFZQ', 'B005PPOBQE', 'B00CBVHJ00'])
2026-03-07 15:40:27,172 [INFO] ブランド再確認中: BLACKSTAR (対象ASIN: ['B000VC5XQ8', 'B01EMSREDG', 'B07BLTTK17'])
2026-03-07 15:40:32,716 [INFO] ブランド再確認中: HALDER (対象ASIN: ['B000VCZWEG'])
2026-03-07 15:40:34,611 [INFO] ブランド再確認中: Vivendi (対象ASIN: ['B000VINP1W'])
2026-03-07 15:40:36,415 [INFO] ブランド【Vivendi】が再判定で出品可能(〇)になりました！
2026-03-07 15:40:36,418 [INFO] ブランド再確認中: JVCケンウッド (対象ASIN: ['B000VKIK6U', 'B002A33UYI', 'B002CZKYIO'])
2026-03-07 15:40:41,804 [INFO] ブランド再確認中: Gerber (対象ASIN: ['B000VORS1E', 'B001DZTJ9O', 'B001JQ5YJ6'])
2026-03-07 15:40:47,518 [INFO] ブランド再確認中: アークシステムワークス (対象ASIN: ['B000VT56NQ', 'B00E52GCHE', 'B017K9PKXK'])
2026-03-07 15:40:53,000 [INFO] ブランド再確認中: Snugpak(スナグパック) (対象ASIN: ['B000VVI3F2', 'B002MYF61K'])
2026-03-07 15:40:56,727 [INFO] ブランド再確認中: Versa Gripps (対象ASIN: ['B000VWDER8', 'B00536YIZY', 'B005XDIXGW'])
2026-03-07 15:41:02,424 [INFO] ブランド再確認中: Timberland(ティンバーランド) (対象ASIN: ['B000VX03WQ', 'B000VX03X0', 'B000VX040C'])
2026-03-07 15:41:07,877 [INFO] ブランド再確認中: SHUBB (対象ASIN: ['B000VXF3V2', 'B000WKV1OC', 'B007BYZ4ZO'])
2026-03-07 15:41:13,385 [INFO] ブランド再確認中: イケヒコ・コーポレーション (対象ASIN: ['B000W6H4R4', 'B000W6IVZ8', 'B000W6IW02'])
2026-03-07 15:41:18,793 [INFO] ブランド再確認中: カーテンくれない (対象ASIN: ['B000W7T62O', 'B000W7T63I', 'B000WB46RK'])
2026-03-07 15:41:24,348 [INFO] ブランド再確認中: Crocs (対象ASIN: ['B000W8DWZK', 'B000WEGAYY', 'B000WEGAZI'])
2026-03-07 15:41:29,740 [INFO] ブランド再確認中: 東日製作所 (対象ASIN: ['B000W9FNGA', 'B000W9H9BC', 'B000W9IMVI'])
2026-03-07 15:41:35,310 [INFO] ブランド再確認中: パトライト(PATLITE) (対象ASIN: ['B000W9FOGO', 'B000W9MULG', 'B002RL99H0'])
2026-03-07 15:41:40,640 [INFO] ブランド再確認中: HiKOKI(ハイコーキ) (対象ASIN: ['B000W9ISRQ', 'B003B349NW', 'B003B3A5QM'])
2026-03-07 15:41:46,104 [INFO] ブランド再確認中: タイタン(TITAN) (対象ASIN: ['B000W9KY00', 'B000W9KY0A', 'B0047QRV1E'])
2026-03-07 15:41:47,825 [INFO] ブランド【タイタン(TITAN)】が再判定で出品可能(〇)になりました！
2026-03-07 15:41:47,828 [INFO] ブランド再確認中: Talens (対象ASIN: ['B000WD3SOA', 'B0014ZR1AC'])
2026-03-07 15:41:51,485 [INFO] ブランド再確認中: デフィ(Defi) (対象ASIN: ['B000WDQQ4E', 'B002W68W1O', 'B002W6DKZC'])
2026-03-07 15:41:56,896 [INFO] ブランド再確認中: カランダッシュ(Caran d'Ache) (対象ASIN: ['B000WN4ODY', 'B000WN625W', 'B000WN626G'])
2026-03-07 15:42:02,514 [INFO] ブランド再確認中: BLUE BUFFALO (対象ASIN: ['B000X96YJE'])
2026-03-07 15:42:04,427 [INFO] ブランド再確認中: PLAYTECH (対象ASIN: ['B000XA5N0E', 'B00DBXKBLG', 'B01N1ZPU3T'])
2026-03-07 15:42:06,133 [INFO] ブランド【PLAYTECH】が再判定で出品可能(〇)になりました！
2026-03-07 15:42:06,136 [INFO] ブランド再確認中: ミソノ(Misono) (対象ASIN: ['B000XSX8IA', 'B000XSX8KI', 'B000XSX8MQ'])
2026-03-07 15:42:11,641 [INFO] ブランド再確認中: Grover (対象ASIN: ['B000XZX4R8', 'B007SLT5GE'])
2026-03-07 15:42:15,251 [INFO] ブランド再確認中: Yanagisawa (対象ASIN: ['B000Y5VHNK', 'B003VGLP7C', 'B003VGLP9K'])
2026-03-07 15:42:20,588 [INFO] ブランド再確認中: TAMA(タマ) (対象ASIN: ['B000Y7LWT2', 'B000Y7RLP6', 'B001KKZJ6E'])
2026-03-07 15:42:26,111 [INFO] ブランド再確認中: Aria (対象ASIN: ['B000Y7RPKW', 'B003Q029TG', 'B0045H0RCK'])
2026-03-07 15:42:31,499 [INFO] ブランド再確認中: ミューラー(Mueller) (対象ASIN: ['B000Y8IDP2', 'B001DDRYS4', 'B011QCMKG2'])
2026-03-07 15:42:36,850 [INFO] ブランド再確認中: 山崎産業(Yamazaki Sangyo) (対象ASIN: ['B000YG64Z0', 'B000YG7YNQ', 'B000YG7YQ8'])
2026-03-07 15:42:42,251 [INFO] ブランド再確認中: Arches (対象ASIN: ['B000YQIACU', 'B00556VPPI', 'B00584FJZY'])
2026-03-07 15:42:47,821 [INFO] ブランド再確認中: Z.VEX (対象ASIN: ['B000Z6CXWM', 'B003XKOK6E', 'B003XKOK9Q'])
2026-03-07 15:42:49,510 [INFO] ブランド【Z.VEX】が再判定で出品可能(〇)になりました！
2026-03-07 15:42:49,513 [INFO] ブランド再確認中: Electro-Voice (対象ASIN: ['B000Z7JK72', 'B003BQ2DKK', 'B00DTERHLY'])
2026-03-07 15:42:54,841 [INFO] ブランド再確認中: 5pb. (対象ASIN: ['B00104PXVG', 'B0027A9WAA', 'B002CZOW1O'])
2026-03-07 15:43:00,289 [INFO] ブランド再確認中: 市場(Marche) (対象ASIN: ['B0010HO14S'])
2026-03-07 15:43:02,042 [INFO] ブランド【市場(Marche)】が再判定で出品可能(〇)になりました！
2026-03-07 15:43:02,046 [INFO] ブランド再確認中: EA SPORTS (対象ASIN: ['B0010HOZO4', 'B0012NAXE2', 'B00A7Q9ZQM'])
2026-03-07 15:43:07,669 [INFO] ブランド再確認中: イービーエム(EBM) (対象ASIN: ['B0010HQR68', 'B0010HRX2U', 'B001TV5E8W'])
2026-03-07 15:43:13,137 [INFO] ブランド再確認中: ハンコック(Hankook) (対象ASIN: ['B0010KGVYS', 'B07NVWB6XW', 'B07NVWB6Y2'])
2026-03-07 15:43:18,641 [INFO] ブランド再確認中: 安寿 (対象ASIN: ['B0010KIHX6', 'B0013N4AUE', 'B001GZBQR4'])
2026-03-07 15:43:24,067 [INFO] ブランド再確認中: ベイヤーダイナミック (対象ASIN: ['B0011UB9CQ', 'B01KM9EJ7I', 'B01M9IXCEW'])
2026-03-07 15:43:29,708 [INFO] ブランド再確認中: Dunlop (対象ASIN: ['B0011W5LTQ', 'B0045HFDOC', 'B00XYSZGOU'])
2026-03-07 15:43:35,304 [INFO] ブランド再確認中: 天馬(Tenma) (対象ASIN: ['B0011XYCAE', 'B0011XYCAO', 'B0011XZUOQ'])
2026-03-07 15:43:40,745 [INFO] ブランド再確認中: Fissler(フィスラー) (対象ASIN: ['B0012CK69U', 'B0976K3JD7', 'B0976LQSM5'])
2026-03-07 15:43:46,196 [INFO] ブランド再確認中: Rhythm Zone (対象ASIN: ['B0012F9B52', 'B081R4ZYC3'])
2026-03-07 15:43:49,772 [INFO] ブランド再確認中: Nord (対象ASIN: ['B0012TBIGS', 'B0012TBIIQ', 'B003MRZ6Z2'])
2026-03-07 15:43:55,340 [INFO] ブランド再確認中: NBCユニバーサル・エンターテイメントジャパン(LAQ) (対象ASIN: ['B0012UKG74', 'B001HJP0OO', 'B001REPQKW'])
2026-03-07 15:43:57,052 [INFO] ブランド【NBCユニバーサル・エンターテイメントジャパン(LAQ)】が再判定で出品可能(〇)になりました！
2026-03-07 15:43:57,055 [INFO] ブランド再確認中: アサヒペン(Asahipen) (対象ASIN: ['B0013KZGXM', 'B0013KZGY6', 'B0013KZGYG'])
2026-03-07 15:44:02,458 [INFO] ブランド再確認中: Solutions 2 GO (対象ASIN: ['B0013M2SJ0', 'B0022TNO7S', 'B07HL6LHL5'])
2026-03-07 15:44:08,200 [INFO] ブランド再確認中: MAXTONE (対象ASIN: ['B0014DAGHY', 'B00TTQ94RQ', 'B014SDH2WI'])
2026-03-07 15:44:09,919 [INFO] ブランド【MAXTONE】が再判定で出品可能(〇)になりました！
2026-03-07 15:44:09,921 [INFO] ブランド再確認中: ステッドラー(STAEDTLER) (対象ASIN: ['B0014E8JZ4', 'B085SHK4HW'])
2026-03-07 15:44:13,605 [INFO] ブランド再確認中: SASAKI(ササキ) (対象ASIN: ['B0014UJAD8', 'B002YPFMMA', 'B004UITM0C'])
2026-03-07 15:44:19,004 [INFO] ブランド再確認中: Waste King (対象ASIN: ['B0014X96YS', 'B0014XEM88'])
2026-03-07 15:44:22,790 [INFO] ブランド再確認中: NOW (対象ASIN: ['B0015AQL1Q'])
2026-03-07 15:44:24,999 [INFO] ブランド再確認中: リズム(RHYTHM) (対象ASIN: ['B0015DYEVC', 'B003R50D66', 'B00E128NGQ'])
2026-03-07 15:44:30,452 [INFO] ブランド再確認中: Logitech G (対象ASIN: ['B0015HYPOO', 'B00LZVNWIA', 'B00PVWZH78'])
2026-03-07 15:44:36,244 [INFO] ブランド再確認中: コンパイルハート (対象ASIN: ['B0015POK82', 'B00TF84ZYK', 'B01NBHHNOQ'])
2026-03-07 15:44:41,685 [INFO] ブランド再確認中: Vortex (対象ASIN: ['B00161ZI4A', 'B001EC7KMY', 'B002OD7Z36'])
2026-03-07 15:44:47,343 [INFO] ブランド再確認中: パオック(PAOCK) (対象ASIN: ['B001638PP2', 'B00UUMDMZI', 'B07TTSBCHT'])
2026-03-07 15:44:52,826 [INFO] ブランド再確認中: Jelly Cat (対象ASIN: ['B00163U4LK', 'B001Q1U58E', 'B00B5FEBEA'])
2026-03-07 15:44:58,424 [INFO] ブランド再確認中: Sunny Health & Fitness (対象ASIN: ['B0016BQFSS', 'B00QIM5CMK', 'B06XCCDV49'])
2026-03-07 15:45:04,737 [INFO] ブランド再確認中: Marcato (対象ASIN: ['B00170AXPO', 'B00170EB1Q', 'B0018CMYXU'])
2026-03-07 15:45:10,552 [INFO] ブランド再確認中: Kala (対象ASIN: ['B0017HVB3K', 'B001LTZZAO', 'B001LU1SFO'])
2026-03-07 15:45:16,163 [INFO] ブランド再確認中: Line 6 (対象ASIN: ['B00181ER7C', 'B001EKECC2', 'B001FC0F4S'])
2026-03-07 15:45:21,681 [INFO] ブランド再確認中: Iwata (対象ASIN: ['B0018A7QJE'])
2026-03-07 15:45:23,591 [INFO] ブランド再確認中: Rycote (対象ASIN: ['B0018D1732', 'B004KM1F08', 'B004TGBWE4'])
2026-03-07 15:45:29,024 [INFO] ブランド再確認中: ORANGE (対象ASIN: ['B0018JRNJS', 'B002CUYR28', 'B004P94I50'])
2026-03-07 15:45:34,459 [INFO] ブランド再確認中: Fulltone (対象ASIN: ['B0018N1XG8', 'B0031AZH6S', 'B005GLL8PY'])
2026-03-07 15:45:39,953 [INFO] ブランド再確認中: Stahlwille (対象ASIN: ['B0019CEG26', 'B001EGPY2S', 'B007924M38'])
2026-03-07 15:45:45,399 [INFO] ブランド再確認中: Mid-East (対象ASIN: ['B0019EOHLE'])
2026-03-07 15:45:47,241 [INFO] ブランド再確認中: ogawa(オガワ) (対象ASIN: ['B0019TVLC2', 'B001VZ1V5G', 'B004IOMGSS'])
2026-03-07 15:45:52,674 [INFO] ブランド再確認中: Delta (対象ASIN: ['B001AHUK52', 'B0DTW9Q2XV', 'B0DTWG54G3'])
2026-03-07 15:45:58,320 [INFO] ブランド再確認中: ファープラスト (対象ASIN: ['B001AIIN8M', 'B004YJT8X8', 'B07ND2R9XL'])
2026-03-07 15:46:04,159 [INFO] ブランド再確認中: IBM (対象ASIN: ['B001AK1VIY', 'B00DF4TVIU', 'B079YLWNZ6'])
2026-03-07 15:46:09,473 [INFO] ブランド再確認中: Manhattan Portage(マンハッタンポーテージ) (対象ASIN: ['B001ALYQEO', 'B001AM0IQI', 'B001AM2JXI'])
2026-03-07 15:46:15,015 [INFO] ブランド再確認中: SME (対象ASIN: ['B001AO15PY', 'B003DRVHDG', 'B003JVCUGY'])
2026-03-07 15:46:20,578 [INFO] ブランド再確認中: ALLEN&HEATH (対象ASIN: ['B001AZ5PNQ', 'B001UDPPHY', 'B002LSC9ZS'])
2026-03-07 15:46:25,767 [INFO] ブランド再確認中: Mendota Pet (対象ASIN: ['B001B184JQ', 'B001FOCFPI', 'B001FOEHBI'])
2026-03-07 15:46:31,236 [INFO] ブランド再確認中: HAZET(ハゼット) (対象ASIN: ['B001B8VL8K', 'B001B8XAHA', 'B001C9TEY6'])
2026-03-07 15:46:36,772 [INFO] ブランド再確認中: danfoss (対象ASIN: ['B001BBJMNI', 'B005E0KX7Q'])
2026-03-07 15:46:40,382 [INFO] ブランド再確認中: little tikes(リトルタイクス) (対象ASIN: ['B001BKX0V4', 'B003PGR8HE', 'B0D8JQQ7B4'])
2026-03-07 15:46:46,157 [INFO] ブランド再確認中: Heil Sound (対象ASIN: ['B001BP7RY0', 'B0C626VSK2'])
2026-03-07 15:46:49,811 [INFO] ブランド再確認中: モルテン(molten) (対象ASIN: ['B001BRA664', 'B001BRFK6K', 'B00G5MB330'])
2026-03-07 15:46:55,098 [INFO] ブランド再確認中: 墨運堂 (対象ASIN: ['B001BWDCOC', 'B001FSJ6QK', 'B006LWJ21E'])
2026-03-07 15:47:00,596 [INFO] ブランド再確認中: KIWAYA (対象ASIN: ['B001BYDNI0', 'B003TSH33W', 'B01C6K9L2O'])
2026-03-07 15:47:06,032 [INFO] ブランド再確認中: Yaesu (対象ASIN: ['B001CFCNSE', 'B00KE1WV70', 'B07K2HXLWP'])
2026-03-07 15:47:11,477 [INFO] ブランド再確認中: CANOPUS (対象ASIN: ['B001CHWXLO', 'B005NU84TG', 'B00PC3USTI'])
2026-03-07 15:47:16,772 [INFO] ブランド再確認中: asics(アシックス) (対象ASIN: ['B001CKZ6GK', 'B00762O8HQ', 'B00F4PF222'])
2026-03-07 15:47:22,158 [INFO] ブランド再確認中: エフェックス(EFFEX) (対象ASIN: ['B001CM4SFI', 'B001D366P6', 'B001RWCT7C'])
2026-03-07 15:47:27,536 [INFO] ブランド再確認中: Xseed(World) (対象ASIN: ['B001COVME6', 'B001HB7KAO', 'B0037YJARK'])
2026-03-07 15:47:33,018 [INFO] ブランド再確認中: Oki Data (対象ASIN: ['B001D21W06', 'B001D21W1A', 'B001JE5K24'])
2026-03-07 15:47:38,417 [INFO] ブランド再確認中: デイトナ(Daytona) (対象ASIN: ['B001D25OPU', 'B001D25OQ4', 'B001D25OQO'])
2026-03-07 15:47:43,882 [INFO] ブランド再確認中: PB SWISS TOOLS (対象ASIN: ['B001D2OEVU', 'B001D2OFQ4', 'B001D2QA6W'])
2026-03-07 15:47:49,393 [INFO] ブランド再確認中: TOP (対象ASIN: ['B001D39JX2', 'B00303F26Q', 'B00GLLUK9I'])
2026-03-07 15:47:52,934 [INFO] ブランド【TOP】が再判定で出品可能(〇)になりました！
2026-03-07 15:47:52,936 [INFO] ブランド再確認中: 新潟精機(Niigataseiki) (対象ASIN: ['B001D77NWM', 'B002G6840Y', 'B002G68A5S'])
2026-03-07 15:47:58,320 [INFO] ブランド再確認中: ミツトヨ(Mitutoyo) (対象ASIN: ['B001D7DQ9Q', 'B001D7DQC8', 'B001D7DQCS'])
2026-03-07 15:48:03,606 [INFO] ブランド再確認中: キトー(KITO) (対象ASIN: ['B001D7IYP2', 'B00265AHT6', 'B00265CH2Q'])
2026-03-07 15:48:09,017 [INFO] ブランド再確認中: アカオアルミ (対象ASIN: ['B001D7J9Q0', 'B001J2QINQ', 'B001J2UGDE'])
2026-03-07 15:48:14,588 [INFO] ブランド再確認中: Simon（シモン） (対象ASIN: ['B001D7KFA4', 'B004OCMYU4', 'B004OCOVNW'])
2026-03-07 15:48:16,342 [INFO] ブランド【Simon（シモン）】が再判定で出品可能(〇)になりました！
2026-03-07 15:48:16,345 [INFO] ブランド再確認中: カクダイ(KAKUDAI) (対象ASIN: ['B001D7KZ7C', 'B0027WPT8C', 'B006GK261Y'])
2026-03-07 15:48:21,750 [INFO] ブランド再確認中: ENGINEER (対象ASIN: ['B001D7PO1O', 'B002AVVNZS', 'B002HOQCGS'])
2026-03-07 15:48:27,216 [INFO] ブランド再確認中: Imports (対象ASIN: ['B001DJANWC', 'B001HBQKH8', 'B001OAMUTO'])
2026-03-07 15:48:32,513 [INFO] ブランド再確認中: J.MICHAEL (対象ASIN: ['B001DLJGDC', 'B001DLKLHW', 'B001DLMP08'])
2026-03-07 15:48:37,858 [INFO] ブランド再確認中: 呉竹(Kuretake) (対象ASIN: ['B001DMMF34', 'B001GZOW7U', 'B003UYPC1U'])
2026-03-07 15:48:43,178 [INFO] ブランド再確認中: HOLBEIN (対象ASIN: ['B001DMMXOK', 'B001DMTKXM', 'B001GQ37T8'])
2026-03-07 15:48:48,664 [INFO] ブランド再確認中: AMPEG (対象ASIN: ['B001DNHJ70', 'B00IN2WGDQ', 'B079H8R93Y'])
2026-03-07 15:48:54,122 [INFO] ブランド再確認中: 3B Scientific (対象ASIN: ['B001DYKDMM', 'B001DYMB5O', 'B005DTL6S8'])
2026-03-07 15:49:03,164 [INFO] ブランド再確認中: エムケー精工(MK Seiko) (対象ASIN: ['B001DZEO9E', 'B001MVYYSU', 'B001MW0LRM'])
2026-03-07 15:49:08,575 [INFO] ブランド再確認中: コミネ(KOMINE) (対象ASIN: ['B001E78QBS', 'B001E78QD6', 'B001E78QIG'])
2026-03-07 15:49:14,062 [INFO] ブランド再確認中: アライ(Arai) (対象ASIN: ['B001E7BYXK', 'B003U4NGAO', 'B005FRGUHA'])
2026-03-07 15:49:19,599 [INFO] ブランド再確認中: ミシュラン(Michelin) (対象ASIN: ['B001EFFHR6', 'B001EFFIB6', 'B001EFFINO'])
2026-03-07 15:49:24,908 [INFO] ブランド再確認中: Destineer (対象ASIN: ['B001EJXBCU', 'B0042A1B84'])
2026-03-07 15:49:28,759 [INFO] ブランド再確認中: Dacasso (対象ASIN: ['B001F4PTZ6'])
2026-03-07 15:49:30,630 [INFO] ブランド再確認中: ズプリーム (ZuPreem) (対象ASIN: ['B001F6TUL8', 'B002KGTE5Y', 'B002KL8DXI'])
2026-03-07 15:49:36,439 [INFO] ブランド再確認中: Blackmagic Design (対象ASIN: ['B001F71LZU', 'B00497CC8S', 'B005CSLWGG'])
2026-03-07 15:49:41,888 [INFO] ブランド再確認中: Igloo (対象ASIN: ['B001FZCU3E', 'B004QILD6W', 'B08GV7DXC1'])
2026-03-07 15:49:47,356 [INFO] ブランド再確認中: Dr. Ph. Martin's (対象ASIN: ['B001G7PDB2', 'B0056AE8G6'])
2026-03-07 15:49:50,940 [INFO] ブランド再確認中: 吉祥(Kissho) (対象ASIN: ['B001G7PDCQ', 'B001GQ38BK', 'B001GQ38C4'])
2026-03-07 15:49:56,457 [INFO] ブランド再確認中: FALLER (対象ASIN: ['B001GQ2WMQ'])
2026-03-07 15:49:58,241 [INFO] ブランド再確認中: シャチハタ(Shachihata) (対象ASIN: ['B001GQXJLY', 'B002G80DQ0'])
2026-03-07 15:50:01,844 [INFO] ブランド再確認中: MoonStar(ムーンスター) (対象ASIN: ['B001GZIFH8', 'B00KLWK1Z6', 'B00KLWK1ZQ'])
2026-03-07 15:50:07,254 [INFO] ブランド再確認中: ROCKY(横山製作所) (対象ASIN: ['B001HYI9UQ', 'B07D7LPQB2'])
2026-03-07 15:50:08,986 [INFO] ブランド【ROCKY(横山製作所)】が再判定で出品可能(〇)になりました！
2026-03-07 15:50:08,993 [INFO] ブランド再確認中: Vita Craft(ビタクラフト) (対象ASIN: ['B001IWOSFC', 'B00DYNBFTU', 'B00DYNEZ92'])
2026-03-07 15:50:14,441 [INFO] ブランド再確認中: Shadow Electronics (対象ASIN: ['B001J6SU3I', 'B001P3WVV2', 'B013PSGZ2A'])
2026-03-07 15:50:19,913 [INFO] ブランド再確認中: オヤイデ (対象ASIN: ['B001J8AE4Y'])
2026-03-07 15:50:21,750 [INFO] ブランド再確認中: Synology (対象ASIN: ['B001JD8J8W', 'B00GT4HO5A', 'B01999U7QY'])
2026-03-07 15:50:27,286 [INFO] ブランド再確認中: ソリマチ (対象ASIN: ['B001JQ38D0', 'B00AJX057Q'])
2026-03-07 15:50:29,061 [INFO] ブランド【ソリマチ】が再判定で出品可能(〇)になりました！
2026-03-07 15:50:29,064 [INFO] ブランド再確認中: 野中製作所 (対象ASIN: ['B001K7IAMC', 'B00S23CE6A', 'B07XRWQR21'])
2026-03-07 15:50:34,462 [INFO] ブランド再確認中: テンピュール(Tempur) (対象ASIN: ['B001K9AHKI', 'B001PLMY5W', 'B00UYWJ7YY'])
2026-03-07 15:50:40,061 [INFO] ブランド再確認中: Koch Media (対象ASIN: ['B001KW02UK', 'B07HS1RD3F', 'B08P2W3WMV'])
2026-03-07 15:50:45,512 [INFO] ブランド再確認中: PFU (対象ASIN: ['B001KWJTD6'])
2026-03-07 15:50:47,366 [INFO] ブランド再確認中: NGK (対象ASIN: ['B001KZIV6O', 'B001KZIVZ0', 'B001KZIW9A'])
2026-03-07 15:50:52,705 [INFO] ブランド再確認中: ラウディブッシュ (対象ASIN: ['B001LK04E0'])
2026-03-07 15:50:54,573 [INFO] ブランド再確認中: Cordoba (対象ASIN: ['B001LNN304', 'B002QGU4QG', 'B0044ZFORQ'])
2026-03-07 15:51:00,010 [INFO] ブランド再確認中: Aquila (対象ASIN: ['B001LNN322', 'B00V3A5N30'])
2026-03-07 15:51:03,673 [INFO] ブランド再確認中: ジータレーシング(ZETA RACING) (対象ASIN: ['B001LV4KCG', 'B001LV4KFI', 'B001LV65YC'])
2026-03-07 15:51:09,081 [INFO] ブランド再確認中: マザーツール (対象ASIN: ['B001M5TQV6'])
2026-03-07 15:51:10,799 [INFO] ブランド【マザーツール】が再判定で出品可能(〇)になりました！
2026-03-07 15:51:10,802 [INFO] ブランド再確認中: ダルトン(Dulton) (対象ASIN: ['B001MRL1YY', 'B001MRSB9M', 'B001T9P6DM'])
2026-03-07 15:51:16,302 [INFO] ブランド再確認中: オートソック(Autosock) (対象ASIN: ['B001MS96FY', 'B001MS96JK', 'B001NCHVK6'])
2026-03-07 15:51:21,905 [INFO] ブランド再確認中: アーム産業 (対象ASIN: ['B001MT5YM2', 'B001Q6ZUP2'])
2026-03-07 15:51:25,439 [INFO] ブランド再確認中: Pignose (対象ASIN: ['B001N5YW8M', 'B003HC4HPW', 'B003N665MA'])
2026-03-07 15:51:30,826 [INFO] ブランド再確認中: ターナー色彩(Turner Color) (対象ASIN: ['B001NGOJJS', 'B076QLNS26', 'B076QLPB6T'])
2026-03-07 15:51:36,269 [INFO] ブランド再確認中: Claude Lakey (対象ASIN: ['B001NQOP38', 'B0064RFHI8', 'B0064RFIAK'])
2026-03-07 15:51:41,717 [INFO] ブランド再確認中: 505 Games (対象ASIN: ['B001NY42J2', 'B001NY42JC', 'B002BSI7A4'])
2026-03-07 15:51:47,336 [INFO] ブランド再確認中: 昌栄(SIYOUEI) (対象ASIN: ['B001O1H3Z4', 'B001SH5FGS', 'B0051HT1E8'])
2026-03-07 15:51:52,859 [INFO] ブランド再確認中: ナニワ研磨工業 (対象ASIN: ['B001O2VIO0', 'B003FM6MAC', 'B008RUHW38'])
2026-03-07 15:51:58,380 [INFO] ブランド再確認中: Dream On Me (対象ASIN: ['B001OW6JYY', 'B0030UUBMO', 'B09N9Q262X'])
2026-03-07 15:52:04,192 [INFO] ブランド再確認中: NIS America (対象ASIN: ['B001P2PW3M', 'B0067O5SBE', 'B00GD1ESMG'])
2026-03-07 15:52:09,804 [INFO] ブランド再確認中: Deep Silver (対象ASIN: ['B001P5HM64', 'B002X9HAZY', 'B003LXM1IM'])
2026-03-07 15:52:15,372 [INFO] ブランド再確認中: ティーシーエレクトロニック(Tc Electronic) (対象ASIN: ['B001PGMNRG', 'B004MA0BJO', 'B00504BLJU'])
2026-03-07 15:52:20,928 [INFO] ブランド再確認中: FirstMate (対象ASIN: ['B001PR1AZG', 'B00EOK7ZY6'])
2026-03-07 15:52:24,690 [INFO] ブランド再確認中: HUNTER (対象ASIN: ['B001PTI09I', 'B00K1XB1SQ', 'B00K1XUDYY'])
2026-03-07 15:52:30,404 [INFO] ブランド再確認中: 宮武製作所(MIYATAKE) (対象ASIN: ['B001Q1T06M', 'B002G8HB5Q', 'B002G8J7ZS'])
2026-03-07 15:52:35,996 [INFO] ブランド再確認中: Odyssey (対象ASIN: ['B001Q3KTLA', 'B00GQ2EYH6', 'B01M648PIF'])
2026-03-07 15:52:41,393 [INFO] ブランド再確認中: Godin (対象ASIN: ['B001QCXSGE', 'B001QCXSHS', 'B001QCXSM8'])
2026-03-07 15:52:46,830 [INFO] ブランド再確認中: HALEO (対象ASIN: ['B001QDK8KW'])
2026-03-07 15:52:48,677 [INFO] ブランド再確認中: Palmer (対象ASIN: ['B001QUOMG6', 'B007H83XD4', 'B00DGQID9A'])
2026-03-07 15:52:54,160 [INFO] ブランド再確認中: 富士通 (対象ASIN: ['B001QXCZ12', 'B002X492PU', 'B004COKSSE'])
2026-03-07 15:52:59,400 [INFO] ブランド再確認中: SELDER (対象ASIN: ['B001R74LXW', 'B001R78M00', 'B001R7AFNW'])
2026-03-07 15:53:04,790 [INFO] ブランド再確認中: プラチナ万年筆 (対象ASIN: ['B001RBG9C4', 'B001RBIBTI', 'B001RBIBTS'])
2026-03-07 15:53:10,236 [INFO] ブランド再確認中: HARUTA(ハルタ) (対象ASIN: ['B001RIY906', 'B001RIY90G', 'B001RIY91K'])
2026-03-07 15:53:15,610 [INFO] ブランド再確認中: ラバーメイド(Rubbermaid) (対象ASIN: ['B001RMOA42', 'B00215JOX6', 'B00215LT34'])
2026-03-07 15:53:20,992 [INFO] ブランド再確認中: Taiji (対象ASIN: ['B001RTX9F6'])
2026-03-07 15:53:22,844 [INFO] ブランド再確認中: KRYPTONITE (対象ASIN: ['B001SMSUNI'])
2026-03-07 15:53:24,760 [INFO] ブランド再確認中: 不二貿易(Fujiboeki) (対象ASIN: ['B001T7F9MW', 'B001T7HXFI', 'B002A71QQ8'])
2026-03-07 15:53:30,139 [INFO] ブランド再確認中: カルロジョルダーノ (対象ASIN: ['B001TL390M', 'B001TL3E1Q', 'B001TL4TU6'])
2026-03-07 15:53:35,650 [INFO] ブランド再確認中: Tojiro (対象ASIN: ['B001TPFTA6', 'B001TPFUXC', 'B001TPJAY2'])
2026-03-07 15:53:41,074 [INFO] ブランド再確認中: オーム（OHM） (対象ASIN: ['B001TVEU6Y', 'B071FNG473'])
2026-03-07 15:53:44,619 [INFO] ブランド再確認中: Tommee Tippee (対象ASIN: ['B001U3XVLG', 'B007N4R0Q8', 'B00BG6304A'])
2026-03-07 15:53:50,389 [INFO] ブランド再確認中: Dremel (対象ASIN: ['B001U961A8'])
2026-03-07 15:53:52,122 [INFO] ブランド再確認中: ペトロマックス(PETROMAX) (対象ASIN: ['B001UGN140', 'B01B8EZD1M', 'B01B8EZE6Q'])
2026-03-07 15:53:57,532 [INFO] ブランド再確認中: ルネセイコウ(Runeseikou) (対象ASIN: ['B001UHNJ5A', 'B001V9KFQ8', 'B001V9KFQI'])
2026-03-07 15:54:02,969 [INFO] ブランド再確認中: Cat Mate (対象ASIN: ['B001UKX484', 'B08B6G8PKZ'])
2026-03-07 15:54:07,078 [INFO] ブランド再確認中: 共和(Kyowa Limited) (対象ASIN: ['B001UN1XM0'])
2026-03-07 15:54:08,742 [INFO] ブランド【共和(Kyowa Limited)】が再判定で出品可能(〇)になりました！
2026-03-07 15:54:08,743 [INFO] ブランド再確認中: タジマ (対象ASIN: ['B001UN9H8W', 'B002CZOYXU', 'B002CZOYZS'])
2026-03-07 15:54:14,149 [INFO] ブランド再確認中: Raphael(ラファエル) (対象ASIN: ['B001UNEF52', 'B001UNGGD6', 'B001UNGGFE'])
2026-03-07 15:54:19,621 [INFO] ブランド再確認中: 太洋電機産業(goot) (対象ASIN: ['B001UNHCU2', 'B001VBCD4S', 'B0020274XM'])
2026-03-07 15:54:25,097 [INFO] ブランド再確認中: FURMAN (対象ASIN: ['B001UNPCCM', 'B003PJ6NPO', 'B004IHJUWK'])
2026-03-07 15:54:30,517 [INFO] ブランド再確認中: NIGHTオカリナ (対象ASIN: ['B001UQ3SHA', 'B002BVDHPG', 'B004PNMCAO'])
2026-03-07 15:54:35,972 [INFO] ブランド再確認中: ハスクバーナ・ゼノア (対象ASIN: ['B001V5536O', 'B0030MIHBY', 'B004AAZK8S'])
2026-03-07 15:54:41,325 [INFO] ブランド再確認中: Thomson (対象ASIN: ['B001VXU154'])
2026-03-07 15:54:43,146 [INFO] ブランド再確認中: Lehle (対象ASIN: ['B001WAKOJO', 'B01CET9KJQ', 'B072Q4KPHD'])
2026-03-07 15:54:48,530 [INFO] ブランド再確認中: Tsurumi Pump (対象ASIN: ['B001WHD50W', 'B00EE53TEG'])
2026-03-07 15:54:52,067 [INFO] ブランド再確認中: スターエム (対象ASIN: ['B001WHHMGK', 'B00264D0S2', 'B00L0WZGFG'])
2026-03-07 15:54:57,406 [INFO] ブランド再確認中: アストロプロダクツ (対象ASIN: ['B001Y520US', 'B002RKHD4M', 'B003CWP6CA'])
2026-03-07 15:55:02,713 [INFO] ブランド再確認中: オーエッチ工業(OH Kogyo) (対象ASIN: ['B00200LI8G', 'B00200LI90'])
2026-03-07 15:55:06,285 [INFO] ブランド再確認中: アズワン(AS ONE) (対象ASIN: ['B0020177CG', 'B00201B40C', 'B00201B448'])
2026-03-07 15:55:11,611 [INFO] ブランド再確認中: LOCTITE (対象ASIN: ['B002066C0Y', 'B07BHL2GM2'])
2026-03-07 15:55:15,277 [INFO] ブランド再確認中: Honda (対象ASIN: ['B0020QAIPY', 'B0020QCLJU', 'B0059Z39L8'])
2026-03-07 15:55:20,469 [INFO] ブランド【Honda】が再判定で出品可能(〇)になりました！
2026-03-07 15:55:20,472 [INFO] ブランド再確認中: 工進(KOSHIN) (対象ASIN: ['B0020R7NXI', 'B0027WV7SS', 'B002KCVVUY'])
2026-03-07 15:55:25,833 [INFO] ブランド再確認中: ナンシン (対象ASIN: ['B002494YQG', 'B002QQDV16', 'B003AQ5SC6'])
2026-03-07 15:55:31,116 [INFO] ブランド再確認中: 東京マルイ(TOKYO MARUI) (対象ASIN: ['B0025KVAU2', 'B005Y5DJXQ', 'B006RBCLAI'])
2026-03-07 15:55:36,565 [INFO] ブランド再確認中: ミヤナガ(Miyanaga) (対象ASIN: ['B00264M8KS', 'B0027WV2I8', 'B003B37SQC'])
2026-03-07 15:55:42,023 [INFO] ブランド再確認中: チルコーポレーション (対象ASIN: ['B00265CLO0'])
2026-03-07 15:55:43,781 [INFO] ブランド【チルコーポレーション】が再判定で出品可能(〇)になりました！
2026-03-07 15:55:43,784 [INFO] ブランド再確認中: クレモナ(Cremona) (対象ASIN: ['B0026IC6QU'])
2026-03-07 15:55:45,641 [INFO] ブランド再確認中: Paramount (対象ASIN: ['B0026KWT0G', 'B005MQ5840', 'B00EAQKFRS'])
2026-03-07 15:55:50,879 [INFO] ブランド再確認中: NBCユニバーサル・エンターテイメントジャパン (対象ASIN: ['B0026P1KS8', 'B002M0FOCU', 'B003UYJ64O'])
2026-03-07 15:55:56,284 [INFO] ブランド再確認中: MIZUNO(ミズノ) (対象ASIN: ['B0026R4SH6', 'B004LZQLEY', 'B007Z4TO38'])
2026-03-07 15:56:01,570 [INFO] ブランド再確認中: ヨシムラ(YOSHIMURA) (対象ASIN: ['B0027DG6QK', 'B002YTFV40', 'B00A43IXEI'])
2026-03-07 15:56:06,922 [INFO] ブランド再確認中: RK Takasago Chain Japan (対象ASIN: ['B0027JNMBG', 'B00AANLCZO', 'B00AANLDGC'])
2026-03-07 15:56:08,638 [INFO] ブランド【RK Takasago Chain Japan】が再判定で出品可能(〇)になりました！
2026-03-07 15:56:08,640 [INFO] ブランド再確認中: キンボシ(Kinboshi) (対象ASIN: ['B00287AFJY', 'B0029QG3DG', 'B09N96RMWQ'])
2026-03-07 15:56:14,030 [INFO] ブランド再確認中: UDG (対象ASIN: ['B0028OFBWI', 'B0055CKCBA', 'B005N923L2'])
2026-03-07 15:56:19,450 [INFO] ブランド再確認中: ボーネルンド(BorneLund) (対象ASIN: ['B0029327H0', 'B005SEX4OC', 'B00IFZHFP0'])
2026-03-07 15:56:24,951 [INFO] ブランド再確認中: TASCAM (対象ASIN: ['B0029Q9J7I', 'B002TTOJUC', 'B002TYZMBC'])
2026-03-07 15:56:30,426 [INFO] ブランド再確認中: Elgato (対象ASIN: ['B0029U2YSA', 'B06W2KLM3S', 'B07RL8H55Z'])
2026-03-07 15:56:36,699 [INFO] ブランド再確認中: 新宿銀の蔵 (対象ASIN: ['B002B69PFW', 'B002B6BQAE', 'B002B6BQBI'])
2026-03-07 15:56:42,117 [INFO] ブランド再確認中: ARADEN(アラデン) (対象ASIN: ['B002B7IW82', 'B002BI1242'])
2026-03-07 15:56:43,826 [INFO] ブランド【ARADEN(アラデン)】が再判定で出品可能(〇)になりました！
2026-03-07 15:56:43,828 [INFO] ブランド再確認中: フジミ模型(FUJIMI) (対象ASIN: ['B002BWPKL4', 'B003OIBDK6', 'B005M0YXC4'])
2026-03-07 15:56:49,300 [INFO] ブランド再確認中: タカショー(Takasho) (対象ASIN: ['B002CGW95Y', 'B00BB3KZNM', 'B07BVPWPTL'])
2026-03-07 15:56:54,714 [INFO] ブランド再確認中: HAPPY DOG (ハッピードッグ) (対象ASIN: ['B002CPBKIW', 'B008MUUNTI', 'B088KDZ4C9'])
2026-03-07 15:57:00,637 [INFO] ブランド再確認中: Foxfire(フォックスファイヤー) (対象ASIN: ['B002D39LO8', 'B0BX3ZFHN2', 'B0BX457VVF'])
2026-03-07 15:57:06,110 [INFO] ブランド再確認中: ZWILLING (対象ASIN: ['B002DGTH8A', 'B008FORY48', 'B008ZX24SA'])
2026-03-07 15:57:11,692 [INFO] ブランド再確認中: ROGZ (対象ASIN: ['B002DX6VVO', 'B002DXESTG', 'B002DXG6GE'])
2026-03-07 15:57:17,230 [INFO] ブランド再確認中: Evidence Audio (対象ASIN: ['B002E9IMBE', 'B002E9IMCI', 'B002E9IME6'])
2026-03-07 15:57:22,714 [INFO] ブランド再確認中: フルテック(FURUTECH) (対象ASIN: ['B002F7KQR8'])
2026-03-07 15:57:24,554 [INFO] ブランド再確認中: MONO (対象ASIN: ['B002FNIQUQ', 'B002J6PMMY', 'B002K5LE1M'])
2026-03-07 15:57:30,165 [INFO] ブランド再確認中: REGAL(リーガル) (対象ASIN: ['B002FTL170', 'B002FTSKAG', 'B007CUB8F2'])
2026-03-07 15:57:35,765 [INFO] ブランド再確認中: ATEN (対象ASIN: ['B002GERVXW', 'B004ECPX8Y', 'B00HPUOVRG'])
2026-03-07 15:57:41,042 [INFO] ブランド【ATEN】が再判定で出品可能(〇)になりました！
2026-03-07 15:57:41,045 [INFO] ブランド再確認中: カール事務器(CARL) (対象ASIN: ['B002H9VZY2', 'B002PW1OQ0', 'B002QENBM2'])
2026-03-07 15:57:46,519 [INFO] ブランド再確認中: ニシガキ工業 (対象ASIN: ['B002HEXLFS', 'B002JZXNGW', 'B0034Y2I6I'])
2026-03-07 15:57:51,845 [INFO] ブランド再確認中: Black Swamp (対象ASIN: ['B002HN41YO', 'B002HN85M8', 'B002HS5K0I'])
2026-03-07 15:57:57,348 [INFO] ブランド再確認中: MarkBass (対象ASIN: ['B002IW4PC2', 'B002KH0I4O', 'B0032W4BCG'])
2026-03-07 15:58:02,764 [INFO] ブランド再確認中: 東プレ(Topre Corporation) (対象ASIN: ['B002JLPHEW', 'B00QGEIPYW', 'B00ST3OT48'])
2026-03-07 15:58:09,081 [INFO] ブランド再確認中: ロブテックス(Lobtex) (対象ASIN: ['B002K030FK', 'B002K034P6', 'B002K06PXO'])
2026-03-07 15:58:14,333 [INFO] ブランド再確認中: サンカ(Sanka) (対象ASIN: ['B002KG2D66', 'B002KG2D7U', 'B002KG4EJ0'])
2026-03-07 15:58:19,764 [INFO] ブランド再確認中: リンナイ(Rinnai) (対象ASIN: ['B002L0UTGW', 'B0055MJT0U', 'B0055MJYG4'])
2026-03-07 15:58:25,271 [INFO] ブランド再確認中: YAMAMOTO (対象ASIN: ['B002LUSSR4', 'B01K1WN2H4', 'B01NAV6PTC'])
2026-03-07 15:58:28,808 [INFO] ブランド【YAMAMOTO】が再判定で出品可能(〇)になりました！
2026-03-07 15:58:28,811 [INFO] ブランド再確認中: ロジテック (対象ASIN: ['B002MH8ZVK', 'B010BEG08K', 'B01G76RJRW'])
2026-03-07 15:58:34,208 [INFO] ブランド再確認中: 伊東屋 (対象ASIN: ['B002MSC4FW', 'B006ZTBMXY', 'B00BCW8GFQ'])
2026-03-07 15:58:39,670 [INFO] ブランド再確認中: Best Price Square (対象ASIN: ['B002MVYLX2'])
2026-03-07 15:58:41,458 [INFO] ブランド再確認中: Seydel (対象ASIN: ['B002N4TFOS', 'B002N4VIU2', 'B002N4XK5S'])
2026-03-07 15:58:46,899 [INFO] ブランド再確認中: Sound Professionals (対象ASIN: ['B002N6PAMM'])
2026-03-07 15:58:48,628 [INFO] ブランド【Sound Professionals】が再判定で出品可能(〇)になりました！
2026-03-07 15:58:48,631 [INFO] ブランド再確認中: ビクター(VICTOR) (対象ASIN: ['B002NEEWWI', 'B008FTXSVG', 'B00C94J470'])
2026-03-07 15:58:53,944 [INFO] ブランド再確認中: Levi's(リーバイス) (対象ASIN: ['B002NNFQPQ', 'B002NNFRIC', 'B002NNHQ7M'])
2026-03-07 15:58:59,560 [INFO] ブランド再確認中: GEWA (対象ASIN: ['B002NPCISC', 'B003N15AK8', 'B007VCK690'])
2026-03-07 15:59:05,068 [INFO] ブランド再確認中: Karcher (対象ASIN: ['B002OEYHCC', 'B004WCLWPE', 'B004WCMGFY'])
2026-03-07 15:59:10,366 [INFO] ブランド再確認中: ボックスバンク (対象ASIN: ['B002OOXGWE', 'B002OPTZZ0', 'B002OPVZDA'])
2026-03-07 15:59:15,727 [INFO] ブランド再確認中: エスコ(Esco) (対象ASIN: ['B002P3W61Q', 'B004OSGEFE', 'B006Y49ORQ'])
2026-03-07 15:59:19,387 [INFO] トークン取得から50分経過。再認証を行います...
2026-03-07 15:59:20,005 [INFO] 再認証に成功しました。
2026-03-07 15:59:21,766 [INFO] ブランド再確認中: 八光 (対象ASIN: ['B002P805ZU'])
2026-03-07 15:59:23,452 [INFO] ブランド【八光】が再判定で出品可能(〇)になりました！
2026-03-07 15:59:23,455 [INFO] ブランド再確認中: ニトムズ(Nitoms) (対象ASIN: ['B002P84VZA', 'B00B4TMK5E', 'B00HPS0XAW'])
2026-03-07 15:59:28,725 [INFO] ブランド再確認中: 大同興業 (対象ASIN: ['B002P8A7V2', 'B002P8GEZ0', 'B002P8GF2W'])
2026-03-07 15:59:30,424 [INFO] ブランド【大同興業】が再判定で出品可能(〇)になりました！
2026-03-07 15:59:30,426 [INFO] ブランド再確認中: 正和電工 (対象ASIN: ['B002P8D624'])
2026-03-07 15:59:32,063 [INFO] ブランド【正和電工】が再判定で出品可能(〇)になりました！
2026-03-07 15:59:32,065 [INFO] ブランド再確認中: 堀場製作所 (対象ASIN: ['B002P8GLWQ'])
2026-03-07 15:59:33,818 [INFO] ブランド【堀場製作所】が再判定で出品可能(〇)になりました！
2026-03-07 15:59:33,819 [INFO] ブランド再確認中: コーケン(Kohken) (対象ASIN: ['B002P8I96C', 'B002P8KK50', 'B003B375YM'])
2026-03-07 15:59:39,093 [INFO] ブランド再確認中: Shimadzu (対象ASIN: ['B002P8LB30', 'B004OCLLOO', 'B004OCLLTY'])
2026-03-07 15:59:40,806 [INFO] ブランド【Shimadzu】が再判定で出品可能(〇)になりました！
2026-03-07 15:59:40,808 [INFO] ブランド再確認中: 泉精器製作所 (対象ASIN: ['B002P8LBT4', 'B004SCZBBY', 'B00B4TKGUU'])
2026-03-07 15:59:46,172 [INFO] ブランド再確認中: マルチ計測器 (対象ASIN: ['B002P8U9K6'])
2026-03-07 15:59:47,862 [INFO] ブランド【マルチ計測器】が再判定で出品可能(〇)になりました！
2026-03-07 15:59:47,864 [INFO] ブランド再確認中: サンコーテクノ (対象ASIN: ['B002P8YD8A'])
2026-03-07 15:59:49,574 [INFO] ブランド【サンコーテクノ】が再判定で出品可能(〇)になりました！
2026-03-07 15:59:49,576 [INFO] ブランド再確認中: ナカオ (対象ASIN: ['B002P91H1K', 'B003V9HFJG', 'B003V9IVGW'])
2026-03-07 15:59:51,265 [INFO] ブランド【ナカオ】が再判定で出品可能(〇)になりました！
2026-03-07 15:59:51,268 [INFO] ブランド再確認中: セメダイン(Cemedine) (対象ASIN: ['B002P91MVK', 'B0162IBXRC', 'B0162ICJN4'])
2026-03-07 15:59:52,993 [INFO] ブランド【セメダイン(Cemedine)】が再判定で出品可能(〇)になりました！
2026-03-07 15:59:52,997 [INFO] ブランド再確認中: WEST SYSTEM (対象ASIN: ['B002PKLO80'])
2026-03-07 15:59:54,804 [INFO] ブランド再確認中: PerTronix (対象ASIN: ['B002Q34N8E'])
2026-03-07 15:59:56,626 [INFO] ブランド再確認中: ティアック(Teac) (対象ASIN: ['B002QUSI8S', 'B005YVMPSA', 'B07BGRNJ9C'])
2026-03-07 16:00:02,234 [INFO] ブランド再確認中: ADONIS (対象ASIN: ['B002ROJJQS'])
2026-03-07 16:00:03,912 [INFO] ブランド【ADONIS】が再判定で出品可能(〇)になりました！
2026-03-07 16:00:03,915 [INFO] ブランド再確認中: ケープ (対象ASIN: ['B002S01ARM', 'B002S01ARW'])
2026-03-07 16:00:07,450 [INFO] ブランド再確認中: MOMO(モモ) (対象ASIN: ['B002ST3828', 'B004TW5BH2', 'B004TWBZVS'])
2026-03-07 16:00:12,888 [INFO] ブランド再確認中: ACUVUE (対象ASIN: ['B002T3KLF0', 'B004DSXUFC', 'B004DSXZTS'])
2026-03-07 16:00:18,232 [INFO] ブランド再確認中: Griffinland(グリフィンランド) (対象ASIN: ['B002T4K3RK', 'B002T4K3RU', 'B002T4M8BY'])
2026-03-07 16:00:24,142 [INFO] ブランド再確認中: アイホン (対象ASIN: ['B002TO4M6I', 'B0039QP8JA', 'B0052T23LS'])
2026-03-07 16:00:29,596 [INFO] ブランド再確認中: ポッシュフェイス(POSH FAITH) (対象ASIN: ['B002U0ODQA', 'B004HCLDSK', 'B004HNVMYE'])
2026-03-07 16:00:34,835 [INFO] ブランド再確認中: FUJICOLOR (対象ASIN: ['B002U0SSHK'])
2026-03-07 16:00:36,598 [INFO] ブランド再確認中: Dakota(ダコタ) (対象ASIN: ['B002VIZ2XY', 'B002VJ2QFU', 'B0038LPPRQ'])
2026-03-07 16:00:38,380 [INFO] ブランド【Dakota(ダコタ)】が再判定で出品可能(〇)になりました！
2026-03-07 16:00:38,383 [INFO] ブランド再確認中: ナカトミ(Nakatomi) (対象ASIN: ['B002WGQI8I', 'B005X0LMZO', 'B086WC5X9W'])
2026-03-07 16:00:43,793 [INFO] ブランド再確認中: AHS (対象ASIN: ['B002WJI5GS', 'B00GQPGAQQ', 'B00KC82I2S'])
2026-03-07 16:00:49,131 [INFO] ブランド再確認中: Way Huge (対象ASIN: ['B002X10E7S', 'B01FU2RGT0', 'B01KJJDLWU'])
2026-03-07 16:00:54,406 [INFO] ブランド再確認中: TAKACOM (対象ASIN: ['B002XCOJXW'])
2026-03-07 16:00:56,122 [INFO] ブランド【TAKACOM】が再判定で出品可能(〇)になりました！
2026-03-07 16:00:56,124 [INFO] ブランド再確認中: Patriot Memory (対象ASIN: ['B002XGUHMU', 'B008LTJJJ0', 'B008V26F44'])
2026-03-07 16:01:01,487 [INFO] ブランド再確認中: スターチャイルド (対象ASIN: ['B002XGZ1PI'])
2026-03-07 16:01:03,291 [INFO] ブランド再確認中: ストレート(STRAIGHT) (対象ASIN: ['B002Y8CGOO', 'B078YQ9NDX', 'B0991XZM5Q'])
2026-03-07 16:01:08,691 [INFO] ブランド再確認中: VOX(ヴォックス) (対象ASIN: ['B002YC36ZI', 'B0038MTH8S', 'B003QNX0S2'])
2026-03-07 16:01:14,253 [INFO] ブランド再確認中: コニシ(Konishi) (対象ASIN: ['B002YN4WSW', 'B002YN4WW8', 'B002YNE16K'])
2026-03-07 16:01:19,599 [INFO] ブランド再確認中: MKS (対象ASIN: ['B002YQ44MS', 'B00HQFCH3A', 'B00HQFD7QQ'])
2026-03-07 16:01:25,121 [INFO] ブランド再確認中: マイクロエース(MICRO ACE) (対象ASIN: ['B002YZ6DLO', 'B078G7J6XG'])
2026-03-07 16:01:28,750 [INFO] ブランド再確認中: オルテガギター(Ortega Guitar) (対象ASIN: ['B00308M3BI', 'B003UM17U2', 'B003UM4ESY'])
2026-03-07 16:01:34,175 [INFO] ブランド再確認中: オープン(Open) (対象ASIN: ['B0030G5S0I'])
2026-03-07 16:01:36,148 [INFO] ブランド再確認中: FISH 4 DOGS (対象ASIN: ['B003180LWK', 'B009ZSMRKO', 'B009ZSMVAU'])
2026-03-07 16:01:41,553 [INFO] ブランド再確認中: エバニュー(EVERNEW) (対象ASIN: ['B003305AA4', 'B004L37ASC', 'B00853M06Q'])
2026-03-07 16:01:46,970 [INFO] ブランド再確認中: モーリス(MORRIS) (対象ASIN: ['B0034YJAKU', 'B0034YJBFE', 'B003APYMRO'])
2026-03-07 16:01:52,263 [INFO] ブランド【モーリス(MORRIS)】が再判定で出品可能(〇)になりました！
2026-03-07 16:01:52,269 [INFO] ブランド再確認中: シャプトン(Shapton) (対象ASIN: ['B0034YT5VO', 'B0CJBTCFTD'])
2026-03-07 16:01:55,894 [INFO] ブランド再確認中: Shop Japan(ショップジャパン) (対象ASIN: ['B0035WU5FK', 'B003PPE7T2', 'B00B4KF8IO'])
2026-03-07 16:02:01,394 [INFO] ブランド再確認中: アイコム(ICOM) (対象ASIN: ['B00367C4S0', 'B003QNPBAW', 'B00B7W94Q6'])
2026-03-07 16:02:06,733 [INFO] ブランド再確認中: Ergotron (対象ASIN: ['B0036RDOT8', 'B005Z2BAVG', 'B00689HXI4'])
2026-03-07 16:02:12,502 [INFO] ブランド再確認中: DeanMarkley (対象ASIN: ['B0037FR4HM'])
2026-03-07 16:02:14,380 [INFO] ブランド再確認中: GUTS CHROME (対象ASIN: ['B0037JX4ZO', 'B0037JX9V8', 'B0037JX9WW'])
2026-03-07 16:02:19,644 [INFO] ブランド再確認中: ゼット(ZETT) (対象ASIN: ['B0037SQCDG', 'B0037SQCKE', 'B0037SQCLS'])
2026-03-07 16:02:24,947 [INFO] ブランド再確認中: ウェーブ(Wave) (対象ASIN: ['B0038OMCA6', 'B0BF47P93Q', 'B0BZBV1M44'])
2026-03-07 16:02:30,548 [INFO] ブランド再確認中: Xotic (対象ASIN: ['B0038RIUEA', 'B00AHEWBM4', 'B00R7J4116'])
2026-03-07 16:02:32,290 [INFO] ブランド【Xotic】が再判定で出品可能(〇)になりました！
2026-03-07 16:02:32,292 [INFO] ブランド再確認中: NBS (対象ASIN: ['B0039NDDXQ', 'B003WTYF8O', 'B004402RGC'])
2026-03-07 16:02:37,633 [INFO] ブランド再確認中: ミカサ (対象ASIN: ['B0039O7KSE', 'B0813P4XPC', 'B084TZQHZM'])
2026-03-07 16:02:43,112 [INFO] ブランド再確認中: KODAK (対象ASIN: ['B003AMSPKW', 'B004FNRTGG', 'B004RIC11C'])
2026-03-07 16:02:48,516 [INFO] ブランド再確認中: イチネンTASCO (対象ASIN: ['B003B2Y3KC', 'B003B30954', 'B003B395VS'])
2026-03-07 16:02:53,934 [INFO] ブランド再確認中: エヌティエヌ(NTN) (対象ASIN: ['B003B2YO4W', 'B003B30QCK', 'B003B32OIE'])
2026-03-07 16:02:59,299 [INFO] ブランド再確認中: ユタカメイク(Yutaka Make) (対象ASIN: ['B003B31H6E', 'B003QME15Y', 'B004MPELJU'])
2026-03-07 16:03:04,660 [INFO] ブランド再確認中: 小山刃物製作所 (対象ASIN: ['B003B3IUIC', 'B00CRUU0JC'])
2026-03-07 16:03:06,349 [INFO] ブランド【小山刃物製作所】が再判定で出品可能(〇)になりました！
2026-03-07 16:03:06,352 [INFO] ブランド再確認中: タナックス(Tanax) (対象ASIN: ['B003BHQ436', 'B007Y1XUHS', 'B01GO3Q5UA'])
2026-03-07 16:03:11,844 [INFO] ブランド再確認中: アトラスビーエックス(Atlasbx) (対象ASIN: ['B003BRT2Q2', 'B008ASBFTO', 'B008ASCH7S'])
2026-03-07 16:03:17,184 [INFO] ブランド再確認中: Penn (対象ASIN: ['B003BY4Z3U', 'B09G2Z4ZW7', 'B09G2ZFV3Y'])
2026-03-07 16:03:22,845 [INFO] ブランド再確認中: Kelly Mouthpiece (対象ASIN: ['B003CT93CW', 'B003CTQQN6', 'B003CTSRXI'])
2026-03-07 16:03:28,139 [INFO] ブランド再確認中: Kotobuki (対象ASIN: ['B003DD8NCS', 'B004IH004C', 'B00XVP3S00'])
2026-03-07 16:03:33,488 [INFO] ブランド再確認中: PIRELLI(ピレリ) (対象ASIN: ['B003E0M3BM', 'B003E0O0WM', 'B003E0O10I'])
2026-03-07 16:03:38,832 [INFO] ブランド再確認中: Cecilio (対象ASIN: ['B003F1HVDU', 'B003F1TDBS', 'B003F2ATV0'])
2026-03-07 16:03:44,490 [INFO] ブランド再確認中: PetSafe (対象ASIN: ['B003F76Y78', 'B00C9FPQBC', 'B07D6TLW9Z'])
2026-03-07 16:03:50,557 [INFO] ブランド再確認中: 村の鍛冶屋 (対象ASIN: ['B003FUYIJQ', 'B00GU4G7JI', 'B00GU4H42W'])
2026-03-07 16:03:55,835 [INFO] ブランド再確認中: Wera (対象ASIN: ['B003GDIQI6', 'B0BTZ7KK15', 'B0F7HV4LRD'])
2026-03-07 16:04:01,218 [INFO] ブランド再確認中: bugaboo (対象ASIN: ['B003H39L9S', 'B005X9X2WG', 'B00EPPTJPS'])
2026-03-07 16:04:06,742 [INFO] ブランド再確認中: HIPSHOT (対象ASIN: ['B003H8XAMM', 'B00ABLI0IC', 'B00EKMI560'])
2026-03-07 16:04:12,077 [INFO] ブランド【HIPSHOT】が再判定で出品可能(〇)になりました！
2026-03-07 16:04:12,080 [INFO] ブランド再確認中: 株式会社マルタカ (対象ASIN: ['B003H9PO9S', 'B003H9TSL8', 'B003H9XU8A'])
2026-03-07 16:04:17,444 [INFO] ブランド再確認中: タスマニアンタイガー･Tasmanian Tiger (対象ASIN: ['B003IHV98Y', 'B003ZSS9UW', 'B003ZSYRV2'])
2026-03-07 16:04:22,813 [INFO] ブランド再確認中: Xerox (対象ASIN: ['B003IMG19Q', 'B003IMG1BE', 'B00480UHYM'])
2026-03-07 16:04:28,358 [INFO] ブランド再確認中: Hammond (ハモンド) (対象ASIN: ['B003J9K464', 'B003J9NU2E', 'B005H9DP1U'])
2026-03-07 16:04:33,717 [INFO] ブランド再確認中: リーベックス(Revex) (対象ASIN: ['B003JFDZY6', 'B004V2Y20W', 'B0089JF1YE'])
2026-03-07 16:04:35,475 [INFO] ブランド【リーベックス(Revex)】が再判定で出品可能(〇)になりました！
2026-03-07 16:04:35,478 [INFO] ブランド再確認中: Gotoh (対象ASIN: ['B003L53H7E', 'B0084RSERW', 'B01E7LCP96'])
2026-03-07 16:04:40,856 [INFO] ブランド再確認中: ボークス (対象ASIN: ['B003LEOYYA', 'B0148I4HNK', 'B0CSS2N8CB'])
2026-03-07 16:04:46,250 [INFO] ブランド再確認中: marimekko(マリメッコ) (対象ASIN: ['B003LRCAIO', 'B00OXKKS96', 'B09S3TYRZM'])
2026-03-07 16:04:52,701 [INFO] ブランド再確認中: カスタム(Custom) (対象ASIN: ['B003MUKRXK', 'B003MUS6L0', 'B004OCUD2K'])
2026-03-07 16:04:58,105 [INFO] ブランド再確認中: 佐藤計量器製作所(Sato Keiryoki Seisakujo) (対象ASIN: ['B003MUL194', 'B005FDUM50', 'B00B4TIN3W'])
2026-03-07 16:04:59,830 [INFO] ブランド【佐藤計量器製作所(Sato Keiryoki Seisakujo)】が再判定で出品可能(〇)になりました！
2026-03-07 16:04:59,832 [INFO] ブランド再確認中: 椿本チエイン(TSUBAKI) (対象ASIN: ['B003MUO58S'])
2026-03-07 16:05:01,522 [INFO] ブランド【椿本チエイン(TSUBAKI)】が再判定で出品可能(〇)になりました！
2026-03-07 16:05:01,523 [INFO] ブランド再確認中: Yokogawa (対象ASIN: ['B003MURZ3K'])
2026-03-07 16:05:03,317 [INFO] ブランド再確認中: ガーデンマスター(Gardenmaster) (対象ASIN: ['B003MZNCL4', 'B003MZSG7E', 'B003VIVICM'])
2026-03-07 16:05:08,678 [INFO] ブランド再確認中: NARUMI(ナルミ) (対象ASIN: ['B003N7IZRM', 'B00CHJA0A2', 'B00CHJCBKY'])
2026-03-07 16:05:14,253 [INFO] ブランド再確認中: SX (対象ASIN: ['B003NDCPMC', 'B0BKYYMNX5', 'B0C9LGC7TB'])
2026-03-07 16:05:19,651 [INFO] ブランド再確認中: Star Micronics (対象ASIN: ['B003NE43EY', 'B0166FWD20', 'B01BJOFPNM'])
2026-03-07 16:05:25,238 [INFO] ブランド再確認中: FJALL RAVEN(フェールラーベン) (対象ASIN: ['B003NF05XG', 'B003NF25K2', 'B003NF40LO'])
2026-03-07 16:05:31,100 [INFO] ブランド再確認中: ショウエイ(Shoei) (対象ASIN: ['B003NG56KM', 'B003NGB1DI', 'B00413BWR2'])
2026-03-07 16:05:36,629 [INFO] ブランド再確認中: LION (対象ASIN: ['B003NRF5QG', 'B005J0XPRG'])
2026-03-07 16:05:40,372 [INFO] ブランド再確認中: ケンツメディコ (対象ASIN: ['B003NS3PDA', 'B00FADQ6M8'])
2026-03-07 16:05:42,091 [INFO] ブランド【ケンツメディコ】が再判定で出品可能(〇)になりました！
2026-03-07 16:05:42,093 [INFO] ブランド再確認中: トーワチキ (対象ASIN: ['B003O1ZA66'])
2026-03-07 16:05:43,824 [INFO] ブランド【トーワチキ】が再判定で出品可能(〇)になりました！
2026-03-07 16:05:43,828 [INFO] ブランド再確認中: JAJAN (対象ASIN: ['B003O7YL4M', 'B01KT1XGGO', 'B01KT1XN4O'])
2026-03-07 16:05:49,224 [INFO] ブランド再確認中: グリーンライフ(GREEN LIFE) (対象ASIN: ['B003OC9LTC', 'B003OCB75S', 'B004D2F3U8'])
2026-03-07 16:05:54,786 [INFO] ブランド再確認中: MOD (対象ASIN: ['B003OFN6AO', 'B00436MKL4', 'B005CQ93CI'])
2026-03-07 16:06:00,158 [INFO] ブランド再確認中: Sepia Crue (対象ASIN: ['B003P1GL36', 'B003P1M2OS', 'B00JIOLZSU'])
2026-03-07 16:06:05,530 [INFO] ブランド再確認中: Justrite (対象ASIN: ['B003PGRPSQ', 'B006VJNKXS'])
2026-03-07 16:06:09,116 [INFO] ブランド再確認中: MIKI (対象ASIN: ['B003QMW2HS', 'B009JWJ024', 'B009YDVWXS'])
2026-03-07 16:06:14,440 [INFO] ブランド再確認中: Mad Catz (対象ASIN: ['B003RRTXLA', 'B003RRTYEQ', 'B005S14K66'])
2026-03-07 16:06:19,892 [INFO] ブランド【Mad Catz】が再判定で出品可能(〇)になりました！
2026-03-07 16:06:19,895 [INFO] ブランド再確認中: YAMAHA (対象ASIN: ['B003S3OOO4', 'B00DMXNNZG', 'B00DMXNPZE'])
2026-03-07 16:06:21,608 [INFO] ブランド【YAMAHA】が再判定で出品可能(〇)になりました！
2026-03-07 16:06:21,611 [INFO] ブランド再確認中: Hofner ヘフナー (対象ASIN: ['B003S3RY46', 'B00401X3M2', 'B005UPZ4WY'])
2026-03-07 16:06:27,086 [INFO] ブランド再確認中: Atago (対象ASIN: ['B003SUOQX6'])
2026-03-07 16:06:28,871 [INFO] ブランド再確認中: ガエルネ(Gaerne) (対象ASIN: ['B003SY94M0', 'B003SY94RA', 'B003SYASYS'])
2026-03-07 16:06:34,183 [INFO] ブランド再確認中: YONEX(ヨネックス) (対象ASIN: ['B003T0PP6M', 'B003U4NF00', 'B003Y6JC6U'])
2026-03-07 16:06:39,465 [INFO] ブランド再確認中: 林製作所(Hayashiseisakusho) (対象ASIN: ['B003TDXQMO', 'B003TE1CVA'])
2026-03-07 16:06:41,167 [INFO] ブランド【林製作所(Hayashiseisakusho)】が再判定で出品可能(〇)になりました！
2026-03-07 16:06:41,170 [INFO] ブランド再確認中: リンレイ (対象ASIN: ['B003TE2S90', 'B0047QUZ08', 'B00485ZC24'])
2026-03-07 16:06:46,435 [INFO] ブランド再確認中: t-rex engineering (対象ASIN: ['B003TPVTDU', 'B00ER81LKO', 'B00LJ8T96S'])
2026-03-07 16:06:51,913 [INFO] ブランド再確認中: My Brest Friend (対象ASIN: ['B003TSDMH8'])
2026-03-07 16:06:53,847 [INFO] ブランド再確認中: Soundcraft (対象ASIN: ['B003TSEFLA', 'B00L8Q01ZE', 'B00UBJ6ZM2'])
2026-03-07 16:06:59,281 [INFO] ブランド再確認中: Castrol (対象ASIN: ['B003U3HVOC', 'B003U3S9CA', 'B003U587CA'])
2026-03-07 16:07:04,520 [INFO] ブランド再確認中: グッドイヤー(GOODYEAR) (対象ASIN: ['B003U6OA02', 'B00AIJCAEC', 'B00COVNVY0'])
2026-03-07 16:07:09,869 [INFO] ブランド再確認中: ENGEL (対象ASIN: ['B003UKI5FY', 'B0725RYFZ7'])
2026-03-07 16:07:13,612 [INFO] ブランド再確認中: メガハウス(MegaHouse) (対象ASIN: ['B003URM1PM', 'B00761J1I8', 'B00AMT82TU'])
2026-03-07 16:07:19,231 [INFO] ブランド再確認中: Gon Bops (対象ASIN: ['B003UW49R0', 'B003ZHVCRU'])
2026-03-07 16:07:22,681 [INFO] ブランド再確認中: ワンプラー ペダルス(Wampler Pedals) (対象ASIN: ['B003V0NILY', 'B00EUMELWM', 'B01BKE1AY4'])
2026-03-07 16:07:28,206 [INFO] ブランド再確認中: CRAY-PAS (対象ASIN: ['B003V9PAZC', 'B00ATKCMB6'])
2026-03-07 16:07:31,735 [INFO] ブランド再確認中: ヨシカワ(Yoshikawa) (対象ASIN: ['B003VA0920', 'B00BYQSYZC', 'B07F3PXZ1V'])
2026-03-07 16:07:37,141 [INFO] ブランド再確認中: Providence (対象ASIN: ['B003WLLOTU', 'B00J5YEK6M', 'B00KCCQOWY'])
2026-03-07 16:07:42,576 [INFO] ブランド再確認中: Ｍ・ＭＡＲＶＥＬ (対象ASIN: ['B003WU0CYY', 'B005N811X4', 'B005N81INW'])
2026-03-07 16:07:47,979 [INFO] ブランド再確認中: GRETSCH(グレッチ) (対象ASIN: ['B003WY2DY2', 'B006V7FSMQ', 'B00BEYDFA8'])
2026-03-07 16:07:53,433 [INFO] ブランド再確認中: 杉藤(Sugito Bow) (対象ASIN: ['B003X2ZD5E', 'B0B2CJXDYF', 'B0BSQF9Y3L'])
2026-03-07 16:07:55,160 [INFO] ブランド【杉藤(Sugito Bow)】が再判定で出品可能(〇)になりました！
2026-03-07 16:07:55,162 [INFO] ブランド再確認中: Butterfly (対象ASIN: ['B003XL81VI', 'B003XLDQDQ', 'B00CH4STX2'])
2026-03-07 16:08:00,636 [INFO] ブランド再確認中: Uzaki Nissin (対象ASIN: ['B003XP84DE', 'B004I19864', 'B004I19GLG'])
2026-03-07 16:08:06,059 [INFO] ブランド再確認中: IVANKO(イヴァンコ) (対象ASIN: ['B003XYFXC0', 'B003XYFXCA', 'B003XYFXCK'])
2026-03-07 16:08:11,383 [INFO] ブランド再確認中: えるおきなわ (対象ASIN: ['B003Y12CK8', 'B003Y19FV2', 'B003Y19GLQ'])
2026-03-07 16:08:13,071 [INFO] ブランド【えるおきなわ】が再判定で出品可能(〇)になりました！
2026-03-07 16:08:13,074 [INFO] ブランド再確認中: ガーデンガーデン (対象ASIN: ['B003Y6D41O', 'B004XYJLR2', 'B007KTK464'])
2026-03-07 16:08:18,533 [INFO] ブランド再確認中: ボンビアルコン (Bonbi) (対象ASIN: ['B003YR1H2Q', 'B006Y1WYBC', 'B006Y1WYBM'])
2026-03-07 16:08:20,264 [INFO] ブランド【ボンビアルコン (Bonbi)】が再判定で出品可能(〇)になりました！
2026-03-07 16:08:20,266 [INFO] ブランド再確認中: Trophy (対象ASIN: ['B003Z8RCQY'])
2026-03-07 16:08:22,139 [INFO] ブランド再確認中: Hikari(ヒカリ) (対象ASIN: ['B003ZG7G5I'])
2026-03-07 16:08:23,966 [INFO] ブランド再確認中: キリカン洋行 (対象ASIN: ['B003ZSG3JQ', 'B013DSFDYS'])
2026-03-07 16:08:25,650 [INFO] ブランド【キリカン洋行】が再判定で出品可能(〇)になりました！
2026-03-07 16:08:25,668 [INFO] ブランド再確認中: Avirex (対象ASIN: ['B00400MT9Q', 'B00400MTA0', 'B00400MTAA'])
2026-03-07 16:08:31,249 [INFO] ブランド再確認中: da Vinci (対象ASIN: ['B00409FIW2', 'B00409FIX6', 'B00409FQXI'])
2026-03-07 16:08:36,719 [INFO] ブランド再確認中: こだわり安眠館 (対象ASIN: ['B00409UDS6', 'B00409ZIFE', 'B0044WPHRQ'])
2026-03-07 16:08:42,150 [INFO] ブランド再確認中: D.I.D(ダイドー) (対象ASIN: ['B0040F5O2A', 'B0040F7BH6', 'B0040F7D1A'])
2026-03-07 16:08:47,394 [INFO] ブランド再確認中: ホタルクス (対象ASIN: ['B0040WFSYM'])
2026-03-07 16:08:49,094 [INFO] ブランド【ホタルクス】が再判定で出品可能(〇)になりました！
2026-03-07 16:08:49,096 [INFO] ブランド再確認中: ワイエムワールド (対象ASIN: ['B00411NFXS', 'B00411QLYI', 'B00IKC9560'])
2026-03-07 16:08:50,791 [INFO] ブランド【ワイエムワールド】が再判定で出品可能(〇)になりました！
2026-03-07 16:08:50,794 [INFO] ブランド再確認中: アイアールシー(iRC Tire) (対象ASIN: ['B004157Y72', 'B004159F60', 'B00415AVRM'])
2026-03-07 16:08:56,334 [INFO] ブランド再確認中: Little Giraffe (対象ASIN: ['B0041EWGQC', 'B004CR6F9W', 'B004CR6FEM'])
2026-03-07 16:09:01,922 [INFO] ブランド再確認中: iROTEC (対象ASIN: ['B0041IQXQC', 'B0041IU12O', 'B0041IV0RE'])
2026-03-07 16:09:07,227 [INFO] ブランド再確認中: Abu Garcia (対象ASIN: ['B004246D38', 'B0042491H8', 'B00KQTF7O4'])
2026-03-07 16:09:12,756 [INFO] ブランド再確認中: サンワダイレクト (対象ASIN: ['B0042ISU30', 'B0042ISU3K', 'B0042ISU4O'])
2026-03-07 16:09:18,164 [INFO] ブランド再確認中: リバーライト(Riverlight) (対象ASIN: ['B0042NOKA2', 'B0084Y6ASK', 'B085DVCCZM'])
2026-03-07 16:09:23,518 [INFO] ブランド再確認中: バイオザイム (対象ASIN: ['B0042R2ZB4'])
2026-03-07 16:09:25,258 [INFO] ブランド【バイオザイム】が再判定で出品可能(〇)になりました！
2026-03-07 16:09:25,272 [INFO] ブランド再確認中: ACDelco (対象ASIN: ['B0042RMNKM', 'B00NXA51VW', 'B00P10VASA'])
2026-03-07 16:09:30,472 [INFO] ブランド再確認中: ブラザー工業 (対象ASIN: ['B0043BAKHK', 'B004JKHRW6', 'B004TUXBQW'])
2026-03-07 16:09:35,838 [INFO] ブランド再確認中: シアターハウス (対象ASIN: ['B0043T9E06', 'B00JPZQSV6', 'B00JPZQUV4'])
2026-03-07 16:09:41,227 [INFO] ブランド再確認中: Little Giant Ladder Systems (対象ASIN: ['B0043X1JBY', 'B006ARJSHI'])
2026-03-07 16:09:45,008 [INFO] ブランド再確認中: ゼンオン(ZENON) (対象ASIN: ['B0045OUT8K', 'B0045OUT9E', 'B0045OUT9O'])
2026-03-07 16:09:50,362 [INFO] ブランド再確認中: カナック企画 (対象ASIN: ['B0045TEQ02'])
2026-03-07 16:09:52,083 [INFO] ブランド【カナック企画】が再判定で出品可能(〇)になりました！
2026-03-07 16:09:52,086 [INFO] ブランド再確認中: Phiten (対象ASIN: ['B0045YI2ZM', 'B0045YKMWS', 'B00IYDQSD8'])
2026-03-07 16:09:57,666 [INFO] ブランド再確認中: ボッシュ(BOSCH) (対象ASIN: ['B0046041C8'])
2026-03-07 16:09:59,781 [INFO] ブランド再確認中: KUN (対象ASIN: ['B0046D5F6G', 'B08S3YRXQC', 'B0DBHD9N1Q'])
2026-03-07 16:10:05,229 [INFO] ブランド再確認中: PLAYWOOD (対象ASIN: ['B0046YDCIS', 'B00H8VI9MK', 'B00H8VI9SO'])
2026-03-07 16:10:06,945 [INFO] ブランド【PLAYWOOD】が再判定で出品可能(〇)になりました！
2026-03-07 16:10:06,948 [INFO] ブランド再確認中: トーヨーセフティー(TOYO SAFETY) (対象ASIN: ['B0048XHJE0', 'B08KT1GYCK'])
2026-03-07 16:10:10,556 [INFO] ブランド再確認中: Sanko (対象ASIN: ['B0048YLX4G', 'B006FB3S48', 'B008HLKRBQ'])
2026-03-07 16:10:15,875 [INFO] ブランド再確認中: QUIK-LOK (対象ASIN: ['B0049B3FZI', 'B008FJXGTA', 'B00D3MKNPY'])
2026-03-07 16:10:21,474 [INFO] ブランド再確認中: PRS (対象ASIN: ['B004A4MLYU', 'B008MX3RYS', 'B00LD07FSQ'])
2026-03-07 16:10:26,851 [INFO] ブランド再確認中: Peavey (対象ASIN: ['B004A4PSEU', 'B01M4MOZP9', 'B06XG9D9FV'])
2026-03-07 16:10:32,619 [INFO] ブランド再確認中: ピアノ椅子 (対象ASIN: ['B004ADSM44', 'B006ZH5JAI'])
2026-03-07 16:10:34,337 [INFO] ブランド【ピアノ椅子】が再判定で出品可能(〇)になりました！
2026-03-07 16:10:34,340 [INFO] ブランド再確認中: Tone Pros (対象ASIN: ['B004AOLP1A', 'B004BA0MDA', 'B004CQUYCM'])
2026-03-07 16:10:37,869 [INFO] ブランド【Tone Pros】が再判定で出品可能(〇)になりました！
2026-03-07 16:10:37,872 [INFO] ブランド再確認中: KRK (対象ASIN: ['B004ARUO2S', 'B01MF8ZPKM', 'B01MF98553'])
2026-03-07 16:10:41,467 [INFO] ブランド【KRK】が再判定で出品可能(〇)になりました！
2026-03-07 16:10:41,469 [INFO] ブランド再確認中: Imperia (対象ASIN: ['B004AWMSNG'])
2026-03-07 16:10:43,317 [INFO] ブランド再確認中: 川口技研(Kawaguchigiken) (対象ASIN: ['B004CHNOZA', 'B005FUPXES', 'B005FUPXIY'])
2026-03-07 16:10:48,591 [INFO] ブランド再確認中: メディコス(Medicos Entertainment) (対象ASIN: ['B004D1AD2C', 'B07YYW9BR6', 'B083QK3ZGP'])
2026-03-07 16:10:54,200 [INFO] ブランド再確認中: 池永鉄工(Ikenaga Iron Works) (対象ASIN: ['B004D2F00Q', 'B01AL7NXBO', 'B07FW3Q4RV'])
2026-03-07 16:10:59,818 [INFO] ブランド再確認中: Modkat (対象ASIN: ['B004DBNGU8', 'B01JMDY0ZG', 'B079VSSP93'])
2026-03-07 16:11:05,174 [INFO] ブランド再確認中: インテル (対象ASIN: ['B004EBUXSU', 'B005404P9I', 'B0077CS9UM'])
2026-03-07 16:11:10,735 [INFO] ブランド再確認中: ヤマコー(Yamaco) (対象ASIN: ['B004EGKRFO', 'B0781CLS1C', 'B0785Y3MR1'])
2026-03-07 16:11:16,107 [INFO] ブランド再確認中: Avenger (対象ASIN: ['B004EPTZP8', 'B0DJP6ZRBD', 'B0DJP8L8CW'])
2026-03-07 16:11:21,495 [INFO] ブランド再確認中: WORLD EAGLE(ワールドイーグル) (対象ASIN: ['B004EYI0DW', 'B0075204DO', 'B0076VWZBI'])
2026-03-07 16:11:26,821 [INFO] ブランド再確認中: Woolino (対象ASIN: ['B004FFJNAY', 'B00IWCDO6A', 'B00SGSTUZY'])
2026-03-07 16:11:32,679 [INFO] ブランド再確認中: FALKE (対象ASIN: ['B004FQ2120', 'B004FQ5EXI', 'B00UTGZ460'])
2026-03-07 16:11:38,516 [INFO] ブランド再確認中: 江戸てん (対象ASIN: ['B004GJ0KLU', 'B004IRSJIQ', 'B0074Y6DBU'])
2026-03-07 16:11:44,131 [INFO] ブランド再確認中: ワークスベル (対象ASIN: ['B004H0PJXC', 'B004H0PO82', 'B004H0QPZ8'])
2026-03-07 16:11:49,464 [INFO] ブランド再確認中: キジマ(Kijima) (対象ASIN: ['B004H8TUBG', 'B00ABE6A4U', 'B011NTFJW0'])
2026-03-07 16:11:54,752 [INFO] ブランド再確認中: バボラ(Babolat) (対象ASIN: ['B004HB8D0M', 'B00BF2BQ32', 'B00BF2BQS2'])
2026-03-07 16:12:00,214 [INFO] ブランド再確認中: ブリヂストン(BRIDGESTONE) (対象ASIN: ['B004HCGGN2', 'B004HCIMUC', 'B004HCKRPA'])
2026-03-07 16:12:05,610 [INFO] ブランド再確認中: Kolcraft (対象ASIN: ['B004HKK5TK'])
2026-03-07 16:12:07,543 [INFO] ブランド再確認中: ディーアールシー(DRC) (対象ASIN: ['B004HNX1YI', 'B079P1KXKT', 'B095BNJD4J'])
2026-03-07 16:12:13,112 [INFO] ブランド再確認中: Ki/oon Sony キューン ソニー (対象ASIN: ['B004HW80WM', 'B00KHZ8MF8', 'B00O3GS9NW'])
2026-03-07 16:12:18,530 [INFO] ブランド再確認中: SilverStone (対象ASIN: ['B004I539OW', 'B007R2HRNW', 'B00DU6RVK8'])
2026-03-07 16:12:23,850 [INFO] ブランド再確認中: PALLADIUM(パラディウム) (対象ASIN: ['B004I8W26K', 'B004I8W26U', 'B004I8W274'])
2026-03-07 16:12:29,399 [INFO] ブランド再確認中: 東海砂利株式会社 (対象ASIN: ['B004JBZBM8', 'B007UEDTFC', 'B007VIAP72'])
2026-03-07 16:12:31,106 [INFO] ブランド【東海砂利株式会社】が再判定で出品可能(〇)になりました！
2026-03-07 16:12:31,109 [INFO] ブランド再確認中: GALAX (対象ASIN: ['B004KK9EIK', 'B00BCUQU2O', 'B00BCUSV30'])
2026-03-07 16:12:32,847 [INFO] ブランド【GALAX】が再判定で出品可能(〇)になりました！
2026-03-07 16:12:32,851 [INFO] ブランド再確認中: LUXILON(ルキシロン) (対象ASIN: ['B004KMUEE6', 'B008XOZVW2', 'B0093P2DE4'])
2026-03-07 16:12:38,426 [INFO] ブランド再確認中: 正広 (対象ASIN: ['B004KUUU10'])
2026-03-07 16:12:40,207 [INFO] ブランド再確認中: バイエル薬品 (対象ASIN: ['B004KVZC44'])
2026-03-07 16:12:42,012 [INFO] ブランド【バイエル薬品】が再判定で出品可能(〇)になりました！
2026-03-07 16:12:42,015 [INFO] ブランド再確認中: LINEAGE(リニエージ) (対象ASIN: ['B004L2JVQ2', 'B00IK5YZR6'])
2026-03-07 16:12:45,734 [INFO] ブランド再確認中: 浅香工業(Asaka Kougyou) (対象ASIN: ['B004L8G3AS', 'B00N3NC1EE', 'B07C1K1HJ1'])
2026-03-07 16:12:51,091 [INFO] ブランド再確認中: ペツル(PETZL) (対象ASIN: ['B004M3GDI4', 'B01F8JBQCI', 'B07NCMGK45'])
2026-03-07 16:12:56,577 [INFO] ブランド再確認中: Disney Interactive Studios (対象ASIN: ['B004M8M30G', 'B007MM9E2E'])
2026-03-07 16:13:00,391 [INFO] ブランド再確認中: SP Silicon Power (対象ASIN: ['B004MLJLU8', 'B005GHTEV8', 'B00DMW7HRW'])
2026-03-07 16:13:05,871 [INFO] ブランド再確認中: Allparts (対象ASIN: ['B004MNB1MM', 'B004MNB8UM', 'B004MNCL80'])
2026-03-07 16:13:11,295 [INFO] ブランド再確認中: ツボサン(Tsubosan) (対象ASIN: ['B004MXOGOM'])
2026-03-07 16:13:12,969 [INFO] ブランド【ツボサン(Tsubosan)】が再判定で出品可能(〇)になりました！
2026-03-07 16:13:12,972 [INFO] ブランド再確認中: クライスラーミュージックジャパン (対象ASIN: ['B004MZHA4S', 'B016VX8ALA', 'B07J1BM7BT'])
2026-03-07 16:13:14,730 [INFO] ブランド【クライスラーミュージックジャパン】が再判定で出品可能(〇)になりました！
2026-03-07 16:13:14,734 [INFO] ブランド再確認中: HERCULES (対象ASIN: ['B004N1JFXK', 'B004P0MWCU', 'B007VBJF16'])
2026-03-07 16:13:20,049 [INFO] ブランド【HERCULES】が再判定で出品可能(〇)になりました！
2026-03-07 16:13:20,052 [INFO] ブランド再確認中: THQ Nordic (対象ASIN: ['B004NB1C0Y', 'B00TKLFOKQ', 'B01JCUNNA2'])
2026-03-07 16:13:25,575 [INFO] ブランド再確認中: CHAUVET DJ (対象ASIN: ['B004NNVPEK', 'B07GDLCB7H', 'B08LBXGTN8'])
2026-03-07 16:13:31,310 [INFO] ブランド再確認中: タオルショップ ブルーム (対象ASIN: ['B004NYFOJ6', 'B00658JQGK', 'B00G32O230'])
2026-03-07 16:13:36,666 [INFO] ブランド再確認中: HIOKI (対象ASIN: ['B004OR5Z6O', 'B004OR7JH2', 'B004OR7JJK'])
2026-03-07 16:13:42,207 [INFO] ブランド再確認中: フロンティアワークス (対象ASIN: ['B004P8K3AU', 'B008KIWI3Q', 'B00G945BB4'])
2026-03-07 16:13:47,557 [INFO] ブランド再確認中: schlagwerk(シュラグベルク) (対象ASIN: ['B004PA5HMW', 'B004PALDC0', 'B004PAS2T2'])
2026-03-07 16:13:52,957 [INFO] ブランド再確認中: VIBRAMATE (対象ASIN: ['B004PNPQ8E', 'B004PNPQFC', 'B004PNREP2'])
2026-03-07 16:13:58,272 [INFO] ブランド再確認中: スーリー(Thule) (対象ASIN: ['B004PYEB1G', 'B00TU1D50C', 'B0191XT9DU'])
2026-03-07 16:14:03,773 [INFO] ブランド再確認中: Barefoot Dreams (対象ASIN: ['B004QHM0NI', 'B07ZWGGHVB', 'B0CCDBT9RR'])
2026-03-07 16:14:09,293 [INFO] ブランド再確認中: タンガロイ (対象ASIN: ['B004SD38PO'])
2026-03-07 16:14:10,999 [INFO] ブランド【タンガロイ】が再判定で出品可能(〇)になりました！
2026-03-07 16:14:11,002 [INFO] ブランド再確認中: AISIN (対象ASIN: ['B004SFKJ86', 'B00829HZF4', 'B00829HZVI'])
2026-03-07 16:14:16,438 [INFO] ブランド再確認中: Section 23 (対象ASIN: ['B004SGWYVA', 'B01HJR84LI'])
2026-03-07 16:14:20,031 [INFO] ブランド再確認中: ラバーゼ(La Base) (対象ASIN: ['B004SJRTJO', 'B007TGK328', 'B00IHS6HLS'])
2026-03-07 16:14:25,516 [INFO] ブランド再確認中: Levolva＜レヴォルヴァ＞ (対象ASIN: ['B004SKAFKS', 'B004SKEBE4', 'B004SKQMEG'])
2026-03-07 16:14:30,887 [INFO] ブランド再確認中: Hercules (対象ASIN: ['B004UU2QJY', 'B00724YCCY', 'B01N1ZQ410'])
2026-03-07 16:14:36,354 [INFO] ブランド再確認中: MOTU (対象ASIN: ['B004WB6H0U', 'B00S4J45T6', 'B0812B26TN'])
2026-03-07 16:14:41,657 [INFO] ブランド再確認中: GIVI(ジビ) (対象ASIN: ['B004WJ6ICE', 'B004WJ6IHO', 'B0085UNK6I'])
2026-03-07 16:14:47,029 [INFO] ブランド再確認中: 日本育児 (対象ASIN: ['B004XH2HZW', 'B00AH4VEGI', 'B00CWQM3ZU'])
2026-03-07 16:14:52,530 [INFO] ブランド再確認中: 新富士バーナー(Shinfuji Burner) (対象ASIN: ['B004XKRC3Q', 'B0050AA9W4', 'B0050H6BE2'])
2026-03-07 16:14:57,906 [INFO] ブランド再確認中: Selle Italia (対象ASIN: ['B004YIC8KY', 'B07J9W5K7S', 'B07S63Q2YG'])
2026-03-07 16:15:03,523 [INFO] ブランド再確認中: SANEI(サンエイ) (対象ASIN: ['B004YUD0GS', 'B008U4F05S', 'B008UJ2QQ4'])
2026-03-07 16:15:05,201 [INFO] ブランド【SANEI(サンエイ)】が再判定で出品可能(〇)になりました！
2026-03-07 16:15:05,203 [INFO] ブランド再確認中: Golden Gate (対象ASIN: ['B004YUP4F8'])
2026-03-07 16:15:07,098 [INFO] ブランド再確認中: アルモネイチャー (almo nature) (対象ASIN: ['B004ZP8RCY', 'B005FVA6W6'])
2026-03-07 16:15:10,687 [INFO] ブランド再確認中: セルタン(Cellutane) (対象ASIN: ['B0050248WE', 'B00502495K', 'B00B1KJG1W'])
2026-03-07 16:15:16,116 [INFO] ブランド再確認中: GSユアサ(ジーエスユアサ) (対象ASIN: ['B00508WKAK', 'B008UJ9U9U', 'B075NH1HSN'])
2026-03-07 16:15:17,803 [INFO] ブランド【GSユアサ(ジーエスユアサ)】が再判定で出品可能(〇)になりました！
2026-03-07 16:15:17,805 [INFO] ブランド再確認中: Stokke (対象ASIN: ['B0050BXB3W', 'B008N0G602', 'B00AGIFTB6'])
2026-03-07 16:15:23,219 [INFO] ブランド再確認中: LIQUIMOLY (対象ASIN: ['B00518NJJU', 'B07NVGHPLG'])
2026-03-07 16:15:26,850 [INFO] ブランド再確認中: Lee(リー) (対象ASIN: ['B0051EFBV8'])
2026-03-07 16:15:28,635 [INFO] ブランド再確認中: タカラ工業 (対象ASIN: ['B0051MO7Y2', 'B0051MO8IM', 'B01I300EKY'])
2026-03-07 16:15:30,332 [INFO] ブランド【タカラ工業】が再判定で出品可能(〇)になりました！
2026-03-07 16:15:30,335 [INFO] ブランド再確認中: DEWALT(デウォルト) (対象ASIN: ['B0051QIH1M', 'B00YIPB5W0', 'B01J6KTBI6'])
2026-03-07 16:15:35,697 [INFO] ブランド再確認中: プラスパック (対象ASIN: ['B00522AI6C', 'B00522EHFU', 'B00522ELT2'])
2026-03-07 16:15:41,065 [INFO] ブランド再確認中: ヘッド(HEAD) (対象ASIN: ['B0052E2LA6', 'B089ZZ6QGC', 'B092RKWW43'])
2026-03-07 16:15:46,452 [INFO] ブランド再確認中: Seismic Audio (対象ASIN: ['B0052NM7WE', 'B0052NM8VO', 'B0052QBPJC'])
2026-03-07 16:15:51,886 [INFO] ブランド再確認中: Empress Effects (対象ASIN: ['B0054I68S6', 'B00E6N4D64', 'B00FAHT9VE'])
2026-03-07 16:15:57,293 [INFO] ブランド再確認中: Claessens (対象ASIN: ['B0054IQGF6'])
2026-03-07 16:15:59,086 [INFO] ブランド再確認中: ROTOSOUND (対象ASIN: ['B0054REK14', 'B008W2HYQG', 'B009K295MI'])
2026-03-07 16:16:04,485 [INFO] ブランド再確認中: SRAM (対象ASIN: ['B00553XWRU', 'B0CTTR1CLB'])
2026-03-07 16:16:08,190 [INFO] ブランド再確認中: TOYOTA(トヨタ) (対象ASIN: ['B0055DR0LY', 'B005GXBI3O', 'B005OMXXBC'])
2026-03-07 16:16:13,524 [INFO] ブランド再確認中: yamatoya (対象ASIN: ['B0055QUF8Q', 'B01M278YK8', 'B0FK9ZLPFJ'])
2026-03-07 16:16:15,218 [INFO] ブランド【yamatoya】が再判定で出品可能(〇)になりました！
2026-03-07 16:16:15,221 [INFO] ブランド再確認中: ホームテイスト (対象ASIN: ['B0056D7Q1C', 'B0058QKZT2'])
2026-03-07 16:16:16,953 [INFO] ブランド【ホームテイスト】が再判定で出品可能(〇)になりました！
2026-03-07 16:16:16,955 [INFO] ブランド再確認中: 日本グリース (対象ASIN: ['B00575HYMU'])
2026-03-07 16:16:18,687 [INFO] ブランド【日本グリース】が再判定で出品可能(〇)になりました！
2026-03-07 16:16:18,690 [INFO] ブランド再確認中: フライングドッグ (対象ASIN: ['B0057COHIW', 'B00BIXS3D4', 'B00G3D57TM'])
2026-03-07 16:16:24,146 [INFO] ブランド再確認中: Delta Children (対象ASIN: ['B0057GU322', 'B00GJIXMQG', 'B00KM6G0UG'])
2026-03-07 16:16:29,886 [INFO] ブランド再確認中: CARL MARTIN (対象ASIN: ['B0057LA9JO', 'B0116EPWOW'])
2026-03-07 16:16:33,499 [INFO] ブランド再確認中: OLYMPUS (対象ASIN: ['B0058G3ZNA', 'B005CT956O', 'B00EY6AV50'])
2026-03-07 16:16:39,327 [INFO] ブランド再確認中: スパルコ(Sparco) (対象ASIN: ['B005BP79BC', 'B00BFSHD42', 'B00BWO8HWG'])
2026-03-07 16:16:44,825 [INFO] ブランド再確認中: Supermicro (対象ASIN: ['B005C2NGYS', 'B018AX449G', 'B01GUAAJGI'])
2026-03-07 16:16:50,186 [INFO] ブランド再確認中: SOREL(ソレル) (対象ASIN: ['B005CT9JFQ', 'B07KJZJW76', 'B07KJZMJZ4'])
2026-03-07 16:16:55,782 [INFO] ブランド再確認中: BEST BRASS (対象ASIN: ['B005D68UQW', 'B005D68UVW', 'B005D68UZS'])
2026-03-07 16:17:01,090 [INFO] ブランド再確認中: Rhino (対象ASIN: ['B005DKLPQ0', 'B00F8OV4HQ', 'B0CZ9FS7QR'])
2026-03-07 16:17:06,554 [INFO] ブランド再確認中: トヨダプロダクツ (対象ASIN: ['B005DP9V66', 'B005DP9VHU', 'B015149VHC'])
2026-03-07 16:17:08,301 [INFO] ブランド【トヨダプロダクツ】が再判定で出品可能(〇)になりました！
2026-03-07 16:17:08,303 [INFO] ブランド再確認中: プラスアート (対象ASIN: ['B005DUK12O', 'B00UVAXO16', 'B00UVB61JM'])
2026-03-07 16:17:09,998 [INFO] ブランド【プラスアート】が再判定で出品可能(〇)になりました！
2026-03-07 16:17:10,001 [INFO] ブランド再確認中: CONDOR OUTDOOR (対象ASIN: ['B005E0YIVS', 'B009SAZ7W4', 'B00C2EMLAO'])
2026-03-07 16:17:15,485 [INFO] ブランド再確認中: OGK技研 (対象ASIN: ['B005EP7PUY', 'B005EP7Q58', 'B00A7LYPJ4'])
2026-03-07 16:17:20,902 [INFO] ブランド再確認中: 北陸アルミニウム(Hokuriku Alumi) (対象ASIN: ['B005EV49SY', 'B00NL71MXS', 'B00UV7HRMG'])
2026-03-07 16:17:26,214 [INFO] ブランド再確認中: バリバス(VARIVAS) (対象ASIN: ['B005EVBQR6', 'B005EVBQTO', 'B005EVBQV2'])
2026-03-07 16:17:31,560 [INFO] ブランド再確認中: TIZZYEASY (対象ASIN: ['B005FDTEUE', 'B00AQ8S2C4'])
2026-03-07 16:17:33,249 [INFO] ブランド【TIZZYEASY】が再判定で出品可能(〇)になりました！
2026-03-07 16:17:33,252 [INFO] ブランド再確認中: SHORAI (対象ASIN: ['B005FIUGPQ', 'B00JXAH7O0'])
2026-03-07 16:17:36,919 [INFO] ブランド再確認中: Prym (対象ASIN: ['B005FQNPJ2'])
2026-03-07 16:17:38,722 [INFO] ブランド再確認中: SUCCESS WALK(サクセスウォーク) (対象ASIN: ['B005G1AU1C', 'B005G1AW1K', 'B005G1AXBO'])
2026-03-07 16:17:40,510 [INFO] ブランド【SUCCESS WALK(サクセスウォーク)】が再判定で出品可能(〇)になりました！
2026-03-07 16:17:40,513 [INFO] ブランド再確認中: Kiinde (対象ASIN: ['B005G3QSF2'])
2026-03-07 16:17:42,404 [INFO] ブランド再確認中: PreSonus (対象ASIN: ['B005G6CZRE', 'B00B5L2B46', 'B00BOEEU4S'])
2026-03-07 16:17:47,778 [INFO] ブランド再確認中: エッシェンバッハ (対象ASIN: ['B005ILKYCU', 'B005KJ64J2', 'B00BBABA7A'])
2026-03-07 16:17:53,363 [INFO] ブランド再確認中: コミネ(Komine) (対象ASIN: ['B005J9897S'])
2026-03-07 16:17:55,095 [INFO] ブランド再確認中: Royal Purple (対象ASIN: ['B005JVHIZ0', 'B005SEKCN8', 'B005SEKFBM'])
2026-03-07 16:18:00,501 [INFO] ブランド再確認中: カトー(KATO) (対象ASIN: ['B005JX2Z10', 'B0154PCN8C', 'B01CTKIDO8'])
2026-03-07 16:18:05,875 [INFO] ブランド再確認中: Velbon (対象ASIN: ['B005KGCB4C', 'B0B92885TZ'])
2026-03-07 16:18:09,824 [INFO] ブランド再確認中: HELLY HANSEN(ヘリーハンセン) (対象ASIN: ['B005KQ3KGU', 'B005KQ3TM0', 'B0B2PPQ3HT'])
2026-03-07 16:18:15,413 [INFO] ブランド再確認中: ROCKPORT(ロックポート) (対象ASIN: ['B005LGS938', 'B005LGS9OC', 'B005LGSAAK'])
2026-03-07 16:18:21,029 [INFO] ブランド再確認中: 因幡電工(INABA DENKO) (対象ASIN: ['B005LT92OA', 'B00ZWS0KAK', 'B00ZWS19H8'])
2026-03-07 16:18:26,365 [INFO] ブランド再確認中: Novation (対象ASIN: ['B005M02VNW', 'B005M02VPK', 'B0096MEKZ4'])
2026-03-07 16:18:32,042 [INFO] ブランド再確認中: VARTA(バルタ) (対象ASIN: ['B005M0K8ZU', 'B005M0X4ZG', 'B005XVUDIA'])
2026-03-07 16:18:37,572 [INFO] ブランド再確認中: トランセンドジャパン (対象ASIN: ['B005MNGQ6C', 'B007DISA04', 'B00A7XPWYY'])
2026-03-07 16:18:43,559 [INFO] ブランド再確認中: レベルファイブ (対象ASIN: ['B005MWBWUI', 'B00FKSUG2E', 'B00OCAIZ4M'])
2026-03-07 16:18:48,953 [INFO] ブランド再確認中: Yeastar (対象ASIN: ['B005MWMSRY'])
2026-03-07 16:18:50,876 [INFO] ブランド再確認中: ピボット(PIVOT) (対象ASIN: ['B005N2KY92', 'B009VRB0UW', 'B00GBZBLLU'])
2026-03-07 16:18:52,597 [INFO] ブランド【ピボット(PIVOT)】が再判定で出品可能(〇)になりました！
2026-03-07 16:18:52,599 [INFO] ブランド再確認中: 東京防音 (対象ASIN: ['B005N54MEW', 'B00BJENBEI'])
2026-03-07 16:18:54,312 [INFO] ブランド【東京防音】が再判定で出品可能(〇)になりました！
2026-03-07 16:18:54,315 [INFO] ブランド再確認中: M·MARVEL (対象ASIN: ['B005N84AQE', 'B0074Y1J0K', 'B008YB4DKU'])
2026-03-07 16:18:59,695 [INFO] ブランド再確認中: HANNABACH (対象ASIN: ['B005O67EHW'])
2026-03-07 16:19:01,654 [INFO] ブランド【HANNABACH】が再判定で出品可能(〇)になりました！
2026-03-07 16:19:01,658 [INFO] ブランド再確認中: SnooZer (対象ASIN: ['B005OAZQZU'])
2026-03-07 16:19:03,545 [INFO] ブランド再確認中: Focusrite (対象ASIN: ['B005OZE9SA', 'B01686PAXG', 'B018W7BW36'])
2026-03-07 16:19:09,283 [INFO] ブランド再確認中: Baby Einstein (対象ASIN: ['B005P5D7G4', 'B006YBHE6M', 'B06WRSH2MY'])
2026-03-07 16:19:15,259 [INFO] ブランド再確認中: Clover (対象ASIN: ['B005PVPUKE'])
2026-03-07 16:19:17,012 [INFO] ブランド再確認中: SPACE SHOWER MUSIC (対象ASIN: ['B005Q27EV0'])
2026-03-07 16:19:18,861 [INFO] ブランド再確認中: 土牛産業 (対象ASIN: ['B005Q4LXHY'])
2026-03-07 16:19:20,811 [INFO] ブランド再確認中: GULF (対象ASIN: ['B005QUTHF8'])
2026-03-07 16:19:22,649 [INFO] ブランド再確認中: Bigsby (対象ASIN: ['B005SURYL0', 'B07VD3WGF2', 'B07ZCN3FJG'])
2026-03-07 16:19:28,094 [INFO] ブランド再確認中: K.YAIRI (対象ASIN: ['B005V64XFQ', 'B005XFDHMA', 'B0061IMNCS'])
2026-03-07 16:19:29,792 [INFO] ブランド【K.YAIRI】が再判定で出品可能(〇)になりました！
2026-03-07 16:19:29,795 [INFO] ブランド再確認中: ComfortFlex (対象ASIN: ['B005WKDCXA', 'B005WKDD7U', 'B005WKDDJS'])
2026-03-07 16:19:35,314 [INFO] ブランド再確認中: フジマック(FUJIMAC) (対象ASIN: ['B005XGCEIC'])
2026-03-07 16:19:37,011 [INFO] ブランド【フジマック(FUJIMAC)】が再判定で出品可能(〇)になりました！
2026-03-07 16:19:37,014 [INFO] ブランド再確認中: Steinberg(スタインバーグ) (対象ASIN: ['B005XJDT8I', 'B00GRSDKI8', 'B00QY4RLRQ'])
2026-03-07 16:19:42,524 [INFO] ブランド再確認中: ヤマヨ測定機(Yamayo Sokuteiki) (対象ASIN: ['B005ZMPMNS', 'B00A0GRF3Y', 'B00A0GRFZ2'])
2026-03-07 16:19:47,992 [INFO] ブランド再確認中: LI-NING(リーニン) (対象ASIN: ['B005ZNW4HY', 'B005ZNZMOQ', 'B005ZO6IGQ'])
2026-03-07 16:19:53,518 [INFO] ブランド再確認中: AULOS (対象ASIN: ['B0060MKHYG', 'B00GRMCV6G', 'B00GRMCV98'])
2026-03-07 16:19:58,831 [INFO] ブランド再確認中: シュワルベ(SCHWALBE) (対象ASIN: ['B0062UQXHQ', 'B00G8QDKXY', 'B00G8QGGR6'])
2026-03-07 16:20:04,501 [INFO] ブランド再確認中: abrAsus(アブラサス) (対象ASIN: ['B0063AQA3C', 'B0063AQA5A', 'B0063ASUY4'])
2026-03-07 16:20:09,899 [INFO] ブランド再確認中: RCBS (対象ASIN: ['B0063I7RC2', 'B096MT8PMJ'])
2026-03-07 16:20:13,529 [INFO] ブランド再確認中: SEIWA (対象ASIN: ['B006492P3G', 'B0DJ4LZWM8', 'B0DVGMWQNW'])
2026-03-07 16:20:19,026 [INFO] ブランド再確認中: Floyd Rose (対象ASIN: ['B0064RY7ZM', 'B008FKNUJA', 'B008FKNVGW'])
2026-03-07 16:20:24,449 [INFO] ブランド再確認中: ADAM Audio (対象ASIN: ['B0064RYMEI', 'B01DLMUGNE', 'B079BBF66V'])
2026-03-07 16:20:29,935 [INFO] ブランド再確認中: 人形屋ホンポ (対象ASIN: ['B006598VVA', 'B00S4H86WU', 'B01NAVNF40'])
2026-03-07 16:20:31,687 [INFO] ブランド【人形屋ホンポ】が再判定で出品可能(〇)になりました！
2026-03-07 16:20:31,691 [INFO] ブランド再確認中: Takamine (対象ASIN: ['B0067G5VUK', 'B007B88WU4'])
2026-03-07 16:20:35,260 [INFO] ブランド再確認中: Watts (対象ASIN: ['B0067LRS1U'])
2026-03-07 16:20:37,050 [INFO] ブランド再確認中: インターネット (対象ASIN: ['B0069WOXXS', 'B007L9A49K', 'B00HWJ39OG'])
2026-03-07 16:20:38,739 [INFO] ブランド【インターネット】が再判定で出品可能(〇)になりました！
2026-03-07 16:20:38,741 [INFO] ブランド再確認中: Pennzoil (対象ASIN: ['B006A49AJ2', 'B00EMHUL10', 'B00JMCCE6U'])
2026-03-07 16:20:44,486 [INFO] ブランド再確認中: Maxell (対象ASIN: ['B006BMB5TQ', 'B00L4NGE34', 'B015QUAVXO'])
2026-03-07 16:20:49,798 [INFO] ブランド再確認中: Kaweco (対象ASIN: ['B006CQVTC4', 'B00J5L2VDY', 'B00KQIJS68'])
2026-03-07 16:20:55,339 [INFO] ブランド再確認中: CORSAIR (対象ASIN: ['B006EWUO22', 'B00OTJZTZE', 'B00S51XHUQ'])
2026-03-07 16:21:00,836 [INFO] ブランド再確認中: PRGR (対象ASIN: ['B006GODN26', 'B01K49D36Y'])
2026-03-07 16:21:04,471 [INFO] ブランド再確認中: 3Dconnexion (対象ASIN: ['B006GPYZ40', 'B006GPZ17K', 'B01F9TR3KG'])
2026-03-07 16:21:10,067 [INFO] ブランド再確認中: Kupo (対象ASIN: ['B006JHKL5M'])
2026-03-07 16:21:11,967 [INFO] ブランド再確認中: FAMOUS (対象ASIN: ['B006JW1GII', 'B00870XXKO', 'B008R5Z2TO'])
2026-03-07 16:21:17,336 [INFO] ブランド再確認中: FAIRTEX (対象ASIN: ['B006K42U7G', 'B006K42UPS', 'B00A95QG0O'])
2026-03-07 16:21:22,755 [INFO] ブランド再確認中: デンサン (対象ASIN: ['B006KYYGTQ', 'B006KYYGUA', 'B006KYYITY'])
2026-03-07 16:21:29,127 [INFO] ブランド再確認中: Noritake (対象ASIN: ['B006LD6L5S', 'B012JYFGTE', 'B012K4ZL1G'])
2026-03-07 16:21:34,558 [INFO] ブランド再確認中: NISSIN (対象ASIN: ['B006MQZNJ4', 'B0DPWYKW2W', 'B0F23MJ9PP'])
2026-03-07 16:21:40,027 [INFO] ブランド再確認中: KT Tape (対象ASIN: ['B006O67WJG', 'B006O67XCW', 'B00GJCHXVC'])
2026-03-07 16:21:45,529 [INFO] ブランド再確認中: Aurora (対象ASIN: ['B006OHC15A', 'B006OHC1HI', 'B006OHCMPE'])
2026-03-07 16:21:51,199 [INFO] ブランド再確認中: オカムラ(岡村製作所) (対象ASIN: ['B006OO2OU0', 'B00L9T8VDE', 'B00L9T8VDO'])
2026-03-07 16:21:56,616 [INFO] ブランド再確認中: TAMASHII NATIONS (対象ASIN: ['B006Q67JO2', 'B00955MRA2', 'B00DONFDK2'])
2026-03-07 16:22:02,129 [INFO] ブランド再確認中: TWINS SPECIAL (対象ASIN: ['B006QN8FES', 'B007CBH7UQ', 'B008E3H5DU'])
2026-03-07 16:22:08,992 [INFO] ブランド再確認中: アボ・ダーム (AVODERM) (対象ASIN: ['B006SBTVAU'])
2026-03-07 16:22:10,812 [INFO] ブランド再確認中: SAVAREZ (対象ASIN: ['B006V7XYAY', 'B00PH9PMTI'])
2026-03-07 16:22:14,333 [INFO] ブランド再確認中: MUSIC NOMAD ( ミュージックノマド ) (対象ASIN: ['B006WP70Z0', 'B07VRZ3N55', 'B08NFK1VWP'])
2026-03-07 16:22:20,242 [INFO] ブランド再確認中: WD Music (対象ASIN: ['B006X0UYU2'])
2026-03-07 16:22:22,009 [INFO] ブランド再確認中: FAIRFIELD CIRCUITRY (対象ASIN: ['B006YW760A'])
2026-03-07 16:22:23,735 [INFO] ブランド【FAIRFIELD CIRCUITRY】が再判定で出品可能(〇)になりました！
2026-03-07 16:22:23,738 [INFO] ブランド再確認中: ION (対象ASIN: ['B006ZZU77A', 'B00WG3OXRA'])
2026-03-07 16:22:27,475 [INFO] ブランド再確認中: ハペ(Hape) (対象ASIN: ['B00712Y1K0', 'B00BJEYLOC', 'B074N7TWD1'])
2026-03-07 16:22:33,559 [INFO] ブランド再確認中: カミハタ (対象ASIN: ['B00731C444'])
2026-03-07 16:22:35,359 [INFO] ブランド再確認中: 無限電光(Hit-Air) (対象ASIN: ['B0074DH8EM', 'B007OW1N3U'])
2026-03-07 16:22:39,104 [INFO] ブランド再確認中: Plustek (対象ASIN: ['B0074H6NLC', 'B0074H6NTO', 'B01MZXE0OV'])
2026-03-07 16:22:44,630 [INFO] ブランド再確認中: ANEST IWATA (対象ASIN: ['B007629YBQ', 'B00762A3AM', 'B07HJGM9Y5'])
2026-03-07 16:22:50,012 [INFO] ブランド再確認中: ハンナ インスツルメンツ・ジャパン (対象ASIN: ['B00762GNUG', 'B00762GODC', 'B00762GOLO'])
2026-03-07 16:22:55,360 [INFO] ブランド再確認中: コクゴ (対象ASIN: ['B00762IC28'])
2026-03-07 16:22:57,274 [INFO] ブランド再確認中: モンスタースポーツ(MONSTER SPORT) (対象ASIN: ['B0078YAGIM', 'B00ALRKP7A', 'B079GS5ZCD'])
2026-03-07 16:23:02,606 [INFO] ブランド再確認中: VOVOX (対象ASIN: ['B0079FI556', 'B0079FI55G', 'B0079FI73G'])
2026-03-07 16:23:08,106 [INFO] ブランド再確認中: Offworld Percussion (対象ASIN: ['B0079NF8T4', 'B0079NG01E', 'B0079NNFZI'])
2026-03-07 16:23:13,532 [INFO] ブランド再確認中: SOL(ソル) (対象ASIN: ['B0079VHVVO'])
2026-03-07 16:23:15,271 [INFO] ブランド【SOL(ソル)】が再判定で出品可能(〇)になりました！
2026-03-07 16:23:15,274 [INFO] ブランド再確認中: A'PEXI (対象ASIN: ['B007A0YRL6', 'B007A0Z1LG', 'B007A0Z1QQ'])
2026-03-07 16:23:20,584 [INFO] ブランド再確認中: オムロン(OMRON) (対象ASIN: ['B007A4JPXM', 'B00KQ5V576'])
2026-03-07 16:23:22,262 [INFO] ブランド【オムロン(OMRON)】が再判定で出品可能(〇)になりました！
2026-03-07 16:23:22,264 [INFO] ブランド再確認中: Pyle (対象ASIN: ['B007A99G4U', 'B084D75PHG', 'B08BWRW5SL'])
2026-03-07 16:23:27,683 [INFO] ブランド再確認中: D&M(ディーアンドエム) (対象ASIN: ['B007B74ZYW', 'B007B750K0', 'B007B752E4'])
2026-03-07 16:23:33,169 [INFO] ブランド再確認中: souldier (対象ASIN: ['B007B7EGSM', 'B007FOXZAQ', 'B0080UTU1C'])
2026-03-07 16:23:36,648 [INFO] ブランド【souldier】が再判定で出品可能(〇)になりました！
2026-03-07 16:23:36,652 [INFO] ブランド再確認中: モリタ宮田工業 (対象ASIN: ['B007BAC91A'])
2026-03-07 16:23:38,317 [INFO] ブランド【モリタ宮田工業】が再判定で出品可能(〇)になりました！
2026-03-07 16:23:38,320 [INFO] ブランド再確認中: Solo Stove (対象ASIN: ['B007DBD3IU', 'B00DBYT9BI', 'B00LLH515A'])
2026-03-07 16:23:43,945 [INFO] ブランド再確認中: FLYING HORSE(フライングホース) (対象ASIN: ['B007FKGUPW', 'B007FKGUQQ'])
2026-03-07 16:23:47,630 [INFO] ブランド再確認中: レインボー薬品 (対象ASIN: ['B007FNW48Q'])
2026-03-07 16:23:49,385 [INFO] ブランド【レインボー薬品】が再判定で出品可能(〇)になりました！
2026-03-07 16:23:49,388 [INFO] ブランド再確認中: IPF (対象ASIN: ['B007G4E720', 'B0094BLNT8', 'B00KD8YNKW'])
2026-03-07 16:23:54,857 [INFO] ブランド再確認中: Hall Crystal (対象ASIN: ['B007HB0DFW', 'B007HB0EA6', 'B007HB0F6Y'])
2026-03-07 16:24:00,327 [INFO] ブランド再確認中: Litter Genie (対象ASIN: ['B007IRMTXE'])
2026-03-07 16:24:02,318 [INFO] ブランド再確認中: MACH ONE (対象ASIN: ['B007JP3ANI'])
2026-03-07 16:24:04,074 [INFO] ブランド再確認中: KYO-EI INDUSTRIAL CORPORATION (対象ASIN: ['B007K3IK8E', 'B007K3IL0G', 'B007K3IQW4'])
2026-03-07 16:24:09,461 [INFO] ブランド再確認中: Kabuto (対象ASIN: ['B007LVRS8S', 'B007LVRSD8', 'B007LVRUK4'])
2026-03-07 16:24:15,020 [INFO] ブランド再確認中: ミヤキ (対象ASIN: ['B007MVTB6E', 'B00SUHEKRY'])
2026-03-07 16:24:16,770 [INFO] ブランド【ミヤキ】が再判定で出品可能(〇)になりました！
2026-03-07 16:24:16,773 [INFO] ブランド再確認中: ANGEL(エンゼル) (対象ASIN: ['B007O6O05O', 'B007O6O2FC'])
2026-03-07 16:24:18,487 [INFO] ブランド【ANGEL(エンゼル)】が再判定で出品可能(〇)になりました！
2026-03-07 16:24:18,490 [INFO] ブランド再確認中: ThunderShirt (対象ASIN: ['B007P54O0A', 'B007P54OKU'])
2026-03-07 16:24:22,241 [INFO] ブランド再確認中: スペシャルパーツ武川 (TAKEGAWA) (対象ASIN: ['B007PMYKIY', 'B008974CZ0', 'B00CBVJTHQ'])
2026-03-07 16:24:24,008 [INFO] ブランド【スペシャルパーツ武川 (TAKEGAWA)】が再判定で出品可能(〇)になりました！
2026-03-07 16:24:24,011 [INFO] ブランド再確認中: 三ツ星貿易(Mitsuboshi Boeki) (対象ASIN: ['B007PW5WTU'])
2026-03-07 16:24:25,710 [INFO] ブランド【三ツ星貿易(Mitsuboshi Boeki)】が再判定で出品可能(〇)になりました！
2026-03-07 16:24:25,712 [INFO] ブランド再確認中: アルター (対象ASIN: ['B007QS5K0E', 'B00T8UBO44', 'B01EIXHR14'])
2026-03-07 16:24:29,414 [INFO] ブランド【アルター】が再判定で出品可能(〇)になりました！
2026-03-07 16:24:29,417 [INFO] ブランド再確認中: Alphacool (対象ASIN: ['B007R74EN8', 'B07M7DG19G', 'B08L1PPBJP'])
2026-03-07 16:24:34,879 [INFO] ブランド再確認中: 象印マホービン(ZOJIRUSHI) (対象ASIN: ['B007R9EU1W', 'B0118SXZM2', 'B01CP7VE9G'])
2026-03-07 16:24:40,239 [INFO] ブランド再確認中: PBONE (対象ASIN: ['B007RM2XW2', 'B007RNG052', 'B00A3M93S0'])
2026-03-07 16:24:46,227 [INFO] ブランド再確認中: ecologa (対象ASIN: ['B007SCL566'])
2026-03-07 16:24:48,059 [INFO] ブランド再確認中: 朝日産業 (対象ASIN: ['B007SQFUAO'])
2026-03-07 16:24:49,787 [INFO] ブランド【朝日産業】が再判定で出品可能(〇)になりました！
2026-03-07 16:24:49,790 [INFO] ブランド再確認中: Prince Lionheart (対象ASIN: ['B007T4V5ZO'])
2026-03-07 16:24:51,636 [INFO] ブランド再確認中: マグエックス (対象ASIN: ['B007TPF0PO', 'B007TPF0Q8', 'B009EJMHDQ'])
2026-03-07 16:24:57,099 [INFO] ブランド再確認中: DORIS (対象ASIN: ['B007V9WN2G', 'B008U163S4', 'B008U164JM'])
2026-03-07 16:25:02,572 [INFO] ブランド再確認中: Gallien Krueger (対象ASIN: ['B007VIQGQQ'])
2026-03-07 16:25:04,327 [INFO] ブランド【Gallien Krueger】が再判定で出品可能(〇)になりました！
2026-03-07 16:25:04,330 [INFO] ブランド再確認中: ショーワグローブ(Showaglove) (対象ASIN: ['B007VR9YC0', 'B098V2XPCF'])
2026-03-07 16:25:08,010 [INFO] ブランド再確認中: タンスのゲン (対象ASIN: ['B007XBWA6G', 'B007XBWAHK', 'B007XBY5AK'])
2026-03-07 16:25:13,680 [INFO] ブランド再確認中: Pet Kiss (対象ASIN: ['B007XO6ZA0'])
2026-03-07 16:25:15,489 [INFO] ブランド再確認中: センチュリー (対象ASIN: ['B007XZ9NAI', 'B00ZOXZZUI', 'B0B5T6ZD8J'])
2026-03-07 16:25:20,827 [INFO] ブランド再確認中: Molly Mutt (対象ASIN: ['B007Z0YQVC', 'B0093ZDXFW', 'B00H31LJTA'])
2026-03-07 16:25:26,211 [INFO] ブランド再確認中: KOAMTAC (対象ASIN: ['B007ZDA8PC'])
2026-03-07 16:25:28,028 [INFO] ブランド再確認中: Alpine (対象ASIN: ['B007ZLNSNI', 'B007ZLOKVM', 'B008N705QQ'])
2026-03-07 16:25:34,468 [INFO] ブランド再確認中: JRAD (対象ASIN: ['B0080FMKT6', 'B0080FML6S', 'B00GL657QY'])
2026-03-07 16:25:39,832 [INFO] ブランド再確認中: MOOG (対象ASIN: ['B0081GR8ZA', 'B083XCKKV9', 'B08K1WYHKD'])
2026-03-07 16:25:45,650 [INFO] ブランド再確認中: D-SPORT(ディースポーツ) (対象ASIN: ['B00825GPZY'])
2026-03-07 16:25:47,344 [INFO] ブランド【D-SPORT(ディースポーツ)】が再判定で出品可能(〇)になりました！
2026-03-07 16:25:47,347 [INFO] ブランド再確認中: センコー(Senko) (対象ASIN: ['B00856SJ9U', 'B00A30RUFU', 'B00A30S388'])
2026-03-07 16:25:52,763 [INFO] ブランド再確認中: NY Classic (対象ASIN: ['B008572DAU'])
2026-03-07 16:25:54,452 [INFO] ブランド【NY Classic】が再判定で出品可能(〇)になりました！
2026-03-07 16:25:54,455 [INFO] ブランド再確認中: Danelectro (対象ASIN: ['B00858HXAE', 'B019ESYP0O', 'B01EIG0ZII'])
2026-03-07 16:25:59,865 [INFO] ブランド再確認中: 2 Hounds Design (対象ASIN: ['B0085XPO1O', 'B0085Y5LSY', 'B07BGGQ6W8'])
2026-03-07 16:26:05,339 [INFO] ブランド再確認中: JJpro (対象ASIN: ['B0086TQEMU'])
2026-03-07 16:26:07,163 [INFO] ブランド再確認中: Kingston (対象ASIN: ['B0088SSV6G', 'B008C4LITS', 'B00ID1T2XO'])
2026-03-07 16:26:12,721 [INFO] ブランド再確認中: KIPROSTAR (対象ASIN: ['B008AFFM1Y', 'B008AFGEK2', 'B009QX0K20'])
2026-03-07 16:26:18,113 [INFO] ブランド再確認中: ETA hand2mind (対象ASIN: ['B008AK6NVM'])
2026-03-07 16:26:20,035 [INFO] ブランド再確認中: MAD PROFESSOR (対象ASIN: ['B008BRG7A6', 'B00ABQCDNK', 'B00FIFXTZK'])
2026-03-07 16:26:25,416 [INFO] ブランド再確認中: 大木製作所 (対象ASIN: ['B008EQ4E5O', 'B0B7QS8RH3'])
2026-03-07 16:26:29,125 [INFO] ブランド再確認中: クリスタルプロセス(Crystalprocess) (対象ASIN: ['B008FFFMC8'])
2026-03-07 16:26:30,912 [INFO] ブランド【クリスタルプロセス(Crystalprocess)】が再判定で出品可能(〇)になりました！
2026-03-07 16:26:30,915 [INFO] ブランド再確認中: Strymon (対象ASIN: ['B008GTFEDK', 'B00G3407UU', 'B00HHCV43G'])
2026-03-07 16:26:36,399 [INFO] ブランド再確認中: Seytec (対象ASIN: ['B008H19O42', 'B008L64FK6'])
2026-03-07 16:26:39,913 [INFO] ブランド再確認中: パターマット工房 (対象ASIN: ['B008I42X6O', 'B008I42XEQ', 'B00FS7Z99M'])
2026-03-07 16:26:41,599 [INFO] ブランド【パターマット工房】が再判定で出品可能(〇)になりました！
2026-03-07 16:26:41,601 [INFO] ブランド再確認中: Hosco (対象ASIN: ['B008J0YINS', 'B00BKNX9PE', 'B00H7TCPJ6'])
2026-03-07 16:26:46,950 [INFO] ブランド再確認中: クスコ(Cusco) (対象ASIN: ['B008KU387O', 'B008KU3CX4', 'B00N1PQG72'])
2026-03-07 16:26:52,169 [INFO] ブランド再確認中: Catalinbread (対象ASIN: ['B008N31N7K', 'B00JXD94OI', 'B00QN8OYZ0'])
2026-03-07 16:26:57,731 [INFO] ブランド再確認中: WAVE CEPTOR(ウェーブセプター) (対象ASIN: ['B008NYUJ8S', 'B00G8YC1GI', 'B00L8M9BY0'])
2026-03-07 16:27:03,222 [INFO] ブランド再確認中: Flash Furniture (対象ASIN: ['B008OTQ864', 'B00CP3M1DE', 'B00YB1HONU'])
2026-03-07 16:27:08,944 [INFO] ブランド再確認中: ニュートロ (対象ASIN: ['B008PMRTN6', 'B009L0L6YO', 'B00EYSOPS2'])
2026-03-07 16:27:14,326 [INFO] ブランド再確認中: KAI (対象ASIN: ['B008R52XKK', 'B008YP954K', 'B00AMBJ6PW'])
2026-03-07 16:27:19,702 [INFO] ブランド再確認中: Sony Music Cmg (対象ASIN: ['B008S80OU2', 'B07B12HM2M', 'B0CCXCR8MX'])
2026-03-07 16:27:25,278 [INFO] ブランド再確認中: MOOER (対象ASIN: ['B008TNAGTK', 'B008TNAHA8', 'B008TNAHXU'])
2026-03-07 16:27:30,705 [INFO] ブランド再確認中: DE GREGORIO (対象ASIN: ['B008U6G1L8', 'B00B1RGD0W', 'B00BPLMBKU'])
2026-03-07 16:27:36,255 [INFO] ブランド再確認中: MOVA (対象ASIN: ['B008Y52NCG', 'B00K5XJ09O', 'B00QVG6PVK'])
2026-03-07 16:27:41,929 [INFO] ブランド再確認中: Clear-Com (対象ASIN: ['B008ZT9SVU', 'B01J9CJKEG', 'B01MXIQ6FU'])
2026-03-07 16:27:47,249 [INFO] ブランド【Clear-Com】が再判定で出品可能(〇)になりました！
2026-03-07 16:27:47,251 [INFO] ブランド再確認中: Manuka Health (対象ASIN: ['B0093L9ZPS'])
2026-03-07 16:27:51,088 [INFO] ブランド再確認中: Native Instruments (対象ASIN: ['B00940TI0K', 'B00FYQFPFU', 'B07GY16RJH'])
2026-03-07 16:27:56,649 [INFO] ブランド再確認中: 日本寝具通信販売 (対象ASIN: ['B0096Y20WM', 'B0096Y20X6', 'B0096Y20XG'])
2026-03-07 16:28:02,467 [INFO] ブランド再確認中: CW-X(シーダブリューエックス/ワコール) (対象ASIN: ['B009729TRW', 'B009729TTU', 'B00B95INKY'])
2026-03-07 16:28:07,876 [INFO] ブランド再確認中: クロスロック(CROSSROCK) (対象ASIN: ['B0098DC7Q0', 'B0098DXOXK', 'B00D9XQROS'])
2026-03-07 16:28:13,436 [INFO] ブランド再確認中: サヤンサヤン (対象ASIN: ['B009C0JBFE', 'B009C0KB8K', 'B009C0N5ZG'])
2026-03-07 16:28:18,766 [INFO] ブランド再確認中: Simply Speakers (対象ASIN: ['B009DNKY2O'])
2026-03-07 16:28:20,545 [INFO] ブランド再確認中: ラシー(LaCie) (対象ASIN: ['B009EOHWPE', 'B00CSJY0UC', 'B01N99Q637'])
2026-03-07 16:28:25,864 [INFO] ブランド再確認中: FH Group (対象ASIN: ['B009ET14E4', 'B009ET15P2', 'B009PAK75E'])
2026-03-07 16:28:31,282 [INFO] ブランド再確認中: On(オン) (対象ASIN: ['B009EU90LC', 'B009EU90R6', 'B079RGG3RJ'])
2026-03-07 16:28:36,732 [INFO] ブランド再確認中: シュアファイア(SUREFIRE) (対象ASIN: ['B009F7J9GK', 'B00J229DBO', 'B010A1QTZI'])
2026-03-07 16:28:42,347 [INFO] ブランド再確認中: 株式会社リンレイ (対象ASIN: ['B009GG4OYC'])
2026-03-07 16:28:44,040 [INFO] ブランド【株式会社リンレイ】が再判定で出品可能(〇)になりました！
2026-03-07 16:28:44,051 [INFO] ブランド再確認中: NTT西日本 (対象ASIN: ['B009JYLTE4'])
2026-03-07 16:28:45,780 [INFO] ブランド【NTT西日本】が再判定で出品可能(〇)になりました！
2026-03-07 16:28:45,783 [INFO] ブランド再確認中: 安全・サイン８ (対象ASIN: ['B009K1P1WM', 'B00B4TAXFS', 'B00E37QL22'])
2026-03-07 16:28:47,508 [INFO] ブランド【安全・サイン８】が再判定で出品可能(〇)になりました！
2026-03-07 16:28:47,518 [INFO] ブランド再確認中: Sato (対象ASIN: ['B009KF9JEO', 'B009VS866M'])
2026-03-07 16:28:51,109 [INFO] ブランド再確認中: ウェブベンダー オリジナル (対象ASIN: ['B009KI66O2'])
2026-03-07 16:28:52,841 [INFO] ブランド【ウェブベンダー オリジナル】が再判定で出品可能(〇)になりました！
2026-03-07 16:28:52,937 [INFO] ブランド再確認中: ダナミ (対象ASIN: ['B009KXN6MW'])
2026-03-07 16:28:54,663 [INFO] ブランド【ダナミ】が再判定で出品可能(〇)になりました！
2026-03-07 16:28:54,678 [INFO] ブランド再確認中: Walrus Audio (対象ASIN: ['B009LPSMNW', 'B00L9ET1RO', 'B01KUBQRHI'])
2026-03-07 16:29:00,269 [INFO] ブランド再確認中: Majestic(Majestic) (対象ASIN: ['B009LRJ680'])
2026-03-07 16:29:02,160 [INFO] ブランド再確認中: リユニオンブルース(Reunion Blues) (対象ASIN: ['B009M5R61A', 'B00KC0E1XK', 'B00KM9V1WU'])
2026-03-07 16:29:07,642 [INFO] ブランド再確認中: CREATIVE (対象ASIN: ['B009NQU90I', 'B00EZCAOH8', 'B00HUH9RIW'])
2026-03-07 16:29:13,138 [INFO] ブランド再確認中: LEGO(レゴ) (対象ASIN: ['B009PPR4W8', 'B00BLHC0TK', 'B00BLHZED4'])
2026-03-07 16:29:18,820 [INFO] ブランド再確認中: PRO CLUB(プロ クラブ) (対象ASIN: ['B009TVQ618', 'B009TVTNYK', 'B009TVVBC2'])
2026-03-07 16:29:24,432 [INFO] ブランド再確認中: ハピソン(Hapyson) (対象ASIN: ['B009V5CRXS', 'B089VMX1XK', 'B09LM78XV7'])
2026-03-07 16:29:30,819 [INFO] ブランド再確認中: AAZV (対象ASIN: ['B009VDRJK6', 'B00CC6I1EW', 'B00JC3XE4A'])
2026-03-07 16:29:34,327 [INFO] ブランド【AAZV】が再判定で出品可能(〇)になりました！
2026-03-07 16:29:34,330 [INFO] ブランド再確認中: はらぺこあおむし (対象ASIN: ['B009W2KS7C', 'B01C58QELI', 'B01C58QEOA'])
2026-03-07 16:29:36,045 [INFO] ブランド【はらぺこあおむし】が再判定で出品可能(〇)になりました！
2026-03-07 16:29:36,047 [INFO] ブランド再確認中: Ultimate (対象ASIN: ['B009YEU3TQ', 'B00TEXI6FK', 'B01LXP9V1F'])
2026-03-07 16:29:41,479 [INFO] ブランド再確認中: サンマット (対象ASIN: ['B009ZCG512'])
2026-03-07 16:29:43,153 [INFO] ブランド【サンマット】が再判定で出品可能(〇)になりました！
2026-03-07 16:29:43,155 [INFO] ブランド再確認中: マイネル(Meinl) (対象ASIN: ['B00A0HGHPU'])
2026-03-07 16:29:44,916 [INFO] ブランド再確認中: Serato (対象ASIN: ['B00A0OQ1TU', 'B00CFYUSKG', 'B00HXGZKO0'])
2026-03-07 16:29:50,416 [INFO] ブランド再確認中: TWINBIRD(ツインバード) (対象ASIN: ['B00A1X5F8S', 'B00LP7CJJW', 'B00LXP5ALA'])
2026-03-07 16:29:55,877 [INFO] ブランド再確認中: ライラクス(LayLax) (対象ASIN: ['B00A643340', 'B07CRQZ6QF', 'B0CDGM7KVQ'])
2026-03-07 16:30:01,344 [INFO] ブランド再確認中: サクライ貿易(SAKURAI) (対象ASIN: ['B00A6LDD7U', 'B01GE2JLNO', 'B07GYLFDJD'])
2026-03-07 16:30:06,767 [INFO] ブランド再確認中: Boomwhackers (対象ASIN: ['B00A6LSIIY'])
2026-03-07 16:30:08,531 [INFO] ブランド再確認中: Yes4All (対象ASIN: ['B00A6MKU5C', 'B00A6MKU66', 'B00A6MKU6G'])
2026-03-07 16:30:14,073 [INFO] ブランド再確認中: オーガスティン (対象ASIN: ['B00A7PCAOM', 'B00A7RU9R0'])
2026-03-07 16:30:17,686 [INFO] ブランド再確認中: 西川(Nishikawa) (対象ASIN: ['B00AA7GAYI', 'B00AA7GAZC', 'B00Q6FNHZS'])
2026-03-07 16:30:23,032 [INFO] ブランド再確認中: Technical Pro (対象ASIN: ['B00AAJJLE2'])
2026-03-07 16:30:24,863 [INFO] ブランド再確認中: patagonia(パタゴニア) (対象ASIN: ['B00AAYWYMS', 'B00AAYZ85S', 'B084SY1NXR'])
2026-03-07 16:30:30,176 [INFO] ブランド再確認中: KVK (対象ASIN: ['B00ADX6JFE', 'B00E606CW0', 'B00JVN04R6'])
2026-03-07 16:30:31,886 [INFO] ブランド【KVK】が再判定で出品可能(〇)になりました！
2026-03-07 16:30:31,889 [INFO] ブランド再確認中: Soulo Mute (対象ASIN: ['B00AFBGPAS', 'B07BHTCK4L'])
2026-03-07 16:30:35,561 [INFO] ブランド再確認中: Recoil (対象ASIN: ['B00AHT8U4M', 'B015CG30PI', 'B015CG311G'])
2026-03-07 16:30:40,955 [INFO] ブランド再確認中: 三和製作所 (対象ASIN: ['B00AHUA38W', 'B00AHUA422', 'B00AHUA65C'])
2026-03-07 16:30:42,634 [INFO] ブランド【三和製作所】が再判定で出品可能(〇)になりました！
2026-03-07 16:30:42,637 [INFO] ブランド再確認中: TANITA (対象ASIN: ['B00AHULOX0', 'B00G7JUYPE', 'B01EW3ZSA2'])
2026-03-07 16:30:48,053 [INFO] ブランド再確認中: 東洋楽器 (対象ASIN: ['B00AIGSIS2', 'B00CQ1R48M', 'B00CQH6GT4'])
2026-03-07 16:30:49,838 [INFO] ブランド【東洋楽器】が再判定で出品可能(〇)になりました！
2026-03-07 16:30:49,852 [INFO] ブランド再確認中: Greddy (対象ASIN: ['B00AJFWGA8', 'B01M5CW7DR'])
2026-03-07 16:30:53,416 [INFO] ブランド再確認中: Monoprice (対象ASIN: ['B00AJHCV9M', 'B00IACCH2O'])
2026-03-07 16:30:57,370 [INFO] ブランド再確認中: THANKO (対象ASIN: ['B00AKDZT12', 'B0FJQCZD3K'])
2026-03-07 16:31:00,950 [INFO] ブランド再確認中: PANYARD (対象ASIN: ['B00ALWDJW8', 'B00ALWDK04', 'B00ALWDK0O'])
2026-03-07 16:31:06,443 [INFO] ブランド再確認中: アイガーデン(igarden) (対象ASIN: ['B00AMIUIMU', 'B00AWLIRZC', 'B00AXK24AG'])
2026-03-07 16:31:11,978 [INFO] ブランド再確認中: SILEX (対象ASIN: ['B00AMQ4LCK', 'B00Q5OM2HY'])
2026-03-07 16:31:15,572 [INFO] ブランド再確認中: ケイ・ジー・ワイ工業 (対象ASIN: ['B00ANY1JHQ', 'B00ANY1LGU', 'B0DJBHBGPR'])
2026-03-07 16:31:17,307 [INFO] ブランド【ケイ・ジー・ワイ工業】が再判定で出品可能(〇)になりました！
2026-03-07 16:31:17,309 [INFO] ブランド再確認中: ニキ(NICI) (対象ASIN: ['B00AO2P0KY', 'B00AO2P0M2', 'B00AO2P7Q6'])
2026-03-07 16:31:22,755 [INFO] ブランド再確認中: 日本ノーデン (対象ASIN: ['B00AOHDRG8'])
2026-03-07 16:31:24,436 [INFO] ブランド【日本ノーデン】が再判定で出品可能(〇)になりました！
2026-03-07 16:31:24,440 [INFO] ブランド再確認中: 合同会社さくら 行政書士 実務 教材 (対象ASIN: ['B00APU6U54', 'B00N70MMZG'])
2026-03-07 16:31:26,116 [INFO] ブランド【合同会社さくら 行政書士 実務 教材】が再判定で出品可能(〇)になりました！
2026-03-07 16:31:26,125 [INFO] ブランド再確認中: BOSU (対象ASIN: ['B00AQ4F19K', 'B00BL83I22', 'B0FW7T165K'])
2026-03-07 16:31:28,053 [INFO] ブランド【BOSU】が再判定で出品可能(〇)になりました！
2026-03-07 16:31:28,056 [INFO] ブランド再確認中: 光(Hikari) (対象ASIN: ['B00AQBBTLM', 'B0BH7XLGPY'])
2026-03-07 16:31:29,736 [INFO] ブランド【光(Hikari)】が再判定で出品可能(〇)になりました！
2026-03-07 16:31:29,739 [INFO] ブランド再確認中: EVE AUDIO (対象ASIN: ['B00ASFZG9C'])
2026-03-07 16:31:31,557 [INFO] ブランド再確認中: BRIDE (対象ASIN: ['B00ASVYLUQ', 'B00ASVYMI2', 'B00ASWKTD8'])
2026-03-07 16:31:36,908 [INFO] ブランド再確認中: MORIKAWA (対象ASIN: ['B00AT41UHO', 'B00ATA5SGM'])
2026-03-07 16:31:40,433 [INFO] ブランド再確認中: ササガワ(Sasagawa) (対象ASIN: ['B00AV1SMMQ', 'B010PDT8U4', 'B01EUVVBZW'])
2026-03-07 16:31:45,799 [INFO] ブランド再確認中: 日東紡マテリアル (対象ASIN: ['B00AW66T1G', 'B00AW66TFM'])
2026-03-07 16:31:47,519 [INFO] ブランド【日東紡マテリアル】が再判定で出品可能(〇)になりました！
2026-03-07 16:31:47,522 [INFO] ブランド再確認中: 弘梅堂 (対象ASIN: ['B00AW6NA9U', 'B00AW6Q510'])
2026-03-07 16:31:51,126 [INFO] ブランド再確認中: PHONON (対象ASIN: ['B00AZCK66G', 'B098T2HR2J', 'B099JHJMWK'])
2026-03-07 16:31:56,532 [INFO] ブランド再確認中: パナレーサー(Panaracer) (対象ASIN: ['B00B01L94E'])
2026-03-07 16:31:58,384 [INFO] ブランド再確認中: Galco (対象ASIN: ['B00B0BEG8K'])
2026-03-07 16:32:00,231 [INFO] ブランド再確認中: JKプラン (対象ASIN: ['B00B3SFCR4', 'B07BND135F', 'B07GBQY1JK'])
2026-03-07 16:32:05,898 [INFO] ブランド再確認中: KANETEC (対象ASIN: ['B00B4TJSBI'])
2026-03-07 16:32:07,722 [INFO] ブランド再確認中: ナビス (対象ASIN: ['B00B4TLTR4', 'B00B4TLVXQ', 'B00B4TON3G'])
2026-03-07 16:32:13,099 [INFO] ブランド再確認中: 大阪ケミカル(Osaka Chemical) (対象ASIN: ['B00B4TNWE2', 'B00B4TNXIW', 'B00B4TNYL8'])
2026-03-07 16:32:14,816 [INFO] ブランド【大阪ケミカル(Osaka Chemical)】が再判定で出品可能(〇)になりました！
2026-03-07 16:32:14,818 [INFO] ブランド再確認中: 河合琴三絃司 (対象ASIN: ['B00B6ZOWZM', 'B00B7BFP5G', 'B00B7C4Z3S'])
2026-03-07 16:32:20,160 [INFO] ブランド再確認中: Nu Skin (対象ASIN: ['B00B7FNW3E'])
2026-03-07 16:32:21,994 [INFO] ブランド再確認中: 下村企販 (対象ASIN: ['B00B7TDHIA', 'B00B7TDHJY', 'B00SKMBG94'])
2026-03-07 16:32:27,318 [INFO] ブランド再確認中: イーケー(EK) (対象ASIN: ['B00B7WJPQ0', 'B00B7WJRXG', 'B00C0RLKDC'])
2026-03-07 16:32:32,724 [INFO] ブランド再確認中: Sears(シアーズ) (対象ASIN: ['B00B8ND5T6', 'B00B8ND5TQ', 'B00B8ND5UK'])
2026-03-07 16:32:38,142 [INFO] ブランド再確認中: Red Sea (対象ASIN: ['B00BAVVD6I'])
2026-03-07 16:32:40,044 [INFO] ブランド再確認中: ケーナインナチュラル (K9 Natural) (対象ASIN: ['B00BC0W3EI', 'B07DFPRXN3', 'B07P24GG7L'])
2026-03-07 16:32:45,615 [INFO] ブランド再確認中: 大仙 (対象ASIN: ['B00BEBZG5S', 'B00VF9QYCI', 'B00WYIZW1I'])
2026-03-07 16:32:51,205 [INFO] ブランド再確認中: ウェイモール (WEIMALL) (対象ASIN: ['B00BERIP3W', 'B00BERYOVO', 'B00BFN3M4M'])
2026-03-07 16:32:56,456 [INFO] ブランド再確認中: NISSAN (対象ASIN: ['B00BFE5L5O', 'B00KWFRIQM', 'B00LERB4UI'])
2026-03-07 16:33:01,847 [INFO] ブランド再確認中: モーラナイフ(Morakniv) (対象ASIN: ['B00BFI8TOA', 'B01IAWGDUK', 'B01IAWR04I'])
2026-03-07 16:33:07,176 [INFO] ブランド再確認中: OPTIMA (対象ASIN: ['B00BHBOVIS'])
2026-03-07 16:33:08,952 [INFO] ブランド再確認中: TAICHI (対象ASIN: ['B00BHOB67E', 'B00BHOCJ7U', 'B00BHODR9O'])
2026-03-07 16:33:14,385 [INFO] ブランド再確認中: SCHALLER (対象ASIN: ['B00BJQTGEA', 'B00BJQTHEO', 'B00BJQTI5M'])
2026-03-07 16:33:19,799 [INFO] ブランド再確認中: ボンフォーム(BONFORM) (対象ASIN: ['B00BLDI9ZI'])
2026-03-07 16:33:21,653 [INFO] ブランド再確認中: イーバリュー(E-Value) (対象ASIN: ['B00BLGGZZ6', 'B07YTT3RFP', 'B0BV24T144'])
2026-03-07 16:33:27,125 [INFO] ブランド再確認中: SEIKO SELECTION(セイコー セレクション) (対象ASIN: ['B00BN4DMZC', 'B00YTIPPV8', 'B06VXLVSKT'])
2026-03-07 16:33:32,656 [INFO] ブランド再確認中: タナカ(Tanaka) (対象ASIN: ['B00BNZGSAM', 'B018PFJU2K', 'B07CQRJTR4'])
2026-03-07 16:33:34,416 [INFO] ブランド【タナカ(Tanaka)】が再判定で出品可能(〇)になりました！
2026-03-07 16:33:34,418 [INFO] ブランド再確認中: TRIAD-ORBIT (対象ASIN: ['B00BOUJTH0', 'B00BOUJV6E', 'B00G3K4LLU'])
2026-03-07 16:33:39,919 [INFO] ブランド再確認中: JET TONE (対象ASIN: ['B00BPWJN5A', 'B00BQ7L0SW', 'B00BQ8CSGY'])
2026-03-07 16:33:45,349 [INFO] ブランド再確認中: VINGOBOW (対象ASIN: ['B00BR8HDR2', 'B00JNIJAXS', 'B01DVWP4J0'])
2026-03-07 16:33:50,966 [INFO] ブランド再確認中: Ｗｅｒａ (対象ASIN: ['B00BT0AYG0', 'B00I8MZSFO'])
2026-03-07 16:33:54,717 [INFO] ブランド再確認中: 盆栽妙 (対象ASIN: ['B00BTS4Q70'])
2026-03-07 16:33:56,821 [INFO] ブランド再確認中: シュナイダーエレクトリック(Schneider Electric) (対象ASIN: ['B00BU1PIOG', 'B00VE2YPYU', 'B00VE2YX1A'])
2026-03-07 16:34:02,070 [INFO] ブランド再確認中: NEW PIG CORPORATION (対象ASIN: ['B00BUBFXEQ', 'B00BUBJG0I', 'B00BUBUS96'])
2026-03-07 16:34:07,865 [INFO] ブランド再確認中: さるるの部屋 (対象ASIN: ['B00BUP5OIM', 'B00BUP5OQO', 'B00BUP5P86'])
2026-03-07 16:34:13,207 [INFO] ブランド再確認中: Valenti (ヴァレンティ) (対象ASIN: ['B00BV3TW0Y', 'B00EP8VF4I'])
2026-03-07 16:34:16,869 [INFO] ブランド再確認中: V.ROAD (対象ASIN: ['B00BVFQPAW', 'B00NPOPT1S', 'B085CSZ7X6'])
2026-03-07 16:34:22,282 [INFO] ブランド再確認中: マルカン (対象ASIN: ['B00BVXE218', 'B00BVXE3IK'])
2026-03-07 16:34:25,820 [INFO] ブランド再確認中: Broadwatch (対象ASIN: ['B00BW470Z6', 'B00O0BBS7O', 'B08BZ6FN4G'])
2026-03-07 16:34:31,155 [INFO] ブランド再確認中: 綿の郷(ワタノサト) (対象ASIN: ['B00BY3MGZY', 'B00BY3MHEE', 'B00BY3MHIA'])
2026-03-07 16:34:36,586 [INFO] ブランド再確認中: HILTI (対象ASIN: ['B00C07T7SC', 'B00OJNU60I'])
2026-03-07 16:34:40,153 [INFO] ブランド再確認中: エルティーアイ(Lti) (対象ASIN: ['B00C0O2HWS', 'B00C4OMQAW'])
2026-03-07 16:34:41,911 [INFO] ブランド【エルティーアイ(Lti)】が再判定で出品可能(〇)になりました！
2026-03-07 16:34:41,915 [INFO] ブランド再確認中: 日章工業(NISSYO INDUSTRY) (対象ASIN: ['B00C17COHW'])
2026-03-07 16:34:43,705 [INFO] ブランド再確認中: SIWA 紙和 (対象ASIN: ['B00C9WYBRU', 'B00C9WYBUM', 'B00C9WYM4C'])
2026-03-07 16:34:45,369 [INFO] ブランド【SIWA 紙和】が再判定で出品可能(〇)になりました！
2026-03-07 16:34:45,372 [INFO] ブランド再確認中: マルミ (対象ASIN: ['B00CCZ41BK', 'B00CCZ42MI', 'B00CCZ43PO'])
2026-03-07 16:34:50,961 [INFO] ブランド再確認中: Gtechniq (対象ASIN: ['B00CE03HYA'])
2026-03-07 16:34:52,855 [INFO] ブランド再確認中: ART CLAY (対象ASIN: ['B00CENXVA2', 'B00UV4CWXS', 'B01HSS8YJA'])
2026-03-07 16:34:58,219 [INFO] ブランド再確認中: TC Helicon (対象ASIN: ['B00CHGKONI', 'B00CIVUI2Y', 'B00GM0NX3S'])
2026-03-07 16:35:03,979 [INFO] ブランド再確認中: MAPEX (対象ASIN: ['B00CHS81I6', 'B00K544J6C', 'B08NTJF76Y'])
2026-03-07 16:35:09,419 [INFO] ブランド再確認中: JHS Pedals (対象ASIN: ['B00CII5Y08', 'B00H9TYDFS', 'B012XE37S2'])
2026-03-07 16:35:14,997 [INFO] ブランド再確認中: Diamine (対象ASIN: ['B00CKQQ952', 'B00CKQQLPK', 'B01D0XJAX6'])
2026-03-07 16:35:20,462 [INFO] ブランド再確認中: Noritz (対象ASIN: ['B00CL3XF6K', 'B01N2AW4RH', 'B08Z3K7FTT'])
2026-03-07 16:35:25,812 [INFO] ブランド再確認中: TOUGH-GRID (対象ASIN: ['B00CLI8RC2', 'B00F9GIS18', 'B00F9GIS36'])
2026-03-07 16:35:31,771 [INFO] ブランド再確認中: ALCHEMIST (対象ASIN: ['B00COH3TJ6'])
2026-03-07 16:35:33,679 [INFO] ブランド再確認中: Gator Frameworks (対象ASIN: ['B00CSACG34', 'B00HWRDSVM', 'B00IJM4EO4'])
2026-03-07 16:35:39,173 [INFO] ブランド再確認中: Pedal Tank (対象ASIN: ['B00CSBXI12'])
2026-03-07 16:35:40,861 [INFO] ブランド【Pedal Tank】が再判定で出品可能(〇)になりました！
2026-03-07 16:35:40,873 [INFO] ブランド再確認中: WING ACE (対象ASIN: ['B00CSICR9O', 'B01E58VMHC'])
2026-03-07 16:35:42,568 [INFO] ブランド【WING ACE】が再判定で出品可能(〇)になりました！
2026-03-07 16:35:42,590 [INFO] ブランド再確認中: 月夜野きのこ園 (対象ASIN: ['B00CSJ4AR0'])
2026-03-07 16:35:44,273 [INFO] ブランド【月夜野きのこ園】が再判定で出品可能(〇)になりました！
2026-03-07 16:35:44,275 [INFO] ブランド再確認中: Curli (対象ASIN: ['B00CUEZB8A', 'B00CUEZDSI', 'B07FRTYRP3'])
2026-03-07 16:35:49,992 [INFO] ブランド再確認中: Pixio (対象ASIN: ['B00CWXR15K', 'B0CLB7SG2G', 'B0DGNBKL43'])
2026-03-07 16:35:55,507 [INFO] ブランド再確認中: ラーソン・ジュール・ニッポン(Larson Juhl Nippon) (対象ASIN: ['B00D0YYSBU'])
2026-03-07 16:35:57,335 [INFO] ブランド再確認中: LUPACA (対象ASIN: ['B00D2L6X14'])
2026-03-07 16:35:59,010 [INFO] ブランド【LUPACA】が再判定で出品可能(〇)になりました！
2026-03-07 16:35:59,011 [INFO] ブランド再確認中: 万田酵素 (対象ASIN: ['B00D38XKIK'])
2026-03-07 16:36:00,823 [INFO] ブランド【万田酵素】が再判定で出品可能(〇)になりました！
2026-03-07 16:36:00,857 [INFO] ブランド再確認中: 不明 (対象ASIN: ['B00D38YNX6', 'B07H441NDZ'])
2026-03-07 16:36:02,647 [INFO] ブランド【不明】が再判定で出品可能(〇)になりました！
2026-03-07 16:36:02,649 [INFO] ブランド再確認中: UNPLUGGED STUDIO (対象ASIN: ['B00D60YUE8', 'B00OGPPYW4', 'B017JEADEM'])
2026-03-07 16:36:08,100 [INFO] ブランド再確認中: アイデック(IDEC) (対象ASIN: ['B00DDEKUC8'])
2026-03-07 16:36:09,949 [INFO] ブランド再確認中: KLUSON (対象ASIN: ['B00DDNBE9C', 'B00OOJC4HU', 'B00OOJC4PM'])
2026-03-07 16:36:15,240 [INFO] ブランド再確認中: Barsony (対象ASIN: ['B00DGCE0OQ', 'B00DGCE33O', 'B00DGCE3OS'])
2026-03-07 16:36:21,707 [INFO] ブランド再確認中: 金秀バイオ (対象ASIN: ['B00DGMGU4O'])
2026-03-07 16:36:23,894 [INFO] ブランド再確認中: MITSUKE (対象ASIN: ['B00DGMSMEA', 'B00DVFMTD2'])
2026-03-07 16:36:27,574 [INFO] ブランド再確認中: スナップオン(Snap-on) (対象ASIN: ['B00DHYXJ40', 'B00DHYY8O0', 'B00DHZ5U8W'])
2026-03-07 16:36:32,876 [INFO] ブランド再確認中: Munchkin (対象ASIN: ['B00DJ9R4TO', 'B00O64QJOC', 'B01BDQDIGM'])
2026-03-07 16:36:38,413 [INFO] ブランド再確認中: ロジテックダイレクト (対象ASIN: ['B00DLQHQCK', 'B00DLQTPT2', 'B00PAHRNLC'])
2026-03-07 16:36:43,799 [INFO] ブランド再確認中: Famous(フェイマス) (対象ASIN: ['B00DM3J8TG', 'B00DM3NDRO', 'B00DM3NHIY'])
2026-03-07 16:36:45,500 [INFO] ブランド【Famous(フェイマス)】が再判定で出品可能(〇)になりました！
2026-03-07 16:36:45,504 [INFO] ブランド再確認中: EbiSound (対象ASIN: ['B00DM3L9O8', 'B00DM3MXI4', 'B013SFS8RA'])
2026-03-07 16:36:47,167 [INFO] ブランド【EbiSound】が再判定で出品可能(〇)になりました！
2026-03-07 16:36:47,170 [INFO] ブランド再確認中: 堀越陶房 (対象ASIN: ['B00DMAV7TI', 'B00DMAV8DI', 'B00DMAV8WY'])
2026-03-07 16:36:48,872 [INFO] ブランド【堀越陶房】が再判定で出品可能(〇)になりました！
2026-03-07 16:36:48,875 [INFO] ブランド再確認中: BABY DAN (対象ASIN: ['B00DNK23Y0', 'B0CKBGZRBY'])
2026-03-07 16:36:52,658 [INFO] ブランド再確認中: BULLSEYE (対象ASIN: ['B00DNQMJB6', 'B00DNQMJBQ', 'B00DNQMJDO'])
2026-03-07 16:36:54,380 [INFO] ブランド【BULLSEYE】が再判定で出品可能(〇)になりました！
2026-03-07 16:36:54,382 [INFO] ブランド再確認中: Earth Quaker Devices (対象ASIN: ['B00DOA6ZDO', 'B00LRHB1PI', 'B00S86LCGO'])
2026-03-07 16:36:59,853 [INFO] ブランド再確認中: JUEKO (対象ASIN: ['B00DQ1W4UO', 'B00FQ6JATK', 'B00GN1RH60'])
2026-03-07 16:37:05,216 [INFO] ブランド再確認中: ナガセケンコー(KENKO) (対象ASIN: ['B00DS2T224', 'B00XOE0J0K', 'B076M88YCF'])
2026-03-07 16:37:10,775 [INFO] ブランド再確認中: エスアイエス(SIS) (対象ASIN: ['B00DS6NLGS', 'B0CXDTW3MT', 'B0CXDV2FMD'])
2026-03-07 16:37:16,427 [INFO] ブランド再確認中: TELEFUNKEN (対象ASIN: ['B00DU0OH7O', 'B00GFYTDY4', 'B00KKYXTIQ'])
2026-03-07 16:37:21,820 [INFO] ブランド再確認中: 萩原(Hagihara) (対象ASIN: ['B00DXXW8GK', 'B00DXXW8JC', 'B00DXXWAS6'])
2026-03-07 16:37:27,394 [INFO] ブランド再確認中: 近与(KONYO) (対象ASIN: ['B00E4AS4S2', 'B00N3N9SY0', 'B0B3WX69YH'])
2026-03-07 16:37:32,892 [INFO] ブランド再確認中: ライオン事務器 (対象ASIN: ['B00E4DIULU', 'B00E4DIUOC', 'B00F893FDW'])
2026-03-07 16:37:38,302 [INFO] ブランド再確認中: ムービック(Movic) (対象ASIN: ['B00E9NXMKY', 'B0143XJ03W', 'B0753DW4GY'])
2026-03-07 16:37:43,737 [INFO] ブランド再確認中: テイクツー・インタラクティブ・ジャパン (対象ASIN: ['B00E9QQAVE'])
2026-03-07 16:37:45,604 [INFO] ブランド再確認中: 永平寺サイジング (対象ASIN: ['B00EAELLLE', 'B00EAELNJY'])
2026-03-07 16:37:47,343 [INFO] ブランド【永平寺サイジング】が再判定で出品可能(〇)になりました！
2026-03-07 16:37:47,350 [INFO] ブランド再確認中: Plugable (対象ASIN: ['B00ECDM78E', 'B076HXWR9M', 'B0779K9DG2'])
2026-03-07 16:37:52,798 [INFO] ブランド再確認中: Furinno (対象ASIN: ['B00ECI3J5O', 'B00ECI3J6S', 'B01CP3XZ0G'])
2026-03-07 16:37:58,584 [INFO] ブランド再確認中: Soundking (対象ASIN: ['B00ECR4VUW', 'B0BHLGP67C', 'B0CQ77FQCT'])
2026-03-07 16:38:04,051 [INFO] ブランド再確認中: グッドプラス (対象ASIN: ['B00EE0MC8U'])
2026-03-07 16:38:05,808 [INFO] ブランド【グッドプラス】が再判定で出品可能(〇)になりました！
2026-03-07 16:38:05,811 [INFO] ブランド再確認中: runtop (対象ASIN: ['B00EH8LLLI'])
2026-03-07 16:38:07,516 [INFO] ブランド【runtop】が再判定で出品可能(〇)になりました！
2026-03-07 16:38:07,519 [INFO] ブランド再確認中: ヘリノックス(Helinox) (対象ASIN: ['B00EJMOJDO', 'B00EJNPLMG', 'B00UFQGNKU'])
2026-03-07 16:38:12,904 [INFO] ブランド再確認中: Istanbul Mehmet (対象ASIN: ['B00EL25X50', 'B00EL25Y36', 'B00EL25YVS'])
2026-03-07 16:38:18,377 [INFO] ブランド再確認中: コオロギ (対象ASIN: ['B00EM36AY6'])
2026-03-07 16:38:20,191 [INFO] ブランド【コオロギ】が再判定で出品可能(〇)になりました！
2026-03-07 16:38:20,276 [INFO] ブランド再確認中: ブラックウッド (対象ASIN: ['B00EOLQY4M'])
2026-03-07 16:38:22,070 [INFO] ブランド再確認中: ZIWI(ジウィ) (対象ASIN: ['B00EPPUJNE', 'B00JFB17OI', 'B01MV06XP0'])
2026-03-07 16:38:27,832 [INFO] ブランド再確認中: GRAZIOSO (対象ASIN: ['B00EQ32168', 'B0CHF6VCY3', 'B0CHFBK15Y'])
2026-03-07 16:38:33,235 [INFO] ブランド再確認中: PPLS (対象ASIN: ['B00ETVKPXS', 'B00ETVWGFS', 'B00OJW3HSC'])
2026-03-07 16:38:38,443 [INFO] ブランド再確認中: AVerMedia (対象ASIN: ['B00EU7Y9OW', 'B00ZOXYQ26', 'B0763TFZWT'])
2026-03-07 16:38:43,944 [INFO] ブランド再確認中: Nestlé (対象ASIN: ['B00EYVRAY0', 'B00NSKYH4Y'])
2026-03-07 16:38:47,467 [INFO] ブランド再確認中: Myprotein (対象ASIN: ['B00EZTKZA2', 'B00MGN8GUA', 'B00MGOHJIY'])
2026-03-07 16:38:53,649 [INFO] ブランド再確認中: 三洋化成(Sannyoukasei) (対象ASIN: ['B00F2UYBH6', 'B012SF6C0G', 'B012SF6EMM'])
2026-03-07 16:38:55,379 [INFO] ブランド【三洋化成(Sannyoukasei)】が再判定で出品可能(〇)になりました！
2026-03-07 16:38:55,382 [INFO] ブランド再確認中: Myers Pickups (対象ASIN: ['B00F2X5Y2O', 'B00LK55FA4', 'B00LKS6SXE'])
2026-03-07 16:39:00,923 [INFO] ブランド再確認中: まつうら工業 (対象ASIN: ['B00F2ZCES4', 'B00F4OWL3Q', 'B00F4OY1X4'])
2026-03-07 16:39:06,285 [INFO] ブランド再確認中: AERODRUMS (対象ASIN: ['B00F37SX5Y'])
2026-03-07 16:39:08,253 [INFO] ブランド再確認中: 鼻セレブ (対象ASIN: ['B00FC7ZZNS'])
2026-03-07 16:39:09,985 [INFO] ブランド【鼻セレブ】が再判定で出品可能(〇)になりました！
2026-03-07 16:39:09,988 [INFO] ブランド再確認中: カロッツェリア(carrozzeria)/パイオニア(Pioneer) (対象ASIN: ['B00FJ1F1WC'])
2026-03-07 16:39:11,684 [INFO] ブランド【カロッツェリア(carrozzeria)/パイオニア(Pioneer)】が再判定で出品可能(〇)になりました！
2026-03-07 16:39:11,687 [INFO] ブランド再確認中: WD (対象ASIN: ['B00FJRS628', 'B01FYXPGT2', 'B01LQQH842'])
2026-03-07 16:39:17,740 [INFO] ブランド再確認中: SOFT99 (対象ASIN: ['B00FJUVIK2', 'B00FJUVIPC', 'B00FJUVOMO'])
2026-03-07 16:39:23,078 [INFO] ブランド再確認中: Neotech (対象ASIN: ['B00FNBBQPY', 'B00TR39LME', 'B0735NJSNJ'])
2026-03-07 16:39:24,733 [INFO] ブランド【Neotech】が再判定で出品可能(〇)になりました！
2026-03-07 16:39:24,736 [INFO] ブランド再確認中: Gruv Gear (対象ASIN: ['B00FNEA9S6', 'B00FNEB9XU', 'B00Q1M9NRM'])
2026-03-07 16:39:30,357 [INFO] ブランド再確認中: 東洋佐々木ガラス (対象ASIN: ['B00FOIX3ZM', 'B075QYN9XR', 'B075QYNB7C'])
2026-03-07 16:39:35,739 [INFO] ブランド再確認中: OSG (対象ASIN: ['B00FPF8WS2', 'B01C3M8MUM', 'B07GWTGC5Q'])
2026-03-07 16:39:39,222 [INFO] ブランド【OSG】が再判定で出品可能(〇)になりました！
2026-03-07 16:39:39,225 [INFO] ブランド再確認中: トランパラン (対象ASIN: ['B00FQ6FZGW', 'B00FQ6FZKS', 'B00RSUC7H4'])
2026-03-07 16:39:44,676 [INFO] ブランド再確認中: instax (対象ASIN: ['B00FR85IRK', 'B0C2HYC37J'])
2026-03-07 16:39:48,480 [INFO] ブランド再確認中: テクシオ・テクノロジー (対象ASIN: ['B00FRTZN5Q'])
2026-03-07 16:39:50,344 [INFO] ブランド再確認中: 三菱電機(MITSUBISHI) (対象ASIN: ['B00FVOQBIA'])
2026-03-07 16:39:52,064 [INFO] ブランド【三菱電機(MITSUBISHI)】が再判定で出品可能(〇)になりました！
2026-03-07 16:39:52,067 [INFO] ブランド再確認中: Shell (対象ASIN: ['B00FX6O58O'])
2026-03-07 16:39:53,968 [INFO] ブランド再確認中: オフィス家具市場 (対象ASIN: ['B00FYO18N0', 'B0BNHFD6PV', 'B0BNHGFB5F'])
2026-03-07 16:39:55,650 [INFO] ブランド【オフィス家具市場】が再判定で出品可能(〇)になりました！
2026-03-07 16:39:55,651 [INFO] ブランド再確認中: レマコム (対象ASIN: ['B00FZHMRF4', 'B00FZHMVFU', 'B00FZHMXKS'])
2026-03-07 16:40:00,969 [INFO] ブランド再確認中: モチュール(Motul) (対象ASIN: ['B00FZRQ6KG', 'B00FZRX3Z2', 'B00FZS5VMY'])
2026-03-07 16:40:06,238 [INFO] ブランド再確認中: 自然化粧品研究所 (対象ASIN: ['B00G22QXQ0'])
2026-03-07 16:40:07,940 [INFO] ブランド【自然化粧品研究所】が再判定で出品可能(〇)になりました！
2026-03-07 16:40:07,943 [INFO] ブランド再確認中: BILLION (対象ASIN: ['B00G3Q3ATI', 'B00G3Q3EJO', 'B00G3Q3EJY'])
2026-03-07 16:40:13,232 [INFO] ブランド再確認中: エスケー化研 (対象ASIN: ['B00G44LONI', 'B01LAQ31H6'])
2026-03-07 16:40:14,928 [INFO] ブランド【エスケー化研】が再判定で出品可能(〇)になりました！
2026-03-07 16:40:14,931 [INFO] ブランド再確認中: x-rite (対象ASIN: ['B00G4GHTX0'])
2026-03-07 16:40:16,719 [INFO] ブランド再確認中: SFC(Suganuma Future Creation) (対象ASIN: ['B00G5TM9WW', 'B00GI9F0BQ', 'B00GY0E8TO'])
2026-03-07 16:40:22,112 [INFO] ブランド再確認中: eモンズ (対象ASIN: ['B00G8QTXHQ', 'B076VGTW9T', 'B078J6Z3M4'])
2026-03-07 16:40:27,478 [INFO] ブランド再確認中: Edifier (対象ASIN: ['B00GBN50SC', 'B01N7QFBUU', 'B07DM7F15C'])
2026-03-07 16:40:33,130 [INFO] ブランド再確認中: 電光ホーム (対象ASIN: ['B00GE7LATS', 'B00GZMHO10', 'B00GZMNAHC'])
2026-03-07 16:40:34,824 [INFO] ブランド【電光ホーム】が再判定で出品可能(〇)になりました！
2026-03-07 16:40:34,826 [INFO] ブランド再確認中: FUJI (対象ASIN: ['B00GIHY7BW', 'B00TJKPRLE', 'B01M5H0OY6'])
2026-03-07 16:40:40,141 [INFO] ブランド再確認中: HKS (対象ASIN: ['B00GJ5PQV8', 'B00ZH12BIG', 'B017AP4BMU'])
2026-03-07 16:40:45,517 [INFO] ブランド再確認中: ottostyle.jp (対象ASIN: ['B00GJKL65S', 'B017LKNHQA', 'B01HXCAXLI'])
2026-03-07 16:40:50,878 [INFO] ブランド再確認中: Blizzard (対象ASIN: ['B00GLZQR96', 'B00KAPFOG0', 'B0794C456M'])
2026-03-07 16:40:56,606 [INFO] ブランド再確認中: CELESTION (対象ASIN: ['B00GMNG620'])
2026-03-07 16:40:58,556 [INFO] ブランド再確認中: ニシ・スポーツ(NISHI) (対象ASIN: ['B00GNVVI74', 'B00YDYZ51I', 'B00YDYZ5AO'])
2026-03-07 16:41:04,093 [INFO] ブランド再確認中: アディクション(Addiction) (対象ASIN: ['B00GOL0ZAE', 'B00U1SFPRO', 'B09XQVCTN2'])
2026-03-07 16:41:09,718 [INFO] ブランド再確認中: マレテック(Malletech) (対象ASIN: ['B00GP3W1LM', 'B00GPRRPKK', 'B00GXKPYNY'])
2026-03-07 16:41:15,140 [INFO] ブランド再確認中: Playseat (対象ASIN: ['B00GPJU2PI', 'B00PC6JALM', 'B0839FVKTL'])
2026-03-07 16:41:20,721 [INFO] ブランド再確認中: TRUETONE (対象ASIN: ['B00GTZBSMY'])
2026-03-07 16:41:22,571 [INFO] ブランド再確認中: Source Audio (対象ASIN: ['B00GV2VHBC', 'B0CKZJ7K7D'])
2026-03-07 16:41:26,223 [INFO] ブランド再確認中: Kidstinct (対象ASIN: ['B00GX5OBAG'])
2026-03-07 16:41:28,047 [INFO] ブランド再確認中: エスアールサンツアー(SR SUNTOUR) (対象ASIN: ['B00GXY80MM', 'B08TM1J8DK', 'B0F66HR6KD'])
2026-03-07 16:41:33,652 [INFO] ブランド再確認中: アズマ工業(Azuma Industrial) (対象ASIN: ['B00GXYOIL4', 'B00GXYOIQY'])
2026-03-07 16:41:37,271 [INFO] ブランド再確認中: Jo Malone (対象ASIN: ['B00GXZEIKY', 'B01G0CJKY8'])
2026-03-07 16:41:40,794 [INFO] ブランド再確認中: 印刷工房(Insatsukoubou) (対象ASIN: ['B00GZCCQQI'])
2026-03-07 16:41:42,566 [INFO] ブランド再確認中: PLAY WOOD (対象ASIN: ['B00H1L7YDM', 'B00KD2ONOE', 'B00KD2ONQ2'])
2026-03-07 16:41:44,277 [INFO] ブランド【PLAY WOOD】が再判定で出品可能(〇)になりました！
2026-03-07 16:41:44,280 [INFO] ブランド再確認中: Holistic RECIPE (ホリスティックレセピー) (対象ASIN: ['B00H2B4FEC'])
2026-03-07 16:41:45,951 [INFO] ブランド【Holistic RECIPE (ホリスティックレセピー)】が再判定で出品可能(〇)になりました！
2026-03-07 16:41:45,962 [INFO] ブランド再確認中: 日本製線 (対象ASIN: ['B00H2DKXFA', 'B01EQY7U12', 'B01EQY7VDO'])
2026-03-07 16:41:47,666 [INFO] ブランド【日本製線】が再判定で出品可能(〇)になりました！
2026-03-07 16:41:47,668 [INFO] ブランド再確認中: POR-15 (対象ASIN: ['B00H2VVPX6', 'B00H2VVQNU', 'B00H2VVRCU'])
2026-03-07 16:41:53,393 [INFO] ブランド再確認中: 京商(Kyosho) (対象ASIN: ['B00H33QGNC', 'B00J4BG5I2', 'B074M6LQ8Y'])
2026-03-07 16:41:58,812 [INFO] ブランド再確認中: ティーアールディー(Trd) (対象ASIN: ['B00H3X7YHO', 'B00UWVXOSC', 'B07G8W9J51'])
2026-03-07 16:42:04,197 [INFO] ブランド再確認中: D-Link (対象ASIN: ['B00H554JL4', 'B0876F5J4G'])
2026-03-07 16:42:07,926 [INFO] ブランド再確認中: ホイールスタンドプロ(Wheel Stand Pro) (対象ASIN: ['B00H5V2YNI', 'B0B96MD4WZ'])
2026-03-07 16:42:11,893 [INFO] ブランド再確認中: しのびや.com (対象ASIN: ['B00H6XWDI6', 'B07MY2997D'])
2026-03-07 16:42:15,446 [INFO] ブランド再確認中: 武藤工業株式会社 (対象ASIN: ['B00H6XX5Z6'])
2026-03-07 16:42:17,265 [INFO] ブランド再確認中: UFC (対象ASIN: ['B00H6ZLFKG'])
2026-03-07 16:42:19,058 [INFO] ブランド再確認中: ダートフリーク(Dirtfreak) (対象ASIN: ['B00H7SO7J8', 'B074SGCX6K', 'B0D5H14G1L'])
2026-03-07 16:42:24,646 [INFO] ブランド再確認中: コスモダーツ(COSMO DARTS) (対象ASIN: ['B00HDFM0Z8', 'B00HDFOLLO', 'B00HDFPCS0'])
2026-03-07 16:42:30,346 [INFO] ブランド再確認中: ファイブラセル (対象ASIN: ['B00HEKLG1Q'])
2026-03-07 16:42:32,313 [INFO] ブランド再確認中: QuickPlay (対象ASIN: ['B00HEQTHN4', 'B01BTEN6XS', 'B07BFBD1JW'])
2026-03-07 16:42:37,871 [INFO] ブランド再確認中: リブレ(LIVRE) (対象ASIN: ['B00HFIA2YO', 'B00HFIA4HY', 'B00HFIA4J2'])
2026-03-07 16:42:43,308 [INFO] ブランド再確認中: lefreQue (対象ASIN: ['B00HGB7VCQ'])
2026-03-07 16:42:45,105 [INFO] ブランド再確認中: Orolay (対象ASIN: ['B00HHOLCX6', 'B00HHOLDSK', 'B00HHOXQDK'])
2026-03-07 16:42:51,494 [INFO] ブランド再確認中: Magniflex(マニフレックス) (対象ASIN: ['B00HIU2DD2', 'B00HIU2F9O', 'B00HIU2FGW'])
2026-03-07 16:42:57,175 [INFO] ブランド再確認中: VERTX (対象ASIN: ['B00HJSZ2PE', 'B00HJSZ5YM', 'B08XVZ3VJX'])
2026-03-07 16:43:02,773 [INFO] ブランド再確認中: 藤田電機製作所 (対象ASIN: ['B00HL8W0YI'])
2026-03-07 16:43:04,458 [INFO] ブランド【藤田電機製作所】が再判定で出品可能(〇)になりました！
2026-03-07 16:43:04,461 [INFO] ブランド再確認中: S.I.T. (対象ASIN: ['B00HLB74R8'])
2026-03-07 16:43:06,285 [INFO] ブランド再確認中: Walkin' (対象ASIN: ['B00HLQC5CW', 'B00THDNI32'])
2026-03-07 16:43:10,193 [INFO] ブランド再確認中: Warm Audio (対象ASIN: ['B00HLTM7RW', 'B00K3NDO1Q', 'B00TJ8B0M6'])
2026-03-07 16:43:15,753 [INFO] ブランド再確認中: METZELER(メッツラー) (対象ASIN: ['B00HP35FR8', 'B00IYVLVWI', 'B00JLJ2FM2'])
2026-03-07 16:43:21,237 [INFO] ブランド再確認中: Ovation (対象ASIN: ['B00HT5H78M', 'B00P07C4N4', 'B0194BX38G'])
2026-03-07 16:43:26,797 [INFO] ブランド再確認中: OVATION (対象ASIN: ['B00HT5H7TG', 'B00HT5H8AE', 'B00ICIHM8K'])
2026-03-07 16:43:32,271 [INFO] ブランド再確認中: オリマー(ORLIMAR) (対象ASIN: ['B00HTW96BG', 'B0DTRKZR7M', 'B0DTRMYV2Z'])
2026-03-07 16:43:37,834 [INFO] ブランド再確認中: エージーブイ(Agv) (対象ASIN: ['B00HXJHAA4', 'B07Y54Y6V9', 'B07Y54Z6F8'])
2026-03-07 16:43:43,974 [INFO] ブランド再確認中: シャッド(Shad) (対象ASIN: ['B00I0HY51U'])
2026-03-07 16:43:45,851 [INFO] ブランド再確認中: リスロン (対象ASIN: ['B00I19UDKY'])
2026-03-07 16:43:47,541 [INFO] ブランド【リスロン】が再判定で出品可能(〇)になりました！
2026-03-07 16:43:47,544 [INFO] ブランド再確認中: KlickFix (対象ASIN: ['B00I2OSWP6'])
2026-03-07 16:43:49,362 [INFO] ブランド再確認中: Oscar Schmidt (対象ASIN: ['B00I2VZ5AO', 'B085XP52SZ'])
2026-03-07 16:43:53,604 [INFO] ブランド再確認中: 21Technology (対象ASIN: ['B00I4IWDY6', 'B00I4IWED6'])
2026-03-07 16:43:55,360 [INFO] ブランド【21Technology】が再判定で出品可能(〇)になりました！
2026-03-07 16:43:55,363 [INFO] ブランド再確認中: Bacchus バッカス (対象ASIN: ['B00I5AKIWC', 'B00I9PZ4XG', 'B00I9S7QVG'])
2026-03-07 16:44:00,649 [INFO] ブランド再確認中: ナガオ(Nagao) (対象ASIN: ['B00I5ELA3O', 'B00I5F28H0', 'B07F69RXH9'])
2026-03-07 16:44:06,775 [INFO] ブランド再確認中: Jackson (対象ASIN: ['B00I5R2710', 'B00I5R29OK', 'B00VEA9YIO'])
2026-03-07 16:44:12,470 [INFO] ブランド再確認中: キッツ マイクロフィルター (対象ASIN: ['B00ID21JMU'])
2026-03-07 16:44:14,290 [INFO] ブランド【キッツ マイクロフィルター】が再判定で出品可能(〇)になりました！
2026-03-07 16:44:14,292 [INFO] ブランド再確認中: SG (対象ASIN: ['B00IDAMYYE'])
2026-03-07 16:44:16,102 [INFO] ブランド再確認中: 王様シリーズ(OSAMASERIES) (対象ASIN: ['B00IDTUJLK', 'B00IDTWQUW', 'B00IDTYSLC'])
2026-03-07 16:44:21,453 [INFO] ブランド再確認中: ミニマルランド (対象ASIN: ['B00IGL6D5Q'])
2026-03-07 16:44:23,228 [INFO] ブランド再確認中: レイメイ藤井 (対象ASIN: ['B00IHV5M52', 'B00IHV6XAK', 'B00IHV8BP0'])
2026-03-07 16:44:28,639 [INFO] ブランド再確認中: HOTONE (対象ASIN: ['B00II5NUKG', 'B00SY1KBFQ', 'B00SY2AQ1O'])
2026-03-07 16:44:34,233 [INFO] ブランド再確認中: Akai Professional (対象ASIN: ['B00IJ7FGSC', 'B00IJF00GW', 'B00J3YYSUW'])
2026-03-07 16:44:39,989 [INFO] ブランド再確認中: NAKATA HANGER (対象ASIN: ['B00IK7HAXK', 'B00IZV0WHC'])
2026-03-07 16:44:43,632 [INFO] ブランド再確認中: PageFlip (対象ASIN: ['B00ILVHBKC'])
2026-03-07 16:44:45,493 [INFO] ブランド再確認中: Rubies (対象ASIN: ['B00IMB1RKG'])
2026-03-07 16:44:47,319 [INFO] ブランド再確認中: wicca(ウィッカ) (対象ASIN: ['B00INIRKL8', 'B00TX404IM', 'B019IH9VRS'])
2026-03-07 16:44:52,824 [INFO] ブランド再確認中: DigiTech (対象ASIN: ['B00IO1NQHG', 'B00LXMN740', 'B00NIJUCSK'])
2026-03-07 16:44:58,485 [INFO] ブランド再確認中: 株式会社 光明きゃん (対象ASIN: ['B00IOEADD8', 'B00IOEC5UM', 'B00IOEGP76'])
2026-03-07 16:45:03,824 [INFO] ブランド再確認中: Inglesina (対象ASIN: ['B00IOGINCO', 'B00IOGIO8M'])
2026-03-07 16:45:07,677 [INFO] ブランド再確認中: Mont-bell(モンベル) (対象ASIN: ['B00IP2FI98'])
2026-03-07 16:45:09,464 [INFO] ブランド再確認中: ドウシシャ(DOSHISHA) (対象ASIN: ['B00IPB0BXM', 'B08HYHLQYM', 'B0981NS5BF'])
2026-03-07 16:45:11,259 [INFO] ブランド【ドウシシャ(DOSHISHA)】が再判定で出品可能(〇)になりました！
2026-03-07 16:45:11,313 [INFO] ブランド再確認中: Mirai Tenshi（未来天使） (対象ASIN: ['B00IS1WY1Q', 'B00IS1WY20', 'B00IS1WY2K'])
2026-03-07 16:45:16,749 [INFO] ブランド再確認中: Galt (対象ASIN: ['B00IT2JOTY'])
2026-03-07 16:45:18,682 [INFO] ブランド再確認中: L STYLE (対象ASIN: ['B00ITG2S2U', 'B07VKYQNSW', 'B07VM5439R'])
2026-03-07 16:45:24,296 [INFO] ブランド再確認中: Ｔｏｍｏｙａｓｕ (対象ASIN: ['B00IXCO6ZM', 'B083XBM97C', 'B083XFJD9T'])
2026-03-07 16:45:27,827 [INFO] ブランド【Ｔｏｍｏｙａｓｕ】が再判定で出品可能(〇)になりました！
2026-03-07 16:45:27,954 [INFO] ブランド再確認中: Behning & Sons (対象ASIN: ['B00J495I0A', 'B00ZKT92G4', 'B0BJ29G9S4'])
2026-03-07 16:45:33,492 [INFO] ブランド再確認中: エクセレントメディカル (対象ASIN: ['B00J4DXIXU'])
2026-03-07 16:45:37,152 [INFO] ブランド再確認中: BAM! (対象ASIN: ['B00J4XI1B4', 'B00JE0U6CE', 'B00JKXTSHO'])
2026-03-07 16:45:42,573 [INFO] ブランド再確認中: 玄人志向 (対象ASIN: ['B00J53QH6E', 'B01M9GAQHI', 'B07V3LZCKL'])
2026-03-07 16:45:47,990 [INFO] ブランド再確認中: ジョイパレット(JOYPALETTE) (対象ASIN: ['B00J547IX4', 'B07MN6GYTT', 'B07X9M558G'])
2026-03-07 16:45:53,520 [INFO] ブランド再確認中: D&D Technologies (対象ASIN: ['B00J5TDVEE', 'B00J5TKCUK'])
2026-03-07 16:45:57,263 [INFO] ブランド再確認中: サンプラテック(SANPLATEC) (対象ASIN: ['B00J6ZEC04', 'B00J6ZECDG'])
2026-03-07 16:45:58,970 [INFO] ブランド【サンプラテック(SANPLATEC)】が再判定で出品可能(〇)になりました！
2026-03-07 16:45:58,974 [INFO] ブランド再確認中: caravan(キャラバン) (対象ASIN: ['B00J7OSRFK', 'B00J7OSTEY', 'B00J7OSV1A'])
2026-03-07 16:46:04,394 [INFO] ブランド再確認中: フランスベッド (対象ASIN: ['B00J8EVWTW', 'B01J31OWJ6', 'B01M7R76C9'])
2026-03-07 16:46:06,088 [INFO] ブランド【フランスベッド】が再判定で出品可能(〇)になりました！
2026-03-07 16:46:06,092 [INFO] ブランド再確認中: LOWYA (対象ASIN: ['B00JFQQNGA', 'B00JO5X1PI', 'B00JO5X3HY'])
2026-03-07 16:46:11,445 [INFO] ブランド再確認中: Kitchen Safe (対象ASIN: ['B00JGFQTD2', 'B00JGFQTYQ', 'B00JGFQWRA'])
2026-03-07 16:46:17,147 [INFO] ブランド再確認中: クラッツィオ(Clazzio) (対象ASIN: ['B00JHDN9X6', 'B00JWXCYIW', 'B00OLTT37C'])
2026-03-07 16:46:22,484 [INFO] ブランド再確認中: Texas Instruments (対象ASIN: ['B00JJ47GAK', 'B00XOLOOPY', 'B01DYUTBL6'])
2026-03-07 16:46:28,172 [INFO] ブランド再確認中: ワンちゃんサークル (対象ASIN: ['B00JJLOH64', 'B00JJLOJ9O'])
2026-03-07 16:46:29,856 [INFO] ブランド【ワンちゃんサークル】が再判定で出品可能(〇)になりました！
2026-03-07 16:46:29,859 [INFO] ブランド再確認中: IK Multimedia (対象ASIN: ['B00JJOBNRM', 'B01C5RZWCQ', 'B01C5RZWM6'])
2026-03-07 16:46:35,590 [INFO] ブランド再確認中: SE ELECTRONICS (対象ASIN: ['B00JQQXSC6', 'B01N1PMGQE', 'B06Y42192M'])
2026-03-07 16:46:40,916 [INFO] ブランド再確認中: メイスイ (対象ASIN: ['B00JR0X7I6', 'B00SWEO692'])
2026-03-07 16:46:42,606 [INFO] ブランド【メイスイ】が再判定で出品可能(〇)になりました！
2026-03-07 16:46:42,608 [INFO] ブランド再確認中: モービル(Mobil) (対象ASIN: ['B00JTUBTU2', 'B00TBI1CEU', 'B07C6P53YJ'])
2026-03-07 16:46:48,028 [INFO] ブランド再確認中: ASTRO Gaming (対象ASIN: ['B00JUFXOXQ', 'B08GNYS325'])
2026-03-07 16:46:51,624 [INFO] ブランド再確認中: ロットリング(Rotring) (対象ASIN: ['B00JXIRHE2'])
2026-03-07 16:46:53,450 [INFO] ブランド再確認中: Cooler Master (対象ASIN: ['B00JY8CLX8', 'B0763PS24T', 'B07DV29GYN'])
2026-03-07 16:46:58,917 [INFO] ブランド再確認中: LEWITT (対象ASIN: ['B00JZESTIC', 'B00K4VHXPK', 'B00KHEXLDW'])
2026-03-07 16:47:04,271 [INFO] ブランド再確認中: アドテック (対象ASIN: ['B00K03UCRI', 'B01M4QMF0I', 'B01M5IR6W7'])
2026-03-07 16:47:09,614 [INFO] ブランド再確認中: Goldwin (対象ASIN: ['B00K1888F0', 'B0CP9GDYH6', 'B0CP9HBN68'])
2026-03-07 16:47:11,327 [INFO] ブランド【Goldwin】が再判定で出品可能(〇)になりました！
2026-03-07 16:47:11,358 [INFO] ブランド再確認中: EPOS (対象ASIN: ['B00K2RQ94C', 'B07VMSR2HX', 'B07VR16HF9'])
2026-03-07 16:47:18,369 [INFO] ブランド再確認中: Primary Arms (対象ASIN: ['B00K5CLRJ6'])
2026-03-07 16:47:20,181 [INFO] ブランド再確認中: エルゴヒューマン(Ergohuman) (対象ASIN: ['B00K673UVI', 'B0CCCZYT54', 'B0CCD15MN3'])
2026-03-07 16:47:25,637 [INFO] ブランド再確認中: VTech (対象ASIN: ['B00K89KPBM', 'B00Y53UVIO', 'B06VTC66B1'])
2026-03-07 16:47:31,360 [INFO] ブランド再確認中: Milwaukee (対象ASIN: ['B00K97EN20', 'B00P2RJCRS', 'B00P4RZL94'])
2026-03-07 16:47:36,764 [INFO] ブランド再確認中: ウチダ(Uchida) (対象ASIN: ['B00KA6XTIE', 'B00KA6XWO0'])
2026-03-07 16:47:38,493 [INFO] ブランド【ウチダ(Uchida)】が再判定で出品可能(〇)になりました！
2026-03-07 16:47:38,496 [INFO] ブランド再確認中: 10mois ディモワ (対象ASIN: ['B00KBLXDXE'])
2026-03-07 16:47:40,320 [INFO] ブランド再確認中: サンアロー(Sun Arrow) (対象ASIN: ['B00KBMULB0', 'B00LUDUAXI'])
2026-03-07 16:47:44,092 [INFO] ブランド再確認中: LILLEbaby (対象ASIN: ['B00KC4VPNU'])
2026-03-07 16:47:46,154 [INFO] ブランド再確認中: Magic Sleepsuit (対象ASIN: ['B00KHZPH74', 'B00WRM10L2'])
2026-03-07 16:47:49,409 [INFO] ブランド再確認中: Silky (対象ASIN: ['B00KI75BB8', 'B00KKMV0P2'])
2026-03-07 16:47:52,974 [INFO] ブランド再確認中: Reed123 (対象ASIN: ['B00KIDXIH6'])
2026-03-07 16:47:54,817 [INFO] ブランド再確認中: マスプロ電工 (対象ASIN: ['B00KIO36UY'])
2026-03-07 16:47:56,609 [INFO] ブランド再確認中: オオハシ産業 (対象ASIN: ['B00KKCEOC8', 'B00KKCEQK8', 'B07CKZ8FXR'])
2026-03-07 16:47:58,305 [INFO] ブランド【オオハシ産業】が再判定で出品可能(〇)になりました！
2026-03-07 16:47:58,308 [INFO] ブランド再確認中: Ferrofish (対象ASIN: ['B00KL95CZI'])
2026-03-07 16:48:00,544 [INFO] ブランド再確認中: テイン (TEIN) (対象ASIN: ['B00KLTXYEY', 'B00ZIARO8S', 'B00ZIARWNU'])
2026-03-07 16:48:06,056 [INFO] ブランド再確認中: Fractal(フラクタル) (対象ASIN: ['B00KNNRGSS', 'B09BQLD8ZK', 'B09BQLQH61'])
2026-03-07 16:48:11,539 [INFO] ブランド再確認中: フリアー(Flir) (対象ASIN: ['B00KP1P7MK', 'B01066Q10K', 'B0892MZZT1'])
2026-03-07 16:48:17,349 [INFO] ブランド再確認中: ケンウッド(KENWOOD) (対象ASIN: ['B00KQFOQ8G', 'B0177X1SLM', 'B01BXNWC5I'])
2026-03-07 16:48:22,672 [INFO] ブランド再確認中: GUST (対象ASIN: ['B00KR7Q7YY'])
2026-03-07 16:48:24,488 [INFO] ブランド再確認中: Fredric Effects (対象ASIN: ['B00KSS97TE', 'B00KXQ9SVI', 'B00KXQCCMA'])
2026-03-07 16:48:26,196 [INFO] ブランド【Fredric Effects】が再判定で出品可能(〇)になりました！
2026-03-07 16:48:26,199 [INFO] ブランド再確認中: IWISS (対象ASIN: ['B00KSTW33A', 'B07M5GTRLF', 'B07WZY2QCP'])
2026-03-07 16:48:31,759 [INFO] ブランド再確認中: コイズミ(Koizumi) (対象ASIN: ['B00KVWK82M', 'B00KVWKQJC', 'B00KVWLFBU'])
2026-03-07 16:48:38,312 [INFO] ブランド再確認中: TEVA(テバ) (対象ASIN: ['B00KXDAKBS', 'B00ZCHYT30', 'B071GC2VFF'])
2026-03-07 16:48:43,893 [INFO] ブランド再確認中: Namco Bandai Games(World) (対象ASIN: ['B00KY1HZ80', 'B00X8WTMKQ', 'B07K16Z92L'])
2026-03-07 16:48:49,482 [INFO] ブランド再確認中: FOSTEX (対象ASIN: ['B00KYHY15O', 'B00TKLF12M', 'B00TXGS0MC'])
2026-03-07 16:48:54,934 [INFO] ブランド再確認中: Donner (対象ASIN: ['B00L272SV4', 'B07CVG1J2T', 'B07DHJ1ZMF'])
2026-03-07 16:49:00,616 [INFO] ブランド再確認中: Gemini Sound (対象ASIN: ['B00L2TUFLM', 'B07YYRBMZM'])
2026-03-07 16:49:04,325 [INFO] ブランド再確認中: サンクラフト (対象ASIN: ['B00LATNL7Y', 'B00LATNODU'])
2026-03-07 16:49:07,857 [INFO] ブランド再確認中: ミナトワークス (対象ASIN: ['B00LE3WCI0', 'B00LE4SFJ4', 'B00LF5FGVM'])
2026-03-07 16:49:13,280 [INFO] ブランド再確認中: モリリン (対象ASIN: ['B00LM4NNZ2', 'B00LM4OR84', 'B01C2FCM24'])
2026-03-07 16:49:18,661 [INFO] ブランド再確認中: 東北エスパル (対象ASIN: ['B00LP4JO16'])
2026-03-07 16:49:20,356 [INFO] ブランド【東北エスパル】が再判定で出品可能(〇)になりました！
2026-03-07 16:49:20,358 [INFO] ブランド再確認中: Islander (対象ASIN: ['B00LY8GM2W', 'B07LCQM2MG', 'B084D2PT3B'])
2026-03-07 16:49:20,361 [INFO] トークン取得から50分経過。再認証を行います...
2026-03-07 16:49:21,015 [INFO] 再認証に成功しました。
2026-03-07 16:49:26,658 [INFO] ブランド再確認中: HIDISC (対象ASIN: ['B00M1KGBYG', 'B014S8RK8O', 'B014S9O964'])
2026-03-07 16:49:31,979 [INFO] ブランド再確認中: 竹虎 (対象ASIN: ['B00M1ODDO8', 'B018K0GZ8W'])
2026-03-07 16:49:33,684 [INFO] ブランド【竹虎】が再判定で出品可能(〇)になりました！
2026-03-07 16:49:33,687 [INFO] ブランド再確認中: 半紙屋e-shop (対象ASIN: ['B00M3PCMLA', 'B00M3PETFM', 'B00M3PEXE4'])
2026-03-07 16:49:39,059 [INFO] ブランド再確認中: ニューレジストン (対象ASIN: ['B00M93NWAG', 'B0792QV9CJ'])
2026-03-07 16:49:40,771 [INFO] ブランド【ニューレジストン】が再判定で出品可能(〇)になりました！
2026-03-07 16:49:40,774 [INFO] ブランド再確認中: LyxPro (対象ASIN: ['B00M9ECUQM', 'B07T92D5X4', 'B08BG8CF8V'])
2026-03-07 16:49:46,078 [INFO] ブランド再確認中: ESS (対象ASIN: ['B00MAX6Y32', 'B08F3M37N3'])
2026-03-07 16:49:49,675 [INFO] ブランド再確認中: SEAC (対象ASIN: ['B00MBVN4YA', 'B00MBVN760'])
2026-03-07 16:49:53,342 [INFO] ブランド再確認中: SAVIC (対象ASIN: ['B00MFJ8NNA'])
2026-03-07 16:49:55,024 [INFO] ブランド【SAVIC】が再判定で出品可能(〇)になりました！
2026-03-07 16:49:55,027 [INFO] ブランド再確認中: Gloveworks (対象ASIN: ['B00MGSGRF6', 'B01G346K1O', 'B01G346K4G'])
2026-03-07 16:50:01,070 [INFO] ブランド再確認中: LONGCHAMP(ロンシャン) (対象ASIN: ['B00MLYOE4Q', 'B01BLBFXQC', 'B079JP6LYR'])
2026-03-07 16:50:06,484 [INFO] ブランド再確認中: GAIN EXPRESS (対象ASIN: ['B00MMYOGEI', 'B00MXNKRYQ', 'B01966BZDY'])
2026-03-07 16:50:08,285 [INFO] ブランド【GAIN EXPRESS】が再判定で出品可能(〇)になりました！
2026-03-07 16:50:08,289 [INFO] ブランド再確認中: ピーインストゥルメンツ(P-Instruments) (対象ASIN: ['B00MPRVRAI', 'B00MPRVS2A', 'B01DEQRP36'])
2026-03-07 16:50:13,814 [INFO] ブランド再確認中: 吉徳 (対象ASIN: ['B00MUFLV7E', 'B00Y9G29SC', 'B0BKT8TRFD'])
2026-03-07 16:50:19,220 [INFO] ブランド再確認中: HFS (対象ASIN: ['B00MWB1C2A', 'B09XTP6D92'])
2026-03-07 16:50:22,863 [INFO] ブランド再確認中: ウベックス(Uvex) (対象ASIN: ['B00MWN4KW2', 'B00O357W1I', 'B074P83H7F'])
2026-03-07 16:50:28,211 [INFO] ブランド再確認中: DURODEX (対象ASIN: ['B00MXIVE02'])
2026-03-07 16:50:30,020 [INFO] ブランド再確認中: G.SKILL (対象ASIN: ['B00N1OYA8K', 'B00N1OYTT0', 'B015FXXBW0'])
2026-03-07 16:50:35,484 [INFO] ブランド再確認中: Logitech for Creators (対象ASIN: ['B00N1YPXW2', 'B014PYGYRE', 'B07DTTGZ7M'])
2026-03-07 16:50:42,441 [INFO] ブランド再確認中: K'sガレージ (対象ASIN: ['B00N2QP1LW', 'B00TTD8A56', 'B01I4ZB0WO'])
2026-03-07 16:50:44,111 [INFO] ブランド【K'sガレージ】が再判定で出品可能(〇)になりました！
2026-03-07 16:50:44,114 [INFO] ブランド再確認中: 庄三郎 (対象ASIN: ['B00N3MEIVY'])
2026-03-07 16:50:45,967 [INFO] ブランド再確認中: NICHIFU (対象ASIN: ['B00N3MQQDW', 'B00Q4OKOVQ', 'B00YG1QHWY'])
2026-03-07 16:50:51,406 [INFO] ブランド再確認中: 小津産業 (対象ASIN: ['B00N3U2MR8'])
2026-03-07 16:50:53,139 [INFO] ブランド【小津産業】が再判定で出品可能(〇)になりました！
2026-03-07 16:50:53,145 [INFO] ブランド再確認中: 伊藤製作所(Itoseisakusho) (対象ASIN: ['B00N3WEA4E'])
2026-03-07 16:50:54,843 [INFO] ブランド【伊藤製作所(Itoseisakusho)】が再判定で出品可能(〇)になりました！
2026-03-07 16:50:54,845 [INFO] ブランド再確認中: Franklin Sports (対象ASIN: ['B00N4M4IT0', 'B01AGMHO82', 'B07X21KG7T'])
2026-03-07 16:51:00,177 [INFO] ブランド再確認中: ハマナカ(HAMANAKA) (対象ASIN: ['B00N9RDZZS', 'B01M0A9SYK', 'B01M1VEDB7'])
2026-03-07 16:51:05,577 [INFO] ブランド再確認中: アイエスエー(ISA) (対象ASIN: ['B00NARFXG6', 'B00NARIC3M'])
2026-03-07 16:51:07,260 [INFO] ブランド【アイエスエー(ISA)】が再判定で出品可能(〇)になりました！
2026-03-07 16:51:07,262 [INFO] ブランド再確認中: BestOffice (対象ASIN: ['B00NAWEE9S'])
2026-03-07 16:51:09,096 [INFO] ブランド再確認中: UFiP (対象ASIN: ['B00NFINXSK', 'B00NG7DG6O', 'B00V5RZQ6K'])
2026-03-07 16:51:10,815 [INFO] ブランド【UFiP】が再判定で出品可能(〇)になりました！
2026-03-07 16:51:10,818 [INFO] ブランド再確認中: 信玄 (対象ASIN: ['B00NH7IW4E', 'B00NHFLD10', 'B015GMVQ1S'])
2026-03-07 16:51:16,184 [INFO] ブランド再確認中: サンコー(SANKO) (対象ASIN: ['B00NIADSJY', 'B016ODN01W'])
2026-03-07 16:51:19,759 [INFO] ブランド再確認中: Reloop (対象ASIN: ['B00NOI49AW', 'B00X65QRU8', 'B00ZBKH17Y'])
2026-03-07 16:51:25,221 [INFO] ブランド再確認中: 白井産業(Shirai) (対象ASIN: ['B00NOMSCLK', 'B00NOMSWP6', 'B00NOMSYNQ'])
2026-03-07 16:51:30,605 [INFO] ブランド再確認中: お布団工房 (対象ASIN: ['B00NQIVP34', 'B00NQIVP3Y', 'B00TZT42M4'])
2026-03-07 16:51:36,068 [INFO] ブランド再確認中: ダンロップ(DUNLOP) (対象ASIN: ['B00NUSN0QU', 'B0DLFKFGTT', 'B0DLFP1BMV'])
2026-03-07 16:51:37,763 [INFO] ブランド【ダンロップ(DUNLOP)】が再判定で出品可能(〇)になりました！
2026-03-07 16:51:37,765 [INFO] ブランド再確認中: デスクトップアナトミー (対象ASIN: ['B00NVJE75Q'])
2026-03-07 16:51:39,502 [INFO] ブランド【デスクトップアナトミー】が再判定で出品可能(〇)になりました！
2026-03-07 16:51:39,506 [INFO] ブランド再確認中: P Perri's Leathers Ltd. (対象ASIN: ['B00O2PNKJC', 'B083QSCJ7Y', 'B084D6MXXQ'])
2026-03-07 16:51:44,828 [INFO] ブランド再確認中: SMC (対象ASIN: ['B00O8EKWTI', 'B00O8EKX1K', 'B00O8ELKQC'])
2026-03-07 16:51:50,179 [INFO] ブランド再確認中: ジーフォース(G-Force) (対象ASIN: ['B00O8PKC8S', 'B08C9JR866', 'B08CB292ZY'])
2026-03-07 16:51:55,523 [INFO] ブランド再確認中: ツールズアイランド(Toolsisland) (対象ASIN: ['B00O9SSN6W', 'B01MRPH3FY', 'B0C53J14Y7'])
2026-03-07 16:52:00,958 [INFO] ブランド再確認中: エムール (対象ASIN: ['B00OAW3NV2', 'B00OAW3QM8', 'B01JIL35VM'])
2026-03-07 16:52:06,283 [INFO] ブランド再確認中: Ancicraft (対象ASIN: ['B00OEYTBG2', 'B00OEYTBJY', 'B010FGBG24'])
2026-03-07 16:52:11,712 [INFO] ブランド再確認中: トーヨータイヤ(TOYO TIRES) (対象ASIN: ['B00OIC7IQ0', 'B00OIC7K5Y', 'B00OIC7M0C'])
2026-03-07 16:52:17,112 [INFO] ブランド再確認中: シダス(Sidas) (対象ASIN: ['B00OIQIL0I'])
2026-03-07 16:52:18,905 [INFO] ブランド再確認中: REUDO (対象ASIN: ['B00OL4IHMO', 'B015EY7EWS', 'B015FATGEA'])
2026-03-07 16:52:24,283 [INFO] ブランド再確認中: 大一産業 (対象ASIN: ['B00OOL4LGK', 'B00OOL4LIS', 'B00OOL4LME'])
2026-03-07 16:52:25,995 [INFO] ブランド【大一産業】が再判定で出品可能(〇)になりました！
2026-03-07 16:52:25,998 [INFO] ブランド再確認中: BEECHLER (対象ASIN: ['B00OXPPK1W', 'B00OXPPKXK'])
2026-03-07 16:52:29,597 [INFO] ブランド再確認中: Decksaver (対象ASIN: ['B00OY66X2K', 'B00U73GG9E', 'B01M5CV4OD'])
2026-03-07 16:52:35,014 [INFO] ブランド再確認中: Fuso (対象ASIN: ['B00OYPPAOS', 'B00OYQ2H34'])
2026-03-07 16:52:38,621 [INFO] ブランド再確認中: PORCO ROSSO(ポルコロッソ) (対象ASIN: ['B00OZC6BOI'])
2026-03-07 16:52:40,473 [INFO] ブランド再確認中: Coravin (対象ASIN: ['B00P2NAD8E'])
2026-03-07 16:52:42,405 [INFO] ブランド再確認中: TT&CO. (対象ASIN: ['B00P3Y8GI6', 'B00P3YPPZ8', 'B00P3YWIKS'])
2026-03-07 16:52:47,838 [INFO] ブランド再確認中: DOD(ディーオーディー) (対象ASIN: ['B00P8I7DQ8', 'B01FFQJWIE', 'B01MR7O3L2'])
2026-03-07 16:52:53,167 [INFO] ブランド再確認中: JTC (対象ASIN: ['B00PABO0KK', 'B01LXW1EXY', 'B0G2LFKHGZ'])
2026-03-07 16:52:58,517 [INFO] ブランド【JTC】が再判定で出品可能(〇)になりました！
2026-03-07 16:52:58,521 [INFO] ブランド再確認中: エーディテクノ (対象ASIN: ['B00PBF4M8A', 'B08D34GCWH'])
2026-03-07 16:53:00,272 [INFO] ブランド【エーディテクノ】が再判定で出品可能(〇)になりました！
2026-03-07 16:53:00,274 [INFO] ブランド再確認中: Wahoo (対象ASIN: ['B00PD9GHUA', 'B099NYC5KZ', 'B09DGW3CTB'])
2026-03-07 16:53:06,504 [INFO] ブランド再確認中: Hush Puppies(ハッシュパピー) (対象ASIN: ['B00PFHSUYG', 'B00PFHSWHG', 'B00PFHSY24'])
2026-03-07 16:53:11,748 [INFO] ブランド再確認中: Plantronics (対象ASIN: ['B00PG95708', 'B012UGC5D6', 'B076KZQBXL'])
2026-03-07 16:53:17,304 [INFO] ブランド再確認中: BBK (対象ASIN: ['B00PGPUUVS', 'B00PGPVY36', 'B00PGPYC3K'])
2026-03-07 16:53:22,684 [INFO] ブランド再確認中: NEEWER (対象ASIN: ['B00PIDCITU', 'B00WS9XPK8', 'B07335TKZ6'])
2026-03-07 16:53:28,782 [INFO] ブランド再確認中: doona (対象ASIN: ['B00PLIQULO'])
2026-03-07 16:53:30,700 [INFO] ブランド再確認中: Graco(グレコ) (対象ASIN: ['B00PTL15D6', 'B00Y286FVE'])
2026-03-07 16:53:34,454 [INFO] ブランド再確認中: サランラップ (対象ASIN: ['B00PTVX51G'])
2026-03-07 16:53:36,232 [INFO] ブランド再確認中: コンポス (対象ASIN: ['B00PU0HB4I', 'B00V7K4O5E', 'B016Q1KB8M'])
2026-03-07 16:53:41,544 [INFO] ブランド再確認中: アガツマ(AGATSUMA) (対象ASIN: ['B00PVBUJTA', 'B00PVBUQCU', 'B01CSCLKN8'])
2026-03-07 16:53:46,949 [INFO] ブランド再確認中: イーサプライ (対象ASIN: ['B00PVH4MPQ', 'B01B922T5Q', 'B01GDLRHB4'])
2026-03-07 16:53:52,322 [INFO] ブランド再確認中: PLUS MINUS ZERO (対象ASIN: ['B00PXEPLXY', 'B00PXF85VS', 'B00PXFC0X2'])
2026-03-07 16:53:57,801 [INFO] ブランド再確認中: 髙儀(Takagi) (対象ASIN: ['B00PXJ77Y0', 'B07L3W6HRN', 'B0832ZRSB6'])
2026-03-07 16:54:03,197 [INFO] ブランド再確認中: Bushnell (対象ASIN: ['B00PY3R6UU'])
2026-03-07 16:54:05,021 [INFO] ブランド再確認中: TANNER (対象ASIN: ['B00PYE71AE'])
2026-03-07 16:54:06,904 [INFO] ブランド再確認中: Eventide (対象ASIN: ['B00Q73PQSA', 'B0922NYSFV', 'B09HSP2FC6'])
2026-03-07 16:54:10,444 [INFO] ブランド【Eventide】が再判定で出品可能(〇)になりました！
2026-03-07 16:54:10,447 [INFO] ブランド再確認中: Legere (対象ASIN: ['B00Q8CCHC8', 'B00W6XPNNI', 'B01GKQJBE8'])
2026-03-07 16:54:15,819 [INFO] ブランド再確認中: K.M.K (対象ASIN: ['B00QGI3E6W', 'B00XJGSOQE', 'B00XJGSOWS'])
2026-03-07 16:54:17,530 [INFO] ブランド【K.M.K】が再判定で出品可能(〇)になりました！
2026-03-07 16:54:17,546 [INFO] ブランド再確認中: 大久保製作所 (対象ASIN: ['B00QK0P66C'])
2026-03-07 16:54:19,309 [INFO] ブランド再確認中: 山崎帝国堂 (対象ASIN: ['B00QLEDD2G'])
2026-03-07 16:54:20,989 [INFO] ブランド【山崎帝国堂】が再判定で出品可能(〇)になりました！
2026-03-07 16:54:20,992 [INFO] ブランド再確認中: 川口工器 (対象ASIN: ['B00QM0OQ0C', 'B06W2FY1SZ', 'B06X3R547N'])
2026-03-07 16:54:27,289 [INFO] ブランド再確認中: グッドマン (対象ASIN: ['B00QQ5I550'])
2026-03-07 16:54:28,979 [INFO] ブランド【グッドマン】が再判定で出品可能(〇)になりました！
2026-03-07 16:54:28,981 [INFO] ブランド再確認中: 武田コーポレーション(Takeda corporation) (対象ASIN: ['B00QQCN7SI', 'B09RDYWKLJ', 'B0DX22QMJL'])
2026-03-07 16:54:34,349 [INFO] ブランド再確認中: QSC (対象ASIN: ['B00QRCR8YQ'])
2026-03-07 16:54:36,235 [INFO] ブランド再確認中: EIZO (対象ASIN: ['B00QTP6YBY', 'B01BMD8QF4', 'B01LDX8RRA'])
2026-03-07 16:54:41,721 [INFO] ブランド再確認中: Hurtta (対象ASIN: ['B00QVRSD6O', 'B01IYGE1CY', 'B01IYGE1N8'])
2026-03-07 16:54:47,139 [INFO] ブランド再確認中: BBEST (対象ASIN: ['B00QWZ1UJ2', 'B00QWZGBGE', 'B00QWZMXKW'])
2026-03-07 16:54:52,524 [INFO] ブランド再確認中: Martinez (対象ASIN: ['B00QZVI5VE', 'B074K75T4C', 'B074K812NB'])
2026-03-07 16:54:54,225 [INFO] ブランド【Martinez】が再判定で出品可能(〇)になりました！
2026-03-07 16:54:54,228 [INFO] ブランド再確認中: ダイハツ(Daihatsu) (対象ASIN: ['B00R40SPWO'])
2026-03-07 16:54:55,967 [INFO] ブランド【ダイハツ(Daihatsu)】が再判定で出品可能(〇)になりました！
2026-03-07 16:54:55,969 [INFO] ブランド再確認中: Keeley (対象ASIN: ['B00R93TA48', 'B00V5CQ4TS', 'B01MRYNS2A'])
2026-03-07 16:54:57,654 [INFO] ブランド【Keeley】が再判定で出品可能(〇)になりました！
2026-03-07 16:54:57,657 [INFO] ブランド再確認中: 小糸製作所(KOITO) (対象ASIN: ['B00RBE85SM', 'B00T7DV3PM', 'B00T7DV6KE'])
2026-03-07 16:55:02,956 [INFO] ブランド再確認中: Sling Shot (対象ASIN: ['B00RTKEADW'])
2026-03-07 16:55:04,832 [INFO] ブランド再確認中: FELLOW (対象ASIN: ['B00SH34GHK', 'B00SH3S8DS', 'B00SH3S8F6'])
2026-03-07 16:55:10,216 [INFO] ブランド再確認中: AddRouge(アッドルージュ) (対象ASIN: ['B00SIWQV5A'])
2026-03-07 16:55:12,064 [INFO] ブランド再確認中: マミーローズ (対象ASIN: ['B00SJ7LPIW', 'B00SJ7LVTK', 'B00SJ7MFB8'])
2026-03-07 16:55:17,439 [INFO] ブランド再確認中: Brooks England (対象ASIN: ['B00SQM0XL0', 'B01N314TZO', 'B01N5MNQH0'])
2026-03-07 16:55:22,761 [INFO] ブランド再確認中: ディアペット (対象ASIN: ['B00SSRV35S', 'B00VZE531G'])
2026-03-07 16:55:26,399 [INFO] ブランド再確認中: Maximum Games (対象ASIN: ['B00STPQ7HS', 'B00STPQ7VE', 'B01HDJFJLK'])
2026-03-07 16:55:31,819 [INFO] ブランド再確認中: PENDLETON (対象ASIN: ['B00SVCAKPY', 'B01EYYOAEO', 'B089LN9J12'])
2026-03-07 16:55:37,419 [INFO] ブランド再確認中: KIRKLAND (対象ASIN: ['B00SWJD5QC', 'B01FFI8I50'])
2026-03-07 16:55:41,060 [INFO] ブランド再確認中: tesa (対象ASIN: ['B00SXQE4GO'])
2026-03-07 16:55:42,881 [INFO] ブランド再確認中: ディーブイマーク(DV MARK) (対象ASIN: ['B00SY0EIPG'])
2026-03-07 16:55:44,731 [INFO] ブランド再確認中: McDavid (対象ASIN: ['B00T65SHAK', 'B00T65SJ9E', 'B01MSD5PZT'])
2026-03-07 16:55:49,934 [INFO] ブランド【McDavid】が再判定で出品可能(〇)になりました！
2026-03-07 16:55:49,937 [INFO] ブランド再確認中: Ortlieb (対象ASIN: ['B00T6IR3KC'])
2026-03-07 16:55:51,751 [INFO] ブランド再確認中: CabinZero(キャビンゼロ) (対象ASIN: ['B00T9HVROI', 'B01M8N2QRT', 'B07DPL2V61'])
2026-03-07 16:55:57,314 [INFO] ブランド再確認中: アーテック(artec) (対象ASIN: ['B00TH0A86A'])
2026-03-07 16:55:59,227 [INFO] ブランド再確認中: vidaXL (対象ASIN: ['B00TI3XHA0', 'B0711B4DNS', 'B07N2J3NVY'])
2026-03-07 16:56:04,481 [INFO] ブランド再確認中: OKI (対象ASIN: ['B00TJROD80', 'B0894B4G9B', 'B0BD75GDRP'])
2026-03-07 16:56:06,146 [INFO] ブランド【OKI】が再判定で出品可能(〇)になりました！
2026-03-07 16:56:06,149 [INFO] ブランド再確認中: SentrySafe (対象ASIN: ['B00TOMP1HC', 'B010U6ELAI'])
2026-03-07 16:56:09,746 [INFO] ブランド再確認中: Kneader (対象ASIN: ['B00TPCJBWM'])
2026-03-07 16:56:11,573 [INFO] ブランド再確認中: 南海部品(NANKAI) (対象ASIN: ['B00TPCPFOA', 'B00TPCPHYS', 'B00TPCPJBO'])
2026-03-07 16:56:13,253 [INFO] ブランド【南海部品(NANKAI)】が再判定で出品可能(〇)になりました！
2026-03-07 16:56:13,256 [INFO] ブランド再確認中: ネオプロト(Neoplot) (対象ASIN: ['B00TTAPS9K'])
2026-03-07 16:56:15,019 [INFO] ブランド【ネオプロト(Neoplot)】が再判定で出品可能(〇)になりました！
2026-03-07 16:56:15,022 [INFO] ブランド再確認中: Montreux (対象ASIN: ['B00TW7ZYTY', 'B00TW84YQW', 'B00UJ1HR42'])
2026-03-07 16:56:16,700 [INFO] ブランド【Montreux】が再判定で出品可能(〇)になりました！
2026-03-07 16:56:16,704 [INFO] ブランド再確認中: 8Bitdo (対象ASIN: ['B00TY8UR2K', 'B09NS19Z8Q', 'B09NS1C5YQ'])
2026-03-07 16:56:22,263 [INFO] ブランド再確認中: 株式会社アルファタカバ (対象ASIN: ['B00TZSS2JO', 'B00TZSS2O4', 'B00TZSS6RM'])
2026-03-07 16:56:27,633 [INFO] ブランド再確認中: ラフ&ロード(ROUGH&ROAD) (対象ASIN: ['B00U16ZJEK', 'B00U16ZLWA', 'B0CHYD3BBM'])
2026-03-07 16:56:29,323 [INFO] ブランド【ラフ&ロード(ROUGH&ROAD)】が再判定で出品可能(〇)になりました！
2026-03-07 16:56:29,325 [INFO] ブランド再確認中: くればぁ(clever) (対象ASIN: ['B00U5MUJEU'])
2026-03-07 16:56:31,006 [INFO] ブランド【くればぁ(clever)】が再判定で出品可能(〇)になりました！
2026-03-07 16:56:31,008 [INFO] ブランド再確認中: BCOM (対象ASIN: ['B00U5Q8BQE'])
2026-03-07 16:56:32,695 [INFO] ブランド【BCOM】が再判定で出品可能(〇)になりました！
2026-03-07 16:56:32,699 [INFO] ブランド再確認中: 平和技研 (対象ASIN: ['B00U8F782U', 'B00U8F7IW0'])
2026-03-07 16:56:34,422 [INFO] ブランド【平和技研】が再判定で出品可能(〇)になりました！
2026-03-07 16:56:34,425 [INFO] ブランド再確認中: 住まいスタイル (対象ASIN: ['B00UAD77I0'])
2026-03-07 16:56:36,282 [INFO] ブランド再確認中: フェアリーランド (対象ASIN: ['B00UBDSREC', 'B00UBDSSK0'])
2026-03-07 16:56:39,936 [INFO] ブランド再確認中: ブーリ(Boori) (対象ASIN: ['B00UBN868Y'])
2026-03-07 16:56:41,632 [INFO] ブランド【ブーリ(Boori)】が再判定で出品可能(〇)になりました！
2026-03-07 16:56:41,635 [INFO] ブランド再確認中: viz (対象ASIN: ['B00UHNB2VG', 'B00UN83S2Q'])
2026-03-07 16:56:43,395 [INFO] ブランド【viz】が再判定で出品可能(〇)になりました！
2026-03-07 16:56:43,398 [INFO] ブランド再確認中: Bam France (対象ASIN: ['B00UJ8WROK', 'B00UJ8XHOE', 'B00UJ8XXPC'])
2026-03-07 16:56:48,858 [INFO] ブランド再確認中: 川上産業(Kawakami Sangyo) (対象ASIN: ['B00UKHUYX6'])
2026-03-07 16:56:50,582 [INFO] ブランド【川上産業(Kawakami Sangyo)】が再判定で出品可能(〇)になりました！
2026-03-07 16:56:50,585 [INFO] ブランド再確認中: HAMMOND DESIGN (対象ASIN: ['B00UKQU28O'])
2026-03-07 16:56:52,257 [INFO] ブランド【HAMMOND DESIGN】が再判定で出品可能(〇)になりました！
2026-03-07 16:56:52,260 [INFO] ブランド再確認中: SWANS(スワンズ) (対象ASIN: ['B00ULAGDWI', 'B00ULAGNDW', 'B00VS8XQTA'])
2026-03-07 16:56:57,616 [INFO] ブランド再確認中: NAZCA (対象ASIN: ['B00UMRINRI', 'B00XFRAST8'])
2026-03-07 16:56:59,445 [INFO] ブランド【NAZCA】が再判定で出品可能(〇)になりました！
2026-03-07 16:56:59,448 [INFO] ブランド再確認中: エムズ部品 (対象ASIN: ['B00UMWQY3S', 'B01DEURJ24', 'B077Z1V1HP'])
2026-03-07 16:57:04,739 [INFO] ブランド再確認中: Schiek (対象ASIN: ['B00UPU747W', 'B00UPYEAIO', 'B00UPYEAK2'])
2026-03-07 16:57:10,079 [INFO] ブランド再確認中: U.S. Solid (対象ASIN: ['B00URCT9VM', 'B09PY92QM3', 'B09W5F6R6N'])
2026-03-07 16:57:15,598 [INFO] ブランド再確認中: リトルプレゼンツ(LITTLE PRESENTS) (対象ASIN: ['B00URFLTX0', 'B00URFLVJ2', 'B00UU1HMIC'])
2026-03-07 16:57:21,195 [INFO] ブランド再確認中: Natural Balance (対象ASIN: ['B00UUNSZ86'])
2026-03-07 16:57:23,063 [INFO] ブランド再確認中: Shin’s Music (対象ASIN: ['B00UUSD6I0'])
2026-03-07 16:57:24,794 [INFO] ブランド【Shin’s Music】が再判定で出品可能(〇)になりました！
2026-03-07 16:57:24,797 [INFO] ブランド再確認中: ロクハン(Rokuhan) (対象ASIN: ['B00UWBWJFG'])
2026-03-07 16:57:26,636 [INFO] ブランド再確認中: ハクバ (対象ASIN: ['B00UWPSK5A', 'B00UWPT1MG', 'B06ZYCTQ3S'])
2026-03-07 16:57:32,136 [INFO] ブランド再確認中: ぼん家具 (対象ASIN: ['B00UYSM4UM', 'B00UYSM82Q', 'B00UYSMMJ0'])
2026-03-07 16:57:37,497 [INFO] ブランド再確認中: AER (対象ASIN: ['B00V4OKUHO', 'B00V4OL2VM'])
2026-03-07 16:57:39,183 [INFO] ブランド【AER】が再判定で出品可能(〇)になりました！
2026-03-07 16:57:39,186 [INFO] ブランド再確認中: ミディテック(Miditech) (対象ASIN: ['B00V4TGKGY', 'B01N7EU8EL', 'B075JJL2C6'])
2026-03-07 16:57:44,644 [INFO] ブランド再確認中: Lynx Studio Technology (対象ASIN: ['B00V7CF09G'])
2026-03-07 16:57:46,328 [INFO] ブランド【Lynx Studio Technology】が再判定で出品可能(〇)になりました！
2026-03-07 16:57:46,330 [INFO] ブランド再確認中: Ultimate Guard (対象ASIN: ['B00VBQJM1K', 'B016PGP1RE', 'B017B60VLI'])
2026-03-07 16:57:51,798 [INFO] ブランド再確認中: ＦＵＪＩＥＩ (対象ASIN: ['B00VFV6UFC', 'B00VFVEZGS', 'B00VFVIB8G'])
2026-03-07 16:57:57,144 [INFO] ブランド再確認中: 無印良品 (対象ASIN: ['B00VGPIHDU', 'B08GCMH78T', 'B08GCPH9Q8'])
2026-03-07 16:58:02,560 [INFO] ブランド再確認中: Midiplus (対象ASIN: ['B00VHKM190', 'B00VHL5HS6', 'B01MFHGQOG'])
2026-03-07 16:58:08,078 [INFO] ブランド再確認中: 朝日木材加工(Asahiwood) (対象ASIN: ['B00VHNAZKE', 'B00VHNB1A2', 'B00VHNB1G6'])
2026-03-07 16:58:13,522 [INFO] ブランド再確認中: Bloody (対象ASIN: ['B00VKT40Y2', 'B0GJYCV13F'])
2026-03-07 16:58:17,198 [INFO] ブランド再確認中: ブリオ(BRIO) (対象ASIN: ['B00VNY6EJ8', 'B0861WBH1H', 'B0861X1S9Q'])
2026-03-07 16:58:23,017 [INFO] ブランド再確認中: alphatackle (対象ASIN: ['B00VQ57Y4I', 'B00VQ585L4', 'B00VQ58HDK'])
2026-03-07 16:58:24,725 [INFO] ブランド【alphatackle】が再判定で出品可能(〇)になりました！
2026-03-07 16:58:24,731 [INFO] ブランド再確認中: テイルウォーク(tailwalk) (対象ASIN: ['B00VQ5A8C8', 'B00VQ5APGM', 'B0169EAJD8'])
2026-03-07 16:58:30,240 [INFO] ブランド再確認中: Aqua Plus (対象ASIN: ['B00VR1L73A'])
2026-03-07 16:58:32,040 [INFO] ブランド再確認中: ゴルフプライド(Golf Pride) (対象ASIN: ['B00VS0UP2E', 'B00VS0UXQM', 'B00VS0V69A'])
2026-03-07 16:58:37,355 [INFO] ブランド再確認中: ORB (対象ASIN: ['B00VU9Q978', 'B00VUAFZ0Y', 'B00VUAIE66'])
2026-03-07 16:58:42,629 [INFO] ブランド再確認中: 慧光 (EKOU) (対象ASIN: ['B00VXZ0VE6'])
2026-03-07 16:58:44,312 [INFO] ブランド【慧光 (EKOU)】が再判定で出品可能(〇)になりました！
2026-03-07 16:58:44,315 [INFO] ブランド再確認中: Teenage Engineering (対象ASIN: ['B00W40PCES', 'B0722SYBY4', 'B079CDC882'])
2026-03-07 16:58:49,803 [INFO] ブランド再確認中: 4℃(ヨンドシー) (対象ASIN: ['B00W4N4A8E', 'B01BG5X086', 'B01BG5XGOO'])
2026-03-07 16:58:51,512 [INFO] ブランド【4℃(ヨンドシー)】が再判定で出品可能(〇)になりました！
2026-03-07 16:58:51,515 [INFO] ブランド再確認中: Hartke (対象ASIN: ['B00W8V7TL2', 'B01EBMQFHY', 'B0714LH4B7'])
2026-03-07 16:58:56,913 [INFO] ブランド再確認中: プチリュバン (対象ASIN: ['B00W95XJ20', 'B01LW1H9VL', 'B06WLNK42J'])
2026-03-07 16:59:02,368 [INFO] ブランド再確認中: SY (対象ASIN: ['B00W9ZN6AA'])
2026-03-07 16:59:04,160 [INFO] ブランド再確認中: 川島織物セルコン(KAWASHIMA SELKON TEXTILES) (対象ASIN: ['B00WFOHAN4', 'B00WFWWNYW'])
2026-03-07 16:59:05,915 [INFO] ブランド【川島織物セルコン(KAWASHIMA SELKON TEXTILES)】が再判定で出品可能(〇)になりました！
2026-03-07 16:59:05,918 [INFO] ブランド再確認中: Nulodor (対象ASIN: ['B00WJN2JYG'])
2026-03-07 16:59:07,701 [INFO] ブランド【Nulodor】が再判定で出品可能(〇)になりました！
2026-03-07 16:59:07,704 [INFO] ブランド再確認中: Target Darts (対象ASIN: ['B00WJX0IL2', 'B0C2QL5WS5', 'B0DFD14P67'])
2026-03-07 16:59:13,233 [INFO] ブランド再確認中: ニューテック(NUTEC) (対象ASIN: ['B00WS9KHGI', 'B00WS9KPM4', 'B07FNB2X4D'])
2026-03-07 16:59:14,968 [INFO] ブランド【ニューテック(NUTEC)】が再判定で出品可能(〇)になりました！
2026-03-07 16:59:14,971 [INFO] ブランド再確認中: GUILD (対象ASIN: ['B00WSC8U5A', 'B01BWM5SLU', 'B01N39K53Y'])
2026-03-07 16:59:20,433 [INFO] ブランド再確認中: SINGULAR SOUND (対象ASIN: ['B00WSMBYKS', 'B0DVYYZYC5', 'B0DVZ42P4N'])
2026-03-07 16:59:26,029 [INFO] ブランド再確認中: LEADING EDGE (対象ASIN: ['B00WT9YTGG', 'B0DPF5QHNC', 'B0FH54DSV2'])
2026-03-07 16:59:31,624 [INFO] ブランド再確認中: 松山神仏具店 (対象ASIN: ['B00WU8KFCI'])
2026-03-07 16:59:33,430 [INFO] ブランド再確認中: クイックル (対象ASIN: ['B00WYHQN8A'])
2026-03-07 16:59:35,248 [INFO] ブランド再確認中: 花王(Kao) (対象ASIN: ['B00WYHQOZC'])
2026-03-07 16:59:37,034 [INFO] ブランド再確認中: anuenue* (対象ASIN: ['B00WZMD5F8', 'B073D1WNSW', 'B09K41FBH1'])
2026-03-07 16:59:42,501 [INFO] ブランド再確認中: CHARM (対象ASIN: ['B00X556VDC'])
2026-03-07 16:59:44,277 [INFO] ブランド再確認中: 極 (対象ASIN: ['B00X9L1V7S', 'B012A3E97Y'])
2026-03-07 16:59:47,902 [INFO] ブランド再確認中: HYPERCO(ハイパコ) (対象ASIN: ['B00X9S43W6', 'B00X9S4Q82', 'B00X9S5730'])
2026-03-07 16:59:49,573 [INFO] ブランド【HYPERCO(ハイパコ)】が再判定で出品可能(〇)になりました！
2026-03-07 16:59:49,576 [INFO] ブランド再確認中: kwmobile (対象ASIN: ['B00XCJI1QQ', 'B01MY0T3UT', 'B07FQTBHV9'])
2026-03-07 16:59:55,442 [INFO] ブランド再確認中: Pedaltrain (対象ASIN: ['B00XGWHXS6', 'B00XJ30SVG', 'B00XNT1WMK'])
2026-03-07 17:00:00,961 [INFO] ブランド再確認中: VALETON (対象ASIN: ['B00XJ0AMSS', 'B00XS2YTZ4', 'B06XR9TVPG'])
2026-03-07 17:00:06,561 [INFO] ブランド再確認中: Darkglass Electronics (対象ASIN: ['B00XKP2WUI', 'B075WT6HZ9', 'B0775GHCMS'])
2026-03-07 17:00:12,572 [INFO] ブランド再確認中: PIAA(ピア) (対象ASIN: ['B00XNMETGS', 'B079DC5MHC', 'B07C5XMNST'])
2026-03-07 17:00:18,047 [INFO] ブランド再確認中: SANTEPLUS (対象ASIN: ['B00XTFL9Y4'])
2026-03-07 17:00:19,840 [INFO] ブランド再確認中: ソルビダ(SOLVIDA) (対象ASIN: ['B00Y4U00ZC', 'B07QPNKX7V'])
2026-03-07 17:00:21,568 [INFO] ブランド【ソルビダ(SOLVIDA)】が再判定で出品可能(〇)になりました！
2026-03-07 17:00:21,571 [INFO] ブランド再確認中: フィールドフォース (対象ASIN: ['B00YEP3H7U'])
2026-03-07 17:00:23,345 [INFO] ブランド【フィールドフォース】が再判定で出品可能(〇)になりました！
2026-03-07 17:00:23,388 [INFO] ブランド再確認中: 東洋楽器（TOYOGAKKI） (対象ASIN: ['B00YKCOSMK', 'B00YKCOXK2', 'B00YKDVLXS'])
2026-03-07 17:00:25,065 [INFO] ブランド【東洋楽器（TOYOGAKKI）】が再判定で出品可能(〇)になりました！
2026-03-07 17:00:25,067 [INFO] ブランド再確認中: パール金属株式会社 (対象ASIN: ['B00YOMEUXS', 'B0746K6B5V'])
2026-03-07 17:00:28,770 [INFO] ブランド再確認中: スバル(Subaru) (対象ASIN: ['B00YP3ZI5A', 'B00YP3ZI8C', 'B00YP3ZJV8'])
2026-03-07 17:00:34,103 [INFO] ブランド再確認中: Auris (対象ASIN: ['B00YQG626K'])
2026-03-07 17:00:35,957 [INFO] ブランド再確認中: MEAN WELL (対象ASIN: ['B00YT4QNAE', 'B0744BSWW8', 'B07CJTC6LW'])
2026-03-07 17:00:41,245 [INFO] ブランド再確認中: メガバス(Megabass) (対象ASIN: ['B00YUI5PEO', 'B088YFFG43', 'B08YYGKK6N'])
2026-03-07 17:00:46,574 [INFO] ブランド再確認中: Magpul (対象ASIN: ['B00YXZJXG0', 'B06XKPT1GN', 'B0BKH5WSB8'])
2026-03-07 17:00:52,076 [INFO] ブランド再確認中: プラッツ(PLATZ) (対象ASIN: ['B00YZ8BUJ8', 'B09RZY5QMW', 'B0D3PRFS5X'])
2026-03-07 17:00:57,570 [INFO] ブランド再確認中: ニイタカ (対象ASIN: ['B00Z535FFC'])
2026-03-07 17:00:59,275 [INFO] ブランド【ニイタカ】が再判定で出品可能(〇)になりました！
2026-03-07 17:00:59,278 [INFO] ブランド再確認中: 川西工業 (対象ASIN: ['B00Z9Q1UY0'])
2026-03-07 17:01:01,156 [INFO] ブランド再確認中: CalleaDesign (対象ASIN: ['B00ZC1W83Y', 'B00ZC1WAW8', 'B00ZC1WD48'])
2026-03-07 17:01:06,678 [INFO] ブランド再確認中: PetKind (対象ASIN: ['B00ZKZCD5K', 'B00ZKZLAK4', 'B00ZL28UJU'])
2026-03-07 17:01:12,163 [INFO] ブランド再確認中: Thermaltake (対象ASIN: ['B00ZOP77TI', 'B07NRJ8522', 'B07Q2HPXTV'])
2026-03-07 17:01:17,465 [INFO] ブランド再確認中: One Control (対象ASIN: ['B00ZQAP9UU', 'B01LWV4NIO', 'B072MLWQK1'])
2026-03-07 17:01:22,788 [INFO] ブランド再確認中: Allied Telesis (対象ASIN: ['B00ZSRSF66', 'B012BSHGNC', 'B01AOGFW4I'])
2026-03-07 17:01:28,148 [INFO] ブランド再確認中: Akebono (対象ASIN: ['B00ZT3TTRS'])
2026-03-07 17:01:29,832 [INFO] ブランド【Akebono】が再判定で出品可能(〇)になりました！
2026-03-07 17:01:29,835 [INFO] ブランド再確認中: 日本紐釦貿易(Nippon Chuko) (対象ASIN: ['B00ZWT88P8', 'B00ZWT88UI', 'B00ZWT8USS'])
2026-03-07 17:01:35,135 [INFO] ブランド再確認中: オークス(Aux) (対象ASIN: ['B00ZZ0V2FW', 'B0DFW5NCH9'])
2026-03-07 17:01:36,852 [INFO] ブランド【オークス(Aux)】が再判定で出品可能(〇)になりました！
2026-03-07 17:01:36,855 [INFO] ブランド再確認中: ABCCANOPY (対象ASIN: ['B0102CG464', 'B014H23D46', 'B014H23D7S'])
2026-03-07 17:01:42,636 [INFO] ブランド再確認中: EBS (対象ASIN: ['B0105YNB42', 'B01454O7BO', 'B07Z7ZP241'])
2026-03-07 17:01:48,027 [INFO] ブランド再確認中: Audient (対象ASIN: ['B0107YJU8Q', 'B07S52W5N3', 'B08SJD466P'])
2026-03-07 17:01:53,531 [INFO] ブランド再確認中: QNAP(キューナップ) (対象ASIN: ['B0108AYUZ2', 'B01BSEFB4Q', 'B01NBEEJSL'])
2026-03-07 17:01:59,111 [INFO] ブランド再確認中: MORGEN SKY (対象ASIN: ['B010ASALP0', 'B016EUMLY2', 'B018X8OQVY'])
2026-03-07 17:02:04,497 [INFO] ブランド再確認中: クレハ (対象ASIN: ['B010DX5300', 'B0D78WG69C', 'B0D78Y2322'])
2026-03-07 17:02:09,933 [INFO] ブランド再確認中: VENUM (対象ASIN: ['B010HWJRRM', 'B01MDUOA0U', 'B06VW1VN2Y'])
2026-03-07 17:02:15,499 [INFO] ブランド再確認中: Aesop (対象ASIN: ['B010S8995A'])
2026-03-07 17:02:17,288 [INFO] ブランド再確認中: AVA.Home (対象ASIN: ['B0116POA76', 'B0116POUSK', 'B0116PPGZQ'])
2026-03-07 17:02:22,665 [INFO] ブランド再確認中: TOURBON (対象ASIN: ['B011A0E2DO', 'B011A0ED2Y', 'B0BHS2P6GJ'])
2026-03-07 17:02:28,226 [INFO] ブランド再確認中: ペットパラダイス (対象ASIN: ['B011B9DMRG'])
2026-03-07 17:02:30,062 [INFO] ブランド再確認中: RIGOL (対象ASIN: ['B011E8DY40', 'B0CGHQ2STR', 'B0CGHQBMGT'])
2026-03-07 17:02:35,520 [INFO] ブランド再確認中: 椿モデル (対象ASIN: ['B011KPQ20A', 'B011KQ5F7U', 'B011KQ5F8O'])
2026-03-07 17:02:37,220 [INFO] ブランド【椿モデル】が再判定で出品可能(〇)になりました！
2026-03-07 17:02:37,222 [INFO] ブランド再確認中: ArtResin (対象ASIN: ['B011T6V84U'])
2026-03-07 17:02:39,073 [INFO] ブランド再確認中: Crown (対象ASIN: ['B011TI97VE'])
2026-03-07 17:02:40,931 [INFO] ブランド再確認中: ヨツギ (対象ASIN: ['B0121SMKDS', 'B0121SMM6S'])
2026-03-07 17:02:42,624 [INFO] ブランド【ヨツギ】が再判定で出品可能(〇)になりました！
2026-03-07 17:02:42,626 [INFO] ブランド再確認中: Eonon (対象ASIN: ['B0129PU1UW'])
2026-03-07 17:02:44,427 [INFO] ブランド再確認中: コイズミファニテック(koizumi furnitech) (対象ASIN: ['B012AKLLPA', 'B012AKLMU4', 'B01LL46Z6Q'])
2026-03-07 17:02:49,805 [INFO] ブランド再確認中: Wacoal MATERNITY(ワコールマタニティ) (対象ASIN: ['B012CCCWDQ', 'B013I41IEG', 'B018TZSTEQ'])
2026-03-07 17:02:51,562 [INFO] ブランド【Wacoal MATERNITY(ワコールマタニティ)】が再判定で出品可能(〇)になりました！
2026-03-07 17:02:51,565 [INFO] ブランド再確認中: ASAHI Medical Walk(アサヒ メディカルウォーク) (対象ASIN: ['B012RECNEC', 'B012RECV0S', 'B012RED3CI'])
2026-03-07 17:02:57,012 [INFO] ブランド再確認中: メズコ(Mezco Toyz LLC) (対象ASIN: ['B012X9ON26', 'B08Z43FNCP', 'B0BTPRSC9V'])
2026-03-07 17:03:02,658 [INFO] ブランド再確認中: ストア・エキスプレス (対象ASIN: ['B013B8V7EU', 'B013B8VCOA'])
2026-03-07 17:03:04,377 [INFO] ブランド【ストア・エキスプレス】が再判定で出品可能(〇)になりました！
2026-03-07 17:03:04,380 [INFO] ブランド再確認中: 無限 (MUGEN) (対象ASIN: ['B013FN8H5I', 'B01B3EKLK0', 'B01GV42E9I'])
2026-03-07 17:03:10,050 [INFO] ブランド再確認中: RAT stands (対象ASIN: ['B013HOZ11I', 'B06XXHR42W'])
2026-03-07 17:03:13,622 [INFO] ブランド【RAT stands】が再判定で出品可能(〇)になりました！
2026-03-07 17:03:13,624 [INFO] ブランド再確認中: カシムラ(Kashimura) (対象ASIN: ['B013IICBI4', 'B013IICGQ6', 'B013IIDNBI'])
2026-03-07 17:03:18,985 [INFO] ブランド再確認中: VillageBox (対象ASIN: ['B013QPTAGK', 'B013QQVAGC', 'B013UVLIM4'])
2026-03-07 17:03:20,714 [INFO] ブランド【VillageBox】が再判定で出品可能(〇)になりました！
2026-03-07 17:03:20,717 [INFO] ブランド再確認中: MXBAOHENG (対象ASIN: ['B013WKBXDC'])
2026-03-07 17:03:22,421 [INFO] ブランド【MXBAOHENG】が再判定で出品可能(〇)になりました！
2026-03-07 17:03:22,424 [INFO] ブランド再確認中: RAIJINTEK (対象ASIN: ['B013XQC98S', 'B013XQLQ5U', 'B01MQS5IWM'])
2026-03-07 17:03:27,928 [INFO] ブランド再確認中: GOTOH Pickups (対象ASIN: ['B01414KC3A', 'B01414KKVY', 'B01414KUGO'])
2026-03-07 17:03:29,628 [INFO] ブランド【GOTOH Pickups】が再判定で出品可能(〇)になりました！
2026-03-07 17:03:29,631 [INFO] ブランド再確認中: システムK (対象ASIN: ['B0141S7SQU', 'B01MZ8BH9X', 'B0DPFJC42B'])
2026-03-07 17:03:35,126 [INFO] ブランド再確認中: LEATHERMAN(レザーマン) (対象ASIN: ['B014290JD2', 'B07NDJPL2G', 'B0FT7GKZ88'])
2026-03-07 17:03:40,605 [INFO] ブランド再確認中: トヨトミ(TOYOTOMI) (対象ASIN: ['B014684FZM', 'B07X5T35Q3', 'B09DXWXRHH'])
2026-03-07 17:03:46,007 [INFO] ブランド再確認中: 河合楽器製作所 (対象ASIN: ['B014A76VDS', 'B014AC4Q9Y', 'B014ACI6NQ'])
2026-03-07 17:03:51,342 [INFO] ブランド再確認中: ユニパック (対象ASIN: ['B014CVUADY', 'B014U8813K', 'B016BHZZ5K'])
2026-03-07 17:03:53,095 [INFO] ブランド【ユニパック】が再判定で出品可能(〇)になりました！
2026-03-07 17:03:53,133 [INFO] ブランド再確認中: un doudou (対象ASIN: ['B014EY1EIO', 'B018X3LNDS'])
2026-03-07 17:03:56,809 [INFO] ブランド再確認中: GÖTZ (対象ASIN: ['B014EYC122'])
2026-03-07 17:03:58,605 [INFO] ブランド再確認中: タイルショップたまがわ (対象ASIN: ['B014EYCIGQ'])
2026-03-07 17:04:00,360 [INFO] ブランド【タイルショップたまがわ】が再判定で出品可能(〇)になりました！
2026-03-07 17:04:00,363 [INFO] ブランド再確認中: CUESOUL (対象ASIN: ['B014F40O7A', 'B01KJJEQVU', 'B01KJJER96'])
2026-03-07 17:04:05,987 [INFO] ブランド再確認中: プロジェクトミュー(Projectμ) (対象ASIN: ['B014H9X9BG', 'B016AG6JNY'])
2026-03-07 17:04:07,762 [INFO] ブランド【プロジェクトミュー(Projectμ)】が再判定で出品可能(〇)になりました！
2026-03-07 17:04:07,766 [INFO] ブランド再確認中: サンライン(SUNLINE) (対象ASIN: ['B014HVTDKK', 'B014HVTU7Q', 'B014HVU9CG'])
2026-03-07 17:04:13,165 [INFO] ブランド再確認中: PEPPY(ペピイ) (対象ASIN: ['B014J1GCXY', 'B014J1GF0Y'])
2026-03-07 17:04:16,739 [INFO] ブランド再確認中: Tommy Hilfiger (対象ASIN: ['B014JZWNZ6', 'B01N5URBPO', 'B01N7XKRUE'])
2026-03-07 17:04:21,991 [INFO] ブランド再確認中: Micro (対象ASIN: ['B014LHCIVG', 'B06ZYB9PP8', 'B0876RKVG4'])
2026-03-07 17:04:27,654 [INFO] ブランド再確認中: Sala (対象ASIN: ['B014PJOEKS', 'B08FVN34H6'])
2026-03-07 17:04:31,170 [INFO] ブランド再確認中: エルパ(ELPA) (対象ASIN: ['B014SI3R9A', 'B014U9TPFC'])
2026-03-07 17:04:34,746 [INFO] ブランド再確認中: BLACK GALLERY (対象ASIN: ['B014SLWIJW', 'B014SLWL3K', 'B014SLWNDS'])
2026-03-07 17:04:40,141 [INFO] ブランド再確認中: Fellow (対象ASIN: ['B014UN8LDU'])
2026-03-07 17:04:41,971 [INFO] ブランド再確認中: メカニクスウェア(Mechanix Wear) (対象ASIN: ['B014URVS9U', 'B01EOW9ZZ0', 'B01EOWA0AE'])
2026-03-07 17:04:47,579 [INFO] ブランド再確認中: YO-ZURI(ヨーヅリ) (対象ASIN: ['B014UX73DO', 'B014UX73IE', 'B0FD6SSV9X'])
2026-03-07 17:04:53,119 [INFO] ブランド再確認中: Swift(スウィフト) (対象ASIN: ['B014W60PO8', 'B014W60VTW', 'B014W61BZ0'])
2026-03-07 17:04:54,817 [INFO] ブランド【Swift(スウィフト)】が再判定で出品可能(〇)になりました！
2026-03-07 17:04:54,819 [INFO] ブランド再確認中: タカギ(Takagi) (対象ASIN: ['B015345CR8', 'B09XWHT6XB'])
2026-03-07 17:04:58,558 [INFO] ブランド再確認中: ミニモト (対象ASIN: ['B0154NA4JE'])
2026-03-07 17:05:00,252 [INFO] ブランド【ミニモト】が再判定で出品可能(〇)になりました！
2026-03-07 17:05:00,253 [INFO] ブランド再確認中: toysfan (対象ASIN: ['B01563XHM8'])
2026-03-07 17:05:01,995 [INFO] ブランド【toysfan】が再判定で出品可能(〇)になりました！
2026-03-07 17:05:01,998 [INFO] ブランド再確認中: J-Bands (対象ASIN: ['B0159IF14M', 'B01FUOVKJU', 'B01HRYZESO'])
2026-03-07 17:05:07,455 [INFO] ブランド再確認中: FLP (対象ASIN: ['B015A66SMW'])
2026-03-07 17:05:09,163 [INFO] ブランド【FLP】が再判定で出品可能(〇)になりました！
2026-03-07 17:05:09,165 [INFO] ブランド再確認中: イーストマン (対象ASIN: ['B015BBN06S', 'B07PX2WFN3'])
2026-03-07 17:05:10,866 [INFO] ブランド【イーストマン】が再判定で出品可能(〇)になりました！
2026-03-07 17:05:10,868 [INFO] ブランド再確認中: MOIERG(モアエルグ) (対象ASIN: ['B015GKF5US', 'B015GKF5X0', 'B01I4THF7O'])
2026-03-07 17:05:16,324 [INFO] ブランド再確認中: PARKER (対象ASIN: ['B015N3PVBQ', 'B015N3PZSU', 'B015N3PZY4'])
2026-03-07 17:05:21,847 [INFO] ブランド再確認中: クサカベ(Kusakabe) (対象ASIN: ['B015QNLCAW', 'B0C8SHZRBX'])
2026-03-07 17:05:25,427 [INFO] ブランド再確認中: KYOETSU (対象ASIN: ['B015S5OC1O', 'B015S5OCDM', 'B016KEXUEW'])
2026-03-07 17:05:30,865 [INFO] ブランド再確認中: CableCreation (対象ASIN: ['B015SQDV6K', 'B01JY2D5FG', 'B0757H6NRT'])
2026-03-07 17:05:36,544 [INFO] ブランド再確認中: ａｍａｎｅ＼天音／あまね (対象ASIN: ['B015XNNJAQ'])
2026-03-07 17:05:38,271 [INFO] ブランド【ａｍａｎｅ＼天音／あまね】が再判定で出品可能(〇)になりました！
2026-03-07 17:05:38,274 [INFO] ブランド再確認中: コンチネンタル(Continental) (対象ASIN: ['B01666R79I', 'B01N5M9X46', 'B0719PJKLC'])
2026-03-07 17:05:43,589 [INFO] ブランド再確認中: Diaper Genie (対象ASIN: ['B0169U11QQ', 'B0713M914Q', 'B071DJWNK6'])
2026-03-07 17:05:49,072 [INFO] ブランド再確認中: Neo Instruments (対象ASIN: ['B016BDOQ2M'])
2026-03-07 17:05:50,873 [INFO] ブランド再確認中: カルテル(Kartell) (対象ASIN: ['B016MC7M7I', 'B071LH272W', 'B072MHF18J'])
2026-03-07 17:05:56,686 [INFO] ブランド再確認中: Netatmo (対象ASIN: ['B016OHME1A'])
2026-03-07 17:05:58,878 [INFO] ブランド再確認中: クランクブラザーズ(CRANK BROTHERS) (対象ASIN: ['B016OQXVHW', 'B016OQXWZI', 'B073WXY2G5'])
2026-03-07 17:06:04,636 [INFO] ブランド再確認中: §Ｈ∞Ｈａｙａｓｈｉｇｕｃｈｉ (対象ASIN: ['B016W86GBU', 'B016W86QMY'])
2026-03-07 17:06:06,363 [INFO] ブランド【§Ｈ∞Ｈａｙａｓｈｉｇｕｃｈｉ】が再判定で出品可能(〇)になりました！
2026-03-07 17:06:06,366 [INFO] ブランド再確認中: BigRock Innovations (対象ASIN: ['B016Y9KM8A'])
2026-03-07 17:06:08,341 [INFO] ブランド再確認中: MAMMUT(マムート) (対象ASIN: ['B01716QJXM', 'B01N59RQ29', 'B078YJT4N4'])
2026-03-07 17:06:14,428 [INFO] ブランド再確認中: SIGLENT (対象ASIN: ['B017266CKQ', 'B0181ZAALO', 'B0181ZJBLO'])
2026-03-07 17:06:19,960 [INFO] ブランド再確認中: 東京堂(Tokyodo) (対象ASIN: ['B0174KLIJ0', 'B01EEZHJZU'])
2026-03-07 17:06:23,557 [INFO] ブランド再確認中: 76Lubricants(ナナロクルブリカンツ) (対象ASIN: ['B0177ALTGO'])
2026-03-07 17:06:25,286 [INFO] ブランド【76Lubricants(ナナロクルブリカンツ)】が再判定で出品可能(〇)になりました！
2026-03-07 17:06:25,290 [INFO] ブランド再確認中: Grandma Lucy's (グランマ・ルーシーズ) (対象ASIN: ['B0177LA1DK', 'B0722SKSHT'])
2026-03-07 17:06:29,091 [INFO] ブランド再確認中: 東亜重工 (対象ASIN: ['B0177RDZE6', 'B06WVLM6DQ'])
2026-03-07 17:06:30,817 [INFO] ブランド【東亜重工】が再判定で出品可能(〇)になりました！
2026-03-07 17:06:30,820 [INFO] ブランド再確認中: NITTO(日東) (対象ASIN: ['B0178TCOY0', 'B07411NW8G'])
2026-03-07 17:06:34,324 [INFO] ブランド再確認中: GID (対象ASIN: ['B017NRHY10', 'B017OYSXF8', 'B017OYSXIA'])
2026-03-07 17:06:39,681 [INFO] ブランド再確認中: SALOMON(サロモン) (対象ASIN: ['B017SQX8PM', 'B017SR01JC', 'B017SR0IXG'])
2026-03-07 17:06:45,305 [INFO] ブランド再確認中: Dr. Brown's (対象ASIN: ['B017UIRCHI', 'B01J4J3WTI', 'B01L4H59RG'])
2026-03-07 17:06:51,166 [INFO] ブランド再確認中: Beaumont (対象ASIN: ['B017VPAD2Q', 'B017VPADHQ', 'B075B1XV2Z'])
2026-03-07 17:06:57,054 [INFO] ブランド再確認中: 三菱マテリアル (対象ASIN: ['B017XGECK2', 'B017XGEYG4', 'B017XGGNXQ'])
2026-03-07 17:06:58,789 [INFO] ブランド【三菱マテリアル】が再判定で出品可能(〇)になりました！
2026-03-07 17:06:58,791 [INFO] ブランド再確認中: BAL (対象ASIN: ['B0181VAY6O', 'B0181VAY8W', 'B0181VAYO6'])
2026-03-07 17:07:04,206 [INFO] ブランド再確認中: SORITEAL Black Label (対象ASIN: ['B0183D4X30'])
2026-03-07 17:07:05,901 [INFO] ブランド【SORITEAL Black Label】が再判定で出品可能(〇)になりました！
2026-03-07 17:07:05,906 [INFO] ブランド再確認中: テザーツールズ(Tether Tools) (対象ASIN: ['B0184N2NV8', 'B0184N5FYK', 'B0CX5D4TTM'])
2026-03-07 17:07:11,609 [INFO] ブランド再確認中: グッドライフウッド(Good Life Wood) (対象ASIN: ['B0185JFGEM', 'B09VGH4XQL'])
2026-03-07 17:07:15,251 [INFO] ブランド再確認中: バレコ (対象ASIN: ['B0189AB95M', 'B0189ABBUA', 'B0189ABE4S'])
2026-03-07 17:07:16,919 [INFO] ブランド【バレコ】が再判定で出品可能(〇)になりました！
2026-03-07 17:07:16,922 [INFO] ブランド再確認中: ロックジャム(Rockjam) (対象ASIN: ['B018AVHOJ0', 'B07FDL3NGT'])
2026-03-07 17:07:20,889 [INFO] ブランド再確認中: Umbrella Company (対象ASIN: ['B018E8ZXNI', 'B019W56Y9E'])
2026-03-07 17:07:22,619 [INFO] ブランド【Umbrella Company】が再判定で出品可能(〇)になりました！
2026-03-07 17:07:22,622 [INFO] ブランド再確認中: Alesis (対象ASIN: ['B018G63PSS', 'B01DZXE9NC', 'B072FKLXRB'])
2026-03-07 17:07:28,629 [INFO] ブランド再確認中: HAIGE (対象ASIN: ['B018K3ZZF8', 'B01LXRSXTD', 'B01MTDFKSI'])
2026-03-07 17:07:34,172 [INFO] ブランド再確認中: WALI (対象ASIN: ['B018MU3SAS'])
2026-03-07 17:07:36,044 [INFO] ブランド再確認中: Royal Copenhagen (対象ASIN: ['B018Q17MIW', 'B018Q17NEU', 'B018Q17OJY'])
2026-03-07 17:07:41,465 [INFO] ブランド再確認中: 渡辺製作所 (対象ASIN: ['B018SF9Q2G', 'B018SF9UAO', 'B018SFA7FQ'])
2026-03-07 17:07:45,038 [INFO] ブランド【渡辺製作所】が再判定で出品可能(〇)になりました！
2026-03-07 17:07:45,041 [INFO] ブランド再確認中: Jeremywell (対象ASIN: ['B018T22Y9U'])
2026-03-07 17:07:46,882 [INFO] ブランド再確認中: Cardo (対象ASIN: ['B018XC14BK', 'B07RJTTXBG', 'B09MQ6NBZH'])
2026-03-07 17:07:52,846 [INFO] ブランド再確認中: KAKEYA-JEANS(カケヤ ジーンズ) (対象ASIN: ['B018Z2ZUHM'])
2026-03-07 17:07:54,643 [INFO] ブランド再確認中: MOECK (対象ASIN: ['B0191HDJ0A', 'B0191HDJ3M', 'B0191HDJMS'])
2026-03-07 17:07:59,983 [INFO] ブランド再確認中: Electriduct (対象ASIN: ['B01924SJ8Y', 'B0DK2H6VVK'])
2026-03-07 17:08:03,513 [INFO] ブランド再確認中: LTWFITTING (対象ASIN: ['B0195TQSHA', 'B0195TQTHY', 'B019PRHC04'])
2026-03-07 17:08:08,959 [INFO] ブランド再確認中: Access (対象ASIN: ['B01965R64M', 'B01965R688', 'B086BKK55S'])
2026-03-07 17:08:14,394 [INFO] ブランド再確認中: NICHIYO(ニチヨー) (対象ASIN: ['B0197OY71M', 'B07QVXRK3N'])
2026-03-07 17:08:16,341 [INFO] ブランド【NICHIYO(ニチヨー)】が再判定で出品可能(〇)になりました！
2026-03-07 17:08:16,344 [INFO] ブランド再確認中: ジャクソン(Jackson) (対象ASIN: ['B019IJGJVW', 'B019IJGJXA', 'B019IJGJY4'])
2026-03-07 17:08:21,856 [INFO] ブランド再確認中: スカイソニック(SKYSONIC) (対象ASIN: ['B019JXF2PG', 'B076S4QDYF', 'B076S7P4Y3'])
2026-03-07 17:08:23,598 [INFO] ブランド【スカイソニック(SKYSONIC)】が再判定で出品可能(〇)になりました！
2026-03-07 17:08:23,604 [INFO] ブランド再確認中: Sofa Sack (対象ASIN: ['B019OGSQPG', 'B08S8W396L', 'B08S8W487P'])
2026-03-07 17:08:29,150 [INFO] ブランド再確認中: あミューズ (対象ASIN: ['B019OVFH1M', 'B01GRVNK20', 'B01GRVNK34'])
2026-03-07 17:08:34,623 [INFO] ブランド再確認中: KETTLEBELLKON (対象ASIN: ['B019XP9U4E', 'B08GHD8BJ6', 'B08GHHMLVJ'])
2026-03-07 17:08:40,141 [INFO] ブランド再確認中: Clairevoire (対象ASIN: ['B01A48OIIM', 'B01A48OQM0', 'B01A48SMKW'])
2026-03-07 17:08:45,698 [INFO] ブランド再確認中: kashwere(カシウエア) (対象ASIN: ['B01A8GSMA0'])
2026-03-07 17:08:47,496 [INFO] ブランド再確認中: Evenflo (対象ASIN: ['B01A8JC6DQ', 'B079DDK47V'])
2026-03-07 17:08:51,054 [INFO] ブランド再確認中: GUND (対象ASIN: ['B01AC7SF7K'])
2026-03-07 17:08:53,106 [INFO] ブランド再確認中: BABYZEN(ベビーゼン) (対象ASIN: ['B01AT1107Q', 'B075FTM26Z', 'B075FTS9NN'])
2026-03-07 17:08:59,195 [INFO] ブランド再確認中: Aston Microphones (対象ASIN: ['B01AXUDJ68', 'B079GXTKN3', 'B079GYFT61'])
2026-03-07 17:09:04,808 [INFO] ブランド再確認中: ファウンテンカンパニー (対象ASIN: ['B01AZ5PSN8'])
2026-03-07 17:09:06,647 [INFO] ブランド再確認中: Beco (対象ASIN: ['B01B1YPCDS'])
2026-03-07 17:09:08,669 [INFO] ブランド再確認中: GOODGOODS (対象ASIN: ['B01B7CJGIQ', 'B07FKPPT5Q'])
2026-03-07 17:09:12,286 [INFO] ブランド再確認中: Kicker (対象ASIN: ['B01BDCBMRS', 'B07NS9FVKB', 'B0CRLFV2G2'])
2026-03-07 17:09:17,633 [INFO] ブランド再確認中: ホーエイ (対象ASIN: ['B01BGAHUQ4'])
2026-03-07 17:09:19,406 [INFO] ブランド【ホーエイ】が再判定で出品可能(〇)になりました！
2026-03-07 17:09:19,408 [INFO] ブランド再確認中: Tulip (対象ASIN: ['B01BJSB9O2'])
2026-03-07 17:09:21,259 [INFO] ブランド再確認中: Pehr Designs (対象ASIN: ['B01BKGPJ2G', 'B07BFMLH5Y', 'B07BFN13RQ'])
2026-03-07 17:09:26,766 [INFO] ブランド再確認中: RIDEZ(ライズ) (対象ASIN: ['B01BM51PBE', 'B01BM6QTB4', 'B01CZNGTRC'])
2026-03-07 17:09:28,448 [INFO] ブランド【RIDEZ(ライズ)】が再判定で出品可能(〇)になりました！
2026-03-07 17:09:28,452 [INFO] ブランド再確認中: K-SWISS(ケースイス) (対象ASIN: ['B01BMCH6DI', 'B07HD1CVGG', 'B07HD1KY9K'])
2026-03-07 17:09:33,681 [INFO] ブランド再確認中: アツデン (対象ASIN: ['B01BS0M8PA'])
2026-03-07 17:09:35,348 [INFO] ブランド【アツデン】が再判定で出品可能(〇)になりました！
2026-03-07 17:09:35,350 [INFO] ブランド再確認中: LEUCHTTURM1917(ロイヒトトゥルム1917) (対象ASIN: ['B01BSTV1FO', 'B076KTVD56', 'B0DJBJ62ZL'])
2026-03-07 17:09:40,903 [INFO] ブランド再確認中: ヤマソロ (対象ASIN: ['B01BTMQRB8', 'B075WR2MPX', 'B08VHVL5H9'])
2026-03-07 17:09:46,710 [INFO] ブランド再確認中: ORIENT(オリエント) (対象ASIN: ['B01BV43QHC', 'B01M0M7LTC', 'B075KHQXVS'])
2026-03-07 17:09:52,392 [INFO] ブランド再確認中: 景品野郎 (対象ASIN: ['B01BWHX1PU', 'B01COZSNTS', 'B01GRQBHRK'])
2026-03-07 17:09:57,802 [INFO] ブランド再確認中: Cashmee (対象ASIN: ['B01BXZ2666'])
2026-03-07 17:09:59,497 [INFO] ブランド【Cashmee】が再判定で出品可能(〇)になりました！
2026-03-07 17:09:59,500 [INFO] ブランド再確認中: ニチワ(Nichiwa) (対象ASIN: ['B01C088DEE'])
2026-03-07 17:10:01,226 [INFO] ブランド【ニチワ(Nichiwa)】が再判定で出品可能(〇)になりました！
2026-03-07 17:10:01,229 [INFO] ブランド再確認中: 尾上製作所(ONOE) (対象ASIN: ['B01C1SLRAU', 'B079LBKKX3', 'B079LBWTYF'])
2026-03-07 17:10:06,654 [INFO] ブランド再確認中: Silverstein Works (対象ASIN: ['B01C2DX9UA', 'B09V3GV27N', 'B09V3HRK7H'])
2026-03-07 17:10:12,069 [INFO] ブランド再確認中: Manhattan Toy (対象ASIN: ['B01C3I5CLI'])
2026-03-07 17:10:13,930 [INFO] ブランド再確認中: アテックス(Atex) (対象ASIN: ['B01C3LFV4S'])
2026-03-07 17:10:15,732 [INFO] ブランド再確認中: ペディグリー (対象ASIN: ['B01C6R0O14', 'B01C6R0OEG'])
2026-03-07 17:10:19,194 [INFO] ブランド再確認中: ACANA (対象ASIN: ['B01C6UHTAU', 'B01C6UM8JC', 'B01N35NHT8'])
2026-03-07 17:10:24,588 [INFO] ブランド再確認中: オーバーラップ (対象ASIN: ['B01C6YTSU0', 'B07G9WWX2M', 'B07TFDMM48'])
2026-03-07 17:10:29,916 [INFO] ブランド再確認中: アスミックス(Asmix) (対象ASIN: ['B01C8648OW', 'B07GVJL2VP', 'B07ZJM9ZZ3'])
2026-03-07 17:10:35,325 [INFO] ブランド再確認中: Gift from New York(ギフト フロム ニューヨーク) (対象ASIN: ['B01C9KCR3Q'])
2026-03-07 17:10:37,173 [INFO] ブランド再確認中: ジェットボイル(JETBOIL) (対象ASIN: ['B01C9QQPSS', 'B085GN1CZH', 'B085GN9V6G'])
2026-03-07 17:10:42,653 [INFO] ブランド再確認中: ToughBuilt (対象ASIN: ['B01CBGVMBQ', 'B01ERGZJHG', 'B08YKF7HRV'])
2026-03-07 17:10:48,027 [INFO] ブランド再確認中: Dayton Audio (対象ASIN: ['B01CDDPJTI', 'B08LZW3RQL', 'B0CJCH9W92'])
2026-03-07 17:10:53,587 [INFO] ブランド再確認中: Pone (対象ASIN: ['B01CDZGIZ0'])
2026-03-07 17:10:55,332 [INFO] ブランド【Pone】が再判定で出品可能(〇)になりました！
2026-03-07 17:10:55,334 [INFO] ブランド再確認中: Arduino (アルドゥイーノ) (対象ASIN: ['B01CE429ZS', 'B07YQ56B6Q', 'B09CMD8YP8'])
2026-03-07 17:11:00,718 [INFO] ブランド再確認中: Aqualung (対象ASIN: ['B01CH4GKEQ', 'B0BW2M1HQL'])
2026-03-07 17:11:04,205 [INFO] ブランド再確認中: しあわせをよぶふくろうの城 (対象ASIN: ['B01CHREPQS'])
2026-03-07 17:11:05,964 [INFO] ブランド【しあわせをよぶふくろうの城】が再判定で出品可能(〇)になりました！
2026-03-07 17:11:05,966 [INFO] ブランド再確認中: Grimm's (対象ASIN: ['B01CJO7ICW'])
2026-03-07 17:11:07,928 [INFO] ブランド再確認中: UPol (対象ASIN: ['B01CKE7B1E', 'B01N6ILAAJ'])
2026-03-07 17:11:11,584 [INFO] ブランド再確認中: Benidub (対象ASIN: ['B01CKU15BA'])
2026-03-07 17:11:13,282 [INFO] ブランド【Benidub】が再判定で出品可能(〇)になりました！
2026-03-07 17:11:13,285 [INFO] ブランド再確認中: POOPEE (対象ASIN: ['B01CNM5AQG', 'B01CTYS2HC', 'B01D8JDQ5U'])
2026-03-07 17:11:18,623 [INFO] ブランド再確認中: ENDURISTAN(エンデュリスタン) (対象ASIN: ['B01COSMIUA', 'B01COSMLGG', 'B01COSMM4C'])
2026-03-07 17:11:24,009 [INFO] ブランド再確認中: BALANS LAB (対象ASIN: ['B01COTUWGQ', 'B09HWXPSWM'])
2026-03-07 17:11:27,554 [INFO] ブランド再確認中: ファルケン(Falken) (対象ASIN: ['B01CSEU6F4'])
2026-03-07 17:11:29,399 [INFO] ブランド再確認中: Atlantic (対象ASIN: ['B01CTFZI32'])
2026-03-07 17:11:31,200 [INFO] ブランド再確認中: TAKUMIモーターオイル(AKTJAPAN) (対象ASIN: ['B01CTV8K5Y', 'B01CTV8RGQ', 'B01D40JCZ6'])
2026-03-07 17:11:36,646 [INFO] ブランド再確認中: Yamazaki(山崎実業) (対象ASIN: ['B01CXVZ08U', 'B01CXVZ2EW', 'B01FAUJ4ME'])
2026-03-07 17:11:42,196 [INFO] ブランド再確認中: アイリスプラザ(IRIS PLAZA) (対象ASIN: ['B01CXXVT7Y', 'B01CXXVX9I', 'B01CXXWK1I'])
2026-03-07 17:11:47,675 [INFO] ブランド再確認中: アポロシャ(APOLLO-SHA) (対象ASIN: ['B01CY5YU18'])
2026-03-07 17:11:49,470 [INFO] ブランド再確認中: NTT (対象ASIN: ['B01D0O90N0'])
2026-03-07 17:11:51,258 [INFO] ブランド再確認中: HOPPL(ホップル) (対象ASIN: ['B01D12RZQA', 'B01D12RZRY', 'B08H8GZVCV'])
2026-03-07 17:11:52,980 [INFO] ブランド【HOPPL(ホップル)】が再判定で出品可能(〇)になりました！
2026-03-07 17:11:52,982 [INFO] ブランド再確認中: SHINKIGOSEI (対象ASIN: ['B01D43NT66', 'B01D43NTF2'])
2026-03-07 17:11:56,556 [INFO] ブランド再確認中: HANDLE KING(ハンドルキング) (対象ASIN: ['B01D4ERYSY', 'B01J7LB71I', 'B01J7LBE16'])
2026-03-07 17:11:58,251 [INFO] ブランド【HANDLE KING(ハンドルキング)】が再判定で出品可能(〇)になりました！
2026-03-07 17:11:58,254 [INFO] ブランド再確認中: 西川リビング (対象ASIN: ['B01D5YDLQ2', 'B01KLMIB2K', 'B01KLMPE8E'])
2026-03-07 17:12:03,701 [INFO] ブランド再確認中: ACE(エース) (対象ASIN: ['B01DB6FC48', 'B07CM71J1B', 'B07NSBCNPG'])
2026-03-07 17:12:09,211 [INFO] ブランド再確認中: ドラム缶 (対象ASIN: ['B01DDGBR7W'])
2026-03-07 17:12:10,901 [INFO] ブランド【ドラム缶】が再判定で出品可能(〇)になりました！
2026-03-07 17:12:10,904 [INFO] ブランド再確認中: UIN (対象ASIN: ['B01DK38AZA', 'B01DK38C9E', 'B01DK38DQQ'])
2026-03-07 17:12:16,442 [INFO] ブランド再確認中: KNA (対象ASIN: ['B01DK7SZOW', 'B01GCUXIMI', 'B07CTMFPCR'])
2026-03-07 17:12:21,966 [INFO] ブランド再確認中: InstallerParts (対象ASIN: ['B01DQ6QD82', 'B09NCMK57Y', 'B09NCMVPY5'])
2026-03-07 17:12:27,313 [INFO] ブランド再確認中: GoldTone (対象ASIN: ['B01DQMTBMG'])
2026-03-07 17:12:29,179 [INFO] ブランド再確認中: トミカ (対象ASIN: ['B01DSF512A'])
2026-03-07 17:12:30,887 [INFO] ブランド【トミカ】が再判定で出品可能(〇)になりました！
2026-03-07 17:12:30,890 [INFO] ブランド再確認中: HHKB (対象ASIN: ['B01DVRXF0A', 'B082TT132L', 'B082TXQD1S'])
2026-03-07 17:12:36,368 [INFO] ブランド再確認中: Makeblock (対象ASIN: ['B01DY3OTHO'])
2026-03-07 17:12:38,525 [INFO] ブランド再確認中: アンドロジャパン(andro) (対象ASIN: ['B01DYH3S7C', 'B0DZBLZKNZ', 'B0DZBQ7LW5'])
2026-03-07 17:12:40,271 [INFO] ブランド【アンドロジャパン(andro)】が再判定で出品可能(〇)になりました！
2026-03-07 17:12:40,274 [INFO] ブランド再確認中: キューサイ (対象ASIN: ['B01E0OUP6K'])
2026-03-07 17:12:41,982 [INFO] ブランド【キューサイ】が再判定で出品可能(〇)になりました！
2026-03-07 17:12:41,985 [INFO] ブランド再確認中: Make Noise (対象ASIN: ['B01E2605YI'])
2026-03-07 17:12:43,709 [INFO] ブランド【Make Noise】が再判定で出品可能(〇)になりました！
2026-03-07 17:12:43,711 [INFO] ブランド再確認中: Magewell (対象ASIN: ['B01E2N9TK2', 'B0754C5XLW', 'B0BXRKJ8HY'])
2026-03-07 17:12:49,262 [INFO] ブランド再確認中: Sangean (対象ASIN: ['B01E5OH1LM'])
2026-03-07 17:12:52,906 [INFO] ブランド【Sangean】が再判定で出品可能(〇)になりました！
2026-03-07 17:12:52,909 [INFO] ブランド再確認中: G&G (対象ASIN: ['B01E6QAL5C'])
2026-03-07 17:12:54,589 [INFO] ブランド【G&G】が再判定で出品可能(〇)になりました！
2026-03-07 17:12:54,592 [INFO] ブランド再確認中: LOOKIT (対象ASIN: ['B01EJC3RH2', 'B01EJC3RJU', 'B01KSW7I54'])
2026-03-07 17:13:00,061 [INFO] ブランド再確認中: AW (対象ASIN: ['B01ELB39CY'])
2026-03-07 17:13:01,855 [INFO] ブランド再確認中: BRUNO (対象ASIN: ['B01ESKXECS', 'B06Y3MM859', 'B07C8C6H2B'])
2026-03-07 17:13:07,763 [INFO] ブランド再確認中: アペラ インスツルメンツ(Apera Instruments) (対象ASIN: ['B01ESYG6KQ', 'B01N5G9TWU', 'B01N6HP9NT'])
2026-03-07 17:13:13,346 [INFO] ブランド再確認中: MFL. (対象ASIN: ['B01EWNHL3Y', 'B0CBS59NKM', 'B0FRGKWVZ9'])
2026-03-07 17:13:18,935 [INFO] ブランド再確認中: バーンマシン (対象ASIN: ['B01EWRMMUW'])
2026-03-07 17:13:20,786 [INFO] ブランド再確認中: addi (対象ASIN: ['B01EXNFTT6'])
2026-03-07 17:13:22,667 [INFO] ブランド再確認中: Cocalero (対象ASIN: ['B01F1JFGUS'])
2026-03-07 17:13:24,376 [INFO] ブランド【Cocalero】が再判定で出品可能(〇)になりました！
2026-03-07 17:13:24,380 [INFO] ブランド再確認中: ネピア (対象ASIN: ['B01F389PWM'])
2026-03-07 17:13:26,150 [INFO] ブランド再確認中: Istanbul Agop (対象ASIN: ['B01F5431YM', 'B01F543M6E', 'B01F544M0O'])
2026-03-07 17:13:31,528 [INFO] ブランド再確認中: STREAM TRAIL(ストリームトレイル) (対象ASIN: ['B01FCW6SVK', 'B01FCW6SYC', 'B01FCW6T50'])
2026-03-07 17:13:37,062 [INFO] ブランド再確認中: NISSAN(ニッサン) (対象ASIN: ['B01FTWC5O2', 'B01FTWC9S4', 'B01FVP29Q6'])
2026-03-07 17:13:42,340 [INFO] ブランド再確認中: East top (対象ASIN: ['B01FZ1YCZ2', 'B0BPC5TNW6'])
2026-03-07 17:13:45,986 [INFO] ブランド再確認中: Ena Violin (対象ASIN: ['B01G2Q3BO2', 'B01G2Q3BOW', 'B01G2Q3BRO'])
2026-03-07 17:13:47,703 [INFO] ブランド【Ena Violin】が再判定で出品可能(〇)になりました！
2026-03-07 17:13:47,706 [INFO] ブランド再確認中: G4Free (対象ASIN: ['B01G305OII', 'B06VV1TY1X', 'B072MGSJTZ'])
2026-03-07 17:13:53,687 [INFO] ブランド再確認中: AKRacing (対象ASIN: ['B01G8E3J3G', 'B01G8E6NZW', 'B075R8696C'])
2026-03-07 17:13:59,193 [INFO] ブランド再確認中: えらんで (対象ASIN: ['B01GE79IUU', 'B01GE79IZU', 'B01GE79JTK'])
2026-03-07 17:14:00,926 [INFO] ブランド【えらんで】が再判定で出品可能(〇)になりました！
2026-03-07 17:14:00,929 [INFO] ブランド再確認中: Nighthawk Interactive (対象ASIN: ['B01GGQBVCC', 'B07CLBJZR9', 'B07CW48RYQ'])
2026-03-07 17:14:06,863 [INFO] ブランド再確認中: Ikea (対象ASIN: ['B01GHLPOS8'])
2026-03-07 17:14:08,617 [INFO] ブランド再確認中: KGUBrass (対象ASIN: ['B01GJOWF2G', 'B0765YD3LC', 'B07X49F36S'])
2026-03-07 17:14:14,031 [INFO] ブランド再確認中: WARRIOR - A.S. (対象ASIN: ['B01GOEBD5G'])
2026-03-07 17:14:15,823 [INFO] ブランド再確認中: くらしきぬ (対象ASIN: ['B01GRIZNVY'])
2026-03-07 17:14:17,522 [INFO] ブランド【くらしきぬ】が再判定で出品可能(〇)になりました！
2026-03-07 17:14:17,524 [INFO] ブランド再確認中: エスエムシー(SMC) (対象ASIN: ['B01GRL1WZC', 'B01GRL1X42'])
2026-03-07 17:14:19,205 [INFO] ブランド【エスエムシー(SMC)】が再判定で出品可能(〇)になりました！
2026-03-07 17:14:19,207 [INFO] ブランド再確認中: Bright Starts (対象ASIN: ['B01GRXYI6K', 'B09RGDLCX4', 'B09S6SW5QL'])
2026-03-07 17:14:25,080 [INFO] ブランド再確認中: Xbox (対象ASIN: ['B01GW3H3U8', 'B07219WHDJ', 'B07DJZHQPX'])
2026-03-07 17:14:31,238 [INFO] ブランド再確認中: ヌーボ (対象ASIN: ['B01GZR025Y'])
2026-03-07 17:14:33,012 [INFO] ブランド再確認中: WORKPRO (対象ASIN: ['B01H35RY7Q', 'B0BX5SDQNP', 'B0CKXB6X25'])
2026-03-07 17:14:38,462 [INFO] ブランド再確認中: 330mateさゞれ銘砥 (対象ASIN: ['B01H6JCGKE', 'B07FQ7SPXH', 'B07FQV286K'])
2026-03-07 17:14:43,902 [INFO] ブランド再確認中: 幸和製作所 (対象ASIN: ['B01HB508BM'])
2026-03-07 17:14:45,618 [INFO] ブランド【幸和製作所】が再判定で出品可能(〇)になりました！
2026-03-07 17:14:45,621 [INFO] ブランド再確認中: HUKURO (対象ASIN: ['B01HG4QQK0', 'B01HG4QQPU', 'B01HI641C6'])
2026-03-07 17:14:50,986 [INFO] ブランド再確認中: GIGABYTE (対象ASIN: ['B01HGIQ4AI', 'B01ISIFHNU', 'B06WWLWWJM'])
2026-03-07 17:14:56,259 [INFO] ブランド再確認中: こおろぎ (対象ASIN: ['B01HM5RU12', 'B01HNKADXS'])
2026-03-07 17:14:57,980 [INFO] ブランド【こおろぎ】が再判定で出品可能(〇)になりました！
2026-03-07 17:14:57,982 [INFO] ブランド再確認中: Corona (対象ASIN: ['B01HPDA590', 'B07GWDXWCN'])
2026-03-07 17:14:59,724 [INFO] ブランド【Corona】が再判定で出品可能(〇)になりました！
2026-03-07 17:14:59,726 [INFO] ブランド再確認中: Colantotte(コラントッテ) (対象ASIN: ['B01HTNZB7W', 'B07CKMRTH3', 'B07CKT2XY8'])
2026-03-07 17:15:05,220 [INFO] ブランド再確認中: Stewmac (対象ASIN: ['B01HUCG50Y', 'B01HUCHIDC', 'B01HUCME8G'])
2026-03-07 17:15:10,676 [INFO] ブランド再確認中: ColorTone (対象ASIN: ['B01HYE9YBK', 'B01HYEAU04'])
2026-03-07 17:15:14,405 [INFO] ブランド再確認中: Nektar Technology (対象ASIN: ['B01HZWL64O', 'B074CG1TD1', 'B07HLN233J'])
2026-03-07 17:15:19,806 [INFO] ブランド再確認中: WOOD WORKS (対象ASIN: ['B01I0TNYPK', 'B01I0TTOSG', 'B09RMW73J4'])
2026-03-07 17:15:21,489 [INFO] ブランド【WOOD WORKS】が再判定で出品可能(〇)になりました！
2026-03-07 17:15:21,492 [INFO] ブランド再確認中: Orijen(オリジン) (対象ASIN: ['B01I3KFN3M', 'B01I3KQ3SQ', 'B01I3M930O'])
2026-03-07 17:15:27,200 [INFO] ブランド再確認中: AATU (対象ASIN: ['B01I507RE8', 'B01I507X2E'])
2026-03-07 17:15:30,937 [INFO] ブランド再確認中: タニカ電器(TANICA) (対象ASIN: ['B01ICSFIPS', 'B01ICSFIR6', 'B01ICSFIUS'])
2026-03-07 17:15:36,359 [INFO] ブランド再確認中: ZOTAC (対象ASIN: ['B01IDCOOIU', 'B0DTJZ7TN9', 'B0DTSQ9GPG'])
2026-03-07 17:15:41,919 [INFO] ブランド再確認中: Tandberg Data (対象ASIN: ['B01ILWOIUG', 'B09KQD85PT'])
2026-03-07 17:15:45,556 [INFO] ブランド再確認中: インターナショナルトレーディング (対象ASIN: ['B01IN1JYJU', 'B078LSVQ9G', 'B09KZPTB2S'])
2026-03-07 17:15:50,901 [INFO] ブランド再確認中: Goal Zero (対象ASIN: ['B01IQXDTFA'])
2026-03-07 17:15:52,759 [INFO] ブランド再確認中: TABITORA(タビトラ) (対象ASIN: ['B01ITL8R5G', 'B01JM8RRDI', 'B01JM8RTL8'])
2026-03-07 17:15:58,223 [INFO] ブランド再確認中: S SWANCROWN (対象ASIN: ['B01J53BM68', 'B0747M1PR2', 'B078KCPWHK'])
2026-03-07 17:16:03,505 [INFO] ブランド再確認中: Grip Power Pads (対象ASIN: ['B01JF4QWSK', 'B06XCJ54W6', 'B071156PPK'])
2026-03-07 17:16:09,023 [INFO] ブランド再確認中: 10Gtek (対象ASIN: ['B01JM747ZK'])
2026-03-07 17:16:10,894 [INFO] ブランド再確認中: RightOn! Straps (対象ASIN: ['B01JTLBJKK', 'B0873ZQ9J5', 'B0874293CX'])
2026-03-07 17:16:16,596 [INFO] ブランド再確認中: Xezo (対象ASIN: ['B01JZUK8J8', 'B01NAHH74U', 'B071ZM2MVR'])
2026-03-07 17:16:22,629 [INFO] ブランド再確認中: PROEL (対象ASIN: ['B01K1U2CAO'])
2026-03-07 17:16:24,353 [INFO] ブランド【PROEL】が再判定で出品可能(〇)になりました！
2026-03-07 17:16:24,468 [INFO] ブランド再確認中: 日立LG (対象ASIN: ['B01K727JP4', 'B07BSF41VW'])
2026-03-07 17:16:28,125 [INFO] ブランド再確認中: artigiano&violin (対象ASIN: ['B01KHOGC9G', 'B06XVQ6FMS', 'B0784SZZ5Q'])
2026-03-07 17:16:33,610 [INFO] ブランド再確認中: FRIEDMAN (対象ASIN: ['B01KI7TTC4', 'B01MA23GHT', 'B075CWYN1J'])
2026-03-07 17:16:39,077 [INFO] ブランド再確認中: QUALISS (対象ASIN: ['B01KK2YS5A', 'B01KK2YX32', 'B01KK3CQ94'])
2026-03-07 17:16:40,794 [INFO] ブランド【QUALISS】が再判定で出品可能(〇)になりました！
2026-03-07 17:16:40,798 [INFO] ブランド再確認中: ジャパックス(JAPACK'S) (対象ASIN: ['B01KL8HAYY', 'B0BGHN3ZF1'])
2026-03-07 17:16:44,372 [INFO] ブランド再確認中: iConnectivity (対象ASIN: ['B01KNIOX2O', 'B081PD6GPN', 'B092L7TXL1'])
2026-03-07 17:16:49,879 [INFO] ブランド再確認中: プロト(PLOT) (対象ASIN: ['B01KRC9HYA', 'B01KRCB0HM', 'B01KRCCTR2'])
2026-03-07 17:16:55,305 [INFO] ブランド再確認中: Amazonベーシック(Amazon Basics) (対象ASIN: ['B01L0LVLLY', 'B06ZY791T4', 'B0713ZQ4DQ'])
2026-03-07 17:17:01,026 [INFO] ブランド再確認中: 出光興産 (対象ASIN: ['B01L1FBRH2'])
2026-03-07 17:17:02,733 [INFO] ブランド【出光興産】が再判定で出品可能(〇)になりました！
2026-03-07 17:17:02,735 [INFO] ブランド再確認中: 出光興産株式会社 (対象ASIN: ['B01L1FBRMM'])
2026-03-07 17:17:04,424 [INFO] ブランド【出光興産株式会社】が再判定で出品可能(〇)になりました！
2026-03-07 17:17:04,426 [INFO] ブランド再確認中: HumbleCrew (対象ASIN: ['B01L27ZO28', 'B07KKYXZ9W', 'B07Q7DXGW9'])
2026-03-07 17:17:10,558 [INFO] ブランド再確認中: 夜明屋本店 (対象ASIN: ['B01L8Q2GUQ', 'B01L8QF4AU', 'B01L8QKC3O'])
2026-03-07 17:17:12,292 [INFO] ブランド【夜明屋本店】が再判定で出品可能(〇)になりました！
2026-03-07 17:17:12,295 [INFO] ブランド再確認中: グランダーツ(GRAN DARTS) (対象ASIN: ['B01L8XCX02', 'B082XVR52H'])
2026-03-07 17:17:15,969 [INFO] ブランド再確認中: Fiddlerman (対象ASIN: ['B01LBUYGVQ'])
2026-03-07 17:17:17,725 [INFO] ブランド再確認中: LANTU (対象ASIN: ['B01LET8A8E'])
2026-03-07 17:17:19,540 [INFO] ブランド再確認中: retro-bit (対象ASIN: ['B01LEVSL1S', 'B0BFDBJY31'])
2026-03-07 17:17:23,201 [INFO] ブランド再確認中: タカラトミーアーツ(TAKARATOMY A.R.T.S) (対象ASIN: ['B01LEYMM42', 'B07DCR53QW', 'B0895BD6S2'])
2026-03-07 17:17:28,522 [INFO] ブランド再確認中: ピーエヌワイ(PNY) (対象ASIN: ['B01LFV52T6', 'B07GJ5S6RY', 'B07P6CDHS5'])
2026-03-07 17:17:33,875 [INFO] ブランド再確認中: okayo (対象ASIN: ['B01LNLRM50', 'B07117TZSY', 'B071LSCF8F'])
2026-03-07 17:17:39,289 [INFO] ブランド再確認中: Knit Picks (対象ASIN: ['B01LOTRVM0', 'B0CQKLWDTH', 'B0CQKNK2H5'])
2026-03-07 17:17:44,755 [INFO] ブランド再確認中: suptek (対象ASIN: ['B01LPVM3QG', 'B0C8HTFD8D', 'B0DXV9Y45B'])
2026-03-07 17:17:50,166 [INFO] ブランド再確認中: ゼンケン (対象ASIN: ['B01LW5RJO4'])
2026-03-07 17:17:51,895 [INFO] ブランド【ゼンケン】が再判定で出品可能(〇)になりました！
2026-03-07 17:17:51,898 [INFO] ブランド再確認中: SPECTRASONICS (対象ASIN: ['B01LW9LIM5'])
2026-03-07 17:17:53,613 [INFO] ブランド【SPECTRASONICS】が再判定で出品可能(〇)になりました！
2026-03-07 17:17:53,620 [INFO] ブランド再確認中: Paracord Planet (対象ASIN: ['B01LWS1QFA', 'B01LWS1QQL', 'B01LX3NDPK'])
2026-03-07 17:17:59,114 [INFO] ブランド再確認中: UCC (対象ASIN: ['B01LXBZLMC', 'B07FHC31CR'])
2026-03-07 17:18:02,728 [INFO] ブランド再確認中: AJA (対象ASIN: ['B01LXKKT0E'])
2026-03-07 17:18:04,572 [INFO] ブランド再確認中: Vigor (対象ASIN: ['B01LXLYKST', 'B079MZB8K4', 'B07QPVXKP8'])
2026-03-07 17:18:10,092 [INFO] ブランド再確認中: Nikko (対象ASIN: ['B01LXOZSX7'])
2026-03-07 17:18:11,855 [INFO] ブランド再確認中: コロンバスサークル (対象ASIN: ['B01LYC8RUJ', 'B0B3X7LGLY', 'B0BXN7DWH9'])
2026-03-07 17:18:17,743 [INFO] ブランド再確認中: De'Longhi(デロンギ) (対象ASIN: ['B01LYS2HJ0', 'B07NBWX5BS', 'B07V1X3HRK'])
2026-03-07 17:18:23,225 [INFO] ブランド再確認中: TEES FACTORY (対象ASIN: ['B01LZ29W61', 'B01M10L56H', 'B01M10L9ZP'])
2026-03-07 17:18:28,832 [INFO] ブランド再確認中: Elvis (対象ASIN: ['B01LZ4RI0D'])
2026-03-07 17:18:30,646 [INFO] ブランド再確認中: Timetec (対象ASIN: ['B01LZ538E2', 'B079HJGQZ2', 'B07B3JK6L6'])
2026-03-07 17:18:36,114 [INFO] ブランド再確認中: Sold Out (対象ASIN: ['B01LZDCMPT', 'B01NBJM1MN', 'B07T9BFBL3'])
2026-03-07 17:18:41,378 [INFO] ブランド再確認中: Toyota (対象ASIN: ['B01LZTJFYM', 'B01LZTOXY1'])
2026-03-07 17:18:44,837 [INFO] ブランド再確認中: テクロック (対象ASIN: ['B01LZZV7PH', 'B01M0YTK9Q'])
2026-03-07 17:18:48,436 [INFO] ブランド再確認中: TEITO (対象ASIN: ['B01M0B3LWZ'])
2026-03-07 17:18:50,800 [INFO] ブランド再確認中: グリベル(Grivel) (対象ASIN: ['B01M0FCT7I', 'B07MB6B2PN', 'B07MDS8SKW'])
2026-03-07 17:18:56,543 [INFO] ブランド再確認中: Tannoy(タンノイ) (対象ASIN: ['B01M0P9ZTJ', 'B07PKTXGL1', 'B0819Z1CPG'])
2026-03-07 17:19:01,940 [INFO] ブランド再確認中: Sea to Summit (対象ASIN: ['B01M0XEUO2', 'B07P62F1VG', 'B0CT67MSSN'])
2026-03-07 17:19:07,509 [INFO] ブランド再確認中: プライバシーサンシェード (対象ASIN: ['B01M19AJ89'])
2026-03-07 17:19:09,758 [INFO] ブランド再確認中: リフレ (対象ASIN: ['B01M1A33HO'])
2026-03-07 17:19:11,575 [INFO] ブランド再確認中: HORUSIS (対象ASIN: ['B01M1EVM5X'])
2026-03-07 17:19:13,396 [INFO] ブランド再確認中: サンエックス(San-X) (対象ASIN: ['B01M1YM9BJ', 'B073PBTF4F', 'B073PCJ6NX'])
2026-03-07 17:19:18,985 [INFO] ブランド再確認中: EliteField (対象ASIN: ['B01M24E466', 'B01M24IDTB', 'B01M5B5O3O'])
2026-03-07 17:19:24,421 [INFO] ブランド再確認中: Bitspower (対象ASIN: ['B01M24HU0J'])
2026-03-07 17:19:26,210 [INFO] ブランド再確認中: AVID (対象ASIN: ['B01M2V0GED', 'B08H53WZLH', 'B092386BG4'])
2026-03-07 17:19:31,656 [INFO] ブランド再確認中: パレットライフ (対象ASIN: ['B01M5AP8VO', 'B07DVLLL1K', 'B086MNVJT2'])
2026-03-07 17:19:37,094 [INFO] ブランド再確認中: マツダ (対象ASIN: ['B01M5BABBS', 'B01MAWJWAR'])
2026-03-07 17:19:40,640 [INFO] ブランド再確認中: ヨコハマ(YOKOHAMA) (対象ASIN: ['B01M5C3HQ5'])
2026-03-07 17:19:42,445 [INFO] ブランド再確認中: M MI & VI (対象ASIN: ['B01M5C9ZJ7', 'B074VMPZ95', 'B074VPZK24'])
2026-03-07 17:19:47,838 [INFO] ブランド再確認中: Gorilla (対象ASIN: ['B01M69QMM5', 'B01M69QMVW', 'B01M8NOJ8Y'])
2026-03-07 17:19:53,269 [INFO] ブランド再確認中: North Mountain Gear (対象ASIN: ['B01M7UFE8Y', 'B01M7UFI9L', 'B01M8N3RMX'])
2026-03-07 17:19:58,814 [INFO] ブランド再確認中: BNTECHGO (対象ASIN: ['B01M99C2FO', 'B01MQ06OX6', 'B01N5KYBEE'])
2026-03-07 17:20:04,132 [INFO] ブランド再確認中: CARAZ (対象ASIN: ['B01MFCHY3C', 'B0BBR89N5M', 'B0BS3H61YQ'])
2026-03-07 17:20:09,576 [INFO] ブランド再確認中: MIKIHOUSE HOT BISCUITS (対象ASIN: ['B01MFD2M9K', 'B0CHXPRGKX', 'B0CHXQ1NCX'])
2026-03-07 17:20:11,323 [INFO] ブランド【MIKIHOUSE HOT BISCUITS】が再判定で出品可能(〇)になりました！
2026-03-07 17:20:11,327 [INFO] ブランド再確認中: EZARC (対象ASIN: ['B01MG7OGLW', 'B0D31B4YRQ'])
2026-03-07 17:20:15,015 [INFO] ブランド再確認中: Imada (対象ASIN: ['B01MPYC1BY'])
2026-03-07 17:20:16,833 [INFO] ブランド再確認中: Minoura (対象ASIN: ['B01MQ1WHWQ', 'B01N3L2EDB', 'B01N7VSE4Q'])
2026-03-07 17:20:22,320 [INFO] ブランド再確認中: AMD (対象ASIN: ['B01MQHEAYE', 'B06WP5YCX6', 'B06XKWT8J4'])
2026-03-07 17:20:27,765 [INFO] ブランド再確認中: SOUNDWARRIOR (対象ASIN: ['B01MQTDAYH'])
2026-03-07 17:20:29,539 [INFO] ブランド再確認中: TNG (対象ASIN: ['B01MQUJES2'])
2026-03-07 17:20:31,310 [INFO] ブランド再確認中: トリコローレエクスチェンジ(TricoloreExchange) (対象ASIN: ['B01MRI3O0R', 'B01MSJPM0V', 'B01MTL6PKG'])
2026-03-07 17:20:32,983 [INFO] ブランド【トリコローレエクスチェンジ(TricoloreExchange)】が再判定で出品可能(〇)になりました！
2026-03-07 17:20:32,986 [INFO] ブランド再確認中: basiner (対象ASIN: ['B01MRY5WMK'])
2026-03-07 17:20:34,742 [INFO] ブランド【basiner】が再判定で出品可能(〇)になりました！
2026-03-07 17:20:34,745 [INFO] ブランド再確認中: TEKCOPLUS (対象ASIN: ['B01MRYG53O', 'B0786YDF62', 'B07KT4CBV8'])
2026-03-07 17:20:40,300 [INFO] ブランド再確認中: オフィスコム (対象ASIN: ['B01MS1RP4U', 'B01MY2M570', 'B01MY2M6V5'])
2026-03-07 17:20:45,648 [INFO] ブランド再確認中: Hilax (対象ASIN: ['B01MSD624U'])
2026-03-07 17:20:47,342 [INFO] ブランド【Hilax】が再判定で出品可能(〇)になりました！
2026-03-07 17:20:47,345 [INFO] ブランド再確認中: CRC (対象ASIN: ['B01MSE4G5F'])
2026-03-07 17:20:49,162 [INFO] ブランド再確認中: LEGEND WALKER(レジェンドウォーカー) (対象ASIN: ['B01MSNGFLS', 'B01N2I7FJH', 'B01N76BY67'])
2026-03-07 17:20:54,599 [INFO] ブランド再確認中: RENOGY (対象ASIN: ['B01MSYGZGI', 'B079JRNFY6', 'B07BMNGVV3'])
2026-03-07 17:21:00,430 [INFO] ブランド再確認中: Dynaudio (対象ASIN: ['B01MTALUBX', 'B097ST8JT7'])
2026-03-07 17:21:04,128 [INFO] ブランド再確認中: JTS (対象ASIN: ['B01MU7ZRA7', 'B01MZ747CI', 'B01N4LC7JK'])
2026-03-07 17:21:05,794 [INFO] ブランド【JTS】が再判定で出品可能(〇)になりました！
2026-03-07 17:21:05,797 [INFO] ブランド再確認中: VIVO (対象ASIN: ['B01MUGZUL9', 'B07DWKHWPB', 'B0C1QD64F7'])
2026-03-07 17:21:12,059 [INFO] ブランド再確認中: TSUKO (対象ASIN: ['B01MXIUIGI', 'B01N9VS2EZ', 'B01N9VTZY9'])
2026-03-07 17:21:13,724 [INFO] ブランド【TSUKO】が再判定で出品可能(〇)になりました！
2026-03-07 17:21:13,727 [INFO] ブランド再確認中: FLORIST SEKIDO (対象ASIN: ['B01MXL0Y43'])
2026-03-07 17:21:15,498 [INFO] ブランド【FLORIST SEKIDO】が再判定で出品可能(〇)になりました！
2026-03-07 17:21:15,504 [INFO] ブランド再確認中: Mendini (対象ASIN: ['B01MXTCVFL', 'B071RL1SGB', 'B07XSC4NZY'])
2026-03-07 17:21:20,939 [INFO] ブランド再確認中: MSI (対象ASIN: ['B01MXYDHJH', 'B06XNSRDZP', 'B07ZHC95FP'])
2026-03-07 17:21:26,348 [INFO] ブランド再確認中: 3D MAXpider (対象ASIN: ['B01MYONG48', 'B07NBGW7V7', 'B0C9J9LYLD'])
2026-03-07 17:21:31,745 [INFO] ブランド再確認中: Lightronic (対象ASIN: ['B01MYQ0Z90', 'B08P47TKPL'])
2026-03-07 17:21:35,396 [INFO] ブランド再確認中: ゲルボア (対象ASIN: ['B01MYWNP8F'])
2026-03-07 17:21:37,071 [INFO] ブランド【ゲルボア】が再判定で出品可能(〇)になりました！
2026-03-07 17:21:37,074 [INFO] ブランド再確認中: STAGE EVOLUTION (対象ASIN: ['B01MZ9VIZP', 'B01N1118C5', 'B09B7YRJHC'])
2026-03-07 17:21:38,801 [INFO] ブランド【STAGE EVOLUTION】が再判定で出品可能(〇)になりました！
2026-03-07 17:21:38,804 [INFO] ブランド再確認中: CGOLDENWALL (対象ASIN: ['B01N03YHYJ', 'B0757MKKDH', 'B07CYXW741'])
2026-03-07 17:21:44,496 [INFO] ブランド再確認中: アンサー (対象ASIN: ['B01N0DYJ8C'])
2026-03-07 17:21:46,339 [INFO] ブランド再確認中: BanG Dream！ (対象ASIN: ['B01N29UWKU'])
2026-03-07 17:21:48,032 [INFO] ブランド【BanG Dream！】が再判定で出品可能(〇)になりました！
2026-03-07 17:21:48,035 [INFO] ブランド再確認中: iStorage (対象ASIN: ['B01N2RN6FE', 'B074P4TKBN', 'B074P4TKXQ'])
2026-03-07 17:21:53,671 [INFO] ブランド再確認中: D'Angelico (対象ASIN: ['B01N2VOG1G', 'B07C42CR41', 'B07R11N9YN'])
2026-03-07 17:21:58,991 [INFO] ブランド再確認中: alpinestars(アルパインスターズ) (対象ASIN: ['B01N34UP4H', 'B01N4OYXUN', 'B01N4OZ02G'])
2026-03-07 17:22:04,456 [INFO] ブランド再確認中: レノア (対象ASIN: ['B01N389XL0', 'B08XVC71PR'])
2026-03-07 17:22:08,090 [INFO] ブランド再確認中: ESP GUITARS (対象ASIN: ['B01N39KEHB', 'B01NC13H35', 'B07BK7QF5C'])
2026-03-07 17:22:13,547 [INFO] ブランド再確認中: El Dia (対象ASIN: ['B01N3QJ25B', 'B076ZDDVWF', 'B07L69N6FP'])
2026-03-07 17:22:15,397 [INFO] ブランド【El Dia】が再判定で出品可能(〇)になりました！
2026-03-07 17:22:15,399 [INFO] ブランド再確認中: Bumbo (対象ASIN: ['B01N4ASMTL'])
2026-03-07 17:22:17,297 [INFO] ブランド再確認中: PQube (対象ASIN: ['B01N5WCA1R', 'B073N4PGN1', 'B07D6W5TJF'])
2026-03-07 17:22:21,326 [INFO] ブランド【PQube】が再判定で出品可能(〇)になりました！
2026-03-07 17:22:21,332 [INFO] ブランド再確認中: Eyoyo (対象ASIN: ['B01N6B5EA5', 'B07TC38B9T', 'B07YV47J6W'])
2026-03-07 17:22:26,779 [INFO] ブランド再確認中: KEISEEDS (対象ASIN: ['B01N6QKIIT'])
2026-03-07 17:22:28,509 [INFO] ブランド【KEISEEDS】が再判定で出品可能(〇)になりました！
2026-03-07 17:22:28,511 [INFO] ブランド再確認中: Sidi (対象ASIN: ['B01N75NGYV', 'B01N90GQR2'])
2026-03-07 17:22:32,287 [INFO] ブランド再確認中: TOYOX (対象ASIN: ['B01N7RP0J9'])
2026-03-07 17:22:34,543 [INFO] ブランド【TOYOX】が再判定で出品可能(〇)になりました！
2026-03-07 17:22:34,545 [INFO] ブランド再確認中: TRAVELER GUITAR (対象ASIN: ['B01N8PJZJM', 'B07BPHMT4P', 'B07BQTQ3FL'])
2026-03-07 17:22:39,944 [INFO] ブランド再確認中: わんずもあ (対象ASIN: ['B01N8ZMVKW'])
2026-03-07 17:22:41,624 [INFO] ブランド【わんずもあ】が再判定で出品可能(〇)になりました！
2026-03-07 17:22:41,628 [INFO] ブランド再確認中: Nanga(ナンガ) (対象ASIN: ['B01N91UXM7', 'B07RQCCMF8', 'B08YY61Z3W'])
2026-03-07 17:22:47,147 [INFO] ブランド再確認中: インジェニュイティ(Ingenuity) (対象ASIN: ['B01N9E3TRH', 'B0812LDHDL', 'B08PDPK1JS'])
2026-03-07 17:22:53,106 [INFO] ブランド再確認中: 育良精機(ikura) (対象ASIN: ['B01N9XLHFK', 'B0B28FC6LP'])
2026-03-07 17:22:56,678 [INFO] ブランド再確認中: amant (対象ASIN: ['B01NACFFOZ', 'B01NBDN4B1', 'B0DT8T75BV'])
2026-03-07 17:23:02,513 [INFO] ブランド再確認中: WUTA (対象ASIN: ['B01NB0GT5F'])
2026-03-07 17:23:04,359 [INFO] ブランド再確認中: LA･PITA (対象ASIN: ['B01NBEE00E', 'B06WWN7V6W'])
2026-03-07 17:23:07,985 [INFO] ブランド再確認中: GLORIOUS (対象ASIN: ['B01NCHER6W', 'B07C7W9FPV', 'B08HR9S2B7'])
2026-03-07 17:23:13,760 [INFO] ブランド再確認中: L R (対象ASIN: ['B01NCKZHGX'])
2026-03-07 17:23:15,476 [INFO] ブランド【L R】が再判定で出品可能(〇)になりました！
2026-03-07 17:23:15,486 [INFO] ブランド再確認中: グリーンパン(Greenpan) (対象ASIN: ['B06VT5SK1C', 'B07QH51PC8', 'B09SWG6GN3'])
2026-03-07 17:23:21,047 [INFO] ブランド再確認中: GENTOS(ジェントス) (対象ASIN: ['B06VV7K4GQ', 'B06X9144MM', 'B07K8JC1V2'])
2026-03-07 17:23:26,508 [INFO] ブランド再確認中: ラッセルホブス(Russell Hobbs) (対象ASIN: ['B06VXLQYK5', 'B07F86NGRF'])
2026-03-07 17:23:30,075 [INFO] ブランド再確認中: タマリビング(Tamaliving) (対象ASIN: ['B06WGVZ57P', 'B07C52HBK1', 'B07C52J77R'])
2026-03-07 17:23:35,527 [INFO] ブランド再確認中: Limited Run Games (対象ASIN: ['B06WP8VJMG', 'B0788XZV7F', 'B07SBGJSHJ'])
2026-03-07 17:23:40,811 [INFO] ブランド再確認中: DPA (対象ASIN: ['B06WWLCY3P', 'B06WWLCY47', 'B06WWLDL44'])
2026-03-07 17:23:46,159 [INFO] ブランド【DPA】が再判定で出品可能(〇)になりました！
2026-03-07 17:23:46,162 [INFO] ブランド再確認中: Yinyoo (対象ASIN: ['B06X3XX32B'])
2026-03-07 17:23:48,030 [INFO] ブランド再確認中: コーディアルケーブル(Cordial Cables) (対象ASIN: ['B06X3ZXSX1', 'B07BNKWQ7Z', 'B07BNKWSS9'])
2026-03-07 17:23:55,183 [INFO] ブランド再確認中: EZ Lip (対象ASIN: ['B06X9WTVBV'])
2026-03-07 17:23:57,026 [INFO] ブランド再確認中: Mobius (対象ASIN: ['B06XBS7YB3', 'B0DZWXTP1N'])
2026-03-07 17:24:00,662 [INFO] ブランド再確認中: GEX (対象ASIN: ['B06XBTVQZB', 'B06XCHYJ1Y', 'B07HKYRPCR'])
2026-03-07 17:24:05,925 [INFO] ブランド再確認中: フェローズ(Fellowes) (対象ASIN: ['B06XC3CYFW', 'B078MQ2YMP', 'B078MZ9XPS'])
2026-03-07 17:24:11,264 [INFO] ブランド再確認中: ユピテル(Yupiteru) (対象ASIN: ['B06XCH23FT', 'B06ZY9PR2F', 'B089CXL4Y6'])
2026-03-07 17:24:16,754 [INFO] ブランド再確認中: Copper Pearl (対象ASIN: ['B06XD576L2', 'B091BFZ3PT', 'B099JFSTYV'])
2026-03-07 17:24:22,308 [INFO] ブランド再確認中: TritonAudio (対象ASIN: ['B06XDPTDN5', 'B0C8SGVWXZ'])
2026-03-07 17:24:26,302 [INFO] ブランド再確認中: INSTINCT (対象ASIN: ['B06XDQBTWR'])
2026-03-07 17:24:28,210 [INFO] ブランド再確認中: バオバブの願い (対象ASIN: ['B06XF3JF61', 'B0DMT13S47', 'B0DMV9YYC2'])
2026-03-07 17:24:33,703 [INFO] ブランド再確認中: LANVIN en Bleu(ランバンオンブルー) (対象ASIN: ['B06XFYST66', 'B06XGB1L54', 'B06XGCG39K'])
2026-03-07 17:24:39,263 [INFO] ブランド再確認中: Beat-Sonic (ビートソニック) (対象ASIN: ['B06XGL7N9B', 'B06XGWTQ31', 'B072HQBRYT'])
2026-03-07 17:24:45,329 [INFO] ブランド再確認中: DAP (対象ASIN: ['B06XH1XYBF'])
2026-03-07 17:24:47,092 [INFO] ブランド再確認中: マイクロダイエット (対象ASIN: ['B06XHCV6Y1'])
2026-03-07 17:24:48,829 [INFO] ブランド【マイクロダイエット】が再判定で出品可能(〇)になりました！
2026-03-07 17:24:48,832 [INFO] ブランド再確認中: atelier CODEL (対象ASIN: ['B06XK2FT8M', 'B0CW37HZQ5', 'B0D8TD3BQB'])
2026-03-07 17:24:54,402 [INFO] ブランド再確認中: Auray (対象ASIN: ['B06XKVYRLN'])
2026-03-07 17:24:56,239 [INFO] ブランド再確認中: Astemo(アステモ) (対象ASIN: ['B06XRDS9T9', 'B06XRMFG35', 'B06XRMHN3S'])
2026-03-07 17:25:02,052 [INFO] ブランド再確認中: BMO JAPAN(ビーエムオージャパン) (対象ASIN: ['B06XV2LWPJ', 'B0D89Y5Y5P', 'B0D8B627ZY'])
2026-03-07 17:25:07,581 [INFO] ブランド再確認中: AboveTEK (対象ASIN: ['B06XVFKYL5', 'B07KJLBG8G', 'B0BPLPN2HD'])
2026-03-07 17:25:13,164 [INFO] ブランド再確認中: At Games (対象ASIN: ['B06XVVSVWB'])
2026-03-07 17:25:15,073 [INFO] ブランド再確認中: 通販のトココ (対象ASIN: ['B06XX5SSXP'])
2026-03-07 17:25:16,786 [INFO] ブランド【通販のトココ】が再判定で出品可能(〇)になりました！
2026-03-07 17:25:16,788 [INFO] ブランド再確認中: TRIXIE (対象ASIN: ['B06Y177P96'])
2026-03-07 17:25:18,598 [INFO] ブランド再確認中: Mepal (対象ASIN: ['B06Y2F11Z4', 'B06Y2F78K9', 'B07BJ1D4NQ'])
2026-03-07 17:25:24,662 [INFO] ブランド再確認中: DCA-LAB (対象ASIN: ['B06Y3ZQMM7'])
2026-03-07 17:25:26,679 [INFO] ブランド再確認中: Conext Link (対象ASIN: ['B06Y4WCQZ3', 'B06Y4ZKCXX', 'B06Y4ZQ3P5'])
2026-03-07 17:25:32,050 [INFO] ブランド再確認中: Bauhutte(バウヒュッテ) (対象ASIN: ['B06Y5ZVR99', 'B06ZZXPWZM', 'B071CL9QT1'])
2026-03-07 17:25:38,512 [INFO] ブランド再確認中: Arturia (対象ASIN: ['B06ZY18Z89', 'B07934D6L7', 'B07CM45CQW'])
2026-03-07 17:25:44,580 [INFO] ブランド再確認中: SAPPHIRE (対象ASIN: ['B06ZY216Y2', 'B08QQFW9YS', 'B0BSPTZ4VQ'])
2026-03-07 17:25:50,029 [INFO] ブランド再確認中: BLITZER(ブリッツァー) (対象ASIN: ['B06ZY5JS24', 'B088G2VSKT', 'B088G2VTRY'])
2026-03-07 17:25:55,565 [INFO] ブランド再確認中: FENIFOX (対象ASIN: ['B06ZZJ6C3P'])
2026-03-07 17:25:57,452 [INFO] ブランド再確認中: Major Craft(メジャークラフト) (対象ASIN: ['B06ZZM7MSC', 'B0783HSNPM', 'B079N89RDS'])
2026-03-07 17:26:02,847 [INFO] ブランド再確認中: ヨガワークス (対象ASIN: ['B06ZZMBM2V'])
2026-03-07 17:26:04,564 [INFO] ブランド【ヨガワークス】が再判定で出品可能(〇)になりました！
2026-03-07 17:26:04,567 [INFO] ブランド再確認中: LANIKAI (対象ASIN: ['B07114LVJX', 'B0713TRK39', 'B07QFFBV5M'])
2026-03-07 17:26:10,860 [INFO] ブランド再確認中: SABRENT (対象ASIN: ['B0711L68MS', 'B07LGF54XR', 'B07XC95WLQ'])
2026-03-07 17:26:16,473 [INFO] ブランド再確認中: SACRA MUSIC (対象ASIN: ['B0713QXBHY', 'B07NHR62X2'])
2026-03-07 17:26:20,026 [INFO] ブランド再確認中: Art & Lutherie (対象ASIN: ['B0713RT6HP', 'B07VG95987', 'B07VK7NXW7'])
2026-03-07 17:26:25,430 [INFO] ブランド再確認中: IAENCLOSURES (対象ASIN: ['B0716W7S1Z'])
2026-03-07 17:26:27,879 [INFO] ブランド再確認中: BAOSHISHAN (対象ASIN: ['B0716XSSC4', 'B07S8ZT4G1', 'B0925TRKZP'])
2026-03-07 17:26:33,406 [INFO] ブランド再確認中: WIWAV(ワイウェーブ) (対象ASIN: ['B0718T9838', 'B071KQX3QN'])
2026-03-07 17:26:37,039 [INFO] ブランド再確認中: FILA (対象ASIN: ['B07192F8R8', 'B07192FB9F', 'B071RQVWV4'])
2026-03-07 17:26:42,295 [INFO] ブランド再確認中: Mega Brands (対象ASIN: ['B0719BFTW9'])
2026-03-07 17:26:44,906 [INFO] ブランド再確認中: SINGCALL (対象ASIN: ['B071CHN9WX'])
2026-03-07 17:26:46,701 [INFO] ブランド再確認中: Loog (対象ASIN: ['B071DP15M1', 'B071H8KQK5', 'B084SNWG8S'])
2026-03-07 17:26:52,286 [INFO] ブランド再確認中: NECA (対象ASIN: ['B071H3DWC6', 'B074KZHD3T', 'B07G9JZLMQ'])
2026-03-07 17:26:57,715 [INFO] ブランド再確認中: Power-on (対象ASIN: ['B071WK8JH9'])
2026-03-07 17:27:00,250 [INFO] ブランド【Power-on】が再判定で出品可能(〇)になりました！
2026-03-07 17:27:00,266 [INFO] ブランド再確認中: ThunderEase (対象ASIN: ['B0721TVJM8', 'B072KP2TYK'])
2026-03-07 17:27:04,084 [INFO] ブランド再確認中: SUN MECHATRONICS (対象ASIN: ['B07286R8Q6'])
2026-03-07 17:27:05,809 [INFO] ブランド【SUN MECHATRONICS】が再判定で出品可能(〇)になりました！
2026-03-07 17:27:05,812 [INFO] ブランド再確認中: Spider-Man (対象ASIN: ['B072BK87N8', 'B08TPK3PPF'])
2026-03-07 17:27:09,555 [INFO] ブランド再確認中: Club 3D (対象ASIN: ['B072FHTZ8V', 'B0BX3KBQ7W', 'B0D8LBKJLM'])
2026-03-07 17:27:15,111 [INFO] ブランド再確認中: ブロッコリー(BROCCOLI) (対象ASIN: ['B072HTCQWM'])
2026-03-07 17:27:16,902 [INFO] ブランド再確認中: AKLOT (対象ASIN: ['B072JT9WLF', 'B0736MH4RD', 'B08B5QD2JY'])
2026-03-07 17:27:22,586 [INFO] ブランド再確認中: ファベロ(Favero) (対象ASIN: ['B072JYW6ZX'])
2026-03-07 17:27:24,424 [INFO] ブランド再確認中: TOPFUND (対象ASIN: ['B072K426XB'])
2026-03-07 17:27:26,256 [INFO] ブランド再確認中: BANDEL (対象ASIN: ['B072K5QCRY'])
2026-03-07 17:27:28,100 [INFO] ブランド再確認中: ムサシ(MUSASHI) (対象ASIN: ['B072L1XJ4W', 'B0CVS8CGXL'])
2026-03-07 17:27:31,667 [INFO] ブランド再確認中: SCYTHE (対象ASIN: ['B072PWL5YF'])
2026-03-07 17:27:33,509 [INFO] ブランド再確認中: キャンピングムーン(camping moon) (対象ASIN: ['B072PX8TCP', 'B07GFJLW6G', 'B07KQZKDX7'])
2026-03-07 17:27:39,031 [INFO] ブランド再確認中: Giro (対象ASIN: ['B073165Y85', 'B07GC7B6G8', 'B07GCLLKLT'])
2026-03-07 17:27:44,785 [INFO] ブランド再確認中: BIONIK (対象ASIN: ['B0735X5M4X'])
2026-03-07 17:27:46,688 [INFO] ブランド再確認中: Autel (対象ASIN: ['B073CQMF25'])
2026-03-07 17:27:48,518 [INFO] ブランド再確認中: HUAHAT HuaHat (対象ASIN: ['B073P42KP6'])
2026-03-07 17:27:50,313 [INFO] ブランド再確認中: JCM(ジェーシーエム) (対象ASIN: ['B073PVV9PX'])
2026-03-07 17:27:52,145 [INFO] ブランド再確認中: Mazuri (対象ASIN: ['B073Q9BZY1', 'B07N94PGWX', 'B08MT47FQ2'])
2026-03-07 17:27:57,517 [INFO] ブランド再確認中: VALENTI (対象ASIN: ['B073QYP5HS'])
2026-03-07 17:27:59,341 [INFO] ブランド再確認中: IL BISONTE (イル ビゾンテ) (対象ASIN: ['B073S5L4XW', 'B07F5V4WQM', 'B07VJGGP6P'])
2026-03-07 17:28:04,727 [INFO] ブランド再確認中: interhasa! (対象ASIN: ['B073SYPR3W', 'B09LYDSMK2'])
2026-03-07 17:28:08,403 [INFO] ブランド再確認中: GGUMBI (対象ASIN: ['B073TV11TP', 'B07GWQ8JWY'])
2026-03-07 17:28:10,126 [INFO] ブランド【GGUMBI】が再判定で出品可能(〇)になりました！
2026-03-07 17:28:10,129 [INFO] ブランド再確認中: ストリックスデザイン(Strix Design) (対象ASIN: ['B073TXXZPX', 'B073TY5RXS', 'B073TYCBW4'])
2026-03-07 17:28:15,609 [INFO] ブランド再確認中: New Bounce (対象ASIN: ['B073VR7N4N', 'B073VRTTD9', 'B073VS3BY6'])
2026-03-07 17:28:22,057 [INFO] ブランド再確認中: YETI (対象ASIN: ['B073WJSJLV', 'B07BMBM6ST', 'B07D1BPMD9'])
2026-03-07 17:28:28,573 [INFO] ブランド再確認中: 704 Games (対象ASIN: ['B073WW2KC7'])
2026-03-07 17:28:30,422 [INFO] ブランド再確認中: hlc (対象ASIN: ['B0742BDCCG', 'B07CQDJFVB', 'B0BQBQ4N26'])
2026-03-07 17:28:35,756 [INFO] ブランド再確認中: Blue Microphones(ブルー マイクロフォン) (対象ASIN: ['B074379C7Q', 'B078MGXLVS'])
2026-03-07 17:28:39,575 [INFO] ブランド再確認中: Nacon (対象ASIN: ['B0746RPQLB', 'B07Y1XYG7Q', 'B081LMMXW1'])
2026-03-07 17:28:45,095 [INFO] ブランド再確認中: Dimplex (対象ASIN: ['B07487VRXB'])
2026-03-07 17:28:46,920 [INFO] ブランド再確認中: ViewSonic (対象ASIN: ['B0749NTSCD', 'B07S1XYQMJ', 'B08XWNZYNY'])
2026-03-07 17:28:52,539 [INFO] ブランド再確認中: ecco(エコー) (対象ASIN: ['B074CVPT7S', 'B074CWBBK8', 'B074CWJBWZ'])
2026-03-07 17:28:58,813 [INFO] ブランド再確認中: LACOSTE(ラコステ) (対象ASIN: ['B074D4FCJJ', 'B07SX5TP3C', 'B07T3HTSHS'])
2026-03-07 17:29:04,243 [INFO] ブランド再確認中: Bears Rock (対象ASIN: ['B074FVFZCF', 'B081ZPJP4T', 'B0C2XYND3B'])
2026-03-07 17:29:09,658 [INFO] ブランド再確認中: Jonard Tools (対象ASIN: ['B074GXHJ6D'])
2026-03-07 17:29:11,462 [INFO] ブランド再確認中: 歩犬舎 (対象ASIN: ['B074H2DZ1Q'])
2026-03-07 17:29:13,151 [INFO] ブランド【歩犬舎】が再判定で出品可能(〇)になりました！
2026-03-07 17:29:13,154 [INFO] ブランド再確認中: USA Gear (対象ASIN: ['B074J32DCG', 'B0764KX1R3', 'B093QPP9BB'])
2026-03-07 17:29:18,707 [INFO] ブランド再確認中: ウッドワン (対象ASIN: ['B074KK6KDW', 'B0D1Y65W5P', 'B0D1Y7LBTP'])
2026-03-07 17:29:20,452 [INFO] ブランド【ウッドワン】が再判定で出品可能(〇)になりました！
2026-03-07 17:29:20,454 [INFO] ブランド再確認中: OSRAM (対象ASIN: ['B074KRSP11'])
2026-03-07 17:29:22,228 [INFO] ブランド再確認中: Q&Q(キューアンドキュー) (対象ASIN: ['B074P22JX6'])
2026-03-07 17:29:24,144 [INFO] ブランド再確認中: NUX (対象ASIN: ['B074P5MVNT', 'B07FRGRG87', 'B07FRJSZGC'])
2026-03-07 17:29:29,498 [INFO] ブランド再確認中: Washburn ワッシュバーン (対象ASIN: ['B074W2WL7Q', 'B074W3JF7Z', 'B07QTP6PJQ'])
2026-03-07 17:29:35,309 [INFO] ブランド再確認中: ＰＲＯＳＴ‘ｓ (対象ASIN: ['B074WNH6XJ'])
2026-03-07 17:29:37,074 [INFO] ブランド再確認中: Hotdogger (対象ASIN: ['B074XR3PCL'])
2026-03-07 17:29:38,885 [INFO] ブランド再確認中: RICOH360 (対象ASIN: ['B074ZB7PZM'])
2026-03-07 17:29:40,759 [INFO] ブランド再確認中: HermanMiller(ハーマンミラー) (対象ASIN: ['B0753L8C9W', 'B085WD7S5Y', 'B085WDGW2C'])
2026-03-07 17:29:46,248 [INFO] ブランド再確認中: ハーモニック (対象ASIN: ['B0754CLR8N', 'B0754DJ9F5', 'B0754JR43Y'])
2026-03-07 17:29:47,948 [INFO] ブランド【ハーモニック】が再判定で出品可能(〇)になりました！
2026-03-07 17:29:47,951 [INFO] ブランド再確認中: MILKFED.(ミルクフェド) (対象ASIN: ['B0756TXP1T', 'B07572WL58', 'B07572WL5F'])
2026-03-07 17:29:53,499 [INFO] ブランド再確認中: JARGAR (対象ASIN: ['B07573TTYV', 'B07HJC6RR4', 'B07NPBBKLW'])
2026-03-07 17:29:58,898 [INFO] ブランド再確認中: FungLam (対象ASIN: ['B0757KSDMM'])
2026-03-07 17:30:00,648 [INFO] ブランド再確認中: MARUGO(マルゴ) (対象ASIN: ['B07589986C', 'B07589L2SG', 'B07589WG1F'])
2026-03-07 17:30:06,030 [INFO] ブランド再確認中: Art3d (対象ASIN: ['B075B71KD3', 'B0BWRNPT3B', 'B0BWRPSSXL'])
2026-03-07 17:30:11,482 [INFO] ブランド再確認中: K9 Sport Sack (対象ASIN: ['B075CYJJK2', 'B07N76W8X2', 'B0C7GRQ288'])
2026-03-07 17:30:16,797 [INFO] ブランド再確認中: DISKUNION (対象ASIN: ['B075DCGYMW', 'B07NBXQTML'])
2026-03-07 17:30:20,532 [INFO] ブランド再確認中: Globber (対象ASIN: ['B075DHQBQ4', 'B07B6HTFLM', 'B07N1FJPH8'])
2026-03-07 17:30:26,133 [INFO] ブランド再確認中: 家具のAKIRA (対象ASIN: ['B075F37W4H', 'B093GLHS2T', 'B0CM59H73G'])
2026-03-07 17:30:31,573 [INFO] ブランド再確認中: HELIKON-TEX (対象ASIN: ['B075F9LSVL', 'B077GXJVLJ', 'B077GXM7B1'])
2026-03-07 17:30:37,112 [INFO] ブランド再確認中: 肉贈 (対象ASIN: ['B075FLJKYN', 'B07D98TBFM'])
2026-03-07 17:30:40,841 [INFO] ブランド再確認中: ハヤブサ(Hayabusa) (対象ASIN: ['B075GDNXNR', 'B07S323CF4', 'B07S3ZZV89'])
2026-03-07 17:30:46,688 [INFO] ブランド再確認中: Pioneer DJ (対象ASIN: ['B075GL3G95', 'B075GMWGGJ', 'B075GRL4HF'])
2026-03-07 17:30:52,165 [INFO] ブランド再確認中: BELLE MAISON(ベルメゾン) (対象ASIN: ['B075L5DFF6', 'B0BCP88H7Q', 'B0BZPJQK3S'])
2026-03-07 17:30:53,885 [INFO] ブランド【BELLE MAISON(ベルメゾン)】が再判定で出品可能(〇)になりました！
2026-03-07 17:30:53,888 [INFO] ブランド再確認中: ZtotopCases (対象ASIN: ['B075LK2SDH', 'B075LMKPWW'])
2026-03-07 17:30:57,524 [INFO] ブランド再確認中: HALムスイ (対象ASIN: ['B075M78JL9'])
2026-03-07 17:30:59,777 [INFO] ブランド再確認中: 卸値市場チャッキー (対象ASIN: ['B075MBYQN1', 'B08WH7GMP7'])
2026-03-07 17:31:03,410 [INFO] ブランド再確認中: ZUGU CASE (対象ASIN: ['B075MVLG99', 'B07YF38PFP', 'B08L9X49Q4'])
2026-03-07 17:31:09,601 [INFO] ブランド再確認中: BABY-G(ベイビージー) (対象ASIN: ['B075WRZTJH', 'B092M7KZQB', 'B092M7VCL9'])
2026-03-07 17:31:15,476 [INFO] ブランド再確認中: Skip Hop (対象ASIN: ['B075X8TPMN', 'B075XP1VS2', 'B076F9LV2V'])
2026-03-07 17:31:21,103 [INFO] ブランド再確認中: Princess (対象ASIN: ['B075XJ6G55', 'B07HK2LF5M'])
2026-03-07 17:31:24,716 [INFO] ブランド再確認中: Entergram (対象ASIN: ['B075XR7N79', 'B075XT4LL5', 'B077GPXNL7'])
2026-03-07 17:31:30,456 [INFO] ブランド再確認中: SUNNY GUARD (対象ASIN: ['B075ZN3SZ5', 'B07YTL7S4F', 'B07YTPP8J1'])
2026-03-07 17:31:35,975 [INFO] ブランド再確認中: Animato (対象ASIN: ['B0761PLNGG'])
2026-03-07 17:31:37,844 [INFO] ブランド再確認中: PANEFRI (対象ASIN: ['B0762PLMFL'])
2026-03-07 17:31:39,558 [INFO] ブランド【PANEFRI】が再判定で出品可能(〇)になりました！
2026-03-07 17:31:39,561 [INFO] ブランド再確認中: SK Hynix (対象ASIN: ['B0762VRN9K', 'B07SKHKM8M', 'B07XCXRJKT'])
2026-03-07 17:31:44,939 [INFO] ブランド再確認中: Yamada (対象ASIN: ['B0763MHTKH', 'B082M6HTL3'])
2026-03-07 17:31:48,486 [INFO] ブランド再確認中: Meris (対象ASIN: ['B0763QM3R4', 'B07G4HZC1Q', 'B07HWYJTXT'])
2026-03-07 17:31:53,955 [INFO] ブランド再確認中: アサヒクッキンカット(Asahi Cookin' Cut) (対象ASIN: ['B0763RN9QQ'])
2026-03-07 17:31:55,956 [INFO] ブランド再確認中: 303 Products (対象ASIN: ['B0763SVTL5'])
2026-03-07 17:31:57,741 [INFO] ブランド再確認中: ザイラス(Zairas) (対象ASIN: ['B0763VXG4Z', 'B0923JSM7W', 'B0923LZFH3'])
2026-03-07 17:32:00,064 [INFO] ブランド【ザイラス(Zairas)】が再判定で出品可能(〇)になりました！
2026-03-07 17:32:00,072 [INFO] ブランド再確認中: Two Notes (対象ASIN: ['B07661S6PM', 'B0B7Y1MKQX', 'B0B7Y343RZ'])
2026-03-07 17:32:05,865 [INFO] ブランド再確認中: GORBE (対象ASIN: ['B07685HZY1', 'B08VS8CGWT'])
2026-03-07 17:32:09,506 [INFO] ブランド再確認中: ROCKBROS (対象ASIN: ['B076CC6VM1', 'B08GKB2NJ8', 'B08V8HJKST'])
2026-03-07 17:32:15,048 [INFO] ブランド再確認中: Saranoni (対象ASIN: ['B076CSJJLS', 'B07B3DY4NS', 'B07JB9P68P'])
2026-03-07 17:32:20,534 [INFO] ブランド再確認中: Kyte BABY (対象ASIN: ['B076D9TYH9', 'B076DGNW7Q', 'B076DH14SP'])
2026-03-07 17:32:26,717 [INFO] ブランド再確認中: トンボ(Tombow) (対象ASIN: ['B076DPD14K'])
2026-03-07 17:32:28,492 [INFO] ブランド再確認中: TEN-HIGH (対象ASIN: ['B076HKK71J'])
2026-03-07 17:32:30,243 [INFO] ブランド再確認中: Xvive (対象ASIN: ['B076HLH98X', 'B07CNLJDST', 'B07V9RCV8J'])
2026-03-07 17:32:35,861 [INFO] ブランド再確認中: ジェイストーム (対象ASIN: ['B076HMZ6MT', 'B07PX2F94R', 'B07Y9934G3'])
2026-03-07 17:32:41,204 [INFO] ブランド再確認中: HOTSUIT (対象ASIN: ['B076M9M8RD', 'B07TT34LFD', 'B087NLB75G'])
2026-03-07 17:32:46,753 [INFO] ブランド再確認中: Deda Elementi (対象ASIN: ['B076MHZZ6W', 'B076MPXTT1', 'B077G8FLNT'])
2026-03-07 17:32:52,136 [INFO] ブランド再確認中: LeeDee (対象ASIN: ['B076RSPX9Q', 'B076RTNHYY', 'B076TVY2ZW'])
2026-03-07 17:32:57,687 [INFO] ブランド再確認中: バーミキュラ(Vermicular) (対象ASIN: ['B076WBR6R2', 'B077P24PYR', 'B077P2CHVK'])
2026-03-07 17:33:03,067 [INFO] ブランド再確認中: SHOTEN (対象ASIN: ['B076WYS6VN'])
2026-03-07 17:33:04,886 [INFO] ブランド再確認中: 伊藤忠リーテイルリンク (対象ASIN: ['B076X2QRDK'])
2026-03-07 17:33:06,591 [INFO] ブランド【伊藤忠リーテイルリンク】が再判定で出品可能(〇)になりました！
2026-03-07 17:33:06,594 [INFO] ブランド再確認中: Grip Swany(グリップスワニー) (対象ASIN: ['B077211BQB'])
2026-03-07 17:33:08,305 [INFO] ブランド【Grip Swany(グリップスワニー)】が再判定で出品可能(〇)になりました！
2026-03-07 17:33:08,308 [INFO] ブランド再確認中: DuraSafe Cases (対象ASIN: ['B07764T8LK', 'B07766CZ98', 'B078JNSF3S'])
2026-03-07 17:33:13,899 [INFO] ブランド再確認中: Blackberry Jam (対象ASIN: ['B0777MMMNH'])
2026-03-07 17:33:15,586 [INFO] ブランド【Blackberry Jam】が再判定で出品可能(〇)になりました！
2026-03-07 17:33:15,594 [INFO] ブランド再確認中: OKAYASU RUBBER (対象ASIN: ['B0779N953M', 'B0779R3FZS'])
2026-03-07 17:33:19,314 [INFO] ブランド再確認中: サンコープラスチック(SankoPlastic) (対象ASIN: ['B077F637DX', 'B077F6W7PX', 'B0D6Y1H84H'])
2026-03-07 17:33:24,724 [INFO] ブランド再確認中: ProsourceFit (対象ASIN: ['B077G7BL88', 'B077G7FQJS', 'B077GCBZPJ'])
2026-03-07 17:33:30,239 [INFO] ブランド再確認中: ROCKBOARD by Warwick (対象ASIN: ['B077GCR7KZ', 'B079H439CH', 'B07BDP3N38'])
2026-03-07 17:33:35,905 [INFO] ブランド再確認中: Gravity (対象ASIN: ['B077HZ223F', 'B078CR3FPW', 'B07DPQPDQ4'])
2026-03-07 17:33:41,496 [INFO] ブランド再確認中: XP-Pen (対象ASIN: ['B077JPWKQJ', 'B07VKB37HZ', 'B07VZF7ZC9'])
2026-03-07 17:33:48,460 [INFO] ブランド再確認中: SONICAKE (対象ASIN: ['B077PVTC88', 'B07WJLCHG4', 'B0CBS46FF4'])
2026-03-07 17:33:53,692 [INFO] ブランド再確認中: foldio foldable studio (対象ASIN: ['B077PYFH39', 'B0792NCR6Y', 'B08JV48FMJ'])
2026-03-07 17:34:00,006 [INFO] ブランド再確認中: エーハイム (対象ASIN: ['B077S2TCT2'])
2026-03-07 17:34:01,888 [INFO] ブランド再確認中: Furyu (対象ASIN: ['B077TCGC85', 'B077TKYSM9', 'B077TX8FQZ'])
2026-03-07 17:34:08,338 [INFO] ブランド再確認中: Scheepjes (対象ASIN: ['B077V38F5W'])
2026-03-07 17:34:10,200 [INFO] ブランド再確認中: Exacompta (対象ASIN: ['B077VJL992', 'B084N1Z9B5'])
2026-03-07 17:34:13,884 [INFO] ブランド再確認中: SENTRY(セントリー) (対象ASIN: ['B077X2R9J6', 'B0BH3TCTMG'])
2026-03-07 17:34:17,531 [INFO] ブランド再確認中: 5MAYI (対象ASIN: ['B077XV5H3K', 'B077XWNNRY', 'B077Y1X9PY'])
2026-03-07 17:34:23,205 [INFO] ブランド再確認中: ビックスリー (対象ASIN: ['B077ZK9WRJ', 'B087BC6NHC', 'B08M924ZSB'])
2026-03-07 17:34:28,670 [INFO] ブランド再確認中: MOXI (対象ASIN: ['B0781GHLHQ', 'B0781GHLYH', 'B0781H5WVT'])
2026-03-07 17:34:34,310 [INFO] ブランド再確認中: ハウスホールドジャパン (対象ASIN: ['B0781ZBLH9', 'B07822VXWX', 'B07CKQ1RWT'])
2026-03-07 17:34:40,139 [INFO] ブランド再確認中: Sshhmute (対象ASIN: ['B0785JHVMN'])
2026-03-07 17:34:41,993 [INFO] ブランド再確認中: XCMAN (対象ASIN: ['B07875QWTY', 'B09GYGLFG8', 'B0CP66K46G'])
2026-03-07 17:34:47,490 [INFO] ブランド再確認中: シーケンツ(Sequenz) (対象ASIN: ['B07879P1WG', 'B07F3VNFMN'])
2026-03-07 17:34:51,147 [INFO] ブランド再確認中: NEWTRY (対象ASIN: ['B0788HV3KW'])
2026-03-07 17:34:52,983 [INFO] ブランド再確認中: Trangia (対象ASIN: ['B0788YQ67M', 'B079KBXNQ2'])
2026-03-07 17:34:56,598 [INFO] ブランド再確認中: Hsbao (対象ASIN: ['B07898GCGY', 'B0789KHMF7'])
2026-03-07 17:35:00,186 [INFO] ブランド再確認中: Wellputt (対象ASIN: ['B0789MY7PP', 'B0789WHP89', 'B078B79SCB'])
2026-03-07 17:35:06,077 [INFO] ブランド再確認中: SleepingBaby (対象ASIN: ['B0789S2KNT', 'B07BM9CT64', 'B07BM9CT66'])
2026-03-07 17:35:11,730 [INFO] ブランド再確認中: Team Associated (対象ASIN: ['B078B3G2SK', 'B0CC6JGS5Y'])
2026-03-07 17:35:15,347 [INFO] ブランド再確認中: Hanchen (対象ASIN: ['B078GJB7L7', 'B078GKSD1H'])
2026-03-07 17:35:17,045 [INFO] ブランド【Hanchen】が再判定で出品可能(〇)になりました！
2026-03-07 17:35:17,048 [INFO] ブランド再確認中: Iwatani (対象ASIN: ['B078H85FD4', 'B07GV7HCDP', 'B07RZ3XJBJ'])
2026-03-07 17:35:22,520 [INFO] ブランド再確認中: なごみ工房 (対象ASIN: ['B078H9YLMB', 'B0D2TFCXKX', 'B0DSK5D97F'])
2026-03-07 17:35:27,971 [INFO] ブランド再確認中: 2XU (対象ASIN: ['B078HC93CR', 'B078HCC89N', 'B078HF493F'])
2026-03-07 17:35:33,550 [INFO] ブランド再確認中: ANTEC (対象ASIN: ['B078JBVTBV', 'B07G2SV1F3', 'B07LBXP8KZ'])
2026-03-07 17:35:39,425 [INFO] ブランド再確認中: TAION(タイオン) (対象ASIN: ['B078L2MQV6', 'B0FHW9HY5V', 'B0FHWDMX4C'])
2026-03-07 17:35:41,151 [INFO] ブランド【TAION(タイオン)】が再判定で出品可能(〇)になりました！
2026-03-07 17:35:41,154 [INFO] ブランド再確認中: GreenTouch (対象ASIN: ['B078TBCWKS', 'B078X8L422', 'B078X8R9Z3'])
2026-03-07 17:35:46,673 [INFO] ブランド再確認中: yinfente (対象ASIN: ['B078YPBNLQ', 'B0791DF8YT', 'B079QT2NH9'])
2026-03-07 17:35:52,579 [INFO] ブランド再確認中: 本間ゴルフ (対象ASIN: ['B078YT4VXT', 'B09V1ZKPF2', 'B09V21HWBG'])
2026-03-07 17:35:58,024 [INFO] ブランド再確認中: Socket (対象ASIN: ['B078Z3QML5', 'B07DGGGKYN', 'B07N6P28V5'])
2026-03-07 17:36:03,505 [INFO] ブランド再確認中: THE NORTH FACE(ザ・ノース・フェイス) (対象ASIN: ['B07916X5G9', 'B07P35S3HB', 'B083CKHDHG'])
2026-03-07 17:36:09,226 [INFO] ブランド再確認中: 青木安全靴 (対象ASIN: ['B0792QMZFR', 'B0792QT7XC', 'B0792R7S13'])
2026-03-07 17:36:14,586 [INFO] ブランド再確認中: BUDDA (対象ASIN: ['B0793L5GKG'])
2026-03-07 17:36:16,390 [INFO] ブランド【BUDDA】が再判定で出品可能(〇)になりました！
2026-03-07 17:36:16,414 [INFO] ブランド再確認中: DEKOPRO (対象ASIN: ['B0793M9874', 'B08T61D9GX'])
2026-03-07 17:36:19,922 [INFO] ブランド再確認中: EMART (対象ASIN: ['B0798R4JCB', 'B07THHNGPJ', 'B0CG1K43DY'])
2026-03-07 17:36:25,687 [INFO] ブランド再確認中: ORTOFON (対象ASIN: ['B0799NWFSG', 'B0799P2SBJ', 'B0CLYXS2JC'])
2026-03-07 17:36:31,094 [INFO] ブランド再確認中: ハンディ・クラウン(Handy Crown) (対象ASIN: ['B079FHKJF2', 'B09NZBTYWX'])
2026-03-07 17:36:34,720 [INFO] ブランド再確認中: スズキ機工(Suzuki Kikoh) (対象ASIN: ['B079FLM7GJ'])
2026-03-07 17:36:36,428 [INFO] ブランド【スズキ機工(Suzuki Kikoh)】が再判定で出品可能(〇)になりました！
2026-03-07 17:36:36,431 [INFO] ブランド再確認中: KEZEF (対象ASIN: ['B079J64V8F'])
2026-03-07 17:36:38,303 [INFO] ブランド再確認中: オルディ(Ordiy) (対象ASIN: ['B079JZ8958', 'B07BK78LH4', 'B07VWF39LK'])
2026-03-07 17:36:43,633 [INFO] ブランド再確認中: ECO-WORTHY (対象ASIN: ['B079K8D3YK'])
2026-03-07 17:36:45,462 [INFO] ブランド再確認中: TARION (対象ASIN: ['B079K8L72H', 'B09FK27T23', 'B0F9YKZMTP'])
2026-03-07 17:36:50,965 [INFO] ブランド再確認中: SCHLEICH (対象ASIN: ['B079NH9MSC', 'B08W4L9LBD', 'B0BSNZL3CS'])
2026-03-07 17:36:56,498 [INFO] ブランド再確認中: cacomoca (対象ASIN: ['B079NXDR2X'])
2026-03-07 17:36:58,288 [INFO] ブランド再確認中: Oochi-Works (対象ASIN: ['B079Q5HB93', 'B07HK4W3DB'])
2026-03-07 17:37:00,009 [INFO] ブランド【Oochi-Works】が再判定で出品可能(〇)になりました！
2026-03-07 17:37:00,011 [INFO] ブランド再確認中: yuuki (対象ASIN: ['B079QGQ3P4', 'B079QL1VRW'])
2026-03-07 17:37:01,711 [INFO] ブランド【yuuki】が再判定で出品可能(〇)になりました！
2026-03-07 17:37:01,714 [INFO] ブランド再確認中: Burton(バートン) (対象ASIN: ['B079RLDJ81', 'B07VTPV8YX', 'B07VTPVCL3'])
2026-03-07 17:37:07,053 [INFO] ブランド再確認中: マックスコスメジャパン (対象ASIN: ['B079VGF6FQ', 'B09MLJPTS7', 'B09MLJVD2Q'])
2026-03-07 17:37:12,490 [INFO] ブランド再確認中: コスモテキスタイル(Cosmo Textile) (対象ASIN: ['B079VM1L19', 'B079VMFHRK', 'B079VNFSC1'])
2026-03-07 17:37:18,146 [INFO] ブランド再確認中: SIRS-E (対象ASIN: ['B079VW869Z', 'B0BW2D288Z', 'B0BW4LXFVC'])
2026-03-07 17:37:24,503 [INFO] ブランド再確認中: EVERDRIVE (対象ASIN: ['B079X342S4', 'B0BXJWJXQW', 'B0DTV47N36'])
2026-03-07 17:37:30,018 [INFO] ブランド再確認中: Optex (対象ASIN: ['B079XTB41H'])
2026-03-07 17:37:31,759 [INFO] ブランド再確認中: グラフィス(GRAPHIS) (対象ASIN: ['B079XWPK56', 'B081JZP1N8', 'B09FS878GN'])
2026-03-07 17:37:33,538 [INFO] ブランド【グラフィス(GRAPHIS)】が再判定で出品可能(〇)になりました！
2026-03-07 17:37:33,550 [INFO] ブランド再確認中: La Sportiva (対象ASIN: ['B079Y3VP1M'])
2026-03-07 17:37:35,322 [INFO] ブランド再確認中: 日本デキシー(Dixie Japan) (対象ASIN: ['B079ZBCQJN'])
2026-03-07 17:37:37,043 [INFO] ブランド再確認中: フリッツ・ハンセン(Fritz Hansen) (対象ASIN: ['B07B2ZJVZW'])
2026-03-07 17:37:38,876 [INFO] ブランド再確認中: Mytee Products (対象ASIN: ['B07B3WHDBL'])
2026-03-07 17:37:40,717 [INFO] ブランド再確認中: SM'SAI MUSICALS (対象ASIN: ['B07B49WDGX'])
2026-03-07 17:37:42,519 [INFO] ブランド再確認中: 竹人 (対象ASIN: ['B07B4L6NRR'])
2026-03-07 17:37:44,304 [INFO] ブランド再確認中: Sterling by Musicman (対象ASIN: ['B07B6KJ1JY', 'B07BBZNGM6', 'B07BBZVYZ6'])
2026-03-07 17:37:49,760 [INFO] ブランド再確認中: N&D (対象ASIN: ['B07B7NSB9R'])
2026-03-07 17:37:51,611 [INFO] ブランド再確認中: 3Doodler (対象ASIN: ['B07B7PQCZV', 'B0C2L54Q9H'])
2026-03-07 17:37:55,356 [INFO] ブランド再確認中: LINKUP (対象ASIN: ['B07B9FKPYS', 'B07B9HFVZY', 'B07B9LB7GF'])
2026-03-07 17:38:00,863 [INFO] ブランド再確認中: Swarovski (対象ASIN: ['B07BDRQ3QS', 'B07DPRW46T', 'B07NRQ341Z'])
2026-03-07 17:38:06,902 [INFO] ブランド再確認中: Decalen (対象ASIN: ['B07BGZFCXN'])
2026-03-07 17:38:08,756 [INFO] ブランド再確認中: Gamechanger Audio (対象ASIN: ['B07BH8C3CY', 'B07T5Y9JF3'])
2026-03-07 17:38:12,347 [INFO] ブランド再確認中: KingSpec (対象ASIN: ['B07BHM2LDM', 'B0BVZHZ2W6', 'B0CLVBLJQT'])
2026-03-07 17:38:17,836 [INFO] ブランド再確認中: Formlabs (対象ASIN: ['B07BL9C54J', 'B092LKGW2K', 'B092LVNM39'])
2026-03-07 17:38:23,485 [INFO] ブランド再確認中: Shindaiwa (対象ASIN: ['B07BQ2L7JY'])
2026-03-07 17:38:25,111 [INFO] ブランド再確認中: B. toys (対象ASIN: ['B07BR26WT2', 'B08L85CWFL'])
2026-03-07 17:38:28,875 [INFO] ブランド再確認中: Soedesco (対象ASIN: ['B07BTPQHRX', 'B07JWVTQKP', 'B097XB7XTH'])
2026-03-07 17:38:34,670 [INFO] ブランド再確認中: Baby Trend (対象ASIN: ['B07BVB8Z4L'])
2026-03-07 17:38:36,570 [INFO] ブランド再確認中: MAGES. (対象ASIN: ['B07BYL9TBZ', 'B07FQ6MLHW', 'B07V5SXDBP'])
2026-03-07 17:38:42,246 [INFO] ブランド再確認中: BTMETER (対象ASIN: ['B07C2SSH51', 'B0BD4MY9GP', 'B0CHHVBS4L'])
2026-03-07 17:38:47,618 [INFO] ブランド再確認中: ThruNite (対象ASIN: ['B07C7PVXTS'])
2026-03-07 17:38:49,509 [INFO] ブランド再確認中: LAUNCH (対象ASIN: ['B07C9GB9VV'])
2026-03-07 17:38:51,354 [INFO] ブランド再確認中: イトーキ(Itoki) (対象ASIN: ['B07C9NQ24K', 'B07FCVNB1F', 'B07FD1LKWJ'])
2026-03-07 17:38:56,830 [INFO] ブランド再確認中: 三方良し(Sanpouyoshi) (対象ASIN: ['B07CGG6PYT'])
2026-03-07 17:38:58,552 [INFO] ブランド【三方良し(Sanpouyoshi)】が再判定で出品可能(〇)になりました！
2026-03-07 17:38:58,560 [INFO] ブランド再確認中: ヘンリービギンズ(Henly Begins) (対象ASIN: ['B07CJNV8P4', 'B0B24ZB2NM', 'B0DTH6L2XM'])
2026-03-07 17:39:03,976 [INFO] ブランド再確認中: 双日ファッション(Sojitz Fashion) (対象ASIN: ['B07CM7LZV4', 'B07CMH8FW7'])
2026-03-07 17:39:05,692 [INFO] ブランド【双日ファッション(Sojitz Fashion)】が再判定で出品可能(〇)になりました！
2026-03-07 17:39:05,696 [INFO] ブランド再確認中: OWON (対象ASIN: ['B07CNH55FK', 'B09R1L8R8G', 'B0BJNSJ4RP'])
2026-03-07 17:39:11,136 [INFO] ブランド再確認中: セルシス (対象ASIN: ['B07CNT946X', 'B0CX5HPF8D'])
2026-03-07 17:39:14,832 [INFO] ブランド再確認中: K&H (対象ASIN: ['B07CQQRG9N'])
2026-03-07 17:39:16,689 [INFO] ブランド再確認中: Dogtra (対象ASIN: ['B07CR8L5S8', 'B0881WK2S5', 'B0B7SMDJL5'])
2026-03-07 17:39:22,224 [INFO] ブランド再確認中: Chengying (対象ASIN: ['B07CWK6KB6', 'B07D1XP7ST', 'B07D1ZN6S6'])
2026-03-07 17:39:22,226 [INFO] トークン取得から50分経過。再認証を行います...
2026-03-07 17:39:22,905 [INFO] 再認証に成功しました。
2026-03-07 17:39:28,431 [INFO] ブランド再確認中: アテンポ パーカッション(A Tempo Percussion) (対象ASIN: ['B07CWMCTTL'])
2026-03-07 17:39:30,142 [INFO] ブランド【アテンポ パーカッション(A Tempo Percussion)】が再判定で出品可能(〇)になりました！
2026-03-07 17:39:30,145 [INFO] ブランド再確認中: MAYFLASH (対象ASIN: ['B07CXJ77DT', 'B07RK349DY'])
2026-03-07 17:39:33,729 [INFO] ブランド再確認中: ヴィクタス(Victas) (対象ASIN: ['B07CYY29G7', 'B07CZ3QNJ6', 'B07CZDY7JD'])
2026-03-07 17:39:39,199 [INFO] ブランド再確認中: Onitsuka Tiger(オニツカタイガー) (対象ASIN: ['B07CZ3WPF5', 'B07CZ44TGJ', 'B07CZ4TFZB'])
2026-03-07 17:39:44,844 [INFO] ブランド再確認中: JOYSTAR (対象ASIN: ['B07CZK6NZ5', 'B07DD7CG7J', 'B07SLPSYW5'])
2026-03-07 17:39:50,592 [INFO] ブランド再確認中: PINSTRUMENTS (対象ASIN: ['B07CZLXCBH'])
2026-03-07 17:39:52,413 [INFO] ブランド再確認中: Willpo (対象ASIN: ['B07D11B2K2'])
2026-03-07 17:39:54,319 [INFO] ブランド再確認中: POUND (対象ASIN: ['B07D19QQHW'])
2026-03-07 17:39:56,305 [INFO] ブランド再確認中: スコイコ(Scoyco) (対象ASIN: ['B07D2DVMZ5', 'B07D2F4B9V'])
2026-03-07 17:39:59,962 [INFO] ブランド再確認中: NEMIXRAM (対象ASIN: ['B07D2MQ5CZ', 'B07FTQ8TDQ', 'B07FTV4PL3'])
2026-03-07 17:40:05,738 [INFO] ブランド再確認中: Replogle (対象ASIN: ['B07D39C6ND'])
2026-03-07 17:40:07,596 [INFO] ブランド再確認中: MAHALO (対象ASIN: ['B07D3N1VVH', 'B07D7H8RYQ', 'B07HSFB4YY'])
2026-03-07 17:40:13,061 [INFO] ブランド再確認中: LIFETIME (対象ASIN: ['B07D4MM61M'])
2026-03-07 17:40:14,877 [INFO] ブランド再確認中: ORIGIN EFFECTS (対象ASIN: ['B07D5V9V44', 'B0C3JFPXN8', 'B0D2J589J4'])
2026-03-07 17:40:20,289 [INFO] ブランド再確認中: ベビービョルン (対象ASIN: ['B07D6QZPCS', 'B09DC33XLL', 'B0BJ2X4MP9'])
2026-03-07 17:40:26,163 [INFO] ブランド再確認中: Perche(ペルケ) (対象ASIN: ['B07D6Y877F', 'B07D6YH33T', 'B07D6YH34Z'])
2026-03-07 17:40:31,949 [INFO] ブランド再確認中: ベンキュージャパン (対象ASIN: ['B07D79519M', 'B07DP7RYXV', 'B081V1M5CR'])
2026-03-07 17:40:37,402 [INFO] ブランド再確認中: Rockville (対象ASIN: ['B07D8NLPCX', 'B08198NJ9S', 'B09KGF16DZ'])
2026-03-07 17:40:43,376 [INFO] ブランド再確認中: ウィッシュ (対象ASIN: ['B07D8VMCLB'])
2026-03-07 17:40:45,106 [INFO] ブランド【ウィッシュ】が再判定で出品可能(〇)になりました！
2026-03-07 17:40:45,109 [INFO] ブランド再確認中: サイクルデザイン(cycledesign) (対象ASIN: ['B07D985P7W', 'B0DQTSLHZZ'])
2026-03-07 17:40:48,839 [INFO] ブランド再確認中: Fullcom (対象ASIN: ['B07DC21YPJ', 'B096XD44DD', 'B0CC9G8SFT'])
2026-03-07 17:40:54,198 [INFO] ブランド再確認中: GBC (対象ASIN: ['B07DC9973Q', 'B07MBY1W4Z', 'B07MBY2HPT'])
2026-03-07 17:41:00,025 [INFO] ブランド再確認中: WAVLINK (対象ASIN: ['B07DCLK55V', 'B082PFZVZ7', 'B0BRG22N4S'])
2026-03-07 17:41:05,446 [INFO] ブランド再確認中: M-Audio (エムオーディオ) (対象ASIN: ['B07DDN4PYD', 'B07DDN6TP6', 'B07YYWLGFM'])
2026-03-07 17:41:11,392 [INFO] ブランド再確認中: Mina Heal (対象ASIN: ['B07DF5L6QT', 'B07DF5T9M8', 'B07DF7Q5CR'])
2026-03-07 17:41:16,826 [INFO] ブランド再確認中: SONIC TECH (対象ASIN: ['B07DFH2ZLX'])
2026-03-07 17:41:18,555 [INFO] ブランド【SONIC TECH】が再判定で出品可能(〇)になりました！
2026-03-07 17:41:18,559 [INFO] ブランド再確認中: 音音 (対象ASIN: ['B07DGY4Z71'])
2026-03-07 17:41:20,297 [INFO] ブランド【音音】が再判定で出品可能(〇)になりました！
2026-03-07 17:41:20,309 [INFO] ブランド再確認中: 日本精工(NSK) (対象ASIN: ['B07DHQLBBZ', 'B07DHQLCJT', 'B07DHQW6TK'])
2026-03-07 17:41:22,396 [INFO] ブランド【日本精工(NSK)】が再判定で出品可能(〇)になりました！
2026-03-07 17:41:22,399 [INFO] ブランド再確認中: MEEDEN (対象ASIN: ['B07DJ36C58', 'B07PQKL7DR', 'B07R5RHWVT'])
2026-03-07 17:41:28,055 [INFO] ブランド再確認中: Sanabul (対象ASIN: ['B07DJ4MCTX'])
2026-03-07 17:41:29,966 [INFO] ブランド再確認中: OSSTONE (対象ASIN: ['B07DK91T52', 'B07DK95GL9', 'B07DXG9TRS'])
2026-03-07 17:41:35,931 [INFO] ブランド再確認中: ergoPouch (対象ASIN: ['B07DKXGNZ7', 'B089CLHTLJ', 'B08CX7HW75'])
2026-03-07 17:41:41,486 [INFO] ブランド再確認中: マウスコンピューター(Mouse Computer) (対象ASIN: ['B07DLQ23H6'])
2026-03-07 17:41:43,342 [INFO] ブランド再確認中: GENBOLT (対象ASIN: ['B07DQHY5TC', 'B0817KPT4L', 'B0DBTK2YG5'])
2026-03-07 17:41:49,539 [INFO] ブランド再確認中: Blue (対象ASIN: ['B07DV2WK77'])
2026-03-07 17:41:51,422 [INFO] ブランド再確認中: BONAVENTURA (対象ASIN: ['B07DV6HC28', 'B081G7WHMK', 'B081GHD9BZ'])
2026-03-07 17:41:57,352 [INFO] ブランド再確認中: nafka (対象ASIN: ['B07DVYF2YZ'])
2026-03-07 17:41:59,567 [INFO] ブランド再確認中: TAÇ (対象ASIN: ['B07DWTJS1X', 'B07DWZYC4M', 'B07MQF76F5'])
2026-03-07 17:42:05,013 [INFO] ブランド再確認中: Perixx (対象ASIN: ['B07F17XBJP', 'B07F17YLLM', 'B0BLT24WQZ'])
2026-03-07 17:42:10,854 [INFO] ブランド再確認中: Bellroy (対象ASIN: ['B07F1VFMV3', 'B07F1XN5X3', 'B07F1Y1XPG'])
2026-03-07 17:42:16,406 [INFO] ブランド再確認中: Protos GmbH (対象ASIN: ['B07F2GX9BK'])
2026-03-07 17:42:18,242 [INFO] ブランド再確認中: オーイズミ・アミュージオ (対象ASIN: ['B07F2SVT6R'])
2026-03-07 17:42:20,034 [INFO] ブランド再確認中: JJC (対象ASIN: ['B07F3X828F'])
2026-03-07 17:42:21,829 [INFO] ブランド再確認中: MALTA (対象ASIN: ['B07F3YKKNT'])
2026-03-07 17:42:23,641 [INFO] ブランド再確認中: POCKETALK (対象ASIN: ['B07F81LJR2', 'B07F87SV6P'])
2026-03-07 17:42:27,339 [INFO] ブランド再確認中: BALANCE WORKS(バランスワークス) (対象ASIN: ['B07F9NV7W2'])
2026-03-07 17:42:29,085 [INFO] ブランド【BALANCE WORKS(バランスワークス)】が再判定で出品可能(〇)になりました！
2026-03-07 17:42:29,088 [INFO] ブランド再確認中: GTSONIC (対象ASIN: ['B07FCL969D', 'B07FCRZ95P'])
2026-03-07 17:42:32,718 [INFO] ブランド再確認中: Rock-N-Roller (対象ASIN: ['B07FKM6R7T'])
2026-03-07 17:42:34,512 [INFO] ブランド再確認中: MYZOO (対象ASIN: ['B07FMHHNR3', 'B07J2J8Z59', 'B07JG26SDJ'])
2026-03-07 17:42:40,353 [INFO] ブランド再確認中: KEEN Utility (対象ASIN: ['B07FMJF47J', 'B07FMKN9CB', 'B089LYL6SC'])
2026-03-07 17:42:45,650 [INFO] ブランド再確認中: Depusheng (対象ASIN: ['B07FP6PFZ9', 'B0BK4XZMK2'])
2026-03-07 17:42:49,774 [INFO] ブランド再確認中: TRAVELIST(トラベリスト) (対象ASIN: ['B07FPK6HZQ', 'B07VSNBBGX'])
2026-03-07 17:42:51,518 [INFO] ブランド【TRAVELIST(トラベリスト)】が再判定で出品可能(〇)になりました！
2026-03-07 17:42:51,521 [INFO] ブランド再確認中: Stackers (対象ASIN: ['B07FTLTT5P', 'B07Z93P5Y9'])
2026-03-07 17:42:55,531 [INFO] ブランド再確認中: IMRELAX (対象ASIN: ['B07FYG4C16', 'B07FYVHWXT', 'B07GCHVD6Q'])
2026-03-07 17:43:01,057 [INFO] ブランド再確認中: Rawlings(ローリングス) (対象ASIN: ['B07G18FF33', 'B0863SP34F', 'B0863VDT5R'])
2026-03-07 17:43:06,608 [INFO] ブランド再確認中: HORIE(ホリエ) (対象ASIN: ['B07G2CD1LS'])
2026-03-07 17:43:08,419 [INFO] ブランド再確認中: whoop'-de-doo'(フープディドゥ) (対象ASIN: ['B07G2KNNN5', 'B07G2YR53K', 'B0B8SG323P'])
2026-03-07 17:43:10,161 [INFO] ブランド【whoop'-de-doo'(フープディドゥ)】が再判定で出品可能(〇)になりました！
2026-03-07 17:43:10,163 [INFO] ブランド再確認中: enya (対象ASIN: ['B07G2XP928', 'B07H1DHCL8', 'B07H1F5SBS'])
2026-03-07 17:43:15,570 [INFO] ブランド再確認中: WerKens (対象ASIN: ['B07G3BM3WD'])
2026-03-07 17:43:17,457 [INFO] ブランド再確認中: COOLMUSIC (対象ASIN: ['B07G88D6MS', 'B08N45DVRC', 'B09JFLVMXL'])
2026-03-07 17:43:22,912 [INFO] ブランド再確認中: クロシオ(Kuroshio) (対象ASIN: ['B07GBQXFWB', 'B08T1G6V4R'])
2026-03-07 17:43:26,556 [INFO] ブランド再確認中: PIGEON (対象ASIN: ['B07GD9LYRN', 'B07GDHHB28', 'B0B9386D3V'])
2026-03-07 17:43:32,034 [INFO] ブランド再確認中: KiWAV (対象ASIN: ['B07GGL2DWX', 'B07GGS4D19', 'B07GH8S5Y3'])
2026-03-07 17:43:37,901 [INFO] ブランド再確認中: SAXX Underwear Co. (対象ASIN: ['B07GH4XK3T', 'B07GH54F83', 'B07GH5K7WR'])
2026-03-07 17:43:43,511 [INFO] ブランド再確認中: 通信興業(TSUKO) (対象ASIN: ['B07GN6R5QV', 'B07GQRNWTD', 'B07GR1TQZZ'])
2026-03-07 17:43:45,222 [INFO] ブランド【通信興業(TSUKO)】が再判定で出品可能(〇)になりました！
2026-03-07 17:43:45,225 [INFO] ブランド再確認中: スコープテック (対象ASIN: ['B07GSJMPQK'])
2026-03-07 17:43:47,015 [INFO] ブランド再確認中: dreem (対象ASIN: ['B07GX1CPMR', 'B07GX1DDBB', 'B07GX226K9'])
2026-03-07 17:43:52,927 [INFO] ブランド再確認中: HORIBA (対象ASIN: ['B07GXB76VC'])
2026-03-07 17:43:54,742 [INFO] ブランド再確認中: Tiptop Audio (対象ASIN: ['B07GZF45X4', 'B07GZFYCP7'])
2026-03-07 17:43:58,272 [INFO] ブランド再確認中: デジレクト (対象ASIN: ['B07GZH83L1'])
2026-03-07 17:43:59,993 [INFO] ブランド【デジレクト】が再判定で出品可能(〇)になりました！
2026-03-07 17:43:59,996 [INFO] ブランド再確認中: KitchenAid (対象ASIN: ['B07GZV742N'])
2026-03-07 17:44:01,698 [INFO] ブランド再確認中: ORIENT STAR(オリエントスター) (対象ASIN: ['B07H14QLH4', 'B07H14W1K2', 'B07H16GKPG'])
2026-03-07 17:44:07,154 [INFO] ブランド再確認中: VECELO (対象ASIN: ['B07H179R4T', 'B07KXH3Y75', 'B088SZRGGH'])
2026-03-07 17:44:12,649 [INFO] ブランド再確認中: DALI (対象ASIN: ['B07H2NJMPH', 'B07HM4WN2N'])
2026-03-07 17:44:16,322 [INFO] ブランド再確認中: KELME(ケルメ) (対象ASIN: ['B07H3SQGHT', 'B07H3V91K3', 'B07H3VDZZ7'])
2026-03-07 17:44:21,975 [INFO] ブランド再確認中: DD Hammocks (対象ASIN: ['B07H69FZ3R', 'B07HDJLXPZ'])
2026-03-07 17:44:25,947 [INFO] ブランド再確認中: Walfront (対象ASIN: ['B07H8CF2WV', 'B07KGCBCS5', 'B07NVBY6R3'])
2026-03-07 17:44:31,340 [INFO] ブランド再確認中: ユカイ (対象ASIN: ['B07H9BJWZN', 'B08QHJTDF6'])
2026-03-07 17:44:35,243 [INFO] ブランド再確認中: Yubico (対象ASIN: ['B07HBDX2CM', 'B09KM668XJ', 'B09MMDGMLC'])
2026-03-07 17:44:40,801 [INFO] ブランド再確認中: ARCTIC (対象ASIN: ['B07HC782D5', 'B08T64M68V', 'B09VGX1WQH'])
2026-03-07 17:44:46,309 [INFO] ブランド再確認中: ニッソー (対象ASIN: ['B07HFLLGT4'])
2026-03-07 17:44:48,074 [INFO] ブランド再確認中: 恵比寿刃 (対象ASIN: ['B07HKH4CVN'])
2026-03-07 17:44:49,931 [INFO] ブランド再確認中: Meta (対象ASIN: ['B07HNW68ZC', 'B07PTMKYS7', 'B09B9F7439'])
2026-03-07 17:44:55,816 [INFO] ブランド再確認中: プロックス(PROX) (対象ASIN: ['B07HYMK1D2', 'B0BPXZF6DD', 'B0BPY14Q7V'])
2026-03-07 17:45:01,253 [INFO] ブランド再確認中: Aranjuez (対象ASIN: ['B07J234FCM', 'B07J234SBC', 'B07J24PJ6N'])
2026-03-07 17:45:06,620 [INFO] ブランド再確認中: SIXPAD (対象ASIN: ['B07J2P7D43', 'B0C23RQJVS'])
2026-03-07 17:45:10,216 [INFO] ブランド再確認中: Eastar (対象ASIN: ['B07J2YWYTL', 'B07JPKCZYP', 'B07JXZ6HDH'])
2026-03-07 17:45:15,699 [INFO] ブランド再確認中: Farabi Sports (対象ASIN: ['B07J4HRFY7', 'B07J4HRPRG', 'B07J4TW6FH'])
2026-03-07 17:45:21,198 [INFO] ブランド再確認中: PAINT2FIX (対象ASIN: ['B07JDSBPJQ', 'B07JVYXN56', 'B07K6DPTY8'])
2026-03-07 17:45:26,615 [INFO] ブランド再確認中: IN WIN (対象ASIN: ['B07JDYTWQ2', 'B0BF1F39FR', 'B0BF2GDPDZ'])
2026-03-07 17:45:32,327 [INFO] ブランド再確認中: GQ (対象ASIN: ['B07JGJ897T', 'B0CKM5FJQX', 'B0CKM8NML7'])
2026-03-07 17:45:38,206 [INFO] ブランド再確認中: エスピーコネクト(SP Connect) (対象ASIN: ['B07JH9DCZ3', 'B07Y28FJKM', 'B081QGKB17'])
2026-03-07 17:45:43,616 [INFO] ブランド再確認中: 電工石火＼ＤＥＮＫＯ‐ＳＥＫＫＡ (対象ASIN: ['B07JHND11T', 'B07JHXL9S1', 'B0B12C8VQ5'])
2026-03-07 17:45:49,071 [INFO] ブランド再確認中: 額縁のタカハシ (対象ASIN: ['B07JLZKF4C', 'B07JMG1LW1', 'B07JX74XL5'])
2026-03-07 17:45:50,763 [INFO] ブランド【額縁のタカハシ】が再判定で出品可能(〇)になりました！
2026-03-07 17:45:50,766 [INFO] ブランド再確認中: Studiologic (対象ASIN: ['B07JNXFJNH', 'B0F1YPXCBF', 'B0FBMHY3JJ'])
2026-03-07 17:45:56,121 [INFO] ブランド再確認中: qlly (対象ASIN: ['B07JQXX2Z1', 'B07JR33TJC', 'B08DCQRHNT'])
2026-03-07 17:46:01,609 [INFO] ブランド再確認中: FINTIE (対象ASIN: ['B07JZ2JKTY', 'B07JZ37KY3', 'B07KF8F2GK'])
2026-03-07 17:46:06,914 [INFO] ブランド再確認中: エイデータ(Adata) (対象ASIN: ['B07K22FHZT', 'B091CSSXLC', 'B092XTSPC1'])
2026-03-07 17:46:12,314 [INFO] ブランド再確認中: STRADPET (対象ASIN: ['B07K8N8RMK', 'B094CR273Z', 'B095RG3Q42'])
2026-03-07 17:46:18,148 [INFO] ブランド再確認中: イシガキ(Ishigaki) (対象ASIN: ['B07K8Q8LR3', 'B07K8Q8RLT', 'B07K8Q92HR'])
2026-03-07 17:46:23,685 [INFO] ブランド再確認中: トピーク(TOPEAK) (対象ASIN: ['B07KC63MDT', 'B0819779C2', 'B099FK8LZ4'])
2026-03-07 17:46:29,248 [INFO] ブランド再確認中: SIRUI (対象ASIN: ['B07KD33JLB', 'B08L3MTRPX', 'B0BKG8YFVX'])
2026-03-07 17:46:34,835 [INFO] ブランド再確認中: SKW (対象ASIN: ['B07KF2DPZM', 'B084PF3J2D'])
2026-03-07 17:46:38,353 [INFO] ブランド再確認中: KENFORD(ケンフォード) (対象ASIN: ['B07KG2VMVL', 'B07PQNCZD2', 'B0C5GYYLLC'])
2026-03-07 17:46:40,081 [INFO] ブランド【KENFORD(ケンフォード)】が再判定で出品可能(〇)になりました！
2026-03-07 17:46:40,083 [INFO] ブランド再確認中: A-Tech (対象ASIN: ['B07KGKZL6F', 'B07NQR3H4Z', 'B07SXC4J91'])
2026-03-07 17:46:45,709 [INFO] ブランド再確認中: ピュアラックス (対象ASIN: ['B07KJYVMYG', 'B07KJYVTYM', 'B07KK4LSJK'])
2026-03-07 17:46:51,230 [INFO] ブランド再確認中: Dressy Daisy (対象ASIN: ['B07KKDFZGG', 'B07RZ585PH', 'B07RZ5NHWT'])
2026-03-07 17:46:56,838 [INFO] ブランド再確認中: AXEHEAVEN (対象ASIN: ['B07KLK682D', 'B09V3GVBXR'])
2026-03-07 17:47:00,557 [INFO] ブランド再確認中: MAG-LITE(マグライト) (対象ASIN: ['B07KLW5G4N'])
2026-03-07 17:47:02,400 [INFO] ブランド再確認中: ヌーボ(Nuvo) (対象ASIN: ['B07KR7K3SG', 'B07KR88YC1', 'B07KR89BJV'])
2026-03-07 17:47:07,922 [INFO] ブランド再確認中: unipaws (対象ASIN: ['B07KRZHD4P', 'B07KS186YN', 'B091CHXW2C'])
2026-03-07 17:47:13,420 [INFO] ブランド再確認中: カバポスト(Cabapost) (対象ASIN: ['B07KTGTDGR', 'B07Z5HZKZF'])
2026-03-07 17:47:16,985 [INFO] ブランド再確認中: Jakks Pacific (対象ASIN: ['B07KW8PV6Z'])
2026-03-07 17:47:19,534 [INFO] ブランド再確認中: Black Diamond (対象ASIN: ['B07KWDN436', 'B07KWDSZCD', 'B07KWDSZCF'])
2026-03-07 17:47:25,157 [INFO] ブランド再確認中: Better Display Cases (対象ASIN: ['B07KWYTJFB', 'B07N5BS9QB', 'B07P2NGBSK'])
2026-03-07 17:47:30,615 [INFO] ブランド再確認中: ZIPPO (対象ASIN: ['B07KX3ZPPY'])
2026-03-07 17:47:32,393 [INFO] ブランド再確認中: HARIO (対象ASIN: ['B07KZ7MVZG', 'B088JXQFRQ', 'B0BWH2Z8D6'])
2026-03-07 17:47:37,737 [INFO] ブランド再確認中: Case Club (対象ASIN: ['B07L16YZTZ', 'B0BBSP62TK', 'B0CLBS39D9'])
2026-03-07 17:47:43,850 [INFO] ブランド再確認中: Scoot & Ride (対象ASIN: ['B07L48GVRB', 'B07NMBD7RL', 'B07NMKVNPM'])
2026-03-07 17:47:49,458 [INFO] ブランド再確認中: Little Unicorn (対象ASIN: ['B07L4YYYWF', 'B07L51LGCQ', 'B09SPWNN82'])
2026-03-07 17:47:54,868 [INFO] ブランド再確認中: Extreme Online Store (対象ASIN: ['B07L5ZQW3X'])
2026-03-07 17:47:56,719 [INFO] ブランド再確認中: Tzowla (対象ASIN: ['B07L8SXGCN', 'B08XW838JF', 'B0D8Y7966K'])
2026-03-07 17:48:02,568 [INFO] ブランド再確認中: Taste of the Wild (対象ASIN: ['B07L97GQW5', 'B07L9JHXJR', 'B07SFRP4DQ'])
2026-03-07 17:48:08,044 [INFO] ブランド再確認中: Lafuma(ラフマ) (対象ASIN: ['B07LB9H2ZN', 'B07LB9YF5P', 'B0BQ1M67QT'])
2026-03-07 17:48:13,490 [INFO] ブランド再確認中: SAMSONITE(サムソナイト) (対象ASIN: ['B07LBD5NLM', 'B07QKYQF77', 'B07SBTGGR6'])
2026-03-07 17:48:18,997 [INFO] ブランド再確認中: アルマックス (ALMAX) (対象ASIN: ['B07LBNMYCB', 'B07NNRX345', 'B07QQ4WHG1'])
2026-03-07 17:48:20,699 [INFO] ブランド【アルマックス (ALMAX)】が再判定で出品可能(〇)になりました！
2026-03-07 17:48:20,702 [INFO] ブランド再確認中: ASAHI Golf (対象ASIN: ['B07LC7H2X9'])
2026-03-07 17:48:22,870 [INFO] ブランド再確認中: Seagull (対象ASIN: ['B07LCK5RXD'])
2026-03-07 17:48:24,649 [INFO] ブランド再確認中: OOFOS(ウーフォス) (対象ASIN: ['B07LCQHQPB', 'B07LCQV6KM', 'B07LCQYZQG'])
2026-03-07 17:48:30,325 [INFO] ブランド再確認中: FLEXISPOT (対象ASIN: ['B07LF51796', 'B08KZGKPVH', 'B08QCYF7W1'])
2026-03-07 17:48:35,562 [INFO] ブランド再確認中: AUTOart (対象ASIN: ['B07M59BFS5', 'B0CTGX9GFL', 'B0D23QN3XP'])
2026-03-07 17:48:40,949 [INFO] ブランド再確認中: FILCO (対象ASIN: ['B07M5W4HLL', 'B07MNNC2VJ', 'B07MNNC2VW'])
2026-03-07 17:48:46,402 [INFO] ブランド再確認中: KIKAIYA (対象ASIN: ['B07M5YLT5R', 'B07M5ZTQDN', 'B07M9PWPYT'])
2026-03-07 17:48:51,754 [INFO] ブランド再確認中: WORX(ワークス) (対象ASIN: ['B07M7L6FJP', 'B0FHPYNZVB'])
2026-03-07 17:48:55,437 [INFO] ブランド再確認中: Revv Amplification (対象ASIN: ['B07M8GLVPN', 'B07MVRLPFW', 'B0BX4GSY3F'])
2026-03-07 17:49:00,852 [INFO] ブランド再確認中: Compass Games (対象ASIN: ['B07M9SK6KC', 'B09TYNGXNG'])
2026-03-07 17:49:04,514 [INFO] ブランド再確認中: The Peanutshell (対象ASIN: ['B07MCDHPHY', 'B0C7T23J3Y'])
2026-03-07 17:49:08,084 [INFO] ブランド再確認中: Disney Store (対象ASIN: ['B07MCDNB1X', 'B07MCDNFGV', 'B07MFZRXD8'])
2026-03-07 17:49:13,393 [INFO] ブランド再確認中: MARLMARL (対象ASIN: ['B07MD77SLK', 'B07MKF7DRX', 'B07MNJ3DF5'])
2026-03-07 17:49:18,776 [INFO] ブランド再確認中: プレクス (対象ASIN: ['B07MFPVTJY', 'B0823M7VQ1'])
2026-03-07 17:49:20,532 [INFO] ブランド【プレクス】が再判定で出品可能(〇)になりました！
2026-03-07 17:49:20,535 [INFO] ブランド再確認中: SWIFT (対象ASIN: ['B07MFXMNYY', 'B07RRT58ZT', 'B0899HVNB1'])
2026-03-07 17:49:26,023 [INFO] ブランド再確認中: RETRO FIGHTERS (対象ASIN: ['B07MH4FDW7', 'B082XHRXC1'])
2026-03-07 17:49:29,571 [INFO] ブランド再確認中: Cateam (対象ASIN: ['B07MH7JW2P'])
2026-03-07 17:49:31,483 [INFO] ブランド再確認中: Michael Kors (対象ASIN: ['B07MJSWS82', 'B08DCJ5B77', 'B09KWZCM4V'])
2026-03-07 17:49:36,788 [INFO] ブランド再確認中: PAPAISON (対象ASIN: ['B07MKSPYKW', 'B07MR5ZGDS', 'B07R13Z4S2'])
2026-03-07 17:49:42,576 [INFO] ブランド再確認中: ANNTLENT (対象ASIN: ['B07ML28SWS'])
2026-03-07 17:49:44,457 [INFO] ブランド再確認中: DAYUAN (対象ASIN: ['B07ML8N9X5', 'B08954GW18'])
2026-03-07 17:49:48,130 [INFO] ブランド再確認中: JEJ ASTAGE (対象ASIN: ['B07MM53ZTK', 'B07MQDW5RQ', 'B07XFHS7GB'])
2026-03-07 17:49:53,550 [INFO] ブランド再確認中: Decatela (対象ASIN: ['B07MMLF9FP'])
2026-03-07 17:49:55,356 [INFO] ブランド再確認中: タチバナ産業 (対象ASIN: ['B07MMQGDJ2'])
2026-03-07 17:49:57,069 [INFO] ブランド【タチバナ産業】が再判定で出品可能(〇)になりました！
2026-03-07 17:49:57,072 [INFO] ブランド再確認中: LEXIVON (対象ASIN: ['B07MP1Q3W8', 'B084ZCFS53', 'B08J5GYY7M'])
2026-03-07 17:50:02,608 [INFO] ブランド再確認中: Burley Design (対象ASIN: ['B07MSC666J'])
2026-03-07 17:50:04,605 [INFO] ブランド再確認中: Next Level Racing (対象ASIN: ['B07MSHGQRJ', 'B07V8VJ193', 'B07VHWS9J9'])
2026-03-07 17:50:10,518 [INFO] ブランド再確認中: Mau (対象ASIN: ['B07MZHTKLD'])
2026-03-07 17:50:12,306 [INFO] ブランド再確認中: E-Lektron (対象ASIN: ['B07N12HR7R', 'B0CN3VYNQK', 'B0FQLJSQB1'])
2026-03-07 17:50:17,808 [INFO] ブランド再確認中: MAG (Maximum Advantage Grip) (対象ASIN: ['B07N3ZZQ89'])
2026-03-07 17:50:19,864 [INFO] ブランド【MAG (Maximum Advantage Grip)】が再判定で出品可能(〇)になりました！
2026-03-07 17:50:19,867 [INFO] ブランド再確認中: Bananana Effects (対象ASIN: ['B07N468JPN'])
2026-03-07 17:50:21,694 [INFO] ブランド再確認中: 関家具(Sekikagu) (対象ASIN: ['B07N7B3RQ9'])
2026-03-07 17:50:23,840 [INFO] ブランド再確認中: PicassoTiles (対象ASIN: ['B07N7PBXGF', 'B07V9XN4K1', 'B0844WB7S5'])
2026-03-07 17:50:29,771 [INFO] ブランド再確認中: ガーデンライフ彩 (対象ASIN: ['B07N8264SF', 'B07N82Y22G'])
2026-03-07 17:50:33,373 [INFO] ブランド再確認中: GENELEC (対象ASIN: ['B07N852TMF', 'B08JG9TDTK'])
2026-03-07 17:50:36,973 [INFO] ブランド再確認中: Gigastone (対象ASIN: ['B07N86PQLQ', 'B07QVL4BR8', 'B07QWTJNFS'])
2026-03-07 17:50:42,318 [INFO] ブランド再確認中: 関西化工株式会社 (対象ASIN: ['B07ND7ZNPC'])
2026-03-07 17:50:44,047 [INFO] ブランド【関西化工株式会社】が再判定で出品可能(〇)になりました！
2026-03-07 17:50:44,049 [INFO] ブランド再確認中: Incase(インケース) (対象ASIN: ['B07NDMLNGV', 'B07NDMTG6J', 'B07NDNB1T9'])
2026-03-07 17:50:49,888 [INFO] ブランド再確認中: 薬師窯(yakushigama) (対象ASIN: ['B07NGFVH77', 'B0CCD1TM6Z', 'B0CCD387JG'])
2026-03-07 17:50:55,518 [INFO] ブランド再確認中: Boody(ブーディ) (対象ASIN: ['B07NH95R1V'])
2026-03-07 17:50:57,397 [INFO] ブランド再確認中: 1ボート55 (対象ASIN: ['B07NHW2KM3', 'B07NRNC65C', 'B07NRVPJRX'])
2026-03-07 17:50:59,180 [INFO] ブランド【1ボート55】が再判定で出品可能(〇)になりました！
2026-03-07 17:50:59,182 [INFO] ブランド再確認中: THREE COLOUR DOGFISH (対象ASIN: ['B07NJ5HQR2', 'B09MYJM1PF', 'B09YR4PXRV'])
2026-03-07 17:51:04,580 [INFO] ブランド再確認中: Nahok (対象ASIN: ['B07NKRHJTJ', 'B07NKT5M9W'])
2026-03-07 17:51:08,132 [INFO] ブランド再確認中: COOCYY (対象ASIN: ['B07NNTGG8S', 'B07NP3546V', 'B07NP5YG6B'])
2026-03-07 17:51:13,505 [INFO] ブランド再確認中: Magma (対象ASIN: ['B07NQHJCXB', 'B08882SHG7', 'B0BRBSHRS7'])
2026-03-07 17:51:18,906 [INFO] ブランド再確認中: スティガ(STIGA) (対象ASIN: ['B07NR86QQH', 'B07Q1G4YJX', 'B0BTSK9CT2'])
2026-03-07 17:51:24,265 [INFO] ブランド再確認中: KINBOOFI (対象ASIN: ['B07NR8WKWR', 'B07X2GSKM5', 'B07XCKQVCL'])
2026-03-07 17:51:26,052 [INFO] ブランド【KINBOOFI】が再判定で出品可能(〇)になりました！
2026-03-07 17:51:26,109 [INFO] ブランド再確認中: EzyDog (対象ASIN: ['B07NSGXZYB', 'B07NSGYBVL', 'B09713PYCH'])
2026-03-07 17:51:31,465 [INFO] ブランド再確認中: FitElite(フィットエリート) (対象ASIN: ['B07NSQ3HF9'])
2026-03-07 17:51:33,676 [INFO] ブランド再確認中: Elara Made in JAPAN (対象ASIN: ['B07NVQRW3Y'])
2026-03-07 17:51:35,471 [INFO] ブランド再確認中: BUREI (対象ASIN: ['B07NXCD6QC', 'B07Q5RW9HK', 'B07Q6WVCBP'])
2026-03-07 17:51:41,087 [ERROR] DB更新エラー (Brand: BUREI): ('08S01', '[08S01] [Microsoft][ODBC Driver 17 for SQL Server]TCP プロバイダー: 既存の接続はリモート ホストに強制的に切断されました。\r\n (10054) (SQLExecDirectW); [08S01] [Microsoft][ODBC Driver 17 for SQL Server]通信リンクが失敗しました。 (10054)')
