Transaction creation date,Type,Order number,Legacy order ID,Buyer username,Buyer name,Ship to city,Ship to province/region/state,Ship to zip,Ship to country,Net amount,Payout currency,Payout date,Payout ID,Payout method,Payout status,Reason for hold,Item ID,Transaction ID,Item title,Custom label,Quantity,Item subtotal,Shipping and handling,Seller collected tax,eBay collected tax,Final Value Fee - fixed,Final Value Fee - variable,Regulatory operating fee,"Very high ""item not as described"" fee",Below standard performance fee,International fee,Charity donation,Deposit processing fee,Gross transaction amount,Transaction currency,Exchange rate,Reference ID,Description
2026-04-14T12:30:21.218Z,Other fee,13-14496-96518,13-14496-96518,calgaryrhonda,Rhonda Coward,Calgary,AB,t2v 0m3,CA,19.8,USD,--,7448303251,--,--,--,3.58336E+11,FEE-7679090886719_11,Prada Leather Coin Case (White),m19482295950,1,359.99,--,--,--,--,--,--,--,--,--,--,--,359.99,USD,--,--,Promoted Listings - General fee
2026-04-14T03:41:26.498Z,Order,13-14496-96518,13-14496-96518,calgaryrhonda,Rhonda Coward,Calgary,AB,t2v 0m3,CA,304.51,USD,--,--,--,--,--,3.58336E+11,13-14496-96518,Prada Leather Coin Case (White),m19482295950,1,359.99,--,--,--,--,--,--,--,--,--,--,--,359.99,USD,--,--,--
2026-04-11T13:44:20.008Z,Order,01-14502-85044,01-14502-85044,asadikovic,Anes Sadikovic,Louisville,KY,40222,US,108.48,USD,--,7448303251,--,--,--,3.58327E+11,01-14502-85044,Louis Vuitton Bi-Fold Wallet W-Hook Azur A Condition,m87779927831,1,129.99,--,--,--,--,--,--,--,--,--,--,--,129.99,USD,--,--,--
2026-04-08T15:25:32.084Z,Other fee,27-14450-95719,27-14450-95719,charl-bisse,Charlene Bissell,Newport,RI,2841,US,22.74,USD,--,7436883427,--,--,--,3.5834E+11,FEE-7662094106619_11,Unused HERMES Carre 90 Au Coeur des Bois Beige Showcase Item,m89303731334,1,389.99,--,--,--,--,--,--,--,--,--,--,--,389.99,USD,--,--,Promoted Listings - General fee
2026-04-08T15:21:43.762Z,Order,27-14450-95719,27-14450-95719,charl-bisse,Charlene Bissell,Newport,RI,2841,US,326.34,USD,--,7452056179,--,--,--,3.5834E+11,27-14450-95719,Unused HERMES Carre 90 Au Coeur des Bois Beige Showcase Item,m89303731334,1,389.99,--,--,--,--,--,--,--,--,--,--,--,389.99,USD,--,--,--
2026-04-06T17:30:36.462Z,Order,19-14453-77496,19-14453-77496,tayloeade0,Taylor Eades,Bristol,TN,37620,US,190.95,USD,--,7441700443,--,--,--,3.58322E+11,19-14453-77496,Rare Louis Vuitton Monogram Porte-Monnaie Accordion Coin Case,m16771076032,1,229.99,--,--,--,--,--,--,--,--,--,--,--,229.99,USD,--,--,--
2026-04-06T02:07:39.112Z,Other fee,26-14440-71841,26-14440-71841,julicarte-96,Julie Carter,Amarillo,TX,79109,US,8.93,USD,--,7435248883,--,--,--,3.58301E+11,FEE-7654923605219_11,Kate Spade Long Wallet Flower Jacquard 11-250943 Excellent Condition,m11458128437,1,149.99,--,--,--,--,--,--,--,--,--,--,--,149.99,USD,--,--,Promoted Listings - General fee
2026-04-06T02:02:06.654Z,Order,26-14440-71841,26-14440-71841,julicarte-96,Julie Carter,Amarillo,TX,79109,US,124.73,USD,--,7441700443,--,--,--,3.58301E+11,26-14440-71841,Kate Spade Long Wallet Flower Jacquard 11-250943 Excellent Condition,m11458128437,1,149.99,--,--,--,--,--,--,--,--,--,--,--,149.99,USD,--,--,--
2026-04-05T22:08:36.336Z,Other fee,09-14464-41816,09-14464-41816,ke_4190369,Kenya Thomas,Manalapan,NJ,7726,US,8.8,USD,--,7435248883,--,--,--,3.58332E+11,FEE-7654350844419_11,Louis Vuitton Damier Long Wallet,m96766530104,1,149.99,--,--,--,--,--,--,--,--,--,--,--,149.99,USD,--,--,Promoted Listings - General fee
2026-04-05T22:02:57.050Z,Order,09-14464-41816,09-14464-41816,ke_4190369,Kenya Thomas,Manalapan,NJ,7726,US,125.1,USD,--,7448303251,--,--,--,3.58332E+11,09-14464-41816,Louis Vuitton Damier Long Wallet,m96766530104,1,149.99,--,--,--,--,--,--,--,--,--,--,--,149.99,USD,--,--,--
2026-04-04T03:55:14.682Z,Other fee,13-14452-04831,13-14452-04831,thebestnullcards,thebestnullcards,Ventura,CA,93001,US,14.82,USD,--,7435248883,--,--,--,3.58349E+11,FEE-7649376137619_11,LOUIS VUITTON Monogram Titanium Portefeuille Brother Wallet Long Wallet,2JG9aGnCWVcrPbYBFhvSqC,1,250,--,--,--,--,--,--,--,--,--,--,--,250,USD,--,--,Promoted Listings - General fee
2026-04-04T03:50:08.070Z,Order,13-14452-04831,13-14452-04831,thebestnullcards,thebestnullcards,Ventura,CA,93001,US,208.38,USD,--,7448303251,--,--,--,3.58349E+11,13-14452-04831,LOUIS VUITTON Monogram Titanium Portefeuille Brother Wallet Long Wallet,2JG9aGnCWVcrPbYBFhvSqC,1,250,--,--,--,--,--,--,--,--,--,--,--,250,USD,--,--,--
2026-04-02T21:14:46.928Z,Order,04-14459-62947,04-14459-62947,castelblanco2z2c,Frank Castelblanco,Asheville,NC,28803,US,248.9,USD,--,7435248883,--,--,--,3.583E+11,04-14459-62947,"Hermès Scarf Carré, Venice Carnival",m29791961595,1,298.11,--,--,--,--,--,--,--,--,--,--,--,298.11,USD,--,--,--
2026-04-02T21:02:39.117Z,ADJUSTMENT,--,--,--,--,--,--,--,--,0.03,USD,--,7426084723,--,--,--,--,INVOICE-26fa8a7c84969d4b16350dc1e5853d47_182,--,--,--,--,--,--,--,--,--,--,--,--,--,--,--,0.03,USD,--,--,--
2026-04-01T17:31:02.005Z,Other fee,--,--,--,--,--,--,--,--,65.95,USD,--,7424553811,--,--,--,--,INVOICE-7641878440319_11,--,--,--,--,--,--,--,--,--,--,--,--,--,--,--,65.95,USD,--,--,2026-03-31 - 2026-04-29
2026-04-01T16:09:29.833Z,Other fee,10-14444-89541,10-14444-89541,tedav8944,Teona Davila,Louisville,KY,40219,US,11.09,USD,--,7424553811,--,--,--,3.58327E+11,FEE-7641636059019_11,LOUIS VUITTON Accessoires Télécphone Graffiti Charm,m85151032720,1,190.21,--,--,--,--,--,--,--,--,--,--,--,190.21,USD,--,--,Promoted Listings - General fee
2026-04-01T16:05:32.966Z,Order,10-14444-89541,10-14444-89541,tedav8944,Teona Davila,Louisville,KY,40219,US,158.94,USD,--,7436883427,--,--,--,3.58327E+11,10-14444-89541,LOUIS VUITTON Accessoires Télécphone Graffiti Charm,m85151032720,1,190.21,--,--,--,--,--,--,--,--,--,--,--,190.21,USD,--,--,--
2026-03-31T20:59:37.913Z,Other fee,07-14446-37830,07-14446-37830,jechra-0,Jessica Chrapliwy,Sewell,NJ,8080,US,7.62,USD,--,7422552379,--,--,--,3.58291E+11,FEE-7639622501119_11,Rare Product ✨ COACH Pink Gradation T-Rose Keychain,m19214181892,1,129.99,--,--,--,--,--,--,--,--,--,--,--,129.99,USD,--,--,Promoted Listings - General fee
2026-03-31T20:56:25.874Z,Order,07-14446-37830,07-14446-37830,jechra-0,Jessica Chrapliwy,Sewell,NJ,8080,US,108.13,USD,--,7440053875,--,--,--,3.58291E+11,07-14446-37830,Rare Product ✨ COACH Pink Gradation T-Rose Keychain,m19214181892,1,129.99,--,--,--,--,--,--,--,--,--,--,--,129.99,USD,--,--,--
2026-03-31T00:31:15.313Z,Other fee,06-14444-05433,06-14444-05433,arr_36949,Olivia Arroyo,Dallas,TX,75248-3951,US,19.05,USD,--,7422552379,--,--,--,3.58349E+11,FEE-7637804224219_11,HERMES Scarf 90 GIVERNY Monet's Garden,m97942472584,1,319.99,--,--,--,--,--,--,--,--,--,--,--,319.99,USD,--,--,Promoted Listings - General fee
2026-03-31T00:28:56.912Z,Order,06-14444-05433,06-14444-05433,arr_36949,Olivia Arroyo,Dallas,TX,75248-3951,US,266.01,USD,--,7435248883,--,--,--,3.58349E+11,06-14444-05433,HERMES Scarf 90 GIVERNY Monet's Garden,m97942472584,1,319.99,--,--,--,--,--,--,--,--,--,--,--,319.99,USD,--,--,--
2026-03-29T20:57:03.099Z,Other fee,20-14414-18992,20-14414-18992,cosmofern,Ginger Williams,Indianapolis,IN,46220,US,14.71,USD,--,7422552379,--,--,--,3.58354E+11,FEE-10147548429_42,Louis Vuitton Monogram Porte-Monnaie Viennois Compact Wallet Brown,m52930531604,1,249.99,--,--,--,--,--,--,--,--,--,--,--,249.99,USD,--,--,Promoted Listings - General fee
2026-03-29T20:46:57.783Z,Refund,20-14414-18992,20-14414-18992,cosmofern,Ginger Williams,Indianapolis,IN,46220,US,208.21,USD,--,7422552379,--,--,--,3.58354E+11,RRP-6666030078-CCM_CHARGE,Louis Vuitton Monogram Porte-Monnaie Viennois Compact Wallet Brown,m52930531604,1,249.99,--,--,--,--,--,--,--,--,--,--,--,249.99,USD,--,--,--
2026-03-29T02:57:25.170Z,Other fee,--,--,--,--,--,--,--,--,0.11,USD,--,7422552379,--,--,--,--,FEE-7633308811219_11,--,--,--,--,--,--,--,--,--,--,--,--,--,--,--,0.11,USD,--,--,Insertion Fee
2026-03-29T02:56:24.473Z,Other fee,--,--,--,--,--,--,--,--,0.11,USD,--,7422552379,--,--,--,--,FEE-7633306950719_11,--,--,--,--,--,--,--,--,--,--,--,--,--,--,--,0.11,USD,--,--,Insertion Fee
2026-03-29T02:10:29.716Z,Other fee,20-14414-18992,20-14414-18992,cosmofern,Ginger Williams,Indianapolis,IN,46220,US,14.71,USD,--,7422552379,--,--,--,3.58354E+11,FEE-7633236294919_11,Louis Vuitton Monogram Porte-Monnaie Viennois Compact Wallet Brown,m52930531604,1,249.99,--,--,--,--,--,--,--,--,--,--,--,249.99,USD,--,--,Promoted Listings - General fee
2026-03-29T02:06:09.663Z,Order,20-14414-18992,20-14414-18992,cosmofern,Ginger Williams,Indianapolis,IN,46220,US,208.21,USD,--,7422552379,--,--,--,3.58354E+11,20-14414-18992,Louis Vuitton Monogram Porte-Monnaie Viennois Compact Wallet Brown,m52930531604,1,249.99,--,--,--,--,--,--,--,--,--,--,--,249.99,USD,--,--,--
2026-03-29T01:14:33.666Z,Other fee,--,--,--,--,--,--,--,--,0.11,USD,--,7422552379,--,--,--,--,FEE-7633134548119_11,--,--,--,--,--,--,--,--,--,--,--,--,--,--,--,0.11,USD,--,--,Insertion Fee
2026-03-29T01:11:31.852Z,Other fee,--,--,--,--,--,--,--,--,0.11,USD,--,7422552379,--,--,--,--,FEE-7633129884119_11,--,--,--,--,--,--,--,--,--,--,--,--,--,--,--,0.11,USD,--,--,Insertion Fee
2026-03-29T01:09:09.706Z,Other fee,--,--,--,--,--,--,--,--,0.11,USD,--,7422552379,--,--,--,--,FEE-7633125621819_11,--,--,--,--,--,--,--,--,--,--,--,--,--,--,--,0.11,USD,--,--,Insertion Fee
2026-03-29T01:06:32.243Z,Other fee,--,--,--,--,--,--,--,--,0.11,USD,--,7422552379,--,--,--,--,FEE-7633121926019_11,--,--,--,--,--,--,--,--,--,--,--,--,--,--,--,0.11,USD,--,--,Insertion Fee
2026-03-29T01:06:12.677Z,Other fee,--,--,--,--,--,--,--,--,0.11,USD,--,7422552379,--,--,--,--,FEE-7633119720419_11,--,--,--,--,--,--,--,--,--,--,--,--,--,--,--,0.11,USD,--,--,Insertion Fee
2026-03-29T01:05:14.266Z,Other fee,--,--,--,--,--,--,--,--,0.11,USD,--,7422552379,--,--,--,--,FEE-7633118293219_11,--,--,--,--,--,--,--,--,--,--,--,--,--,--,--,0.11,USD,--,--,Insertion Fee
2026-03-29T01:03:54.493Z,Other fee,--,--,--,--,--,--,--,--,0.11,USD,--,7422552379,--,--,--,--,FEE-7633116754819_11,--,--,--,--,--,--,--,--,--,--,--,--,--,--,--,0.11,USD,--,--,Insertion Fee
2026-03-29T01:02:33.154Z,Other fee,--,--,--,--,--,--,--,--,0.11,USD,--,7422552379,--,--,--,--,FEE-7633115139519_11,--,--,--,--,--,--,--,--,--,--,--,--,--,--,--,0.11,USD,--,--,Insertion Fee
2026-03-29T00:58:38.160Z,Other fee,--,--,--,--,--,--,--,--,0.11,USD,--,7422552379,--,--,--,--,FEE-7633108849019_11,--,--,--,--,--,--,--,--,--,--,--,--,--,--,--,0.11,USD,--,--,Insertion Fee
2026-03-29T00:55:12.835Z,Other fee,--,--,--,--,--,--,--,--,0.11,USD,--,7422552379,--,--,--,--,FEE-7633100265819_11,--,--,--,--,--,--,--,--,--,--,--,--,--,--,--,0.11,USD,--,--,Insertion Fee
2026-03-29T00:53:39.341Z,Other fee,--,--,--,--,--,--,--,--,0.11,USD,--,7422552379,--,--,--,--,FEE-7633097593219_11,--,--,--,--,--,--,--,--,--,--,--,--,--,--,--,0.11,USD,--,--,Insertion Fee
2026-03-29T00:49:31.557Z,Other fee,--,--,--,--,--,--,--,--,0.11,USD,--,7422552379,--,--,--,--,FEE-7633091135319_11,--,--,--,--,--,--,--,--,--,--,--,--,--,--,--,0.11,USD,--,--,Insertion Fee
2026-03-29T00:42:32.182Z,Other fee,--,--,--,--,--,--,--,--,0.11,USD,--,7422552379,--,--,--,--,FEE-7633083685619_11,--,--,--,--,--,--,--,--,--,--,--,--,--,--,--,0.11,USD,--,--,Insertion Fee
2026-03-29T00:03:28.523Z,Other fee,--,--,--,--,--,--,--,--,0.11,USD,--,7422552379,--,--,--,--,FEE-7633038584719_11,--,--,--,--,--,--,--,--,--,--,--,--,--,--,--,0.11,USD,--,--,Insertion Fee
2026-03-28T23:20:51.981Z,Other fee,--,--,--,--,--,--,--,--,0.11,USD,--,7422552379,--,--,--,--,FEE-7632976092219_11,--,--,--,--,--,--,--,--,--,--,--,--,--,--,--,0.11,USD,--,--,Insertion Fee
2026-03-28T22:56:04.238Z,Other fee,--,--,--,--,--,--,--,--,0.11,USD,--,7417074883,--,--,--,--,FEE-7632941759119_11,--,--,--,--,--,--,--,--,--,--,--,--,--,--,--,0.11,USD,--,--,Insertion Fee
2026-03-28T22:55:02.463Z,Other fee,--,--,--,--,--,--,--,--,0.11,USD,--,7417074883,--,--,--,--,FEE-7632938055019_11,--,--,--,--,--,--,--,--,--,--,--,--,--,--,--,0.11,USD,--,--,Insertion Fee
2026-03-28T22:53:38.019Z,Other fee,--,--,--,--,--,--,--,--,0.11,USD,--,7417074883,--,--,--,--,FEE-7632936993319_11,--,--,--,--,--,--,--,--,--,--,--,--,--,--,--,0.11,USD,--,--,Insertion Fee
2026-03-28T22:51:32.790Z,Other fee,--,--,--,--,--,--,--,--,0.11,USD,--,7417074883,--,--,--,--,FEE-7632933443819_11,--,--,--,--,--,--,--,--,--,--,--,--,--,--,--,0.11,USD,--,--,Insertion Fee
2026-03-28T22:51:03.501Z,Other fee,--,--,--,--,--,--,--,--,0.11,USD,--,7417074883,--,--,--,--,FEE-7632932866519_11,--,--,--,--,--,--,--,--,--,--,--,--,--,--,--,0.11,USD,--,--,Insertion Fee
2026-03-28T22:50:53.227Z,Other fee,--,--,--,--,--,--,--,--,0.11,USD,--,7417074883,--,--,--,--,FEE-7632932189119_11,--,--,--,--,--,--,--,--,--,--,--,--,--,--,--,0.11,USD,--,--,Insertion Fee
2026-03-28T22:50:52.248Z,Other fee,--,--,--,--,--,--,--,--,0.11,USD,--,7417074883,--,--,--,--,FEE-7632932185319_11,--,--,--,--,--,--,--,--,--,--,--,--,--,--,--,0.11,USD,--,--,Insertion Fee
2026-03-28T22:49:29.040Z,Other fee,--,--,--,--,--,--,--,--,0.11,USD,--,7417074883,--,--,--,--,FEE-7632930669019_11,--,--,--,--,--,--,--,--,--,--,--,--,--,--,--,0.11,USD,--,--,Insertion Fee
2026-03-28T22:49:16.339Z,Other fee,--,--,--,--,--,--,--,--,0.11,USD,--,7417074883,--,--,--,--,FEE-7632930233519_11,--,--,--,--,--,--,--,--,--,--,--,--,--,--,--,0.11,USD,--,--,Insertion Fee
2026-03-28T22:48:36.058Z,Other fee,--,--,--,--,--,--,--,--,0.11,USD,--,7417074883,--,--,--,--,FEE-7632929681319_11,--,--,--,--,--,--,--,--,--,--,--,--,--,--,--,0.11,USD,--,--,Insertion Fee
2026-03-28T22:48:15.559Z,Other fee,--,--,--,--,--,--,--,--,0.11,USD,--,7417074883,--,--,--,--,FEE-7632928962919_11,--,--,--,--,--,--,--,--,--,--,--,--,--,--,--,0.11,USD,--,--,Insertion Fee
2026-03-28T22:48:14.108Z,Other fee,--,--,--,--,--,--,--,--,0.11,USD,--,7417074883,--,--,--,--,FEE-7632928395819_11,--,--,--,--,--,--,--,--,--,--,--,--,--,--,--,0.11,USD,--,--,Insertion Fee
2026-03-28T22:46:32.204Z,Other fee,--,--,--,--,--,--,--,--,0.11,USD,--,7417074883,--,--,--,--,FEE-7632925954319_11,--,--,--,--,--,--,--,--,--,--,--,--,--,--,--,0.11,USD,--,--,Insertion Fee
2026-03-28T22:46:25.190Z,Other fee,--,--,--,--,--,--,--,--,0.11,USD,--,7417074883,--,--,--,--,FEE-7632925244619_11,--,--,--,--,--,--,--,--,--,--,--,--,--,--,--,0.11,USD,--,--,Insertion Fee
2026-03-28T22:45:49.701Z,Other fee,--,--,--,--,--,--,--,--,0.11,USD,--,7417074883,--,--,--,--,FEE-7632923293619_11,--,--,--,--,--,--,--,--,--,--,--,--,--,--,--,0.11,USD,--,--,Insertion Fee
2026-03-28T22:45:48.745Z,Other fee,--,--,--,--,--,--,--,--,0.11,USD,--,7417074883,--,--,--,--,FEE-7632924217819_11,--,--,--,--,--,--,--,--,--,--,--,--,--,--,--,0.11,USD,--,--,Insertion Fee
2026-03-28T22:45:32.221Z,Other fee,--,--,--,--,--,--,--,--,0.11,USD,--,7417074883,--,--,--,--,FEE-7632922538319_11,--,--,--,--,--,--,--,--,--,--,--,--,--,--,--,0.11,USD,--,--,Insertion Fee
2026-03-28T22:45:11.295Z,Other fee,--,--,--,--,--,--,--,--,0.11,USD,--,7417074883,--,--,--,--,FEE-7632921647519_11,--,--,--,--,--,--,--,--,--,--,--,--,--,--,--,0.11,USD,--,--,Insertion Fee
2026-03-28T22:44:17.324Z,Other fee,--,--,--,--,--,--,--,--,0.11,USD,--,7417074883,--,--,--,--,FEE-7632919956419_11,--,--,--,--,--,--,--,--,--,--,--,--,--,--,--,0.11,USD,--,--,Insertion Fee
2026-03-28T22:43:11.415Z,Other fee,--,--,--,--,--,--,--,--,0.11,USD,--,7417074883,--,--,--,--,FEE-7632918317119_11,--,--,--,--,--,--,--,--,--,--,--,--,--,--,--,0.11,USD,--,--,Insertion Fee
2026-03-28T22:42:32.958Z,Other fee,--,--,--,--,--,--,--,--,0.11,USD,--,7417074883,--,--,--,--,FEE-7632917047119_11,--,--,--,--,--,--,--,--,--,--,--,--,--,--,--,0.11,USD,--,--,Insertion Fee
2026-03-28T22:41:33.165Z,Other fee,--,--,--,--,--,--,--,--,0.11,USD,--,7417074883,--,--,--,--,FEE-7632916153119_11,--,--,--,--,--,--,--,--,--,--,--,--,--,--,--,0.11,USD,--,--,Insertion Fee
2026-03-28T22:41:25.092Z,Other fee,--,--,--,--,--,--,--,--,0.11,USD,--,7417074883,--,--,--,--,FEE-7632915396719_11,--,--,--,--,--,--,--,--,--,--,--,--,--,--,--,0.11,USD,--,--,Insertion Fee
2026-03-28T22:40:51.810Z,Other fee,--,--,--,--,--,--,--,--,0.11,USD,--,7417074883,--,--,--,--,FEE-7632913210019_11,--,--,--,--,--,--,--,--,--,--,--,--,--,--,--,0.11,USD,--,--,Insertion Fee
2026-03-28T22:40:48.239Z,Other fee,--,--,--,--,--,--,--,--,0.11,USD,--,7417074883,--,--,--,--,FEE-7632914320119_11,--,--,--,--,--,--,--,--,--,--,--,--,--,--,--,0.11,USD,--,--,Insertion Fee
2026-03-28T22:40:08.871Z,Other fee,--,--,--,--,--,--,--,--,0.11,USD,--,7417074883,--,--,--,--,FEE-7632912140719_11,--,--,--,--,--,--,--,--,--,--,--,--,--,--,--,0.11,USD,--,--,Insertion Fee
2026-03-28T22:39:47.976Z,Other fee,--,--,--,--,--,--,--,--,0.11,USD,--,7417074883,--,--,--,--,FEE-7632911147819_11,--,--,--,--,--,--,--,--,--,--,--,--,--,--,--,0.11,USD,--,--,Insertion Fee
2026-03-28T22:39:32.538Z,Other fee,--,--,--,--,--,--,--,--,0.11,USD,--,7417074883,--,--,--,--,FEE-7632910478219_11,--,--,--,--,--,--,--,--,--,--,--,--,--,--,--,0.11,USD,--,--,Insertion Fee
2026-03-28T22:38:41.157Z,Other fee,--,--,--,--,--,--,--,--,0.11,USD,--,7417074883,--,--,--,--,FEE-7632908778919_11,--,--,--,--,--,--,--,--,--,--,--,--,--,--,--,0.11,USD,--,--,Insertion Fee
2026-03-28T22:38:35.741Z,Other fee,--,--,--,--,--,--,--,--,0.11,USD,--,7417074883,--,--,--,--,FEE-7632909335519_11,--,--,--,--,--,--,--,--,--,--,--,--,--,--,--,0.11,USD,--,--,Insertion Fee
2026-03-28T22:38:14.417Z,Other fee,--,--,--,--,--,--,--,--,0.11,USD,--,7417074883,--,--,--,--,FEE-7632907095219_11,--,--,--,--,--,--,--,--,--,--,--,--,--,--,--,0.11,USD,--,--,Insertion Fee
2026-03-28T22:38:13.326Z,Other fee,--,--,--,--,--,--,--,--,0.11,USD,--,7417074883,--,--,--,--,FEE-7632907394319_11,--,--,--,--,--,--,--,--,--,--,--,--,--,--,--,0.11,USD,--,--,Insertion Fee
2026-03-28T22:38:12.548Z,Other fee,--,--,--,--,--,--,--,--,0.11,USD,--,7417074883,--,--,--,--,FEE-7632908508219_11,--,--,--,--,--,--,--,--,--,--,--,--,--,--,--,0.11,USD,--,--,Insertion Fee
2026-03-28T22:37:32.810Z,Other fee,--,--,--,--,--,--,--,--,0.11,USD,--,7417074883,--,--,--,--,FEE-7632906832519_11,--,--,--,--,--,--,--,--,--,--,--,--,--,--,--,0.11,USD,--,--,Insertion Fee
2026-03-28T22:36:28.528Z,Other fee,--,--,--,--,--,--,--,--,0.11,USD,--,7417074883,--,--,--,--,FEE-7632905136219_11,--,--,--,--,--,--,--,--,--,--,--,--,--,--,--,0.11,USD,--,--,Insertion Fee
2026-03-28T22:35:48.031Z,Other fee,--,--,--,--,--,--,--,--,0.11,USD,--,7417074883,--,--,--,--,FEE-7632904363219_11,--,--,--,--,--,--,--,--,--,--,--,--,--,--,--,0.11,USD,--,--,Insertion Fee
2026-03-28T22:35:46.337Z,Other fee,--,--,--,--,--,--,--,--,0.11,USD,--,7417074883,--,--,--,--,FEE-7632904463019_11,--,--,--,--,--,--,--,--,--,--,--,--,--,--,--,0.11,USD,--,--,Insertion Fee
2026-03-28T22:33:35.877Z,Other fee,--,--,--,--,--,--,--,--,0.11,USD,--,7417074883,--,--,--,--,FEE-7632900773119_11,--,--,--,--,--,--,--,--,--,--,--,--,--,--,--,0.11,USD,--,--,Insertion Fee
2026-03-28T22:33:10.621Z,Other fee,--,--,--,--,--,--,--,--,0.11,USD,--,7417074883,--,--,--,--,FEE-7632899848119_11,--,--,--,--,--,--,--,--,--,--,--,--,--,--,--,0.11,USD,--,--,Insertion Fee
2026-03-28T22:05:15.043Z,Other fee,--,--,--,--,--,--,--,--,0.11,USD,--,7417074883,--,--,--,--,FEE-7632855807519_11,--,--,--,--,--,--,--,--,--,--,--,--,--,--,--,0.11,USD,--,--,Insertion Fee
2026-03-28T22:04:47.318Z,Other fee,--,--,--,--,--,--,--,--,0.11,USD,--,7417074883,--,--,--,--,FEE-7632854697919_11,--,--,--,--,--,--,--,--,--,--,--,--,--,--,--,0.11,USD,--,--,Insertion Fee
2026-03-28T22:03:37.265Z,Other fee,--,--,--,--,--,--,--,--,0.11,USD,--,7417074883,--,--,--,--,FEE-7632852369519_11,--,--,--,--,--,--,--,--,--,--,--,--,--,--,--,0.11,USD,--,--,Insertion Fee
2026-03-28T22:03:08.698Z,Other fee,--,--,--,--,--,--,--,--,0.11,USD,--,7417074883,--,--,--,--,FEE-7632850411319_11,--,--,--,--,--,--,--,--,--,--,--,--,--,--,--,0.11,USD,--,--,Insertion Fee
2026-03-28T22:03:03.515Z,Other fee,--,--,--,--,--,--,--,--,0.11,USD,--,7417074883,--,--,--,--,FEE-7632849678319_11,--,--,--,--,--,--,--,--,--,--,--,--,--,--,--,0.11,USD,--,--,Insertion Fee
2026-03-28T22:02:05.549Z,Other fee,--,--,--,--,--,--,--,--,0.11,USD,--,7417074883,--,--,--,--,FEE-7632848720919_11,--,--,--,--,--,--,--,--,--,--,--,--,--,--,--,0.11,USD,--,--,Insertion Fee
2026-03-28T22:00:59.660Z,Other fee,--,--,--,--,--,--,--,--,0.11,USD,--,7417074883,--,--,--,--,FEE-7632847757319_11,--,--,--,--,--,--,--,--,--,--,--,--,--,--,--,0.11,USD,--,--,Insertion Fee
2026-03-28T20:56:15.792Z,Other fee,--,--,--,--,--,--,--,--,0.11,USD,--,7417074883,--,--,--,--,FEE-7632726770319_11,--,--,--,--,--,--,--,--,--,--,--,--,--,--,--,0.11,USD,--,--,Insertion Fee
2026-03-28T20:43:29.053Z,Other fee,--,--,--,--,--,--,--,--,0.11,USD,--,7417074883,--,--,--,--,FEE-7632704029119_11,--,--,--,--,--,--,--,--,--,--,--,--,--,--,--,0.11,USD,--,--,Insertion Fee
2026-03-28T20:31:43.403Z,Other fee,--,--,--,--,--,--,--,--,0.11,USD,--,7417074883,--,--,--,--,FEE-7632684616419_11,--,--,--,--,--,--,--,--,--,--,--,--,--,--,--,0.11,USD,--,--,Insertion Fee
2026-03-28T20:30:35.539Z,Other fee,--,--,--,--,--,--,--,--,0.11,USD,--,7417074883,--,--,--,--,FEE-7632683011919_11,--,--,--,--,--,--,--,--,--,--,--,--,--,--,--,0.11,USD,--,--,Insertion Fee
2026-03-28T20:26:53.509Z,Other fee,--,--,--,--,--,--,--,--,0.11,USD,--,7417074883,--,--,--,--,FEE-7632675030119_11,--,--,--,--,--,--,--,--,--,--,--,--,--,--,--,0.11,USD,--,--,Insertion Fee
2026-03-28T20:26:08.482Z,Other fee,--,--,--,--,--,--,--,--,0.11,USD,--,7417074883,--,--,--,--,FEE-7632674125119_11,--,--,--,--,--,--,--,--,--,--,--,--,--,--,--,0.11,USD,--,--,Insertion Fee
2026-03-28T20:25:06.567Z,Other fee,--,--,--,--,--,--,--,--,0.11,USD,--,7417074883,--,--,--,--,FEE-7632673044519_11,--,--,--,--,--,--,--,--,--,--,--,--,--,--,--,0.11,USD,--,--,Insertion Fee
2026-03-28T20:24:05.511Z,Other fee,--,--,--,--,--,--,--,--,0.11,USD,--,7417074883,--,--,--,--,FEE-7632671582319_11,--,--,--,--,--,--,--,--,--,--,--,--,--,--,--,0.11,USD,--,--,Insertion Fee
2026-03-28T20:23:43.071Z,Other fee,--,--,--,--,--,--,--,--,0.11,USD,--,7417074883,--,--,--,--,FEE-7632670611019_11,--,--,--,--,--,--,--,--,--,--,--,--,--,--,--,0.11,USD,--,--,Insertion Fee
2026-03-28T20:22:55.021Z,Other fee,--,--,--,--,--,--,--,--,0.11,USD,--,7417074883,--,--,--,--,FEE-7632668675119_11,--,--,--,--,--,--,--,--,--,--,--,--,--,--,--,0.11,USD,--,--,Insertion Fee
2026-03-28T20:20:32.929Z,Other fee,--,--,--,--,--,--,--,--,0.11,USD,--,7417074883,--,--,--,--,FEE-7632665437919_11,--,--,--,--,--,--,--,--,--,--,--,--,--,--,--,0.11,USD,--,--,Insertion Fee
2026-03-28T20:19:37.165Z,Other fee,--,--,--,--,--,--,--,--,0.11,USD,--,7417074883,--,--,--,--,FEE-7632664082919_11,--,--,--,--,--,--,--,--,--,--,--,--,--,--,--,0.11,USD,--,--,Insertion Fee
2026-03-28T20:16:05.168Z,Other fee,--,--,--,--,--,--,--,--,0.11,USD,--,7417074883,--,--,--,--,FEE-7632659178519_11,--,--,--,--,--,--,--,--,--,--,--,--,--,--,--,0.11,USD,--,--,Insertion Fee
2026-03-28T20:15:14.508Z,Other fee,--,--,--,--,--,--,--,--,0.11,USD,--,7417074883,--,--,--,--,FEE-7632657691019_11,--,--,--,--,--,--,--,--,--,--,--,--,--,--,--,0.11,USD,--,--,Insertion Fee
2026-03-28T20:10:18.868Z,Other fee,--,--,--,--,--,--,--,--,0.11,USD,--,7417074883,--,--,--,--,FEE-7632648307419_11,--,--,--,--,--,--,--,--,--,--,--,--,--,--,--,0.11,USD,--,--,Insertion Fee
2026-03-28T20:07:50.520Z,Other fee,--,--,--,--,--,--,--,--,0.11,USD,--,7417074883,--,--,--,--,FEE-7632645685319_11,--,--,--,--,--,--,--,--,--,--,--,--,--,--,--,0.11,USD,--,--,Insertion Fee
2026-03-28T20:05:12.162Z,Other fee,--,--,--,--,--,--,--,--,0.11,USD,--,7417074883,--,--,--,--,FEE-7632639633319_11,--,--,--,--,--,--,--,--,--,--,--,--,--,--,--,0.11,USD,--,--,Insertion Fee
2026-03-28T20:01:28.980Z,Other fee,--,--,--,--,--,--,--,--,0.11,USD,--,7417074883,--,--,--,--,FEE-7632632301119_11,--,--,--,--,--,--,--,--,--,--,--,--,--,--,--,0.11,USD,--,--,Insertion Fee
2026-03-28T20:01:00.790Z,Other fee,--,--,--,--,--,--,--,--,0.11,USD,--,7417074883,--,--,--,--,FEE-7632631008319_11,--,--,--,--,--,--,--,--,--,--,--,--,--,--,--,0.11,USD,--,--,Insertion Fee
2026-03-28T19:58:49.104Z,Other fee,--,--,--,--,--,--,--,--,0.11,USD,--,7417074883,--,--,--,--,FEE-7632627213019_11,--,--,--,--,--,--,--,--,--,--,--,--,--,--,--,0.11,USD,--,--,Insertion Fee
2026-03-28T18:02:12.632Z,Other fee,--,--,--,--,--,--,--,--,0.11,USD,--,7417074883,--,--,--,--,FEE-7632382258919_11,--,--,--,--,--,--,--,--,--,--,--,--,--,--,--,0.11,USD,--,--,Insertion Fee
2026-03-28T17:57:15.596Z,Other fee,--,--,--,--,--,--,--,--,0.11,USD,--,7417074883,--,--,--,--,FEE-7632373913719_11,--,--,--,--,--,--,--,--,--,--,--,--,--,--,--,0.11,USD,--,--,Insertion Fee
2026-03-28T17:52:20.060Z,Other fee,--,--,--,--,--,--,--,--,0.11,USD,--,7417074883,--,--,--,--,FEE-7632366194819_11,--,--,--,--,--,--,--,--,--,--,--,--,--,--,--,0.11,USD,--,--,Insertion Fee
2026-03-28T17:52:06.428Z,Other fee,--,--,--,--,--,--,--,--,0.11,USD,--,7417074883,--,--,--,--,FEE-7632365808219_11,--,--,--,--,--,--,--,--,--,--,--,--,--,--,--,0.11,USD,--,--,Insertion Fee
2026-03-28T17:35:06.211Z,Other fee,--,--,--,--,--,--,--,--,0.11,USD,--,7417074883,--,--,--,--,FEE-7632340028219_11,--,--,--,--,--,--,--,--,--,--,--,--,--,--,--,0.11,USD,--,--,Insertion Fee
2026-03-28T17:32:07.716Z,Other fee,--,--,--,--,--,--,--,--,0.11,USD,--,7417074883,--,--,--,--,FEE-7632335221119_11,--,--,--,--,--,--,--,--,--,--,--,--,--,--,--,0.11,USD,--,--,Insertion Fee
2026-03-28T17:28:45.718Z,Other fee,--,--,--,--,--,--,--,--,0.11,USD,--,7417074883,--,--,--,--,FEE-7632325231119_11,--,--,--,--,--,--,--,--,--,--,--,--,--,--,--,0.11,USD,--,--,Insertion Fee
2026-03-28T17:04:38.309Z,Other fee,--,--,--,--,--,--,--,--,0.11,USD,--,7417074883,--,--,--,--,FEE-7632277108219_11,--,--,--,--,--,--,--,--,--,--,--,--,--,--,--,0.11,USD,--,--,Insertion Fee
2026-03-28T17:02:00.128Z,Other fee,--,--,--,--,--,--,--,--,0.11,USD,--,7417074883,--,--,--,--,FEE-7632272021219_11,--,--,--,--,--,--,--,--,--,--,--,--,--,--,--,0.11,USD,--,--,Insertion Fee
2026-03-28T16:51:45.021Z,Other fee,--,--,--,--,--,--,--,--,0.11,USD,--,7417074883,--,--,--,--,FEE-7632255972519_11,--,--,--,--,--,--,--,--,--,--,--,--,--,--,--,0.11,USD,--,--,Insertion Fee
2026-03-28T16:50:36.615Z,Other fee,--,--,--,--,--,--,--,--,0.11,USD,--,7417074883,--,--,--,--,FEE-7632253557319_11,--,--,--,--,--,--,--,--,--,--,--,--,--,--,--,0.11,USD,--,--,Insertion Fee
2026-03-28T16:46:51.706Z,Other fee,--,--,--,--,--,--,--,--,0.11,USD,--,7417074883,--,--,--,--,FEE-7632247366019_11,--,--,--,--,--,--,--,--,--,--,--,--,--,--,--,0.11,USD,--,--,Insertion Fee
2026-03-28T16:41:09.189Z,Other fee,--,--,--,--,--,--,--,--,0.11,USD,--,7417074883,--,--,--,--,FEE-7632235593419_11,--,--,--,--,--,--,--,--,--,--,--,--,--,--,--,0.11,USD,--,--,Insertion Fee
2026-03-28T16:38:32.296Z,Other fee,--,--,--,--,--,--,--,--,0.11,USD,--,7417074883,--,--,--,--,FEE-7632231571919_11,--,--,--,--,--,--,--,--,--,--,--,--,--,--,--,0.11,USD,--,--,Insertion Fee
2026-03-28T16:37:54.679Z,Other fee,--,--,--,--,--,--,--,--,0.11,USD,--,7417074883,--,--,--,--,FEE-7632231024819_11,--,--,--,--,--,--,--,--,--,--,--,--,--,--,--,0.11,USD,--,--,Insertion Fee
2026-03-28T16:36:47.829Z,Other fee,--,--,--,--,--,--,--,--,0.11,USD,--,7417074883,--,--,--,--,FEE-7632228049619_11,--,--,--,--,--,--,--,--,--,--,--,--,--,--,--,0.11,USD,--,--,Insertion Fee
2026-03-28T16:24:17.015Z,Other fee,--,--,--,--,--,--,--,--,0.11,USD,--,7417074883,--,--,--,--,FEE-7632197765219_11,--,--,--,--,--,--,--,--,--,--,--,--,--,--,--,0.11,USD,--,--,Insertion Fee
2026-03-28T16:24:12.711Z,Other fee,--,--,--,--,--,--,--,--,0.11,USD,--,7417074883,--,--,--,--,FEE-7632197826419_11,--,--,--,--,--,--,--,--,--,--,--,--,--,--,--,0.11,USD,--,--,Insertion Fee
2026-03-28T16:00:51.138Z,Other fee,--,--,--,--,--,--,--,--,0.11,USD,--,7417074883,--,--,--,--,FEE-7632150164519_11,--,--,--,--,--,--,--,--,--,--,--,--,--,--,--,0.11,USD,--,--,Insertion Fee
2026-03-28T15:58:54.863Z,Other fee,--,--,--,--,--,--,--,--,0.11,USD,--,7417074883,--,--,--,--,FEE-7632146351819_11,--,--,--,--,--,--,--,--,--,--,--,--,--,--,--,0.11,USD,--,--,Insertion Fee
2026-03-28T15:56:03.858Z,Other fee,--,--,--,--,--,--,--,--,0.11,USD,--,7417074883,--,--,--,--,FEE-7632138176719_11,--,--,--,--,--,--,--,--,--,--,--,--,--,--,--,0.11,USD,--,--,Insertion Fee
2026-03-28T15:55:48.334Z,Other fee,--,--,--,--,--,--,--,--,0.11,USD,--,7417074883,--,--,--,--,FEE-7632137418419_11,--,--,--,--,--,--,--,--,--,--,--,--,--,--,--,0.11,USD,--,--,Insertion Fee
2026-03-28T15:44:15.780Z,Other fee,--,--,--,--,--,--,--,--,0.11,USD,--,7417074883,--,--,--,--,FEE-7632113687819_11,--,--,--,--,--,--,--,--,--,--,--,--,--,--,--,0.11,USD,--,--,Insertion Fee
2026-03-28T15:09:10.851Z,Other fee,--,--,--,--,--,--,--,--,0.11,USD,--,7417074883,--,--,--,--,FEE-7632034999819_11,--,--,--,--,--,--,--,--,--,--,--,--,--,--,--,0.11,USD,--,--,Insertion Fee
2026-03-28T15:07:21.072Z,Other fee,--,--,--,--,--,--,--,--,0.11,USD,--,7417074883,--,--,--,--,FEE-7632031950319_11,--,--,--,--,--,--,--,--,--,--,--,--,--,--,--,0.11,USD,--,--,Insertion Fee
2026-03-28T15:00:30.912Z,Other fee,--,--,--,--,--,--,--,--,0.11,USD,--,7417074883,--,--,--,--,FEE-7632018715119_11,--,--,--,--,--,--,--,--,--,--,--,--,--,--,--,0.11,USD,--,--,Insertion Fee
2026-03-28T14:55:00.544Z,Other fee,--,--,--,--,--,--,--,--,0.11,USD,--,7417074883,--,--,--,--,FEE-7632006979819_11,--,--,--,--,--,--,--,--,--,--,--,--,--,--,--,0.11,USD,--,--,Insertion Fee
2026-03-28T14:50:18.221Z,Other fee,--,--,--,--,--,--,--,--,0.11,USD,--,7417074883,--,--,--,--,FEE-7631998799319_11,--,--,--,--,--,--,--,--,--,--,--,--,--,--,--,0.11,USD,--,--,Insertion Fee
2026-03-28T14:49:24.539Z,Other fee,--,--,--,--,--,--,--,--,0.11,USD,--,7417074883,--,--,--,--,FEE-7631995120019_11,--,--,--,--,--,--,--,--,--,--,--,--,--,--,--,0.11,USD,--,--,Insertion Fee
2026-03-28T14:49:02.896Z,Other fee,--,--,--,--,--,--,--,--,0.11,USD,--,7417074883,--,--,--,--,FEE-7631994443619_11,--,--,--,--,--,--,--,--,--,--,--,--,--,--,--,0.11,USD,--,--,Insertion Fee
2026-03-28T14:31:59.453Z,Other fee,--,--,--,--,--,--,--,--,0.11,USD,--,7417074883,--,--,--,--,FEE-7631961850119_11,--,--,--,--,--,--,--,--,--,--,--,--,--,--,--,0.11,USD,--,--,Insertion Fee
2026-03-28T14:12:07.905Z,Other fee,--,--,--,--,--,--,--,--,0.11,USD,--,7417074883,--,--,--,--,FEE-7631922095919_11,--,--,--,--,--,--,--,--,--,--,--,--,--,--,--,0.11,USD,--,--,Insertion Fee
2026-03-28T14:09:24.900Z,Other fee,10-14426-02193,10-14426-02193,lustg750,Robyn Lustgarten,Parkland,FL,33076,US,13.24,USD,--,7417074883,--,--,--,3.58295E+11,FEE-7631910596319_11,CHANEL Navy Long Wallet,m39324678001,1,225,--,--,--,--,--,--,--,--,--,--,--,225,USD,--,--,Promoted Listings - General fee
2026-03-28T14:03:28.949Z,Order,10-14426-02193,10-14426-02193,lustg750,Robyn Lustgarten,Parkland,FL,33076,US,187.34,USD,--,7424553811,--,--,--,3.58295E+11,10-14426-02193,CHANEL Navy Long Wallet,m39324678001,1,225,--,--,--,--,--,--,--,--,--,--,--,225,USD,--,--,--
2026-03-28T14:03:14.242Z,Other fee,--,--,--,--,--,--,--,--,0.11,USD,--,7417074883,--,--,--,--,FEE-7631897948719_11,--,--,--,--,--,--,--,--,--,--,--,--,--,--,--,0.11,USD,--,--,Insertion Fee
2026-03-28T13:52:02.657Z,Other fee,--,--,--,--,--,--,--,--,0.11,USD,--,7417074883,--,--,--,--,FEE-7631876353219_11,--,--,--,--,--,--,--,--,--,--,--,--,--,--,--,0.11,USD,--,--,Insertion Fee
2026-03-28T13:49:38.667Z,Other fee,--,--,--,--,--,--,--,--,0.11,USD,--,7417074883,--,--,--,--,FEE-7631872828219_11,--,--,--,--,--,--,--,--,--,--,--,--,--,--,--,0.11,USD,--,--,Insertion Fee
2026-03-28T13:48:09.110Z,Other fee,--,--,--,--,--,--,--,--,0.11,USD,--,7417074883,--,--,--,--,FEE-7631870659019_11,--,--,--,--,--,--,--,--,--,--,--,--,--,--,--,0.11,USD,--,--,Insertion Fee
2026-03-28T13:40:53.801Z,Other fee,--,--,--,--,--,--,--,--,0.11,USD,--,7417074883,--,--,--,--,FEE-7631854920119_11,--,--,--,--,--,--,--,--,--,--,--,--,--,--,--,0.11,USD,--,--,Insertion Fee
2026-03-28T13:39:25.575Z,Other fee,--,--,--,--,--,--,--,--,0.11,USD,--,7417074883,--,--,--,--,FEE-7631851986119_11,--,--,--,--,--,--,--,--,--,--,--,--,--,--,--,0.11,USD,--,--,Insertion Fee
2026-03-28T13:38:46.502Z,Other fee,--,--,--,--,--,--,--,--,0.11,USD,--,7417074883,--,--,--,--,FEE-7631850340519_11,--,--,--,--,--,--,--,--,--,--,--,--,--,--,--,0.11,USD,--,--,Insertion Fee
2026-03-28T13:37:29.409Z,Other fee,--,--,--,--,--,--,--,--,0.11,USD,--,7417074883,--,--,--,--,FEE-7631847239919_11,--,--,--,--,--,--,--,--,--,--,--,--,--,--,--,0.11,USD,--,--,Insertion Fee
2026-03-28T13:35:06.115Z,Other fee,--,--,--,--,--,--,--,--,0.11,USD,--,7417074883,--,--,--,--,FEE-7631842653619_11,--,--,--,--,--,--,--,--,--,--,--,--,--,--,--,0.11,USD,--,--,Insertion Fee
2026-03-28T13:33:45.348Z,Other fee,--,--,--,--,--,--,--,--,0.11,USD,--,7417074883,--,--,--,--,FEE-7631839869519_11,--,--,--,--,--,--,--,--,--,--,--,--,--,--,--,0.11,USD,--,--,Insertion Fee
2026-03-28T13:29:47.341Z,Other fee,--,--,--,--,--,--,--,--,0.11,USD,--,7417074883,--,--,--,--,FEE-7631833377119_11,--,--,--,--,--,--,--,--,--,--,--,--,--,--,--,0.11,USD,--,--,Insertion Fee
2026-03-28T13:29:28.119Z,Other fee,--,--,--,--,--,--,--,--,0.11,USD,--,7417074883,--,--,--,--,FEE-7631832064519_11,--,--,--,--,--,--,--,--,--,--,--,--,--,--,--,0.11,USD,--,--,Insertion Fee
2026-03-28T13:24:12.137Z,Other fee,--,--,--,--,--,--,--,--,0.11,USD,--,7417074883,--,--,--,--,FEE-7631823577219_11,--,--,--,--,--,--,--,--,--,--,--,--,--,--,--,0.11,USD,--,--,Insertion Fee
2026-03-28T13:23:24.979Z,Other fee,--,--,--,--,--,--,--,--,0.11,USD,--,7417074883,--,--,--,--,FEE-7631821556019_11,--,--,--,--,--,--,--,--,--,--,--,--,--,--,--,0.11,USD,--,--,Insertion Fee
2026-03-28T13:09:13.061Z,Other fee,--,--,--,--,--,--,--,--,0.11,USD,--,7417074883,--,--,--,--,FEE-7631795414419_11,--,--,--,--,--,--,--,--,--,--,--,--,--,--,--,0.11,USD,--,--,Insertion Fee
2026-03-28T13:04:44.642Z,Other fee,--,--,--,--,--,--,--,--,0.11,USD,--,7417074883,--,--,--,--,FEE-7631786654519_11,--,--,--,--,--,--,--,--,--,--,--,--,--,--,--,0.11,USD,--,--,Insertion Fee
2026-03-28T12:45:24.347Z,Other fee,--,--,--,--,--,--,--,--,0.11,USD,--,7417074883,--,--,--,--,FEE-7631742343419_11,--,--,--,--,--,--,--,--,--,--,--,--,--,--,--,0.11,USD,--,--,Insertion Fee
2026-03-28T12:44:47.843Z,Other fee,--,--,--,--,--,--,--,--,0.11,USD,--,7417074883,--,--,--,--,FEE-7631741946119_11,--,--,--,--,--,--,--,--,--,--,--,--,--,--,--,0.11,USD,--,--,Insertion Fee
2026-03-28T12:44:46.744Z,Other fee,--,--,--,--,--,--,--,--,0.11,USD,--,7417074883,--,--,--,--,FEE-7631741881819_11,--,--,--,--,--,--,--,--,--,--,--,--,--,--,--,0.11,USD,--,--,Insertion Fee
2026-03-28T12:44:23.226Z,Other fee,--,--,--,--,--,--,--,--,0.11,USD,--,7417074883,--,--,--,--,FEE-7631741035719_11,--,--,--,--,--,--,--,--,--,--,--,--,--,--,--,0.11,USD,--,--,Insertion Fee
2026-03-28T12:43:23.662Z,Other fee,--,--,--,--,--,--,--,--,0.11,USD,--,7417074883,--,--,--,--,FEE-7631739434419_11,--,--,--,--,--,--,--,--,--,--,--,--,--,--,--,0.11,USD,--,--,Insertion Fee
2026-03-28T12:25:19.120Z,Other fee,--,--,--,--,--,--,--,--,0.11,USD,--,7417074883,--,--,--,--,FEE-7631698769919_11,--,--,--,--,--,--,--,--,--,--,--,--,--,--,--,0.11,USD,--,--,Insertion Fee
2026-03-28T12:22:45.015Z,Other fee,--,--,--,--,--,--,--,--,0.11,USD,--,7417074883,--,--,--,--,FEE-7631694026619_11,--,--,--,--,--,--,--,--,--,--,--,--,--,--,--,0.11,USD,--,--,Insertion Fee
2026-03-28T11:37:50.194Z,Other fee,--,--,--,--,--,--,--,--,0.11,USD,--,7417074883,--,--,--,--,FEE-7631602862819_11,--,--,--,--,--,--,--,--,--,--,--,--,--,--,--,0.11,USD,--,--,Insertion Fee
2026-03-28T11:31:27.115Z,Other fee,--,--,--,--,--,--,--,--,0.11,USD,--,7417074883,--,--,--,--,FEE-7631592638819_11,--,--,--,--,--,--,--,--,--,--,--,--,--,--,--,0.11,USD,--,--,Insertion Fee
2026-03-28T11:24:51.486Z,Other fee,--,--,--,--,--,--,--,--,0.11,USD,--,7417074883,--,--,--,--,FEE-7631581942219_11,--,--,--,--,--,--,--,--,--,--,--,--,--,--,--,0.11,USD,--,--,Insertion Fee
2026-03-28T11:22:53.776Z,Other fee,--,--,--,--,--,--,--,--,0.11,USD,--,7417074883,--,--,--,--,FEE-7631578239619_11,--,--,--,--,--,--,--,--,--,--,--,--,--,--,--,0.11,USD,--,--,Insertion Fee
2026-03-28T11:16:16.941Z,Other fee,--,--,--,--,--,--,--,--,0.11,USD,--,7417074883,--,--,--,--,FEE-7631566110419_11,--,--,--,--,--,--,--,--,--,--,--,--,--,--,--,0.11,USD,--,--,Insertion Fee
2026-03-28T11:09:49.761Z,Other fee,--,--,--,--,--,--,--,--,0.11,USD,--,7417074883,--,--,--,--,FEE-7631548866619_11,--,--,--,--,--,--,--,--,--,--,--,--,--,--,--,0.11,USD,--,--,Insertion Fee
2026-03-28T11:06:23.396Z,Other fee,--,--,--,--,--,--,--,--,0.11,USD,--,7417074883,--,--,--,--,FEE-7631542192319_11,--,--,--,--,--,--,--,--,--,--,--,--,--,--,--,0.11,USD,--,--,Insertion Fee
2026-03-28T11:05:13.062Z,Other fee,--,--,--,--,--,--,--,--,0.11,USD,--,7417074883,--,--,--,--,FEE-7631540856519_11,--,--,--,--,--,--,--,--,--,--,--,--,--,--,--,0.11,USD,--,--,Insertion Fee
2026-03-28T11:03:26.894Z,Other fee,--,--,--,--,--,--,--,--,0.11,USD,--,7417074883,--,--,--,--,FEE-7631538453119_11,--,--,--,--,--,--,--,--,--,--,--,--,--,--,--,0.11,USD,--,--,Insertion Fee
2026-03-28T10:59:09.490Z,Other fee,--,--,--,--,--,--,--,--,0.11,USD,--,7417074883,--,--,--,--,FEE-7631529543019_11,--,--,--,--,--,--,--,--,--,--,--,--,--,--,--,0.11,USD,--,--,Insertion Fee
2026-03-28T10:51:25.760Z,Other fee,--,--,--,--,--,--,--,--,0.11,USD,--,7417074883,--,--,--,--,FEE-7631514763919_11,--,--,--,--,--,--,--,--,--,--,--,--,--,--,--,0.11,USD,--,--,Insertion Fee
2026-03-28T10:50:11.283Z,Other fee,--,--,--,--,--,--,--,--,0.11,USD,--,7417074883,--,--,--,--,FEE-7631513508219_11,--,--,--,--,--,--,--,--,--,--,--,--,--,--,--,0.11,USD,--,--,Insertion Fee
2026-03-28T10:46:25.029Z,Other fee,--,--,--,--,--,--,--,--,0.11,USD,--,7417074883,--,--,--,--,FEE-7631505207519_11,--,--,--,--,--,--,--,--,--,--,--,--,--,--,--,0.11,USD,--,--,Insertion Fee
2026-03-28T10:45:12.149Z,Other fee,--,--,--,--,--,--,--,--,0.11,USD,--,7417074883,--,--,--,--,FEE-7631503616019_11,--,--,--,--,--,--,--,--,--,--,--,--,--,--,--,0.11,USD,--,--,Insertion Fee
2026-03-28T10:39:55.241Z,Other fee,--,--,--,--,--,--,--,--,0.11,USD,--,7417074883,--,--,--,--,FEE-7631491607019_11,--,--,--,--,--,--,--,--,--,--,--,--,--,--,--,0.11,USD,--,--,Insertion Fee
2026-03-28T10:38:25.319Z,Other fee,--,--,--,--,--,--,--,--,0.11,USD,--,7417074883,--,--,--,--,FEE-7631487734519_11,--,--,--,--,--,--,--,--,--,--,--,--,--,--,--,0.11,USD,--,--,Insertion Fee
2026-03-28T10:37:52.216Z,Other fee,--,--,--,--,--,--,--,--,0.11,USD,--,7417074883,--,--,--,--,FEE-7631486169819_11,--,--,--,--,--,--,--,--,--,--,--,--,--,--,--,0.11,USD,--,--,Insertion Fee
2026-03-28T10:34:45.421Z,Other fee,--,--,--,--,--,--,--,--,0.11,USD,--,7417074883,--,--,--,--,FEE-7631479186019_11,--,--,--,--,--,--,--,--,--,--,--,--,--,--,--,0.11,USD,--,--,Insertion Fee
2026-03-28T10:31:29.372Z,Other fee,--,--,--,--,--,--,--,--,0.11,USD,--,7417074883,--,--,--,--,FEE-7631473007619_11,--,--,--,--,--,--,--,--,--,--,--,--,--,--,--,0.11,USD,--,--,Insertion Fee
2026-03-28T10:30:12.830Z,Other fee,--,--,--,--,--,--,--,--,0.11,USD,--,7417074883,--,--,--,--,FEE-7631471267719_11,--,--,--,--,--,--,--,--,--,--,--,--,--,--,--,0.11,USD,--,--,Insertion Fee
2026-03-28T10:28:13.182Z,Other fee,--,--,--,--,--,--,--,--,0.11,USD,--,7417074883,--,--,--,--,FEE-7631467781119_11,--,--,--,--,--,--,--,--,--,--,--,--,--,--,--,0.11,USD,--,--,Insertion Fee
2026-03-28T10:27:43.168Z,Other fee,--,--,--,--,--,--,--,--,0.11,USD,--,7417074883,--,--,--,--,FEE-7631466470419_11,--,--,--,--,--,--,--,--,--,--,--,--,--,--,--,0.11,USD,--,--,Insertion Fee
2026-03-28T10:27:43.146Z,Other fee,--,--,--,--,--,--,--,--,0.11,USD,--,7417074883,--,--,--,--,FEE-7631466756319_11,--,--,--,--,--,--,--,--,--,--,--,--,--,--,--,0.11,USD,--,--,Insertion Fee
2026-03-28T10:26:23.642Z,Other fee,--,--,--,--,--,--,--,--,0.11,USD,--,7417074883,--,--,--,--,FEE-7631464776519_11,--,--,--,--,--,--,--,--,--,--,--,--,--,--,--,0.11,USD,--,--,Insertion Fee
2026-03-28T10:26:23.511Z,Other fee,--,--,--,--,--,--,--,--,0.11,USD,--,7417074883,--,--,--,--,FEE-7631464593819_11,--,--,--,--,--,--,--,--,--,--,--,--,--,--,--,0.11,USD,--,--,Insertion Fee
2026-03-28T10:24:11.736Z,Other fee,--,--,--,--,--,--,--,--,0.11,USD,--,7417074883,--,--,--,--,FEE-7631461651619_11,--,--,--,--,--,--,--,--,--,--,--,--,--,--,--,0.11,USD,--,--,Insertion Fee
2026-03-28T10:21:32.452Z,Other fee,--,--,--,--,--,--,--,--,0.11,USD,--,7417074883,--,--,--,--,FEE-7631458560019_11,--,--,--,--,--,--,--,--,--,--,--,--,--,--,--,0.11,USD,--,--,Insertion Fee
2026-03-28T10:19:06.466Z,Other fee,--,--,--,--,--,--,--,--,0.11,USD,--,7417074883,--,--,--,--,FEE-7631455454419_11,--,--,--,--,--,--,--,--,--,--,--,--,--,--,--,0.11,USD,--,--,Insertion Fee
2026-03-28T10:18:16.991Z,Other fee,--,--,--,--,--,--,--,--,0.11,USD,--,7417074883,--,--,--,--,FEE-7631453717419_11,--,--,--,--,--,--,--,--,--,--,--,--,--,--,--,0.11,USD,--,--,Insertion Fee
2026-03-28T10:16:34.850Z,Other fee,--,--,--,--,--,--,--,--,0.11,USD,--,7417074883,--,--,--,--,FEE-7631451447719_11,--,--,--,--,--,--,--,--,--,--,--,--,--,--,--,0.11,USD,--,--,Insertion Fee
2026-03-28T10:13:24.439Z,Other fee,--,--,--,--,--,--,--,--,0.11,USD,--,7417074883,--,--,--,--,FEE-7631446418119_11,--,--,--,--,--,--,--,--,--,--,--,--,--,--,--,0.11,USD,--,--,Insertion Fee
2026-03-28T10:13:10.522Z,Other fee,--,--,--,--,--,--,--,--,0.11,USD,--,7417074883,--,--,--,--,FEE-7631445524619_11,--,--,--,--,--,--,--,--,--,--,--,--,--,--,--,0.11,USD,--,--,Insertion Fee
2026-03-28T10:12:44.450Z,Other fee,--,--,--,--,--,--,--,--,0.11,USD,--,7417074883,--,--,--,--,FEE-7631444464019_11,--,--,--,--,--,--,--,--,--,--,--,--,--,--,--,0.11,USD,--,--,Insertion Fee
2026-03-28T10:04:42.495Z,Other fee,--,--,--,--,--,--,--,--,0.11,USD,--,7417074883,--,--,--,--,FEE-7631432432919_11,--,--,--,--,--,--,--,--,--,--,--,--,--,--,--,0.11,USD,--,--,Insertion Fee
2026-03-28T10:02:34.930Z,Other fee,--,--,--,--,--,--,--,--,0.11,USD,--,7417074883,--,--,--,--,FEE-7631429314419_11,--,--,--,--,--,--,--,--,--,--,--,--,--,--,--,0.11,USD,--,--,Insertion Fee
2026-03-28T10:01:31.481Z,Other fee,--,--,--,--,--,--,--,--,0.11,USD,--,7417074883,--,--,--,--,FEE-7631428412419_11,--,--,--,--,--,--,--,--,--,--,--,--,--,--,--,0.11,USD,--,--,Insertion Fee
2026-03-28T09:59:50.702Z,Other fee,--,--,--,--,--,--,--,--,0.11,USD,--,7417074883,--,--,--,--,FEE-7631425913019_11,--,--,--,--,--,--,--,--,--,--,--,--,--,--,--,0.11,USD,--,--,Insertion Fee
2026-03-28T09:57:42.092Z,Other fee,--,--,--,--,--,--,--,--,0.11,USD,--,7417074883,--,--,--,--,FEE-7631422042719_11,--,--,--,--,--,--,--,--,--,--,--,--,--,--,--,0.11,USD,--,--,Insertion Fee
2026-03-28T09:54:42.144Z,Other fee,--,--,--,--,--,--,--,--,0.11,USD,--,7417074883,--,--,--,--,FEE-7631417841919_11,--,--,--,--,--,--,--,--,--,--,--,--,--,--,--,0.11,USD,--,--,Insertion Fee
2026-03-28T09:51:25.057Z,Other fee,--,--,--,--,--,--,--,--,0.11,USD,--,7417074883,--,--,--,--,FEE-7631413584519_11,--,--,--,--,--,--,--,--,--,--,--,--,--,--,--,0.11,USD,--,--,Insertion Fee
2026-03-28T09:48:07.581Z,Other fee,--,--,--,--,--,--,--,--,0.11,USD,--,7417074883,--,--,--,--,FEE-7631408430219_11,--,--,--,--,--,--,--,--,--,--,--,--,--,--,--,0.11,USD,--,--,Insertion Fee
2026-03-28T09:47:40.705Z,Other fee,--,--,--,--,--,--,--,--,0.11,USD,--,7417074883,--,--,--,--,FEE-7631406055419_11,--,--,--,--,--,--,--,--,--,--,--,--,--,--,--,0.11,USD,--,--,Insertion Fee
2026-03-28T09:46:10.482Z,Other fee,--,--,--,--,--,--,--,--,0.11,USD,--,7417074883,--,--,--,--,FEE-7631403654319_11,--,--,--,--,--,--,--,--,--,--,--,--,--,--,--,0.11,USD,--,--,Insertion Fee
2026-03-28T09:40:08.924Z,Other fee,--,--,--,--,--,--,--,--,0.11,USD,--,7417074883,--,--,--,--,FEE-7631392011619_11,--,--,--,--,--,--,--,--,--,--,--,--,--,--,--,0.11,USD,--,--,Insertion Fee
2026-03-28T09:39:54.396Z,Other fee,--,--,--,--,--,--,--,--,0.11,USD,--,7417074883,--,--,--,--,FEE-7631391610619_11,--,--,--,--,--,--,--,--,--,--,--,--,--,--,--,0.11,USD,--,--,Insertion Fee
2026-03-28T09:38:16.849Z,Other fee,--,--,--,--,--,--,--,--,0.11,USD,--,7417074883,--,--,--,--,FEE-7631389221019_11,--,--,--,--,--,--,--,--,--,--,--,--,--,--,--,0.11,USD,--,--,Insertion Fee
2026-03-28T09:37:00.790Z,Other fee,--,--,--,--,--,--,--,--,0.11,USD,--,7417074883,--,--,--,--,FEE-7631384469619_11,--,--,--,--,--,--,--,--,--,--,--,--,--,--,--,0.11,USD,--,--,Insertion Fee
2026-03-28T09:36:55.078Z,Other fee,--,--,--,--,--,--,--,--,0.11,USD,--,7417074883,--,--,--,--,FEE-7631382374619_11,--,--,--,--,--,--,--,--,--,--,--,--,--,--,--,0.11,USD,--,--,Insertion Fee
2026-03-28T09:36:41.304Z,Other fee,--,--,--,--,--,--,--,--,0.11,USD,--,7417074883,--,--,--,--,FEE-7631381751319_11,--,--,--,--,--,--,--,--,--,--,--,--,--,--,--,0.11,USD,--,--,Insertion Fee
2026-03-28T09:34:26.356Z,Other fee,--,--,--,--,--,--,--,--,0.11,USD,--,7417074883,--,--,--,--,FEE-7631378820819_11,--,--,--,--,--,--,--,--,--,--,--,--,--,--,--,0.11,USD,--,--,Insertion Fee
2026-03-28T09:33:41.020Z,Other fee,--,--,--,--,--,--,--,--,0.11,USD,--,7417074883,--,--,--,--,FEE-7631376984019_11,--,--,--,--,--,--,--,--,--,--,--,--,--,--,--,0.11,USD,--,--,Insertion Fee
2026-03-28T09:31:48.451Z,Other fee,--,--,--,--,--,--,--,--,0.11,USD,--,7417074883,--,--,--,--,FEE-7631374247019_11,--,--,--,--,--,--,--,--,--,--,--,--,--,--,--,0.11,USD,--,--,Insertion Fee
2026-03-28T09:30:20.940Z,Other fee,--,--,--,--,--,--,--,--,0.11,USD,--,7417074883,--,--,--,--,FEE-7631371946719_11,--,--,--,--,--,--,--,--,--,--,--,--,--,--,--,0.11,USD,--,--,Insertion Fee
2026-03-28T09:27:38.756Z,Other fee,--,--,--,--,--,--,--,--,0.11,USD,--,7417074883,--,--,--,--,FEE-7631367800519_11,--,--,--,--,--,--,--,--,--,--,--,--,--,--,--,0.11,USD,--,--,Insertion Fee
2026-03-28T09:19:39.427Z,Other fee,--,--,--,--,--,--,--,--,0.11,USD,--,7417074883,--,--,--,--,FEE-7631352156919_11,--,--,--,--,--,--,--,--,--,--,--,--,--,--,--,0.11,USD,--,--,Insertion Fee
2026-03-28T09:17:39.997Z,Other fee,--,--,--,--,--,--,--,--,0.11,USD,--,7417074883,--,--,--,--,FEE-7631348884219_11,--,--,--,--,--,--,--,--,--,--,--,--,--,--,--,0.11,USD,--,--,Insertion Fee
2026-03-28T09:12:34.407Z,Other fee,--,--,--,--,--,--,--,--,0.11,USD,--,7417074883,--,--,--,--,FEE-7631337703519_11,--,--,--,--,--,--,--,--,--,--,--,--,--,--,--,0.11,USD,--,--,Insertion Fee
2026-03-28T09:10:04.580Z,Other fee,--,--,--,--,--,--,--,--,0.11,USD,--,7417074883,--,--,--,--,FEE-7631330780819_11,--,--,--,--,--,--,--,--,--,--,--,--,--,--,--,0.11,USD,--,--,Insertion Fee
2026-03-28T09:05:51.043Z,Other fee,--,--,--,--,--,--,--,--,0.11,USD,--,7417074883,--,--,--,--,FEE-7631323121619_11,--,--,--,--,--,--,--,--,--,--,--,--,--,--,--,0.11,USD,--,--,Insertion Fee
2026-03-28T09:02:34.219Z,Other fee,--,--,--,--,--,--,--,--,0.11,USD,--,7417074883,--,--,--,--,FEE-7631318965019_11,--,--,--,--,--,--,--,--,--,--,--,--,--,--,--,0.11,USD,--,--,Insertion Fee
2026-03-28T08:58:25.514Z,Other fee,--,--,--,--,--,--,--,--,0.11,USD,--,7417074883,--,--,--,--,FEE-7631312381619_11,--,--,--,--,--,--,--,--,--,--,--,--,--,--,--,0.11,USD,--,--,Insertion Fee
2026-03-28T08:48:23.250Z,Other fee,--,--,--,--,--,--,--,--,0.11,USD,--,7417074883,--,--,--,--,FEE-7631297528819_11,--,--,--,--,--,--,--,--,--,--,--,--,--,--,--,0.11,USD,--,--,Insertion Fee
2026-03-28T08:45:04.929Z,Other fee,--,--,--,--,--,--,--,--,0.11,USD,--,7417074883,--,--,--,--,FEE-7631291179419_11,--,--,--,--,--,--,--,--,--,--,--,--,--,--,--,0.11,USD,--,--,Insertion Fee
2026-03-28T08:38:35.527Z,Other fee,--,--,--,--,--,--,--,--,0.11,USD,--,7417074883,--,--,--,--,FEE-7631280456819_11,--,--,--,--,--,--,--,--,--,--,--,--,--,--,--,0.11,USD,--,--,Insertion Fee
2026-03-28T08:36:49.177Z,Other fee,--,--,--,--,--,--,--,--,0.11,USD,--,7417074883,--,--,--,--,FEE-7631275790019_11,--,--,--,--,--,--,--,--,--,--,--,--,--,--,--,0.11,USD,--,--,Insertion Fee
2026-03-28T08:33:44.373Z,Other fee,--,--,--,--,--,--,--,--,0.11,USD,--,7417074883,--,--,--,--,FEE-7631270094219_11,--,--,--,--,--,--,--,--,--,--,--,--,--,--,--,0.11,USD,--,--,Insertion Fee
2026-03-28T08:29:57.731Z,Other fee,--,--,--,--,--,--,--,--,0.11,USD,--,7417074883,--,--,--,--,FEE-7631263759619_11,--,--,--,--,--,--,--,--,--,--,--,--,--,--,--,0.11,USD,--,--,Insertion Fee
2026-03-28T08:28:31.790Z,Other fee,--,--,--,--,--,--,--,--,0.11,USD,--,7417074883,--,--,--,--,FEE-7631262570719_11,--,--,--,--,--,--,--,--,--,--,--,--,--,--,--,0.11,USD,--,--,Insertion Fee
2026-03-28T08:25:01.403Z,Other fee,--,--,--,--,--,--,--,--,0.11,USD,--,7417074883,--,--,--,--,FEE-7631255974219_11,--,--,--,--,--,--,--,--,--,--,--,--,--,--,--,0.11,USD,--,--,Insertion Fee
2026-03-28T08:23:31.764Z,Other fee,--,--,--,--,--,--,--,--,0.11,USD,--,7417074883,--,--,--,--,FEE-7631254546019_11,--,--,--,--,--,--,--,--,--,--,--,--,--,--,--,0.11,USD,--,--,Insertion Fee
2026-03-28T08:22:34.397Z,Other fee,--,--,--,--,--,--,--,--,0.11,USD,--,7417074883,--,--,--,--,FEE-7631253120819_11,--,--,--,--,--,--,--,--,--,--,--,--,--,--,--,0.11,USD,--,--,Insertion Fee
2026-03-28T08:21:47.603Z,Other fee,--,--,--,--,--,--,--,--,0.11,USD,--,7417074883,--,--,--,--,FEE-7631251509719_11,--,--,--,--,--,--,--,--,--,--,--,--,--,--,--,0.11,USD,--,--,Insertion Fee
2026-03-28T08:19:55.014Z,Other fee,--,--,--,--,--,--,--,--,0.11,USD,--,7417074883,--,--,--,--,FEE-7631248496019_11,--,--,--,--,--,--,--,--,--,--,--,--,--,--,--,0.11,USD,--,--,Insertion Fee
2026-03-28T08:17:15.438Z,Other fee,--,--,--,--,--,--,--,--,0.11,USD,--,7417074883,--,--,--,--,FEE-7631243628219_11,--,--,--,--,--,--,--,--,--,--,--,--,--,--,--,0.11,USD,--,--,Insertion Fee
2026-03-28T08:13:36.375Z,Other fee,--,--,--,--,--,--,--,--,0.11,USD,--,7417074883,--,--,--,--,FEE-7631239562419_11,--,--,--,--,--,--,--,--,--,--,--,--,--,--,--,0.11,USD,--,--,Insertion Fee
2026-03-28T08:12:16.174Z,Other fee,--,--,--,--,--,--,--,--,0.11,USD,--,7417074883,--,--,--,--,FEE-7631236616019_11,--,--,--,--,--,--,--,--,--,--,--,--,--,--,--,0.11,USD,--,--,Insertion Fee
2026-03-28T08:06:48.046Z,Other fee,--,--,--,--,--,--,--,--,0.11,USD,--,7417074883,--,--,--,--,FEE-7631223272219_11,--,--,--,--,--,--,--,--,--,--,--,--,--,--,--,0.11,USD,--,--,Insertion Fee
2026-03-28T07:54:23.384Z,Other fee,--,--,--,--,--,--,--,--,0.11,USD,--,7417074883,--,--,--,--,FEE-7631201020419_11,--,--,--,--,--,--,--,--,--,--,--,--,--,--,--,0.11,USD,--,--,Insertion Fee
2026-03-28T07:51:41.514Z,Other fee,--,--,--,--,--,--,--,--,0.11,USD,--,7417074883,--,--,--,--,FEE-7631196237619_11,--,--,--,--,--,--,--,--,--,--,--,--,--,--,--,0.11,USD,--,--,Insertion Fee
2026-03-28T07:48:24.800Z,Other fee,--,--,--,--,--,--,--,--,0.11,USD,--,7417074883,--,--,--,--,FEE-7631191012719_11,--,--,--,--,--,--,--,--,--,--,--,--,--,--,--,0.11,USD,--,--,Insertion Fee
2026-03-28T07:47:19.356Z,Other fee,--,--,--,--,--,--,--,--,0.11,USD,--,7417074883,--,--,--,--,FEE-7631189843819_11,--,--,--,--,--,--,--,--,--,--,--,--,--,--,--,0.11,USD,--,--,Insertion Fee
2026-03-28T07:46:46.980Z,Other fee,--,--,--,--,--,--,--,--,0.11,USD,--,7417074883,--,--,--,--,FEE-7631189138219_11,--,--,--,--,--,--,--,--,--,--,--,--,--,--,--,0.11,USD,--,--,Insertion Fee
2026-03-28T07:45:42.321Z,Other fee,--,--,--,--,--,--,--,--,0.11,USD,--,7417074883,--,--,--,--,FEE-7631186710519_11,--,--,--,--,--,--,--,--,--,--,--,--,--,--,--,0.11,USD,--,--,Insertion Fee
2026-03-28T07:43:35.297Z,Other fee,--,--,--,--,--,--,--,--,0.11,USD,--,7417074883,--,--,--,--,FEE-7631182444419_11,--,--,--,--,--,--,--,--,--,--,--,--,--,--,--,0.11,USD,--,--,Insertion Fee
2026-03-28T07:42:06.295Z,Other fee,--,--,--,--,--,--,--,--,0.11,USD,--,7417074883,--,--,--,--,FEE-7631180783819_11,--,--,--,--,--,--,--,--,--,--,--,--,--,--,--,0.11,USD,--,--,Insertion Fee
2026-03-28T07:41:30.006Z,Other fee,--,--,--,--,--,--,--,--,0.11,USD,--,7417074883,--,--,--,--,FEE-7631179104419_11,--,--,--,--,--,--,--,--,--,--,--,--,--,--,--,0.11,USD,--,--,Insertion Fee
2026-03-28T07:39:55.317Z,Other fee,--,--,--,--,--,--,--,--,0.11,USD,--,7417074883,--,--,--,--,FEE-7631177261219_11,--,--,--,--,--,--,--,--,--,--,--,--,--,--,--,0.11,USD,--,--,Insertion Fee
2026-03-28T07:39:40.013Z,Other fee,--,--,--,--,--,--,--,--,0.11,USD,--,7417074883,--,--,--,--,FEE-7631176303819_11,--,--,--,--,--,--,--,--,--,--,--,--,--,--,--,0.11,USD,--,--,Insertion Fee
2026-03-28T07:38:27.227Z,Other fee,--,--,--,--,--,--,--,--,0.11,USD,--,7417074883,--,--,--,--,FEE-7631174871319_11,--,--,--,--,--,--,--,--,--,--,--,--,--,--,--,0.11,USD,--,--,Insertion Fee
2026-03-28T07:36:26.300Z,Other fee,--,--,--,--,--,--,--,--,0.11,USD,--,7417074883,--,--,--,--,FEE-7631172669419_11,--,--,--,--,--,--,--,--,--,--,--,--,--,--,--,0.11,USD,--,--,Insertion Fee
2026-03-28T07:34:21.803Z,Other fee,--,--,--,--,--,--,--,--,0.11,USD,--,7417074883,--,--,--,--,FEE-7631169009119_11,--,--,--,--,--,--,--,--,--,--,--,--,--,--,--,0.11,USD,--,--,Insertion Fee
2026-03-28T07:33:25.960Z,Other fee,--,--,--,--,--,--,--,--,0.11,USD,--,7417074883,--,--,--,--,FEE-7631168453919_11,--,--,--,--,--,--,--,--,--,--,--,--,--,--,--,0.11,USD,--,--,Insertion Fee
2026-03-28T07:32:07.594Z,Other fee,--,--,--,--,--,--,--,--,0.11,USD,--,7417074883,--,--,--,--,FEE-7631167298419_11,--,--,--,--,--,--,--,--,--,--,--,--,--,--,--,0.11,USD,--,--,Insertion Fee
2026-03-28T07:31:34.920Z,Other fee,--,--,--,--,--,--,--,--,0.11,USD,--,7417074883,--,--,--,--,FEE-7631165736419_11,--,--,--,--,--,--,--,--,--,--,--,--,--,--,--,0.11,USD,--,--,Insertion Fee
2026-03-28T07:30:37.699Z,Other fee,--,--,--,--,--,--,--,--,0.11,USD,--,7417074883,--,--,--,--,FEE-7631163697519_11,--,--,--,--,--,--,--,--,--,--,--,--,--,--,--,0.11,USD,--,--,Insertion Fee
2026-03-28T07:29:31.970Z,Other fee,--,--,--,--,--,--,--,--,0.11,USD,--,7417074883,--,--,--,--,FEE-7631161910019_11,--,--,--,--,--,--,--,--,--,--,--,--,--,--,--,0.11,USD,--,--,Insertion Fee
2026-03-28T07:28:30.448Z,Other fee,--,--,--,--,--,--,--,--,0.11,USD,--,7417074883,--,--,--,--,FEE-7631160489419_11,--,--,--,--,--,--,--,--,--,--,--,--,--,--,--,0.11,USD,--,--,Insertion Fee
2026-03-28T07:26:24.851Z,Other fee,--,--,--,--,--,--,--,--,0.11,USD,--,7417074883,--,--,--,--,FEE-7631156978019_11,--,--,--,--,--,--,--,--,--,--,--,--,--,--,--,0.11,USD,--,--,Insertion Fee
2026-03-28T07:24:27.462Z,Other fee,--,--,--,--,--,--,--,--,0.11,USD,--,7417074883,--,--,--,--,FEE-7631152169619_11,--,--,--,--,--,--,--,--,--,--,--,--,--,--,--,0.11,USD,--,--,Insertion Fee
2026-03-28T07:22:32.811Z,Other fee,--,--,--,--,--,--,--,--,0.11,USD,--,7417074883,--,--,--,--,FEE-7631150336819_11,--,--,--,--,--,--,--,--,--,--,--,--,--,--,--,0.11,USD,--,--,Insertion Fee
2026-03-28T07:22:06.425Z,Other fee,--,--,--,--,--,--,--,--,0.11,USD,--,7417074883,--,--,--,--,FEE-7631149635719_11,--,--,--,--,--,--,--,--,--,--,--,--,--,--,--,0.11,USD,--,--,Insertion Fee
2026-03-28T07:21:27.289Z,Other fee,--,--,--,--,--,--,--,--,0.11,USD,--,7417074883,--,--,--,--,FEE-7631148843619_11,--,--,--,--,--,--,--,--,--,--,--,--,--,--,--,0.11,USD,--,--,Insertion Fee
2026-03-28T07:20:38.090Z,Other fee,--,--,--,--,--,--,--,--,0.11,USD,--,7417074883,--,--,--,--,FEE-7631147720219_11,--,--,--,--,--,--,--,--,--,--,--,--,--,--,--,0.11,USD,--,--,Insertion Fee
2026-03-28T07:19:54.622Z,Other fee,--,--,--,--,--,--,--,--,0.11,USD,--,7417074883,--,--,--,--,FEE-7631146717819_11,--,--,--,--,--,--,--,--,--,--,--,--,--,--,--,0.11,USD,--,--,Insertion Fee
2026-03-28T07:19:19.907Z,Other fee,--,--,--,--,--,--,--,--,0.11,USD,--,7417074883,--,--,--,--,FEE-7631145336019_11,--,--,--,--,--,--,--,--,--,--,--,--,--,--,--,0.11,USD,--,--,Insertion Fee
2026-03-28T07:18:26.213Z,Other fee,--,--,--,--,--,--,--,--,0.11,USD,--,7417074883,--,--,--,--,FEE-7631143926919_11,--,--,--,--,--,--,--,--,--,--,--,--,--,--,--,0.11,USD,--,--,Insertion Fee
2026-03-28T07:16:25.495Z,Other fee,--,--,--,--,--,--,--,--,0.11,USD,--,7417074883,--,--,--,--,FEE-7631141586319_11,--,--,--,--,--,--,--,--,--,--,--,--,--,--,--,0.11,USD,--,--,Insertion Fee
2026-03-28T07:16:24.359Z,Other fee,--,--,--,--,--,--,--,--,0.11,USD,--,7417074883,--,--,--,--,FEE-7631140026519_11,--,--,--,--,--,--,--,--,--,--,--,--,--,--,--,0.11,USD,--,--,Insertion Fee
2026-03-28T07:14:19.284Z,Other fee,--,--,--,--,--,--,--,--,0.11,USD,--,7417074883,--,--,--,--,FEE-7631136964019_11,--,--,--,--,--,--,--,--,--,--,--,--,--,--,--,0.11,USD,--,--,Insertion Fee
2026-03-28T07:13:22.856Z,Other fee,--,--,--,--,--,--,--,--,0.11,USD,--,7417074883,--,--,--,--,FEE-7631135491219_11,--,--,--,--,--,--,--,--,--,--,--,--,--,--,--,0.11,USD,--,--,Insertion Fee
2026-03-28T07:09:56.252Z,Other fee,--,--,--,--,--,--,--,--,0.11,USD,--,7417074883,--,--,--,--,FEE-7631126305519_11,--,--,--,--,--,--,--,--,--,--,--,--,--,--,--,0.11,USD,--,--,Insertion Fee
2026-03-28T07:08:22.679Z,Other fee,--,--,--,--,--,--,--,--,0.11,USD,--,7417074883,--,--,--,--,FEE-7631123449819_11,--,--,--,--,--,--,--,--,--,--,--,--,--,--,--,0.11,USD,--,--,Insertion Fee
2026-03-28T07:08:21.737Z,Other fee,--,--,--,--,--,--,--,--,0.11,USD,--,7417074883,--,--,--,--,FEE-7631123601719_11,--,--,--,--,--,--,--,--,--,--,--,--,--,--,--,0.11,USD,--,--,Insertion Fee
2026-03-28T07:07:21.001Z,Other fee,--,--,--,--,--,--,--,--,0.11,USD,--,7417074883,--,--,--,--,FEE-7631122426319_11,--,--,--,--,--,--,--,--,--,--,--,--,--,--,--,0.11,USD,--,--,Insertion Fee
2026-03-28T07:05:35.176Z,Other fee,--,--,--,--,--,--,--,--,0.11,USD,--,7417074883,--,--,--,--,FEE-7631119819219_11,--,--,--,--,--,--,--,--,--,--,--,--,--,--,--,0.11,USD,--,--,Insertion Fee
2026-03-28T07:04:20.471Z,Other fee,--,--,--,--,--,--,--,--,0.11,USD,--,7417074883,--,--,--,--,FEE-7631117079319_11,--,--,--,--,--,--,--,--,--,--,--,--,--,--,--,0.11,USD,--,--,Insertion Fee
2026-03-28T07:03:26.275Z,Other fee,--,--,--,--,--,--,--,--,0.11,USD,--,7417074883,--,--,--,--,FEE-7631116265319_11,--,--,--,--,--,--,--,--,--,--,--,--,--,--,--,0.11,USD,--,--,Insertion Fee
2026-03-28T07:03:21.179Z,Other fee,--,--,--,--,--,--,--,--,0.11,USD,--,7417074883,--,--,--,--,FEE-7631116530819_11,--,--,--,--,--,--,--,--,--,--,--,--,--,--,--,0.11,USD,--,--,Insertion Fee
2026-03-28T07:02:05.152Z,Other fee,--,--,--,--,--,--,--,--,0.11,USD,--,7417074883,--,--,--,--,FEE-7631114576919_11,--,--,--,--,--,--,--,--,--,--,--,--,--,--,--,0.11,USD,--,--,Insertion Fee
2026-03-28T07:01:24.039Z,Other fee,--,--,--,--,--,--,--,--,0.11,USD,--,7417074883,--,--,--,--,FEE-7631113431019_11,--,--,--,--,--,--,--,--,--,--,--,--,--,--,--,0.11,USD,--,--,Insertion Fee
2026-03-28T06:59:57.385Z,Other fee,--,--,--,--,--,--,--,--,0.11,USD,--,7417074883,--,--,--,--,FEE-7631109888519_11,--,--,--,--,--,--,--,--,--,--,--,--,--,--,--,0.11,USD,--,--,Insertion Fee
2026-03-28T06:59:18.332Z,Other fee,--,--,--,--,--,--,--,--,0.11,USD,--,7417074883,--,--,--,--,FEE-7631107293919_11,--,--,--,--,--,--,--,--,--,--,--,--,--,--,--,0.11,USD,--,--,Insertion Fee
2026-03-28T06:58:21.596Z,Other fee,--,--,--,--,--,--,--,--,0.11,USD,--,7417074883,--,--,--,--,FEE-7631105333919_11,--,--,--,--,--,--,--,--,--,--,--,--,--,--,--,0.11,USD,--,--,Insertion Fee
2026-03-28T06:56:50.112Z,Other fee,--,--,--,--,--,--,--,--,0.11,USD,--,7417074883,--,--,--,--,FEE-7631103868319_11,--,--,--,--,--,--,--,--,--,--,--,--,--,--,--,0.11,USD,--,--,Insertion Fee
2026-03-28T06:56:27.460Z,Other fee,--,--,--,--,--,--,--,--,0.11,USD,--,7417074883,--,--,--,--,FEE-7631102851519_11,--,--,--,--,--,--,--,--,--,--,--,--,--,--,--,0.11,USD,--,--,Insertion Fee
2026-03-28T06:54:57.909Z,Other fee,--,--,--,--,--,--,--,--,0.11,USD,--,7417074883,--,--,--,--,FEE-7631101504519_11,--,--,--,--,--,--,--,--,--,--,--,--,--,--,--,0.11,USD,--,--,Insertion Fee
2026-03-28T06:53:27.396Z,Other fee,--,--,--,--,--,--,--,--,0.11,USD,--,7417074883,--,--,--,--,FEE-7631099360219_11,--,--,--,--,--,--,--,--,--,--,--,--,--,--,--,0.11,USD,--,--,Insertion Fee
2026-03-28T06:51:45.797Z,Other fee,--,--,--,--,--,--,--,--,0.11,USD,--,7417074883,--,--,--,--,FEE-7631097895019_11,--,--,--,--,--,--,--,--,--,--,--,--,--,--,--,0.11,USD,--,--,Insertion Fee
2026-03-28T06:44:52.476Z,Other fee,--,--,--,--,--,--,--,--,0.11,USD,--,7417074883,--,--,--,--,FEE-7631086089219_11,--,--,--,--,--,--,--,--,--,--,--,--,--,--,--,0.11,USD,--,--,Insertion Fee
2026-03-28T06:44:15.959Z,Other fee,--,--,--,--,--,--,--,--,0.11,USD,--,7417074883,--,--,--,--,FEE-7631085448319_11,--,--,--,--,--,--,--,--,--,--,--,--,--,--,--,0.11,USD,--,--,Insertion Fee
2026-03-28T06:43:35.796Z,Other fee,--,--,--,--,--,--,--,--,0.11,USD,--,7417074883,--,--,--,--,FEE-7631084928819_11,--,--,--,--,--,--,--,--,--,--,--,--,--,--,--,0.11,USD,--,--,Insertion Fee
2026-03-28T06:40:00.678Z,Other fee,--,--,--,--,--,--,--,--,0.11,USD,--,7417074883,--,--,--,--,FEE-7631080327619_11,--,--,--,--,--,--,--,--,--,--,--,--,--,--,--,0.11,USD,--,--,Insertion Fee
2026-03-28T06:38:30.682Z,Other fee,--,--,--,--,--,--,--,--,0.11,USD,--,7417074883,--,--,--,--,FEE-7631078063419_11,--,--,--,--,--,--,--,--,--,--,--,--,--,--,--,0.11,USD,--,--,Insertion Fee
2026-03-28T06:38:26.668Z,Other fee,--,--,--,--,--,--,--,--,0.11,USD,--,7417074883,--,--,--,--,FEE-7631078552019_11,--,--,--,--,--,--,--,--,--,--,--,--,--,--,--,0.11,USD,--,--,Insertion Fee
2026-03-28T06:34:27.085Z,Other fee,--,--,--,--,--,--,--,--,0.11,USD,--,7417074883,--,--,--,--,FEE-7631073430119_11,--,--,--,--,--,--,--,--,--,--,--,--,--,--,--,0.11,USD,--,--,Insertion Fee
2026-03-28T06:33:23.374Z,Other fee,--,--,--,--,--,--,--,--,0.11,USD,--,7417074883,--,--,--,--,FEE-7631072692419_11,--,--,--,--,--,--,--,--,--,--,--,--,--,--,--,0.11,USD,--,--,Insertion Fee
2026-03-28T06:33:20.769Z,Other fee,--,--,--,--,--,--,--,--,0.11,USD,--,7417074883,--,--,--,--,FEE-7631072040519_11,--,--,--,--,--,--,--,--,--,--,--,--,--,--,--,0.11,USD,--,--,Insertion Fee
2026-03-28T06:32:31.233Z,Other fee,--,--,--,--,--,--,--,--,0.11,USD,--,7417074883,--,--,--,--,FEE-7631071660019_11,--,--,--,--,--,--,--,--,--,--,--,--,--,--,--,0.11,USD,--,--,Insertion Fee
2026-03-28T06:31:17.836Z,Other fee,--,--,--,--,--,--,--,--,0.11,USD,--,7417074883,--,--,--,--,FEE-7631069978619_11,--,--,--,--,--,--,--,--,--,--,--,--,--,--,--,0.11,USD,--,--,Insertion Fee
2026-03-28T06:30:33.257Z,Other fee,--,--,--,--,--,--,--,--,0.11,USD,--,7417074883,--,--,--,--,FEE-7631068586119_11,--,--,--,--,--,--,--,--,--,--,--,--,--,--,--,0.11,USD,--,--,Insertion Fee
2026-03-28T06:29:14.463Z,Other fee,--,--,--,--,--,--,--,--,0.11,USD,--,7417074883,--,--,--,--,FEE-7631067207919_11,--,--,--,--,--,--,--,--,--,--,--,--,--,--,--,0.11,USD,--,--,Insertion Fee
2026-03-28T06:28:25.231Z,Other fee,--,--,--,--,--,--,--,--,0.11,USD,--,7417074883,--,--,--,--,FEE-7631066735719_11,--,--,--,--,--,--,--,--,--,--,--,--,--,--,--,0.11,USD,--,--,Insertion Fee
2026-03-28T06:25:38.296Z,Other fee,--,--,--,--,--,--,--,--,0.11,USD,--,7417074883,--,--,--,--,FEE-7631063179519_11,--,--,--,--,--,--,--,--,--,--,--,--,--,--,--,0.11,USD,--,--,Insertion Fee
2026-03-28T06:24:21.883Z,Other fee,--,--,--,--,--,--,--,--,0.11,USD,--,7417074883,--,--,--,--,FEE-7631062270019_11,--,--,--,--,--,--,--,--,--,--,--,--,--,--,--,0.11,USD,--,--,Insertion Fee
2026-03-28T06:24:18.007Z,Other fee,--,--,--,--,--,--,--,--,0.11,USD,--,7417074883,--,--,--,--,FEE-7631061716719_11,--,--,--,--,--,--,--,--,--,--,--,--,--,--,--,0.11,USD,--,--,Insertion Fee
2026-03-28T06:22:06.597Z,Other fee,--,--,--,--,--,--,--,--,0.11,USD,--,7417074883,--,--,--,--,FEE-7631058747919_11,--,--,--,--,--,--,--,--,--,--,--,--,--,--,--,0.11,USD,--,--,Insertion Fee
2026-03-28T06:21:17.816Z,Other fee,--,--,--,--,--,--,--,--,0.11,USD,--,7417074883,--,--,--,--,FEE-7631056914419_11,--,--,--,--,--,--,--,--,--,--,--,--,--,--,--,0.11,USD,--,--,Insertion Fee
2026-03-28T06:20:36.833Z,Other fee,--,--,--,--,--,--,--,--,0.11,USD,--,7417074883,--,--,--,--,FEE-7631056208719_11,--,--,--,--,--,--,--,--,--,--,--,--,--,--,--,0.11,USD,--,--,Insertion Fee
2026-03-28T06:20:09.574Z,Other fee,--,--,--,--,--,--,--,--,0.11,USD,--,7417074883,--,--,--,--,FEE-7631055736419_11,--,--,--,--,--,--,--,--,--,--,--,--,--,--,--,0.11,USD,--,--,Insertion Fee
2026-03-28T06:19:53.966Z,Other fee,--,--,--,--,--,--,--,--,0.11,USD,--,7417074883,--,--,--,--,FEE-7631055024519_11,--,--,--,--,--,--,--,--,--,--,--,--,--,--,--,0.11,USD,--,--,Insertion Fee
2026-03-28T06:19:09.917Z,Other fee,--,--,--,--,--,--,--,--,0.11,USD,--,7417074883,--,--,--,--,FEE-7631054161319_11,--,--,--,--,--,--,--,--,--,--,--,--,--,--,--,0.11,USD,--,--,Insertion Fee
2026-03-28T06:18:25.762Z,Other fee,--,--,--,--,--,--,--,--,0.11,USD,--,7417074883,--,--,--,--,FEE-7631053588219_11,--,--,--,--,--,--,--,--,--,--,--,--,--,--,--,0.11,USD,--,--,Insertion Fee
2026-03-28T06:17:29.942Z,Other fee,--,--,--,--,--,--,--,--,0.11,USD,--,7417074883,--,--,--,--,FEE-7631052830619_11,--,--,--,--,--,--,--,--,--,--,--,--,--,--,--,0.11,USD,--,--,Insertion Fee
2026-03-28T06:17:18.576Z,Other fee,--,--,--,--,--,--,--,--,0.11,USD,--,7417074883,--,--,--,--,FEE-7631052258719_11,--,--,--,--,--,--,--,--,--,--,--,--,--,--,--,0.11,USD,--,--,Insertion Fee
2026-03-28T06:14:57.439Z,Other fee,--,--,--,--,--,--,--,--,0.11,USD,--,7417074883,--,--,--,--,FEE-7631049084119_11,--,--,--,--,--,--,--,--,--,--,--,--,--,--,--,0.11,USD,--,--,Insertion Fee
2026-03-28T06:13:23.134Z,Other fee,--,--,--,--,--,--,--,--,0.11,USD,--,7417074883,--,--,--,--,FEE-7631047520419_11,--,--,--,--,--,--,--,--,--,--,--,--,--,--,--,0.11,USD,--,--,Insertion Fee
2026-03-28T06:12:29.402Z,Other fee,--,--,--,--,--,--,--,--,0.11,USD,--,7417074883,--,--,--,--,FEE-7631046325819_11,--,--,--,--,--,--,--,--,--,--,--,--,--,--,--,0.11,USD,--,--,Insertion Fee
2026-03-28T06:11:51.857Z,Other fee,--,--,--,--,--,--,--,--,0.11,USD,--,7417074883,--,--,--,--,FEE-7631045525219_11,--,--,--,--,--,--,--,--,--,--,--,--,--,--,--,0.11,USD,--,--,Insertion Fee
2026-03-28T06:11:48.717Z,Other fee,--,--,--,--,--,--,--,--,0.11,USD,--,7417074883,--,--,--,--,FEE-7631043844919_11,--,--,--,--,--,--,--,--,--,--,--,--,--,--,--,0.11,USD,--,--,Insertion Fee
2026-03-28T06:11:19.049Z,Other fee,--,--,--,--,--,--,--,--,0.11,USD,--,7417074883,--,--,--,--,FEE-7631042929919_11,--,--,--,--,--,--,--,--,--,--,--,--,--,--,--,0.11,USD,--,--,Insertion Fee
2026-03-28T06:10:30.721Z,Other fee,--,--,--,--,--,--,--,--,0.11,USD,--,7417074883,--,--,--,--,FEE-7631041500019_11,--,--,--,--,--,--,--,--,--,--,--,--,--,--,--,0.11,USD,--,--,Insertion Fee
2026-03-28T06:09:56.529Z,Other fee,--,--,--,--,--,--,--,--,0.11,USD,--,7417074883,--,--,--,--,FEE-7631040155119_11,--,--,--,--,--,--,--,--,--,--,--,--,--,--,--,0.11,USD,--,--,Insertion Fee
2026-03-28T06:09:20.944Z,Other fee,--,--,--,--,--,--,--,--,0.11,USD,--,7417074883,--,--,--,--,FEE-7631038469119_11,--,--,--,--,--,--,--,--,--,--,--,--,--,--,--,0.11,USD,--,--,Insertion Fee
2026-03-28T06:09:15.842Z,Other fee,--,--,--,--,--,--,--,--,0.11,USD,--,7417074883,--,--,--,--,FEE-7631036747619_11,--,--,--,--,--,--,--,--,--,--,--,--,--,--,--,0.11,USD,--,--,Insertion Fee
2026-03-28T06:09:11.469Z,Other fee,--,--,--,--,--,--,--,--,0.11,USD,--,7417074883,--,--,--,--,FEE-7631036617219_11,--,--,--,--,--,--,--,--,--,--,--,--,--,--,--,0.11,USD,--,--,Insertion Fee
2026-03-28T06:06:47.671Z,Other fee,--,--,--,--,--,--,--,--,0.11,USD,--,7417074883,--,--,--,--,FEE-7631033151019_11,--,--,--,--,--,--,--,--,--,--,--,--,--,--,--,0.11,USD,--,--,Insertion Fee
2026-03-28T06:05:31.054Z,Other fee,--,--,--,--,--,--,--,--,0.11,USD,--,7417074883,--,--,--,--,FEE-7631030718819_11,--,--,--,--,--,--,--,--,--,--,--,--,--,--,--,0.11,USD,--,--,Insertion Fee
2026-03-28T06:02:17.828Z,Other fee,--,--,--,--,--,--,--,--,0.11,USD,--,7417074883,--,--,--,--,FEE-7631026710219_11,--,--,--,--,--,--,--,--,--,--,--,--,--,--,--,0.11,USD,--,--,Insertion Fee
2026-03-28T06:01:20.359Z,Other fee,--,--,--,--,--,--,--,--,0.11,USD,--,7417074883,--,--,--,--,FEE-7631025195919_11,--,--,--,--,--,--,--,--,--,--,--,--,--,--,--,0.11,USD,--,--,Insertion Fee
2026-03-28T06:00:30.651Z,Other fee,--,--,--,--,--,--,--,--,0.11,USD,--,7417074883,--,--,--,--,FEE-7631024427419_11,--,--,--,--,--,--,--,--,--,--,--,--,--,--,--,0.11,USD,--,--,Insertion Fee
2026-03-28T05:59:53.791Z,Other fee,--,--,--,--,--,--,--,--,0.11,USD,--,7417074883,--,--,--,--,FEE-7631024076419_11,--,--,--,--,--,--,--,--,--,--,--,--,--,--,--,0.11,USD,--,--,Insertion Fee
2026-03-28T05:59:08.116Z,Other fee,--,--,--,--,--,--,--,--,0.11,USD,--,7417074883,--,--,--,--,FEE-7631023317919_11,--,--,--,--,--,--,--,--,--,--,--,--,--,--,--,0.11,USD,--,--,Insertion Fee
2026-03-28T05:58:23.607Z,Other fee,--,--,--,--,--,--,--,--,0.11,USD,--,7417074883,--,--,--,--,FEE-7631022285319_11,--,--,--,--,--,--,--,--,--,--,--,--,--,--,--,0.11,USD,--,--,Insertion Fee
2026-03-28T05:56:45.537Z,Other fee,--,--,--,--,--,--,--,--,0.11,USD,--,7417074883,--,--,--,--,FEE-7631021038519_11,--,--,--,--,--,--,--,--,--,--,--,--,--,--,--,0.11,USD,--,--,Insertion Fee
2026-03-28T05:54:57.808Z,Other fee,--,--,--,--,--,--,--,--,0.11,USD,--,7417074883,--,--,--,--,FEE-7631019054519_11,--,--,--,--,--,--,--,--,--,--,--,--,--,--,--,0.11,USD,--,--,Insertion Fee
2026-03-28T05:50:29.423Z,Other fee,--,--,--,--,--,--,--,--,0.11,USD,--,7417074883,--,--,--,--,FEE-7631011043019_11,--,--,--,--,--,--,--,--,--,--,--,--,--,--,--,0.11,USD,--,--,Insertion Fee
2026-03-28T05:49:51.145Z,Other fee,--,--,--,--,--,--,--,--,0.11,USD,--,7417074883,--,--,--,--,FEE-7631010631219_11,--,--,--,--,--,--,--,--,--,--,--,--,--,--,--,0.11,USD,--,--,Insertion Fee
2026-03-28T05:49:51.086Z,Other fee,--,--,--,--,--,--,--,--,0.11,USD,--,7417074883,--,--,--,--,FEE-7631010307719_11,--,--,--,--,--,--,--,--,--,--,--,--,--,--,--,0.11,USD,--,--,Insertion Fee
2026-03-28T05:48:19.691Z,Other fee,--,--,--,--,--,--,--,--,0.11,USD,--,7417074883,--,--,--,--,FEE-7631008981019_11,--,--,--,--,--,--,--,--,--,--,--,--,--,--,--,0.11,USD,--,--,Insertion Fee
2026-03-28T05:46:48.053Z,Other fee,--,--,--,--,--,--,--,--,0.11,USD,--,7417074883,--,--,--,--,FEE-7631007215819_11,--,--,--,--,--,--,--,--,--,--,--,--,--,--,--,0.11,USD,--,--,Insertion Fee
2026-03-28T05:46:44.589Z,Other fee,--,--,--,--,--,--,--,--,0.11,USD,--,7417074883,--,--,--,--,FEE-7631006898119_11,--,--,--,--,--,--,--,--,--,--,--,--,--,--,--,0.11,USD,--,--,Insertion Fee
2026-03-28T05:46:18.488Z,Other fee,--,--,--,--,--,--,--,--,0.11,USD,--,7417074883,--,--,--,--,FEE-7631006186819_11,--,--,--,--,--,--,--,--,--,--,--,--,--,--,--,0.11,USD,--,--,Insertion Fee
2026-03-28T05:44:55.975Z,Other fee,--,--,--,--,--,--,--,--,0.11,USD,--,7417074883,--,--,--,--,FEE-7631005280819_11,--,--,--,--,--,--,--,--,--,--,--,--,--,--,--,0.11,USD,--,--,Insertion Fee
2026-03-28T05:44:06.641Z,Other fee,--,--,--,--,--,--,--,--,0.11,USD,--,7417074883,--,--,--,--,FEE-7631003649319_11,--,--,--,--,--,--,--,--,--,--,--,--,--,--,--,0.11,USD,--,--,Insertion Fee
2026-03-28T05:43:26.508Z,Other fee,--,--,--,--,--,--,--,--,0.11,USD,--,7417074883,--,--,--,--,FEE-7631002811819_11,--,--,--,--,--,--,--,--,--,--,--,--,--,--,--,0.11,USD,--,--,Insertion Fee
2026-03-28T05:36:50.388Z,Other fee,--,--,--,--,--,--,--,--,0.11,USD,--,7417074883,--,--,--,--,FEE-7630996960319_11,--,--,--,--,--,--,--,--,--,--,--,--,--,--,--,0.11,USD,--,--,Insertion Fee
2026-03-28T05:29:05.729Z,Other fee,--,--,--,--,--,--,--,--,0.11,USD,--,7417074883,--,--,--,--,FEE-7630987187719_11,--,--,--,--,--,--,--,--,--,--,--,--,--,--,--,0.11,USD,--,--,Insertion Fee
2026-03-28T05:27:05.395Z,Other fee,--,--,--,--,--,--,--,--,0.11,USD,--,7417074883,--,--,--,--,FEE-7630985388419_11,--,--,--,--,--,--,--,--,--,--,--,--,--,--,--,0.11,USD,--,--,Insertion Fee
2026-03-28T05:27:04.797Z,Other fee,--,--,--,--,--,--,--,--,0.11,USD,--,7417074883,--,--,--,--,FEE-7630985652619_11,--,--,--,--,--,--,--,--,--,--,--,--,--,--,--,0.11,USD,--,--,Insertion Fee
2026-03-28T05:25:28.909Z,Other fee,--,--,--,--,--,--,--,--,0.11,USD,--,7417074883,--,--,--,--,FEE-7630984067519_11,--,--,--,--,--,--,--,--,--,--,--,--,--,--,--,0.11,USD,--,--,Insertion Fee
2026-03-28T05:25:27.897Z,Other fee,--,--,--,--,--,--,--,--,0.11,USD,--,7417074883,--,--,--,--,FEE-7630983712319_11,--,--,--,--,--,--,--,--,--,--,--,--,--,--,--,0.11,USD,--,--,Insertion Fee
2026-03-28T05:23:29.917Z,Other fee,--,--,--,--,--,--,--,--,0.11,USD,--,7417074883,--,--,--,--,FEE-7630981993619_11,--,--,--,--,--,--,--,--,--,--,--,--,--,--,--,0.11,USD,--,--,Insertion Fee
2026-03-28T05:23:18.223Z,Other fee,--,--,--,--,--,--,--,--,0.11,USD,--,7417074883,--,--,--,--,FEE-7630981400019_11,--,--,--,--,--,--,--,--,--,--,--,--,--,--,--,0.11,USD,--,--,Insertion Fee
2026-03-28T05:22:18.509Z,Other fee,--,--,--,--,--,--,--,--,0.11,USD,--,7417074883,--,--,--,--,FEE-7630980912519_11,--,--,--,--,--,--,--,--,--,--,--,--,--,--,--,0.11,USD,--,--,Insertion Fee
2026-03-28T05:21:57.126Z,Other fee,--,--,--,--,--,--,--,--,0.11,USD,--,7417074883,--,--,--,--,FEE-7630980584019_11,--,--,--,--,--,--,--,--,--,--,--,--,--,--,--,0.11,USD,--,--,Insertion Fee
2026-03-28T05:21:45.596Z,Other fee,--,--,--,--,--,--,--,--,0.11,USD,--,7417074883,--,--,--,--,FEE-7630980219519_11,--,--,--,--,--,--,--,--,--,--,--,--,--,--,--,0.11,USD,--,--,Insertion Fee
2026-03-28T05:21:17.505Z,Other fee,--,--,--,--,--,--,--,--,0.11,USD,--,7417074883,--,--,--,--,FEE-7630979602419_11,--,--,--,--,--,--,--,--,--,--,--,--,--,--,--,0.11,USD,--,--,Insertion Fee
2026-03-28T05:21:14.629Z,Other fee,--,--,--,--,--,--,--,--,0.11,USD,--,7417074883,--,--,--,--,FEE-7630979936519_11,--,--,--,--,--,--,--,--,--,--,--,--,--,--,--,0.11,USD,--,--,Insertion Fee
2026-03-28T05:19:55.914Z,Other fee,--,--,--,--,--,--,--,--,0.11,USD,--,7417074883,--,--,--,--,FEE-7630978965519_11,--,--,--,--,--,--,--,--,--,--,--,--,--,--,--,0.11,USD,--,--,Insertion Fee
2026-03-28T05:19:15.785Z,Other fee,--,--,--,--,--,--,--,--,0.11,USD,--,7417074883,--,--,--,--,FEE-7630978137319_11,--,--,--,--,--,--,--,--,--,--,--,--,--,--,--,0.11,USD,--,--,Insertion Fee
2026-03-28T05:18:18.820Z,Other fee,--,--,--,--,--,--,--,--,0.11,USD,--,7417074883,--,--,--,--,FEE-7630977565219_11,--,--,--,--,--,--,--,--,--,--,--,--,--,--,--,0.11,USD,--,--,Insertion Fee
2026-03-28T05:18:17.236Z,Other fee,--,--,--,--,--,--,--,--,0.11,USD,--,7417074883,--,--,--,--,FEE-7630977247319_11,--,--,--,--,--,--,--,--,--,--,--,--,--,--,--,0.11,USD,--,--,Insertion Fee
2026-03-28T05:14:16.206Z,Other fee,--,--,--,--,--,--,--,--,0.11,USD,--,7417074883,--,--,--,--,FEE-7630974255319_11,--,--,--,--,--,--,--,--,--,--,--,--,--,--,--,0.11,USD,--,--,Insertion Fee
2026-03-28T05:11:11.351Z,Other fee,--,--,--,--,--,--,--,--,0.11,USD,--,7417074883,--,--,--,--,FEE-7630968989819_11,--,--,--,--,--,--,--,--,--,--,--,--,--,--,--,0.11,USD,--,--,Insertion Fee
2026-03-28T05:10:26.047Z,Other fee,--,--,--,--,--,--,--,--,0.11,USD,--,7417074883,--,--,--,--,FEE-7630967877819_11,--,--,--,--,--,--,--,--,--,--,--,--,--,--,--,0.11,USD,--,--,Insertion Fee
2026-03-28T05:09:51.952Z,Other fee,--,--,--,--,--,--,--,--,0.11,USD,--,7417074883,--,--,--,--,FEE-7630966685819_11,--,--,--,--,--,--,--,--,--,--,--,--,--,--,--,0.11,USD,--,--,Insertion Fee
2026-03-28T05:09:04.115Z,Other fee,--,--,--,--,--,--,--,--,0.11,USD,--,7417074883,--,--,--,--,FEE-7630964742719_11,--,--,--,--,--,--,--,--,--,--,--,--,--,--,--,0.11,USD,--,--,Insertion Fee
2026-03-28T05:09:03.817Z,Other fee,--,--,--,--,--,--,--,--,0.11,USD,--,7417074883,--,--,--,--,FEE-7630965194319_11,--,--,--,--,--,--,--,--,--,--,--,--,--,--,--,0.11,USD,--,--,Insertion Fee
2026-03-28T05:09:01.993Z,Other fee,--,--,--,--,--,--,--,--,0.11,USD,--,7417074883,--,--,--,--,FEE-7630964885019_11,--,--,--,--,--,--,--,--,--,--,--,--,--,--,--,0.11,USD,--,--,Insertion Fee
2026-03-28T05:07:28.199Z,Other fee,--,--,--,--,--,--,--,--,0.11,USD,--,7417074883,--,--,--,--,FEE-7630962821419_11,--,--,--,--,--,--,--,--,--,--,--,--,--,--,--,0.11,USD,--,--,Insertion Fee
2026-03-28T05:06:11.519Z,Other fee,--,--,--,--,--,--,--,--,0.11,USD,--,7417074883,--,--,--,--,FEE-7630959227819_11,--,--,--,--,--,--,--,--,--,--,--,--,--,--,--,0.11,USD,--,--,Insertion Fee
2026-03-28T05:05:26.107Z,Other fee,--,--,--,--,--,--,--,--,0.11,USD,--,7417074883,--,--,--,--,FEE-7630958923319_11,--,--,--,--,--,--,--,--,--,--,--,--,--,--,--,0.11,USD,--,--,Insertion Fee
2026-03-28T05:05:25.961Z,Other fee,--,--,--,--,--,--,--,--,0.11,USD,--,7417074883,--,--,--,--,FEE-7630958756719_11,--,--,--,--,--,--,--,--,--,--,--,--,--,--,--,0.11,USD,--,--,Insertion Fee
2026-03-28T05:04:51.320Z,Other fee,--,--,--,--,--,--,--,--,0.11,USD,--,7417074883,--,--,--,--,FEE-7630958402619_11,--,--,--,--,--,--,--,--,--,--,--,--,--,--,--,0.11,USD,--,--,Insertion Fee
2026-03-28T05:04:10.151Z,Other fee,--,--,--,--,--,--,--,--,0.11,USD,--,7417074883,--,--,--,--,FEE-7630957922419_11,--,--,--,--,--,--,--,--,--,--,--,--,--,--,--,0.11,USD,--,--,Insertion Fee
2026-03-28T05:04:03.778Z,Other fee,--,--,--,--,--,--,--,--,0.11,USD,--,7417074883,--,--,--,--,FEE-7630957354919_11,--,--,--,--,--,--,--,--,--,--,--,--,--,--,--,0.11,USD,--,--,Insertion Fee
2026-03-28T05:03:23.486Z,Other fee,--,--,--,--,--,--,--,--,0.11,USD,--,7417074883,--,--,--,--,FEE-7630957009119_11,--,--,--,--,--,--,--,--,--,--,--,--,--,--,--,0.11,USD,--,--,Insertion Fee
2026-03-28T05:03:19.790Z,Other fee,--,--,--,--,--,--,--,--,0.11,USD,--,7417074883,--,--,--,--,FEE-7630956495719_11,--,--,--,--,--,--,--,--,--,--,--,--,--,--,--,0.11,USD,--,--,Insertion Fee
2026-03-28T05:02:30.604Z,Other fee,--,--,--,--,--,--,--,--,0.11,USD,--,7417074883,--,--,--,--,FEE-7630956298519_11,--,--,--,--,--,--,--,--,--,--,--,--,--,--,--,0.11,USD,--,--,Insertion Fee
2026-03-28T05:01:58.646Z,Other fee,--,--,--,--,--,--,--,--,0.11,USD,--,7417074883,--,--,--,--,FEE-7630955904319_11,--,--,--,--,--,--,--,--,--,--,--,--,--,--,--,0.11,USD,--,--,Insertion Fee
2026-03-28T05:01:48.137Z,Other fee,--,--,--,--,--,--,--,--,0.11,USD,--,7417074883,--,--,--,--,FEE-7630955377019_11,--,--,--,--,--,--,--,--,--,--,--,--,--,--,--,0.11,USD,--,--,Insertion Fee
2026-03-28T05:01:43.729Z,Other fee,--,--,--,--,--,--,--,--,0.11,USD,--,7417074883,--,--,--,--,FEE-7630955454119_11,--,--,--,--,--,--,--,--,--,--,--,--,--,--,--,0.11,USD,--,--,Insertion Fee
2026-03-28T05:01:16.465Z,Other fee,--,--,--,--,--,--,--,--,0.11,USD,--,7417074883,--,--,--,--,FEE-7630954850619_11,--,--,--,--,--,--,--,--,--,--,--,--,--,--,--,0.11,USD,--,--,Insertion Fee
2026-03-28T05:00:27.771Z,Other fee,--,--,--,--,--,--,--,--,0.11,USD,--,7417074883,--,--,--,--,FEE-7630954376019_11,--,--,--,--,--,--,--,--,--,--,--,--,--,--,--,0.11,USD,--,--,Insertion Fee
2026-03-28T05:00:26.365Z,Other fee,--,--,--,--,--,--,--,--,0.11,USD,--,7417074883,--,--,--,--,FEE-7630954205819_11,--,--,--,--,--,--,--,--,--,--,--,--,--,--,--,0.11,USD,--,--,Insertion Fee
2026-03-28T04:59:50.761Z,Other fee,--,--,--,--,--,--,--,--,0.11,USD,--,7417074883,--,--,--,--,FEE-7630953765819_11,--,--,--,--,--,--,--,--,--,--,--,--,--,--,--,0.11,USD,--,--,Insertion Fee
2026-03-28T04:59:16.021Z,Other fee,--,--,--,--,--,--,--,--,0.11,USD,--,7417074883,--,--,--,--,FEE-7630953648119_11,--,--,--,--,--,--,--,--,--,--,--,--,--,--,--,0.11,USD,--,--,Insertion Fee
2026-03-28T04:59:02.791Z,Other fee,--,--,--,--,--,--,--,--,0.11,USD,--,7417074883,--,--,--,--,FEE-7630953378619_11,--,--,--,--,--,--,--,--,--,--,--,--,--,--,--,0.11,USD,--,--,Insertion Fee
2026-03-28T04:58:27.805Z,Other fee,--,--,--,--,--,--,--,--,0.11,USD,--,7417074883,--,--,--,--,FEE-7630952990219_11,--,--,--,--,--,--,--,--,--,--,--,--,--,--,--,0.11,USD,--,--,Insertion Fee
2026-03-28T04:57:28.824Z,Other fee,--,--,--,--,--,--,--,--,0.11,USD,--,7417074883,--,--,--,--,FEE-7630952366019_11,--,--,--,--,--,--,--,--,--,--,--,--,--,--,--,0.11,USD,--,--,Insertion Fee
2026-03-28T04:56:43.738Z,Other fee,--,--,--,--,--,--,--,--,0.11,USD,--,7417074883,--,--,--,--,FEE-7630951585119_11,--,--,--,--,--,--,--,--,--,--,--,--,--,--,--,0.11,USD,--,--,Insertion Fee
2026-03-28T04:56:08.337Z,Other fee,--,--,--,--,--,--,--,--,0.11,USD,--,7417074883,--,--,--,--,FEE-7630951385919_11,--,--,--,--,--,--,--,--,--,--,--,--,--,--,--,0.11,USD,--,--,Insertion Fee
2026-03-28T04:55:25.408Z,Other fee,--,--,--,--,--,--,--,--,0.11,USD,--,7417074883,--,--,--,--,FEE-7630950825319_11,--,--,--,--,--,--,--,--,--,--,--,--,--,--,--,0.11,USD,--,--,Insertion Fee
2026-03-28T04:54:49.738Z,Other fee,--,--,--,--,--,--,--,--,0.11,USD,--,7417074883,--,--,--,--,FEE-7630950230119_11,--,--,--,--,--,--,--,--,--,--,--,--,--,--,--,0.11,USD,--,--,Insertion Fee
2026-03-28T04:54:06.796Z,Other fee,--,--,--,--,--,--,--,--,0.11,USD,--,7417074883,--,--,--,--,FEE-7630949601219_11,--,--,--,--,--,--,--,--,--,--,--,--,--,--,--,0.11,USD,--,--,Insertion Fee
2026-03-28T04:53:15.289Z,Other fee,--,--,--,--,--,--,--,--,0.11,USD,--,7417074883,--,--,--,--,FEE-7630948759519_11,--,--,--,--,--,--,--,--,--,--,--,--,--,--,--,0.11,USD,--,--,Insertion Fee
2026-03-28T04:52:25.574Z,Other fee,--,--,--,--,--,--,--,--,0.11,USD,--,7417074883,--,--,--,--,FEE-7630947430819_11,--,--,--,--,--,--,--,--,--,--,--,--,--,--,--,0.11,USD,--,--,Insertion Fee
2026-03-28T04:52:01.601Z,Other fee,--,--,--,--,--,--,--,--,0.11,USD,--,7417074883,--,--,--,--,FEE-7630947041619_11,--,--,--,--,--,--,--,--,--,--,--,--,--,--,--,0.11,USD,--,--,Insertion Fee
2026-03-28T04:51:45.168Z,Other fee,--,--,--,--,--,--,--,--,0.11,USD,--,7417074883,--,--,--,--,FEE-7630945978619_11,--,--,--,--,--,--,--,--,--,--,--,--,--,--,--,0.11,USD,--,--,Insertion Fee
2026-03-28T04:51:10.251Z,Other fee,--,--,--,--,--,--,--,--,0.11,USD,--,7417074883,--,--,--,--,FEE-7630945519619_11,--,--,--,--,--,--,--,--,--,--,--,--,--,--,--,0.11,USD,--,--,Insertion Fee
2026-03-28T04:49:49.695Z,Other fee,--,--,--,--,--,--,--,--,0.11,USD,--,7417074883,--,--,--,--,FEE-7630944481819_11,--,--,--,--,--,--,--,--,--,--,--,--,--,--,--,0.11,USD,--,--,Insertion Fee
2026-03-28T04:48:17.232Z,Other fee,--,--,--,--,--,--,--,--,0.11,USD,--,7417074883,--,--,--,--,FEE-7630942862219_11,--,--,--,--,--,--,--,--,--,--,--,--,--,--,--,0.11,USD,--,--,Insertion Fee
2026-03-28T04:41:03.313Z,Other fee,--,--,--,--,--,--,--,--,0.11,USD,--,7417074883,--,--,--,--,FEE-7630936333519_11,--,--,--,--,--,--,--,--,--,--,--,--,--,--,--,0.11,USD,--,--,Insertion Fee
2026-03-28T04:40:22.437Z,Other fee,--,--,--,--,--,--,--,--,0.11,USD,--,7417074883,--,--,--,--,FEE-7630935960319_11,--,--,--,--,--,--,--,--,--,--,--,--,--,--,--,0.11,USD,--,--,Insertion Fee
2026-03-28T04:39:51.446Z,Other fee,--,--,--,--,--,--,--,--,0.11,USD,--,7417074883,--,--,--,--,FEE-7630934912119_11,--,--,--,--,--,--,--,--,--,--,--,--,--,--,--,0.11,USD,--,--,Insertion Fee
2026-03-28T04:39:01.219Z,Other fee,--,--,--,--,--,--,--,--,0.11,USD,--,7417074883,--,--,--,--,FEE-7630933739519_11,--,--,--,--,--,--,--,--,--,--,--,--,--,--,--,0.11,USD,--,--,Insertion Fee
2026-03-28T04:37:16.687Z,Other fee,--,--,--,--,--,--,--,--,0.11,USD,--,7417074883,--,--,--,--,FEE-7630929770219_11,--,--,--,--,--,--,--,--,--,--,--,--,--,--,--,0.11,USD,--,--,Insertion Fee
2026-03-28T04:36:05.304Z,Other fee,--,--,--,--,--,--,--,--,0.11,USD,--,7417074883,--,--,--,--,FEE-7630926570719_11,--,--,--,--,--,--,--,--,--,--,--,--,--,--,--,0.11,USD,--,--,Insertion Fee
2026-03-28T04:33:16.356Z,Other fee,--,--,--,--,--,--,--,--,0.11,USD,--,7417074883,--,--,--,--,FEE-7630924321619_11,--,--,--,--,--,--,--,--,--,--,--,--,--,--,--,0.11,USD,--,--,Insertion Fee
2026-03-28T04:31:05.504Z,Other fee,--,--,--,--,--,--,--,--,0.11,USD,--,7417074883,--,--,--,--,FEE-7630921167319_11,--,--,--,--,--,--,--,--,--,--,--,--,--,--,--,0.11,USD,--,--,Insertion Fee
2026-03-28T04:30:20.024Z,Other fee,--,--,--,--,--,--,--,--,0.11,USD,--,7417074883,--,--,--,--,FEE-7630920680619_11,--,--,--,--,--,--,--,--,--,--,--,--,--,--,--,0.11,USD,--,--,Insertion Fee
2026-03-28T04:29:10.013Z,Other fee,--,--,--,--,--,--,--,--,0.11,USD,--,7417074883,--,--,--,--,FEE-7630919022019_11,--,--,--,--,--,--,--,--,--,--,--,--,--,--,--,0.11,USD,--,--,Insertion Fee
2026-03-28T04:28:58.835Z,Other fee,--,--,--,--,--,--,--,--,0.11,USD,--,7417074883,--,--,--,--,FEE-7630918566019_11,--,--,--,--,--,--,--,--,--,--,--,--,--,--,--,0.11,USD,--,--,Insertion Fee
2026-03-28T04:28:21.677Z,Other fee,--,--,--,--,--,--,--,--,0.11,USD,--,7417074883,--,--,--,--,FEE-7630916510919_11,--,--,--,--,--,--,--,--,--,--,--,--,--,--,--,0.11,USD,--,--,Insertion Fee
2026-03-28T04:28:12.726Z,Other fee,--,--,--,--,--,--,--,--,0.11,USD,--,7417074883,--,--,--,--,FEE-7630915413619_11,--,--,--,--,--,--,--,--,--,--,--,--,--,--,--,0.11,USD,--,--,Insertion Fee
2026-03-28T04:27:29.469Z,Other fee,--,--,--,--,--,--,--,--,0.11,USD,--,7417074883,--,--,--,--,FEE-7630914349619_11,--,--,--,--,--,--,--,--,--,--,--,--,--,--,--,0.11,USD,--,--,Insertion Fee
2026-03-28T04:26:44.886Z,Other fee,--,--,--,--,--,--,--,--,0.11,USD,--,7417074883,--,--,--,--,FEE-7630909896419_11,--,--,--,--,--,--,--,--,--,--,--,--,--,--,--,0.11,USD,--,--,Insertion Fee
2026-03-28T04:26:03.027Z,Other fee,--,--,--,--,--,--,--,--,0.11,USD,--,7417074883,--,--,--,--,FEE-7630908137619_11,--,--,--,--,--,--,--,--,--,--,--,--,--,--,--,0.11,USD,--,--,Insertion Fee
2026-03-28T04:26:01.999Z,Other fee,--,--,--,--,--,--,--,--,0.11,USD,--,7417074883,--,--,--,--,FEE-7630907645719_11,--,--,--,--,--,--,--,--,--,--,--,--,--,--,--,0.11,USD,--,--,Insertion Fee
2026-03-28T04:24:56.030Z,Other fee,--,--,--,--,--,--,--,--,0.11,USD,--,7417074883,--,--,--,--,FEE-7630906287619_11,--,--,--,--,--,--,--,--,--,--,--,--,--,--,--,0.11,USD,--,--,Insertion Fee
2026-03-28T04:24:48.255Z,Other fee,--,--,--,--,--,--,--,--,0.11,USD,--,7417074883,--,--,--,--,FEE-7630906062119_11,--,--,--,--,--,--,--,--,--,--,--,--,--,--,--,0.11,USD,--,--,Insertion Fee
2026-03-28T04:23:17.886Z,Other fee,--,--,--,--,--,--,--,--,0.11,USD,--,7417074883,--,--,--,--,FEE-7630905086719_11,--,--,--,--,--,--,--,--,--,--,--,--,--,--,--,0.11,USD,--,--,Insertion Fee
2026-03-28T04:21:43.560Z,Other fee,--,--,--,--,--,--,--,--,0.11,USD,--,7417074883,--,--,--,--,FEE-7630903009819_11,--,--,--,--,--,--,--,--,--,--,--,--,--,--,--,0.11,USD,--,--,Insertion Fee
2026-03-28T04:19:04.412Z,Other fee,--,--,--,--,--,--,--,--,0.11,USD,--,7417074883,--,--,--,--,FEE-7630900205319_11,--,--,--,--,--,--,--,--,--,--,--,--,--,--,--,0.11,USD,--,--,Insertion Fee
2026-03-28T04:18:12.761Z,Other fee,--,--,--,--,--,--,--,--,0.11,USD,--,7417074883,--,--,--,--,FEE-7630899710719_11,--,--,--,--,--,--,--,--,--,--,--,--,--,--,--,0.11,USD,--,--,Insertion Fee
2026-03-28T04:17:22.371Z,Other fee,--,--,--,--,--,--,--,--,0.11,USD,--,7417074883,--,--,--,--,FEE-7630898931119_11,--,--,--,--,--,--,--,--,--,--,--,--,--,--,--,0.11,USD,--,--,Insertion Fee
2026-03-28T04:16:06.841Z,Other fee,--,--,--,--,--,--,--,--,0.11,USD,--,7417074883,--,--,--,--,FEE-7630897868219_11,--,--,--,--,--,--,--,--,--,--,--,--,--,--,--,0.11,USD,--,--,Insertion Fee
2026-03-28T04:15:19.029Z,Other fee,--,--,--,--,--,--,--,--,0.11,USD,--,7417074883,--,--,--,--,FEE-7630896779619_11,--,--,--,--,--,--,--,--,--,--,--,--,--,--,--,0.11,USD,--,--,Insertion Fee
2026-03-28T04:15:18.583Z,Other fee,--,--,--,--,--,--,--,--,0.11,USD,--,7417074883,--,--,--,--,FEE-7630896263119_11,--,--,--,--,--,--,--,--,--,--,--,--,--,--,--,0.11,USD,--,--,Insertion Fee
2026-03-28T04:13:12.036Z,Other fee,--,--,--,--,--,--,--,--,0.11,USD,--,7417074883,--,--,--,--,FEE-7630894256919_11,--,--,--,--,--,--,--,--,--,--,--,--,--,--,--,0.11,USD,--,--,Insertion Fee
2026-03-28T04:12:26.514Z,Other fee,--,--,--,--,--,--,--,--,0.11,USD,--,7417074883,--,--,--,--,FEE-7630893591119_11,--,--,--,--,--,--,--,--,--,--,--,--,--,--,--,0.11,USD,--,--,Insertion Fee
2026-03-28T04:11:05.049Z,Other fee,--,--,--,--,--,--,--,--,0.11,USD,--,7417074883,--,--,--,--,FEE-7630890877319_11,--,--,--,--,--,--,--,--,--,--,--,--,--,--,--,0.11,USD,--,--,Insertion Fee
2026-03-28T04:11:02.863Z,Other fee,--,--,--,--,--,--,--,--,0.11,USD,--,7417074883,--,--,--,--,FEE-7630889321319_11,--,--,--,--,--,--,--,--,--,--,--,--,--,--,--,0.11,USD,--,--,Insertion Fee
2026-03-28T04:10:22.413Z,Other fee,--,--,--,--,--,--,--,--,0.11,USD,--,7417074883,--,--,--,--,FEE-7630888202119_11,--,--,--,--,--,--,--,--,--,--,--,--,--,--,--,0.11,USD,--,--,Insertion Fee
2026-03-28T04:08:25.102Z,Other fee,--,--,--,--,--,--,--,--,0.11,USD,--,7417074883,--,--,--,--,FEE-7630883976719_11,--,--,--,--,--,--,--,--,--,--,--,--,--,--,--,0.11,USD,--,--,Insertion Fee
2026-03-28T04:07:28.929Z,Other fee,--,--,--,--,--,--,--,--,0.11,USD,--,7417074883,--,--,--,--,FEE-7630882694819_11,--,--,--,--,--,--,--,--,--,--,--,--,--,--,--,0.11,USD,--,--,Insertion Fee
2026-03-28T04:07:22.576Z,Other fee,--,--,--,--,--,--,--,--,0.11,USD,--,7417074883,--,--,--,--,FEE-7630882613019_11,--,--,--,--,--,--,--,--,--,--,--,--,--,--,--,0.11,USD,--,--,Insertion Fee
2026-03-28T04:07:16.230Z,Other fee,--,--,--,--,--,--,--,--,0.11,USD,--,7417074883,--,--,--,--,FEE-7630882513519_11,--,--,--,--,--,--,--,--,--,--,--,--,--,--,--,0.11,USD,--,--,Insertion Fee
2026-03-28T04:04:03.855Z,Other fee,--,--,--,--,--,--,--,--,0.11,USD,--,7417074883,--,--,--,--,FEE-7630879299419_11,--,--,--,--,--,--,--,--,--,--,--,--,--,--,--,0.11,USD,--,--,Insertion Fee
2026-03-28T04:02:42.886Z,Other fee,--,--,--,--,--,--,--,--,0.11,USD,--,7417074883,--,--,--,--,FEE-7630876788019_11,--,--,--,--,--,--,--,--,--,--,--,--,--,--,--,0.11,USD,--,--,Insertion Fee
2026-03-28T04:02:32.822Z,Other fee,--,--,--,--,--,--,--,--,0.11,USD,--,7417074883,--,--,--,--,FEE-7630876872219_11,--,--,--,--,--,--,--,--,--,--,--,--,--,--,--,0.11,USD,--,--,Insertion Fee
2026-03-28T03:59:44.408Z,Other fee,--,--,--,--,--,--,--,--,0.11,USD,--,7417074883,--,--,--,--,FEE-7630872862319_11,--,--,--,--,--,--,--,--,--,--,--,--,--,--,--,0.11,USD,--,--,Insertion Fee
2026-03-28T03:58:16.660Z,Other fee,--,--,--,--,--,--,--,--,0.11,USD,--,7417074883,--,--,--,--,FEE-7630871471519_11,--,--,--,--,--,--,--,--,--,--,--,--,--,--,--,0.11,USD,--,--,Insertion Fee
2026-03-28T03:56:52.209Z,Other fee,--,--,--,--,--,--,--,--,0.11,USD,--,7417074883,--,--,--,--,FEE-7630869364519_11,--,--,--,--,--,--,--,--,--,--,--,--,--,--,--,0.11,USD,--,--,Insertion Fee
2026-03-28T03:56:43.461Z,Other fee,--,--,--,--,--,--,--,--,0.11,USD,--,7417074883,--,--,--,--,FEE-7630868527119_11,--,--,--,--,--,--,--,--,--,--,--,--,--,--,--,0.11,USD,--,--,Insertion Fee
2026-03-28T03:56:02.395Z,Other fee,--,--,--,--,--,--,--,--,0.11,USD,--,7417074883,--,--,--,--,FEE-7630868267919_11,--,--,--,--,--,--,--,--,--,--,--,--,--,--,--,0.11,USD,--,--,Insertion Fee
2026-03-28T03:56:02.393Z,Other fee,--,--,--,--,--,--,--,--,0.11,USD,--,7417074883,--,--,--,--,FEE-7630867349919_11,--,--,--,--,--,--,--,--,--,--,--,--,--,--,--,0.11,USD,--,--,Insertion Fee
2026-03-28T03:55:17.210Z,Other fee,--,--,--,--,--,--,--,--,0.11,USD,--,7417074883,--,--,--,--,FEE-7630866616919_11,--,--,--,--,--,--,--,--,--,--,--,--,--,--,--,0.11,USD,--,--,Insertion Fee
2026-03-28T03:53:09.504Z,Other fee,--,--,--,--,--,--,--,--,0.11,USD,--,7417074883,--,--,--,--,FEE-7630863433019_11,--,--,--,--,--,--,--,--,--,--,--,--,--,--,--,0.11,USD,--,--,Insertion Fee
2026-03-28T03:52:27.286Z,Other fee,--,--,--,--,--,--,--,--,0.11,USD,--,7417074883,--,--,--,--,FEE-7630862877119_11,--,--,--,--,--,--,--,--,--,--,--,--,--,--,--,0.11,USD,--,--,Insertion Fee
2026-03-28T03:52:17.451Z,Other fee,--,--,--,--,--,--,--,--,0.11,USD,--,7417074883,--,--,--,--,FEE-7630862615319_11,--,--,--,--,--,--,--,--,--,--,--,--,--,--,--,0.11,USD,--,--,Insertion Fee
2026-03-28T03:51:58.834Z,Other fee,--,--,--,--,--,--,--,--,0.11,USD,--,7417074883,--,--,--,--,FEE-7630861846519_11,--,--,--,--,--,--,--,--,--,--,--,--,--,--,--,0.11,USD,--,--,Insertion Fee
2026-03-28T03:48:13.505Z,Other fee,--,--,--,--,--,--,--,--,0.11,USD,--,7417074883,--,--,--,--,FEE-7630857551819_11,--,--,--,--,--,--,--,--,--,--,--,--,--,--,--,0.11,USD,--,--,Insertion Fee
2026-03-28T03:48:11.603Z,Other fee,--,--,--,--,--,--,--,--,0.11,USD,--,7417074883,--,--,--,--,FEE-7630857178419_11,--,--,--,--,--,--,--,--,--,--,--,--,--,--,--,0.11,USD,--,--,Insertion Fee
2026-03-28T03:44:50.372Z,Other fee,--,--,--,--,--,--,--,--,0.11,USD,--,7417074883,--,--,--,--,FEE-7630853514319_11,--,--,--,--,--,--,--,--,--,--,--,--,--,--,--,0.11,USD,--,--,Insertion Fee
2026-03-28T03:44:45.042Z,Other fee,--,--,--,--,--,--,--,--,0.11,USD,--,7417074883,--,--,--,--,FEE-7630853027119_11,--,--,--,--,--,--,--,--,--,--,--,--,--,--,--,0.11,USD,--,--,Insertion Fee
2026-03-28T03:42:16.855Z,Other fee,--,--,--,--,--,--,--,--,0.11,USD,--,7417074883,--,--,--,--,FEE-7630846371219_11,--,--,--,--,--,--,--,--,--,--,--,--,--,--,--,0.11,USD,--,--,Insertion Fee
2026-03-28T03:41:44.174Z,Other fee,--,--,--,--,--,--,--,--,0.11,USD,--,7417074883,--,--,--,--,FEE-7630844741819_11,--,--,--,--,--,--,--,--,--,--,--,--,--,--,--,0.11,USD,--,--,Insertion Fee
2026-03-28T03:39:49.232Z,Other fee,--,--,--,--,--,--,--,--,0.11,USD,--,7417074883,--,--,--,--,FEE-7630841404719_11,--,--,--,--,--,--,--,--,--,--,--,--,--,--,--,0.11,USD,--,--,Insertion Fee
2026-03-28T03:39:49.217Z,Other fee,--,--,--,--,--,--,--,--,0.11,USD,--,7417074883,--,--,--,--,FEE-7630841465619_11,--,--,--,--,--,--,--,--,--,--,--,--,--,--,--,0.11,USD,--,--,Insertion Fee
2026-03-28T03:39:00.592Z,Other fee,--,--,--,--,--,--,--,--,0.11,USD,--,7417074883,--,--,--,--,FEE-7630840779419_11,--,--,--,--,--,--,--,--,--,--,--,--,--,--,--,0.11,USD,--,--,Insertion Fee
2026-03-28T03:38:47.950Z,Other fee,--,--,--,--,--,--,--,--,0.11,USD,--,7417074883,--,--,--,--,FEE-7630839938019_11,--,--,--,--,--,--,--,--,--,--,--,--,--,--,--,0.11,USD,--,--,Insertion Fee
2026-03-28T03:38:06.986Z,Other fee,--,--,--,--,--,--,--,--,0.11,USD,--,7417074883,--,--,--,--,FEE-7630838432219_11,--,--,--,--,--,--,--,--,--,--,--,--,--,--,--,0.11,USD,--,--,Insertion Fee
2026-03-28T03:33:46.485Z,Other fee,--,--,--,--,--,--,--,--,0.11,USD,--,7417074883,--,--,--,--,FEE-7630831863619_11,--,--,--,--,--,--,--,--,--,--,--,--,--,--,--,0.11,USD,--,--,Insertion Fee
2026-03-28T03:33:43.613Z,Other fee,--,--,--,--,--,--,--,--,0.11,USD,--,7417074883,--,--,--,--,FEE-7630830934119_11,--,--,--,--,--,--,--,--,--,--,--,--,--,--,--,0.11,USD,--,--,Insertion Fee
2026-03-28T03:33:16.743Z,Other fee,--,--,--,--,--,--,--,--,0.11,USD,--,7417074883,--,--,--,--,FEE-7630830552219_11,--,--,--,--,--,--,--,--,--,--,--,--,--,--,--,0.11,USD,--,--,Insertion Fee
2026-03-28T03:33:06.538Z,Other fee,--,--,--,--,--,--,--,--,0.11,USD,--,7417074883,--,--,--,--,FEE-7630829948319_11,--,--,--,--,--,--,--,--,--,--,--,--,--,--,--,0.11,USD,--,--,Insertion Fee
2026-03-28T03:32:28.600Z,Other fee,--,--,--,--,--,--,--,--,0.11,USD,--,7417074883,--,--,--,--,FEE-7630829554319_11,--,--,--,--,--,--,--,--,--,--,--,--,--,--,--,0.11,USD,--,--,Insertion Fee
2026-03-28T03:31:57.799Z,Other fee,--,--,--,--,--,--,--,--,0.11,USD,--,7417074883,--,--,--,--,FEE-7630828642819_11,--,--,--,--,--,--,--,--,--,--,--,--,--,--,--,0.11,USD,--,--,Insertion Fee
2026-03-28T03:31:39.232Z,Other fee,--,--,--,--,--,--,--,--,0.11,USD,--,7417074883,--,--,--,--,FEE-7630827648319_11,--,--,--,--,--,--,--,--,--,--,--,--,--,--,--,0.11,USD,--,--,Insertion Fee
2026-03-28T03:30:55.054Z,Other fee,--,--,--,--,--,--,--,--,0.11,USD,--,7417074883,--,--,--,--,FEE-7630826737019_11,--,--,--,--,--,--,--,--,--,--,--,--,--,--,--,0.11,USD,--,--,Insertion Fee
2026-03-28T03:30:52.397Z,Other fee,--,--,--,--,--,--,--,--,0.11,USD,--,7417074883,--,--,--,--,FEE-7630825858419_11,--,--,--,--,--,--,--,--,--,--,--,--,--,--,--,0.11,USD,--,--,Insertion Fee
2026-03-28T03:30:51.880Z,Other fee,--,--,--,--,--,--,--,--,0.11,USD,--,7417074883,--,--,--,--,FEE-7630826249019_11,--,--,--,--,--,--,--,--,--,--,--,--,--,--,--,0.11,USD,--,--,Insertion Fee
2026-03-28T03:29:49.363Z,Other fee,--,--,--,--,--,--,--,--,0.11,USD,--,7417074883,--,--,--,--,FEE-7630824295019_11,--,--,--,--,--,--,--,--,--,--,--,--,--,--,--,0.11,USD,--,--,Insertion Fee
2026-03-28T03:29:43.712Z,Other fee,--,--,--,--,--,--,--,--,0.11,USD,--,7417074883,--,--,--,--,FEE-7630823250719_11,--,--,--,--,--,--,--,--,--,--,--,--,--,--,--,0.11,USD,--,--,Insertion Fee
2026-03-28T03:29:40.788Z,Other fee,--,--,--,--,--,--,--,--,0.11,USD,--,7417074883,--,--,--,--,FEE-7630822642119_11,--,--,--,--,--,--,--,--,--,--,--,--,--,--,--,0.11,USD,--,--,Insertion Fee
2026-03-28T03:29:03.831Z,Other fee,--,--,--,--,--,--,--,--,0.11,USD,--,7417074883,--,--,--,--,FEE-7630821945319_11,--,--,--,--,--,--,--,--,--,--,--,--,--,--,--,0.11,USD,--,--,Insertion Fee
2026-03-28T03:28:15.450Z,Other fee,--,--,--,--,--,--,--,--,0.11,USD,--,7417074883,--,--,--,--,FEE-7630820060619_11,--,--,--,--,--,--,--,--,--,--,--,--,--,--,--,0.11,USD,--,--,Insertion Fee
2026-03-28T03:27:20.001Z,Other fee,--,--,--,--,--,--,--,--,0.11,USD,--,7417074883,--,--,--,--,FEE-7630815241719_11,--,--,--,--,--,--,--,--,--,--,--,--,--,--,--,0.11,USD,--,--,Insertion Fee
2026-03-28T03:26:58.266Z,Other fee,--,--,--,--,--,--,--,--,0.11,USD,--,7417074883,--,--,--,--,FEE-7630814509619_11,--,--,--,--,--,--,--,--,--,--,--,--,--,--,--,0.11,USD,--,--,Insertion Fee
2026-03-28T03:26:43.552Z,Other fee,--,--,--,--,--,--,--,--,0.11,USD,--,7417074883,--,--,--,--,FEE-7630814229519_11,--,--,--,--,--,--,--,--,--,--,--,--,--,--,--,0.11,USD,--,--,Insertion Fee
2026-03-28T03:26:42.479Z,Other fee,--,--,--,--,--,--,--,--,0.11,USD,--,7417074883,--,--,--,--,FEE-7630813921119_11,--,--,--,--,--,--,--,--,--,--,--,--,--,--,--,0.11,USD,--,--,Insertion Fee
2026-03-28T03:26:33.497Z,Other fee,--,--,--,--,--,--,--,--,0.11,USD,--,7417074883,--,--,--,--,FEE-7630812641819_11,--,--,--,--,--,--,--,--,--,--,--,--,--,--,--,0.11,USD,--,--,Insertion Fee
2026-03-28T03:25:54.420Z,Other fee,--,--,--,--,--,--,--,--,0.11,USD,--,7417074883,--,--,--,--,FEE-7630811754019_11,--,--,--,--,--,--,--,--,--,--,--,--,--,--,--,0.11,USD,--,--,Insertion Fee
2026-03-28T03:25:50.232Z,Other fee,--,--,--,--,--,--,--,--,0.11,USD,--,7417074883,--,--,--,--,FEE-7630811231219_11,--,--,--,--,--,--,--,--,--,--,--,--,--,--,--,0.11,USD,--,--,Insertion Fee
2026-03-28T03:24:48.423Z,Other fee,--,--,--,--,--,--,--,--,0.11,USD,--,7417074883,--,--,--,--,FEE-7630810526119_11,--,--,--,--,--,--,--,--,--,--,--,--,--,--,--,0.11,USD,--,--,Insertion Fee
2026-03-28T03:24:48.336Z,Other fee,--,--,--,--,--,--,--,--,0.11,USD,--,7417074883,--,--,--,--,FEE-7630810790419_11,--,--,--,--,--,--,--,--,--,--,--,--,--,--,--,0.11,USD,--,--,Insertion Fee
2026-03-28T03:21:43.003Z,Other fee,--,--,--,--,--,--,--,--,0.11,USD,--,7417074883,--,--,--,--,FEE-7630804977319_11,--,--,--,--,--,--,--,--,--,--,--,--,--,--,--,0.11,USD,--,--,Insertion Fee
2026-03-28T03:19:38.388Z,Other fee,--,--,--,--,--,--,--,--,0.11,USD,--,7417074883,--,--,--,--,FEE-7630798479719_11,--,--,--,--,--,--,--,--,--,--,--,--,--,--,--,0.11,USD,--,--,Insertion Fee
2026-03-28T03:18:38.886Z,Other fee,--,--,--,--,--,--,--,--,0.11,USD,--,7417074883,--,--,--,--,FEE-7630797354619_11,--,--,--,--,--,--,--,--,--,--,--,--,--,--,--,0.11,USD,--,--,Insertion Fee
2026-03-28T03:18:04.837Z,Other fee,--,--,--,--,--,--,--,--,0.11,USD,--,7417074883,--,--,--,--,FEE-7630796537119_11,--,--,--,--,--,--,--,--,--,--,--,--,--,--,--,0.11,USD,--,--,Insertion Fee
2026-03-28T03:17:30.757Z,Other fee,--,--,--,--,--,--,--,--,0.11,USD,--,7417074883,--,--,--,--,FEE-7630796117819_11,--,--,--,--,--,--,--,--,--,--,--,--,--,--,--,0.11,USD,--,--,Insertion Fee
2026-03-28T03:16:54.019Z,Other fee,--,--,--,--,--,--,--,--,0.11,USD,--,7417074883,--,--,--,--,FEE-7630795465119_11,--,--,--,--,--,--,--,--,--,--,--,--,--,--,--,0.11,USD,--,--,Insertion Fee
2026-03-28T03:16:54.014Z,Other fee,--,--,--,--,--,--,--,--,0.11,USD,--,7417074883,--,--,--,--,FEE-7630795573919_11,--,--,--,--,--,--,--,--,--,--,--,--,--,--,--,0.11,USD,--,--,Insertion Fee
2026-03-28T03:16:42.756Z,Other fee,--,--,--,--,--,--,--,--,0.11,USD,--,7417074883,--,--,--,--,FEE-7630795284019_11,--,--,--,--,--,--,--,--,--,--,--,--,--,--,--,0.11,USD,--,--,Insertion Fee
2026-03-28T03:16:29.494Z,Other fee,--,--,--,--,--,--,--,--,0.11,USD,--,7417074883,--,--,--,--,FEE-7630794040519_11,--,--,--,--,--,--,--,--,--,--,--,--,--,--,--,0.11,USD,--,--,Insertion Fee
2026-03-28T03:15:56.140Z,Other fee,--,--,--,--,--,--,--,--,0.11,USD,--,7417074883,--,--,--,--,FEE-7630793877319_11,--,--,--,--,--,--,--,--,--,--,--,--,--,--,--,0.11,USD,--,--,Insertion Fee
2026-03-28T03:15:48.090Z,Other fee,--,--,--,--,--,--,--,--,0.11,USD,--,7417074883,--,--,--,--,FEE-7630793514419_11,--,--,--,--,--,--,--,--,--,--,--,--,--,--,--,0.11,USD,--,--,Insertion Fee
2026-03-28T03:14:50.376Z,Other fee,--,--,--,--,--,--,--,--,0.11,USD,--,7417074883,--,--,--,--,FEE-7630792917819_11,--,--,--,--,--,--,--,--,--,--,--,--,--,--,--,0.11,USD,--,--,Insertion Fee
2026-03-28T03:14:49.957Z,Other fee,--,--,--,--,--,--,--,--,0.11,USD,--,7417074883,--,--,--,--,FEE-7630792771419_11,--,--,--,--,--,--,--,--,--,--,--,--,--,--,--,0.11,USD,--,--,Insertion Fee
2026-03-28T03:14:41.522Z,Other fee,--,--,--,--,--,--,--,--,0.11,USD,--,7417074883,--,--,--,--,FEE-7630792145919_11,--,--,--,--,--,--,--,--,--,--,--,--,--,--,--,0.11,USD,--,--,Insertion Fee
2026-03-28T03:13:52.463Z,Other fee,--,--,--,--,--,--,--,--,0.11,USD,--,7417074883,--,--,--,--,FEE-7630792111419_11,--,--,--,--,--,--,--,--,--,--,--,--,--,--,--,0.11,USD,--,--,Insertion Fee
2026-03-28T03:13:38.344Z,Other fee,--,--,--,--,--,--,--,--,0.11,USD,--,7417074883,--,--,--,--,FEE-7630791924619_11,--,--,--,--,--,--,--,--,--,--,--,--,--,--,--,0.11,USD,--,--,Insertion Fee
2026-03-28T03:13:16.927Z,Other fee,--,--,--,--,--,--,--,--,0.11,USD,--,7417074883,--,--,--,--,FEE-7630791097519_11,--,--,--,--,--,--,--,--,--,--,--,--,--,--,--,0.11,USD,--,--,Insertion Fee
2026-03-28T03:13:06.630Z,Other fee,--,--,--,--,--,--,--,--,0.11,USD,--,7417074883,--,--,--,--,FEE-7630790320419_11,--,--,--,--,--,--,--,--,--,--,--,--,--,--,--,0.11,USD,--,--,Insertion Fee
2026-03-28T03:12:29.156Z,Other fee,--,--,--,--,--,--,--,--,0.11,USD,--,7417074883,--,--,--,--,FEE-7630789543419_11,--,--,--,--,--,--,--,--,--,--,--,--,--,--,--,0.11,USD,--,--,Insertion Fee
2026-03-28T03:12:18.816Z,Other fee,--,--,--,--,--,--,--,--,0.11,USD,--,7417074883,--,--,--,--,FEE-7630789188819_11,--,--,--,--,--,--,--,--,--,--,--,--,--,--,--,0.11,USD,--,--,Insertion Fee
2026-03-28T03:11:52.820Z,Other fee,--,--,--,--,--,--,--,--,0.11,USD,--,7417074883,--,--,--,--,FEE-7630788241519_11,--,--,--,--,--,--,--,--,--,--,--,--,--,--,--,0.11,USD,--,--,Insertion Fee
2026-03-28T03:11:42.489Z,Other fee,--,--,--,--,--,--,--,--,0.11,USD,--,7417074883,--,--,--,--,FEE-7630787383919_11,--,--,--,--,--,--,--,--,--,--,--,--,--,--,--,0.11,USD,--,--,Insertion Fee
2026-03-28T03:09:53.110Z,Other fee,--,--,--,--,--,--,--,--,0.11,USD,--,7417074883,--,--,--,--,FEE-7630782517919_11,--,--,--,--,--,--,--,--,--,--,--,--,--,--,--,0.11,USD,--,--,Insertion Fee
2026-03-28T03:08:39.481Z,Other fee,--,--,--,--,--,--,--,--,0.11,USD,--,7417074883,--,--,--,--,FEE-7630780034419_11,--,--,--,--,--,--,--,--,--,--,--,--,--,--,--,0.11,USD,--,--,Insertion Fee
2026-03-28T03:07:17.691Z,Other fee,--,--,--,--,--,--,--,--,0.11,USD,--,7417074883,--,--,--,--,FEE-7630775781819_11,--,--,--,--,--,--,--,--,--,--,--,--,--,--,--,0.11,USD,--,--,Insertion Fee
2026-03-28T03:07:17.229Z,Other fee,--,--,--,--,--,--,--,--,0.11,USD,--,7417074883,--,--,--,--,FEE-7630775799719_11,--,--,--,--,--,--,--,--,--,--,--,--,--,--,--,0.11,USD,--,--,Insertion Fee
2026-03-28T03:07:14.870Z,Other fee,--,--,--,--,--,--,--,--,0.11,USD,--,7417074883,--,--,--,--,FEE-7630775448219_11,--,--,--,--,--,--,--,--,--,--,--,--,--,--,--,0.11,USD,--,--,Insertion Fee
2026-03-28T03:06:53.368Z,Other fee,--,--,--,--,--,--,--,--,0.11,USD,--,7417074883,--,--,--,--,FEE-7630773653119_11,--,--,--,--,--,--,--,--,--,--,--,--,--,--,--,0.11,USD,--,--,Insertion Fee
2026-03-28T03:06:44.588Z,Other fee,--,--,--,--,--,--,--,--,0.11,USD,--,7417074883,--,--,--,--,FEE-7630773271819_11,--,--,--,--,--,--,--,--,--,--,--,--,--,--,--,0.11,USD,--,--,Insertion Fee
2026-03-28T03:06:42.062Z,Other fee,--,--,--,--,--,--,--,--,0.11,USD,--,7417074883,--,--,--,--,FEE-7630773070319_11,--,--,--,--,--,--,--,--,--,--,--,--,--,--,--,0.11,USD,--,--,Insertion Fee
2026-03-28T03:05:54.053Z,Other fee,--,--,--,--,--,--,--,--,0.11,USD,--,7417074883,--,--,--,--,FEE-7630770764219_11,--,--,--,--,--,--,--,--,--,--,--,--,--,--,--,0.11,USD,--,--,Insertion Fee
2026-03-28T03:05:47.170Z,Other fee,--,--,--,--,--,--,--,--,0.11,USD,--,7417074883,--,--,--,--,FEE-7630769429219_11,--,--,--,--,--,--,--,--,--,--,--,--,--,--,--,0.11,USD,--,--,Insertion Fee
2026-03-28T03:04:52.514Z,Other fee,--,--,--,--,--,--,--,--,0.11,USD,--,7417074883,--,--,--,--,FEE-7630768716719_11,--,--,--,--,--,--,--,--,--,--,--,--,--,--,--,0.11,USD,--,--,Insertion Fee
2026-03-28T03:04:48.324Z,Other fee,--,--,--,--,--,--,--,--,0.11,USD,--,7417074883,--,--,--,--,FEE-7630768866519_11,--,--,--,--,--,--,--,--,--,--,--,--,--,--,--,0.11,USD,--,--,Insertion Fee
2026-03-28T03:03:24.919Z,Other fee,--,--,--,--,--,--,--,--,0.11,USD,--,7417074883,--,--,--,--,FEE-7630765241019_11,--,--,--,--,--,--,--,--,--,--,--,--,--,--,--,0.11,USD,--,--,Insertion Fee
2026-03-28T03:03:09.073Z,Other fee,--,--,--,--,--,--,--,--,0.11,USD,--,7417074883,--,--,--,--,FEE-7630764485219_11,--,--,--,--,--,--,--,--,--,--,--,--,--,--,--,0.11,USD,--,--,Insertion Fee
2026-03-28T03:02:15.590Z,Other fee,--,--,--,--,--,--,--,--,0.11,USD,--,7417074883,--,--,--,--,FEE-7630761838619_11,--,--,--,--,--,--,--,--,--,--,--,--,--,--,--,0.11,USD,--,--,Insertion Fee
2026-03-28T03:01:46.460Z,Other fee,--,--,--,--,--,--,--,--,0.11,USD,--,7417074883,--,--,--,--,FEE-7630760941819_11,--,--,--,--,--,--,--,--,--,--,--,--,--,--,--,0.11,USD,--,--,Insertion Fee
2026-03-28T03:01:40.820Z,Other fee,--,--,--,--,--,--,--,--,0.11,USD,--,7417074883,--,--,--,--,FEE-7630760472719_11,--,--,--,--,--,--,--,--,--,--,--,--,--,--,--,0.11,USD,--,--,Insertion Fee
2026-03-28T03:01:24.389Z,Other fee,--,--,--,--,--,--,--,--,0.11,USD,--,7417074883,--,--,--,--,FEE-7630760182419_11,--,--,--,--,--,--,--,--,--,--,--,--,--,--,--,0.11,USD,--,--,Insertion Fee
2026-03-28T03:00:52.118Z,Other fee,--,--,--,--,--,--,--,--,0.11,USD,--,7417074883,--,--,--,--,FEE-7630760167119_11,--,--,--,--,--,--,--,--,--,--,--,--,--,--,--,0.11,USD,--,--,Insertion Fee
2026-03-28T03:00:48.509Z,Other fee,--,--,--,--,--,--,--,--,0.11,USD,--,7417074883,--,--,--,--,FEE-7630760043219_11,--,--,--,--,--,--,--,--,--,--,--,--,--,--,--,0.11,USD,--,--,Insertion Fee
2026-03-28T02:56:43.984Z,Other fee,--,--,--,--,--,--,--,--,0.11,USD,--,7417074883,--,--,--,--,FEE-7630752721319_11,--,--,--,--,--,--,--,--,--,--,--,--,--,--,--,0.11,USD,--,--,Insertion Fee
2026-03-28T02:55:51.698Z,Other fee,--,--,--,--,--,--,--,--,0.11,USD,--,7417074883,--,--,--,--,FEE-7630749549019_11,--,--,--,--,--,--,--,--,--,--,--,--,--,--,--,0.11,USD,--,--,Insertion Fee
2026-03-28T02:54:49.440Z,Other fee,--,--,--,--,--,--,--,--,0.11,USD,--,7417074883,--,--,--,--,FEE-7630747263619_11,--,--,--,--,--,--,--,--,--,--,--,--,--,--,--,0.11,USD,--,--,Insertion Fee
2026-03-28T02:54:35.624Z,Other fee,--,--,--,--,--,--,--,--,0.11,USD,--,7417074883,--,--,--,--,FEE-7630746642519_11,--,--,--,--,--,--,--,--,--,--,--,--,--,--,--,0.11,USD,--,--,Insertion Fee
2026-03-28T02:53:05.113Z,Other fee,--,--,--,--,--,--,--,--,0.11,USD,--,7417074883,--,--,--,--,FEE-7630745604319_11,--,--,--,--,--,--,--,--,--,--,--,--,--,--,--,0.11,USD,--,--,Insertion Fee
2026-03-28T02:53:02.789Z,Other fee,--,--,--,--,--,--,--,--,0.11,USD,--,7417074883,--,--,--,--,FEE-7630745064819_11,--,--,--,--,--,--,--,--,--,--,--,--,--,--,--,0.11,USD,--,--,Insertion Fee
2026-03-28T02:51:51.677Z,Other fee,--,--,--,--,--,--,--,--,0.11,USD,--,7417074883,--,--,--,--,FEE-7630743586019_11,--,--,--,--,--,--,--,--,--,--,--,--,--,--,--,0.11,USD,--,--,Insertion Fee
2026-03-28T02:50:46.232Z,Other fee,--,--,--,--,--,--,--,--,0.11,USD,--,7417074883,--,--,--,--,FEE-7630741451319_11,--,--,--,--,--,--,--,--,--,--,--,--,--,--,--,0.11,USD,--,--,Insertion Fee
2026-03-28T02:49:47.680Z,Other fee,--,--,--,--,--,--,--,--,0.11,USD,--,7417074883,--,--,--,--,FEE-7630740818519_11,--,--,--,--,--,--,--,--,--,--,--,--,--,--,--,0.11,USD,--,--,Insertion Fee
2026-03-28T02:48:45.664Z,Other fee,--,--,--,--,--,--,--,--,0.11,USD,--,7417074883,--,--,--,--,FEE-7630740357919_11,--,--,--,--,--,--,--,--,--,--,--,--,--,--,--,0.11,USD,--,--,Insertion Fee
2026-03-28T02:47:29.457Z,Other fee,--,--,--,--,--,--,--,--,0.11,USD,--,7417074883,--,--,--,--,FEE-7630737876219_11,--,--,--,--,--,--,--,--,--,--,--,--,--,--,--,0.11,USD,--,--,Insertion Fee
2026-03-28T02:47:29.279Z,Other fee,--,--,--,--,--,--,--,--,0.11,USD,--,7417074883,--,--,--,--,FEE-7630738648519_11,--,--,--,--,--,--,--,--,--,--,--,--,--,--,--,0.11,USD,--,--,Insertion Fee
2026-03-28T02:46:52.687Z,Other fee,--,--,--,--,--,--,--,--,0.11,USD,--,7417074883,--,--,--,--,FEE-7630736920819_11,--,--,--,--,--,--,--,--,--,--,--,--,--,--,--,0.11,USD,--,--,Insertion Fee
2026-03-28T02:46:43.484Z,Other fee,--,--,--,--,--,--,--,--,0.11,USD,--,7417074883,--,--,--,--,FEE-7630736175019_11,--,--,--,--,--,--,--,--,--,--,--,--,--,--,--,0.11,USD,--,--,Insertion Fee
2026-03-28T02:46:36.838Z,Other fee,--,--,--,--,--,--,--,--,0.11,USD,--,7417074883,--,--,--,--,FEE-7630735912519_11,--,--,--,--,--,--,--,--,--,--,--,--,--,--,--,0.11,USD,--,--,Insertion Fee
2026-03-28T02:45:55.921Z,Other fee,--,--,--,--,--,--,--,--,0.11,USD,--,7417074883,--,--,--,--,FEE-7630735071019_11,--,--,--,--,--,--,--,--,--,--,--,--,--,--,--,0.11,USD,--,--,Insertion Fee
2026-03-28T02:44:40.747Z,Other fee,--,--,--,--,--,--,--,--,0.11,USD,--,7417074883,--,--,--,--,FEE-7630732864819_11,--,--,--,--,--,--,--,--,--,--,--,--,--,--,--,0.11,USD,--,--,Insertion Fee
2026-03-28T02:42:28.789Z,Other fee,--,--,--,--,--,--,--,--,0.11,USD,--,7417074883,--,--,--,--,FEE-7630730584319_11,--,--,--,--,--,--,--,--,--,--,--,--,--,--,--,0.11,USD,--,--,Insertion Fee
2026-03-28T02:42:26.245Z,Other fee,--,--,--,--,--,--,--,--,0.11,USD,--,7417074883,--,--,--,--,FEE-7630730704319_11,--,--,--,--,--,--,--,--,--,--,--,--,--,--,--,0.11,USD,--,--,Insertion Fee
2026-03-28T02:42:17.503Z,Other fee,--,--,--,--,--,--,--,--,0.11,USD,--,7417074883,--,--,--,--,FEE-7630729997719_11,--,--,--,--,--,--,--,--,--,--,--,--,--,--,--,0.11,USD,--,--,Insertion Fee
2026-03-28T02:42:15.044Z,Other fee,--,--,--,--,--,--,--,--,0.11,USD,--,7417074883,--,--,--,--,FEE-7630729898019_11,--,--,--,--,--,--,--,--,--,--,--,--,--,--,--,0.11,USD,--,--,Insertion Fee
2026-03-28T02:41:46.582Z,Other fee,--,--,--,--,--,--,--,--,0.11,USD,--,7417074883,--,--,--,--,FEE-7630729032319_11,--,--,--,--,--,--,--,--,--,--,--,--,--,--,--,0.11,USD,--,--,Insertion Fee
2026-03-28T02:41:44.202Z,Other fee,--,--,--,--,--,--,--,--,0.11,USD,--,7417074883,--,--,--,--,FEE-7630729013919_11,--,--,--,--,--,--,--,--,--,--,--,--,--,--,--,0.11,USD,--,--,Insertion Fee
2026-03-28T02:40:50.108Z,Other fee,--,--,--,--,--,--,--,--,0.11,USD,--,7417074883,--,--,--,--,FEE-7630727499319_11,--,--,--,--,--,--,--,--,--,--,--,--,--,--,--,0.11,USD,--,--,Insertion Fee
2026-03-28T02:39:55.595Z,Other fee,--,--,--,--,--,--,--,--,0.11,USD,--,7417074883,--,--,--,--,FEE-7630727041619_11,--,--,--,--,--,--,--,--,--,--,--,--,--,--,--,0.11,USD,--,--,Insertion Fee
2026-03-28T02:39:34.247Z,Other fee,--,--,--,--,--,--,--,--,0.11,USD,--,7417074883,--,--,--,--,FEE-7630726501419_11,--,--,--,--,--,--,--,--,--,--,--,--,--,--,--,0.11,USD,--,--,Insertion Fee
2026-03-28T02:38:37.476Z,Other fee,--,--,--,--,--,--,--,--,0.11,USD,--,7417074883,--,--,--,--,FEE-7630726180219_11,--,--,--,--,--,--,--,--,--,--,--,--,--,--,--,0.11,USD,--,--,Insertion Fee
2026-03-28T02:38:37.201Z,Other fee,--,--,--,--,--,--,--,--,0.11,USD,--,7417074883,--,--,--,--,FEE-7630726087319_11,--,--,--,--,--,--,--,--,--,--,--,--,--,--,--,0.11,USD,--,--,Insertion Fee
2026-03-28T02:38:14.087Z,Other fee,--,--,--,--,--,--,--,--,0.11,USD,--,7417074883,--,--,--,--,FEE-7630725685119_11,--,--,--,--,--,--,--,--,--,--,--,--,--,--,--,0.11,USD,--,--,Insertion Fee
2026-03-28T02:36:44.018Z,Other fee,--,--,--,--,--,--,--,--,0.11,USD,--,7417074883,--,--,--,--,FEE-7630723510419_11,--,--,--,--,--,--,--,--,--,--,--,--,--,--,--,0.11,USD,--,--,Insertion Fee
2026-03-28T02:36:41.598Z,Other fee,--,--,--,--,--,--,--,--,0.11,USD,--,7417074883,--,--,--,--,FEE-7630723595519_11,--,--,--,--,--,--,--,--,--,--,--,--,--,--,--,0.11,USD,--,--,Insertion Fee
2026-03-28T02:36:33.283Z,Other fee,--,--,--,--,--,--,--,--,0.11,USD,--,7417074883,--,--,--,--,FEE-7630723047919_11,--,--,--,--,--,--,--,--,--,--,--,--,--,--,--,0.11,USD,--,--,Insertion Fee
2026-03-28T02:33:39.311Z,Other fee,--,--,--,--,--,--,--,--,0.11,USD,--,7417074883,--,--,--,--,FEE-7630717926619_11,--,--,--,--,--,--,--,--,--,--,--,--,--,--,--,0.11,USD,--,--,Insertion Fee
2026-03-28T02:33:05.128Z,Other fee,--,--,--,--,--,--,--,--,0.11,USD,--,7417074883,--,--,--,--,FEE-7630715461719_11,--,--,--,--,--,--,--,--,--,--,--,--,--,--,--,0.11,USD,--,--,Insertion Fee
2026-03-28T02:32:30.267Z,Other fee,--,--,--,--,--,--,--,--,0.11,USD,--,7417074883,--,--,--,--,FEE-7630714888719_11,--,--,--,--,--,--,--,--,--,--,--,--,--,--,--,0.11,USD,--,--,Insertion Fee
2026-03-28T02:32:28.171Z,Other fee,--,--,--,--,--,--,--,--,0.11,USD,--,7417074883,--,--,--,--,FEE-7630714251119_11,--,--,--,--,--,--,--,--,--,--,--,--,--,--,--,0.11,USD,--,--,Insertion Fee
2026-03-28T02:32:17.707Z,Other fee,--,--,--,--,--,--,--,--,0.11,USD,--,7417074883,--,--,--,--,FEE-7630713879519_11,--,--,--,--,--,--,--,--,--,--,--,--,--,--,--,0.11,USD,--,--,Insertion Fee
2026-03-28T02:31:27.566Z,Other fee,--,--,--,--,--,--,--,--,0.11,USD,--,7417074883,--,--,--,--,FEE-7630712390419_11,--,--,--,--,--,--,--,--,--,--,--,--,--,--,--,0.11,USD,--,--,Insertion Fee
2026-03-28T02:29:54.672Z,Other fee,--,--,--,--,--,--,--,--,0.11,USD,--,7417074883,--,--,--,--,FEE-7630711538119_11,--,--,--,--,--,--,--,--,--,--,--,--,--,--,--,0.11,USD,--,--,Insertion Fee
2026-03-28T02:29:47.326Z,Other fee,--,--,--,--,--,--,--,--,0.11,USD,--,7417074883,--,--,--,--,FEE-7630711277819_11,--,--,--,--,--,--,--,--,--,--,--,--,--,--,--,0.11,USD,--,--,Insertion Fee
2026-03-28T02:28:17.227Z,Other fee,--,--,--,--,--,--,--,--,0.11,USD,--,7417074883,--,--,--,--,FEE-7630710104019_11,--,--,--,--,--,--,--,--,--,--,--,--,--,--,--,0.11,USD,--,--,Insertion Fee
2026-03-28T02:28:00.952Z,Other fee,--,--,--,--,--,--,--,--,0.11,USD,--,7417074883,--,--,--,--,FEE-7630709444019_11,--,--,--,--,--,--,--,--,--,--,--,--,--,--,--,0.11,USD,--,--,Insertion Fee
2026-03-28T02:27:31.248Z,Other fee,--,--,--,--,--,--,--,--,0.11,USD,--,7417074883,--,--,--,--,FEE-7630709147519_11,--,--,--,--,--,--,--,--,--,--,--,--,--,--,--,0.11,USD,--,--,Insertion Fee
2026-03-28T02:25:44.561Z,Other fee,--,--,--,--,--,--,--,--,0.11,USD,--,7417074883,--,--,--,--,FEE-7630706310619_11,--,--,--,--,--,--,--,--,--,--,--,--,--,--,--,0.11,USD,--,--,Insertion Fee
2026-03-28T02:23:04.739Z,Other fee,--,--,--,--,--,--,--,--,0.11,USD,--,7417074883,--,--,--,--,FEE-7630703638719_11,--,--,--,--,--,--,--,--,--,--,--,--,--,--,--,0.11,USD,--,--,Insertion Fee
2026-03-28T02:22:59.658Z,Other fee,--,--,--,--,--,--,--,--,0.11,USD,--,7417074883,--,--,--,--,FEE-7630702886719_11,--,--,--,--,--,--,--,--,--,--,--,--,--,--,--,0.11,USD,--,--,Insertion Fee
2026-03-28T02:22:15.095Z,Other fee,--,--,--,--,--,--,--,--,0.11,USD,--,7417074883,--,--,--,--,FEE-7630701945719_11,--,--,--,--,--,--,--,--,--,--,--,--,--,--,--,0.11,USD,--,--,Insertion Fee
2026-03-28T02:21:22.902Z,Other fee,--,--,--,--,--,--,--,--,0.11,USD,--,7417074883,--,--,--,--,FEE-7630698847919_11,--,--,--,--,--,--,--,--,--,--,--,--,--,--,--,0.11,USD,--,--,Insertion Fee
2026-03-28T02:20:26.187Z,Other fee,--,--,--,--,--,--,--,--,0.11,USD,--,7417074883,--,--,--,--,FEE-7630697427119_11,--,--,--,--,--,--,--,--,--,--,--,--,--,--,--,0.11,USD,--,--,Insertion Fee
2026-03-28T02:20:18.612Z,Other fee,--,--,--,--,--,--,--,--,0.11,USD,--,7417074883,--,--,--,--,FEE-7630696597919_11,--,--,--,--,--,--,--,--,--,--,--,--,--,--,--,0.11,USD,--,--,Insertion Fee
2026-03-28T02:20:01.407Z,Other fee,--,--,--,--,--,--,--,--,0.11,USD,--,7417074883,--,--,--,--,FEE-7630695268419_11,--,--,--,--,--,--,--,--,--,--,--,--,--,--,--,0.11,USD,--,--,Insertion Fee
2026-03-28T02:19:48.930Z,Other fee,--,--,--,--,--,--,--,--,0.11,USD,--,7417074883,--,--,--,--,FEE-7630694548919_11,--,--,--,--,--,--,--,--,--,--,--,--,--,--,--,0.11,USD,--,--,Insertion Fee
2026-03-28T02:19:19.362Z,Other fee,--,--,--,--,--,--,--,--,0.11,USD,--,7417074883,--,--,--,--,FEE-7630692026919_11,--,--,--,--,--,--,--,--,--,--,--,--,--,--,--,0.11,USD,--,--,Insertion Fee
2026-03-28T02:19:08.084Z,Other fee,--,--,--,--,--,--,--,--,0.11,USD,--,7417074883,--,--,--,--,FEE-7630690423219_11,--,--,--,--,--,--,--,--,--,--,--,--,--,--,--,0.11,USD,--,--,Insertion Fee
2026-03-28T02:18:28.143Z,Other fee,--,--,--,--,--,--,--,--,0.11,USD,--,7417074883,--,--,--,--,FEE-7630690111019_11,--,--,--,--,--,--,--,--,--,--,--,--,--,--,--,0.11,USD,--,--,Insertion Fee
2026-03-28T02:17:50.711Z,Other fee,--,--,--,--,--,--,--,--,0.11,USD,--,7417074883,--,--,--,--,FEE-7630689657019_11,--,--,--,--,--,--,--,--,--,--,--,--,--,--,--,0.11,USD,--,--,Insertion Fee
2026-03-28T02:16:33.763Z,Other fee,--,--,--,--,--,--,--,--,0.11,USD,--,7417074883,--,--,--,--,FEE-7630687992719_11,--,--,--,--,--,--,--,--,--,--,--,--,--,--,--,0.11,USD,--,--,Insertion Fee
2026-03-28T02:13:26.219Z,Other fee,--,--,--,--,--,--,--,--,0.11,USD,--,7417074883,--,--,--,--,FEE-7630681711419_11,--,--,--,--,--,--,--,--,--,--,--,--,--,--,--,0.11,USD,--,--,Insertion Fee
2026-03-28T02:12:59.084Z,Other fee,--,--,--,--,--,--,--,--,0.11,USD,--,7417074883,--,--,--,--,FEE-7630680391019_11,--,--,--,--,--,--,--,--,--,--,--,--,--,--,--,0.11,USD,--,--,Insertion Fee
2026-03-28T02:12:01.589Z,Other fee,--,--,--,--,--,--,--,--,0.11,USD,--,7417074883,--,--,--,--,FEE-7630678027719_11,--,--,--,--,--,--,--,--,--,--,--,--,--,--,--,0.11,USD,--,--,Insertion Fee
2026-03-28T02:11:52.448Z,Other fee,--,--,--,--,--,--,--,--,0.11,USD,--,7417074883,--,--,--,--,FEE-7630676616919_11,--,--,--,--,--,--,--,--,--,--,--,--,--,--,--,0.11,USD,--,--,Insertion Fee
2026-03-28T02:11:14.948Z,Other fee,--,--,--,--,--,--,--,--,0.11,USD,--,7417074883,--,--,--,--,FEE-7630673770519_11,--,--,--,--,--,--,--,--,--,--,--,--,--,--,--,0.11,USD,--,--,Insertion Fee
2026-03-28T02:11:04.780Z,Other fee,--,--,--,--,--,--,--,--,0.11,USD,--,7417074883,--,--,--,--,FEE-7630673295119_11,--,--,--,--,--,--,--,--,--,--,--,--,--,--,--,0.11,USD,--,--,Insertion Fee
2026-03-28T02:10:34.744Z,Other fee,--,--,--,--,--,--,--,--,0.11,USD,--,7417074883,--,--,--,--,FEE-7630672956819_11,--,--,--,--,--,--,--,--,--,--,--,--,--,--,--,0.11,USD,--,--,Insertion Fee
2026-03-28T02:10:23.395Z,Other fee,--,--,--,--,--,--,--,--,0.11,USD,--,7417074883,--,--,--,--,FEE-7630672537319_11,--,--,--,--,--,--,--,--,--,--,--,--,--,--,--,0.11,USD,--,--,Insertion Fee
2026-03-28T02:09:37.702Z,Other fee,--,--,--,--,--,--,--,--,0.11,USD,--,7417074883,--,--,--,--,FEE-7630672227719_11,--,--,--,--,--,--,--,--,--,--,--,--,--,--,--,0.11,USD,--,--,Insertion Fee
2026-03-28T02:08:32.554Z,Other fee,--,--,--,--,--,--,--,--,0.11,USD,--,7417074883,--,--,--,--,FEE-7630671878019_11,--,--,--,--,--,--,--,--,--,--,--,--,--,--,--,0.11,USD,--,--,Insertion Fee
2026-03-28T02:08:04.710Z,Other fee,--,--,--,--,--,--,--,--,0.11,USD,--,7417074883,--,--,--,--,FEE-7630671376319_11,--,--,--,--,--,--,--,--,--,--,--,--,--,--,--,0.11,USD,--,--,Insertion Fee
2026-03-28T02:07:35.131Z,Other fee,--,--,--,--,--,--,--,--,0.11,USD,--,7417074883,--,--,--,--,FEE-7630670674119_11,--,--,--,--,--,--,--,--,--,--,--,--,--,--,--,0.11,USD,--,--,Insertion Fee
2026-03-28T02:06:47.112Z,Other fee,--,--,--,--,--,--,--,--,0.11,USD,--,7417074883,--,--,--,--,FEE-7630669846119_11,--,--,--,--,--,--,--,--,--,--,--,--,--,--,--,0.11,USD,--,--,Insertion Fee
2026-03-28T02:04:45.269Z,Other fee,--,--,--,--,--,--,--,--,0.11,USD,--,7417074883,--,--,--,--,FEE-7630667692419_11,--,--,--,--,--,--,--,--,--,--,--,--,--,--,--,0.11,USD,--,--,Insertion Fee
2026-03-28T02:04:39.531Z,Other fee,--,--,--,--,--,--,--,--,0.11,USD,--,7417074883,--,--,--,--,FEE-7630667465619_11,--,--,--,--,--,--,--,--,--,--,--,--,--,--,--,0.11,USD,--,--,Insertion Fee
2026-03-28T02:04:18.037Z,Other fee,--,--,--,--,--,--,--,--,0.11,USD,--,7417074883,--,--,--,--,FEE-7630667109219_11,--,--,--,--,--,--,--,--,--,--,--,--,--,--,--,0.11,USD,--,--,Insertion Fee
2026-03-28T02:01:49.195Z,Other fee,--,--,--,--,--,--,--,--,0.11,USD,--,7417074883,--,--,--,--,FEE-7630663720819_11,--,--,--,--,--,--,--,--,--,--,--,--,--,--,--,0.11,USD,--,--,Insertion Fee
2026-03-28T02:01:11.422Z,Other fee,--,--,--,--,--,--,--,--,0.11,USD,--,7417074883,--,--,--,--,FEE-7630662093919_11,--,--,--,--,--,--,--,--,--,--,--,--,--,--,--,0.11,USD,--,--,Insertion Fee
2026-03-28T01:59:01.395Z,Other fee,--,--,--,--,--,--,--,--,0.11,USD,--,7417074883,--,--,--,--,FEE-7630659157119_11,--,--,--,--,--,--,--,--,--,--,--,--,--,--,--,0.11,USD,--,--,Insertion Fee
2026-03-28T01:57:44.227Z,Other fee,--,--,--,--,--,--,--,--,0.11,USD,--,7417074883,--,--,--,--,FEE-7630657244119_11,--,--,--,--,--,--,--,--,--,--,--,--,--,--,--,0.11,USD,--,--,Insertion Fee
2026-03-28T01:57:41.596Z,Other fee,--,--,--,--,--,--,--,--,0.11,USD,--,7417074883,--,--,--,--,FEE-7630656480619_11,--,--,--,--,--,--,--,--,--,--,--,--,--,--,--,0.11,USD,--,--,Insertion Fee
2026-03-28T01:56:52.502Z,Other fee,--,--,--,--,--,--,--,--,0.11,USD,--,7417074883,--,--,--,--,FEE-7630655904519_11,--,--,--,--,--,--,--,--,--,--,--,--,--,--,--,0.11,USD,--,--,Insertion Fee
2026-03-28T01:56:29.916Z,Other fee,--,--,--,--,--,--,--,--,0.11,USD,--,7417074883,--,--,--,--,FEE-7630655476519_11,--,--,--,--,--,--,--,--,--,--,--,--,--,--,--,0.11,USD,--,--,Insertion Fee
2026-03-28T01:56:10.877Z,Other fee,--,--,--,--,--,--,--,--,0.11,USD,--,7417074883,--,--,--,--,FEE-7630655185519_11,--,--,--,--,--,--,--,--,--,--,--,--,--,--,--,0.11,USD,--,--,Insertion Fee
2026-03-28T01:55:23.590Z,Other fee,--,--,--,--,--,--,--,--,0.11,USD,--,7417074883,--,--,--,--,FEE-7630654235519_11,--,--,--,--,--,--,--,--,--,--,--,--,--,--,--,0.11,USD,--,--,Insertion Fee
2026-03-28T01:54:13.995Z,Other fee,--,--,--,--,--,--,--,--,0.11,USD,--,7417074883,--,--,--,--,FEE-7630652399219_11,--,--,--,--,--,--,--,--,--,--,--,--,--,--,--,0.11,USD,--,--,Insertion Fee
2026-03-28T01:54:02.599Z,Other fee,--,--,--,--,--,--,--,--,0.11,USD,--,7417074883,--,--,--,--,FEE-7630651354119_11,--,--,--,--,--,--,--,--,--,--,--,--,--,--,--,0.11,USD,--,--,Insertion Fee
2026-03-28T01:53:36.731Z,Other fee,--,--,--,--,--,--,--,--,0.11,USD,--,7417074883,--,--,--,--,FEE-7630650320919_11,--,--,--,--,--,--,--,--,--,--,--,--,--,--,--,0.11,USD,--,--,Insertion Fee
2026-03-28T01:52:37.356Z,Other fee,--,--,--,--,--,--,--,--,0.11,USD,--,7417074883,--,--,--,--,FEE-7630645271519_11,--,--,--,--,--,--,--,--,--,--,--,--,--,--,--,0.11,USD,--,--,Insertion Fee
2026-03-28T01:51:20.494Z,Other fee,--,--,--,--,--,--,--,--,0.11,USD,--,7417074883,--,--,--,--,FEE-7630641713719_11,--,--,--,--,--,--,--,--,--,--,--,--,--,--,--,0.11,USD,--,--,Insertion Fee
2026-03-28T01:50:32.496Z,Other fee,--,--,--,--,--,--,--,--,0.11,USD,--,7417074883,--,--,--,--,FEE-7630638957519_11,--,--,--,--,--,--,--,--,--,--,--,--,--,--,--,0.11,USD,--,--,Insertion Fee
2026-03-28T01:49:15.015Z,Other fee,--,--,--,--,--,--,--,--,0.11,USD,--,7417074883,--,--,--,--,FEE-7630638105019_11,--,--,--,--,--,--,--,--,--,--,--,--,--,--,--,0.11,USD,--,--,Insertion Fee
2026-03-28T01:48:13.800Z,Other fee,--,--,--,--,--,--,--,--,0.11,USD,--,7417074883,--,--,--,--,FEE-7630637022719_11,--,--,--,--,--,--,--,--,--,--,--,--,--,--,--,0.11,USD,--,--,Insertion Fee
2026-03-28T01:48:01.713Z,Other fee,--,--,--,--,--,--,--,--,0.11,USD,--,7417074883,--,--,--,--,FEE-7630636560819_11,--,--,--,--,--,--,--,--,--,--,--,--,--,--,--,0.11,USD,--,--,Insertion Fee
2026-03-28T01:46:33.519Z,Other fee,--,--,--,--,--,--,--,--,0.11,USD,--,7417074883,--,--,--,--,FEE-7630634601319_11,--,--,--,--,--,--,--,--,--,--,--,--,--,--,--,0.11,USD,--,--,Insertion Fee
2026-03-28T01:46:15.209Z,Other fee,--,--,--,--,--,--,--,--,0.11,USD,--,7417074883,--,--,--,--,FEE-7630633894419_11,--,--,--,--,--,--,--,--,--,--,--,--,--,--,--,0.11,USD,--,--,Insertion Fee
2026-03-28T01:45:27.731Z,Other fee,--,--,--,--,--,--,--,--,0.11,USD,--,7417074883,--,--,--,--,FEE-7630631569819_11,--,--,--,--,--,--,--,--,--,--,--,--,--,--,--,0.11,USD,--,--,Insertion Fee
2026-03-28T01:44:39.774Z,Other fee,--,--,--,--,--,--,--,--,0.11,USD,--,7417074883,--,--,--,--,FEE-7630631155319_11,--,--,--,--,--,--,--,--,--,--,--,--,--,--,--,0.11,USD,--,--,Insertion Fee
2026-03-28T01:41:12.859Z,Other fee,--,--,--,--,--,--,--,--,0.11,USD,--,7417074883,--,--,--,--,FEE-7630624801219_11,--,--,--,--,--,--,--,--,--,--,--,--,--,--,--,0.11,USD,--,--,Insertion Fee
2026-03-28T01:39:45.268Z,Other fee,--,--,--,--,--,--,--,--,0.11,USD,--,7417074883,--,--,--,--,FEE-7630621681519_11,--,--,--,--,--,--,--,--,--,--,--,--,--,--,--,0.11,USD,--,--,Insertion Fee
2026-03-28T01:37:31.734Z,Other fee,--,--,--,--,--,--,--,--,0.11,USD,--,7417074883,--,--,--,--,FEE-7630616301419_11,--,--,--,--,--,--,--,--,--,--,--,--,--,--,--,0.11,USD,--,--,Insertion Fee
2026-03-28T01:36:45.682Z,Other fee,--,--,--,--,--,--,--,--,0.11,USD,--,7417074883,--,--,--,--,FEE-7630615110619_11,--,--,--,--,--,--,--,--,--,--,--,--,--,--,--,0.11,USD,--,--,Insertion Fee
2026-03-28T01:36:11.063Z,Other fee,--,--,--,--,--,--,--,--,0.11,USD,--,7417074883,--,--,--,--,FEE-7630613086419_11,--,--,--,--,--,--,--,--,--,--,--,--,--,--,--,0.11,USD,--,--,Insertion Fee
2026-03-28T01:36:01.705Z,Other fee,--,--,--,--,--,--,--,--,0.11,USD,--,7417074883,--,--,--,--,FEE-7630611780919_11,--,--,--,--,--,--,--,--,--,--,--,--,--,--,--,0.11,USD,--,--,Insertion Fee
2026-03-28T01:33:18.884Z,Other fee,--,--,--,--,--,--,--,--,0.11,USD,--,7417074883,--,--,--,--,FEE-7630603491519_11,--,--,--,--,--,--,--,--,--,--,--,--,--,--,--,0.11,USD,--,--,Insertion Fee
2026-03-28T01:33:11.985Z,Other fee,--,--,--,--,--,--,--,--,0.11,USD,--,7417074883,--,--,--,--,FEE-7630602972619_11,--,--,--,--,--,--,--,--,--,--,--,--,--,--,--,0.11,USD,--,--,Insertion Fee
2026-03-28T01:32:46.527Z,Other fee,--,--,--,--,--,--,--,--,0.11,USD,--,7417074883,--,--,--,--,FEE-7630600340919_11,--,--,--,--,--,--,--,--,--,--,--,--,--,--,--,0.11,USD,--,--,Insertion Fee
2026-03-28T01:31:42.216Z,Other fee,--,--,--,--,--,--,--,--,0.11,USD,--,7417074883,--,--,--,--,FEE-7630596766519_11,--,--,--,--,--,--,--,--,--,--,--,--,--,--,--,0.11,USD,--,--,Insertion Fee
2026-03-28T01:31:34.161Z,Other fee,--,--,--,--,--,--,--,--,0.11,USD,--,7417074883,--,--,--,--,FEE-7630596419019_11,--,--,--,--,--,--,--,--,--,--,--,--,--,--,--,0.11,USD,--,--,Insertion Fee
2026-03-28T01:30:20.103Z,Other fee,--,--,--,--,--,--,--,--,0.11,USD,--,7417074883,--,--,--,--,FEE-7630593671419_11,--,--,--,--,--,--,--,--,--,--,--,--,--,--,--,0.11,USD,--,--,Insertion Fee
2026-03-28T01:29:41.485Z,Other fee,--,--,--,--,--,--,--,--,0.11,USD,--,7417074883,--,--,--,--,FEE-7630592603419_11,--,--,--,--,--,--,--,--,--,--,--,--,--,--,--,0.11,USD,--,--,Insertion Fee
2026-03-28T01:29:36.790Z,Other fee,--,--,--,--,--,--,--,--,0.11,USD,--,7417074883,--,--,--,--,FEE-7630592163019_11,--,--,--,--,--,--,--,--,--,--,--,--,--,--,--,0.11,USD,--,--,Insertion Fee
2026-03-28T01:28:12.136Z,Other fee,--,--,--,--,--,--,--,--,0.11,USD,--,7417074883,--,--,--,--,FEE-7630589953919_11,--,--,--,--,--,--,--,--,--,--,--,--,--,--,--,0.11,USD,--,--,Insertion Fee
2026-03-28T01:27:59.894Z,Other fee,--,--,--,--,--,--,--,--,0.11,USD,--,7417074883,--,--,--,--,FEE-7630589561019_11,--,--,--,--,--,--,--,--,--,--,--,--,--,--,--,0.11,USD,--,--,Insertion Fee
2026-03-28T01:27:44.805Z,Other fee,--,--,--,--,--,--,--,--,0.11,USD,--,7417074883,--,--,--,--,FEE-7630589263519_11,--,--,--,--,--,--,--,--,--,--,--,--,--,--,--,0.11,USD,--,--,Insertion Fee
2026-03-28T01:26:57.187Z,Other fee,--,--,--,--,--,--,--,--,0.11,USD,--,7417074883,--,--,--,--,FEE-7630588158219_11,--,--,--,--,--,--,--,--,--,--,--,--,--,--,--,0.11,USD,--,--,Insertion Fee
2026-03-28T01:26:52.023Z,Other fee,--,--,--,--,--,--,--,--,0.11,USD,--,7417074883,--,--,--,--,FEE-7630587553219_11,--,--,--,--,--,--,--,--,--,--,--,--,--,--,--,0.11,USD,--,--,Insertion Fee
2026-03-28T01:25:19.960Z,Other fee,--,--,--,--,--,--,--,--,0.11,USD,--,7417074883,--,--,--,--,FEE-7630584806719_11,--,--,--,--,--,--,--,--,--,--,--,--,--,--,--,0.11,USD,--,--,Insertion Fee
2026-03-28T01:24:04.238Z,Other fee,--,--,--,--,--,--,--,--,0.11,USD,--,7417074883,--,--,--,--,FEE-7630583049719_11,--,--,--,--,--,--,--,--,--,--,--,--,--,--,--,0.11,USD,--,--,Insertion Fee
2026-03-28T01:24:00.470Z,Other fee,--,--,--,--,--,--,--,--,0.11,USD,--,7417074883,--,--,--,--,FEE-7630583035819_11,--,--,--,--,--,--,--,--,--,--,--,--,--,--,--,0.11,USD,--,--,Insertion Fee
2026-03-28T01:23:59.615Z,Other fee,--,--,--,--,--,--,--,--,0.11,USD,--,7417074883,--,--,--,--,FEE-7630583003319_11,--,--,--,--,--,--,--,--,--,--,--,--,--,--,--,0.11,USD,--,--,Insertion Fee
2026-03-28T01:23:59.038Z,Other fee,--,--,--,--,--,--,--,--,0.11,USD,--,7417074883,--,--,--,--,FEE-7630583055719_11,--,--,--,--,--,--,--,--,--,--,--,--,--,--,--,0.11,USD,--,--,Insertion Fee
2026-03-28T01:23:07.576Z,Other fee,--,--,--,--,--,--,--,--,0.11,USD,--,7417074883,--,--,--,--,FEE-7630582363119_11,--,--,--,--,--,--,--,--,--,--,--,--,--,--,--,0.11,USD,--,--,Insertion Fee
2026-03-28T01:21:26.183Z,Other fee,--,--,--,--,--,--,--,--,0.11,USD,--,7417074883,--,--,--,--,FEE-7630579325719_11,--,--,--,--,--,--,--,--,--,--,--,--,--,--,--,0.11,USD,--,--,Insertion Fee
2026-03-28T01:18:16.360Z,Other fee,--,--,--,--,--,--,--,--,0.11,USD,--,7417074883,--,--,--,--,FEE-7630573957319_11,--,--,--,--,--,--,--,--,--,--,--,--,--,--,--,0.11,USD,--,--,Insertion Fee
2026-03-28T01:17:42.697Z,Other fee,--,--,--,--,--,--,--,--,0.11,USD,--,7417074883,--,--,--,--,FEE-7630572870819_11,--,--,--,--,--,--,--,--,--,--,--,--,--,--,--,0.11,USD,--,--,Insertion Fee
2026-03-28T01:16:46.452Z,Other fee,--,--,--,--,--,--,--,--,0.11,USD,--,7417074883,--,--,--,--,FEE-7630571962419_11,--,--,--,--,--,--,--,--,--,--,--,--,--,--,--,0.11,USD,--,--,Insertion Fee
2026-03-28T01:16:10.098Z,Other fee,--,--,--,--,--,--,--,--,0.11,USD,--,7417074883,--,--,--,--,FEE-7630571002719_11,--,--,--,--,--,--,--,--,--,--,--,--,--,--,--,0.11,USD,--,--,Insertion Fee
2026-03-28T01:15:56.945Z,Other fee,--,--,--,--,--,--,--,--,0.11,USD,--,7417074883,--,--,--,--,FEE-7630570293919_11,--,--,--,--,--,--,--,--,--,--,--,--,--,--,--,0.11,USD,--,--,Insertion Fee
2026-03-28T01:15:19.353Z,Other fee,--,--,--,--,--,--,--,--,0.11,USD,--,7417074883,--,--,--,--,FEE-7630569581219_11,--,--,--,--,--,--,--,--,--,--,--,--,--,--,--,0.11,USD,--,--,Insertion Fee
2026-03-28T01:14:12.656Z,Other fee,--,--,--,--,--,--,--,--,0.11,USD,--,7417074883,--,--,--,--,FEE-7630568077519_11,--,--,--,--,--,--,--,--,--,--,--,--,--,--,--,0.11,USD,--,--,Insertion Fee
2026-03-28T01:11:44.410Z,Other fee,--,--,--,--,--,--,--,--,0.11,USD,--,7417074883,--,--,--,--,FEE-7630564391519_11,--,--,--,--,--,--,--,--,--,--,--,--,--,--,--,0.11,USD,--,--,Insertion Fee
2026-03-28T01:10:55.801Z,Other fee,--,--,--,--,--,--,--,--,0.11,USD,--,7417074883,--,--,--,--,FEE-7630561331519_11,--,--,--,--,--,--,--,--,--,--,--,--,--,--,--,0.11,USD,--,--,Insertion Fee
2026-03-28T01:10:54.727Z,Other fee,--,--,--,--,--,--,--,--,0.11,USD,--,7417074883,--,--,--,--,FEE-7630560546219_11,--,--,--,--,--,--,--,--,--,--,--,--,--,--,--,0.11,USD,--,--,Insertion Fee
2026-03-28T01:09:13.985Z,Other fee,--,--,--,--,--,--,--,--,0.11,USD,--,7417074883,--,--,--,--,FEE-7630557712619_11,--,--,--,--,--,--,--,--,--,--,--,--,--,--,--,0.11,USD,--,--,Insertion Fee
2026-03-28T01:08:58.734Z,Other fee,--,--,--,--,--,--,--,--,0.11,USD,--,7417074883,--,--,--,--,FEE-7630557120519_11,--,--,--,--,--,--,--,--,--,--,--,--,--,--,--,0.11,USD,--,--,Insertion Fee
2026-03-28T01:07:54.888Z,Other fee,--,--,--,--,--,--,--,--,0.11,USD,--,7417074883,--,--,--,--,FEE-7630555086419_11,--,--,--,--,--,--,--,--,--,--,--,--,--,--,--,0.11,USD,--,--,Insertion Fee
2026-03-28T01:07:45.240Z,Other fee,--,--,--,--,--,--,--,--,0.11,USD,--,7417074883,--,--,--,--,FEE-7630554249319_11,--,--,--,--,--,--,--,--,--,--,--,--,--,--,--,0.11,USD,--,--,Insertion Fee
2026-03-28T01:07:43.880Z,Other fee,--,--,--,--,--,--,--,--,0.11,USD,--,7417074883,--,--,--,--,FEE-7630554328319_11,--,--,--,--,--,--,--,--,--,--,--,--,--,--,--,0.11,USD,--,--,Insertion Fee
2026-03-28T01:06:44.874Z,Other fee,--,--,--,--,--,--,--,--,0.11,USD,--,7417074883,--,--,--,--,FEE-7630552837019_11,--,--,--,--,--,--,--,--,--,--,--,--,--,--,--,0.11,USD,--,--,Insertion Fee
2026-03-28T01:06:43.488Z,Other fee,--,--,--,--,--,--,--,--,0.11,USD,--,7417074883,--,--,--,--,FEE-7630552000419_11,--,--,--,--,--,--,--,--,--,--,--,--,--,--,--,0.11,USD,--,--,Insertion Fee
2026-03-28T01:04:37.391Z,Other fee,--,--,--,--,--,--,--,--,0.11,USD,--,7417074883,--,--,--,--,FEE-7630548169119_11,--,--,--,--,--,--,--,--,--,--,--,--,--,--,--,0.11,USD,--,--,Insertion Fee
2026-03-28T01:04:36.008Z,Other fee,--,--,--,--,--,--,--,--,0.11,USD,--,7417074883,--,--,--,--,FEE-7630547852619_11,--,--,--,--,--,--,--,--,--,--,--,--,--,--,--,0.11,USD,--,--,Insertion Fee
2026-03-28T01:03:18.910Z,Other fee,--,--,--,--,--,--,--,--,0.11,USD,--,7417074883,--,--,--,--,FEE-7630546171619_11,--,--,--,--,--,--,--,--,--,--,--,--,--,--,--,0.11,USD,--,--,Insertion Fee
2026-03-28T01:03:18.376Z,Other fee,--,--,--,--,--,--,--,--,0.11,USD,--,7417074883,--,--,--,--,FEE-7630546270719_11,--,--,--,--,--,--,--,--,--,--,--,--,--,--,--,0.11,USD,--,--,Insertion Fee
2026-03-28T01:03:05.819Z,Other fee,--,--,--,--,--,--,--,--,0.11,USD,--,7417074883,--,--,--,--,FEE-7630545498819_11,--,--,--,--,--,--,--,--,--,--,--,--,--,--,--,0.11,USD,--,--,Insertion Fee
2026-03-28T01:01:24.907Z,Other fee,--,--,--,--,--,--,--,--,0.11,USD,--,7417074883,--,--,--,--,FEE-7630543474719_11,--,--,--,--,--,--,--,--,--,--,--,--,--,--,--,0.11,USD,--,--,Insertion Fee
2026-03-28T01:01:04.727Z,Other fee,--,--,--,--,--,--,--,--,0.11,USD,--,7417074883,--,--,--,--,FEE-7630542507519_11,--,--,--,--,--,--,--,--,--,--,--,--,--,--,--,0.11,USD,--,--,Insertion Fee
2026-03-28T01:00:18.142Z,Other fee,--,--,--,--,--,--,--,--,0.11,USD,--,7417074883,--,--,--,--,FEE-7630540471219_11,--,--,--,--,--,--,--,--,--,--,--,--,--,--,--,0.11,USD,--,--,Insertion Fee
2026-03-28T00:57:55.302Z,Other fee,--,--,--,--,--,--,--,--,0.11,USD,--,7417074883,--,--,--,--,FEE-7630538206019_11,--,--,--,--,--,--,--,--,--,--,--,--,--,--,--,0.11,USD,--,--,Insertion Fee
2026-03-28T00:57:52.603Z,Other fee,--,--,--,--,--,--,--,--,0.11,USD,--,7417074883,--,--,--,--,FEE-7630537994719_11,--,--,--,--,--,--,--,--,--,--,--,--,--,--,--,0.11,USD,--,--,Insertion Fee
2026-03-28T00:52:50.962Z,Other fee,--,--,--,--,--,--,--,--,0.11,USD,--,7417074883,--,--,--,--,FEE-7630530508619_11,--,--,--,--,--,--,--,--,--,--,--,--,--,--,--,0.11,USD,--,--,Insertion Fee
2026-03-28T00:51:06.280Z,Other fee,--,--,--,--,--,--,--,--,0.11,USD,--,7417074883,--,--,--,--,FEE-7630527772919_11,--,--,--,--,--,--,--,--,--,--,--,--,--,--,--,0.11,USD,--,--,Insertion Fee
2026-03-28T00:48:03.124Z,Other fee,--,--,--,--,--,--,--,--,0.11,USD,--,7417074883,--,--,--,--,FEE-7630520283719_11,--,--,--,--,--,--,--,--,--,--,--,--,--,--,--,0.11,USD,--,--,Insertion Fee
2026-03-28T00:46:43.393Z,Other fee,--,--,--,--,--,--,--,--,0.11,USD,--,7417074883,--,--,--,--,FEE-7630516869419_11,--,--,--,--,--,--,--,--,--,--,--,--,--,--,--,0.11,USD,--,--,Insertion Fee
2026-03-28T00:46:22.784Z,Other fee,--,--,--,--,--,--,--,--,0.11,USD,--,7417074883,--,--,--,--,FEE-7630515734319_11,--,--,--,--,--,--,--,--,--,--,--,--,--,--,--,0.11,USD,--,--,Insertion Fee
2026-03-28T00:45:54.978Z,Other fee,--,--,--,--,--,--,--,--,0.11,USD,--,7417074883,--,--,--,--,FEE-7630514824119_11,--,--,--,--,--,--,--,--,--,--,--,--,--,--,--,0.11,USD,--,--,Insertion Fee
2026-03-28T00:45:21.493Z,Other fee,--,--,--,--,--,--,--,--,0.11,USD,--,7417074883,--,--,--,--,FEE-7630513666319_11,--,--,--,--,--,--,--,--,--,--,--,--,--,--,--,0.11,USD,--,--,Insertion Fee
2026-03-28T00:42:27.739Z,Other fee,--,--,--,--,--,--,--,--,0.11,USD,--,7417074883,--,--,--,--,FEE-7630509128119_11,--,--,--,--,--,--,--,--,--,--,--,--,--,--,--,0.11,USD,--,--,Insertion Fee
2026-03-28T00:41:41.390Z,Other fee,--,--,--,--,--,--,--,--,0.11,USD,--,7417074883,--,--,--,--,FEE-7630508237619_11,--,--,--,--,--,--,--,--,--,--,--,--,--,--,--,0.11,USD,--,--,Insertion Fee
2026-03-28T00:41:03.557Z,Other fee,--,--,--,--,--,--,--,--,0.11,USD,--,7417074883,--,--,--,--,FEE-7630507585419_11,--,--,--,--,--,--,--,--,--,--,--,--,--,--,--,0.11,USD,--,--,Insertion Fee
2026-03-28T00:38:59.046Z,Other fee,--,--,--,--,--,--,--,--,0.11,USD,--,7417074883,--,--,--,--,FEE-7630503232919_11,--,--,--,--,--,--,--,--,--,--,--,--,--,--,--,0.11,USD,--,--,Insertion Fee
2026-03-28T00:38:57.153Z,Other fee,--,--,--,--,--,--,--,--,0.11,USD,--,7417074883,--,--,--,--,FEE-7630503522219_11,--,--,--,--,--,--,--,--,--,--,--,--,--,--,--,0.11,USD,--,--,Insertion Fee
2026-03-28T00:37:55.072Z,Other fee,--,--,--,--,--,--,--,--,0.11,USD,--,7417074883,--,--,--,--,FEE-7630502454319_11,--,--,--,--,--,--,--,--,--,--,--,--,--,--,--,0.11,USD,--,--,Insertion Fee
2026-03-28T00:35:53.662Z,Other fee,--,--,--,--,--,--,--,--,0.11,USD,--,7417074883,--,--,--,--,FEE-7630498593519_11,--,--,--,--,--,--,--,--,--,--,--,--,--,--,--,0.11,USD,--,--,Insertion Fee
2026-03-28T00:33:23.893Z,Other fee,--,--,--,--,--,--,--,--,0.11,USD,--,7417074883,--,--,--,--,FEE-7630495391019_11,--,--,--,--,--,--,--,--,--,--,--,--,--,--,--,0.11,USD,--,--,Insertion Fee
2026-03-28T00:33:23.366Z,Other fee,--,--,--,--,--,--,--,--,0.11,USD,--,7417074883,--,--,--,--,FEE-7630495378619_11,--,--,--,--,--,--,--,--,--,--,--,--,--,--,--,0.11,USD,--,--,Insertion Fee
2026-03-28T00:31:41.249Z,Other fee,--,--,--,--,--,--,--,--,0.11,USD,--,7417074883,--,--,--,--,FEE-7630493509919_11,--,--,--,--,--,--,--,--,--,--,--,--,--,--,--,0.11,USD,--,--,Insertion Fee
2026-03-28T00:31:23.627Z,Other fee,--,--,--,--,--,--,--,--,0.11,USD,--,7417074883,--,--,--,--,FEE-7630493158719_11,--,--,--,--,--,--,--,--,--,--,--,--,--,--,--,0.11,USD,--,--,Insertion Fee
2026-03-28T00:31:23.258Z,Other fee,--,--,--,--,--,--,--,--,0.11,USD,--,7417074883,--,--,--,--,FEE-7630493215319_11,--,--,--,--,--,--,--,--,--,--,--,--,--,--,--,0.11,USD,--,--,Insertion Fee
2026-03-28T00:31:23.233Z,Other fee,--,--,--,--,--,--,--,--,0.11,USD,--,7417074883,--,--,--,--,FEE-7630493194019_11,--,--,--,--,--,--,--,--,--,--,--,--,--,--,--,0.11,USD,--,--,Insertion Fee
2026-03-28T00:31:22.597Z,Other fee,--,--,--,--,--,--,--,--,0.11,USD,--,7417074883,--,--,--,--,FEE-7630493196219_11,--,--,--,--,--,--,--,--,--,--,--,--,--,--,--,0.11,USD,--,--,Insertion Fee
2026-03-28T00:31:08.831Z,Other fee,--,--,--,--,--,--,--,--,0.11,USD,--,7417074883,--,--,--,--,FEE-7630492988819_11,--,--,--,--,--,--,--,--,--,--,--,--,--,--,--,0.11,USD,--,--,Insertion Fee
2026-03-28T00:29:14.209Z,Other fee,--,--,--,--,--,--,--,--,0.11,USD,--,7417074883,--,--,--,--,FEE-7630486968919_11,--,--,--,--,--,--,--,--,--,--,--,--,--,--,--,0.11,USD,--,--,Insertion Fee
2026-03-28T00:22:53.746Z,Other fee,--,--,--,--,--,--,--,--,0.11,USD,--,7417074883,--,--,--,--,FEE-7630475819819_11,--,--,--,--,--,--,--,--,--,--,--,--,--,--,--,0.11,USD,--,--,Insertion Fee
2026-03-28T00:21:40.369Z,Other fee,--,--,--,--,--,--,--,--,0.11,USD,--,7417074883,--,--,--,--,FEE-7630473866219_11,--,--,--,--,--,--,--,--,--,--,--,--,--,--,--,0.11,USD,--,--,Insertion Fee
2026-03-28T00:21:21.361Z,Other fee,--,--,--,--,--,--,--,--,0.11,USD,--,7417074883,--,--,--,--,FEE-7630473115119_11,--,--,--,--,--,--,--,--,--,--,--,--,--,--,--,0.11,USD,--,--,Insertion Fee
2026-03-28T00:16:44.140Z,Other fee,--,--,--,--,--,--,--,--,0.11,USD,--,7417074883,--,--,--,--,FEE-7630468256119_11,--,--,--,--,--,--,--,--,--,--,--,--,--,--,--,0.11,USD,--,--,Insertion Fee
2026-03-28T00:15:49.924Z,Other fee,--,--,--,--,--,--,--,--,0.11,USD,--,7417074883,--,--,--,--,FEE-7630467038219_11,--,--,--,--,--,--,--,--,--,--,--,--,--,--,--,0.11,USD,--,--,Insertion Fee
2026-03-28T00:15:25.475Z,Other fee,--,--,--,--,--,--,--,--,0.11,USD,--,7417074883,--,--,--,--,FEE-7630466747319_11,--,--,--,--,--,--,--,--,--,--,--,--,--,--,--,0.11,USD,--,--,Insertion Fee
2026-03-28T00:15:21.492Z,Other fee,--,--,--,--,--,--,--,--,0.11,USD,--,7417074883,--,--,--,--,FEE-7630466938819_11,--,--,--,--,--,--,--,--,--,--,--,--,--,--,--,0.11,USD,--,--,Insertion Fee
2026-03-28T00:10:10.542Z,Other fee,--,--,--,--,--,--,--,--,0.11,USD,--,7417074883,--,--,--,--,FEE-7630460002019_11,--,--,--,--,--,--,--,--,--,--,--,--,--,--,--,0.11,USD,--,--,Insertion Fee
2026-03-28T00:08:20.979Z,Other fee,--,--,--,--,--,--,--,--,0.11,USD,--,7417074883,--,--,--,--,FEE-7630456716819_11,--,--,--,--,--,--,--,--,--,--,--,--,--,--,--,0.11,USD,--,--,Insertion Fee
2026-03-28T00:05:08.034Z,Other fee,--,--,--,--,--,--,--,--,0.11,USD,--,7417074883,--,--,--,--,FEE-7630449832419_11,--,--,--,--,--,--,--,--,--,--,--,--,--,--,--,0.11,USD,--,--,Insertion Fee
2026-03-28T00:05:04.897Z,Other fee,--,--,--,--,--,--,--,--,0.11,USD,--,7417074883,--,--,--,--,FEE-7630448284719_11,--,--,--,--,--,--,--,--,--,--,--,--,--,--,--,0.11,USD,--,--,Insertion Fee
2026-03-28T00:02:46.734Z,Other fee,--,--,--,--,--,--,--,--,0.11,USD,--,7417074883,--,--,--,--,FEE-7630441635919_11,--,--,--,--,--,--,--,--,--,--,--,--,--,--,--,0.11,USD,--,--,Insertion Fee
2026-03-28T00:02:20.009Z,Other fee,--,--,--,--,--,--,--,--,0.11,USD,--,7417074883,--,--,--,--,FEE-7630439099319_11,--,--,--,--,--,--,--,--,--,--,--,--,--,--,--,0.11,USD,--,--,Insertion Fee
2026-03-28T00:01:44.093Z,Other fee,--,--,--,--,--,--,--,--,0.11,USD,--,7417074883,--,--,--,--,FEE-7630438521819_11,--,--,--,--,--,--,--,--,--,--,--,--,--,--,--,0.11,USD,--,--,Insertion Fee
2026-03-28T00:00:13.077Z,Other fee,--,--,--,--,--,--,--,--,0.11,USD,--,7417074883,--,--,--,--,FEE-7630432638119_11,--,--,--,--,--,--,--,--,--,--,--,--,--,--,--,0.11,USD,--,--,Insertion Fee
2026-03-28T00:00:12.030Z,Other fee,--,--,--,--,--,--,--,--,0.11,USD,--,7417074883,--,--,--,--,FEE-7630432138419_11,--,--,--,--,--,--,--,--,--,--,--,--,--,--,--,0.11,USD,--,--,Insertion Fee
2026-03-27T23:57:23.612Z,Other fee,--,--,--,--,--,--,--,--,0.11,USD,--,7417074883,--,--,--,--,FEE-7630429062419_11,--,--,--,--,--,--,--,--,--,--,--,--,--,--,--,0.11,USD,--,--,Insertion Fee
2026-03-27T23:56:03.241Z,Other fee,--,--,--,--,--,--,--,--,0.11,USD,--,7417074883,--,--,--,--,FEE-7630427354219_11,--,--,--,--,--,--,--,--,--,--,--,--,--,--,--,0.11,USD,--,--,Insertion Fee
2026-03-27T23:54:45.758Z,Other fee,--,--,--,--,--,--,--,--,0.11,USD,--,7417074883,--,--,--,--,FEE-7630406471519_11,--,--,--,--,--,--,--,--,--,--,--,--,--,--,--,0.11,USD,--,--,Insertion Fee
2026-03-27T23:54:35.686Z,Other fee,--,--,--,--,--,--,--,--,0.11,USD,--,7417074883,--,--,--,--,FEE-7630425065319_11,--,--,--,--,--,--,--,--,--,--,--,--,--,--,--,0.11,USD,--,--,Insertion Fee
2026-03-27T23:51:42.736Z,Other fee,--,--,--,--,--,--,--,--,0.11,USD,--,7417074883,--,--,--,--,FEE-7630422720719_11,--,--,--,--,--,--,--,--,--,--,--,--,--,--,--,0.11,USD,--,--,Insertion Fee
2026-03-27T23:50:21.259Z,Other fee,--,--,--,--,--,--,--,--,0.11,USD,--,7417074883,--,--,--,--,FEE-7630421605419_11,--,--,--,--,--,--,--,--,--,--,--,--,--,--,--,0.11,USD,--,--,Insertion Fee
2026-03-27T23:48:56.251Z,Other fee,--,--,--,--,--,--,--,--,0.11,USD,--,7417074883,--,--,--,--,FEE-7630419085719_11,--,--,--,--,--,--,--,--,--,--,--,--,--,--,--,0.11,USD,--,--,Insertion Fee
2026-03-27T23:45:05.997Z,Other fee,--,--,--,--,--,--,--,--,0.11,USD,--,7417074883,--,--,--,--,FEE-7630414741019_11,--,--,--,--,--,--,--,--,--,--,--,--,--,--,--,0.11,USD,--,--,Insertion Fee
2026-03-27T23:44:13.588Z,Other fee,--,--,--,--,--,--,--,--,0.11,USD,--,7417074883,--,--,--,--,FEE-7630413359219_11,--,--,--,--,--,--,--,--,--,--,--,--,--,--,--,0.11,USD,--,--,Insertion Fee
2026-03-27T23:43:57.653Z,Other fee,--,--,--,--,--,--,--,--,0.11,USD,--,7417074883,--,--,--,--,FEE-7630412733019_11,--,--,--,--,--,--,--,--,--,--,--,--,--,--,--,0.11,USD,--,--,Insertion Fee
2026-03-27T23:42:15.202Z,Other fee,--,--,--,--,--,--,--,--,0.11,USD,--,7417074883,--,--,--,--,FEE-7630411311019_11,--,--,--,--,--,--,--,--,--,--,--,--,--,--,--,0.11,USD,--,--,Insertion Fee
2026-03-27T23:41:17.561Z,Other fee,--,--,--,--,--,--,--,--,0.11,USD,--,7417074883,--,--,--,--,FEE-7630409560419_11,--,--,--,--,--,--,--,--,--,--,--,--,--,--,--,0.11,USD,--,--,Insertion Fee
2026-03-27T23:40:19.998Z,Other fee,--,--,--,--,--,--,--,--,0.11,USD,--,7417074883,--,--,--,--,FEE-7630408374519_11,--,--,--,--,--,--,--,--,--,--,--,--,--,--,--,0.11,USD,--,--,Insertion Fee
2026-03-27T23:38:20.413Z,Other fee,--,--,--,--,--,--,--,--,0.11,USD,--,7417074883,--,--,--,--,FEE-7630404478819_11,--,--,--,--,--,--,--,--,--,--,--,--,--,--,--,0.11,USD,--,--,Insertion Fee
2026-03-27T23:37:13.515Z,Other fee,--,--,--,--,--,--,--,--,0.11,USD,--,7417074883,--,--,--,--,FEE-7630402347619_11,--,--,--,--,--,--,--,--,--,--,--,--,--,--,--,0.11,USD,--,--,Insertion Fee
2026-03-27T23:36:41.898Z,Other fee,--,--,--,--,--,--,--,--,0.11,USD,--,7417074883,--,--,--,--,FEE-7630401023019_11,--,--,--,--,--,--,--,--,--,--,--,--,--,--,--,0.11,USD,--,--,Insertion Fee
2026-03-27T23:33:21.552Z,Other fee,--,--,--,--,--,--,--,--,0.11,USD,--,7417074883,--,--,--,--,FEE-7630398329519_11,--,--,--,--,--,--,--,--,--,--,--,--,--,--,--,0.11,USD,--,--,Insertion Fee
2026-03-27T23:32:41.970Z,Other fee,--,--,--,--,--,--,--,--,0.11,USD,--,7417074883,--,--,--,--,FEE-7630397838419_11,--,--,--,--,--,--,--,--,--,--,--,--,--,--,--,0.11,USD,--,--,Insertion Fee
2026-03-27T23:32:24.003Z,Other fee,--,--,--,--,--,--,--,--,0.11,USD,--,7417074883,--,--,--,--,FEE-7630397447019_11,--,--,--,--,--,--,--,--,--,--,--,--,--,--,--,0.11,USD,--,--,Insertion Fee
2026-03-27T23:30:07.682Z,Other fee,--,--,--,--,--,--,--,--,0.11,USD,--,7417074883,--,--,--,--,FEE-7630394411719_11,--,--,--,--,--,--,--,--,--,--,--,--,--,--,--,0.11,USD,--,--,Insertion Fee
2026-03-27T23:30:07.606Z,Other fee,--,--,--,--,--,--,--,--,0.11,USD,--,7417074883,--,--,--,--,FEE-7630393601319_11,--,--,--,--,--,--,--,--,--,--,--,--,--,--,--,0.11,USD,--,--,Insertion Fee
2026-03-27T23:30:05.507Z,Other fee,--,--,--,--,--,--,--,--,0.11,USD,--,7417074883,--,--,--,--,FEE-7630393984819_11,--,--,--,--,--,--,--,--,--,--,--,--,--,--,--,0.11,USD,--,--,Insertion Fee
2026-03-27T23:29:13.031Z,Other fee,--,--,--,--,--,--,--,--,0.11,USD,--,7417074883,--,--,--,--,FEE-7630392519119_11,--,--,--,--,--,--,--,--,--,--,--,--,--,--,--,0.11,USD,--,--,Insertion Fee
2026-03-27T23:24:10.744Z,Other fee,--,--,--,--,--,--,--,--,0.11,USD,--,7417074883,--,--,--,--,FEE-7630383869919_11,--,--,--,--,--,--,--,--,--,--,--,--,--,--,--,0.11,USD,--,--,Insertion Fee
2026-03-27T23:20:44.697Z,Other fee,--,--,--,--,--,--,--,--,0.11,USD,--,7415520355,--,--,--,--,FEE-7630379902219_11,--,--,--,--,--,--,--,--,--,--,--,--,--,--,--,0.11,USD,--,--,Insertion Fee
2026-03-27T23:19:29.297Z,Other fee,--,--,--,--,--,--,--,--,0.11,USD,--,7415520355,--,--,--,--,FEE-7630377468419_11,--,--,--,--,--,--,--,--,--,--,--,--,--,--,--,0.11,USD,--,--,Insertion Fee
2026-03-27T23:19:17.990Z,Other fee,--,--,--,--,--,--,--,--,0.11,USD,--,7415520355,--,--,--,--,FEE-7630377019719_11,--,--,--,--,--,--,--,--,--,--,--,--,--,--,--,0.11,USD,--,--,Insertion Fee
2026-03-27T23:10:19.195Z,Other fee,--,--,--,--,--,--,--,--,0.11,USD,--,7415520355,--,--,--,--,FEE-7630361313019_11,--,--,--,--,--,--,--,--,--,--,--,--,--,--,--,0.11,USD,--,--,Insertion Fee
2026-03-27T23:05:47.146Z,Other fee,--,--,--,--,--,--,--,--,0.11,USD,--,7415520355,--,--,--,--,FEE-7630322514319_11,--,--,--,--,--,--,--,--,--,--,--,--,--,--,--,0.11,USD,--,--,Insertion Fee
2026-03-27T23:04:25.262Z,Other fee,--,--,--,--,--,--,--,--,0.11,USD,--,7415520355,--,--,--,--,FEE-7630346372319_11,--,--,--,--,--,--,--,--,--,--,--,--,--,--,--,0.11,USD,--,--,Insertion Fee
2026-03-27T23:00:44.012Z,Other fee,--,--,--,--,--,--,--,--,0.11,USD,--,7415520355,--,--,--,--,FEE-7630339894519_11,--,--,--,--,--,--,--,--,--,--,--,--,--,--,--,0.11,USD,--,--,Insertion Fee
2026-03-27T22:59:58.198Z,Other fee,--,--,--,--,--,--,--,--,0.11,USD,--,7415520355,--,--,--,--,FEE-7630338585319_11,--,--,--,--,--,--,--,--,--,--,--,--,--,--,--,0.11,USD,--,--,Insertion Fee
2026-03-27T22:55:24.489Z,Other fee,--,--,--,--,--,--,--,--,0.11,USD,--,7415520355,--,--,--,--,FEE-7630330601219_11,--,--,--,--,--,--,--,--,--,--,--,--,--,--,--,0.11,USD,--,--,Insertion Fee
2026-03-27T22:51:58.848Z,Other fee,--,--,--,--,--,--,--,--,0.11,USD,--,7415520355,--,--,--,--,FEE-7630326262719_11,--,--,--,--,--,--,--,--,--,--,--,--,--,--,--,0.11,USD,--,--,Insertion Fee
2026-03-27T22:51:39.184Z,Other fee,--,--,--,--,--,--,--,--,0.11,USD,--,7415520355,--,--,--,--,FEE-7630325732719_11,--,--,--,--,--,--,--,--,--,--,--,--,--,--,--,0.11,USD,--,--,Insertion Fee
2026-03-27T22:50:18.734Z,Other fee,--,--,--,--,--,--,--,--,0.11,USD,--,7415520355,--,--,--,--,FEE-7630323487719_11,--,--,--,--,--,--,--,--,--,--,--,--,--,--,--,0.11,USD,--,--,Insertion Fee
2026-03-27T22:47:04.804Z,Other fee,--,--,--,--,--,--,--,--,0.11,USD,--,7415520355,--,--,--,--,FEE-7630319030219_11,--,--,--,--,--,--,--,--,--,--,--,--,--,--,--,0.11,USD,--,--,Insertion Fee
2026-03-27T22:46:41.084Z,Other fee,--,--,--,--,--,--,--,--,0.11,USD,--,7415520355,--,--,--,--,FEE-7630317800519_11,--,--,--,--,--,--,--,--,--,--,--,--,--,--,--,0.11,USD,--,--,Insertion Fee
2026-03-27T22:45:04.292Z,Other fee,--,--,--,--,--,--,--,--,0.11,USD,--,7415520355,--,--,--,--,FEE-7630314680819_11,--,--,--,--,--,--,--,--,--,--,--,--,--,--,--,0.11,USD,--,--,Insertion Fee
2026-03-27T22:38:08.367Z,Other fee,--,--,--,--,--,--,--,--,0.11,USD,--,7415520355,--,--,--,--,FEE-7630302087019_11,--,--,--,--,--,--,--,--,--,--,--,--,--,--,--,0.11,USD,--,--,Insertion Fee
2026-03-27T22:35:03.477Z,Other fee,--,--,--,--,--,--,--,--,0.11,USD,--,7415520355,--,--,--,--,FEE-7630293199419_11,--,--,--,--,--,--,--,--,--,--,--,--,--,--,--,0.11,USD,--,--,Insertion Fee
2026-03-27T22:28:11.919Z,Other fee,--,--,--,--,--,--,--,--,0.11,USD,--,7415520355,--,--,--,--,FEE-7630277923519_11,--,--,--,--,--,--,--,--,--,--,--,--,--,--,--,0.11,USD,--,--,Insertion Fee
2026-03-27T22:28:07.173Z,Other fee,--,--,--,--,--,--,--,--,0.11,USD,--,7415520355,--,--,--,--,FEE-7630278328819_11,--,--,--,--,--,--,--,--,--,--,--,--,--,--,--,0.11,USD,--,--,Insertion Fee
2026-03-27T22:27:52.509Z,Other fee,--,--,--,--,--,--,--,--,0.11,USD,--,7415520355,--,--,--,--,FEE-7630276722319_11,--,--,--,--,--,--,--,--,--,--,--,--,--,--,--,0.11,USD,--,--,Insertion Fee
2026-03-27T22:27:42.141Z,Other fee,--,--,--,--,--,--,--,--,0.11,USD,--,7415520355,--,--,--,--,FEE-7630276220019_11,--,--,--,--,--,--,--,--,--,--,--,--,--,--,--,0.11,USD,--,--,Insertion Fee
2026-03-27T22:27:07.834Z,Other fee,--,--,--,--,--,--,--,--,0.11,USD,--,7415520355,--,--,--,--,FEE-7630275155619_11,--,--,--,--,--,--,--,--,--,--,--,--,--,--,--,0.11,USD,--,--,Insertion Fee
2026-03-27T22:26:48.356Z,Other fee,--,--,--,--,--,--,--,--,0.11,USD,--,7415520355,--,--,--,--,FEE-7630274440719_11,--,--,--,--,--,--,--,--,--,--,--,--,--,--,--,0.11,USD,--,--,Insertion Fee
2026-03-27T22:26:12.829Z,Other fee,--,--,--,--,--,--,--,--,0.11,USD,--,7415520355,--,--,--,--,FEE-7630273343019_11,--,--,--,--,--,--,--,--,--,--,--,--,--,--,--,0.11,USD,--,--,Insertion Fee
2026-03-27T22:24:51.777Z,Other fee,--,--,--,--,--,--,--,--,0.11,USD,--,7415520355,--,--,--,--,FEE-7630272702519_11,--,--,--,--,--,--,--,--,--,--,--,--,--,--,--,0.11,USD,--,--,Insertion Fee
2026-03-27T22:23:35.359Z,Other fee,--,--,--,--,--,--,--,--,0.11,USD,--,7415520355,--,--,--,--,FEE-7630271547919_11,--,--,--,--,--,--,--,--,--,--,--,--,--,--,--,0.11,USD,--,--,Insertion Fee
2026-03-27T12:13:52.317Z,Other fee,--,--,--,--,--,--,--,--,0.11,USD,--,7415520355,--,--,--,--,FEE-7628982037119_11,--,--,--,--,--,--,--,--,--,--,--,--,--,--,--,0.11,USD,--,--,Insertion Fee
2026-03-27T12:06:45.295Z,Other fee,--,--,--,--,--,--,--,--,0.11,USD,--,7415520355,--,--,--,--,FEE-7628971605119_11,--,--,--,--,--,--,--,--,--,--,--,--,--,--,--,0.11,USD,--,--,Insertion Fee
2026-03-27T12:02:13.614Z,Other fee,--,--,--,--,--,--,--,--,0.11,USD,--,7415520355,--,--,--,--,FEE-7628963188719_11,--,--,--,--,--,--,--,--,--,--,--,--,--,--,--,0.11,USD,--,--,Insertion Fee
2026-03-27T12:01:11.536Z,Other fee,--,--,--,--,--,--,--,--,0.11,USD,--,7415520355,--,--,--,--,FEE-7628960064519_11,--,--,--,--,--,--,--,--,--,--,--,--,--,--,--,0.11,USD,--,--,Insertion Fee
2026-03-27T12:01:00.484Z,Other fee,--,--,--,--,--,--,--,--,0.11,USD,--,7415520355,--,--,--,--,FEE-7628958218019_11,--,--,--,--,--,--,--,--,--,--,--,--,--,--,--,0.11,USD,--,--,Insertion Fee
2026-03-27T11:56:39.824Z,Other fee,--,--,--,--,--,--,--,--,0.11,USD,--,7415520355,--,--,--,--,FEE-7628947003119_11,--,--,--,--,--,--,--,--,--,--,--,--,--,--,--,0.11,USD,--,--,Insertion Fee
2026-03-27T11:55:47.284Z,Other fee,--,--,--,--,--,--,--,--,0.11,USD,--,7415520355,--,--,--,--,FEE-7628944746419_11,--,--,--,--,--,--,--,--,--,--,--,--,--,--,--,0.11,USD,--,--,Insertion Fee
2026-03-27T11:55:14.230Z,Other fee,--,--,--,--,--,--,--,--,0.11,USD,--,7415520355,--,--,--,--,FEE-7628943978119_11,--,--,--,--,--,--,--,--,--,--,--,--,--,--,--,0.11,USD,--,--,Insertion Fee
2026-03-27T11:54:23.830Z,Other fee,--,--,--,--,--,--,--,--,0.11,USD,--,7415520355,--,--,--,--,FEE-7628943277619_11,--,--,--,--,--,--,--,--,--,--,--,--,--,--,--,0.11,USD,--,--,Insertion Fee
2026-03-27T11:54:17.638Z,Other fee,--,--,--,--,--,--,--,--,0.11,USD,--,7415520355,--,--,--,--,FEE-7628942585619_11,--,--,--,--,--,--,--,--,--,--,--,--,--,--,--,0.11,USD,--,--,Insertion Fee
2026-03-27T11:52:19.120Z,Other fee,--,--,--,--,--,--,--,--,0.11,USD,--,7415520355,--,--,--,--,FEE-7628939927219_11,--,--,--,--,--,--,--,--,--,--,--,--,--,--,--,0.11,USD,--,--,Insertion Fee
2026-03-27T11:52:07.101Z,Other fee,--,--,--,--,--,--,--,--,0.11,USD,--,7415520355,--,--,--,--,FEE-7628938958219_11,--,--,--,--,--,--,--,--,--,--,--,--,--,--,--,0.11,USD,--,--,Insertion Fee
2026-03-27T11:50:58.112Z,Other fee,--,--,--,--,--,--,--,--,0.11,USD,--,7415520355,--,--,--,--,FEE-7628937030319_11,--,--,--,--,--,--,--,--,--,--,--,--,--,--,--,0.11,USD,--,--,Insertion Fee
2026-03-27T11:47:53.762Z,Other fee,--,--,--,--,--,--,--,--,0.11,USD,--,7415520355,--,--,--,--,FEE-7628931655819_11,--,--,--,--,--,--,--,--,--,--,--,--,--,--,--,0.11,USD,--,--,Insertion Fee
2026-03-27T11:44:18.397Z,Other fee,--,--,--,--,--,--,--,--,0.11,USD,--,7415520355,--,--,--,--,FEE-7628923213819_11,--,--,--,--,--,--,--,--,--,--,--,--,--,--,--,0.11,USD,--,--,Insertion Fee
2026-03-27T11:42:04.616Z,Other fee,--,--,--,--,--,--,--,--,0.11,USD,--,7415520355,--,--,--,--,FEE-7628920783819_11,--,--,--,--,--,--,--,--,--,--,--,--,--,--,--,0.11,USD,--,--,Insertion Fee
2026-03-27T11:35:53.044Z,Other fee,--,--,--,--,--,--,--,--,0.11,USD,--,7415520355,--,--,--,--,FEE-7628911298619_11,--,--,--,--,--,--,--,--,--,--,--,--,--,--,--,0.11,USD,--,--,Insertion Fee
2026-03-27T11:25:12.560Z,Other fee,--,--,--,--,--,--,--,--,0.11,USD,--,7415520355,--,--,--,--,FEE-7628885827219_11,--,--,--,--,--,--,--,--,--,--,--,--,--,--,--,0.11,USD,--,--,Insertion Fee
2026-03-27T11:17:07.079Z,Other fee,--,--,--,--,--,--,--,--,0.11,USD,--,7415520355,--,--,--,--,FEE-7628876846119_11,--,--,--,--,--,--,--,--,--,--,--,--,--,--,--,0.11,USD,--,--,Insertion Fee
2026-03-27T11:15:34.403Z,Other fee,--,--,--,--,--,--,--,--,0.11,USD,--,7415520355,--,--,--,--,FEE-7628874939619_11,--,--,--,--,--,--,--,--,--,--,--,--,--,--,--,0.11,USD,--,--,Insertion Fee
2026-03-27T11:13:24.986Z,Other fee,--,--,--,--,--,--,--,--,0.11,USD,--,7415520355,--,--,--,--,FEE-7628869982119_11,--,--,--,--,--,--,--,--,--,--,--,--,--,--,--,0.11,USD,--,--,Insertion Fee
2026-03-27T11:11:08.387Z,Other fee,--,--,--,--,--,--,--,--,0.11,USD,--,7415520355,--,--,--,--,FEE-7628865024019_11,--,--,--,--,--,--,--,--,--,--,--,--,--,--,--,0.11,USD,--,--,Insertion Fee
2026-03-27T11:07:05.623Z,Other fee,--,--,--,--,--,--,--,--,0.11,USD,--,7415520355,--,--,--,--,FEE-7628851289519_11,--,--,--,--,--,--,--,--,--,--,--,--,--,--,--,0.11,USD,--,--,Insertion Fee
2026-03-27T10:58:18.695Z,Other fee,--,--,--,--,--,--,--,--,0.11,USD,--,7415520355,--,--,--,--,FEE-7628838224619_11,--,--,--,--,--,--,--,--,--,--,--,--,--,--,--,0.11,USD,--,--,Insertion Fee
2026-03-27T10:57:03.853Z,Other fee,--,--,--,--,--,--,--,--,0.11,USD,--,7415520355,--,--,--,--,FEE-7628835976519_11,--,--,--,--,--,--,--,--,--,--,--,--,--,--,--,0.11,USD,--,--,Insertion Fee
2026-03-27T10:51:54.965Z,Other fee,--,--,--,--,--,--,--,--,0.11,USD,--,7415520355,--,--,--,--,FEE-7628818774619_11,--,--,--,--,--,--,--,--,--,--,--,--,--,--,--,0.11,USD,--,--,Insertion Fee
2026-03-27T10:51:07.052Z,Other fee,--,--,--,--,--,--,--,--,0.11,USD,--,7415520355,--,--,--,--,FEE-7628817471419_11,--,--,--,--,--,--,--,--,--,--,--,--,--,--,--,0.11,USD,--,--,Insertion Fee
2026-03-27T10:49:58.048Z,Other fee,--,--,--,--,--,--,--,--,0.11,USD,--,7415520355,--,--,--,--,FEE-7628813956819_11,--,--,--,--,--,--,--,--,--,--,--,--,--,--,--,0.11,USD,--,--,Insertion Fee
2026-03-27T10:48:23.629Z,Other fee,--,--,--,--,--,--,--,--,0.11,USD,--,7415520355,--,--,--,--,FEE-7628811128119_11,--,--,--,--,--,--,--,--,--,--,--,--,--,--,--,0.11,USD,--,--,Insertion Fee
2026-03-27T10:48:20.869Z,Other fee,--,--,--,--,--,--,--,--,0.11,USD,--,7415520355,--,--,--,--,FEE-7628809947419_11,--,--,--,--,--,--,--,--,--,--,--,--,--,--,--,0.11,USD,--,--,Insertion Fee
2026-03-27T10:48:19.483Z,Other fee,--,--,--,--,--,--,--,--,0.11,USD,--,7415520355,--,--,--,--,FEE-7628810410519_11,--,--,--,--,--,--,--,--,--,--,--,--,--,--,--,0.11,USD,--,--,Insertion Fee
2026-03-27T10:47:50.390Z,Other fee,--,--,--,--,--,--,--,--,0.11,USD,--,7415520355,--,--,--,--,FEE-7628809229419_11,--,--,--,--,--,--,--,--,--,--,--,--,--,--,--,0.11,USD,--,--,Insertion Fee
2026-03-27T10:46:55.512Z,Other fee,--,--,--,--,--,--,--,--,0.11,USD,--,7415520355,--,--,--,--,FEE-7628805575019_11,--,--,--,--,--,--,--,--,--,--,--,--,--,--,--,0.11,USD,--,--,Insertion Fee
2026-03-27T10:46:05.659Z,Other fee,--,--,--,--,--,--,--,--,0.11,USD,--,7415520355,--,--,--,--,FEE-7628804359919_11,--,--,--,--,--,--,--,--,--,--,--,--,--,--,--,0.11,USD,--,--,Insertion Fee
2026-03-27T10:45:06.135Z,Other fee,--,--,--,--,--,--,--,--,0.11,USD,--,7415520355,--,--,--,--,FEE-7628803620519_11,--,--,--,--,--,--,--,--,--,--,--,--,--,--,--,0.11,USD,--,--,Insertion Fee
2026-03-27T10:45:00.945Z,Other fee,--,--,--,--,--,--,--,--,0.11,USD,--,7415520355,--,--,--,--,FEE-7628802985519_11,--,--,--,--,--,--,--,--,--,--,--,--,--,--,--,0.11,USD,--,--,Insertion Fee
2026-03-27T10:43:52.023Z,Other fee,--,--,--,--,--,--,--,--,0.11,USD,--,7415520355,--,--,--,--,FEE-7628801494519_11,--,--,--,--,--,--,--,--,--,--,--,--,--,--,--,0.11,USD,--,--,Insertion Fee
2026-03-27T10:43:50.425Z,Other fee,--,--,--,--,--,--,--,--,0.11,USD,--,7415520355,--,--,--,--,FEE-7628801499119_11,--,--,--,--,--,--,--,--,--,--,--,--,--,--,--,0.11,USD,--,--,Insertion Fee
2026-03-27T10:43:19.574Z,Other fee,--,--,--,--,--,--,--,--,0.11,USD,--,7415520355,--,--,--,--,FEE-7628799915019_11,--,--,--,--,--,--,--,--,--,--,--,--,--,--,--,0.11,USD,--,--,Insertion Fee
2026-03-27T10:42:59.559Z,Other fee,--,--,--,--,--,--,--,--,0.11,USD,--,7415520355,--,--,--,--,FEE-7628799306719_11,--,--,--,--,--,--,--,--,--,--,--,--,--,--,--,0.11,USD,--,--,Insertion Fee
2026-03-27T10:42:03.058Z,Other fee,--,--,--,--,--,--,--,--,0.11,USD,--,7415520355,--,--,--,--,FEE-7628798384419_11,--,--,--,--,--,--,--,--,--,--,--,--,--,--,--,0.11,USD,--,--,Insertion Fee
2026-03-27T10:42:01.710Z,Other fee,--,--,--,--,--,--,--,--,0.11,USD,--,7415520355,--,--,--,--,FEE-7628797808119_11,--,--,--,--,--,--,--,--,--,--,--,--,--,--,--,0.11,USD,--,--,Insertion Fee
2026-03-27T10:42:01.484Z,Other fee,--,--,--,--,--,--,--,--,0.11,USD,--,7415520355,--,--,--,--,FEE-7628797439619_11,--,--,--,--,--,--,--,--,--,--,--,--,--,--,--,0.11,USD,--,--,Insertion Fee
2026-03-27T10:41:07.318Z,Other fee,--,--,--,--,--,--,--,--,0.11,USD,--,7415520355,--,--,--,--,FEE-7628796409719_11,--,--,--,--,--,--,--,--,--,--,--,--,--,--,--,0.11,USD,--,--,Insertion Fee
2026-03-27T10:41:06.704Z,Other fee,--,--,--,--,--,--,--,--,0.11,USD,--,7415520355,--,--,--,--,FEE-7628796030919_11,--,--,--,--,--,--,--,--,--,--,--,--,--,--,--,0.11,USD,--,--,Insertion Fee
2026-03-27T10:40:29.386Z,Other fee,--,--,--,--,--,--,--,--,0.11,USD,--,7415520355,--,--,--,--,FEE-7628795371519_11,--,--,--,--,--,--,--,--,--,--,--,--,--,--,--,0.11,USD,--,--,Insertion Fee
2026-03-27T10:39:12.666Z,Other fee,--,--,--,--,--,--,--,--,0.11,USD,--,7415520355,--,--,--,--,FEE-7628794417719_11,--,--,--,--,--,--,--,--,--,--,--,--,--,--,--,0.11,USD,--,--,Insertion Fee
2026-03-27T10:38:47.706Z,Other fee,--,--,--,--,--,--,--,--,0.11,USD,--,7415520355,--,--,--,--,FEE-7628793447019_11,--,--,--,--,--,--,--,--,--,--,--,--,--,--,--,0.11,USD,--,--,Insertion Fee
2026-03-27T10:38:22.505Z,Other fee,--,--,--,--,--,--,--,--,0.11,USD,--,7415520355,--,--,--,--,FEE-7628792986419_11,--,--,--,--,--,--,--,--,--,--,--,--,--,--,--,0.11,USD,--,--,Insertion Fee
2026-03-27T10:38:19.805Z,Other fee,--,--,--,--,--,--,--,--,0.11,USD,--,7415520355,--,--,--,--,FEE-7628792194519_11,--,--,--,--,--,--,--,--,--,--,--,--,--,--,--,0.11,USD,--,--,Insertion Fee
2026-03-27T10:37:38.021Z,Other fee,--,--,--,--,--,--,--,--,0.11,USD,--,7415520355,--,--,--,--,FEE-7628791262319_11,--,--,--,--,--,--,--,--,--,--,--,--,--,--,--,0.11,USD,--,--,Insertion Fee
2026-03-27T10:36:56.889Z,Other fee,--,--,--,--,--,--,--,--,0.11,USD,--,7415520355,--,--,--,--,FEE-7628791026019_11,--,--,--,--,--,--,--,--,--,--,--,--,--,--,--,0.11,USD,--,--,Insertion Fee
2026-03-27T10:36:56.496Z,Other fee,--,--,--,--,--,--,--,--,0.11,USD,--,7415520355,--,--,--,--,FEE-7628790352419_11,--,--,--,--,--,--,--,--,--,--,--,--,--,--,--,0.11,USD,--,--,Insertion Fee
2026-03-27T10:36:53.089Z,Other fee,--,--,--,--,--,--,--,--,0.11,USD,--,7415520355,--,--,--,--,FEE-7628790614919_11,--,--,--,--,--,--,--,--,--,--,--,--,--,--,--,0.11,USD,--,--,Insertion Fee
2026-03-27T10:36:51.054Z,Other fee,--,--,--,--,--,--,--,--,0.11,USD,--,7415520355,--,--,--,--,FEE-7628790061519_11,--,--,--,--,--,--,--,--,--,--,--,--,--,--,--,0.11,USD,--,--,Insertion Fee
2026-03-27T10:36:51.033Z,Other fee,--,--,--,--,--,--,--,--,0.11,USD,--,7415520355,--,--,--,--,FEE-7628790230419_11,--,--,--,--,--,--,--,--,--,--,--,--,--,--,--,0.11,USD,--,--,Insertion Fee
2026-03-27T10:36:07.135Z,Other fee,--,--,--,--,--,--,--,--,0.11,USD,--,7415520355,--,--,--,--,FEE-7628789303419_11,--,--,--,--,--,--,--,--,--,--,--,--,--,--,--,0.11,USD,--,--,Insertion Fee
2026-03-27T10:35:03.743Z,Other fee,--,--,--,--,--,--,--,--,0.11,USD,--,7415520355,--,--,--,--,FEE-7628788019319_11,--,--,--,--,--,--,--,--,--,--,--,--,--,--,--,0.11,USD,--,--,Insertion Fee
2026-03-26T22:56:11.152Z,Other fee,07-14424-33672,07-14424-33672,mommabe-353,Samantha Garcia,San Leandro,CA,94578-2364,US,8.49,USD,--,7413926323,--,--,--,3.58332E+11,FEE-7627489363519_11,Louis Vuitton Monogram Porte-Monnaie Compact Wallet,m41436304883,1,139.99,--,--,--,--,--,--,--,--,--,--,--,139.99,USD,--,--,Promoted Listings - General fee
2026-03-26T22:52:16.716Z,Order,07-14424-33672,07-14424-33672,mommabe-353,Samantha Garcia,San Leandro,CA,94578-2364,US,115.7,USD,--,7424553811,--,--,--,3.58332E+11,07-14424-33672,Louis Vuitton Monogram Porte-Monnaie Compact Wallet,m41436304883,1,139.99,--,--,--,--,--,--,--,--,--,--,--,139.99,USD,--,--,--
2026-03-26T04:43:35.206Z,Other fee,11-14414-98677,11-14414-98677,tani_425,一平 谷口,yokohama,kanagawa,236-0043,JP,7.98,USD,--,7413926323,--,--,--,3.58349E+11,FEE-7625354008719_11,GUCCI Key Holder Key Ring Gold Rope Design,m88611905060,1,145,--,--,--,--,--,--,--,--,--,--,--,145,USD,--,--,Promoted Listings - General fee
2026-03-26T04:40:04.054Z,Order,11-14414-98677,11-14414-98677,tani_425,一平 谷口,yokohama,kanagawa,236-0043,JP,124.3,USD,--,7426084723,--,--,--,3.58349E+11,11-14414-98677,GUCCI Key Holder Key Ring Gold Rope Design,m88611905060,1,145,--,--,--,--,--,--,--,--,--,--,--,145,USD,--,--,--
2026-03-26T01:39:24.100Z,Other fee,13-14411-93574,13-14411-93574,cainhughes,Denise Blackwell,Long Beach,CA,90805,US,17.11,USD,--,7413926323,--,--,--,3.58327E+11,FEE-7624987174619_11,Louis Vuitton Scarf Monogram Multi,m91766848262,1,281.42,--,--,--,--,--,--,--,--,--,--,--,281.42,USD,--,--,Promoted Listings - General fee
2026-03-26T01:36:04.500Z,Order,13-14411-93574,13-14411-93574,cainhughes,Denise Blackwell,Long Beach,CA,90805,US,232.92,USD,--,7422552379,--,--,--,3.58327E+11,13-14411-93574,Louis Vuitton Scarf Monogram Multi,m91766848262,1,281.42,--,--,--,--,--,--,--,--,--,--,--,281.42,USD,--,--,--
2026-03-25T12:35:58.654Z,Other fee,20-14398-35180,20-14398-35180,momoto_vivi,PEN ZI YU,Alpharetta,GA,30005,US,15.36,USD,--,7411642027,--,--,--,3.58349E+11,FEE-7623410187919_11,Bottega Veneta Tri-Fold Wallet Palmelato,m30934116857,1,259.18,--,--,--,--,--,--,--,--,--,--,--,259.18,USD,--,--,Promoted Listings - General fee
2026-03-25T12:32:21.904Z,Order,20-14398-35180,20-14398-35180,momoto_vivi,PEN ZI YU,Alpharetta,GA,30005,US,215.57,USD,--,7424553811,--,--,--,3.58349E+11,20-14398-35180,Bottega Veneta Tri-Fold Wallet Palmelato,m30934116857,1,259.18,--,--,--,--,--,--,--,--,--,--,--,259.18,USD,--,--,--
2026-03-25T02:22:06.754Z,Other fee,--,--,--,--,--,--,--,--,0.11,USD,--,7411642027,--,--,--,--,FEE-7622263024619_11,--,--,--,--,--,--,--,--,--,--,--,--,--,--,--,0.11,USD,--,--,Insertion Fee
2026-03-25T02:20:16.113Z,Other fee,--,--,--,--,--,--,--,--,0.11,USD,--,7411642027,--,--,--,--,FEE-7622259017219_11,--,--,--,--,--,--,--,--,--,--,--,--,--,--,--,0.11,USD,--,--,Insertion Fee
2026-03-25T02:20:15.401Z,Other fee,--,--,--,--,--,--,--,--,0.11,USD,--,7411642027,--,--,--,--,FEE-7622258968319_11,--,--,--,--,--,--,--,--,--,--,--,--,--,--,--,0.11,USD,--,--,Insertion Fee
2026-03-25T02:19:28.880Z,Other fee,--,--,--,--,--,--,--,--,0.11,USD,--,7411642027,--,--,--,--,FEE-7622257181919_11,--,--,--,--,--,--,--,--,--,--,--,--,--,--,--,0.11,USD,--,--,Insertion Fee
2026-03-25T02:12:44.914Z,Other fee,--,--,--,--,--,--,--,--,0.11,USD,--,7411642027,--,--,--,--,FEE-7622241916619_11,--,--,--,--,--,--,--,--,--,--,--,--,--,--,--,0.11,USD,--,--,Insertion Fee
2026-03-25T02:10:53.596Z,Other fee,--,--,--,--,--,--,--,--,0.11,USD,--,7411642027,--,--,--,--,FEE-7622240322019_11,--,--,--,--,--,--,--,--,--,--,--,--,--,--,--,0.11,USD,--,--,Insertion Fee
2026-03-25T02:10:25.144Z,Other fee,--,--,--,--,--,--,--,--,0.11,USD,--,7411642027,--,--,--,--,FEE-7622239560819_11,--,--,--,--,--,--,--,--,--,--,--,--,--,--,--,0.11,USD,--,--,Insertion Fee
2026-03-25T02:07:04.752Z,Other fee,--,--,--,--,--,--,--,--,0.11,USD,--,7411642027,--,--,--,--,FEE-7622234653519_11,--,--,--,--,--,--,--,--,--,--,--,--,--,--,--,0.11,USD,--,--,Insertion Fee
2026-03-25T02:06:46.459Z,Other fee,--,--,--,--,--,--,--,--,0.11,USD,--,7411642027,--,--,--,--,FEE-7622234176919_11,--,--,--,--,--,--,--,--,--,--,--,--,--,--,--,0.11,USD,--,--,Insertion Fee
2026-03-25T02:05:17.927Z,Other fee,--,--,--,--,--,--,--,--,0.11,USD,--,7411642027,--,--,--,--,FEE-7622231533019_11,--,--,--,--,--,--,--,--,--,--,--,--,--,--,--,0.11,USD,--,--,Insertion Fee
2026-03-25T02:00:42.370Z,Other fee,--,--,--,--,--,--,--,--,0.11,USD,--,7411642027,--,--,--,--,FEE-7622223453519_11,--,--,--,--,--,--,--,--,--,--,--,--,--,--,--,0.11,USD,--,--,Insertion Fee
2026-03-25T01:59:25.093Z,Other fee,--,--,--,--,--,--,--,--,0.11,USD,--,7411642027,--,--,--,--,FEE-7622221595819_11,--,--,--,--,--,--,--,--,--,--,--,--,--,--,--,0.11,USD,--,--,Insertion Fee
2026-03-25T01:58:57.137Z,Other fee,--,--,--,--,--,--,--,--,0.11,USD,--,7411642027,--,--,--,--,FEE-7622220792619_11,--,--,--,--,--,--,--,--,--,--,--,--,--,--,--,0.11,USD,--,--,Insertion Fee
2026-03-25T01:54:50.537Z,Other fee,--,--,--,--,--,--,--,--,0.11,USD,--,7411642027,--,--,--,--,FEE-7622213697519_11,--,--,--,--,--,--,--,--,--,--,--,--,--,--,--,0.11,USD,--,--,Insertion Fee
2026-03-25T01:54:37.823Z,Other fee,--,--,--,--,--,--,--,--,0.11,USD,--,7411642027,--,--,--,--,FEE-7622212624119_11,--,--,--,--,--,--,--,--,--,--,--,--,--,--,--,0.11,USD,--,--,Insertion Fee
2026-03-25T01:53:31.015Z,Other fee,--,--,--,--,--,--,--,--,0.11,USD,--,7411642027,--,--,--,--,FEE-7622206578519_11,--,--,--,--,--,--,--,--,--,--,--,--,--,--,--,0.11,USD,--,--,Insertion Fee
2026-03-25T01:53:30.090Z,Other fee,--,--,--,--,--,--,--,--,0.11,USD,--,7411642027,--,--,--,--,FEE-7622207108519_11,--,--,--,--,--,--,--,--,--,--,--,--,--,--,--,0.11,USD,--,--,Insertion Fee
2026-03-25T01:52:49.445Z,Other fee,--,--,--,--,--,--,--,--,0.11,USD,--,7411642027,--,--,--,--,FEE-7622201139719_11,--,--,--,--,--,--,--,--,--,--,--,--,--,--,--,0.11,USD,--,--,Insertion Fee
2026-03-25T01:47:42.148Z,Other fee,--,--,--,--,--,--,--,--,0.11,USD,--,7411642027,--,--,--,--,FEE-7622192421219_11,--,--,--,--,--,--,--,--,--,--,--,--,--,--,--,0.11,USD,--,--,Insertion Fee
2026-03-25T01:46:50.303Z,Other fee,--,--,--,--,--,--,--,--,0.11,USD,--,7411642027,--,--,--,--,FEE-7622188239819_11,--,--,--,--,--,--,--,--,--,--,--,--,--,--,--,0.11,USD,--,--,Insertion Fee
2026-03-25T01:45:42.807Z,Other fee,--,--,--,--,--,--,--,--,0.11,USD,--,7411642027,--,--,--,--,FEE-7622187178819_11,--,--,--,--,--,--,--,--,--,--,--,--,--,--,--,0.11,USD,--,--,Insertion Fee
2026-03-25T01:45:24.720Z,Other fee,--,--,--,--,--,--,--,--,0.11,USD,--,7411642027,--,--,--,--,FEE-7622186261219_11,--,--,--,--,--,--,--,--,--,--,--,--,--,--,--,0.11,USD,--,--,Insertion Fee
2026-03-25T01:44:58.400Z,Other fee,--,--,--,--,--,--,--,--,0.11,USD,--,7411642027,--,--,--,--,FEE-7622184945719_11,--,--,--,--,--,--,--,--,--,--,--,--,--,--,--,0.11,USD,--,--,Insertion Fee
2026-03-25T01:43:32.019Z,Other fee,--,--,--,--,--,--,--,--,0.11,USD,--,7411642027,--,--,--,--,FEE-7622183201419_11,--,--,--,--,--,--,--,--,--,--,--,--,--,--,--,0.11,USD,--,--,Insertion Fee
2026-03-25T01:42:41.080Z,Other fee,--,--,--,--,--,--,--,--,0.11,USD,--,7411642027,--,--,--,--,FEE-7622179546419_11,--,--,--,--,--,--,--,--,--,--,--,--,--,--,--,0.11,USD,--,--,Insertion Fee
2026-03-25T01:41:34.011Z,Other fee,--,--,--,--,--,--,--,--,0.11,USD,--,7411642027,--,--,--,--,FEE-7622176014219_11,--,--,--,--,--,--,--,--,--,--,--,--,--,--,--,0.11,USD,--,--,Insertion Fee
2026-03-25T01:38:14.365Z,Other fee,--,--,--,--,--,--,--,--,0.11,USD,--,7411642027,--,--,--,--,FEE-7622171044219_11,--,--,--,--,--,--,--,--,--,--,--,--,--,--,--,0.11,USD,--,--,Insertion Fee
2026-03-25T01:34:57.362Z,Other fee,--,--,--,--,--,--,--,--,0.11,USD,--,7411642027,--,--,--,--,FEE-7622164396319_11,--,--,--,--,--,--,--,--,--,--,--,--,--,--,--,0.11,USD,--,--,Insertion Fee
2026-03-25T01:33:13.614Z,Other fee,--,--,--,--,--,--,--,--,0.11,USD,--,7411642027,--,--,--,--,FEE-7622161831619_11,--,--,--,--,--,--,--,--,--,--,--,--,--,--,--,0.11,USD,--,--,Insertion Fee
2026-03-25T01:32:43.920Z,Other fee,--,--,--,--,--,--,--,--,0.11,USD,--,7411642027,--,--,--,--,FEE-7622160497819_11,--,--,--,--,--,--,--,--,--,--,--,--,--,--,--,0.11,USD,--,--,Insertion Fee
2026-03-25T01:30:41.840Z,Other fee,--,--,--,--,--,--,--,--,0.11,USD,--,7411642027,--,--,--,--,FEE-7622157159719_11,--,--,--,--,--,--,--,--,--,--,--,--,--,--,--,0.11,USD,--,--,Insertion Fee
2026-03-25T01:27:51.320Z,Other fee,--,--,--,--,--,--,--,--,0.11,USD,--,7411642027,--,--,--,--,FEE-7622152407919_11,--,--,--,--,--,--,--,--,--,--,--,--,--,--,--,0.11,USD,--,--,Insertion Fee
2026-03-25T01:27:43.548Z,Other fee,--,--,--,--,--,--,--,--,0.11,USD,--,7411642027,--,--,--,--,FEE-7622151870219_11,--,--,--,--,--,--,--,--,--,--,--,--,--,--,--,0.11,USD,--,--,Insertion Fee
2026-03-25T01:23:28.086Z,Other fee,--,--,--,--,--,--,--,--,0.11,USD,--,7411642027,--,--,--,--,FEE-7622145202319_11,--,--,--,--,--,--,--,--,--,--,--,--,--,--,--,0.11,USD,--,--,Insertion Fee
2026-03-25T01:22:46.037Z,Other fee,--,--,--,--,--,--,--,--,0.11,USD,--,7411642027,--,--,--,--,FEE-7622143531919_11,--,--,--,--,--,--,--,--,--,--,--,--,--,--,--,0.11,USD,--,--,Insertion Fee
2026-03-25T01:21:32.984Z,Other fee,--,--,--,--,--,--,--,--,0.11,USD,--,7411642027,--,--,--,--,FEE-7622139218719_11,--,--,--,--,--,--,--,--,--,--,--,--,--,--,--,0.11,USD,--,--,Insertion Fee
2026-03-25T01:19:54.810Z,Other fee,--,--,--,--,--,--,--,--,0.11,USD,--,7411642027,--,--,--,--,FEE-7622137406219_11,--,--,--,--,--,--,--,--,--,--,--,--,--,--,--,0.11,USD,--,--,Insertion Fee
2026-03-25T01:18:13.981Z,Other fee,--,--,--,--,--,--,--,--,0.11,USD,--,7411642027,--,--,--,--,FEE-7622133649519_11,--,--,--,--,--,--,--,--,--,--,--,--,--,--,--,0.11,USD,--,--,Insertion Fee
2026-03-25T01:14:35.041Z,Other fee,--,--,--,--,--,--,--,--,0.11,USD,--,7411642027,--,--,--,--,FEE-7622126983819_11,--,--,--,--,--,--,--,--,--,--,--,--,--,--,--,0.11,USD,--,--,Insertion Fee
2026-03-25T01:13:06.663Z,Other fee,--,--,--,--,--,--,--,--,0.11,USD,--,7411642027,--,--,--,--,FEE-7622124938219_11,--,--,--,--,--,--,--,--,--,--,--,--,--,--,--,0.11,USD,--,--,Insertion Fee
2026-03-25T01:13:04.385Z,Other fee,--,--,--,--,--,--,--,--,0.11,USD,--,7411642027,--,--,--,--,FEE-7622125315619_11,--,--,--,--,--,--,--,--,--,--,--,--,--,--,--,0.11,USD,--,--,Insertion Fee
2026-03-25T01:12:56.968Z,Other fee,--,--,--,--,--,--,--,--,0.11,USD,--,7411642027,--,--,--,--,FEE-7622124506319_11,--,--,--,--,--,--,--,--,--,--,--,--,--,--,--,0.11,USD,--,--,Insertion Fee
2026-03-25T01:12:33.699Z,Other fee,--,--,--,--,--,--,--,--,0.11,USD,--,7411642027,--,--,--,--,FEE-7622123485019_11,--,--,--,--,--,--,--,--,--,--,--,--,--,--,--,0.11,USD,--,--,Insertion Fee
2026-03-25T01:12:21.422Z,Other fee,--,--,--,--,--,--,--,--,0.11,USD,--,7411642027,--,--,--,--,FEE-7622122691719_11,--,--,--,--,--,--,--,--,--,--,--,--,--,--,--,0.11,USD,--,--,Insertion Fee
2026-03-25T01:05:41.789Z,Other fee,--,--,--,--,--,--,--,--,0.11,USD,--,7411642027,--,--,--,--,FEE-7622112428919_11,--,--,--,--,--,--,--,--,--,--,--,--,--,--,--,0.11,USD,--,--,Insertion Fee
2026-03-25T01:02:38.933Z,Other fee,--,--,--,--,--,--,--,--,0.11,USD,--,7411642027,--,--,--,--,FEE-7622109289919_11,--,--,--,--,--,--,--,--,--,--,--,--,--,--,--,0.11,USD,--,--,Insertion Fee
2026-03-25T01:02:32.706Z,Other fee,--,--,--,--,--,--,--,--,0.11,USD,--,7411642027,--,--,--,--,FEE-7622107881519_11,--,--,--,--,--,--,--,--,--,--,--,--,--,--,--,0.11,USD,--,--,Insertion Fee
2026-03-25T01:01:43.518Z,Other fee,--,--,--,--,--,--,--,--,0.11,USD,--,7411642027,--,--,--,--,FEE-7622106757819_11,--,--,--,--,--,--,--,--,--,--,--,--,--,--,--,0.11,USD,--,--,Insertion Fee
2026-03-25T01:00:42.522Z,Other fee,--,--,--,--,--,--,--,--,0.11,USD,--,7411642027,--,--,--,--,FEE-7622106074319_11,--,--,--,--,--,--,--,--,--,--,--,--,--,--,--,0.11,USD,--,--,Insertion Fee
2026-03-25T00:59:50.915Z,Other fee,--,--,--,--,--,--,--,--,0.11,USD,--,7411642027,--,--,--,--,FEE-7622105419219_11,--,--,--,--,--,--,--,--,--,--,--,--,--,--,--,0.11,USD,--,--,Insertion Fee
2026-03-25T00:54:39.402Z,Other fee,--,--,--,--,--,--,--,--,0.11,USD,--,7411642027,--,--,--,--,FEE-7622095014219_11,--,--,--,--,--,--,--,--,--,--,--,--,--,--,--,0.11,USD,--,--,Insertion Fee
2026-03-25T00:54:38.911Z,Other fee,--,--,--,--,--,--,--,--,0.11,USD,--,7411642027,--,--,--,--,FEE-7622095036619_11,--,--,--,--,--,--,--,--,--,--,--,--,--,--,--,0.11,USD,--,--,Insertion Fee
2026-03-25T00:54:38.341Z,Other fee,--,--,--,--,--,--,--,--,0.11,USD,--,7411642027,--,--,--,--,FEE-7622095025719_11,--,--,--,--,--,--,--,--,--,--,--,--,--,--,--,0.11,USD,--,--,Insertion Fee
2026-03-25T00:54:37.049Z,Other fee,--,--,--,--,--,--,--,--,0.11,USD,--,7411642027,--,--,--,--,FEE-7622094872619_11,--,--,--,--,--,--,--,--,--,--,--,--,--,--,--,0.11,USD,--,--,Insertion Fee
2026-03-25T00:48:10.682Z,Other fee,--,--,--,--,--,--,--,--,0.11,USD,--,7411642027,--,--,--,--,FEE-7622074550319_11,--,--,--,--,--,--,--,--,--,--,--,--,--,--,--,0.11,USD,--,--,Insertion Fee
2026-03-25T00:46:44.944Z,Other fee,--,--,--,--,--,--,--,--,0.11,USD,--,7411642027,--,--,--,--,FEE-7622072692819_11,--,--,--,--,--,--,--,--,--,--,--,--,--,--,--,0.11,USD,--,--,Insertion Fee
2026-03-25T00:37:39.303Z,Other fee,--,--,--,--,--,--,--,--,0.11,USD,--,7411642027,--,--,--,--,FEE-7622057554419_11,--,--,--,--,--,--,--,--,--,--,--,--,--,--,--,0.11,USD,--,--,Insertion Fee
2026-03-25T00:35:43.068Z,Other fee,--,--,--,--,--,--,--,--,0.11,USD,--,7411642027,--,--,--,--,FEE-7622054818819_11,--,--,--,--,--,--,--,--,--,--,--,--,--,--,--,0.11,USD,--,--,Insertion Fee
2026-03-25T00:34:36.101Z,Other fee,--,--,--,--,--,--,--,--,0.11,USD,--,7411642027,--,--,--,--,FEE-7622052689019_11,--,--,--,--,--,--,--,--,--,--,--,--,--,--,--,0.11,USD,--,--,Insertion Fee
2026-03-25T00:33:09.378Z,Other fee,--,--,--,--,--,--,--,--,0.11,USD,--,7411642027,--,--,--,--,FEE-7622051316219_11,--,--,--,--,--,--,--,--,--,--,--,--,--,--,--,0.11,USD,--,--,Insertion Fee
2026-03-25T00:27:34.181Z,Other fee,--,--,--,--,--,--,--,--,0.11,USD,--,7411642027,--,--,--,--,FEE-7622040219219_11,--,--,--,--,--,--,--,--,--,--,--,--,--,--,--,0.11,USD,--,--,Insertion Fee
2026-03-25T00:27:22.772Z,Other fee,--,--,--,--,--,--,--,--,0.11,USD,--,7411642027,--,--,--,--,FEE-7622040003419_11,--,--,--,--,--,--,--,--,--,--,--,--,--,--,--,0.11,USD,--,--,Insertion Fee
2026-03-25T00:26:46.750Z,Other fee,--,--,--,--,--,--,--,--,0.11,USD,--,7411642027,--,--,--,--,FEE-7622039137319_11,--,--,--,--,--,--,--,--,--,--,--,--,--,--,--,0.11,USD,--,--,Insertion Fee
2026-03-25T00:26:46.367Z,Other fee,--,--,--,--,--,--,--,--,0.11,USD,--,7411642027,--,--,--,--,FEE-7622038863719_11,--,--,--,--,--,--,--,--,--,--,--,--,--,--,--,0.11,USD,--,--,Insertion Fee
2026-03-25T00:25:03.140Z,Other fee,--,--,--,--,--,--,--,--,0.11,USD,--,7411642027,--,--,--,--,FEE-7622037935919_11,--,--,--,--,--,--,--,--,--,--,--,--,--,--,--,0.11,USD,--,--,Insertion Fee
2026-03-25T00:25:02.009Z,Other fee,--,--,--,--,--,--,--,--,0.11,USD,--,7411642027,--,--,--,--,FEE-7622037824519_11,--,--,--,--,--,--,--,--,--,--,--,--,--,--,--,0.11,USD,--,--,Insertion Fee
2026-03-25T00:24:32.775Z,Other fee,--,--,--,--,--,--,--,--,0.11,USD,--,7411642027,--,--,--,--,FEE-7622036242219_11,--,--,--,--,--,--,--,--,--,--,--,--,--,--,--,0.11,USD,--,--,Insertion Fee
2026-03-25T00:23:10.261Z,Other fee,--,--,--,--,--,--,--,--,0.11,USD,--,7411642027,--,--,--,--,FEE-7622035122419_11,--,--,--,--,--,--,--,--,--,--,--,--,--,--,--,0.11,USD,--,--,Insertion Fee
2026-03-25T00:23:09.516Z,Other fee,--,--,--,--,--,--,--,--,0.11,USD,--,7411642027,--,--,--,--,FEE-7622035176519_11,--,--,--,--,--,--,--,--,--,--,--,--,--,--,--,0.11,USD,--,--,Insertion Fee
2026-03-25T00:18:46.734Z,Other fee,--,--,--,--,--,--,--,--,0.11,USD,--,7411642027,--,--,--,--,FEE-7622024267719_11,--,--,--,--,--,--,--,--,--,--,--,--,--,--,--,0.11,USD,--,--,Insertion Fee
2026-03-25T00:18:07.546Z,Other fee,--,--,--,--,--,--,--,--,0.11,USD,--,7411642027,--,--,--,--,FEE-7622023575219_11,--,--,--,--,--,--,--,--,--,--,--,--,--,--,--,0.11,USD,--,--,Insertion Fee
2026-03-25T00:14:52.874Z,Other fee,--,--,--,--,--,--,--,--,0.11,USD,--,7411642027,--,--,--,--,FEE-7622017585919_11,--,--,--,--,--,--,--,--,--,--,--,--,--,--,--,0.11,USD,--,--,Insertion Fee
2026-03-25T00:14:43.323Z,Other fee,--,--,--,--,--,--,--,--,0.11,USD,--,7411642027,--,--,--,--,FEE-7622016773719_11,--,--,--,--,--,--,--,--,--,--,--,--,--,--,--,0.11,USD,--,--,Insertion Fee
2026-03-25T00:13:50.472Z,Other fee,--,--,--,--,--,--,--,--,0.11,USD,--,7411642027,--,--,--,--,FEE-7622014955119_11,--,--,--,--,--,--,--,--,--,--,--,--,--,--,--,0.11,USD,--,--,Insertion Fee
2026-03-25T00:13:26.204Z,Other fee,--,--,--,--,--,--,--,--,0.11,USD,--,7411642027,--,--,--,--,FEE-7622014735619_11,--,--,--,--,--,--,--,--,--,--,--,--,--,--,--,0.11,USD,--,--,Insertion Fee
2026-03-25T00:12:30.686Z,Other fee,--,--,--,--,--,--,--,--,0.11,USD,--,7411642027,--,--,--,--,FEE-7622012916119_11,--,--,--,--,--,--,--,--,--,--,--,--,--,--,--,0.11,USD,--,--,Insertion Fee
2026-03-25T00:09:55.980Z,Other fee,--,--,--,--,--,--,--,--,0.11,USD,--,7411642027,--,--,--,--,FEE-7622009862719_11,--,--,--,--,--,--,--,--,--,--,--,--,--,--,--,0.11,USD,--,--,Insertion Fee
2026-03-25T00:09:47.482Z,Other fee,--,--,--,--,--,--,--,--,0.11,USD,--,7411642027,--,--,--,--,FEE-7622009169219_11,--,--,--,--,--,--,--,--,--,--,--,--,--,--,--,0.11,USD,--,--,Insertion Fee
2026-03-25T00:08:49.430Z,Other fee,--,--,--,--,--,--,--,--,0.11,USD,--,7411642027,--,--,--,--,FEE-7622007393119_11,--,--,--,--,--,--,--,--,--,--,--,--,--,--,--,0.11,USD,--,--,Insertion Fee
2026-03-25T00:08:05.599Z,Other fee,--,--,--,--,--,--,--,--,0.11,USD,--,7411642027,--,--,--,--,FEE-7622006268219_11,--,--,--,--,--,--,--,--,--,--,--,--,--,--,--,0.11,USD,--,--,Insertion Fee
2026-03-25T00:06:43.254Z,Other fee,--,--,--,--,--,--,--,--,0.11,USD,--,7411642027,--,--,--,--,FEE-7622003172919_11,--,--,--,--,--,--,--,--,--,--,--,--,--,--,--,0.11,USD,--,--,Insertion Fee
2026-03-25T00:05:28.726Z,Other fee,--,--,--,--,--,--,--,--,0.11,USD,--,7411642027,--,--,--,--,FEE-7622002166319_11,--,--,--,--,--,--,--,--,--,--,--,--,--,--,--,0.11,USD,--,--,Insertion Fee
2026-03-25T00:03:45.040Z,Other fee,--,--,--,--,--,--,--,--,0.11,USD,--,7411642027,--,--,--,--,FEE-7621999372719_11,--,--,--,--,--,--,--,--,--,--,--,--,--,--,--,0.11,USD,--,--,Insertion Fee
2026-03-25T00:03:06.756Z,Other fee,--,--,--,--,--,--,--,--,0.11,USD,--,7411642027,--,--,--,--,FEE-7621998458219_11,--,--,--,--,--,--,--,--,--,--,--,--,--,--,--,0.11,USD,--,--,Insertion Fee
2026-03-25T00:00:41.794Z,Other fee,--,--,--,--,--,--,--,--,0.11,USD,--,7411642027,--,--,--,--,FEE-7621994547219_11,--,--,--,--,--,--,--,--,--,--,--,--,--,--,--,0.11,USD,--,--,Insertion Fee
2026-03-24T23:59:39.270Z,Other fee,--,--,--,--,--,--,--,--,0.11,USD,--,7411642027,--,--,--,--,FEE-7621993293919_11,--,--,--,--,--,--,--,--,--,--,--,--,--,--,--,0.11,USD,--,--,Insertion Fee
2026-03-24T23:57:35.946Z,Other fee,--,--,--,--,--,--,--,--,0.11,USD,--,7411642027,--,--,--,--,FEE-7621987797019_11,--,--,--,--,--,--,--,--,--,--,--,--,--,--,--,0.11,USD,--,--,Insertion Fee
2026-03-24T23:55:13.000Z,Other fee,--,--,--,--,--,--,--,--,0.11,USD,--,7411642027,--,--,--,--,FEE-7621985172619_11,--,--,--,--,--,--,--,--,--,--,--,--,--,--,--,0.11,USD,--,--,Insertion Fee
2026-03-24T23:55:07.845Z,Other fee,--,--,--,--,--,--,--,--,0.11,USD,--,7411642027,--,--,--,--,FEE-7621984812819_11,--,--,--,--,--,--,--,--,--,--,--,--,--,--,--,0.11,USD,--,--,Insertion Fee
2026-03-24T23:54:20.156Z,Other fee,--,--,--,--,--,--,--,--,0.11,USD,--,7411642027,--,--,--,--,FEE-7621984081419_11,--,--,--,--,--,--,--,--,--,--,--,--,--,--,--,0.11,USD,--,--,Insertion Fee
2026-03-24T23:53:24.420Z,Other fee,--,--,--,--,--,--,--,--,0.11,USD,--,7411642027,--,--,--,--,FEE-7621981766119_11,--,--,--,--,--,--,--,--,--,--,--,--,--,--,--,0.11,USD,--,--,Insertion Fee
2026-03-24T23:53:05.402Z,Other fee,--,--,--,--,--,--,--,--,0.11,USD,--,7411642027,--,--,--,--,FEE-7621980792119_11,--,--,--,--,--,--,--,--,--,--,--,--,--,--,--,0.11,USD,--,--,Insertion Fee
2026-03-24T23:52:31.295Z,Other fee,--,--,--,--,--,--,--,--,0.11,USD,--,7411642027,--,--,--,--,FEE-7621980604619_11,--,--,--,--,--,--,--,--,--,--,--,--,--,--,--,0.11,USD,--,--,Insertion Fee
2026-03-24T23:52:11.037Z,Other fee,--,--,--,--,--,--,--,--,0.11,USD,--,7411642027,--,--,--,--,FEE-7621979983119_11,--,--,--,--,--,--,--,--,--,--,--,--,--,--,--,0.11,USD,--,--,Insertion Fee
2026-03-24T23:51:07.810Z,Other fee,--,--,--,--,--,--,--,--,0.11,USD,--,7411642027,--,--,--,--,FEE-7621978682819_11,--,--,--,--,--,--,--,--,--,--,--,--,--,--,--,0.11,USD,--,--,Insertion Fee
2026-03-24T23:50:51.600Z,Other fee,--,--,--,--,--,--,--,--,0.11,USD,--,7411642027,--,--,--,--,FEE-7621978304819_11,--,--,--,--,--,--,--,--,--,--,--,--,--,--,--,0.11,USD,--,--,Insertion Fee
2026-03-24T23:46:28.000Z,Other fee,--,--,--,--,--,--,--,--,0.11,USD,--,7411642027,--,--,--,--,FEE-7621970679919_11,--,--,--,--,--,--,--,--,--,--,--,--,--,--,--,0.11,USD,--,--,Insertion Fee
2026-03-24T23:46:23.615Z,Other fee,--,--,--,--,--,--,--,--,0.11,USD,--,7411642027,--,--,--,--,FEE-7621970134919_11,--,--,--,--,--,--,--,--,--,--,--,--,--,--,--,0.11,USD,--,--,Insertion Fee
2026-03-24T23:40:40.285Z,Other fee,--,--,--,--,--,--,--,--,0.11,USD,--,7411642027,--,--,--,--,FEE-7621959346119_11,--,--,--,--,--,--,--,--,--,--,--,--,--,--,--,0.11,USD,--,--,Insertion Fee
2026-03-24T23:36:43.423Z,Other fee,--,--,--,--,--,--,--,--,0.11,USD,--,7411642027,--,--,--,--,FEE-7621954247419_11,--,--,--,--,--,--,--,--,--,--,--,--,--,--,--,0.11,USD,--,--,Insertion Fee
2026-03-24T23:36:22.166Z,Other fee,--,--,--,--,--,--,--,--,0.11,USD,--,7411642027,--,--,--,--,FEE-7621952631419_11,--,--,--,--,--,--,--,--,--,--,--,--,--,--,--,0.11,USD,--,--,Insertion Fee
2026-03-24T23:35:39.311Z,Other fee,--,--,--,--,--,--,--,--,0.11,USD,--,7411642027,--,--,--,--,FEE-7621950661519_11,--,--,--,--,--,--,--,--,--,--,--,--,--,--,--,0.11,USD,--,--,Insertion Fee
2026-03-24T23:35:39.210Z,Other fee,--,--,--,--,--,--,--,--,0.11,USD,--,7411642027,--,--,--,--,FEE-7621949744219_11,--,--,--,--,--,--,--,--,--,--,--,--,--,--,--,0.11,USD,--,--,Insertion Fee
2026-03-24T23:33:48.221Z,Other fee,--,--,--,--,--,--,--,--,0.11,USD,--,7411642027,--,--,--,--,FEE-7621947895019_11,--,--,--,--,--,--,--,--,--,--,--,--,--,--,--,0.11,USD,--,--,Insertion Fee
2026-03-24T23:31:54.208Z,Other fee,--,--,--,--,--,--,--,--,0.11,USD,--,7411642027,--,--,--,--,FEE-7621945528119_11,--,--,--,--,--,--,--,--,--,--,--,--,--,--,--,0.11,USD,--,--,Insertion Fee
2026-03-24T23:28:37.629Z,Other fee,--,--,--,--,--,--,--,--,0.11,USD,--,7411642027,--,--,--,--,FEE-7621940449119_11,--,--,--,--,--,--,--,--,--,--,--,--,--,--,--,0.11,USD,--,--,Insertion Fee
2026-03-24T23:26:46.398Z,Other fee,--,--,--,--,--,--,--,--,0.11,USD,--,7411642027,--,--,--,--,FEE-7621936763119_11,--,--,--,--,--,--,--,--,--,--,--,--,--,--,--,0.11,USD,--,--,Insertion Fee
2026-03-24T23:26:00.267Z,Other fee,--,--,--,--,--,--,--,--,0.11,USD,--,7411642027,--,--,--,--,FEE-7621932939319_11,--,--,--,--,--,--,--,--,--,--,--,--,--,--,--,0.11,USD,--,--,Insertion Fee
2026-03-24T22:59:25.909Z,Other fee,--,--,--,--,--,--,--,--,0.11,USD,--,7411642027,--,--,--,--,FEE-7621886274119_11,--,--,--,--,--,--,--,--,--,--,--,--,--,--,--,0.11,USD,--,--,Insertion Fee
2026-03-24T22:58:55.869Z,Other fee,--,--,--,--,--,--,--,--,0.11,USD,--,7411642027,--,--,--,--,FEE-7621885456919_11,--,--,--,--,--,--,--,--,--,--,--,--,--,--,--,0.11,USD,--,--,Insertion Fee
2026-03-24T22:51:30.203Z,Other fee,--,--,--,--,--,--,--,--,0.11,USD,--,7411642027,--,--,--,--,FEE-7621871575819_11,--,--,--,--,--,--,--,--,--,--,--,--,--,--,--,0.11,USD,--,--,Insertion Fee
2026-03-24T22:47:22.358Z,Other fee,--,--,--,--,--,--,--,--,0.11,USD,--,7411642027,--,--,--,--,FEE-7621865741519_11,--,--,--,--,--,--,--,--,--,--,--,--,--,--,--,0.11,USD,--,--,Insertion Fee
2026-03-24T22:47:19.352Z,Other fee,--,--,--,--,--,--,--,--,0.11,USD,--,7411642027,--,--,--,--,FEE-7621864964819_11,--,--,--,--,--,--,--,--,--,--,--,--,--,--,--,0.11,USD,--,--,Insertion Fee
2026-03-24T22:46:32.514Z,Other fee,--,--,--,--,--,--,--,--,0.11,USD,--,7411642027,--,--,--,--,FEE-7621864370719_11,--,--,--,--,--,--,--,--,--,--,--,--,--,--,--,0.11,USD,--,--,Insertion Fee
2026-03-24T22:46:00.674Z,Other fee,--,--,--,--,--,--,--,--,0.11,USD,--,7411642027,--,--,--,--,FEE-7621863298819_11,--,--,--,--,--,--,--,--,--,--,--,--,--,--,--,0.11,USD,--,--,Insertion Fee
2026-03-24T22:43:49.361Z,Other fee,--,--,--,--,--,--,--,--,0.11,USD,--,7411642027,--,--,--,--,FEE-7621859755419_11,--,--,--,--,--,--,--,--,--,--,--,--,--,--,--,0.11,USD,--,--,Insertion Fee
2026-03-24T22:42:20.370Z,Other fee,--,--,--,--,--,--,--,--,0.11,USD,--,7411642027,--,--,--,--,FEE-7621857035219_11,--,--,--,--,--,--,--,--,--,--,--,--,--,--,--,0.11,USD,--,--,Insertion Fee
2026-03-24T22:41:28.600Z,Other fee,--,--,--,--,--,--,--,--,0.11,USD,--,7411642027,--,--,--,--,FEE-7621855835019_11,--,--,--,--,--,--,--,--,--,--,--,--,--,--,--,0.11,USD,--,--,Insertion Fee
2026-03-24T22:38:54.574Z,Other fee,--,--,--,--,--,--,--,--,0.11,USD,--,7411642027,--,--,--,--,FEE-7621852372519_11,--,--,--,--,--,--,--,--,--,--,--,--,--,--,--,0.11,USD,--,--,Insertion Fee
2026-03-24T22:38:37.353Z,Other fee,--,--,--,--,--,--,--,--,0.11,USD,--,7411642027,--,--,--,--,FEE-7621851239919_11,--,--,--,--,--,--,--,--,--,--,--,--,--,--,--,0.11,USD,--,--,Insertion Fee
2026-03-24T22:37:23.257Z,Other fee,--,--,--,--,--,--,--,--,0.11,USD,--,7411642027,--,--,--,--,FEE-7621848707819_11,--,--,--,--,--,--,--,--,--,--,--,--,--,--,--,0.11,USD,--,--,Insertion Fee
2026-03-24T22:37:19.751Z,Other fee,--,--,--,--,--,--,--,--,0.11,USD,--,7411642027,--,--,--,--,FEE-7621847250919_11,--,--,--,--,--,--,--,--,--,--,--,--,--,--,--,0.11,USD,--,--,Insertion Fee
2026-03-24T22:37:01.476Z,Other fee,--,--,--,--,--,--,--,--,0.11,USD,--,7411642027,--,--,--,--,FEE-7621845497219_11,--,--,--,--,--,--,--,--,--,--,--,--,--,--,--,0.11,USD,--,--,Insertion Fee
2026-03-24T22:36:29.077Z,Other fee,--,--,--,--,--,--,--,--,0.11,USD,--,7411642027,--,--,--,--,FEE-7621844152119_11,--,--,--,--,--,--,--,--,--,--,--,--,--,--,--,0.11,USD,--,--,Insertion Fee
2026-03-24T22:34:13.069Z,Other fee,--,--,--,--,--,--,--,--,0.11,USD,--,7411642027,--,--,--,--,FEE-7621840124219_11,--,--,--,--,--,--,--,--,--,--,--,--,--,--,--,0.11,USD,--,--,Insertion Fee
2026-03-24T22:33:25.097Z,Other fee,--,--,--,--,--,--,--,--,0.11,USD,--,7411642027,--,--,--,--,FEE-7621838756219_11,--,--,--,--,--,--,--,--,--,--,--,--,--,--,--,0.11,USD,--,--,Insertion Fee
2026-03-24T22:32:34.212Z,Other fee,--,--,--,--,--,--,--,--,0.11,USD,--,7411642027,--,--,--,--,FEE-7621838348419_11,--,--,--,--,--,--,--,--,--,--,--,--,--,--,--,0.11,USD,--,--,Insertion Fee
2026-03-24T22:30:37.960Z,Other fee,--,--,--,--,--,--,--,--,0.11,USD,--,7411642027,--,--,--,--,FEE-7621834720619_11,--,--,--,--,--,--,--,--,--,--,--,--,--,--,--,0.11,USD,--,--,Insertion Fee
2026-03-24T22:29:20.308Z,Other fee,--,--,--,--,--,--,--,--,0.11,USD,--,7411642027,--,--,--,--,FEE-7621831652319_11,--,--,--,--,--,--,--,--,--,--,--,--,--,--,--,0.11,USD,--,--,Insertion Fee
2026-03-24T22:26:58.901Z,Other fee,--,--,--,--,--,--,--,--,0.11,USD,--,7411642027,--,--,--,--,FEE-7621827498219_11,--,--,--,--,--,--,--,--,--,--,--,--,--,--,--,0.11,USD,--,--,Insertion Fee
2026-03-24T22:23:52.482Z,Other fee,--,--,--,--,--,--,--,--,0.11,USD,--,7411642027,--,--,--,--,FEE-7621823905819_11,--,--,--,--,--,--,--,--,--,--,--,--,--,--,--,0.11,USD,--,--,Insertion Fee
2026-03-24T22:23:19.448Z,Other fee,--,--,--,--,--,--,--,--,0.11,USD,--,7411642027,--,--,--,--,FEE-7621822889119_11,--,--,--,--,--,--,--,--,--,--,--,--,--,--,--,0.11,USD,--,--,Insertion Fee
2026-03-24T22:23:07.977Z,Other fee,--,--,--,--,--,--,--,--,0.11,USD,--,7411642027,--,--,--,--,FEE-7621821507719_11,--,--,--,--,--,--,--,--,--,--,--,--,--,--,--,0.11,USD,--,--,Insertion Fee
2026-03-24T22:22:01.681Z,Other fee,--,--,--,--,--,--,--,--,0.11,USD,--,7411642027,--,--,--,--,FEE-7621820509919_11,--,--,--,--,--,--,--,--,--,--,--,--,--,--,--,0.11,USD,--,--,Insertion Fee
2026-03-24T22:21:37.150Z,Other fee,--,--,--,--,--,--,--,--,0.11,USD,--,7411642027,--,--,--,--,FEE-7621819578919_11,--,--,--,--,--,--,--,--,--,--,--,--,--,--,--,0.11,USD,--,--,Insertion Fee
2026-03-24T22:20:29.835Z,Other fee,--,--,--,--,--,--,--,--,0.11,USD,--,7411642027,--,--,--,--,FEE-7621818213819_11,--,--,--,--,--,--,--,--,--,--,--,--,--,--,--,0.11,USD,--,--,Insertion Fee
2026-03-24T22:20:12.604Z,Other fee,--,--,--,--,--,--,--,--,0.11,USD,--,7411642027,--,--,--,--,FEE-7621816991819_11,--,--,--,--,--,--,--,--,--,--,--,--,--,--,--,0.11,USD,--,--,Insertion Fee
2026-03-24T22:20:09.734Z,Other fee,--,--,--,--,--,--,--,--,0.11,USD,--,7411642027,--,--,--,--,FEE-7621817427819_11,--,--,--,--,--,--,--,--,--,--,--,--,--,--,--,0.11,USD,--,--,Insertion Fee
2026-03-24T22:20:06.488Z,Other fee,--,--,--,--,--,--,--,--,0.11,USD,--,7411642027,--,--,--,--,FEE-7621816785419_11,--,--,--,--,--,--,--,--,--,--,--,--,--,--,--,0.11,USD,--,--,Insertion Fee
2026-03-24T22:19:02.343Z,Other fee,--,--,--,--,--,--,--,--,0.11,USD,--,7411642027,--,--,--,--,FEE-7621814965019_11,--,--,--,--,--,--,--,--,--,--,--,--,--,--,--,0.11,USD,--,--,Insertion Fee
2026-03-24T22:18:31.025Z,Other fee,--,--,--,--,--,--,--,--,0.11,USD,--,7411642027,--,--,--,--,FEE-7621814110019_11,--,--,--,--,--,--,--,--,--,--,--,--,--,--,--,0.11,USD,--,--,Insertion Fee
2026-03-24T22:17:07.613Z,Other fee,--,--,--,--,--,--,--,--,0.11,USD,--,7411642027,--,--,--,--,FEE-7621813140119_11,--,--,--,--,--,--,--,--,--,--,--,--,--,--,--,0.11,USD,--,--,Insertion Fee
2026-03-24T22:16:44.372Z,Other fee,--,--,--,--,--,--,--,--,0.11,USD,--,7411642027,--,--,--,--,FEE-7621812430319_11,--,--,--,--,--,--,--,--,--,--,--,--,--,--,--,0.11,USD,--,--,Insertion Fee
2026-03-24T22:15:42.450Z,Other fee,--,--,--,--,--,--,--,--,0.11,USD,--,7411642027,--,--,--,--,FEE-7621811010619_11,--,--,--,--,--,--,--,--,--,--,--,--,--,--,--,0.11,USD,--,--,Insertion Fee
2026-03-24T22:15:38.911Z,Other fee,--,--,--,--,--,--,--,--,0.11,USD,--,7411642027,--,--,--,--,FEE-7621810759919_11,--,--,--,--,--,--,--,--,--,--,--,--,--,--,--,0.11,USD,--,--,Insertion Fee
2026-03-24T22:13:32.945Z,Other fee,--,--,--,--,--,--,--,--,0.11,USD,--,7411642027,--,--,--,--,FEE-7621807888719_11,--,--,--,--,--,--,--,--,--,--,--,--,--,--,--,0.11,USD,--,--,Insertion Fee
2026-03-24T22:12:41.090Z,Other fee,--,--,--,--,--,--,--,--,0.11,USD,--,7411642027,--,--,--,--,FEE-7621806687519_11,--,--,--,--,--,--,--,--,--,--,--,--,--,--,--,0.11,USD,--,--,Insertion Fee
2026-03-24T22:12:01.946Z,Other fee,--,--,--,--,--,--,--,--,0.11,USD,--,7411642027,--,--,--,--,FEE-7621805151119_11,--,--,--,--,--,--,--,--,--,--,--,--,--,--,--,0.11,USD,--,--,Insertion Fee
2026-03-24T22:10:32.075Z,Other fee,--,--,--,--,--,--,--,--,0.11,USD,--,7411642027,--,--,--,--,FEE-7621801368819_11,--,--,--,--,--,--,--,--,--,--,--,--,--,--,--,0.11,USD,--,--,Insertion Fee
2026-03-24T22:09:56.562Z,Other fee,--,--,--,--,--,--,--,--,0.11,USD,--,7411642027,--,--,--,--,FEE-7621799642519_11,--,--,--,--,--,--,--,--,--,--,--,--,--,--,--,0.11,USD,--,--,Insertion Fee
2026-03-24T22:07:35.844Z,Other fee,--,--,--,--,--,--,--,--,0.11,USD,--,7411642027,--,--,--,--,FEE-7621795167419_11,--,--,--,--,--,--,--,--,--,--,--,--,--,--,--,0.11,USD,--,--,Insertion Fee
2026-03-24T22:07:01.480Z,Other fee,--,--,--,--,--,--,--,--,0.11,USD,--,7411642027,--,--,--,--,FEE-7621794648719_11,--,--,--,--,--,--,--,--,--,--,--,--,--,--,--,0.11,USD,--,--,Insertion Fee
2026-03-24T21:53:27.578Z,Other fee,--,--,--,--,--,--,--,--,0.11,USD,--,7411642027,--,--,--,--,FEE-7621777183619_11,--,--,--,--,--,--,--,--,--,--,--,--,--,--,--,0.11,USD,--,--,Insertion Fee
2026-03-24T21:51:41.219Z,Other fee,--,--,--,--,--,--,--,--,0.11,USD,--,7411642027,--,--,--,--,FEE-7621774298319_11,--,--,--,--,--,--,--,--,--,--,--,--,--,--,--,0.11,USD,--,--,Insertion Fee
2026-03-24T21:51:05.398Z,Other fee,--,--,--,--,--,--,--,--,0.11,USD,--,7411642027,--,--,--,--,FEE-7621773917319_11,--,--,--,--,--,--,--,--,--,--,--,--,--,--,--,0.11,USD,--,--,Insertion Fee
2026-03-24T21:50:41.457Z,Other fee,--,--,--,--,--,--,--,--,0.11,USD,--,7411642027,--,--,--,--,FEE-7621773021819_11,--,--,--,--,--,--,--,--,--,--,--,--,--,--,--,0.11,USD,--,--,Insertion Fee
2026-03-24T21:49:00.806Z,Other fee,--,--,--,--,--,--,--,--,0.11,USD,--,7411642027,--,--,--,--,FEE-7621770825219_11,--,--,--,--,--,--,--,--,--,--,--,--,--,--,--,0.11,USD,--,--,Insertion Fee
2026-03-24T21:39:06.808Z,Other fee,--,--,--,--,--,--,--,--,0.11,USD,--,7411642027,--,--,--,--,FEE-7621754362919_11,--,--,--,--,--,--,--,--,--,--,--,--,--,--,--,0.11,USD,--,--,Insertion Fee
2026-03-24T21:39:02.358Z,Other fee,--,--,--,--,--,--,--,--,0.11,USD,--,7411642027,--,--,--,--,FEE-7621753899819_11,--,--,--,--,--,--,--,--,--,--,--,--,--,--,--,0.11,USD,--,--,Insertion Fee
2026-03-24T21:39:00.608Z,Other fee,--,--,--,--,--,--,--,--,0.11,USD,--,7411642027,--,--,--,--,FEE-7621753894619_11,--,--,--,--,--,--,--,--,--,--,--,--,--,--,--,0.11,USD,--,--,Insertion Fee
2026-03-24T21:38:25.823Z,Other fee,--,--,--,--,--,--,--,--,0.11,USD,--,7411642027,--,--,--,--,FEE-7621750941519_11,--,--,--,--,--,--,--,--,--,--,--,--,--,--,--,0.11,USD,--,--,Insertion Fee
2026-03-24T21:38:18.999Z,Other fee,--,--,--,--,--,--,--,--,0.11,USD,--,7411642027,--,--,--,--,FEE-7621749916419_11,--,--,--,--,--,--,--,--,--,--,--,--,--,--,--,0.11,USD,--,--,Insertion Fee
2026-03-24T21:35:30.502Z,Other fee,--,--,--,--,--,--,--,--,0.11,USD,--,7411642027,--,--,--,--,FEE-7621745219619_11,--,--,--,--,--,--,--,--,--,--,--,--,--,--,--,0.11,USD,--,--,Insertion Fee
2026-03-24T21:34:54.727Z,Other fee,--,--,--,--,--,--,--,--,0.11,USD,--,7411642027,--,--,--,--,FEE-7621744590819_11,--,--,--,--,--,--,--,--,--,--,--,--,--,--,--,0.11,USD,--,--,Insertion Fee
2026-03-24T21:33:29.493Z,Other fee,--,--,--,--,--,--,--,--,0.11,USD,--,7411642027,--,--,--,--,FEE-7621743197219_11,--,--,--,--,--,--,--,--,--,--,--,--,--,--,--,0.11,USD,--,--,Insertion Fee
2026-03-24T21:33:23.800Z,Other fee,--,--,--,--,--,--,--,--,0.11,USD,--,7411642027,--,--,--,--,FEE-7621742074719_11,--,--,--,--,--,--,--,--,--,--,--,--,--,--,--,0.11,USD,--,--,Insertion Fee
2026-03-24T21:30:40.084Z,Other fee,--,--,--,--,--,--,--,--,0.11,USD,--,7411642027,--,--,--,--,FEE-7621737525119_11,--,--,--,--,--,--,--,--,--,--,--,--,--,--,--,0.11,USD,--,--,Insertion Fee
2026-03-24T21:27:00.886Z,Other fee,--,--,--,--,--,--,--,--,0.11,USD,--,7411642027,--,--,--,--,FEE-7621731685719_11,--,--,--,--,--,--,--,--,--,--,--,--,--,--,--,0.11,USD,--,--,Insertion Fee
2026-03-24T21:24:52.781Z,Other fee,--,--,--,--,--,--,--,--,0.11,USD,--,7411642027,--,--,--,--,FEE-7621728506919_11,--,--,--,--,--,--,--,--,--,--,--,--,--,--,--,0.11,USD,--,--,Insertion Fee
2026-03-24T21:23:46.901Z,Other fee,--,--,--,--,--,--,--,--,0.11,USD,--,7411642027,--,--,--,--,FEE-7621727311719_11,--,--,--,--,--,--,--,--,--,--,--,--,--,--,--,0.11,USD,--,--,Insertion Fee
2026-03-24T21:23:17.010Z,Other fee,--,--,--,--,--,--,--,--,0.11,USD,--,7411642027,--,--,--,--,FEE-7621725080619_11,--,--,--,--,--,--,--,--,--,--,--,--,--,--,--,0.11,USD,--,--,Insertion Fee
2026-03-24T21:19:51.927Z,Other fee,--,--,--,--,--,--,--,--,0.11,USD,--,7411642027,--,--,--,--,FEE-7621719471519_11,--,--,--,--,--,--,--,--,--,--,--,--,--,--,--,0.11,USD,--,--,Insertion Fee
2026-03-24T21:18:37.303Z,Other fee,--,--,--,--,--,--,--,--,0.11,USD,--,7411642027,--,--,--,--,FEE-7621718339519_11,--,--,--,--,--,--,--,--,--,--,--,--,--,--,--,0.11,USD,--,--,Insertion Fee
2026-03-24T21:18:14.969Z,Other fee,--,--,--,--,--,--,--,--,0.11,USD,--,7411642027,--,--,--,--,FEE-7621715763619_11,--,--,--,--,--,--,--,--,--,--,--,--,--,--,--,0.11,USD,--,--,Insertion Fee
2026-03-24T21:16:37.487Z,Other fee,--,--,--,--,--,--,--,--,0.11,USD,--,7411642027,--,--,--,--,FEE-7621713197219_11,--,--,--,--,--,--,--,--,--,--,--,--,--,--,--,0.11,USD,--,--,Insertion Fee
2026-03-24T21:16:23.116Z,Other fee,--,--,--,--,--,--,--,--,0.11,USD,--,7411642027,--,--,--,--,FEE-7621712565919_11,--,--,--,--,--,--,--,--,--,--,--,--,--,--,--,0.11,USD,--,--,Insertion Fee
2026-03-24T21:13:13.518Z,Other fee,--,--,--,--,--,--,--,--,0.11,USD,--,7411642027,--,--,--,--,FEE-7621704547819_11,--,--,--,--,--,--,--,--,--,--,--,--,--,--,--,0.11,USD,--,--,Insertion Fee
2026-03-24T21:12:40.519Z,Other fee,--,--,--,--,--,--,--,--,0.11,USD,--,7411642027,--,--,--,--,FEE-7621703438819_11,--,--,--,--,--,--,--,--,--,--,--,--,--,--,--,0.11,USD,--,--,Insertion Fee
2026-03-24T21:12:37.809Z,Other fee,--,--,--,--,--,--,--,--,0.11,USD,--,7411642027,--,--,--,--,FEE-7621703261519_11,--,--,--,--,--,--,--,--,--,--,--,--,--,--,--,0.11,USD,--,--,Insertion Fee
2026-03-24T21:12:32.019Z,Other fee,--,--,--,--,--,--,--,--,0.11,USD,--,7411642027,--,--,--,--,FEE-7621701752019_11,--,--,--,--,--,--,--,--,--,--,--,--,--,--,--,0.11,USD,--,--,Insertion Fee
2026-03-24T21:09:16.354Z,Other fee,--,--,--,--,--,--,--,--,0.11,USD,--,7411642027,--,--,--,--,FEE-7621698502719_11,--,--,--,--,--,--,--,--,--,--,--,--,--,--,--,0.11,USD,--,--,Insertion Fee
2026-03-24T21:08:31.019Z,Other fee,--,--,--,--,--,--,--,--,0.11,USD,--,7411642027,--,--,--,--,FEE-7621692652319_11,--,--,--,--,--,--,--,--,--,--,--,--,--,--,--,0.11,USD,--,--,Insertion Fee
2026-03-24T21:08:27.952Z,Other fee,--,--,--,--,--,--,--,--,0.11,USD,--,7411642027,--,--,--,--,FEE-7621693374519_11,--,--,--,--,--,--,--,--,--,--,--,--,--,--,--,0.11,USD,--,--,Insertion Fee
2026-03-24T21:07:00.142Z,Other fee,--,--,--,--,--,--,--,--,0.11,USD,--,7411642027,--,--,--,--,FEE-7621688677419_11,--,--,--,--,--,--,--,--,--,--,--,--,--,--,--,0.11,USD,--,--,Insertion Fee
2026-03-24T21:05:27.271Z,Other fee,--,--,--,--,--,--,--,--,0.11,USD,--,7411642027,--,--,--,--,FEE-7621686630719_11,--,--,--,--,--,--,--,--,--,--,--,--,--,--,--,0.11,USD,--,--,Insertion Fee
2026-03-24T21:04:57.961Z,Other fee,--,--,--,--,--,--,--,--,0.11,USD,--,7411642027,--,--,--,--,FEE-7621685488219_11,--,--,--,--,--,--,--,--,--,--,--,--,--,--,--,0.11,USD,--,--,Insertion Fee
2026-03-24T21:04:56.942Z,Other fee,--,--,--,--,--,--,--,--,0.11,USD,--,7411642027,--,--,--,--,FEE-7621685353519_11,--,--,--,--,--,--,--,--,--,--,--,--,--,--,--,0.11,USD,--,--,Insertion Fee
2026-03-24T21:04:37.486Z,Other fee,--,--,--,--,--,--,--,--,0.11,USD,--,7411642027,--,--,--,--,FEE-7621683941819_11,--,--,--,--,--,--,--,--,--,--,--,--,--,--,--,0.11,USD,--,--,Insertion Fee
2026-03-24T21:03:57.443Z,Other fee,--,--,--,--,--,--,--,--,0.11,USD,--,7411642027,--,--,--,--,FEE-7621682452919_11,--,--,--,--,--,--,--,--,--,--,--,--,--,--,--,0.11,USD,--,--,Insertion Fee
2026-03-24T21:01:57.093Z,Other fee,--,--,--,--,--,--,--,--,0.11,USD,--,7411642027,--,--,--,--,FEE-7621680437719_11,--,--,--,--,--,--,--,--,--,--,--,--,--,--,--,0.11,USD,--,--,Insertion Fee
2026-03-24T21:01:41.198Z,Other fee,--,--,--,--,--,--,--,--,0.11,USD,--,7411642027,--,--,--,--,FEE-7621678995319_11,--,--,--,--,--,--,--,--,--,--,--,--,--,--,--,0.11,USD,--,--,Insertion Fee
2026-03-24T20:59:33.888Z,Other fee,--,--,--,--,--,--,--,--,0.11,USD,--,7411642027,--,--,--,--,FEE-7621677009819_11,--,--,--,--,--,--,--,--,--,--,--,--,--,--,--,0.11,USD,--,--,Insertion Fee
2026-03-24T20:58:56.804Z,Other fee,--,--,--,--,--,--,--,--,0.11,USD,--,7411642027,--,--,--,--,FEE-7621675387519_11,--,--,--,--,--,--,--,--,--,--,--,--,--,--,--,0.11,USD,--,--,Insertion Fee
2026-03-24T20:58:49.855Z,Other fee,--,--,--,--,--,--,--,--,0.11,USD,--,7411642027,--,--,--,--,FEE-7621675013319_11,--,--,--,--,--,--,--,--,--,--,--,--,--,--,--,0.11,USD,--,--,Insertion Fee
2026-03-24T20:58:04.662Z,Other fee,--,--,--,--,--,--,--,--,0.11,USD,--,7411642027,--,--,--,--,FEE-7621674569019_11,--,--,--,--,--,--,--,--,--,--,--,--,--,--,--,0.11,USD,--,--,Insertion Fee
2026-03-24T20:57:15.622Z,Other fee,--,--,--,--,--,--,--,--,0.11,USD,--,7411642027,--,--,--,--,FEE-7621674033519_11,--,--,--,--,--,--,--,--,--,--,--,--,--,--,--,0.11,USD,--,--,Insertion Fee
2026-03-24T20:56:51.842Z,Other fee,--,--,--,--,--,--,--,--,0.11,USD,--,7411642027,--,--,--,--,FEE-7621673290819_11,--,--,--,--,--,--,--,--,--,--,--,--,--,--,--,0.11,USD,--,--,Insertion Fee
2026-03-24T20:56:44.295Z,Other fee,--,--,--,--,--,--,--,--,0.11,USD,--,7411642027,--,--,--,--,FEE-7621672976819_11,--,--,--,--,--,--,--,--,--,--,--,--,--,--,--,0.11,USD,--,--,Insertion Fee
2026-03-24T20:56:43.141Z,Other fee,--,--,--,--,--,--,--,--,0.11,USD,--,7411642027,--,--,--,--,FEE-7621672538519_11,--,--,--,--,--,--,--,--,--,--,--,--,--,--,--,0.11,USD,--,--,Insertion Fee
2026-03-24T20:55:34.203Z,Other fee,--,--,--,--,--,--,--,--,0.11,USD,--,7411642027,--,--,--,--,FEE-7621671072019_11,--,--,--,--,--,--,--,--,--,--,--,--,--,--,--,0.11,USD,--,--,Insertion Fee
2026-03-24T20:55:17.574Z,Other fee,--,--,--,--,--,--,--,--,0.11,USD,--,7411642027,--,--,--,--,FEE-7621670606819_11,--,--,--,--,--,--,--,--,--,--,--,--,--,--,--,0.11,USD,--,--,Insertion Fee
2026-03-24T20:54:52.238Z,Other fee,--,--,--,--,--,--,--,--,0.11,USD,--,7411642027,--,--,--,--,FEE-7621669291919_11,--,--,--,--,--,--,--,--,--,--,--,--,--,--,--,0.11,USD,--,--,Insertion Fee
2026-03-24T20:54:37.340Z,Other fee,--,--,--,--,--,--,--,--,0.11,USD,--,7411642027,--,--,--,--,FEE-7621665419419_11,--,--,--,--,--,--,--,--,--,--,--,--,--,--,--,0.11,USD,--,--,Insertion Fee
2026-03-24T20:54:21.655Z,Other fee,--,--,--,--,--,--,--,--,0.11,USD,--,7411642027,--,--,--,--,FEE-7621664735919_11,--,--,--,--,--,--,--,--,--,--,--,--,--,--,--,0.11,USD,--,--,Insertion Fee
2026-03-24T20:53:56.724Z,Other fee,--,--,--,--,--,--,--,--,0.11,USD,--,7411642027,--,--,--,--,FEE-7621661859319_11,--,--,--,--,--,--,--,--,--,--,--,--,--,--,--,0.11,USD,--,--,Insertion Fee
2026-03-24T20:52:47.306Z,Other fee,--,--,--,--,--,--,--,--,0.11,USD,--,7411642027,--,--,--,--,FEE-7621660517019_11,--,--,--,--,--,--,--,--,--,--,--,--,--,--,--,0.11,USD,--,--,Insertion Fee
2026-03-24T20:46:45.364Z,Other fee,--,--,--,--,--,--,--,--,0.11,USD,--,7411642027,--,--,--,--,FEE-7621653628719_11,--,--,--,--,--,--,--,--,--,--,--,--,--,--,--,0.11,USD,--,--,Insertion Fee
2026-03-24T20:45:58.979Z,Other fee,--,--,--,--,--,--,--,--,0.11,USD,--,7411642027,--,--,--,--,FEE-7621652442919_11,--,--,--,--,--,--,--,--,--,--,--,--,--,--,--,0.11,USD,--,--,Insertion Fee
2026-03-24T20:44:31.781Z,Other fee,--,--,--,--,--,--,--,--,0.11,USD,--,7411642027,--,--,--,--,FEE-7621651764319_11,--,--,--,--,--,--,--,--,--,--,--,--,--,--,--,0.11,USD,--,--,Insertion Fee
2026-03-24T20:44:30.885Z,Other fee,--,--,--,--,--,--,--,--,0.11,USD,--,7411642027,--,--,--,--,FEE-7621651025219_11,--,--,--,--,--,--,--,--,--,--,--,--,--,--,--,0.11,USD,--,--,Insertion Fee
2026-03-24T20:42:47.149Z,Other fee,--,--,--,--,--,--,--,--,0.11,USD,--,7411642027,--,--,--,--,FEE-7621648039219_11,--,--,--,--,--,--,--,--,--,--,--,--,--,--,--,0.11,USD,--,--,Insertion Fee
2026-03-24T20:42:16.762Z,Other fee,--,--,--,--,--,--,--,--,0.11,USD,--,7411642027,--,--,--,--,FEE-7621646460019_11,--,--,--,--,--,--,--,--,--,--,--,--,--,--,--,0.11,USD,--,--,Insertion Fee
2026-03-24T20:42:12.893Z,Other fee,--,--,--,--,--,--,--,--,0.11,USD,--,7411642027,--,--,--,--,FEE-7621646557319_11,--,--,--,--,--,--,--,--,--,--,--,--,--,--,--,0.11,USD,--,--,Insertion Fee
2026-03-24T20:41:45.425Z,Other fee,--,--,--,--,--,--,--,--,0.11,USD,--,7411642027,--,--,--,--,FEE-7621645267519_11,--,--,--,--,--,--,--,--,--,--,--,--,--,--,--,0.11,USD,--,--,Insertion Fee
2026-03-24T20:39:18.647Z,Other fee,--,--,--,--,--,--,--,--,0.11,USD,--,7411642027,--,--,--,--,FEE-7621641949419_11,--,--,--,--,--,--,--,--,--,--,--,--,--,--,--,0.11,USD,--,--,Insertion Fee
2026-03-24T20:37:37.227Z,Other fee,--,--,--,--,--,--,--,--,0.11,USD,--,7411642027,--,--,--,--,FEE-7621637656019_11,--,--,--,--,--,--,--,--,--,--,--,--,--,--,--,0.11,USD,--,--,Insertion Fee
2026-03-24T20:37:26.870Z,Other fee,--,--,--,--,--,--,--,--,0.11,USD,--,7411642027,--,--,--,--,FEE-7621637534619_11,--,--,--,--,--,--,--,--,--,--,--,--,--,--,--,0.11,USD,--,--,Insertion Fee
2026-03-24T20:37:13.402Z,Other fee,--,--,--,--,--,--,--,--,0.11,USD,--,7411642027,--,--,--,--,FEE-7621635915619_11,--,--,--,--,--,--,--,--,--,--,--,--,--,--,--,0.11,USD,--,--,Insertion Fee
2026-03-24T20:35:46.004Z,Other fee,--,--,--,--,--,--,--,--,0.11,USD,--,7411642027,--,--,--,--,FEE-7621633143319_11,--,--,--,--,--,--,--,--,--,--,--,--,--,--,--,0.11,USD,--,--,Insertion Fee
2026-03-24T20:32:57.852Z,Other fee,--,--,--,--,--,--,--,--,0.11,USD,--,7411642027,--,--,--,--,FEE-7621626971319_11,--,--,--,--,--,--,--,--,--,--,--,--,--,--,--,0.11,USD,--,--,Insertion Fee
2026-03-24T11:27:27.290Z,Other fee,--,--,--,--,--,--,--,--,0.11,USD,--,7411642027,--,--,--,--,FEE-7620471037819_11,--,--,--,--,--,--,--,--,--,--,--,--,--,--,--,0.11,USD,--,--,Insertion Fee
2026-03-24T00:58:43.960Z,Other fee,--,--,--,--,--,--,--,--,0.11,USD,--,7411642027,--,--,--,--,FEE-7619374097719_11,--,--,--,--,--,--,--,--,--,--,--,--,--,--,--,0.11,USD,--,--,Insertion Fee
2026-03-24T00:50:40.152Z,Other fee,--,--,--,--,--,--,--,--,0.11,USD,--,7411642027,--,--,--,--,FEE-7619364361019_11,--,--,--,--,--,--,--,--,--,--,--,--,--,--,--,0.11,USD,--,--,Insertion Fee
2026-03-24T00:48:47.340Z,Other fee,--,--,--,--,--,--,--,--,0.11,USD,--,7411642027,--,--,--,--,FEE-7619358750819_11,--,--,--,--,--,--,--,--,--,--,--,--,--,--,--,0.11,USD,--,--,Insertion Fee
2026-03-24T00:48:04.203Z,Other fee,--,--,--,--,--,--,--,--,0.11,USD,--,7411642027,--,--,--,--,FEE-7619356153719_11,--,--,--,--,--,--,--,--,--,--,--,--,--,--,--,0.11,USD,--,--,Insertion Fee
2026-03-24T00:46:00.709Z,Other fee,--,--,--,--,--,--,--,--,0.11,USD,--,7411642027,--,--,--,--,FEE-7619354247919_11,--,--,--,--,--,--,--,--,--,--,--,--,--,--,--,0.11,USD,--,--,Insertion Fee
2026-03-24T00:41:30.524Z,Other fee,--,--,--,--,--,--,--,--,0.11,USD,--,7411642027,--,--,--,--,FEE-7619348680719_11,--,--,--,--,--,--,--,--,--,--,--,--,--,--,--,0.11,USD,--,--,Insertion Fee
2026-03-24T00:40:39.199Z,Other fee,--,--,--,--,--,--,--,--,0.11,USD,--,7411642027,--,--,--,--,FEE-7619347622419_11,--,--,--,--,--,--,--,--,--,--,--,--,--,--,--,0.11,USD,--,--,Insertion Fee
2026-03-24T00:38:05.053Z,Other fee,--,--,--,--,--,--,--,--,0.11,USD,--,7411642027,--,--,--,--,FEE-7619343059319_11,--,--,--,--,--,--,--,--,--,--,--,--,--,--,--,0.11,USD,--,--,Insertion Fee
2026-03-24T00:34:05.446Z,Other fee,--,--,--,--,--,--,--,--,0.11,USD,--,7411642027,--,--,--,--,FEE-7619338659619_11,--,--,--,--,--,--,--,--,--,--,--,--,--,--,--,0.11,USD,--,--,Insertion Fee
2026-03-24T00:33:45.872Z,Other fee,--,--,--,--,--,--,--,--,0.11,USD,--,7411642027,--,--,--,--,FEE-7619337981119_11,--,--,--,--,--,--,--,--,--,--,--,--,--,--,--,0.11,USD,--,--,Insertion Fee
2026-03-24T00:33:06.099Z,Other fee,--,--,--,--,--,--,--,--,0.11,USD,--,7411642027,--,--,--,--,FEE-7619337170419_11,--,--,--,--,--,--,--,--,--,--,--,--,--,--,--,0.11,USD,--,--,Insertion Fee
2026-03-24T00:32:56.065Z,Other fee,--,--,--,--,--,--,--,--,0.11,USD,--,7411642027,--,--,--,--,FEE-7619336254919_11,--,--,--,--,--,--,--,--,--,--,--,--,--,--,--,0.11,USD,--,--,Insertion Fee
2026-03-24T00:32:54.957Z,Other fee,--,--,--,--,--,--,--,--,0.11,USD,--,7411642027,--,--,--,--,FEE-7619335946319_11,--,--,--,--,--,--,--,--,--,--,--,--,--,--,--,0.11,USD,--,--,Insertion Fee
2026-03-24T00:29:00.090Z,Other fee,--,--,--,--,--,--,--,--,0.11,USD,--,7411642027,--,--,--,--,FEE-7619332268119_11,--,--,--,--,--,--,--,--,--,--,--,--,--,--,--,0.11,USD,--,--,Insertion Fee
2026-03-24T00:28:44.495Z,Other fee,--,--,--,--,--,--,--,--,0.11,USD,--,7411642027,--,--,--,--,FEE-7619331589119_11,--,--,--,--,--,--,--,--,--,--,--,--,--,--,--,0.11,USD,--,--,Insertion Fee
2026-03-24T00:27:54.166Z,Other fee,--,--,--,--,--,--,--,--,0.11,USD,--,7411642027,--,--,--,--,FEE-7619329616419_11,--,--,--,--,--,--,--,--,--,--,--,--,--,--,--,0.11,USD,--,--,Insertion Fee
2026-03-24T00:21:30.857Z,Other fee,--,--,--,--,--,--,--,--,0.11,USD,--,7411642027,--,--,--,--,FEE-7619320019519_11,--,--,--,--,--,--,--,--,--,--,--,--,--,--,--,0.11,USD,--,--,Insertion Fee
2026-03-24T00:19:16.011Z,Other fee,--,--,--,--,--,--,--,--,0.11,USD,--,7411642027,--,--,--,--,FEE-7619313877519_11,--,--,--,--,--,--,--,--,--,--,--,--,--,--,--,0.11,USD,--,--,Insertion Fee
2026-03-24T00:18:04.063Z,Other fee,--,--,--,--,--,--,--,--,0.11,USD,--,7411642027,--,--,--,--,FEE-7619310187519_11,--,--,--,--,--,--,--,--,--,--,--,--,--,--,--,0.11,USD,--,--,Insertion Fee
2026-03-24T00:17:55.494Z,Other fee,--,--,--,--,--,--,--,--,0.11,USD,--,7411642027,--,--,--,--,FEE-7619309228719_11,--,--,--,--,--,--,--,--,--,--,--,--,--,--,--,0.11,USD,--,--,Insertion Fee
2026-03-24T00:16:00.432Z,Other fee,--,--,--,--,--,--,--,--,0.11,USD,--,7411642027,--,--,--,--,FEE-7619307791319_11,--,--,--,--,--,--,--,--,--,--,--,--,--,--,--,0.11,USD,--,--,Insertion Fee
2026-03-24T00:14:50.156Z,Other fee,--,--,--,--,--,--,--,--,0.11,USD,--,7411642027,--,--,--,--,FEE-7619306507719_11,--,--,--,--,--,--,--,--,--,--,--,--,--,--,--,0.11,USD,--,--,Insertion Fee
2026-03-24T00:14:23.121Z,Other fee,--,--,--,--,--,--,--,--,0.11,USD,--,7411642027,--,--,--,--,FEE-7619305779319_11,--,--,--,--,--,--,--,--,--,--,--,--,--,--,--,0.11,USD,--,--,Insertion Fee
2026-03-24T00:14:22.494Z,Other fee,--,--,--,--,--,--,--,--,0.11,USD,--,7411642027,--,--,--,--,FEE-7619306013619_11,--,--,--,--,--,--,--,--,--,--,--,--,--,--,--,0.11,USD,--,--,Insertion Fee
2026-03-24T00:13:40.788Z,Other fee,--,--,--,--,--,--,--,--,0.11,USD,--,7411642027,--,--,--,--,FEE-7619303979519_11,--,--,--,--,--,--,--,--,--,--,--,--,--,--,--,0.11,USD,--,--,Insertion Fee
2026-03-24T00:13:00.073Z,Other fee,--,--,--,--,--,--,--,--,0.11,USD,--,7411642027,--,--,--,--,FEE-7619303242219_11,--,--,--,--,--,--,--,--,--,--,--,--,--,--,--,0.11,USD,--,--,Insertion Fee
2026-03-24T00:12:53.692Z,Other fee,--,--,--,--,--,--,--,--,0.11,USD,--,7411642027,--,--,--,--,FEE-7619302721719_11,--,--,--,--,--,--,--,--,--,--,--,--,--,--,--,0.11,USD,--,--,Insertion Fee
2026-03-24T00:12:01.347Z,Other fee,--,--,--,--,--,--,--,--,0.11,USD,--,7411642027,--,--,--,--,FEE-7619301187219_11,--,--,--,--,--,--,--,--,--,--,--,--,--,--,--,0.11,USD,--,--,Insertion Fee
2026-03-24T00:10:32.524Z,Other fee,--,--,--,--,--,--,--,--,0.11,USD,--,7411642027,--,--,--,--,FEE-7619298590919_11,--,--,--,--,--,--,--,--,--,--,--,--,--,--,--,0.11,USD,--,--,Insertion Fee
2026-03-24T00:02:11.540Z,Other fee,--,--,--,--,--,--,--,--,0.11,USD,--,7411642027,--,--,--,--,FEE-7619289518319_11,--,--,--,--,--,--,--,--,--,--,--,--,--,--,--,0.11,USD,--,--,Insertion Fee
2026-03-24T00:01:47.839Z,Other fee,--,--,--,--,--,--,--,--,0.11,USD,--,7411642027,--,--,--,--,FEE-7619287946119_11,--,--,--,--,--,--,--,--,--,--,--,--,--,--,--,0.11,USD,--,--,Insertion Fee
2026-03-24T00:01:30.261Z,Other fee,--,--,--,--,--,--,--,--,0.11,USD,--,7411642027,--,--,--,--,FEE-7619287303619_11,--,--,--,--,--,--,--,--,--,--,--,--,--,--,--,0.11,USD,--,--,Insertion Fee
2026-03-24T00:01:07.048Z,Other fee,--,--,--,--,--,--,--,--,0.11,USD,--,7411642027,--,--,--,--,FEE-7619287137819_11,--,--,--,--,--,--,--,--,--,--,--,--,--,--,--,0.11,USD,--,--,Insertion Fee
2026-03-23T23:58:44.411Z,Other fee,--,--,--,--,--,--,--,--,0.11,USD,--,7411642027,--,--,--,--,FEE-7619285653419_11,--,--,--,--,--,--,--,--,--,--,--,--,--,--,--,0.11,USD,--,--,Insertion Fee
2026-03-23T23:57:59.931Z,Other fee,--,--,--,--,--,--,--,--,0.11,USD,--,7411642027,--,--,--,--,FEE-7619284713819_11,--,--,--,--,--,--,--,--,--,--,--,--,--,--,--,0.11,USD,--,--,Insertion Fee
2026-03-23T23:57:12.933Z,Other fee,--,--,--,--,--,--,--,--,0.11,USD,--,7411642027,--,--,--,--,FEE-7619283487819_11,--,--,--,--,--,--,--,--,--,--,--,--,--,--,--,0.11,USD,--,--,Insertion Fee
2026-03-23T23:57:09.255Z,Other fee,--,--,--,--,--,--,--,--,0.11,USD,--,7411642027,--,--,--,--,FEE-7619282775619_11,--,--,--,--,--,--,--,--,--,--,--,--,--,--,--,0.11,USD,--,--,Insertion Fee
2026-03-23T23:56:09.539Z,Other fee,--,--,--,--,--,--,--,--,0.11,USD,--,7411642027,--,--,--,--,FEE-7619280672319_11,--,--,--,--,--,--,--,--,--,--,--,--,--,--,--,0.11,USD,--,--,Insertion Fee
2026-03-23T23:54:14.026Z,Other fee,--,--,--,--,--,--,--,--,0.11,USD,--,7411642027,--,--,--,--,FEE-7619279652019_11,--,--,--,--,--,--,--,--,--,--,--,--,--,--,--,0.11,USD,--,--,Insertion Fee
2026-03-23T23:53:36.869Z,Other fee,--,--,--,--,--,--,--,--,0.11,USD,--,7411642027,--,--,--,--,FEE-7619278905019_11,--,--,--,--,--,--,--,--,--,--,--,--,--,--,--,0.11,USD,--,--,Insertion Fee
2026-03-23T23:51:41.208Z,Other fee,--,--,--,--,--,--,--,--,0.11,USD,--,7411642027,--,--,--,--,FEE-7619274322319_11,--,--,--,--,--,--,--,--,--,--,--,--,--,--,--,0.11,USD,--,--,Insertion Fee
2026-03-23T23:51:06.952Z,Other fee,--,--,--,--,--,--,--,--,0.11,USD,--,7411642027,--,--,--,--,FEE-7619272441319_11,--,--,--,--,--,--,--,--,--,--,--,--,--,--,--,0.11,USD,--,--,Insertion Fee
2026-03-23T23:49:20.162Z,Other fee,--,--,--,--,--,--,--,--,0.11,USD,--,7411642027,--,--,--,--,FEE-7619271640319_11,--,--,--,--,--,--,--,--,--,--,--,--,--,--,--,0.11,USD,--,--,Insertion Fee
2026-03-23T23:48:31.878Z,Other fee,--,--,--,--,--,--,--,--,0.11,USD,--,7411642027,--,--,--,--,FEE-7619268151419_11,--,--,--,--,--,--,--,--,--,--,--,--,--,--,--,0.11,USD,--,--,Insertion Fee
2026-03-23T23:46:51.949Z,Other fee,--,--,--,--,--,--,--,--,0.11,USD,--,7411642027,--,--,--,--,FEE-7619262772519_11,--,--,--,--,--,--,--,--,--,--,--,--,--,--,--,0.11,USD,--,--,Insertion Fee
2026-03-23T23:40:30.265Z,Other fee,--,--,--,--,--,--,--,--,0.11,USD,--,7411642027,--,--,--,--,FEE-7619254487219_11,--,--,--,--,--,--,--,--,--,--,--,--,--,--,--,0.11,USD,--,--,Insertion Fee
2026-03-23T23:39:25.577Z,Other fee,--,--,--,--,--,--,--,--,0.11,USD,--,7411642027,--,--,--,--,FEE-7619250933419_11,--,--,--,--,--,--,--,--,--,--,--,--,--,--,--,0.11,USD,--,--,Insertion Fee
2026-03-23T23:39:21.640Z,Other fee,--,--,--,--,--,--,--,--,0.11,USD,--,7411642027,--,--,--,--,FEE-7619250641819_11,--,--,--,--,--,--,--,--,--,--,--,--,--,--,--,0.11,USD,--,--,Insertion Fee
2026-03-23T23:38:06.787Z,Other fee,--,--,--,--,--,--,--,--,0.11,USD,--,7411642027,--,--,--,--,FEE-7619248931719_11,--,--,--,--,--,--,--,--,--,--,--,--,--,--,--,0.11,USD,--,--,Insertion Fee
2026-03-23T23:35:27.931Z,Other fee,--,--,--,--,--,--,--,--,0.11,USD,--,7411642027,--,--,--,--,FEE-7619242055719_11,--,--,--,--,--,--,--,--,--,--,--,--,--,--,--,0.11,USD,--,--,Insertion Fee
2026-03-23T23:32:42.320Z,Other fee,--,--,--,--,--,--,--,--,0.11,USD,--,7411642027,--,--,--,--,FEE-7619235162319_11,--,--,--,--,--,--,--,--,--,--,--,--,--,--,--,0.11,USD,--,--,Insertion Fee
2026-03-23T23:31:42.164Z,Other fee,--,--,--,--,--,--,--,--,0.11,USD,--,7411642027,--,--,--,--,FEE-7619232537119_11,--,--,--,--,--,--,--,--,--,--,--,--,--,--,--,0.11,USD,--,--,Insertion Fee
2026-03-23T23:31:10.095Z,Other fee,--,--,--,--,--,--,--,--,0.11,USD,--,7411642027,--,--,--,--,FEE-7619231875919_11,--,--,--,--,--,--,--,--,--,--,--,--,--,--,--,0.11,USD,--,--,Insertion Fee
2026-03-23T23:29:52.373Z,Other fee,--,--,--,--,--,--,--,--,0.11,USD,--,7407708883,--,--,--,--,FEE-7619230277719_11,--,--,--,--,--,--,--,--,--,--,--,--,--,--,--,0.11,USD,--,--,Insertion Fee
2026-03-23T23:28:52.118Z,Other fee,--,--,--,--,--,--,--,--,0.11,USD,--,7407708883,--,--,--,--,FEE-7619227708619_11,--,--,--,--,--,--,--,--,--,--,--,--,--,--,--,0.11,USD,--,--,Insertion Fee
2026-03-23T23:27:46.006Z,Other fee,--,--,--,--,--,--,--,--,0.11,USD,--,7407708883,--,--,--,--,FEE-7619225281919_11,--,--,--,--,--,--,--,--,--,--,--,--,--,--,--,0.11,USD,--,--,Insertion Fee
2026-03-23T23:21:40.594Z,Other fee,--,--,--,--,--,--,--,--,0.11,USD,--,7407708883,--,--,--,--,FEE-7619218720019_11,--,--,--,--,--,--,--,--,--,--,--,--,--,--,--,0.11,USD,--,--,Insertion Fee
2026-03-23T23:21:05.673Z,Other fee,--,--,--,--,--,--,--,--,0.11,USD,--,7407708883,--,--,--,--,FEE-7619218106919_11,--,--,--,--,--,--,--,--,--,--,--,--,--,--,--,0.11,USD,--,--,Insertion Fee
2026-03-23T23:18:19.413Z,Other fee,--,--,--,--,--,--,--,--,0.11,USD,--,7407708883,--,--,--,--,FEE-7619214820819_11,--,--,--,--,--,--,--,--,--,--,--,--,--,--,--,0.11,USD,--,--,Insertion Fee
2026-03-23T23:16:37.793Z,Other fee,--,--,--,--,--,--,--,--,0.11,USD,--,7407708883,--,--,--,--,FEE-7619211499619_11,--,--,--,--,--,--,--,--,--,--,--,--,--,--,--,0.11,USD,--,--,Insertion Fee
2026-03-23T23:16:07.081Z,Other fee,--,--,--,--,--,--,--,--,0.11,USD,--,7407708883,--,--,--,--,FEE-7619211028519_11,--,--,--,--,--,--,--,--,--,--,--,--,--,--,--,0.11,USD,--,--,Insertion Fee
2026-03-23T23:13:27.757Z,Other fee,--,--,--,--,--,--,--,--,0.11,USD,--,7407708883,--,--,--,--,FEE-7619208067919_11,--,--,--,--,--,--,--,--,--,--,--,--,--,--,--,0.11,USD,--,--,Insertion Fee
2026-03-23T23:13:16.606Z,Other fee,--,--,--,--,--,--,--,--,0.11,USD,--,7407708883,--,--,--,--,FEE-7619206673219_11,--,--,--,--,--,--,--,--,--,--,--,--,--,--,--,0.11,USD,--,--,Insertion Fee
2026-03-23T23:11:40.440Z,Other fee,--,--,--,--,--,--,--,--,0.11,USD,--,7407708883,--,--,--,--,FEE-7619202052719_11,--,--,--,--,--,--,--,--,--,--,--,--,--,--,--,0.11,USD,--,--,Insertion Fee
2026-03-23T23:10:06.123Z,Other fee,--,--,--,--,--,--,--,--,0.11,USD,--,7407708883,--,--,--,--,FEE-7619197601719_11,--,--,--,--,--,--,--,--,--,--,--,--,--,--,--,0.11,USD,--,--,Insertion Fee
2026-03-23T23:08:15.848Z,Other fee,--,--,--,--,--,--,--,--,0.11,USD,--,7407708883,--,--,--,--,FEE-7619194516419_11,--,--,--,--,--,--,--,--,--,--,--,--,--,--,--,0.11,USD,--,--,Insertion Fee
2026-03-23T23:06:40.803Z,Other fee,--,--,--,--,--,--,--,--,0.11,USD,--,7407708883,--,--,--,--,FEE-7619192914919_11,--,--,--,--,--,--,--,--,--,--,--,--,--,--,--,0.11,USD,--,--,Insertion Fee
2026-03-23T23:06:05.154Z,Other fee,--,--,--,--,--,--,--,--,0.11,USD,--,7407708883,--,--,--,--,FEE-7619192146419_11,--,--,--,--,--,--,--,--,--,--,--,--,--,--,--,0.11,USD,--,--,Insertion Fee
2026-03-23T23:03:16.077Z,Other fee,--,--,--,--,--,--,--,--,0.11,USD,--,7407708883,--,--,--,--,FEE-7619187691719_11,--,--,--,--,--,--,--,--,--,--,--,--,--,--,--,0.11,USD,--,--,Insertion Fee
2026-03-23T23:02:19.956Z,Other fee,--,--,--,--,--,--,--,--,0.11,USD,--,7407708883,--,--,--,--,FEE-7619184945719_11,--,--,--,--,--,--,--,--,--,--,--,--,--,--,--,0.11,USD,--,--,Insertion Fee
2026-03-23T23:00:21.854Z,Other fee,--,--,--,--,--,--,--,--,0.11,USD,--,7407708883,--,--,--,--,FEE-7619182726019_11,--,--,--,--,--,--,--,--,--,--,--,--,--,--,--,0.11,USD,--,--,Insertion Fee
2026-03-23T22:59:14.681Z,Other fee,--,--,--,--,--,--,--,--,0.11,USD,--,7407708883,--,--,--,--,FEE-7619181381119_11,--,--,--,--,--,--,--,--,--,--,--,--,--,--,--,0.11,USD,--,--,Insertion Fee
2026-03-23T22:58:58.005Z,Other fee,--,--,--,--,--,--,--,--,0.11,USD,--,7407708883,--,--,--,--,FEE-7619180494319_11,--,--,--,--,--,--,--,--,--,--,--,--,--,--,--,0.11,USD,--,--,Insertion Fee
2026-03-23T22:58:25.262Z,Other fee,--,--,--,--,--,--,--,--,0.11,USD,--,7407708883,--,--,--,--,FEE-7619179931319_11,--,--,--,--,--,--,--,--,--,--,--,--,--,--,--,0.11,USD,--,--,Insertion Fee
2026-03-23T22:53:55.840Z,Other fee,--,--,--,--,--,--,--,--,0.11,USD,--,7407708883,--,--,--,--,FEE-7619172088419_11,--,--,--,--,--,--,--,--,--,--,--,--,--,--,--,0.11,USD,--,--,Insertion Fee
2026-03-23T22:52:30.588Z,Other fee,--,--,--,--,--,--,--,--,0.11,USD,--,7407708883,--,--,--,--,FEE-7619169595719_11,--,--,--,--,--,--,--,--,--,--,--,--,--,--,--,0.11,USD,--,--,Insertion Fee
2026-03-23T22:51:16.358Z,Other fee,--,--,--,--,--,--,--,--,0.11,USD,--,7407708883,--,--,--,--,FEE-7619164637319_11,--,--,--,--,--,--,--,--,--,--,--,--,--,--,--,0.11,USD,--,--,Insertion Fee
2026-03-23T22:50:08.409Z,Other fee,--,--,--,--,--,--,--,--,0.11,USD,--,7407708883,--,--,--,--,FEE-7619162534019_11,--,--,--,--,--,--,--,--,--,--,--,--,--,--,--,0.11,USD,--,--,Insertion Fee
2026-03-23T22:47:09.348Z,Other fee,--,--,--,--,--,--,--,--,0.11,USD,--,7407708883,--,--,--,--,FEE-7619156573519_11,--,--,--,--,--,--,--,--,--,--,--,--,--,--,--,0.11,USD,--,--,Insertion Fee
2026-03-23T22:40:58.738Z,Other fee,--,--,--,--,--,--,--,--,0.11,USD,--,7407708883,--,--,--,--,FEE-7619146046219_11,--,--,--,--,--,--,--,--,--,--,--,--,--,--,--,0.11,USD,--,--,Insertion Fee
2026-03-23T22:40:46.341Z,Other fee,--,--,--,--,--,--,--,--,0.11,USD,--,7407708883,--,--,--,--,FEE-7619145223119_11,--,--,--,--,--,--,--,--,--,--,--,--,--,--,--,0.11,USD,--,--,Insertion Fee
2026-03-23T22:40:10.815Z,Other fee,--,--,--,--,--,--,--,--,0.11,USD,--,7407708883,--,--,--,--,FEE-7619144245919_11,--,--,--,--,--,--,--,--,--,--,--,--,--,--,--,0.11,USD,--,--,Insertion Fee
2026-03-23T22:37:26.530Z,Other fee,--,--,--,--,--,--,--,--,0.11,USD,--,7407708883,--,--,--,--,FEE-7619141345619_11,--,--,--,--,--,--,--,--,--,--,--,--,--,--,--,0.11,USD,--,--,Insertion Fee
2026-03-23T22:36:17.657Z,Other fee,--,--,--,--,--,--,--,--,0.11,USD,--,7407708883,--,--,--,--,FEE-7619138328719_11,--,--,--,--,--,--,--,--,--,--,--,--,--,--,--,0.11,USD,--,--,Insertion Fee
2026-03-23T22:35:08.696Z,Other fee,--,--,--,--,--,--,--,--,0.11,USD,--,7407708883,--,--,--,--,FEE-7619135876119_11,--,--,--,--,--,--,--,--,--,--,--,--,--,--,--,0.11,USD,--,--,Insertion Fee
2026-03-23T22:32:56.747Z,Other fee,--,--,--,--,--,--,--,--,0.11,USD,--,7407708883,--,--,--,--,FEE-7619131687219_11,--,--,--,--,--,--,--,--,--,--,--,--,--,--,--,0.11,USD,--,--,Insertion Fee
2026-03-23T22:28:46.660Z,Other fee,--,--,--,--,--,--,--,--,0.11,USD,--,7407708883,--,--,--,--,FEE-7619126426519_11,--,--,--,--,--,--,--,--,--,--,--,--,--,--,--,0.11,USD,--,--,Insertion Fee
2026-03-23T22:28:03.630Z,Other fee,--,--,--,--,--,--,--,--,0.11,USD,--,7407708883,--,--,--,--,FEE-7619124313219_11,--,--,--,--,--,--,--,--,--,--,--,--,--,--,--,0.11,USD,--,--,Insertion Fee
2026-03-23T22:26:13.338Z,Other fee,--,--,--,--,--,--,--,--,0.11,USD,--,7407708883,--,--,--,--,FEE-7619121996219_11,--,--,--,--,--,--,--,--,--,--,--,--,--,--,--,0.11,USD,--,--,Insertion Fee
2026-03-23T22:25:10.139Z,Other fee,--,--,--,--,--,--,--,--,0.11,USD,--,7407708883,--,--,--,--,FEE-7619119429119_11,--,--,--,--,--,--,--,--,--,--,--,--,--,--,--,0.11,USD,--,--,Insertion Fee
2026-03-23T22:24:00.097Z,Other fee,--,--,--,--,--,--,--,--,0.11,USD,--,7407708883,--,--,--,--,FEE-7619118287719_11,--,--,--,--,--,--,--,--,--,--,--,--,--,--,--,0.11,USD,--,--,Insertion Fee
2026-03-23T22:20:11.579Z,Other fee,--,--,--,--,--,--,--,--,0.11,USD,--,7407708883,--,--,--,--,FEE-7619111934319_11,--,--,--,--,--,--,--,--,--,--,--,--,--,--,--,0.11,USD,--,--,Insertion Fee
2026-03-23T22:18:57.310Z,Other fee,--,--,--,--,--,--,--,--,0.11,USD,--,7407708883,--,--,--,--,FEE-7619109355119_11,--,--,--,--,--,--,--,--,--,--,--,--,--,--,--,0.11,USD,--,--,Insertion Fee
2026-03-23T22:15:39.338Z,Other fee,--,--,--,--,--,--,--,--,0.11,USD,--,7407708883,--,--,--,--,FEE-7619102465319_11,--,--,--,--,--,--,--,--,--,--,--,--,--,--,--,0.11,USD,--,--,Insertion Fee
2026-03-23T22:13:02.992Z,Other fee,--,--,--,--,--,--,--,--,0.11,USD,--,7407708883,--,--,--,--,FEE-7619096062719_11,--,--,--,--,--,--,--,--,--,--,--,--,--,--,--,0.11,USD,--,--,Insertion Fee
2026-03-23T22:10:19.156Z,Other fee,--,--,--,--,--,--,--,--,0.11,USD,--,7407708883,--,--,--,--,FEE-7619085911919_11,--,--,--,--,--,--,--,--,--,--,--,--,--,--,--,0.11,USD,--,--,Insertion Fee
2026-03-23T22:05:35.934Z,Other fee,--,--,--,--,--,--,--,--,0.11,USD,--,7407708883,--,--,--,--,FEE-7619075150619_11,--,--,--,--,--,--,--,--,--,--,--,--,--,--,--,0.11,USD,--,--,Insertion Fee
2026-03-23T22:03:54.601Z,Other fee,--,--,--,--,--,--,--,--,0.11,USD,--,7407708883,--,--,--,--,FEE-7619070433319_11,--,--,--,--,--,--,--,--,--,--,--,--,--,--,--,0.11,USD,--,--,Insertion Fee
2026-03-23T22:03:37.105Z,Other fee,--,--,--,--,--,--,--,--,0.11,USD,--,7407708883,--,--,--,--,FEE-7619069881819_11,--,--,--,--,--,--,--,--,--,--,--,--,--,--,--,0.11,USD,--,--,Insertion Fee
2026-03-23T22:03:18.352Z,Other fee,--,--,--,--,--,--,--,--,0.11,USD,--,7407708883,--,--,--,--,FEE-7619069028619_11,--,--,--,--,--,--,--,--,--,--,--,--,--,--,--,0.11,USD,--,--,Insertion Fee
2026-03-23T22:01:57.834Z,Other fee,--,--,--,--,--,--,--,--,0.11,USD,--,7407708883,--,--,--,--,FEE-7619067653619_11,--,--,--,--,--,--,--,--,--,--,--,--,--,--,--,0.11,USD,--,--,Insertion Fee
2026-03-23T21:56:55.904Z,Other fee,--,--,--,--,--,--,--,--,0.11,USD,--,7407708883,--,--,--,--,FEE-7619059576019_11,--,--,--,--,--,--,--,--,--,--,--,--,--,--,--,0.11,USD,--,--,Insertion Fee
2026-03-23T21:54:32.391Z,Other fee,--,--,--,--,--,--,--,--,0.11,USD,--,7407708883,--,--,--,--,FEE-7619056373119_11,--,--,--,--,--,--,--,--,--,--,--,--,--,--,--,0.11,USD,--,--,Insertion Fee
2026-03-23T21:53:59.616Z,Other fee,--,--,--,--,--,--,--,--,0.11,USD,--,7407708883,--,--,--,--,FEE-7619055700419_11,--,--,--,--,--,--,--,--,--,--,--,--,--,--,--,0.11,USD,--,--,Insertion Fee
2026-03-23T21:53:58.457Z,Other fee,--,--,--,--,--,--,--,--,0.11,USD,--,7407708883,--,--,--,--,FEE-7619055291519_11,--,--,--,--,--,--,--,--,--,--,--,--,--,--,--,0.11,USD,--,--,Insertion Fee
2026-03-23T21:52:45.330Z,Other fee,--,--,--,--,--,--,--,--,0.11,USD,--,7407708883,--,--,--,--,FEE-7619053210819_11,--,--,--,--,--,--,--,--,--,--,--,--,--,--,--,0.11,USD,--,--,Insertion Fee
2026-03-23T21:51:59.324Z,Other fee,--,--,--,--,--,--,--,--,0.11,USD,--,7407708883,--,--,--,--,FEE-7619052259919_11,--,--,--,--,--,--,--,--,--,--,--,--,--,--,--,0.11,USD,--,--,Insertion Fee
2026-03-23T21:46:59.713Z,Other fee,--,--,--,--,--,--,--,--,0.11,USD,--,7407708883,--,--,--,--,FEE-7619045994419_11,--,--,--,--,--,--,--,--,--,--,--,--,--,--,--,0.11,USD,--,--,Insertion Fee
2026-03-23T21:45:21.353Z,Other fee,--,--,--,--,--,--,--,--,0.11,USD,--,7407708883,--,--,--,--,FEE-7619043522019_11,--,--,--,--,--,--,--,--,--,--,--,--,--,--,--,0.11,USD,--,--,Insertion Fee
2026-03-23T21:45:16.686Z,Other fee,--,--,--,--,--,--,--,--,0.11,USD,--,7407708883,--,--,--,--,FEE-7619043432519_11,--,--,--,--,--,--,--,--,--,--,--,--,--,--,--,0.11,USD,--,--,Insertion Fee
2026-03-23T21:44:20.179Z,Other fee,--,--,--,--,--,--,--,--,0.11,USD,--,7407708883,--,--,--,--,FEE-7619042900919_11,--,--,--,--,--,--,--,--,--,--,--,--,--,--,--,0.11,USD,--,--,Insertion Fee
2026-03-23T21:43:52.866Z,Other fee,--,--,--,--,--,--,--,--,0.11,USD,--,7407708883,--,--,--,--,FEE-7619042030619_11,--,--,--,--,--,--,--,--,--,--,--,--,--,--,--,0.11,USD,--,--,Insertion Fee
2026-03-23T21:41:45.625Z,Other fee,--,--,--,--,--,--,--,--,0.11,USD,--,7407708883,--,--,--,--,FEE-7619038546219_11,--,--,--,--,--,--,--,--,--,--,--,--,--,--,--,0.11,USD,--,--,Insertion Fee
2026-03-23T21:41:31.456Z,Other fee,--,--,--,--,--,--,--,--,0.11,USD,--,7407708883,--,--,--,--,FEE-7619038053419_11,--,--,--,--,--,--,--,--,--,--,--,--,--,--,--,0.11,USD,--,--,Insertion Fee
2026-03-23T21:34:51.289Z,Other fee,--,--,--,--,--,--,--,--,0.11,USD,--,7407708883,--,--,--,--,FEE-7619027199119_11,--,--,--,--,--,--,--,--,--,--,--,--,--,--,--,0.11,USD,--,--,Insertion Fee
2026-03-23T21:33:34.386Z,Other fee,--,--,--,--,--,--,--,--,0.11,USD,--,7407708883,--,--,--,--,FEE-7619018663519_11,--,--,--,--,--,--,--,--,--,--,--,--,--,--,--,0.11,USD,--,--,Insertion Fee
2026-03-23T21:28:31.809Z,Other fee,--,--,--,--,--,--,--,--,0.11,USD,--,7407708883,--,--,--,--,FEE-7619011104019_11,--,--,--,--,--,--,--,--,--,--,--,--,--,--,--,0.11,USD,--,--,Insertion Fee
2026-03-23T21:26:56.783Z,Other fee,--,--,--,--,--,--,--,--,0.11,USD,--,7407708883,--,--,--,--,FEE-7619009311119_11,--,--,--,--,--,--,--,--,--,--,--,--,--,--,--,0.11,USD,--,--,Insertion Fee
2026-03-23T21:24:09.353Z,Other fee,--,--,--,--,--,--,--,--,0.11,USD,--,7407708883,--,--,--,--,FEE-7619000179719_11,--,--,--,--,--,--,--,--,--,--,--,--,--,--,--,0.11,USD,--,--,Insertion Fee
2026-03-23T21:23:15.353Z,Other fee,--,--,--,--,--,--,--,--,0.11,USD,--,7407708883,--,--,--,--,FEE-7618998783019_11,--,--,--,--,--,--,--,--,--,--,--,--,--,--,--,0.11,USD,--,--,Insertion Fee
2026-03-23T21:22:48.819Z,Other fee,--,--,--,--,--,--,--,--,0.11,USD,--,7407708883,--,--,--,--,FEE-7618997996619_11,--,--,--,--,--,--,--,--,--,--,--,--,--,--,--,0.11,USD,--,--,Insertion Fee
2026-03-23T20:34:23.368Z,Other fee,--,--,--,--,--,--,--,--,0.11,USD,--,7407708883,--,--,--,--,FEE-7618897230719_11,--,--,--,--,--,--,--,--,--,--,--,--,--,--,--,0.11,USD,--,--,Insertion Fee
2026-03-23T20:33:41.934Z,Other fee,--,--,--,--,--,--,--,--,0.11,USD,--,7407708883,--,--,--,--,FEE-7618895315419_11,--,--,--,--,--,--,--,--,--,--,--,--,--,--,--,0.11,USD,--,--,Insertion Fee
2026-03-23T20:31:41.710Z,Other fee,--,--,--,--,--,--,--,--,0.11,USD,--,7407708883,--,--,--,--,FEE-7618892749119_11,--,--,--,--,--,--,--,--,--,--,--,--,--,--,--,0.11,USD,--,--,Insertion Fee
2026-03-23T20:31:08.319Z,Other fee,--,--,--,--,--,--,--,--,0.11,USD,--,7407708883,--,--,--,--,FEE-7618891560019_11,--,--,--,--,--,--,--,--,--,--,--,--,--,--,--,0.11,USD,--,--,Insertion Fee
2026-03-23T20:30:02.918Z,Other fee,--,--,--,--,--,--,--,--,0.11,USD,--,7407708883,--,--,--,--,FEE-7618889804119_11,--,--,--,--,--,--,--,--,--,--,--,--,--,--,--,0.11,USD,--,--,Insertion Fee
2026-03-23T20:25:48.730Z,Other fee,--,--,--,--,--,--,--,--,0.11,USD,--,7407708883,--,--,--,--,FEE-7618882072919_11,--,--,--,--,--,--,--,--,--,--,--,--,--,--,--,0.11,USD,--,--,Insertion Fee
2026-03-23T20:25:29.981Z,Other fee,--,--,--,--,--,--,--,--,0.11,USD,--,7407708883,--,--,--,--,FEE-7618881155619_11,--,--,--,--,--,--,--,--,--,--,--,--,--,--,--,0.11,USD,--,--,Insertion Fee
2026-03-23T20:25:01.678Z,Other fee,--,--,--,--,--,--,--,--,0.11,USD,--,7407708883,--,--,--,--,FEE-7618880098319_11,--,--,--,--,--,--,--,--,--,--,--,--,--,--,--,0.11,USD,--,--,Insertion Fee
2026-03-23T20:24:45.971Z,Other fee,--,--,--,--,--,--,--,--,0.11,USD,--,7407708883,--,--,--,--,FEE-7618879357419_11,--,--,--,--,--,--,--,--,--,--,--,--,--,--,--,0.11,USD,--,--,Insertion Fee
2026-03-23T20:24:33.190Z,Other fee,--,--,--,--,--,--,--,--,0.11,USD,--,7407708883,--,--,--,--,FEE-7618878161019_11,--,--,--,--,--,--,--,--,--,--,--,--,--,--,--,0.11,USD,--,--,Insertion Fee
2026-03-23T20:24:24.597Z,Other fee,--,--,--,--,--,--,--,--,0.11,USD,--,7407708883,--,--,--,--,FEE-7618877623919_11,--,--,--,--,--,--,--,--,--,--,--,--,--,--,--,0.11,USD,--,--,Insertion Fee
2026-03-23T20:23:25.587Z,Other fee,--,--,--,--,--,--,--,--,0.11,USD,--,7407708883,--,--,--,--,FEE-7618875229619_11,--,--,--,--,--,--,--,--,--,--,--,--,--,--,--,0.11,USD,--,--,Insertion Fee
2026-03-23T20:22:29.686Z,Other fee,--,--,--,--,--,--,--,--,0.11,USD,--,7407708883,--,--,--,--,FEE-7618874628519_11,--,--,--,--,--,--,--,--,--,--,--,--,--,--,--,0.11,USD,--,--,Insertion Fee
2026-03-23T20:21:50.128Z,Other fee,--,--,--,--,--,--,--,--,0.11,USD,--,7407708883,--,--,--,--,FEE-7618874002019_11,--,--,--,--,--,--,--,--,--,--,--,--,--,--,--,0.11,USD,--,--,Insertion Fee
2026-03-23T20:21:28.500Z,Other fee,--,--,--,--,--,--,--,--,0.11,USD,--,7407708883,--,--,--,--,FEE-7618871767819_11,--,--,--,--,--,--,--,--,--,--,--,--,--,--,--,0.11,USD,--,--,Insertion Fee
2026-03-23T20:21:25.835Z,Other fee,--,--,--,--,--,--,--,--,0.11,USD,--,7407708883,--,--,--,--,FEE-7618870858219_11,--,--,--,--,--,--,--,--,--,--,--,--,--,--,--,0.11,USD,--,--,Insertion Fee
2026-03-23T20:21:24.280Z,Other fee,--,--,--,--,--,--,--,--,0.11,USD,--,7407708883,--,--,--,--,FEE-7618871263919_11,--,--,--,--,--,--,--,--,--,--,--,--,--,--,--,0.11,USD,--,--,Insertion Fee
2026-03-23T20:20:01.083Z,Other fee,--,--,--,--,--,--,--,--,0.11,USD,--,7407708883,--,--,--,--,FEE-7618869327719_11,--,--,--,--,--,--,--,--,--,--,--,--,--,--,--,0.11,USD,--,--,Insertion Fee
2026-03-23T20:19:04.045Z,Other fee,--,--,--,--,--,--,--,--,0.11,USD,--,7407708883,--,--,--,--,FEE-7618867438019_11,--,--,--,--,--,--,--,--,--,--,--,--,--,--,--,0.11,USD,--,--,Insertion Fee
2026-03-23T20:18:00.000Z,Other fee,--,--,--,--,--,--,--,--,0.11,USD,--,7407708883,--,--,--,--,FEE-7618865888219_11,--,--,--,--,--,--,--,--,--,--,--,--,--,--,--,0.11,USD,--,--,Insertion Fee
2026-03-23T20:16:44.707Z,Other fee,--,--,--,--,--,--,--,--,0.11,USD,--,7407708883,--,--,--,--,FEE-7618862349819_11,--,--,--,--,--,--,--,--,--,--,--,--,--,--,--,0.11,USD,--,--,Insertion Fee
2026-03-23T20:16:26.486Z,Other fee,--,--,--,--,--,--,--,--,0.11,USD,--,7407708883,--,--,--,--,FEE-7618861261519_11,--,--,--,--,--,--,--,--,--,--,--,--,--,--,--,0.11,USD,--,--,Insertion Fee
2026-03-23T20:14:58.278Z,Other fee,--,--,--,--,--,--,--,--,0.11,USD,--,7407708883,--,--,--,--,FEE-7618860372919_11,--,--,--,--,--,--,--,--,--,--,--,--,--,--,--,0.11,USD,--,--,Insertion Fee
2026-03-23T20:14:58.202Z,Other fee,--,--,--,--,--,--,--,--,0.11,USD,--,7407708883,--,--,--,--,FEE-7618859784219_11,--,--,--,--,--,--,--,--,--,--,--,--,--,--,--,0.11,USD,--,--,Insertion Fee
2026-03-23T20:14:44.919Z,Other fee,--,--,--,--,--,--,--,--,0.11,USD,--,7407708883,--,--,--,--,FEE-7618859219519_11,--,--,--,--,--,--,--,--,--,--,--,--,--,--,--,0.11,USD,--,--,Insertion Fee
2026-03-23T20:14:39.597Z,Other fee,--,--,--,--,--,--,--,--,0.11,USD,--,7407708883,--,--,--,--,FEE-7618858885819_11,--,--,--,--,--,--,--,--,--,--,--,--,--,--,--,0.11,USD,--,--,Insertion Fee
2026-03-23T20:14:21.863Z,Other fee,--,--,--,--,--,--,--,--,0.11,USD,--,7407708883,--,--,--,--,FEE-7618858522819_11,--,--,--,--,--,--,--,--,--,--,--,--,--,--,--,0.11,USD,--,--,Insertion Fee
2026-03-23T20:13:57.301Z,Other fee,--,--,--,--,--,--,--,--,0.11,USD,--,7407708883,--,--,--,--,FEE-7618857263919_11,--,--,--,--,--,--,--,--,--,--,--,--,--,--,--,0.11,USD,--,--,Insertion Fee
2026-03-23T20:13:34.846Z,Other fee,--,--,--,--,--,--,--,--,0.11,USD,--,7407708883,--,--,--,--,FEE-7618856402519_11,--,--,--,--,--,--,--,--,--,--,--,--,--,--,--,0.11,USD,--,--,Insertion Fee
2026-03-23T20:12:52.872Z,Other fee,--,--,--,--,--,--,--,--,0.11,USD,--,7407708883,--,--,--,--,FEE-7618856091019_11,--,--,--,--,--,--,--,--,--,--,--,--,--,--,--,0.11,USD,--,--,Insertion Fee
2026-03-23T20:12:52.724Z,Other fee,--,--,--,--,--,--,--,--,0.11,USD,--,7407708883,--,--,--,--,FEE-7618855297419_11,--,--,--,--,--,--,--,--,--,--,--,--,--,--,--,0.11,USD,--,--,Insertion Fee
2026-03-23T20:12:33.456Z,Other fee,--,--,--,--,--,--,--,--,0.11,USD,--,7407708883,--,--,--,--,FEE-7618853979819_11,--,--,--,--,--,--,--,--,--,--,--,--,--,--,--,0.11,USD,--,--,Insertion Fee
2026-03-23T20:11:46.785Z,Other fee,--,--,--,--,--,--,--,--,0.11,USD,--,7407708883,--,--,--,--,FEE-7618852816119_11,--,--,--,--,--,--,--,--,--,--,--,--,--,--,--,0.11,USD,--,--,Insertion Fee
2026-03-23T20:11:18.147Z,Other fee,--,--,--,--,--,--,--,--,0.11,USD,--,7407708883,--,--,--,--,FEE-7618851859819_11,--,--,--,--,--,--,--,--,--,--,--,--,--,--,--,0.11,USD,--,--,Insertion Fee
2026-03-23T20:10:38.053Z,Other fee,--,--,--,--,--,--,--,--,0.11,USD,--,7407708883,--,--,--,--,FEE-7618850926119_11,--,--,--,--,--,--,--,--,--,--,--,--,--,--,--,0.11,USD,--,--,Insertion Fee
2026-03-23T20:10:11.193Z,Other fee,--,--,--,--,--,--,--,--,0.11,USD,--,7407708883,--,--,--,--,FEE-7618848660319_11,--,--,--,--,--,--,--,--,--,--,--,--,--,--,--,0.11,USD,--,--,Insertion Fee
2026-03-23T20:03:58.236Z,Other fee,--,--,--,--,--,--,--,--,0.11,USD,--,7407708883,--,--,--,--,FEE-7618829810419_11,--,--,--,--,--,--,--,--,--,--,--,--,--,--,--,0.11,USD,--,--,Insertion Fee
2026-03-23T19:59:16.693Z,Other fee,--,--,--,--,--,--,--,--,0.11,USD,--,7407708883,--,--,--,--,FEE-7618823364419_11,--,--,--,--,--,--,--,--,--,--,--,--,--,--,--,0.11,USD,--,--,Insertion Fee
2026-03-23T19:40:15.786Z,Other fee,--,--,--,--,--,--,--,--,0.11,USD,--,7407708883,--,--,--,--,FEE-7618780025619_11,--,--,--,--,--,--,--,--,--,--,--,--,--,--,--,0.11,USD,--,--,Insertion Fee
2026-03-23T19:38:32.834Z,Other fee,--,--,--,--,--,--,--,--,0.11,USD,--,7407708883,--,--,--,--,FEE-7618776156019_11,--,--,--,--,--,--,--,--,--,--,--,--,--,--,--,0.11,USD,--,--,Insertion Fee
2026-03-23T19:38:05.474Z,Other fee,--,--,--,--,--,--,--,--,0.11,USD,--,7407708883,--,--,--,--,FEE-7618774717519_11,--,--,--,--,--,--,--,--,--,--,--,--,--,--,--,0.11,USD,--,--,Insertion Fee
2026-03-23T19:37:48.688Z,Other fee,--,--,--,--,--,--,--,--,0.11,USD,--,7407708883,--,--,--,--,FEE-7618774259819_11,--,--,--,--,--,--,--,--,--,--,--,--,--,--,--,0.11,USD,--,--,Insertion Fee
2026-03-23T19:34:35.893Z,Other fee,--,--,--,--,--,--,--,--,0.11,USD,--,7407708883,--,--,--,--,FEE-7618737140119_11,--,--,--,--,--,--,--,--,--,--,--,--,--,--,--,0.11,USD,--,--,Insertion Fee
2026-03-23T19:28:23.083Z,Other fee,--,--,--,--,--,--,--,--,0.11,USD,--,7407708883,--,--,--,--,FEE-7618757823119_11,--,--,--,--,--,--,--,--,--,--,--,--,--,--,--,0.11,USD,--,--,Insertion Fee
2026-03-23T19:26:54.800Z,Other fee,--,--,--,--,--,--,--,--,0.11,USD,--,7407708883,--,--,--,--,FEE-7618756085819_11,--,--,--,--,--,--,--,--,--,--,--,--,--,--,--,0.11,USD,--,--,Insertion Fee
2026-03-23T19:26:21.696Z,Other fee,--,--,--,--,--,--,--,--,0.11,USD,--,7407708883,--,--,--,--,FEE-7618755063519_11,--,--,--,--,--,--,--,--,--,--,--,--,--,--,--,0.11,USD,--,--,Insertion Fee
2026-03-23T19:25:33.614Z,Other fee,--,--,--,--,--,--,--,--,0.11,USD,--,7407708883,--,--,--,--,FEE-7618752033119_11,--,--,--,--,--,--,--,--,--,--,--,--,--,--,--,0.11,USD,--,--,Insertion Fee
2026-03-23T19:24:36.153Z,Other fee,--,--,--,--,--,--,--,--,0.11,USD,--,7407708883,--,--,--,--,FEE-7618750076819_11,--,--,--,--,--,--,--,--,--,--,--,--,--,--,--,0.11,USD,--,--,Insertion Fee
2026-03-23T19:24:22.367Z,Other fee,--,--,--,--,--,--,--,--,0.11,USD,--,7407708883,--,--,--,--,FEE-7618749048819_11,--,--,--,--,--,--,--,--,--,--,--,--,--,--,--,0.11,USD,--,--,Insertion Fee
2026-03-23T19:23:06.256Z,Other fee,--,--,--,--,--,--,--,--,0.11,USD,--,7407708883,--,--,--,--,FEE-7618744568319_11,--,--,--,--,--,--,--,--,--,--,--,--,--,--,--,0.11,USD,--,--,Insertion Fee
2026-03-23T19:18:26.123Z,Other fee,--,--,--,--,--,--,--,--,0.11,USD,--,7407708883,--,--,--,--,FEE-7618735041319_11,--,--,--,--,--,--,--,--,--,--,--,--,--,--,--,0.11,USD,--,--,Insertion Fee
2026-03-23T19:18:11.273Z,Other fee,--,--,--,--,--,--,--,--,0.11,USD,--,7407708883,--,--,--,--,FEE-7618734536819_11,--,--,--,--,--,--,--,--,--,--,--,--,--,--,--,0.11,USD,--,--,Insertion Fee
2026-03-23T19:17:56.316Z,Other fee,--,--,--,--,--,--,--,--,0.11,USD,--,7407708883,--,--,--,--,FEE-7618733656919_11,--,--,--,--,--,--,--,--,--,--,--,--,--,--,--,0.11,USD,--,--,Insertion Fee
2026-03-23T19:17:52.640Z,Other fee,--,--,--,--,--,--,--,--,0.11,USD,--,7407708883,--,--,--,--,FEE-7618733617819_11,--,--,--,--,--,--,--,--,--,--,--,--,--,--,--,0.11,USD,--,--,Insertion Fee
2026-03-23T19:17:19.872Z,Other fee,--,--,--,--,--,--,--,--,0.11,USD,--,7407708883,--,--,--,--,FEE-7618732535419_11,--,--,--,--,--,--,--,--,--,--,--,--,--,--,--,0.11,USD,--,--,Insertion Fee
2026-03-23T19:15:21.698Z,Other fee,--,--,--,--,--,--,--,--,0.11,USD,--,7407708883,--,--,--,--,FEE-7618728314719_11,--,--,--,--,--,--,--,--,--,--,--,--,--,--,--,0.11,USD,--,--,Insertion Fee
2026-03-23T19:14:49.962Z,Other fee,--,--,--,--,--,--,--,--,0.11,USD,--,7407708883,--,--,--,--,FEE-7618726785419_11,--,--,--,--,--,--,--,--,--,--,--,--,--,--,--,0.11,USD,--,--,Insertion Fee
2026-03-23T19:14:48.122Z,Other fee,--,--,--,--,--,--,--,--,0.11,USD,--,7407708883,--,--,--,--,FEE-7618727179119_11,--,--,--,--,--,--,--,--,--,--,--,--,--,--,--,0.11,USD,--,--,Insertion Fee
2026-03-23T19:14:32.673Z,Other fee,--,--,--,--,--,--,--,--,0.11,USD,--,7407708883,--,--,--,--,FEE-7618726152719_11,--,--,--,--,--,--,--,--,--,--,--,--,--,--,--,0.11,USD,--,--,Insertion Fee
2026-03-23T19:13:24.588Z,Other fee,--,--,--,--,--,--,--,--,0.11,USD,--,7407708883,--,--,--,--,FEE-7618724836819_11,--,--,--,--,--,--,--,--,--,--,--,--,--,--,--,0.11,USD,--,--,Insertion Fee
2026-03-23T19:13:15.869Z,Other fee,--,--,--,--,--,--,--,--,0.11,USD,--,7407708883,--,--,--,--,FEE-7618724868319_11,--,--,--,--,--,--,--,--,--,--,--,--,--,--,--,0.11,USD,--,--,Insertion Fee
2026-03-23T19:12:50.199Z,Other fee,--,--,--,--,--,--,--,--,0.11,USD,--,7407708883,--,--,--,--,FEE-7618723589519_11,--,--,--,--,--,--,--,--,--,--,--,--,--,--,--,0.11,USD,--,--,Insertion Fee
2026-03-23T19:12:48.046Z,Other fee,--,--,--,--,--,--,--,--,0.11,USD,--,7407708883,--,--,--,--,FEE-7618723181719_11,--,--,--,--,--,--,--,--,--,--,--,--,--,--,--,0.11,USD,--,--,Insertion Fee
2026-03-23T19:12:02.197Z,Other fee,--,--,--,--,--,--,--,--,0.11,USD,--,7407708883,--,--,--,--,FEE-7618721710219_11,--,--,--,--,--,--,--,--,--,--,--,--,--,--,--,0.11,USD,--,--,Insertion Fee
2026-03-23T19:11:38.776Z,Other fee,--,--,--,--,--,--,--,--,0.11,USD,--,7407708883,--,--,--,--,FEE-7618720916519_11,--,--,--,--,--,--,--,--,--,--,--,--,--,--,--,0.11,USD,--,--,Insertion Fee
2026-03-23T19:11:34.220Z,Other fee,--,--,--,--,--,--,--,--,0.11,USD,--,7407708883,--,--,--,--,FEE-7618720183519_11,--,--,--,--,--,--,--,--,--,--,--,--,--,--,--,0.11,USD,--,--,Insertion Fee
2026-03-23T19:10:06.036Z,Other fee,--,--,--,--,--,--,--,--,0.11,USD,--,7407708883,--,--,--,--,FEE-7618717169719_11,--,--,--,--,--,--,--,--,--,--,--,--,--,--,--,0.11,USD,--,--,Insertion Fee
2026-03-23T19:10:02.659Z,Other fee,--,--,--,--,--,--,--,--,0.11,USD,--,7407708883,--,--,--,--,FEE-7618718215019_11,--,--,--,--,--,--,--,--,--,--,--,--,--,--,--,0.11,USD,--,--,Insertion Fee
2026-03-23T19:08:52.076Z,Other fee,--,--,--,--,--,--,--,--,0.11,USD,--,7407708883,--,--,--,--,FEE-7618714240919_11,--,--,--,--,--,--,--,--,--,--,--,--,--,--,--,0.11,USD,--,--,Insertion Fee
2026-03-23T19:05:25.104Z,Other fee,--,--,--,--,--,--,--,--,0.11,USD,--,7407708883,--,--,--,--,FEE-7618709355119_11,--,--,--,--,--,--,--,--,--,--,--,--,--,--,--,0.11,USD,--,--,Insertion Fee
2026-03-23T19:05:19.809Z,Other fee,--,--,--,--,--,--,--,--,0.11,USD,--,7407708883,--,--,--,--,FEE-7618708754419_11,--,--,--,--,--,--,--,--,--,--,--,--,--,--,--,0.11,USD,--,--,Insertion Fee
2026-03-23T19:03:16.263Z,Other fee,--,--,--,--,--,--,--,--,0.11,USD,--,7407708883,--,--,--,--,FEE-7618703870219_11,--,--,--,--,--,--,--,--,--,--,--,--,--,--,--,0.11,USD,--,--,Insertion Fee
2026-03-23T19:02:58.863Z,Other fee,--,--,--,--,--,--,--,--,0.11,USD,--,7407708883,--,--,--,--,FEE-7618702684219_11,--,--,--,--,--,--,--,--,--,--,--,--,--,--,--,0.11,USD,--,--,Insertion Fee
2026-03-23T19:01:00.516Z,Other fee,--,--,--,--,--,--,--,--,0.11,USD,--,7407708883,--,--,--,--,FEE-7618699586719_11,--,--,--,--,--,--,--,--,--,--,--,--,--,--,--,0.11,USD,--,--,Insertion Fee
2026-03-23T19:00:39.281Z,Other fee,--,--,--,--,--,--,--,--,0.11,USD,--,7407708883,--,--,--,--,FEE-7618699677419_11,--,--,--,--,--,--,--,--,--,--,--,--,--,--,--,0.11,USD,--,--,Insertion Fee
2026-03-23T19:00:03.890Z,Other fee,--,--,--,--,--,--,--,--,0.11,USD,--,7407708883,--,--,--,--,FEE-7618697822019_11,--,--,--,--,--,--,--,--,--,--,--,--,--,--,--,0.11,USD,--,--,Insertion Fee
2026-03-23T18:59:13.500Z,Other fee,--,--,--,--,--,--,--,--,0.11,USD,--,7407708883,--,--,--,--,FEE-7618696177719_11,--,--,--,--,--,--,--,--,--,--,--,--,--,--,--,0.11,USD,--,--,Insertion Fee
2026-03-23T18:58:57.906Z,Other fee,--,--,--,--,--,--,--,--,0.11,USD,--,7407708883,--,--,--,--,FEE-7618695626819_11,--,--,--,--,--,--,--,--,--,--,--,--,--,--,--,0.11,USD,--,--,Insertion Fee
2026-03-23T18:58:52.042Z,Other fee,--,--,--,--,--,--,--,--,0.11,USD,--,7407708883,--,--,--,--,FEE-7618694966719_11,--,--,--,--,--,--,--,--,--,--,--,--,--,--,--,0.11,USD,--,--,Insertion Fee
2026-03-23T18:55:19.733Z,Other fee,--,--,--,--,--,--,--,--,0.11,USD,--,7407708883,--,--,--,--,FEE-7618688447219_11,--,--,--,--,--,--,--,--,--,--,--,--,--,--,--,0.11,USD,--,--,Insertion Fee
2026-03-23T18:54:57.843Z,Other fee,--,--,--,--,--,--,--,--,0.11,USD,--,7407708883,--,--,--,--,FEE-7618686865419_11,--,--,--,--,--,--,--,--,--,--,--,--,--,--,--,0.11,USD,--,--,Insertion Fee
2026-03-23T18:54:41.020Z,Other fee,--,--,--,--,--,--,--,--,0.11,USD,--,7407708883,--,--,--,--,FEE-7618685690419_11,--,--,--,--,--,--,--,--,--,--,--,--,--,--,--,0.11,USD,--,--,Insertion Fee
2026-03-23T18:54:01.501Z,Other fee,--,--,--,--,--,--,--,--,0.11,USD,--,7407708883,--,--,--,--,FEE-7618684911019_11,--,--,--,--,--,--,--,--,--,--,--,--,--,--,--,0.11,USD,--,--,Insertion Fee
2026-03-23T18:52:46.515Z,Other fee,--,--,--,--,--,--,--,--,0.11,USD,--,7407708883,--,--,--,--,FEE-7618679246219_11,--,--,--,--,--,--,--,--,--,--,--,--,--,--,--,0.11,USD,--,--,Insertion Fee
2026-03-23T18:52:39.604Z,Other fee,--,--,--,--,--,--,--,--,0.11,USD,--,7407708883,--,--,--,--,FEE-7618681855219_11,--,--,--,--,--,--,--,--,--,--,--,--,--,--,--,0.11,USD,--,--,Insertion Fee
2026-03-23T18:52:03.292Z,Other fee,--,--,--,--,--,--,--,--,0.11,USD,--,7407708883,--,--,--,--,FEE-7618679661119_11,--,--,--,--,--,--,--,--,--,--,--,--,--,--,--,0.11,USD,--,--,Insertion Fee
2026-03-23T18:48:50.610Z,Other fee,--,--,--,--,--,--,--,--,0.11,USD,--,7407708883,--,--,--,--,FEE-7618672075719_11,--,--,--,--,--,--,--,--,--,--,--,--,--,--,--,0.11,USD,--,--,Insertion Fee
2026-03-23T18:48:42.407Z,Other fee,--,--,--,--,--,--,--,--,0.11,USD,--,7407708883,--,--,--,--,FEE-7618671465719_11,--,--,--,--,--,--,--,--,--,--,--,--,--,--,--,0.11,USD,--,--,Insertion Fee
2026-03-23T18:46:45.538Z,Other fee,--,--,--,--,--,--,--,--,0.11,USD,--,7407708883,--,--,--,--,FEE-7618665623819_11,--,--,--,--,--,--,--,--,--,--,--,--,--,--,--,0.11,USD,--,--,Insertion Fee
2026-03-23T18:45:43.082Z,Other fee,--,--,--,--,--,--,--,--,0.11,USD,--,7407708883,--,--,--,--,FEE-7618663874319_11,--,--,--,--,--,--,--,--,--,--,--,--,--,--,--,0.11,USD,--,--,Insertion Fee
2026-03-23T18:44:17.608Z,Other fee,--,--,--,--,--,--,--,--,0.11,USD,--,7407708883,--,--,--,--,FEE-7618659744119_11,--,--,--,--,--,--,--,--,--,--,--,--,--,--,--,0.11,USD,--,--,Insertion Fee
2026-03-23T18:44:17.047Z,Other fee,--,--,--,--,--,--,--,--,0.11,USD,--,7407708883,--,--,--,--,FEE-7618660041919_11,--,--,--,--,--,--,--,--,--,--,--,--,--,--,--,0.11,USD,--,--,Insertion Fee
2026-03-23T18:44:10.426Z,Other fee,--,--,--,--,--,--,--,--,0.11,USD,--,7407708883,--,--,--,--,FEE-7618658872119_11,--,--,--,--,--,--,--,--,--,--,--,--,--,--,--,0.11,USD,--,--,Insertion Fee
2026-03-23T18:43:33.100Z,Other fee,--,--,--,--,--,--,--,--,0.11,USD,--,7407708883,--,--,--,--,FEE-7618657622819_11,--,--,--,--,--,--,--,--,--,--,--,--,--,--,--,0.11,USD,--,--,Insertion Fee
2026-03-23T18:43:09.373Z,Other fee,--,--,--,--,--,--,--,--,0.11,USD,--,7407708883,--,--,--,--,FEE-7618656795619_11,--,--,--,--,--,--,--,--,--,--,--,--,--,--,--,0.11,USD,--,--,Insertion Fee
2026-03-23T18:42:03.812Z,Other fee,--,--,--,--,--,--,--,--,0.11,USD,--,7407708883,--,--,--,--,FEE-7618654784019_11,--,--,--,--,--,--,--,--,--,--,--,--,--,--,--,0.11,USD,--,--,Insertion Fee
2026-03-23T18:38:25.523Z,Other fee,--,--,--,--,--,--,--,--,0.11,USD,--,7407708883,--,--,--,--,FEE-7618647344019_11,--,--,--,--,--,--,--,--,--,--,--,--,--,--,--,0.11,USD,--,--,Insertion Fee
2026-03-23T18:38:22.087Z,Other fee,--,--,--,--,--,--,--,--,0.11,USD,--,7407708883,--,--,--,--,FEE-7618647806219_11,--,--,--,--,--,--,--,--,--,--,--,--,--,--,--,0.11,USD,--,--,Insertion Fee
2026-03-23T18:37:34.850Z,Other fee,--,--,--,--,--,--,--,--,0.11,USD,--,7407708883,--,--,--,--,FEE-7618643741419_11,--,--,--,--,--,--,--,--,--,--,--,--,--,--,--,0.11,USD,--,--,Insertion Fee
2026-03-23T18:35:50.960Z,Other fee,--,--,--,--,--,--,--,--,0.11,USD,--,7407708883,--,--,--,--,FEE-7618641268619_11,--,--,--,--,--,--,--,--,--,--,--,--,--,--,--,0.11,USD,--,--,Insertion Fee
2026-03-23T18:34:37.043Z,Other fee,--,--,--,--,--,--,--,--,0.11,USD,--,7407708883,--,--,--,--,FEE-7618637259219_11,--,--,--,--,--,--,--,--,--,--,--,--,--,--,--,0.11,USD,--,--,Insertion Fee
2026-03-23T18:34:03.215Z,Other fee,--,--,--,--,--,--,--,--,0.11,USD,--,7407708883,--,--,--,--,FEE-7618633340619_11,--,--,--,--,--,--,--,--,--,--,--,--,--,--,--,0.11,USD,--,--,Insertion Fee
2026-03-23T18:34:02.393Z,Other fee,--,--,--,--,--,--,--,--,0.11,USD,--,7407708883,--,--,--,--,FEE-7618632609119_11,--,--,--,--,--,--,--,--,--,--,--,--,--,--,--,0.11,USD,--,--,Insertion Fee
2026-03-23T18:33:12.909Z,Other fee,--,--,--,--,--,--,--,--,0.11,USD,--,7407708883,--,--,--,--,FEE-7618629444419_11,--,--,--,--,--,--,--,--,--,--,--,--,--,--,--,0.11,USD,--,--,Insertion Fee
2026-03-23T18:32:04.473Z,Other fee,--,--,--,--,--,--,--,--,0.11,USD,--,7407708883,--,--,--,--,FEE-7618627670519_11,--,--,--,--,--,--,--,--,--,--,--,--,--,--,--,0.11,USD,--,--,Insertion Fee
2026-03-23T18:32:00.012Z,Other fee,--,--,--,--,--,--,--,--,0.11,USD,--,7407708883,--,--,--,--,FEE-7618627318519_11,--,--,--,--,--,--,--,--,--,--,--,--,--,--,--,0.11,USD,--,--,Insertion Fee
2026-03-23T16:57:20.263Z,Order,08-14407-33692,08-14407-33692,su-74864,Susan Mannino,Staten Island,NY,10308,US,90.23,USD,--,7424553811,--,--,--,3.58229E+11,08-14407-33692,Burberry Check Wallet BF Size N/A Leather Multicolor Used Box Included,m35914914624,1,109.01,--,--,--,--,--,--,--,--,--,--,--,109.01,USD,--,--,--
2026-03-23T12:42:28.091Z,Other fee,26-14374-85343,26-14374-85343,bobtail5998,Scott Dunn,Southfleet,Kent,DA13 9NX,GB,16.4,USD,--,7407708883,--,--,--,3.58327E+11,FEE-7617818283119_11,Rare Beautiful LOUIS VUITTON Scarf CUP,m94147219903,1,298.11,--,--,--,--,--,--,--,--,--,--,--,298.11,USD,--,--,Promoted Listings - General fee
2026-03-23T03:30:29.725Z,Other fee,--,--,--,--,--,--,--,--,0.11,USD,--,7407708883,--,--,--,--,FEE-7616798593919_11,--,--,--,--,--,--,--,--,--,--,--,--,--,--,--,0.11,USD,--,--,Insertion Fee
2026-03-23T03:26:35.732Z,Other fee,--,--,--,--,--,--,--,--,0.11,USD,--,7407708883,--,--,--,--,FEE-7616792371819_11,--,--,--,--,--,--,--,--,--,--,--,--,--,--,--,0.11,USD,--,--,Insertion Fee
2026-03-23T03:20:31.647Z,Other fee,--,--,--,--,--,--,--,--,0.11,USD,--,7407708883,--,--,--,--,FEE-7616775234719_11,--,--,--,--,--,--,--,--,--,--,--,--,--,--,--,0.11,USD,--,--,Insertion Fee
2026-03-23T03:13:42.239Z,Other fee,--,--,--,--,--,--,--,--,0.11,USD,--,7407708883,--,--,--,--,FEE-7616758284519_11,--,--,--,--,--,--,--,--,--,--,--,--,--,--,--,0.11,USD,--,--,Insertion Fee
2026-03-23T02:57:27.479Z,Other fee,--,--,--,--,--,--,--,--,0.11,USD,--,7407708883,--,--,--,--,FEE-7616730082319_11,--,--,--,--,--,--,--,--,--,--,--,--,--,--,--,0.11,USD,--,--,Insertion Fee
2026-03-23T02:47:28.551Z,Other fee,--,--,--,--,--,--,--,--,0.11,USD,--,7407708883,--,--,--,--,FEE-7616714080019_11,--,--,--,--,--,--,--,--,--,--,--,--,--,--,--,0.11,USD,--,--,Insertion Fee
2026-03-23T02:45:30.298Z,Other fee,--,--,--,--,--,--,--,--,0.11,USD,--,7407708883,--,--,--,--,FEE-7616711618119_11,--,--,--,--,--,--,--,--,--,--,--,--,--,--,--,0.11,USD,--,--,Insertion Fee
2026-03-23T02:43:45.473Z,Other fee,--,--,--,--,--,--,--,--,0.11,USD,--,7407708883,--,--,--,--,FEE-7616709591419_11,--,--,--,--,--,--,--,--,--,--,--,--,--,--,--,0.11,USD,--,--,Insertion Fee
2026-03-23T02:43:08.722Z,Other fee,--,--,--,--,--,--,--,--,0.11,USD,--,7407708883,--,--,--,--,FEE-7616708413919_11,--,--,--,--,--,--,--,--,--,--,--,--,--,--,--,0.11,USD,--,--,Insertion Fee
2026-03-23T02:42:28.887Z,Other fee,--,--,--,--,--,--,--,--,0.11,USD,--,7407708883,--,--,--,--,FEE-7616707862919_11,--,--,--,--,--,--,--,--,--,--,--,--,--,--,--,0.11,USD,--,--,Insertion Fee
2026-03-23T02:39:53.260Z,Other fee,--,--,--,--,--,--,--,--,0.11,USD,--,7407708883,--,--,--,--,FEE-7616703937019_11,--,--,--,--,--,--,--,--,--,--,--,--,--,--,--,0.11,USD,--,--,Insertion Fee
2026-03-23T02:38:08.473Z,Other fee,--,--,--,--,--,--,--,--,0.11,USD,--,7407708883,--,--,--,--,FEE-7616701692319_11,--,--,--,--,--,--,--,--,--,--,--,--,--,--,--,0.11,USD,--,--,Insertion Fee
2026-03-23T02:37:27.522Z,Other fee,--,--,--,--,--,--,--,--,0.11,USD,--,7407708883,--,--,--,--,FEE-7616700959419_11,--,--,--,--,--,--,--,--,--,--,--,--,--,--,--,0.11,USD,--,--,Insertion Fee
2026-03-23T02:37:15.945Z,Other fee,--,--,--,--,--,--,--,--,0.11,USD,--,7407708883,--,--,--,--,FEE-7616699712119_11,--,--,--,--,--,--,--,--,--,--,--,--,--,--,--,0.11,USD,--,--,Insertion Fee
2026-03-23T02:16:09.987Z,Other fee,--,--,--,--,--,--,--,--,0.11,USD,--,7407708883,--,--,--,--,FEE-7616672813419_11,--,--,--,--,--,--,--,--,--,--,--,--,--,--,--,0.11,USD,--,--,Insertion Fee
2026-03-23T02:07:27.940Z,Other fee,--,--,--,--,--,--,--,--,0.11,USD,--,7407708883,--,--,--,--,FEE-7616662293119_11,--,--,--,--,--,--,--,--,--,--,--,--,--,--,--,0.11,USD,--,--,Insertion Fee
2026-03-23T02:07:07.811Z,Other fee,--,--,--,--,--,--,--,--,0.11,USD,--,7407708883,--,--,--,--,FEE-7616661707519_11,--,--,--,--,--,--,--,--,--,--,--,--,--,--,--,0.11,USD,--,--,Insertion Fee
2026-03-23T02:06:58.933Z,Other fee,--,--,--,--,--,--,--,--,0.11,USD,--,7407708883,--,--,--,--,FEE-7616661280219_11,--,--,--,--,--,--,--,--,--,--,--,--,--,--,--,0.11,USD,--,--,Insertion Fee
2026-03-23T02:05:22.140Z,Other fee,--,--,--,--,--,--,--,--,0.11,USD,--,7407708883,--,--,--,--,FEE-7616658615319_11,--,--,--,--,--,--,--,--,--,--,--,--,--,--,--,0.11,USD,--,--,Insertion Fee
2026-03-23T02:03:01.751Z,Other fee,--,--,--,--,--,--,--,--,0.11,USD,--,7407708883,--,--,--,--,FEE-7616654174719_11,--,--,--,--,--,--,--,--,--,--,--,--,--,--,--,0.11,USD,--,--,Insertion Fee
2026-03-23T02:02:07.363Z,Other fee,--,--,--,--,--,--,--,--,0.11,USD,--,7407708883,--,--,--,--,FEE-7616650846119_11,--,--,--,--,--,--,--,--,--,--,--,--,--,--,--,0.11,USD,--,--,Insertion Fee
2026-03-23T02:01:59.145Z,Other fee,--,--,--,--,--,--,--,--,0.11,USD,--,7407708883,--,--,--,--,FEE-7616649572919_11,--,--,--,--,--,--,--,--,--,--,--,--,--,--,--,0.11,USD,--,--,Insertion Fee
2026-03-23T01:52:10.609Z,Other fee,--,--,--,--,--,--,--,--,0.11,USD,--,7407708883,--,--,--,--,FEE-7616635209219_11,--,--,--,--,--,--,--,--,--,--,--,--,--,--,--,0.11,USD,--,--,Insertion Fee
2026-03-23T01:50:30.068Z,Other fee,--,--,--,--,--,--,--,--,0.11,USD,--,7407708883,--,--,--,--,FEE-7616632954619_11,--,--,--,--,--,--,--,--,--,--,--,--,--,--,--,0.11,USD,--,--,Insertion Fee
2026-03-23T01:48:00.560Z,Other fee,--,--,--,--,--,--,--,--,0.11,USD,--,7407708883,--,--,--,--,FEE-7616630163119_11,--,--,--,--,--,--,--,--,--,--,--,--,--,--,--,0.11,USD,--,--,Insertion Fee
2026-03-23T01:45:29.398Z,Other fee,--,--,--,--,--,--,--,--,0.11,USD,--,7407708883,--,--,--,--,FEE-7616626716119_11,--,--,--,--,--,--,--,--,--,--,--,--,--,--,--,0.11,USD,--,--,Insertion Fee
2026-03-23T01:40:20.153Z,Other fee,--,--,--,--,--,--,--,--,0.11,USD,--,7407708883,--,--,--,--,FEE-7616612952719_11,--,--,--,--,--,--,--,--,--,--,--,--,--,--,--,0.11,USD,--,--,Insertion Fee
2026-03-23T01:30:03.109Z,Other fee,--,--,--,--,--,--,--,--,0.11,USD,--,7407708883,--,--,--,--,FEE-7616596582119_11,--,--,--,--,--,--,--,--,--,--,--,--,--,--,--,0.11,USD,--,--,Insertion Fee
2026-03-23T01:28:33.076Z,Other fee,--,--,--,--,--,--,--,--,0.11,USD,--,7407708883,--,--,--,--,FEE-7616594227619_11,--,--,--,--,--,--,--,--,--,--,--,--,--,--,--,0.11,USD,--,--,Insertion Fee
2026-03-23T01:25:47.789Z,Other fee,--,--,--,--,--,--,--,--,0.11,USD,--,7407708883,--,--,--,--,FEE-7616589280219_11,--,--,--,--,--,--,--,--,--,--,--,--,--,--,--,0.11,USD,--,--,Insertion Fee
2026-03-23T01:15:43.743Z,Other fee,--,--,--,--,--,--,--,--,0.11,USD,--,7407708883,--,--,--,--,FEE-7616576441719_11,--,--,--,--,--,--,--,--,--,--,--,--,--,--,--,0.11,USD,--,--,Insertion Fee
2026-03-23T01:05:36.917Z,Other fee,--,--,--,--,--,--,--,--,0.11,USD,--,7407708883,--,--,--,--,FEE-7616555404419_11,--,--,--,--,--,--,--,--,--,--,--,--,--,--,--,0.11,USD,--,--,Insertion Fee
2026-03-23T01:04:55.721Z,Other fee,--,--,--,--,--,--,--,--,0.11,USD,--,7407708883,--,--,--,--,FEE-7616554671819_11,--,--,--,--,--,--,--,--,--,--,--,--,--,--,--,0.11,USD,--,--,Insertion Fee
2026-03-23T01:04:40.085Z,Other fee,--,--,--,--,--,--,--,--,0.11,USD,--,7407708883,--,--,--,--,FEE-7616553766419_11,--,--,--,--,--,--,--,--,--,--,--,--,--,--,--,0.11,USD,--,--,Insertion Fee
2026-03-23T01:02:37.883Z,Other fee,--,--,--,--,--,--,--,--,0.11,USD,--,7407708883,--,--,--,--,FEE-7616550129519_11,--,--,--,--,--,--,--,--,--,--,--,--,--,--,--,0.11,USD,--,--,Insertion Fee
2026-03-23T00:45:27.748Z,Other fee,--,--,--,--,--,--,--,--,0.11,USD,--,7407708883,--,--,--,--,FEE-7616521218719_11,--,--,--,--,--,--,--,--,--,--,--,--,--,--,--,0.11,USD,--,--,Insertion Fee
2026-03-23T00:44:13.280Z,Other fee,--,--,--,--,--,--,--,--,0.11,USD,--,7407708883,--,--,--,--,FEE-7616518932619_11,--,--,--,--,--,--,--,--,--,--,--,--,--,--,--,0.11,USD,--,--,Insertion Fee
2026-03-23T00:42:48.086Z,Other fee,--,--,--,--,--,--,--,--,0.11,USD,--,7407708883,--,--,--,--,FEE-7616515412319_11,--,--,--,--,--,--,--,--,--,--,--,--,--,--,--,0.11,USD,--,--,Insertion Fee
2026-03-23T00:39:15.201Z,Other fee,--,--,--,--,--,--,--,--,0.11,USD,--,7407708883,--,--,--,--,FEE-7616511277619_11,--,--,--,--,--,--,--,--,--,--,--,--,--,--,--,0.11,USD,--,--,Insertion Fee
2026-03-23T00:34:53.755Z,Other fee,--,--,--,--,--,--,--,--,0.11,USD,--,7407708883,--,--,--,--,FEE-7616501850119_11,--,--,--,--,--,--,--,--,--,--,--,--,--,--,--,0.11,USD,--,--,Insertion Fee
2026-03-23T00:34:15.390Z,Other fee,--,--,--,--,--,--,--,--,0.11,USD,--,7407708883,--,--,--,--,FEE-7616499719519_11,--,--,--,--,--,--,--,--,--,--,--,--,--,--,--,0.11,USD,--,--,Insertion Fee
2026-03-23T00:33:21.354Z,Other fee,--,--,--,--,--,--,--,--,0.11,USD,--,7407708883,--,--,--,--,FEE-7616495802719_11,--,--,--,--,--,--,--,--,--,--,--,--,--,--,--,0.11,USD,--,--,Insertion Fee
2026-03-23T00:32:57.195Z,Other fee,--,--,--,--,--,--,--,--,0.11,USD,--,7407708883,--,--,--,--,FEE-7616494425919_11,--,--,--,--,--,--,--,--,--,--,--,--,--,--,--,0.11,USD,--,--,Insertion Fee
2026-03-23T00:31:01.140Z,Other fee,--,--,--,--,--,--,--,--,0.11,USD,--,7407708883,--,--,--,--,FEE-7616492454919_11,--,--,--,--,--,--,--,--,--,--,--,--,--,--,--,0.11,USD,--,--,Insertion Fee
2026-03-23T00:30:36.130Z,Other fee,--,--,--,--,--,--,--,--,0.11,USD,--,7407708883,--,--,--,--,FEE-7616491708119_11,--,--,--,--,--,--,--,--,--,--,--,--,--,--,--,0.11,USD,--,--,Insertion Fee
2026-03-23T00:26:24.207Z,Other fee,--,--,--,--,--,--,--,--,0.11,USD,--,7407708883,--,--,--,--,FEE-7616484693619_11,--,--,--,--,--,--,--,--,--,--,--,--,--,--,--,0.11,USD,--,--,Insertion Fee
2026-03-23T00:22:32.911Z,Other fee,--,--,--,--,--,--,--,--,0.11,USD,--,7407708883,--,--,--,--,FEE-7616476545519_11,--,--,--,--,--,--,--,--,--,--,--,--,--,--,--,0.11,USD,--,--,Insertion Fee
2026-03-23T00:21:26.918Z,Other fee,--,--,--,--,--,--,--,--,0.11,USD,--,7407708883,--,--,--,--,FEE-7616475479019_11,--,--,--,--,--,--,--,--,--,--,--,--,--,--,--,0.11,USD,--,--,Insertion Fee
2026-03-23T00:21:23.804Z,Other fee,--,--,--,--,--,--,--,--,0.11,USD,--,7407708883,--,--,--,--,FEE-7616475753819_11,--,--,--,--,--,--,--,--,--,--,--,--,--,--,--,0.11,USD,--,--,Insertion Fee
2026-03-23T00:19:55.284Z,Other fee,--,--,--,--,--,--,--,--,0.11,USD,--,7407708883,--,--,--,--,FEE-7616474285219_11,--,--,--,--,--,--,--,--,--,--,--,--,--,--,--,0.11,USD,--,--,Insertion Fee
2026-03-23T00:17:31.270Z,Other fee,--,--,--,--,--,--,--,--,0.11,USD,--,7407708883,--,--,--,--,FEE-7616471008619_11,--,--,--,--,--,--,--,--,--,--,--,--,--,--,--,0.11,USD,--,--,Insertion Fee
2026-03-23T00:15:25.028Z,Other fee,--,--,--,--,--,--,--,--,0.11,USD,--,7407708883,--,--,--,--,FEE-7616468824619_11,--,--,--,--,--,--,--,--,--,--,--,--,--,--,--,0.11,USD,--,--,Insertion Fee
2026-03-23T00:14:52.799Z,Other fee,--,--,--,--,--,--,--,--,0.11,USD,--,7407708883,--,--,--,--,FEE-7616468499119_11,--,--,--,--,--,--,--,--,--,--,--,--,--,--,--,0.11,USD,--,--,Insertion Fee
2026-03-23T00:13:45.626Z,Other fee,--,--,--,--,--,--,--,--,0.11,USD,--,7407708883,--,--,--,--,FEE-7616466884919_11,--,--,--,--,--,--,--,--,--,--,--,--,--,--,--,0.11,USD,--,--,Insertion Fee
2026-03-23T00:12:26.696Z,Other fee,--,--,--,--,--,--,--,--,0.11,USD,--,7407708883,--,--,--,--,FEE-7616465248319_11,--,--,--,--,--,--,--,--,--,--,--,--,--,--,--,0.11,USD,--,--,Insertion Fee
2026-03-23T00:03:47.596Z,Other fee,--,--,--,--,--,--,--,--,0.11,USD,--,7407708883,--,--,--,--,FEE-7616453808719_11,--,--,--,--,--,--,--,--,--,--,--,--,--,--,--,0.11,USD,--,--,Insertion Fee
2026-03-23T00:02:45.835Z,Other fee,--,--,--,--,--,--,--,--,0.11,USD,--,7407708883,--,--,--,--,FEE-7616452870219_11,--,--,--,--,--,--,--,--,--,--,--,--,--,--,--,0.11,USD,--,--,Insertion Fee
2026-03-22T23:59:02.919Z,Other fee,--,--,--,--,--,--,--,--,0.11,USD,--,7407708883,--,--,--,--,FEE-7616447093219_11,--,--,--,--,--,--,--,--,--,--,--,--,--,--,--,0.11,USD,--,--,Insertion Fee
2026-03-22T23:58:58.831Z,Other fee,--,--,--,--,--,--,--,--,0.11,USD,--,7407708883,--,--,--,--,FEE-7616445859019_11,--,--,--,--,--,--,--,--,--,--,--,--,--,--,--,0.11,USD,--,--,Insertion Fee
2026-03-22T23:56:02.773Z,Other fee,--,--,--,--,--,--,--,--,0.11,USD,--,7407708883,--,--,--,--,FEE-7616435652519_11,--,--,--,--,--,--,--,--,--,--,--,--,--,--,--,0.11,USD,--,--,Insertion Fee
2026-03-22T23:55:34.021Z,Other fee,--,--,--,--,--,--,--,--,0.11,USD,--,7407708883,--,--,--,--,FEE-7616434622419_11,--,--,--,--,--,--,--,--,--,--,--,--,--,--,--,0.11,USD,--,--,Insertion Fee
2026-03-22T23:53:01.963Z,Other fee,--,--,--,--,--,--,--,--,0.11,USD,--,7407708883,--,--,--,--,FEE-7616424073519_11,--,--,--,--,--,--,--,--,--,--,--,--,--,--,--,0.11,USD,--,--,Insertion Fee
2026-03-22T23:50:44.519Z,Other fee,--,--,--,--,--,--,--,--,0.11,USD,--,7407708883,--,--,--,--,FEE-7616417585419_11,--,--,--,--,--,--,--,--,--,--,--,--,--,--,--,0.11,USD,--,--,Insertion Fee
2026-03-22T23:49:01.605Z,Other fee,--,--,--,--,--,--,--,--,0.11,USD,--,7407708883,--,--,--,--,FEE-7616414045619_11,--,--,--,--,--,--,--,--,--,--,--,--,--,--,--,0.11,USD,--,--,Insertion Fee
2026-03-22T23:47:53.778Z,Other fee,--,--,--,--,--,--,--,--,0.11,USD,--,7407708883,--,--,--,--,FEE-7616412545319_11,--,--,--,--,--,--,--,--,--,--,--,--,--,--,--,0.11,USD,--,--,Insertion Fee
2026-03-22T23:44:07.684Z,Other fee,--,--,--,--,--,--,--,--,0.11,USD,--,7407708883,--,--,--,--,FEE-7616408841619_11,--,--,--,--,--,--,--,--,--,--,--,--,--,--,--,0.11,USD,--,--,Insertion Fee
2026-03-22T23:40:34.161Z,Other fee,--,--,--,--,--,--,--,--,0.11,USD,--,7407708883,--,--,--,--,FEE-7616404134919_11,--,--,--,--,--,--,--,--,--,--,--,--,--,--,--,0.11,USD,--,--,Insertion Fee
2026-03-22T23:38:47.004Z,Other fee,--,--,--,--,--,--,--,--,0.11,USD,--,7407708883,--,--,--,--,FEE-7616396939719_11,--,--,--,--,--,--,--,--,--,--,--,--,--,--,--,0.11,USD,--,--,Insertion Fee
2026-03-22T23:36:21.084Z,Other fee,--,--,--,--,--,--,--,--,0.11,USD,--,7407708883,--,--,--,--,FEE-7616394291419_11,--,--,--,--,--,--,--,--,--,--,--,--,--,--,--,0.11,USD,--,--,Insertion Fee
2026-03-22T23:36:09.090Z,Other fee,--,--,--,--,--,--,--,--,0.11,USD,--,7407708883,--,--,--,--,FEE-7616393858719_11,--,--,--,--,--,--,--,--,--,--,--,--,--,--,--,0.11,USD,--,--,Insertion Fee
2026-03-22T23:35:58.471Z,Other fee,--,--,--,--,--,--,--,--,0.11,USD,--,7407708883,--,--,--,--,FEE-7616393698119_11,--,--,--,--,--,--,--,--,--,--,--,--,--,--,--,0.11,USD,--,--,Insertion Fee
2026-03-22T23:34:01.643Z,Other fee,--,--,--,--,--,--,--,--,0.11,USD,--,7407708883,--,--,--,--,FEE-7616391370219_11,--,--,--,--,--,--,--,--,--,--,--,--,--,--,--,0.11,USD,--,--,Insertion Fee
2026-03-22T23:23:40.220Z,Other fee,--,--,--,--,--,--,--,--,0.11,USD,--,7407708883,--,--,--,--,FEE-7616365603919_11,--,--,--,--,--,--,--,--,--,--,--,--,--,--,--,0.11,USD,--,--,Insertion Fee
2026-03-22T23:10:21.365Z,Other fee,--,--,--,--,--,--,--,--,0.11,USD,--,7407708883,--,--,--,--,FEE-7616338642819_11,--,--,--,--,--,--,--,--,--,--,--,--,--,--,--,0.11,USD,--,--,Insertion Fee
2026-03-22T23:07:44.863Z,Other fee,--,--,--,--,--,--,--,--,0.11,USD,--,7407708883,--,--,--,--,FEE-7616335239619_11,--,--,--,--,--,--,--,--,--,--,--,--,--,--,--,0.11,USD,--,--,Insertion Fee
2026-03-22T23:01:21.628Z,Other fee,--,--,--,--,--,--,--,--,0.11,USD,--,7407708883,--,--,--,--,FEE-7616327245919_11,--,--,--,--,--,--,--,--,--,--,--,--,--,--,--,0.11,USD,--,--,Insertion Fee
2026-03-22T22:58:42.403Z,Other fee,--,--,--,--,--,--,--,--,0.11,USD,--,7407708883,--,--,--,--,FEE-7616321272919_11,--,--,--,--,--,--,--,--,--,--,--,--,--,--,--,0.11,USD,--,--,Insertion Fee
2026-03-22T22:56:01.087Z,Other fee,--,--,--,--,--,--,--,--,0.11,USD,--,7407708883,--,--,--,--,FEE-7616316800119_11,--,--,--,--,--,--,--,--,--,--,--,--,--,--,--,0.11,USD,--,--,Insertion Fee
2026-03-22T22:54:50.317Z,Other fee,--,--,--,--,--,--,--,--,0.11,USD,--,7407708883,--,--,--,--,FEE-7616314535219_11,--,--,--,--,--,--,--,--,--,--,--,--,--,--,--,0.11,USD,--,--,Insertion Fee
2026-03-22T22:54:33.083Z,Other fee,--,--,--,--,--,--,--,--,0.11,USD,--,7407708883,--,--,--,--,FEE-7616314026419_11,--,--,--,--,--,--,--,--,--,--,--,--,--,--,--,0.11,USD,--,--,Insertion Fee
2026-03-22T22:54:26.516Z,Other fee,--,--,--,--,--,--,--,--,0.11,USD,--,7407708883,--,--,--,--,FEE-7616313444719_11,--,--,--,--,--,--,--,--,--,--,--,--,--,--,--,0.11,USD,--,--,Insertion Fee
2026-03-22T22:53:39.512Z,Other fee,--,--,--,--,--,--,--,--,0.11,USD,--,7407708883,--,--,--,--,FEE-7616311991819_11,--,--,--,--,--,--,--,--,--,--,--,--,--,--,--,0.11,USD,--,--,Insertion Fee
2026-03-22T22:52:45.638Z,Other fee,--,--,--,--,--,--,--,--,0.11,USD,--,7407708883,--,--,--,--,FEE-7616310987619_11,--,--,--,--,--,--,--,--,--,--,--,--,--,--,--,0.11,USD,--,--,Insertion Fee
2026-03-22T22:52:32.788Z,Other fee,--,--,--,--,--,--,--,--,0.11,USD,--,7407708883,--,--,--,--,FEE-7616310458919_11,--,--,--,--,--,--,--,--,--,--,--,--,--,--,--,0.11,USD,--,--,Insertion Fee
2026-03-22T22:51:01.226Z,Other fee,--,--,--,--,--,--,--,--,0.11,USD,--,7407708883,--,--,--,--,FEE-7616308057219_11,--,--,--,--,--,--,--,--,--,--,--,--,--,--,--,0.11,USD,--,--,Insertion Fee
2026-03-22T22:45:14.947Z,Other fee,--,--,--,--,--,--,--,--,0.11,USD,--,7407708883,--,--,--,--,FEE-7616297191819_11,--,--,--,--,--,--,--,--,--,--,--,--,--,--,--,0.11,USD,--,--,Insertion Fee
2026-03-22T22:44:11.353Z,Other fee,--,--,--,--,--,--,--,--,0.11,USD,--,7407708883,--,--,--,--,FEE-7616295042019_11,--,--,--,--,--,--,--,--,--,--,--,--,--,--,--,0.11,USD,--,--,Insertion Fee
2026-03-22T22:44:02.410Z,Other fee,--,--,--,--,--,--,--,--,0.11,USD,--,7407708883,--,--,--,--,FEE-7616294241819_11,--,--,--,--,--,--,--,--,--,--,--,--,--,--,--,0.11,USD,--,--,Insertion Fee
2026-03-22T22:42:16.853Z,Other fee,--,--,--,--,--,--,--,--,0.11,USD,--,7407708883,--,--,--,--,FEE-7616291264219_11,--,--,--,--,--,--,--,--,--,--,--,--,--,--,--,0.11,USD,--,--,Insertion Fee
2026-03-22T22:40:40.527Z,Other fee,--,--,--,--,--,--,--,--,0.11,USD,--,7407708883,--,--,--,--,FEE-7616289432419_11,--,--,--,--,--,--,--,--,--,--,--,--,--,--,--,0.11,USD,--,--,Insertion Fee
2026-03-22T22:40:17.191Z,Other fee,--,--,--,--,--,--,--,--,0.11,USD,--,7407708883,--,--,--,--,FEE-7616288950419_11,--,--,--,--,--,--,--,--,--,--,--,--,--,--,--,0.11,USD,--,--,Insertion Fee
2026-03-22T22:39:53.070Z,Other fee,--,--,--,--,--,--,--,--,0.11,USD,--,7407708883,--,--,--,--,FEE-7616288229619_11,--,--,--,--,--,--,--,--,--,--,--,--,--,--,--,0.11,USD,--,--,Insertion Fee
2026-03-22T22:39:09.324Z,Other fee,--,--,--,--,--,--,--,--,0.11,USD,--,7407708883,--,--,--,--,FEE-7616286790319_11,--,--,--,--,--,--,--,--,--,--,--,--,--,--,--,0.11,USD,--,--,Insertion Fee
2026-03-22T22:33:02.400Z,Other fee,--,--,--,--,--,--,--,--,0.11,USD,--,7407708883,--,--,--,--,FEE-7616278298819_11,--,--,--,--,--,--,--,--,--,--,--,--,--,--,--,0.11,USD,--,--,Insertion Fee
2026-03-22T22:30:00.761Z,Other fee,--,--,--,--,--,--,--,--,0.11,USD,--,7407708883,--,--,--,--,FEE-7616273433219_11,--,--,--,--,--,--,--,--,--,--,--,--,--,--,--,0.11,USD,--,--,Insertion Fee
2026-03-22T22:28:23.916Z,Other fee,--,--,--,--,--,--,--,--,0.11,USD,--,7407708883,--,--,--,--,FEE-7616270989219_11,--,--,--,--,--,--,--,--,--,--,--,--,--,--,--,0.11,USD,--,--,Insertion Fee
2026-03-22T22:26:50.135Z,Other fee,--,--,--,--,--,--,--,--,0.11,USD,--,7407708883,--,--,--,--,FEE-7616267717919_11,--,--,--,--,--,--,--,--,--,--,--,--,--,--,--,0.11,USD,--,--,Insertion Fee
2026-03-22T22:25:54.764Z,Other fee,--,--,--,--,--,--,--,--,0.11,USD,--,7407708883,--,--,--,--,FEE-7616265526019_11,--,--,--,--,--,--,--,--,--,--,--,--,--,--,--,0.11,USD,--,--,Insertion Fee
2026-03-22T22:19:12.000Z,Other fee,--,--,--,--,--,--,--,--,0.11,USD,--,7407708883,--,--,--,--,FEE-7616254152819_11,--,--,--,--,--,--,--,--,--,--,--,--,--,--,--,0.11,USD,--,--,Insertion Fee
2026-03-22T22:17:40.585Z,Other fee,--,--,--,--,--,--,--,--,0.11,USD,--,7407708883,--,--,--,--,FEE-7616250492119_11,--,--,--,--,--,--,--,--,--,--,--,--,--,--,--,0.11,USD,--,--,Insertion Fee
2026-03-22T22:14:46.340Z,Other fee,--,--,--,--,--,--,--,--,0.11,USD,--,7407708883,--,--,--,--,FEE-7616244133919_11,--,--,--,--,--,--,--,--,--,--,--,--,--,--,--,0.11,USD,--,--,Insertion Fee
2026-03-22T22:13:45.841Z,Other fee,--,--,--,--,--,--,--,--,0.11,USD,--,7407708883,--,--,--,--,FEE-7616243506619_11,--,--,--,--,--,--,--,--,--,--,--,--,--,--,--,0.11,USD,--,--,Insertion Fee
2026-03-22T22:13:29.379Z,Other fee,--,--,--,--,--,--,--,--,0.11,USD,--,7407708883,--,--,--,--,FEE-7616242412919_11,--,--,--,--,--,--,--,--,--,--,--,--,--,--,--,0.11,USD,--,--,Insertion Fee
2026-03-22T21:53:45.979Z,Other fee,--,--,--,--,--,--,--,--,0.11,USD,--,7407708883,--,--,--,--,FEE-7616208039019_11,--,--,--,--,--,--,--,--,--,--,--,--,--,--,--,0.11,USD,--,--,Insertion Fee
2026-03-22T21:41:28.720Z,Other fee,--,--,--,--,--,--,--,--,0.11,USD,--,7407708883,--,--,--,--,FEE-7616189193319_11,--,--,--,--,--,--,--,--,--,--,--,--,--,--,--,0.11,USD,--,--,Insertion Fee
2026-03-22T21:39:55.966Z,Other fee,--,--,--,--,--,--,--,--,0.11,USD,--,7407708883,--,--,--,--,FEE-7616182448419_11,--,--,--,--,--,--,--,--,--,--,--,--,--,--,--,0.11,USD,--,--,Insertion Fee
2026-03-22T21:39:53.276Z,Other fee,--,--,--,--,--,--,--,--,0.11,USD,--,7407708883,--,--,--,--,FEE-7616181596119_11,--,--,--,--,--,--,--,--,--,--,--,--,--,--,--,0.11,USD,--,--,Insertion Fee
2026-03-22T21:39:41.810Z,Other fee,--,--,--,--,--,--,--,--,0.11,USD,--,7407708883,--,--,--,--,FEE-7616178516519_11,--,--,--,--,--,--,--,--,--,--,--,--,--,--,--,0.11,USD,--,--,Insertion Fee
2026-03-22T21:38:36.120Z,Other fee,--,--,--,--,--,--,--,--,0.11,USD,--,7407708883,--,--,--,--,FEE-7616177037619_11,--,--,--,--,--,--,--,--,--,--,--,--,--,--,--,0.11,USD,--,--,Insertion Fee
2026-03-22T21:38:04.457Z,Other fee,--,--,--,--,--,--,--,--,0.11,USD,--,7407708883,--,--,--,--,FEE-7616176193719_11,--,--,--,--,--,--,--,--,--,--,--,--,--,--,--,0.11,USD,--,--,Insertion Fee
2026-03-22T21:37:17.001Z,Other fee,--,--,--,--,--,--,--,--,0.11,USD,--,7407708883,--,--,--,--,FEE-7616175302919_11,--,--,--,--,--,--,--,--,--,--,--,--,--,--,--,0.11,USD,--,--,Insertion Fee
2026-03-22T21:36:05.546Z,Other fee,--,--,--,--,--,--,--,--,0.11,USD,--,7407708883,--,--,--,--,FEE-7616173821819_11,--,--,--,--,--,--,--,--,--,--,--,--,--,--,--,0.11,USD,--,--,Insertion Fee
2026-03-22T21:36:03.454Z,Other fee,--,--,--,--,--,--,--,--,0.11,USD,--,7407708883,--,--,--,--,FEE-7616173152919_11,--,--,--,--,--,--,--,--,--,--,--,--,--,--,--,0.11,USD,--,--,Insertion Fee
2026-03-22T21:35:48.592Z,Other fee,--,--,--,--,--,--,--,--,0.11,USD,--,7407708883,--,--,--,--,FEE-7616172829919_11,--,--,--,--,--,--,--,--,--,--,--,--,--,--,--,0.11,USD,--,--,Insertion Fee
2026-03-22T21:35:20.124Z,Other fee,--,--,--,--,--,--,--,--,0.11,USD,--,7407708883,--,--,--,--,FEE-7616171159319_11,--,--,--,--,--,--,--,--,--,--,--,--,--,--,--,0.11,USD,--,--,Insertion Fee
2026-03-22T21:33:45.573Z,Other fee,--,--,--,--,--,--,--,--,0.11,USD,--,7407708883,--,--,--,--,FEE-7616169651519_11,--,--,--,--,--,--,--,--,--,--,--,--,--,--,--,0.11,USD,--,--,Insertion Fee
2026-03-22T21:30:47.486Z,Other fee,--,--,--,--,--,--,--,--,0.11,USD,--,7407708883,--,--,--,--,FEE-7616164014319_11,--,--,--,--,--,--,--,--,--,--,--,--,--,--,--,0.11,USD,--,--,Insertion Fee
2026-03-22T21:29:11.191Z,Other fee,--,--,--,--,--,--,--,--,0.11,USD,--,7407708883,--,--,--,--,FEE-7616161755519_11,--,--,--,--,--,--,--,--,--,--,--,--,--,--,--,0.11,USD,--,--,Insertion Fee
2026-03-22T21:28:24.195Z,Other fee,--,--,--,--,--,--,--,--,0.11,USD,--,7407708883,--,--,--,--,FEE-7616160809719_11,--,--,--,--,--,--,--,--,--,--,--,--,--,--,--,0.11,USD,--,--,Insertion Fee
2026-03-22T21:28:10.903Z,Other fee,--,--,--,--,--,--,--,--,0.11,USD,--,7407708883,--,--,--,--,FEE-7616159842419_11,--,--,--,--,--,--,--,--,--,--,--,--,--,--,--,0.11,USD,--,--,Insertion Fee
2026-03-22T21:27:32.261Z,Other fee,--,--,--,--,--,--,--,--,0.11,USD,--,7407708883,--,--,--,--,FEE-7616159457919_11,--,--,--,--,--,--,--,--,--,--,--,--,--,--,--,0.11,USD,--,--,Insertion Fee
2026-03-22T21:23:13.189Z,Other fee,--,--,--,--,--,--,--,--,0.11,USD,--,7407708883,--,--,--,--,FEE-7616151755419_11,--,--,--,--,--,--,--,--,--,--,--,--,--,--,--,0.11,USD,--,--,Insertion Fee
2026-03-22T21:13:57.548Z,Other fee,--,--,--,--,--,--,--,--,0.11,USD,--,7407708883,--,--,--,--,FEE-7616133710019_11,--,--,--,--,--,--,--,--,--,--,--,--,--,--,--,0.11,USD,--,--,Insertion Fee
2026-03-22T21:05:44.009Z,Other fee,--,--,--,--,--,--,--,--,0.11,USD,--,7407708883,--,--,--,--,FEE-7616116277519_11,--,--,--,--,--,--,--,--,--,--,--,--,--,--,--,0.11,USD,--,--,Insertion Fee
2026-03-22T21:04:21.670Z,Other fee,--,--,--,--,--,--,--,--,0.11,USD,--,7407708883,--,--,--,--,FEE-7616108626119_11,--,--,--,--,--,--,--,--,--,--,--,--,--,--,--,0.11,USD,--,--,Insertion Fee
2026-03-22T21:02:20.202Z,Other fee,--,--,--,--,--,--,--,--,0.11,USD,--,7407708883,--,--,--,--,FEE-7616102930619_11,--,--,--,--,--,--,--,--,--,--,--,--,--,--,--,0.11,USD,--,--,Insertion Fee
2026-03-22T21:00:54.912Z,Other fee,--,--,--,--,--,--,--,--,0.11,USD,--,7407708883,--,--,--,--,FEE-7616099628519_11,--,--,--,--,--,--,--,--,--,--,--,--,--,--,--,0.11,USD,--,--,Insertion Fee
2026-03-22T21:00:34.624Z,Other fee,--,--,--,--,--,--,--,--,0.11,USD,--,7407708883,--,--,--,--,FEE-7616098489419_11,--,--,--,--,--,--,--,--,--,--,--,--,--,--,--,0.11,USD,--,--,Insertion Fee
2026-03-22T20:55:22.274Z,Other fee,--,--,--,--,--,--,--,--,0.11,USD,--,7407708883,--,--,--,--,FEE-7616083787919_11,--,--,--,--,--,--,--,--,--,--,--,--,--,--,--,0.11,USD,--,--,Insertion Fee
2026-03-22T20:50:56.590Z,Other fee,--,--,--,--,--,--,--,--,0.11,USD,--,7407708883,--,--,--,--,FEE-7616074572319_11,--,--,--,--,--,--,--,--,--,--,--,--,--,--,--,0.11,USD,--,--,Insertion Fee
2026-03-22T20:50:52.687Z,Other fee,--,--,--,--,--,--,--,--,0.11,USD,--,7407708883,--,--,--,--,FEE-7616074225719_11,--,--,--,--,--,--,--,--,--,--,--,--,--,--,--,0.11,USD,--,--,Insertion Fee
2026-03-22T20:45:07.710Z,Other fee,--,--,--,--,--,--,--,--,0.11,USD,--,7407708883,--,--,--,--,FEE-7616063310719_11,--,--,--,--,--,--,--,--,--,--,--,--,--,--,--,0.11,USD,--,--,Insertion Fee
2026-03-22T20:43:49.130Z,Other fee,--,--,--,--,--,--,--,--,0.11,USD,--,7407708883,--,--,--,--,FEE-7616062308019_11,--,--,--,--,--,--,--,--,--,--,--,--,--,--,--,0.11,USD,--,--,Insertion Fee
2026-03-22T20:40:32.122Z,Other fee,--,--,--,--,--,--,--,--,0.11,USD,--,7407708883,--,--,--,--,FEE-7616057896419_11,--,--,--,--,--,--,--,--,--,--,--,--,--,--,--,0.11,USD,--,--,Insertion Fee
2026-03-22T20:36:29.818Z,Other fee,--,--,--,--,--,--,--,--,0.11,USD,--,7407708883,--,--,--,--,FEE-7616052627119_11,--,--,--,--,--,--,--,--,--,--,--,--,--,--,--,0.11,USD,--,--,Insertion Fee
2026-03-22T20:31:44.785Z,Other fee,--,--,--,--,--,--,--,--,0.11,USD,--,7407708883,--,--,--,--,FEE-7616044941119_11,--,--,--,--,--,--,--,--,--,--,--,--,--,--,--,0.11,USD,--,--,Insertion Fee
2026-03-22T20:31:19.538Z,Other fee,--,--,--,--,--,--,--,--,0.11,USD,--,7407708883,--,--,--,--,FEE-7616043751419_11,--,--,--,--,--,--,--,--,--,--,--,--,--,--,--,0.11,USD,--,--,Insertion Fee
2026-03-22T20:31:11.620Z,Other fee,--,--,--,--,--,--,--,--,0.11,USD,--,7407708883,--,--,--,--,FEE-7616042903019_11,--,--,--,--,--,--,--,--,--,--,--,--,--,--,--,0.11,USD,--,--,Insertion Fee
2026-03-22T20:25:25.556Z,Other fee,--,--,--,--,--,--,--,--,0.11,USD,--,7407708883,--,--,--,--,FEE-7616033875419_11,--,--,--,--,--,--,--,--,--,--,--,--,--,--,--,0.11,USD,--,--,Insertion Fee
2026-03-22T20:23:00.868Z,Other fee,--,--,--,--,--,--,--,--,0.11,USD,--,7407708883,--,--,--,--,FEE-7616029595719_11,--,--,--,--,--,--,--,--,--,--,--,--,--,--,--,0.11,USD,--,--,Insertion Fee
2026-03-22T20:21:14.875Z,Other fee,--,--,--,--,--,--,--,--,0.11,USD,--,7407708883,--,--,--,--,FEE-7616026189719_11,--,--,--,--,--,--,--,--,--,--,--,--,--,--,--,0.11,USD,--,--,Insertion Fee
2026-03-22T20:15:27.755Z,Other fee,--,--,--,--,--,--,--,--,0.11,USD,--,7407708883,--,--,--,--,FEE-7616015153319_11,--,--,--,--,--,--,--,--,--,--,--,--,--,--,--,0.11,USD,--,--,Insertion Fee
2026-03-22T20:06:19.860Z,Other fee,--,--,--,--,--,--,--,--,0.11,USD,--,7407708883,--,--,--,--,FEE-7615999807519_11,--,--,--,--,--,--,--,--,--,--,--,--,--,--,--,0.11,USD,--,--,Insertion Fee
2026-03-22T20:03:40.792Z,Other fee,--,--,--,--,--,--,--,--,0.11,USD,--,7407708883,--,--,--,--,FEE-7615995747519_11,--,--,--,--,--,--,--,--,--,--,--,--,--,--,--,0.11,USD,--,--,Insertion Fee
2026-03-22T20:02:47.279Z,Other fee,--,--,--,--,--,--,--,--,0.11,USD,--,7407708883,--,--,--,--,FEE-7615994714619_11,--,--,--,--,--,--,--,--,--,--,--,--,--,--,--,0.11,USD,--,--,Insertion Fee
2026-03-22T20:02:29.154Z,Other fee,--,--,--,--,--,--,--,--,0.11,USD,--,7407708883,--,--,--,--,FEE-7615994417619_11,--,--,--,--,--,--,--,--,--,--,--,--,--,--,--,0.11,USD,--,--,Insertion Fee
2026-03-22T20:00:42.916Z,Other fee,--,--,--,--,--,--,--,--,0.11,USD,--,7407708883,--,--,--,--,FEE-7615991676019_11,--,--,--,--,--,--,--,--,--,--,--,--,--,--,--,0.11,USD,--,--,Insertion Fee
2026-03-22T19:59:27.061Z,Other fee,--,--,--,--,--,--,--,--,0.11,USD,--,7407708883,--,--,--,--,FEE-7615989945419_11,--,--,--,--,--,--,--,--,--,--,--,--,--,--,--,0.11,USD,--,--,Insertion Fee
2026-03-22T19:50:39.349Z,Other fee,--,--,--,--,--,--,--,--,0.11,USD,--,7407708883,--,--,--,--,FEE-7615968793819_11,--,--,--,--,--,--,--,--,--,--,--,--,--,--,--,0.11,USD,--,--,Insertion Fee
2026-03-22T19:48:40.478Z,Other fee,--,--,--,--,--,--,--,--,0.11,USD,--,7407708883,--,--,--,--,FEE-7615965498219_11,--,--,--,--,--,--,--,--,--,--,--,--,--,--,--,0.11,USD,--,--,Insertion Fee
2026-03-22T19:48:00.512Z,Other fee,--,--,--,--,--,--,--,--,0.11,USD,--,7407708883,--,--,--,--,FEE-7615963052619_11,--,--,--,--,--,--,--,--,--,--,--,--,--,--,--,0.11,USD,--,--,Insertion Fee
2026-03-22T19:47:51.265Z,Other fee,--,--,--,--,--,--,--,--,0.11,USD,--,7407708883,--,--,--,--,FEE-7615961972719_11,--,--,--,--,--,--,--,--,--,--,--,--,--,--,--,0.11,USD,--,--,Insertion Fee
2026-03-22T19:47:48.881Z,Other fee,--,--,--,--,--,--,--,--,0.11,USD,--,7407708883,--,--,--,--,FEE-7615962301019_11,--,--,--,--,--,--,--,--,--,--,--,--,--,--,--,0.11,USD,--,--,Insertion Fee
2026-03-22T19:46:31.126Z,Other fee,--,--,--,--,--,--,--,--,0.11,USD,--,7407708883,--,--,--,--,FEE-7615961280519_11,--,--,--,--,--,--,--,--,--,--,--,--,--,--,--,0.11,USD,--,--,Insertion Fee
2026-03-22T19:45:07.898Z,Other fee,--,--,--,--,--,--,--,--,0.11,USD,--,7407708883,--,--,--,--,FEE-7615957188619_11,--,--,--,--,--,--,--,--,--,--,--,--,--,--,--,0.11,USD,--,--,Insertion Fee
2026-03-22T19:42:04.487Z,Other fee,--,--,--,--,--,--,--,--,0.11,USD,--,7407708883,--,--,--,--,FEE-7615954171019_11,--,--,--,--,--,--,--,--,--,--,--,--,--,--,--,0.11,USD,--,--,Insertion Fee
2026-03-22T19:41:29.139Z,Other fee,--,--,--,--,--,--,--,--,0.11,USD,--,7407708883,--,--,--,--,FEE-7615952060619_11,--,--,--,--,--,--,--,--,--,--,--,--,--,--,--,0.11,USD,--,--,Insertion Fee
2026-03-22T19:39:15.595Z,Other fee,--,--,--,--,--,--,--,--,0.11,USD,--,7407708883,--,--,--,--,FEE-7615948563119_11,--,--,--,--,--,--,--,--,--,--,--,--,--,--,--,0.11,USD,--,--,Insertion Fee
2026-03-22T19:34:13.416Z,Other fee,--,--,--,--,--,--,--,--,0.11,USD,--,7407708883,--,--,--,--,FEE-7615939034519_11,--,--,--,--,--,--,--,--,--,--,--,--,--,--,--,0.11,USD,--,--,Insertion Fee
2026-03-22T12:46:47.519Z,Other fee,--,--,--,--,--,--,--,--,0.11,USD,--,7407708883,--,--,--,--,FEE-7615028262119_11,--,--,--,--,--,--,--,--,--,--,--,--,--,--,--,0.11,USD,--,--,Insertion Fee
2026-03-22T11:58:45.492Z,Other fee,--,--,--,--,--,--,--,--,0.11,USD,--,7407708883,--,--,--,--,FEE-7614912283819_11,--,--,--,--,--,--,--,--,--,--,--,--,--,--,--,0.11,USD,--,--,Insertion Fee
2026-03-22T08:24:39.194Z,Order,26-14374-85343,26-14374-85343,bobtail5998,Scott Dunn,Southfleet,Kent,DA13 9NX,GB,251.6,USD,--,7415520355,--,--,--,3.58327E+11,26-14374-85343,Rare Beautiful LOUIS VUITTON Scarf CUP,m94147219903,1,298.11,--,--,--,--,--,--,--,--,--,--,--,298.11,USD,--,--,--
2026-03-22T02:23:23.775Z,Other fee,--,--,--,--,--,--,--,--,0.11,USD,--,7407708883,--,--,--,--,FEE-7613781616819_11,--,--,--,--,--,--,--,--,--,--,--,--,--,--,--,0.11,USD,--,--,Insertion Fee
2026-03-21T23:36:03.667Z,Other fee,--,--,--,--,--,--,--,--,0.11,USD,--,7407708883,--,--,--,--,FEE-7613497298419_11,--,--,--,--,--,--,--,--,--,--,--,--,--,--,--,0.11,USD,--,--,Insertion Fee
2026-03-21T23:35:16.433Z,Other fee,--,--,--,--,--,--,--,--,0.11,USD,--,7407708883,--,--,--,--,FEE-7613495367719_11,--,--,--,--,--,--,--,--,--,--,--,--,--,--,--,0.11,USD,--,--,Insertion Fee
2026-03-21T23:34:56.460Z,Other fee,--,--,--,--,--,--,--,--,0.11,USD,--,7407708883,--,--,--,--,FEE-7613494896219_11,--,--,--,--,--,--,--,--,--,--,--,--,--,--,--,0.11,USD,--,--,Insertion Fee
2026-03-21T23:34:22.654Z,Other fee,--,--,--,--,--,--,--,--,0.11,USD,--,7407708883,--,--,--,--,FEE-7613493396919_11,--,--,--,--,--,--,--,--,--,--,--,--,--,--,--,0.11,USD,--,--,Insertion Fee
2026-03-21T23:33:05.307Z,Other fee,--,--,--,--,--,--,--,--,0.11,USD,--,7407708883,--,--,--,--,FEE-7613490494319_11,--,--,--,--,--,--,--,--,--,--,--,--,--,--,--,0.11,USD,--,--,Insertion Fee
2026-03-21T23:32:34.865Z,Other fee,--,--,--,--,--,--,--,--,0.11,USD,--,7407708883,--,--,--,--,FEE-7613489473119_11,--,--,--,--,--,--,--,--,--,--,--,--,--,--,--,0.11,USD,--,--,Insertion Fee
2026-03-21T23:31:59.626Z,Other fee,--,--,--,--,--,--,--,--,0.11,USD,--,7407708883,--,--,--,--,FEE-7613488871519_11,--,--,--,--,--,--,--,--,--,--,--,--,--,--,--,0.11,USD,--,--,Insertion Fee
2026-03-21T23:30:04.219Z,Other fee,--,--,--,--,--,--,--,--,0.11,USD,--,7407708883,--,--,--,--,FEE-7613485720719_11,--,--,--,--,--,--,--,--,--,--,--,--,--,--,--,0.11,USD,--,--,Insertion Fee
2026-03-21T23:28:58.025Z,Other fee,--,--,--,--,--,--,--,--,0.11,USD,--,7407708883,--,--,--,--,FEE-7613484930219_11,--,--,--,--,--,--,--,--,--,--,--,--,--,--,--,0.11,USD,--,--,Insertion Fee
2026-03-21T23:28:27.343Z,Other fee,--,--,--,--,--,--,--,--,0.11,USD,--,7407708883,--,--,--,--,FEE-7613484318619_11,--,--,--,--,--,--,--,--,--,--,--,--,--,--,--,0.11,USD,--,--,Insertion Fee
2026-03-21T23:23:57.733Z,Other fee,--,--,--,--,--,--,--,--,0.11,USD,--,7407708883,--,--,--,--,FEE-7613473458319_11,--,--,--,--,--,--,--,--,--,--,--,--,--,--,--,0.11,USD,--,--,Insertion Fee
2026-03-21T23:21:04.547Z,Other fee,--,--,--,--,--,--,--,--,0.11,USD,--,7404158659,--,--,--,--,FEE-7613469318619_11,--,--,--,--,--,--,--,--,--,--,--,--,--,--,--,0.11,USD,--,--,Insertion Fee
2026-03-21T23:19:44.418Z,Other fee,--,--,--,--,--,--,--,--,0.11,USD,--,7404158659,--,--,--,--,FEE-7613467911519_11,--,--,--,--,--,--,--,--,--,--,--,--,--,--,--,0.11,USD,--,--,Insertion Fee
2026-03-21T23:16:06.839Z,Other fee,--,--,--,--,--,--,--,--,0.11,USD,--,7404158659,--,--,--,--,FEE-7613463235319_11,--,--,--,--,--,--,--,--,--,--,--,--,--,--,--,0.11,USD,--,--,Insertion Fee
2026-03-21T23:15:52.402Z,Other fee,--,--,--,--,--,--,--,--,0.11,USD,--,7404158659,--,--,--,--,FEE-7613461958819_11,--,--,--,--,--,--,--,--,--,--,--,--,--,--,--,0.11,USD,--,--,Insertion Fee
2026-03-21T23:15:42.337Z,Other fee,--,--,--,--,--,--,--,--,0.11,USD,--,7404158659,--,--,--,--,FEE-7613461586019_11,--,--,--,--,--,--,--,--,--,--,--,--,--,--,--,0.11,USD,--,--,Insertion Fee
2026-03-21T23:14:30.833Z,Other fee,--,--,--,--,--,--,--,--,0.11,USD,--,7404158659,--,--,--,--,FEE-7613458642019_11,--,--,--,--,--,--,--,--,--,--,--,--,--,--,--,0.11,USD,--,--,Insertion Fee
2026-03-21T23:08:42.819Z,Other fee,--,--,--,--,--,--,--,--,0.11,USD,--,7404158659,--,--,--,--,FEE-7613438213019_11,--,--,--,--,--,--,--,--,--,--,--,--,--,--,--,0.11,USD,--,--,Insertion Fee
2026-03-21T23:07:49.793Z,Other fee,--,--,--,--,--,--,--,--,0.11,USD,--,7404158659,--,--,--,--,FEE-7613437149819_11,--,--,--,--,--,--,--,--,--,--,--,--,--,--,--,0.11,USD,--,--,Insertion Fee
2026-03-21T23:04:59.488Z,Other fee,--,--,--,--,--,--,--,--,0.11,USD,--,7404158659,--,--,--,--,FEE-7613432689619_11,--,--,--,--,--,--,--,--,--,--,--,--,--,--,--,0.11,USD,--,--,Insertion Fee
2026-03-21T23:02:25.014Z,Other fee,--,--,--,--,--,--,--,--,0.11,USD,--,7404158659,--,--,--,--,FEE-7613429682819_11,--,--,--,--,--,--,--,--,--,--,--,--,--,--,--,0.11,USD,--,--,Insertion Fee
2026-03-21T22:59:19.437Z,Other fee,--,--,--,--,--,--,--,--,0.11,USD,--,7404158659,--,--,--,--,FEE-7613422071619_11,--,--,--,--,--,--,--,--,--,--,--,--,--,--,--,0.11,USD,--,--,Insertion Fee
2026-03-21T22:58:19.875Z,Other fee,--,--,--,--,--,--,--,--,0.11,USD,--,7404158659,--,--,--,--,FEE-7613419877119_11,--,--,--,--,--,--,--,--,--,--,--,--,--,--,--,0.11,USD,--,--,Insertion Fee
2026-03-21T22:57:46.181Z,Other fee,--,--,--,--,--,--,--,--,0.11,USD,--,7404158659,--,--,--,--,FEE-7613419316719_11,--,--,--,--,--,--,--,--,--,--,--,--,--,--,--,0.11,USD,--,--,Insertion Fee
2026-03-21T22:56:57.648Z,Other fee,--,--,--,--,--,--,--,--,0.11,USD,--,7404158659,--,--,--,--,FEE-7613416837719_11,--,--,--,--,--,--,--,--,--,--,--,--,--,--,--,0.11,USD,--,--,Insertion Fee
2026-03-21T22:56:02.062Z,Other fee,--,--,--,--,--,--,--,--,0.11,USD,--,7404158659,--,--,--,--,FEE-7613416400419_11,--,--,--,--,--,--,--,--,--,--,--,--,--,--,--,0.11,USD,--,--,Insertion Fee
2026-03-21T22:54:48.717Z,Other fee,--,--,--,--,--,--,--,--,0.11,USD,--,7404158659,--,--,--,--,FEE-7613413959119_11,--,--,--,--,--,--,--,--,--,--,--,--,--,--,--,0.11,USD,--,--,Insertion Fee
2026-03-21T22:54:17.100Z,Other fee,--,--,--,--,--,--,--,--,0.11,USD,--,7404158659,--,--,--,--,FEE-7613413247419_11,--,--,--,--,--,--,--,--,--,--,--,--,--,--,--,0.11,USD,--,--,Insertion Fee
2026-03-21T22:52:26.987Z,Other fee,--,--,--,--,--,--,--,--,0.11,USD,--,7404158659,--,--,--,--,FEE-7613411198519_11,--,--,--,--,--,--,--,--,--,--,--,--,--,--,--,0.11,USD,--,--,Insertion Fee
2026-03-21T22:50:33.677Z,Other fee,--,--,--,--,--,--,--,--,0.11,USD,--,7404158659,--,--,--,--,FEE-7613406590119_11,--,--,--,--,--,--,--,--,--,--,--,--,--,--,--,0.11,USD,--,--,Insertion Fee
2026-03-21T22:49:54.338Z,Other fee,--,--,--,--,--,--,--,--,0.11,USD,--,7404158659,--,--,--,--,FEE-7613403040419_11,--,--,--,--,--,--,--,--,--,--,--,--,--,--,--,0.11,USD,--,--,Insertion Fee
2026-03-21T22:48:51.956Z,Other fee,--,--,--,--,--,--,--,--,0.11,USD,--,7404158659,--,--,--,--,FEE-7613399191319_11,--,--,--,--,--,--,--,--,--,--,--,--,--,--,--,0.11,USD,--,--,Insertion Fee
2026-03-21T22:35:58.010Z,Other fee,--,--,--,--,--,--,--,--,0.11,USD,--,7404158659,--,--,--,--,FEE-7613381304919_11,--,--,--,--,--,--,--,--,--,--,--,--,--,--,--,0.11,USD,--,--,Insertion Fee
2026-03-21T22:34:17.925Z,Other fee,--,--,--,--,--,--,--,--,0.11,USD,--,7404158659,--,--,--,--,FEE-7613379023119_11,--,--,--,--,--,--,--,--,--,--,--,--,--,--,--,0.11,USD,--,--,Insertion Fee
2026-03-21T22:32:40.204Z,Other fee,--,--,--,--,--,--,--,--,0.11,USD,--,7404158659,--,--,--,--,FEE-7613377696019_11,--,--,--,--,--,--,--,--,--,--,--,--,--,--,--,0.11,USD,--,--,Insertion Fee
2026-03-21T22:28:47.116Z,Other fee,--,--,--,--,--,--,--,--,0.11,USD,--,7404158659,--,--,--,--,FEE-7613372180419_11,--,--,--,--,--,--,--,--,--,--,--,--,--,--,--,0.11,USD,--,--,Insertion Fee
2026-03-21T22:26:50.206Z,Other fee,--,--,--,--,--,--,--,--,0.11,USD,--,7404158659,--,--,--,--,FEE-7613369514219_11,--,--,--,--,--,--,--,--,--,--,--,--,--,--,--,0.11,USD,--,--,Insertion Fee
2026-03-21T22:25:33.155Z,Other fee,--,--,--,--,--,--,--,--,0.11,USD,--,7404158659,--,--,--,--,FEE-7613368070719_11,--,--,--,--,--,--,--,--,--,--,--,--,--,--,--,0.11,USD,--,--,Insertion Fee
2026-03-21T22:24:45.805Z,Other fee,--,--,--,--,--,--,--,--,0.11,USD,--,7404158659,--,--,--,--,FEE-7613366408419_11,--,--,--,--,--,--,--,--,--,--,--,--,--,--,--,0.11,USD,--,--,Insertion Fee
2026-03-21T22:22:40.579Z,Other fee,--,--,--,--,--,--,--,--,0.11,USD,--,7404158659,--,--,--,--,FEE-7613364097519_11,--,--,--,--,--,--,--,--,--,--,--,--,--,--,--,0.11,USD,--,--,Insertion Fee
2026-03-21T22:20:01.385Z,Other fee,--,--,--,--,--,--,--,--,0.11,USD,--,7404158659,--,--,--,--,FEE-7613361448119_11,--,--,--,--,--,--,--,--,--,--,--,--,--,--,--,0.11,USD,--,--,Insertion Fee
2026-03-21T22:18:45.793Z,Other fee,--,--,--,--,--,--,--,--,0.11,USD,--,7404158659,--,--,--,--,FEE-7613358113219_11,--,--,--,--,--,--,--,--,--,--,--,--,--,--,--,0.11,USD,--,--,Insertion Fee
2026-03-21T22:14:24.472Z,Other fee,--,--,--,--,--,--,--,--,0.11,USD,--,7404158659,--,--,--,--,FEE-7613352053619_11,--,--,--,--,--,--,--,--,--,--,--,--,--,--,--,0.11,USD,--,--,Insertion Fee
2026-03-21T22:10:31.010Z,Other fee,--,--,--,--,--,--,--,--,0.11,USD,--,7404158659,--,--,--,--,FEE-7613344593519_11,--,--,--,--,--,--,--,--,--,--,--,--,--,--,--,0.11,USD,--,--,Insertion Fee
2026-03-21T21:53:26.472Z,Other fee,--,--,--,--,--,--,--,--,0.11,USD,--,7404158659,--,--,--,--,FEE-7613305903619_11,--,--,--,--,--,--,--,--,--,--,--,--,--,--,--,0.11,USD,--,--,Insertion Fee
2026-03-21T21:52:49.608Z,Other fee,--,--,--,--,--,--,--,--,0.11,USD,--,7404158659,--,--,--,--,FEE-7613304748619_11,--,--,--,--,--,--,--,--,--,--,--,--,--,--,--,0.11,USD,--,--,Insertion Fee
2026-03-21T21:51:41.157Z,Other fee,--,--,--,--,--,--,--,--,0.11,USD,--,7404158659,--,--,--,--,FEE-7613302369419_11,--,--,--,--,--,--,--,--,--,--,--,--,--,--,--,0.11,USD,--,--,Insertion Fee
2026-03-21T21:50:15.642Z,Other fee,--,--,--,--,--,--,--,--,0.11,USD,--,7404158659,--,--,--,--,FEE-7613299854819_11,--,--,--,--,--,--,--,--,--,--,--,--,--,--,--,0.11,USD,--,--,Insertion Fee
2026-03-21T21:47:47.674Z,Other fee,--,--,--,--,--,--,--,--,0.11,USD,--,7404158659,--,--,--,--,FEE-7613295860919_11,--,--,--,--,--,--,--,--,--,--,--,--,--,--,--,0.11,USD,--,--,Insertion Fee
2026-03-21T21:47:45.007Z,Other fee,--,--,--,--,--,--,--,--,0.11,USD,--,7404158659,--,--,--,--,FEE-7613295355419_11,--,--,--,--,--,--,--,--,--,--,--,--,--,--,--,0.11,USD,--,--,Insertion Fee
2026-03-21T21:47:39.569Z,Other fee,--,--,--,--,--,--,--,--,0.11,USD,--,7404158659,--,--,--,--,FEE-7613294783119_11,--,--,--,--,--,--,--,--,--,--,--,--,--,--,--,0.11,USD,--,--,Insertion Fee
2026-03-21T21:46:00.947Z,Other fee,--,--,--,--,--,--,--,--,0.11,USD,--,7404158659,--,--,--,--,FEE-7613292671119_11,--,--,--,--,--,--,--,--,--,--,--,--,--,--,--,0.11,USD,--,--,Insertion Fee
2026-03-21T21:41:12.964Z,Other fee,--,--,--,--,--,--,--,--,0.11,USD,--,7404158659,--,--,--,--,FEE-7613283445119_11,--,--,--,--,--,--,--,--,--,--,--,--,--,--,--,0.11,USD,--,--,Insertion Fee
2026-03-21T21:39:43.790Z,Other fee,--,--,--,--,--,--,--,--,0.11,USD,--,7404158659,--,--,--,--,FEE-7613282307619_11,--,--,--,--,--,--,--,--,--,--,--,--,--,--,--,0.11,USD,--,--,Insertion Fee
2026-03-21T21:39:28.581Z,Other fee,--,--,--,--,--,--,--,--,0.11,USD,--,7404158659,--,--,--,--,FEE-7613281334319_11,--,--,--,--,--,--,--,--,--,--,--,--,--,--,--,0.11,USD,--,--,Insertion Fee
2026-03-21T21:36:12.290Z,Other fee,--,--,--,--,--,--,--,--,0.11,USD,--,7404158659,--,--,--,--,FEE-7613278137519_11,--,--,--,--,--,--,--,--,--,--,--,--,--,--,--,0.11,USD,--,--,Insertion Fee
2026-03-21T21:34:04.035Z,Other fee,--,--,--,--,--,--,--,--,0.11,USD,--,7404158659,--,--,--,--,FEE-7613275336819_11,--,--,--,--,--,--,--,--,--,--,--,--,--,--,--,0.11,USD,--,--,Insertion Fee
2026-03-21T21:32:13.970Z,Other fee,--,--,--,--,--,--,--,--,0.11,USD,--,7404158659,--,--,--,--,FEE-7613273576519_11,--,--,--,--,--,--,--,--,--,--,--,--,--,--,--,0.11,USD,--,--,Insertion Fee
2026-03-21T21:30:05.877Z,Other fee,--,--,--,--,--,--,--,--,0.11,USD,--,7404158659,--,--,--,--,FEE-7613270863919_11,--,--,--,--,--,--,--,--,--,--,--,--,--,--,--,0.11,USD,--,--,Insertion Fee
2026-03-21T21:21:37.922Z,Other fee,--,--,--,--,--,--,--,--,0.11,USD,--,7404158659,--,--,--,--,FEE-7613258664219_11,--,--,--,--,--,--,--,--,--,--,--,--,--,--,--,0.11,USD,--,--,Insertion Fee
2026-03-21T21:16:45.592Z,Other fee,--,--,--,--,--,--,--,--,0.11,USD,--,7404158659,--,--,--,--,FEE-7613251970319_11,--,--,--,--,--,--,--,--,--,--,--,--,--,--,--,0.11,USD,--,--,Insertion Fee
2026-03-21T21:13:39.294Z,Other fee,--,--,--,--,--,--,--,--,0.11,USD,--,7404158659,--,--,--,--,FEE-7613242871519_11,--,--,--,--,--,--,--,--,--,--,--,--,--,--,--,0.11,USD,--,--,Insertion Fee
2026-03-21T21:12:34.071Z,Other fee,--,--,--,--,--,--,--,--,0.11,USD,--,7404158659,--,--,--,--,FEE-7613239871319_11,--,--,--,--,--,--,--,--,--,--,--,--,--,--,--,0.11,USD,--,--,Insertion Fee
2026-03-21T21:08:36.627Z,Other fee,--,--,--,--,--,--,--,--,0.11,USD,--,7404158659,--,--,--,--,FEE-7613233399719_11,--,--,--,--,--,--,--,--,--,--,--,--,--,--,--,0.11,USD,--,--,Insertion Fee
2026-03-21T21:08:02.862Z,Other fee,--,--,--,--,--,--,--,--,0.11,USD,--,7404158659,--,--,--,--,FEE-7613231828719_11,--,--,--,--,--,--,--,--,--,--,--,--,--,--,--,0.11,USD,--,--,Insertion Fee
2026-03-21T21:05:50.310Z,Other fee,--,--,--,--,--,--,--,--,0.11,USD,--,7404158659,--,--,--,--,FEE-7613225937919_11,--,--,--,--,--,--,--,--,--,--,--,--,--,--,--,0.11,USD,--,--,Insertion Fee
2026-03-21T21:00:47.927Z,Other fee,--,--,--,--,--,--,--,--,0.11,USD,--,7404158659,--,--,--,--,FEE-7613221864819_11,--,--,--,--,--,--,--,--,--,--,--,--,--,--,--,0.11,USD,--,--,Insertion Fee
2026-03-21T20:59:16.933Z,Other fee,--,--,--,--,--,--,--,--,0.11,USD,--,7404158659,--,--,--,--,FEE-7613219333819_11,--,--,--,--,--,--,--,--,--,--,--,--,--,--,--,0.11,USD,--,--,Insertion Fee
2026-03-21T20:55:14.230Z,Other fee,--,--,--,--,--,--,--,--,0.11,USD,--,7404158659,--,--,--,--,FEE-7613209122019_11,--,--,--,--,--,--,--,--,--,--,--,--,--,--,--,0.11,USD,--,--,Insertion Fee
2026-03-21T20:54:37.685Z,Other fee,--,--,--,--,--,--,--,--,0.11,USD,--,7404158659,--,--,--,--,FEE-7613208239419_11,--,--,--,--,--,--,--,--,--,--,--,--,--,--,--,0.11,USD,--,--,Insertion Fee
2026-03-21T20:51:40.107Z,Other fee,--,--,--,--,--,--,--,--,0.11,USD,--,7404158659,--,--,--,--,FEE-7613203899919_11,--,--,--,--,--,--,--,--,--,--,--,--,--,--,--,0.11,USD,--,--,Insertion Fee
2026-03-21T20:48:31.528Z,Other fee,--,--,--,--,--,--,--,--,0.11,USD,--,7404158659,--,--,--,--,FEE-7613196579119_11,--,--,--,--,--,--,--,--,--,--,--,--,--,--,--,0.11,USD,--,--,Insertion Fee
2026-03-21T20:48:25.098Z,Other fee,--,--,--,--,--,--,--,--,0.11,USD,--,7404158659,--,--,--,--,FEE-7613194017219_11,--,--,--,--,--,--,--,--,--,--,--,--,--,--,--,0.11,USD,--,--,Insertion Fee
2026-03-21T20:47:02.075Z,Other fee,--,--,--,--,--,--,--,--,0.11,USD,--,7404158659,--,--,--,--,FEE-7613188889819_11,--,--,--,--,--,--,--,--,--,--,--,--,--,--,--,0.11,USD,--,--,Insertion Fee
2026-03-21T20:44:39.124Z,Other fee,--,--,--,--,--,--,--,--,0.11,USD,--,7404158659,--,--,--,--,FEE-7613183532919_11,--,--,--,--,--,--,--,--,--,--,--,--,--,--,--,0.11,USD,--,--,Insertion Fee
2026-03-21T20:44:01.274Z,Other fee,--,--,--,--,--,--,--,--,0.11,USD,--,7404158659,--,--,--,--,FEE-7613182315819_11,--,--,--,--,--,--,--,--,--,--,--,--,--,--,--,0.11,USD,--,--,Insertion Fee
2026-03-21T20:42:36.981Z,Other fee,--,--,--,--,--,--,--,--,0.11,USD,--,7404158659,--,--,--,--,FEE-7613180749119_11,--,--,--,--,--,--,--,--,--,--,--,--,--,--,--,0.11,USD,--,--,Insertion Fee
2026-03-21T20:42:13.928Z,Other fee,--,--,--,--,--,--,--,--,0.11,USD,--,7404158659,--,--,--,--,FEE-7613179895219_11,--,--,--,--,--,--,--,--,--,--,--,--,--,--,--,0.11,USD,--,--,Insertion Fee
2026-03-21T11:42:29.283Z,Other fee,09-14395-88713,09-14395-88713,jamemurph0,James Murphy,New York,NY,10014,US,18.45,USD,--,7404158659,--,--,--,3.58333E+11,FEE-7612029185219_11,HERMES MC2 Fleming Long Wallet for Men Black 0059,m76960223135,1,308.12,--,--,--,--,--,--,--,--,--,--,--,308.12,USD,--,--,Promoted Listings - General fee
2026-03-21T11:38:46.175Z,Order,09-14395-88713,09-14395-88713,jamemurph0,James Murphy,New York,NY,10014,US,255.84,USD,--,7422552379,--,--,--,3.58333E+11,09-14395-88713,HERMES MC2 Fleming Long Wallet for Men Black 0059,m76960223135,1,308.12,--,--,--,--,--,--,--,--,--,--,--,308.12,USD,--,--,--
2026-03-21T10:43:41.361Z,Other fee,--,--,--,--,--,--,--,--,0.11,USD,--,7404158659,--,--,--,--,FEE-7611929867519_11,--,--,--,--,--,--,--,--,--,--,--,--,--,--,--,0.11,USD,--,--,Insertion Fee
2026-03-21T08:52:21.004Z,Other fee,--,--,--,--,--,--,--,--,0.11,USD,--,7404158659,--,--,--,--,FEE-7611711359519_11,--,--,--,--,--,--,--,--,--,--,--,--,--,--,--,0.11,USD,--,--,Insertion Fee
2026-03-21T08:25:15.602Z,Other fee,--,--,--,--,--,--,--,--,0.11,USD,--,7404158659,--,--,--,--,FEE-7611653872919_11,--,--,--,--,--,--,--,--,--,--,--,--,--,--,--,0.11,USD,--,--,Insertion Fee
2026-03-21T08:23:24.034Z,Other fee,--,--,--,--,--,--,--,--,0.11,USD,--,7404158659,--,--,--,--,FEE-7611650737619_11,--,--,--,--,--,--,--,--,--,--,--,--,--,--,--,0.11,USD,--,--,Insertion Fee
2026-03-21T08:22:25.390Z,Other fee,--,--,--,--,--,--,--,--,0.11,USD,--,7404158659,--,--,--,--,FEE-7611649610419_11,--,--,--,--,--,--,--,--,--,--,--,--,--,--,--,0.11,USD,--,--,Insertion Fee
2026-03-21T08:22:13.883Z,Other fee,--,--,--,--,--,--,--,--,0.11,USD,--,7404158659,--,--,--,--,FEE-7611648798519_11,--,--,--,--,--,--,--,--,--,--,--,--,--,--,--,0.11,USD,--,--,Insertion Fee
2026-03-21T08:15:12.859Z,Other fee,--,--,--,--,--,--,--,--,0.11,USD,--,7404158659,--,--,--,--,FEE-7611639448819_11,--,--,--,--,--,--,--,--,--,--,--,--,--,--,--,0.11,USD,--,--,Insertion Fee
2026-03-21T08:13:43.451Z,Other fee,--,--,--,--,--,--,--,--,0.11,USD,--,7404158659,--,--,--,--,FEE-7611636328319_11,--,--,--,--,--,--,--,--,--,--,--,--,--,--,--,0.11,USD,--,--,Insertion Fee
2026-03-21T08:12:25.850Z,Other fee,--,--,--,--,--,--,--,--,0.11,USD,--,7404158659,--,--,--,--,FEE-7611634921019_11,--,--,--,--,--,--,--,--,--,--,--,--,--,--,--,0.11,USD,--,--,Insertion Fee
2026-03-21T08:12:23.007Z,Other fee,--,--,--,--,--,--,--,--,0.11,USD,--,7404158659,--,--,--,--,FEE-7611634175319_11,--,--,--,--,--,--,--,--,--,--,--,--,--,--,--,0.11,USD,--,--,Insertion Fee
2026-03-21T08:12:20.153Z,Other fee,--,--,--,--,--,--,--,--,0.11,USD,--,7404158659,--,--,--,--,FEE-7611633357519_11,--,--,--,--,--,--,--,--,--,--,--,--,--,--,--,0.11,USD,--,--,Insertion Fee
2026-03-21T08:10:14.032Z,Other fee,--,--,--,--,--,--,--,--,0.11,USD,--,7404158659,--,--,--,--,FEE-7611631537919_11,--,--,--,--,--,--,--,--,--,--,--,--,--,--,--,0.11,USD,--,--,Insertion Fee
2026-03-21T08:05:13.239Z,Other fee,--,--,--,--,--,--,--,--,0.11,USD,--,7404158659,--,--,--,--,FEE-7611620245819_11,--,--,--,--,--,--,--,--,--,--,--,--,--,--,--,0.11,USD,--,--,Insertion Fee
2026-03-21T08:04:01.099Z,Other fee,--,--,--,--,--,--,--,--,0.11,USD,--,7404158659,--,--,--,--,FEE-7611616338719_11,--,--,--,--,--,--,--,--,--,--,--,--,--,--,--,0.11,USD,--,--,Insertion Fee
2026-03-21T08:03:20.237Z,Other fee,--,--,--,--,--,--,--,--,0.11,USD,--,7404158659,--,--,--,--,FEE-7611615537819_11,--,--,--,--,--,--,--,--,--,--,--,--,--,--,--,0.11,USD,--,--,Insertion Fee
2026-03-21T08:02:18.413Z,Other fee,--,--,--,--,--,--,--,--,0.11,USD,--,7404158659,--,--,--,--,FEE-7611613172219_11,--,--,--,--,--,--,--,--,--,--,--,--,--,--,--,0.11,USD,--,--,Insertion Fee
2026-03-21T07:59:27.207Z,Other fee,--,--,--,--,--,--,--,--,0.11,USD,--,7404158659,--,--,--,--,FEE-7611610268119_11,--,--,--,--,--,--,--,--,--,--,--,--,--,--,--,0.11,USD,--,--,Insertion Fee
2026-03-21T07:57:18.866Z,Other fee,--,--,--,--,--,--,--,--,0.11,USD,--,7404158659,--,--,--,--,FEE-7611608019719_11,--,--,--,--,--,--,--,--,--,--,--,--,--,--,--,0.11,USD,--,--,Insertion Fee
2026-03-21T07:57:17.417Z,Other fee,--,--,--,--,--,--,--,--,0.11,USD,--,7404158659,--,--,--,--,FEE-7611607198919_11,--,--,--,--,--,--,--,--,--,--,--,--,--,--,--,0.11,USD,--,--,Insertion Fee
2026-03-21T07:57:17.000Z,Other fee,--,--,--,--,--,--,--,--,0.11,USD,--,7404158659,--,--,--,--,FEE-7611607276719_11,--,--,--,--,--,--,--,--,--,--,--,--,--,--,--,0.11,USD,--,--,Insertion Fee
2026-03-21T07:54:07.194Z,Other fee,--,--,--,--,--,--,--,--,0.11,USD,--,7404158659,--,--,--,--,FEE-7611602544619_11,--,--,--,--,--,--,--,--,--,--,--,--,--,--,--,0.11,USD,--,--,Insertion Fee
2026-03-21T07:54:04.274Z,Other fee,--,--,--,--,--,--,--,--,0.11,USD,--,7404158659,--,--,--,--,FEE-7611602214119_11,--,--,--,--,--,--,--,--,--,--,--,--,--,--,--,0.11,USD,--,--,Insertion Fee
2026-03-21T07:53:54.383Z,Other fee,--,--,--,--,--,--,--,--,0.11,USD,--,7404158659,--,--,--,--,FEE-7611601300019_11,--,--,--,--,--,--,--,--,--,--,--,--,--,--,--,0.11,USD,--,--,Insertion Fee
2026-03-21T07:52:25.127Z,Other fee,--,--,--,--,--,--,--,--,0.11,USD,--,7404158659,--,--,--,--,FEE-7611600114719_11,--,--,--,--,--,--,--,--,--,--,--,--,--,--,--,0.11,USD,--,--,Insertion Fee
2026-03-21T07:52:23.122Z,Other fee,--,--,--,--,--,--,--,--,0.11,USD,--,7404158659,--,--,--,--,FEE-7611599415319_11,--,--,--,--,--,--,--,--,--,--,--,--,--,--,--,0.11,USD,--,--,Insertion Fee
2026-03-21T07:52:18.901Z,Other fee,--,--,--,--,--,--,--,--,0.11,USD,--,7404158659,--,--,--,--,FEE-7611599124919_11,--,--,--,--,--,--,--,--,--,--,--,--,--,--,--,0.11,USD,--,--,Insertion Fee
2026-03-21T07:50:25.337Z,Other fee,--,--,--,--,--,--,--,--,0.11,USD,--,7404158659,--,--,--,--,FEE-7611597391919_11,--,--,--,--,--,--,--,--,--,--,--,--,--,--,--,0.11,USD,--,--,Insertion Fee
2026-03-21T07:50:15.680Z,Other fee,--,--,--,--,--,--,--,--,0.11,USD,--,7404158659,--,--,--,--,FEE-7611596682519_11,--,--,--,--,--,--,--,--,--,--,--,--,--,--,--,0.11,USD,--,--,Insertion Fee
2026-03-21T07:49:21.702Z,Other fee,--,--,--,--,--,--,--,--,0.11,USD,--,7404158659,--,--,--,--,FEE-7611595090419_11,--,--,--,--,--,--,--,--,--,--,--,--,--,--,--,0.11,USD,--,--,Insertion Fee
2026-03-21T07:49:03.847Z,Other fee,--,--,--,--,--,--,--,--,0.11,USD,--,7404158659,--,--,--,--,FEE-7611594306019_11,--,--,--,--,--,--,--,--,--,--,--,--,--,--,--,0.11,USD,--,--,Insertion Fee
2026-03-21T07:48:24.952Z,Other fee,--,--,--,--,--,--,--,--,0.11,USD,--,7404158659,--,--,--,--,FEE-7611593342019_11,--,--,--,--,--,--,--,--,--,--,--,--,--,--,--,0.11,USD,--,--,Insertion Fee
2026-03-21T07:48:23.597Z,Other fee,--,--,--,--,--,--,--,--,0.11,USD,--,7404158659,--,--,--,--,FEE-7611593279319_11,--,--,--,--,--,--,--,--,--,--,--,--,--,--,--,0.11,USD,--,--,Insertion Fee
2026-03-21T07:46:13.484Z,Other fee,--,--,--,--,--,--,--,--,0.11,USD,--,7404158659,--,--,--,--,FEE-7611591693519_11,--,--,--,--,--,--,--,--,--,--,--,--,--,--,--,0.11,USD,--,--,Insertion Fee
2026-03-21T07:45:11.016Z,Other fee,--,--,--,--,--,--,--,--,0.11,USD,--,7404158659,--,--,--,--,FEE-7611591125519_11,--,--,--,--,--,--,--,--,--,--,--,--,--,--,--,0.11,USD,--,--,Insertion Fee
2026-03-21T07:43:59.401Z,Other fee,--,--,--,--,--,--,--,--,0.11,USD,--,7404158659,--,--,--,--,FEE-7611589976219_11,--,--,--,--,--,--,--,--,--,--,--,--,--,--,--,0.11,USD,--,--,Insertion Fee
2026-03-21T07:43:21.116Z,Other fee,--,--,--,--,--,--,--,--,0.11,USD,--,7404158659,--,--,--,--,FEE-7611588857319_11,--,--,--,--,--,--,--,--,--,--,--,--,--,--,--,0.11,USD,--,--,Insertion Fee
2026-03-21T07:42:20.421Z,Other fee,--,--,--,--,--,--,--,--,0.11,USD,--,7404158659,--,--,--,--,FEE-7611588180919_11,--,--,--,--,--,--,--,--,--,--,--,--,--,--,--,0.11,USD,--,--,Insertion Fee
2026-03-21T07:42:17.422Z,Other fee,--,--,--,--,--,--,--,--,0.11,USD,--,7404158659,--,--,--,--,FEE-7611587561119_11,--,--,--,--,--,--,--,--,--,--,--,--,--,--,--,0.11,USD,--,--,Insertion Fee
2026-03-21T07:42:12.922Z,Other fee,--,--,--,--,--,--,--,--,0.11,USD,--,7404158659,--,--,--,--,FEE-7611586925019_11,--,--,--,--,--,--,--,--,--,--,--,--,--,--,--,0.11,USD,--,--,Insertion Fee
2026-03-21T07:41:12.839Z,Other fee,--,--,--,--,--,--,--,--,0.11,USD,--,7404158659,--,--,--,--,FEE-7611586279119_11,--,--,--,--,--,--,--,--,--,--,--,--,--,--,--,0.11,USD,--,--,Insertion Fee
2026-03-21T07:40:24.962Z,Other fee,--,--,--,--,--,--,--,--,0.11,USD,--,7404158659,--,--,--,--,FEE-7611585936419_11,--,--,--,--,--,--,--,--,--,--,--,--,--,--,--,0.11,USD,--,--,Insertion Fee
2026-03-21T07:40:11.686Z,Other fee,--,--,--,--,--,--,--,--,0.11,USD,--,7404158659,--,--,--,--,FEE-7611585445819_11,--,--,--,--,--,--,--,--,--,--,--,--,--,--,--,0.11,USD,--,--,Insertion Fee
2026-03-21T07:39:21.344Z,Other fee,--,--,--,--,--,--,--,--,0.11,USD,--,7404158659,--,--,--,--,FEE-7611584535519_11,--,--,--,--,--,--,--,--,--,--,--,--,--,--,--,0.11,USD,--,--,Insertion Fee
2026-03-21T07:38:19.817Z,Other fee,--,--,--,--,--,--,--,--,0.11,USD,--,7404158659,--,--,--,--,FEE-7611582652719_11,--,--,--,--,--,--,--,--,--,--,--,--,--,--,--,0.11,USD,--,--,Insertion Fee
2026-03-21T07:37:18.988Z,Other fee,--,--,--,--,--,--,--,--,0.11,USD,--,7404158659,--,--,--,--,FEE-7611581588419_11,--,--,--,--,--,--,--,--,--,--,--,--,--,--,--,0.11,USD,--,--,Insertion Fee
2026-03-21T07:37:05.968Z,Other fee,--,--,--,--,--,--,--,--,0.11,USD,--,7404158659,--,--,--,--,FEE-7611580866419_11,--,--,--,--,--,--,--,--,--,--,--,--,--,--,--,0.11,USD,--,--,Insertion Fee
2026-03-21T07:35:10.920Z,Other fee,--,--,--,--,--,--,--,--,0.11,USD,--,7404158659,--,--,--,--,FEE-7611578581819_11,--,--,--,--,--,--,--,--,--,--,--,--,--,--,--,0.11,USD,--,--,Insertion Fee
2026-03-21T07:34:25.800Z,Other fee,--,--,--,--,--,--,--,--,0.11,USD,--,7404158659,--,--,--,--,FEE-7611578308619_11,--,--,--,--,--,--,--,--,--,--,--,--,--,--,--,0.11,USD,--,--,Insertion Fee
2026-03-21T07:33:59.317Z,Other fee,--,--,--,--,--,--,--,--,0.11,USD,--,7404158659,--,--,--,--,FEE-7611577761019_11,--,--,--,--,--,--,--,--,--,--,--,--,--,--,--,0.11,USD,--,--,Insertion Fee
2026-03-21T07:33:18.234Z,Other fee,--,--,--,--,--,--,--,--,0.11,USD,--,7404158659,--,--,--,--,FEE-7611576754219_11,--,--,--,--,--,--,--,--,--,--,--,--,--,--,--,0.11,USD,--,--,Insertion Fee
2026-03-21T07:33:16.872Z,Other fee,--,--,--,--,--,--,--,--,0.11,USD,--,7404158659,--,--,--,--,FEE-7611577042419_11,--,--,--,--,--,--,--,--,--,--,--,--,--,--,--,0.11,USD,--,--,Insertion Fee
2026-03-21T07:32:14.822Z,Other fee,--,--,--,--,--,--,--,--,0.11,USD,--,7404158659,--,--,--,--,FEE-7611575597719_11,--,--,--,--,--,--,--,--,--,--,--,--,--,--,--,0.11,USD,--,--,Insertion Fee
2026-03-21T07:30:10.818Z,Other fee,--,--,--,--,--,--,--,--,0.11,USD,--,7404158659,--,--,--,--,FEE-7611573351619_11,--,--,--,--,--,--,--,--,--,--,--,--,--,--,--,0.11,USD,--,--,Insertion Fee
2026-03-21T07:30:09.356Z,Other fee,--,--,--,--,--,--,--,--,0.11,USD,--,7404158659,--,--,--,--,FEE-7611573845419_11,--,--,--,--,--,--,--,--,--,--,--,--,--,--,--,0.11,USD,--,--,Insertion Fee
2026-03-21T07:29:24.572Z,Other fee,--,--,--,--,--,--,--,--,0.11,USD,--,7404158659,--,--,--,--,FEE-7611572639019_11,--,--,--,--,--,--,--,--,--,--,--,--,--,--,--,0.11,USD,--,--,Insertion Fee
2026-03-21T07:28:44.265Z,Other fee,--,--,--,--,--,--,--,--,0.11,USD,--,7404158659,--,--,--,--,FEE-7611571260319_11,--,--,--,--,--,--,--,--,--,--,--,--,--,--,--,0.11,USD,--,--,Insertion Fee
2026-03-21T07:28:43.739Z,Other fee,--,--,--,--,--,--,--,--,0.11,USD,--,7404158659,--,--,--,--,FEE-7611571598919_11,--,--,--,--,--,--,--,--,--,--,--,--,--,--,--,0.11,USD,--,--,Insertion Fee
2026-03-21T07:27:14.449Z,Other fee,--,--,--,--,--,--,--,--,0.11,USD,--,7404158659,--,--,--,--,FEE-7611569988219_11,--,--,--,--,--,--,--,--,--,--,--,--,--,--,--,0.11,USD,--,--,Insertion Fee
2026-03-21T07:24:06.856Z,Other fee,--,--,--,--,--,--,--,--,0.11,USD,--,7404158659,--,--,--,--,FEE-7611566469119_11,--,--,--,--,--,--,--,--,--,--,--,--,--,--,--,0.11,USD,--,--,Insertion Fee
2026-03-21T07:23:47.741Z,Other fee,--,--,--,--,--,--,--,--,0.11,USD,--,7404158659,--,--,--,--,FEE-7611565578219_11,--,--,--,--,--,--,--,--,--,--,--,--,--,--,--,0.11,USD,--,--,Insertion Fee
2026-03-21T07:23:25.842Z,Other fee,--,--,--,--,--,--,--,--,0.11,USD,--,7404158659,--,--,--,--,FEE-7611565159719_11,--,--,--,--,--,--,--,--,--,--,--,--,--,--,--,0.11,USD,--,--,Insertion Fee
2026-03-21T07:22:22.328Z,Other fee,--,--,--,--,--,--,--,--,0.11,USD,--,7404158659,--,--,--,--,FEE-7611563939219_11,--,--,--,--,--,--,--,--,--,--,--,--,--,--,--,0.11,USD,--,--,Insertion Fee
2026-03-21T07:22:19.900Z,Other fee,--,--,--,--,--,--,--,--,0.11,USD,--,7404158659,--,--,--,--,FEE-7611563066419_11,--,--,--,--,--,--,--,--,--,--,--,--,--,--,--,0.11,USD,--,--,Insertion Fee
2026-03-21T07:22:15.577Z,Other fee,--,--,--,--,--,--,--,--,0.11,USD,--,7404158659,--,--,--,--,FEE-7611562520219_11,--,--,--,--,--,--,--,--,--,--,--,--,--,--,--,0.11,USD,--,--,Insertion Fee
2026-03-21T07:22:14.113Z,Other fee,--,--,--,--,--,--,--,--,0.11,USD,--,7404158659,--,--,--,--,FEE-7611562059419_11,--,--,--,--,--,--,--,--,--,--,--,--,--,--,--,0.11,USD,--,--,Insertion Fee
2026-03-21T07:21:14.650Z,Other fee,--,--,--,--,--,--,--,--,0.11,USD,--,7404158659,--,--,--,--,FEE-7611561207619_11,--,--,--,--,--,--,--,--,--,--,--,--,--,--,--,0.11,USD,--,--,Insertion Fee
2026-03-21T07:20:32.836Z,Other fee,--,--,--,--,--,--,--,--,0.11,USD,--,7404158659,--,--,--,--,FEE-7611560397119_11,--,--,--,--,--,--,--,--,--,--,--,--,--,--,--,0.11,USD,--,--,Insertion Fee
2026-03-21T07:20:09.368Z,Other fee,--,--,--,--,--,--,--,--,0.11,USD,--,7404158659,--,--,--,--,FEE-7611559688319_11,--,--,--,--,--,--,--,--,--,--,--,--,--,--,--,0.11,USD,--,--,Insertion Fee
2026-03-21T07:20:07.601Z,Other fee,--,--,--,--,--,--,--,--,0.11,USD,--,7404158659,--,--,--,--,FEE-7611559035819_11,--,--,--,--,--,--,--,--,--,--,--,--,--,--,--,0.11,USD,--,--,Insertion Fee
2026-03-21T07:19:03.542Z,Other fee,--,--,--,--,--,--,--,--,0.11,USD,--,7404158659,--,--,--,--,FEE-7611557559519_11,--,--,--,--,--,--,--,--,--,--,--,--,--,--,--,0.11,USD,--,--,Insertion Fee
2026-03-21T07:18:15.981Z,Other fee,--,--,--,--,--,--,--,--,0.11,USD,--,7404158659,--,--,--,--,FEE-7611556743319_11,--,--,--,--,--,--,--,--,--,--,--,--,--,--,--,0.11,USD,--,--,Insertion Fee
2026-03-21T07:17:21.572Z,Other fee,--,--,--,--,--,--,--,--,0.11,USD,--,7404158659,--,--,--,--,FEE-7611555629519_11,--,--,--,--,--,--,--,--,--,--,--,--,--,--,--,0.11,USD,--,--,Insertion Fee
2026-03-21T07:15:20.980Z,Other fee,--,--,--,--,--,--,--,--,0.11,USD,--,7404158659,--,--,--,--,FEE-7611553816519_11,--,--,--,--,--,--,--,--,--,--,--,--,--,--,--,0.11,USD,--,--,Insertion Fee
2026-03-21T07:13:44.645Z,Other fee,--,--,--,--,--,--,--,--,0.11,USD,--,7404158659,--,--,--,--,FEE-7611550557419_11,--,--,--,--,--,--,--,--,--,--,--,--,--,--,--,0.11,USD,--,--,Insertion Fee
2026-03-21T07:13:17.330Z,Other fee,--,--,--,--,--,--,--,--,0.11,USD,--,7404158659,--,--,--,--,FEE-7611549798919_11,--,--,--,--,--,--,--,--,--,--,--,--,--,--,--,0.11,USD,--,--,Insertion Fee
2026-03-21T07:12:27.869Z,Other fee,--,--,--,--,--,--,--,--,0.11,USD,--,7404158659,--,--,--,--,FEE-7611548045019_11,--,--,--,--,--,--,--,--,--,--,--,--,--,--,--,0.11,USD,--,--,Insertion Fee
2026-03-21T07:12:12.330Z,Other fee,--,--,--,--,--,--,--,--,0.11,USD,--,7404158659,--,--,--,--,FEE-7611548554319_11,--,--,--,--,--,--,--,--,--,--,--,--,--,--,--,0.11,USD,--,--,Insertion Fee
2026-03-21T07:11:31.845Z,Other fee,--,--,--,--,--,--,--,--,0.11,USD,--,7404158659,--,--,--,--,FEE-7611547604219_11,--,--,--,--,--,--,--,--,--,--,--,--,--,--,--,0.11,USD,--,--,Insertion Fee
2026-03-21T07:10:23.322Z,Other fee,--,--,--,--,--,--,--,--,0.11,USD,--,7404158659,--,--,--,--,FEE-7611547075119_11,--,--,--,--,--,--,--,--,--,--,--,--,--,--,--,0.11,USD,--,--,Insertion Fee
2026-03-21T07:10:09.962Z,Other fee,--,--,--,--,--,--,--,--,0.11,USD,--,7404158659,--,--,--,--,FEE-7611546555819_11,--,--,--,--,--,--,--,--,--,--,--,--,--,--,--,0.11,USD,--,--,Insertion Fee
2026-03-21T07:08:58.827Z,Other fee,--,--,--,--,--,--,--,--,0.11,USD,--,7404158659,--,--,--,--,FEE-7611545465719_11,--,--,--,--,--,--,--,--,--,--,--,--,--,--,--,0.11,USD,--,--,Insertion Fee
2026-03-21T07:08:15.102Z,Other fee,--,--,--,--,--,--,--,--,0.11,USD,--,7404158659,--,--,--,--,FEE-7611544620919_11,--,--,--,--,--,--,--,--,--,--,--,--,--,--,--,0.11,USD,--,--,Insertion Fee
2026-03-21T07:07:18.696Z,Other fee,--,--,--,--,--,--,--,--,0.11,USD,--,7404158659,--,--,--,--,FEE-7611543778419_11,--,--,--,--,--,--,--,--,--,--,--,--,--,--,--,0.11,USD,--,--,Insertion Fee
2026-03-21T07:07:14.399Z,Other fee,--,--,--,--,--,--,--,--,0.11,USD,--,7404158659,--,--,--,--,FEE-7611542582819_11,--,--,--,--,--,--,--,--,--,--,--,--,--,--,--,0.11,USD,--,--,Insertion Fee
2026-03-21T07:03:58.303Z,Other fee,--,--,--,--,--,--,--,--,0.11,USD,--,7404158659,--,--,--,--,FEE-7611538250019_11,--,--,--,--,--,--,--,--,--,--,--,--,--,--,--,0.11,USD,--,--,Insertion Fee
2026-03-21T07:03:43.284Z,Other fee,--,--,--,--,--,--,--,--,0.11,USD,--,7404158659,--,--,--,--,FEE-7611537834419_11,--,--,--,--,--,--,--,--,--,--,--,--,--,--,--,0.11,USD,--,--,Insertion Fee
2026-03-21T07:02:24.303Z,Other fee,--,--,--,--,--,--,--,--,0.11,USD,--,7404158659,--,--,--,--,FEE-7611536488919_11,--,--,--,--,--,--,--,--,--,--,--,--,--,--,--,0.11,USD,--,--,Insertion Fee
2026-03-21T07:00:06.087Z,Other fee,--,--,--,--,--,--,--,--,0.11,USD,--,7404158659,--,--,--,--,FEE-7611533829119_11,--,--,--,--,--,--,--,--,--,--,--,--,--,--,--,0.11,USD,--,--,Insertion Fee
2026-03-21T06:59:05.778Z,Other fee,--,--,--,--,--,--,--,--,0.11,USD,--,7404158659,--,--,--,--,FEE-7611532874719_11,--,--,--,--,--,--,--,--,--,--,--,--,--,--,--,0.11,USD,--,--,Insertion Fee
2026-03-21T06:58:47.616Z,Other fee,--,--,--,--,--,--,--,--,0.11,USD,--,7404158659,--,--,--,--,FEE-7611531719519_11,--,--,--,--,--,--,--,--,--,--,--,--,--,--,--,0.11,USD,--,--,Insertion Fee
2026-03-21T06:57:15.224Z,Other fee,--,--,--,--,--,--,--,--,0.11,USD,--,7404158659,--,--,--,--,FEE-7611529230819_11,--,--,--,--,--,--,--,--,--,--,--,--,--,--,--,0.11,USD,--,--,Insertion Fee
2026-03-21T06:56:12.383Z,Other fee,--,--,--,--,--,--,--,--,0.11,USD,--,7404158659,--,--,--,--,FEE-7611528288519_11,--,--,--,--,--,--,--,--,--,--,--,--,--,--,--,0.11,USD,--,--,Insertion Fee
2026-03-21T06:55:10.245Z,Other fee,--,--,--,--,--,--,--,--,0.11,USD,--,7404158659,--,--,--,--,FEE-7611527843519_11,--,--,--,--,--,--,--,--,--,--,--,--,--,--,--,0.11,USD,--,--,Insertion Fee
2026-03-21T06:54:16.360Z,Other fee,--,--,--,--,--,--,--,--,0.11,USD,--,7404158659,--,--,--,--,FEE-7611527100019_11,--,--,--,--,--,--,--,--,--,--,--,--,--,--,--,0.11,USD,--,--,Insertion Fee
2026-03-21T06:54:06.411Z,Other fee,--,--,--,--,--,--,--,--,0.11,USD,--,7404158659,--,--,--,--,FEE-7611526150819_11,--,--,--,--,--,--,--,--,--,--,--,--,--,--,--,0.11,USD,--,--,Insertion Fee
2026-03-21T06:53:57.387Z,Other fee,--,--,--,--,--,--,--,--,0.11,USD,--,7404158659,--,--,--,--,FEE-7611525667019_11,--,--,--,--,--,--,--,--,--,--,--,--,--,--,--,0.11,USD,--,--,Insertion Fee
2026-03-21T06:53:16.690Z,Other fee,--,--,--,--,--,--,--,--,0.11,USD,--,7404158659,--,--,--,--,FEE-7611525097419_11,--,--,--,--,--,--,--,--,--,--,--,--,--,--,--,0.11,USD,--,--,Insertion Fee
2026-03-21T06:52:16.395Z,Other fee,--,--,--,--,--,--,--,--,0.11,USD,--,7404158659,--,--,--,--,FEE-7611523762019_11,--,--,--,--,--,--,--,--,--,--,--,--,--,--,--,0.11,USD,--,--,Insertion Fee
2026-03-21T06:48:12.692Z,Other fee,--,--,--,--,--,--,--,--,0.11,USD,--,7404158659,--,--,--,--,FEE-7611519197419_11,--,--,--,--,--,--,--,--,--,--,--,--,--,--,--,0.11,USD,--,--,Insertion Fee
2026-03-21T06:47:02.009Z,Other fee,--,--,--,--,--,--,--,--,0.11,USD,--,7404158659,--,--,--,--,FEE-7611517353619_11,--,--,--,--,--,--,--,--,--,--,--,--,--,--,--,0.11,USD,--,--,Insertion Fee
2026-03-21T06:45:03.378Z,Other fee,--,--,--,--,--,--,--,--,0.11,USD,--,7404158659,--,--,--,--,FEE-7611514083619_11,--,--,--,--,--,--,--,--,--,--,--,--,--,--,--,0.11,USD,--,--,Insertion Fee
2026-03-21T06:44:16.383Z,Other fee,--,--,--,--,--,--,--,--,0.11,USD,--,7404158659,--,--,--,--,FEE-7611513683419_11,--,--,--,--,--,--,--,--,--,--,--,--,--,--,--,0.11,USD,--,--,Insertion Fee
2026-03-21T06:42:25.963Z,Other fee,--,--,--,--,--,--,--,--,0.11,USD,--,7404158659,--,--,--,--,FEE-7611512652819_11,--,--,--,--,--,--,--,--,--,--,--,--,--,--,--,0.11,USD,--,--,Insertion Fee
2026-03-21T06:42:17.952Z,Other fee,--,--,--,--,--,--,--,--,0.11,USD,--,7404158659,--,--,--,--,FEE-7611512272519_11,--,--,--,--,--,--,--,--,--,--,--,--,--,--,--,0.11,USD,--,--,Insertion Fee
2026-03-21T06:38:57.033Z,Other fee,--,--,--,--,--,--,--,--,0.11,USD,--,7404158659,--,--,--,--,FEE-7611507759119_11,--,--,--,--,--,--,--,--,--,--,--,--,--,--,--,0.11,USD,--,--,Insertion Fee
2026-03-21T06:36:57.783Z,Other fee,--,--,--,--,--,--,--,--,0.11,USD,--,7404158659,--,--,--,--,FEE-7611504378619_11,--,--,--,--,--,--,--,--,--,--,--,--,--,--,--,0.11,USD,--,--,Insertion Fee
2026-03-21T06:35:02.711Z,Other fee,--,--,--,--,--,--,--,--,0.11,USD,--,7404158659,--,--,--,--,FEE-7611503164719_11,--,--,--,--,--,--,--,--,--,--,--,--,--,--,--,0.11,USD,--,--,Insertion Fee
2026-03-21T06:31:55.098Z,Other fee,--,--,--,--,--,--,--,--,0.11,USD,--,7404158659,--,--,--,--,FEE-7611499160319_11,--,--,--,--,--,--,--,--,--,--,--,--,--,--,--,0.11,USD,--,--,Insertion Fee
2026-03-21T06:31:11.842Z,Other fee,--,--,--,--,--,--,--,--,0.11,USD,--,7404158659,--,--,--,--,FEE-7611498059819_11,--,--,--,--,--,--,--,--,--,--,--,--,--,--,--,0.11,USD,--,--,Insertion Fee
2026-03-21T06:28:10.288Z,Other fee,--,--,--,--,--,--,--,--,0.11,USD,--,7404158659,--,--,--,--,FEE-7611492718519_11,--,--,--,--,--,--,--,--,--,--,--,--,--,--,--,0.11,USD,--,--,Insertion Fee
2026-03-21T06:27:16.468Z,Other fee,--,--,--,--,--,--,--,--,0.11,USD,--,7404158659,--,--,--,--,FEE-7611489837719_11,--,--,--,--,--,--,--,--,--,--,--,--,--,--,--,0.11,USD,--,--,Insertion Fee
2026-03-21T06:26:13.072Z,Other fee,--,--,--,--,--,--,--,--,0.11,USD,--,7404158659,--,--,--,--,FEE-7611485283419_11,--,--,--,--,--,--,--,--,--,--,--,--,--,--,--,0.11,USD,--,--,Insertion Fee
2026-03-21T06:17:12.398Z,Other fee,--,--,--,--,--,--,--,--,0.11,USD,--,7404158659,--,--,--,--,FEE-7611466491119_11,--,--,--,--,--,--,--,--,--,--,--,--,--,--,--,0.11,USD,--,--,Insertion Fee
2026-03-21T06:16:52.604Z,Other fee,--,--,--,--,--,--,--,--,0.11,USD,--,7404158659,--,--,--,--,FEE-7611465820719_11,--,--,--,--,--,--,--,--,--,--,--,--,--,--,--,0.11,USD,--,--,Insertion Fee
2026-03-21T06:15:02.707Z,Other fee,--,--,--,--,--,--,--,--,0.11,USD,--,7404158659,--,--,--,--,FEE-7611463024919_11,--,--,--,--,--,--,--,--,--,--,--,--,--,--,--,0.11,USD,--,--,Insertion Fee
2026-03-21T06:09:14.663Z,Other fee,--,--,--,--,--,--,--,--,0.11,USD,--,7404158659,--,--,--,--,FEE-7611455377219_11,--,--,--,--,--,--,--,--,--,--,--,--,--,--,--,0.11,USD,--,--,Insertion Fee
2026-03-21T06:08:41.101Z,Other fee,--,--,--,--,--,--,--,--,0.11,USD,--,7404158659,--,--,--,--,FEE-7611453918719_11,--,--,--,--,--,--,--,--,--,--,--,--,--,--,--,0.11,USD,--,--,Insertion Fee
2026-03-21T06:07:12.642Z,Other fee,--,--,--,--,--,--,--,--,0.11,USD,--,7404158659,--,--,--,--,FEE-7611451615119_11,--,--,--,--,--,--,--,--,--,--,--,--,--,--,--,0.11,USD,--,--,Insertion Fee
2026-03-21T06:02:19.679Z,Other fee,--,--,--,--,--,--,--,--,0.11,USD,--,7404158659,--,--,--,--,FEE-7611446276219_11,--,--,--,--,--,--,--,--,--,--,--,--,--,--,--,0.11,USD,--,--,Insertion Fee
2026-03-21T06:02:15.260Z,Other fee,--,--,--,--,--,--,--,--,0.11,USD,--,7404158659,--,--,--,--,FEE-7611445734319_11,--,--,--,--,--,--,--,--,--,--,--,--,--,--,--,0.11,USD,--,--,Insertion Fee
2026-03-21T06:02:11.549Z,Other fee,--,--,--,--,--,--,--,--,0.11,USD,--,7404158659,--,--,--,--,FEE-7611445383319_11,--,--,--,--,--,--,--,--,--,--,--,--,--,--,--,0.11,USD,--,--,Insertion Fee
2026-03-21T06:01:14.438Z,Other fee,--,--,--,--,--,--,--,--,0.11,USD,--,7404158659,--,--,--,--,FEE-7611444513119_11,--,--,--,--,--,--,--,--,--,--,--,--,--,--,--,0.11,USD,--,--,Insertion Fee
2026-03-21T06:00:12.670Z,Other fee,--,--,--,--,--,--,--,--,0.11,USD,--,7404158659,--,--,--,--,FEE-7611444184819_11,--,--,--,--,--,--,--,--,--,--,--,--,--,--,--,0.11,USD,--,--,Insertion Fee
2026-03-21T06:00:01.146Z,Other fee,--,--,--,--,--,--,--,--,0.11,USD,--,7404158659,--,--,--,--,FEE-7611443528319_11,--,--,--,--,--,--,--,--,--,--,--,--,--,--,--,0.11,USD,--,--,Insertion Fee
2026-03-21T06:00:01.088Z,Other fee,--,--,--,--,--,--,--,--,0.11,USD,--,7404158659,--,--,--,--,FEE-7611443836419_11,--,--,--,--,--,--,--,--,--,--,--,--,--,--,--,0.11,USD,--,--,Insertion Fee
2026-03-21T05:58:59.466Z,Other fee,--,--,--,--,--,--,--,--,0.11,USD,--,7404158659,--,--,--,--,FEE-7611442014519_11,--,--,--,--,--,--,--,--,--,--,--,--,--,--,--,0.11,USD,--,--,Insertion Fee
2026-03-21T05:58:40.596Z,Other fee,--,--,--,--,--,--,--,--,0.11,USD,--,7404158659,--,--,--,--,FEE-7611441416119_11,--,--,--,--,--,--,--,--,--,--,--,--,--,--,--,0.11,USD,--,--,Insertion Fee
2026-03-21T05:57:14.566Z,Other fee,--,--,--,--,--,--,--,--,0.11,USD,--,7404158659,--,--,--,--,FEE-7611439456419_11,--,--,--,--,--,--,--,--,--,--,--,--,--,--,--,0.11,USD,--,--,Insertion Fee
2026-03-21T05:53:40.953Z,Other fee,--,--,--,--,--,--,--,--,0.11,USD,--,7404158659,--,--,--,--,FEE-7611432810719_11,--,--,--,--,--,--,--,--,--,--,--,--,--,--,--,0.11,USD,--,--,Insertion Fee
2026-03-21T05:51:51.993Z,Other fee,--,--,--,--,--,--,--,--,0.11,USD,--,7404158659,--,--,--,--,FEE-7611429241819_11,--,--,--,--,--,--,--,--,--,--,--,--,--,--,--,0.11,USD,--,--,Insertion Fee
2026-03-21T05:42:10.759Z,Other fee,--,--,--,--,--,--,--,--,0.11,USD,--,7404158659,--,--,--,--,FEE-7611406196419_11,--,--,--,--,--,--,--,--,--,--,--,--,--,--,--,0.11,USD,--,--,Insertion Fee
2026-03-21T05:41:49.202Z,Other fee,--,--,--,--,--,--,--,--,0.11,USD,--,7404158659,--,--,--,--,FEE-7611405868619_11,--,--,--,--,--,--,--,--,--,--,--,--,--,--,--,0.11,USD,--,--,Insertion Fee
2026-03-21T05:41:11.797Z,Other fee,--,--,--,--,--,--,--,--,0.11,USD,--,7404158659,--,--,--,--,FEE-7611405464819_11,--,--,--,--,--,--,--,--,--,--,--,--,--,--,--,0.11,USD,--,--,Insertion Fee
2026-03-21T05:39:04.003Z,Other fee,--,--,--,--,--,--,--,--,0.11,USD,--,7404158659,--,--,--,--,FEE-7611402927819_11,--,--,--,--,--,--,--,--,--,--,--,--,--,--,--,0.11,USD,--,--,Insertion Fee
2026-03-21T05:39:02.099Z,Other fee,--,--,--,--,--,--,--,--,0.11,USD,--,7404158659,--,--,--,--,FEE-7611402671519_11,--,--,--,--,--,--,--,--,--,--,--,--,--,--,--,0.11,USD,--,--,Insertion Fee
2026-03-21T05:30:13.723Z,Other fee,--,--,--,--,--,--,--,--,0.11,USD,--,7404158659,--,--,--,--,FEE-7611388377119_11,--,--,--,--,--,--,--,--,--,--,--,--,--,--,--,0.11,USD,--,--,Insertion Fee
2026-03-21T05:28:56.801Z,Other fee,--,--,--,--,--,--,--,--,0.11,USD,--,7404158659,--,--,--,--,FEE-7611387322719_11,--,--,--,--,--,--,--,--,--,--,--,--,--,--,--,0.11,USD,--,--,Insertion Fee
2026-03-21T05:27:21.633Z,Other fee,--,--,--,--,--,--,--,--,0.11,USD,--,7404158659,--,--,--,--,FEE-7611385382919_11,--,--,--,--,--,--,--,--,--,--,--,--,--,--,--,0.11,USD,--,--,Insertion Fee
2026-03-21T05:27:17.910Z,Other fee,--,--,--,--,--,--,--,--,0.11,USD,--,7404158659,--,--,--,--,FEE-7611385308219_11,--,--,--,--,--,--,--,--,--,--,--,--,--,--,--,0.11,USD,--,--,Insertion Fee
2026-03-21T05:24:25.173Z,Other fee,--,--,--,--,--,--,--,--,0.11,USD,--,7404158659,--,--,--,--,FEE-7611381396919_11,--,--,--,--,--,--,--,--,--,--,--,--,--,--,--,0.11,USD,--,--,Insertion Fee
2026-03-21T05:24:23.739Z,Other fee,--,--,--,--,--,--,--,--,0.11,USD,--,7404158659,--,--,--,--,FEE-7611380467519_11,--,--,--,--,--,--,--,--,--,--,--,--,--,--,--,0.11,USD,--,--,Insertion Fee
2026-03-21T05:21:45.974Z,Other fee,--,--,--,--,--,--,--,--,0.11,USD,--,7404158659,--,--,--,--,FEE-7611376381619_11,--,--,--,--,--,--,--,--,--,--,--,--,--,--,--,0.11,USD,--,--,Insertion Fee
2026-03-21T05:19:05.980Z,Other fee,--,--,--,--,--,--,--,--,0.11,USD,--,7404158659,--,--,--,--,FEE-7611373400019_11,--,--,--,--,--,--,--,--,--,--,--,--,--,--,--,0.11,USD,--,--,Insertion Fee
2026-03-21T05:13:02.435Z,Other fee,--,--,--,--,--,--,--,--,0.11,USD,--,7404158659,--,--,--,--,FEE-7611366516519_11,--,--,--,--,--,--,--,--,--,--,--,--,--,--,--,0.11,USD,--,--,Insertion Fee
2026-03-21T05:12:17.939Z,Other fee,--,--,--,--,--,--,--,--,0.11,USD,--,7404158659,--,--,--,--,FEE-7611364904619_11,--,--,--,--,--,--,--,--,--,--,--,--,--,--,--,0.11,USD,--,--,Insertion Fee
2026-03-21T05:12:16.374Z,Other fee,--,--,--,--,--,--,--,--,0.11,USD,--,7404158659,--,--,--,--,FEE-7611365635319_11,--,--,--,--,--,--,--,--,--,--,--,--,--,--,--,0.11,USD,--,--,Insertion Fee
2026-03-21T05:12:10.201Z,Other fee,--,--,--,--,--,--,--,--,0.11,USD,--,7404158659,--,--,--,--,FEE-7611364527719_11,--,--,--,--,--,--,--,--,--,--,--,--,--,--,--,0.11,USD,--,--,Insertion Fee
2026-03-21T05:11:10.974Z,Other fee,--,--,--,--,--,--,--,--,0.11,USD,--,7404158659,--,--,--,--,FEE-7611363429319_11,--,--,--,--,--,--,--,--,--,--,--,--,--,--,--,0.11,USD,--,--,Insertion Fee
2026-03-21T05:09:58.602Z,Other fee,--,--,--,--,--,--,--,--,0.11,USD,--,7404158659,--,--,--,--,FEE-7611363008019_11,--,--,--,--,--,--,--,--,--,--,--,--,--,--,--,0.11,USD,--,--,Insertion Fee
2026-03-21T05:09:57.015Z,Other fee,--,--,--,--,--,--,--,--,0.11,USD,--,7404158659,--,--,--,--,FEE-7611362474719_11,--,--,--,--,--,--,--,--,--,--,--,--,--,--,--,0.11,USD,--,--,Insertion Fee
2026-03-21T05:09:02.815Z,Other fee,--,--,--,--,--,--,--,--,0.11,USD,--,7404158659,--,--,--,--,FEE-7611362100019_11,--,--,--,--,--,--,--,--,--,--,--,--,--,--,--,0.11,USD,--,--,Insertion Fee
2026-03-21T05:08:55.617Z,Other fee,--,--,--,--,--,--,--,--,0.11,USD,--,7404158659,--,--,--,--,FEE-7611361568219_11,--,--,--,--,--,--,--,--,--,--,--,--,--,--,--,0.11,USD,--,--,Insertion Fee
2026-03-21T05:08:53.620Z,Other fee,--,--,--,--,--,--,--,--,0.11,USD,--,7404158659,--,--,--,--,FEE-7611361583319_11,--,--,--,--,--,--,--,--,--,--,--,--,--,--,--,0.11,USD,--,--,Insertion Fee
2026-03-21T05:08:04.556Z,Other fee,--,--,--,--,--,--,--,--,0.11,USD,--,7404158659,--,--,--,--,FEE-7611360715219_11,--,--,--,--,--,--,--,--,--,--,--,--,--,--,--,0.11,USD,--,--,Insertion Fee
2026-03-21T05:08:03.901Z,Other fee,--,--,--,--,--,--,--,--,0.11,USD,--,7404158659,--,--,--,--,FEE-7611360466919_11,--,--,--,--,--,--,--,--,--,--,--,--,--,--,--,0.11,USD,--,--,Insertion Fee
2026-03-21T04:51:48.983Z,Other fee,--,--,--,--,--,--,--,--,0.11,USD,--,7404158659,--,--,--,--,FEE-7611338808119_11,--,--,--,--,--,--,--,--,--,--,--,--,--,--,--,0.11,USD,--,--,Insertion Fee
2026-03-21T04:50:05.276Z,Other fee,--,--,--,--,--,--,--,--,0.11,USD,--,7404158659,--,--,--,--,FEE-7611338118219_11,--,--,--,--,--,--,--,--,--,--,--,--,--,--,--,0.11,USD,--,--,Insertion Fee
2026-03-21T04:49:47.088Z,Other fee,--,--,--,--,--,--,--,--,0.11,USD,--,7404158659,--,--,--,--,FEE-7611337735219_11,--,--,--,--,--,--,--,--,--,--,--,--,--,--,--,0.11,USD,--,--,Insertion Fee
2026-03-21T04:46:42.382Z,Other fee,--,--,--,--,--,--,--,--,0.11,USD,--,7404158659,--,--,--,--,FEE-7611333675619_11,--,--,--,--,--,--,--,--,--,--,--,--,--,--,--,0.11,USD,--,--,Insertion Fee
2026-03-21T03:19:46.283Z,Other fee,05-14401-39828,05-14401-39828,marithrifts,maria loredo,Canton,GA,30114,US,6.16,USD,--,7404158659,--,--,--,3.58322E+11,FEE-7611211226219_11,Vintage Coach Soho Wallet Pink,m11396915222,1,105.67,--,--,--,--,--,--,--,--,--,--,--,105.67,USD,--,--,Promoted Listings - General fee
2026-03-21T03:16:16.102Z,Order,05-14401-39828,05-14401-39828,marithrifts,maria loredo,Canton,GA,30114,US,87.92,USD,--,7422552379,--,--,--,3.58322E+11,05-14401-39828,Vintage Coach Soho Wallet Pink,m11396915222,1,105.67,--,--,--,--,--,--,--,--,--,--,--,105.67,USD,--,--,--
2026-03-21T02:44:28.582Z,Other fee,--,--,--,--,--,--,--,--,0.11,USD,--,7404158659,--,--,--,--,FEE-7611160064119_11,--,--,--,--,--,--,--,--,--,--,--,--,--,--,--,0.11,USD,--,--,Insertion Fee
2026-03-21T02:44:28.501Z,Other fee,--,--,--,--,--,--,--,--,0.11,USD,--,7404158659,--,--,--,--,FEE-7611160521719_11,--,--,--,--,--,--,--,--,--,--,--,--,--,--,--,0.11,USD,--,--,Insertion Fee
2026-03-21T02:43:39.303Z,Other fee,--,--,--,--,--,--,--,--,0.11,USD,--,7404158659,--,--,--,--,FEE-7611158328219_11,--,--,--,--,--,--,--,--,--,--,--,--,--,--,--,0.11,USD,--,--,Insertion Fee
2026-03-21T02:43:37.871Z,Other fee,--,--,--,--,--,--,--,--,0.11,USD,--,7404158659,--,--,--,--,FEE-7611158966819_11,--,--,--,--,--,--,--,--,--,--,--,--,--,--,--,0.11,USD,--,--,Insertion Fee
2026-03-21T02:42:50.472Z,Other fee,--,--,--,--,--,--,--,--,0.11,USD,--,7404158659,--,--,--,--,FEE-7611157163919_11,--,--,--,--,--,--,--,--,--,--,--,--,--,--,--,0.11,USD,--,--,Insertion Fee
2026-03-21T02:39:55.664Z,Other fee,--,--,--,--,--,--,--,--,0.11,USD,--,7404158659,--,--,--,--,FEE-7611153211219_11,--,--,--,--,--,--,--,--,--,--,--,--,--,--,--,0.11,USD,--,--,Insertion Fee
2026-03-21T02:39:03.831Z,Other fee,--,--,--,--,--,--,--,--,0.11,USD,--,7404158659,--,--,--,--,FEE-7611150565119_11,--,--,--,--,--,--,--,--,--,--,--,--,--,--,--,0.11,USD,--,--,Insertion Fee
2026-03-21T02:39:01.159Z,Other fee,--,--,--,--,--,--,--,--,0.11,USD,--,7404158659,--,--,--,--,FEE-7611149520719_11,--,--,--,--,--,--,--,--,--,--,--,--,--,--,--,0.11,USD,--,--,Insertion Fee
2026-03-21T02:38:56.028Z,Other fee,--,--,--,--,--,--,--,--,0.11,USD,--,7404158659,--,--,--,--,FEE-7611148704519_11,--,--,--,--,--,--,--,--,--,--,--,--,--,--,--,0.11,USD,--,--,Insertion Fee
2026-03-21T02:38:36.035Z,Other fee,--,--,--,--,--,--,--,--,0.11,USD,--,7404158659,--,--,--,--,FEE-7611148332419_11,--,--,--,--,--,--,--,--,--,--,--,--,--,--,--,0.11,USD,--,--,Insertion Fee
2026-03-21T02:37:46.417Z,Other fee,--,--,--,--,--,--,--,--,0.11,USD,--,7404158659,--,--,--,--,FEE-7611147167419_11,--,--,--,--,--,--,--,--,--,--,--,--,--,--,--,0.11,USD,--,--,Insertion Fee
2026-03-21T02:37:19.242Z,Other fee,--,--,--,--,--,--,--,--,0.11,USD,--,7404158659,--,--,--,--,FEE-7611146819219_11,--,--,--,--,--,--,--,--,--,--,--,--,--,--,--,0.11,USD,--,--,Insertion Fee
2026-03-21T02:36:55.919Z,Other fee,--,--,--,--,--,--,--,--,0.11,USD,--,7404158659,--,--,--,--,FEE-7611146192219_11,--,--,--,--,--,--,--,--,--,--,--,--,--,--,--,0.11,USD,--,--,Insertion Fee
2026-03-21T02:36:52.677Z,Other fee,--,--,--,--,--,--,--,--,0.11,USD,--,7404158659,--,--,--,--,FEE-7611145671119_11,--,--,--,--,--,--,--,--,--,--,--,--,--,--,--,0.11,USD,--,--,Insertion Fee
2026-03-21T02:36:10.455Z,Other fee,--,--,--,--,--,--,--,--,0.11,USD,--,7404158659,--,--,--,--,FEE-7611144997519_11,--,--,--,--,--,--,--,--,--,--,--,--,--,--,--,0.11,USD,--,--,Insertion Fee
2026-03-21T02:34:44.045Z,Other fee,--,--,--,--,--,--,--,--,0.11,USD,--,7404158659,--,--,--,--,FEE-7611144257719_11,--,--,--,--,--,--,--,--,--,--,--,--,--,--,--,0.11,USD,--,--,Insertion Fee
2026-03-21T02:33:31.106Z,Other fee,--,--,--,--,--,--,--,--,0.11,USD,--,7404158659,--,--,--,--,FEE-7611141946219_11,--,--,--,--,--,--,--,--,--,--,--,--,--,--,--,0.11,USD,--,--,Insertion Fee
2026-03-21T02:32:51.670Z,Other fee,--,--,--,--,--,--,--,--,0.11,USD,--,7404158659,--,--,--,--,FEE-7611141316419_11,--,--,--,--,--,--,--,--,--,--,--,--,--,--,--,0.11,USD,--,--,Insertion Fee
2026-03-21T02:32:48.107Z,Other fee,--,--,--,--,--,--,--,--,0.11,USD,--,7404158659,--,--,--,--,FEE-7611141588219_11,--,--,--,--,--,--,--,--,--,--,--,--,--,--,--,0.11,USD,--,--,Insertion Fee
2026-03-21T02:32:12.857Z,Other fee,--,--,--,--,--,--,--,--,0.11,USD,--,7404158659,--,--,--,--,FEE-7611140790319_11,--,--,--,--,--,--,--,--,--,--,--,--,--,--,--,0.11,USD,--,--,Insertion Fee
2026-03-21T02:31:58.937Z,Other fee,--,--,--,--,--,--,--,--,0.11,USD,--,7404158659,--,--,--,--,FEE-7611140093619_11,--,--,--,--,--,--,--,--,--,--,--,--,--,--,--,0.11,USD,--,--,Insertion Fee
2026-03-21T02:31:17.549Z,Other fee,--,--,--,--,--,--,--,--,0.11,USD,--,7404158659,--,--,--,--,FEE-7611138994419_11,--,--,--,--,--,--,--,--,--,--,--,--,--,--,--,0.11,USD,--,--,Insertion Fee
2026-03-21T02:16:16.072Z,Other fee,--,--,--,--,--,--,--,--,0.11,USD,--,7404158659,--,--,--,--,FEE-7611118105019_11,--,--,--,--,--,--,--,--,--,--,--,--,--,--,--,0.11,USD,--,--,Insertion Fee
2026-03-21T02:15:03.473Z,Other fee,--,--,--,--,--,--,--,--,0.11,USD,--,7404158659,--,--,--,--,FEE-7611117142719_11,--,--,--,--,--,--,--,--,--,--,--,--,--,--,--,0.11,USD,--,--,Insertion Fee
2026-03-21T02:14:42.045Z,Other fee,--,--,--,--,--,--,--,--,0.11,USD,--,7404158659,--,--,--,--,FEE-7611115673819_11,--,--,--,--,--,--,--,--,--,--,--,--,--,--,--,0.11,USD,--,--,Insertion Fee
2026-03-21T02:14:06.736Z,Other fee,--,--,--,--,--,--,--,--,0.11,USD,--,7404158659,--,--,--,--,FEE-7611115073419_11,--,--,--,--,--,--,--,--,--,--,--,--,--,--,--,0.11,USD,--,--,Insertion Fee
2026-03-21T02:13:55.578Z,Other fee,--,--,--,--,--,--,--,--,0.11,USD,--,7404158659,--,--,--,--,FEE-7611114870819_11,--,--,--,--,--,--,--,--,--,--,--,--,--,--,--,0.11,USD,--,--,Insertion Fee
2026-03-21T02:12:51.605Z,Other fee,--,--,--,--,--,--,--,--,0.11,USD,--,7404158659,--,--,--,--,FEE-7611113869619_11,--,--,--,--,--,--,--,--,--,--,--,--,--,--,--,0.11,USD,--,--,Insertion Fee
2026-03-21T02:12:20.729Z,Other fee,--,--,--,--,--,--,--,--,0.11,USD,--,7404158659,--,--,--,--,FEE-7611113365119_11,--,--,--,--,--,--,--,--,--,--,--,--,--,--,--,0.11,USD,--,--,Insertion Fee
2026-03-21T02:11:16.269Z,Other fee,--,--,--,--,--,--,--,--,0.11,USD,--,7404158659,--,--,--,--,FEE-7611111620619_11,--,--,--,--,--,--,--,--,--,--,--,--,--,--,--,0.11,USD,--,--,Insertion Fee
2026-03-21T02:10:04.141Z,Other fee,--,--,--,--,--,--,--,--,0.11,USD,--,7404158659,--,--,--,--,FEE-7611110935519_11,--,--,--,--,--,--,--,--,--,--,--,--,--,--,--,0.11,USD,--,--,Insertion Fee
2026-03-21T02:10:01.888Z,Other fee,--,--,--,--,--,--,--,--,0.11,USD,--,7404158659,--,--,--,--,FEE-7611110892919_11,--,--,--,--,--,--,--,--,--,--,--,--,--,--,--,0.11,USD,--,--,Insertion Fee
2026-03-21T02:09:01.997Z,Other fee,--,--,--,--,--,--,--,--,0.11,USD,--,7404158659,--,--,--,--,FEE-7611108250619_11,--,--,--,--,--,--,--,--,--,--,--,--,--,--,--,0.11,USD,--,--,Insertion Fee
2026-03-21T02:09:00.101Z,Other fee,--,--,--,--,--,--,--,--,0.11,USD,--,7404158659,--,--,--,--,FEE-7611108554619_11,--,--,--,--,--,--,--,--,--,--,--,--,--,--,--,0.11,USD,--,--,Insertion Fee
2026-03-21T02:08:54.211Z,Other fee,--,--,--,--,--,--,--,--,0.11,USD,--,7404158659,--,--,--,--,FEE-7611108098319_11,--,--,--,--,--,--,--,--,--,--,--,--,--,--,--,0.11,USD,--,--,Insertion Fee
2026-03-21T02:00:07.640Z,Refund,01-14400-03736,01-14400-03736,baronessred6zgc,Corinne Williams,Greenville,NC,27858,US,382.06,USD,--,7404158659,--,--,--,3.58282E+11,RRP-6661605448-CCM_CHARGE,HERMES Carre 45 FAUBOURG TROPICAL,m20192119976,1,458.29,--,--,--,--,--,--,--,--,--,--,--,458.29,USD,--,--,--
2026-03-20T23:18:50.486Z,Other fee,21-14376-78387,21-14376-78387,meloz_6339,Melisa Ozen,Aventura,FL,33160,US,16.61,USD,--,7404158659,--,--,--,3.5829E+11,FEE-7610857895419_11,HERMES Jardin Créole Carre 90 Silk Scarf Cream Green Vtg Cleaned,m11444901231,1,283.65,--,--,--,--,--,--,--,--,--,--,--,283.65,USD,--,--,Promoted Listings - General fee
2026-03-20T23:14:57.371Z,Order,21-14376-78387,21-14376-78387,meloz_6339,Melisa Ozen,Aventura,FL,33160,US,236.51,USD,--,7417074883,--,--,--,3.5829E+11,21-14376-78387,HERMES Jardin Créole Carre 90 Silk Scarf Cream Green Vtg Cleaned,m11444901231,1,283.65,--,--,--,--,--,--,--,--,--,--,--,283.65,USD,--,--,--
2026-03-20T23:08:04.007Z,Other fee,11-14391-49976,11-14391-49976,kaknob_87,Karen knoblich,North Port,FL,34287,US,6.61,USD,--,7404158659,--,--,--,3.58296E+11,FEE-7610837762319_11,Kate Spade Spade Flower Bi-fold Wallet Flower Pattern Leather Red,m43388771475,1,112.35,--,--,--,--,--,--,--,--,--,--,--,112.35,USD,--,--,Promoted Listings - General fee
2026-03-20T23:03:10.900Z,Order,11-14391-49976,11-14391-49976,kaknob_87,Karen knoblich,North Port,FL,34287,US,93.33,USD,--,7415520355,--,--,--,3.58296E+11,11-14391-49976,Kate Spade Spade Flower Bi-fold Wallet Flower Pattern Leather Red,m43388771475,1,112.35,--,--,--,--,--,--,--,--,--,--,--,112.35,USD,--,--,--
2026-03-20T21:32:47.024Z,Other fee,--,--,--,--,--,--,--,--,0.11,USD,--,7404158659,--,--,--,--,FEE-7610665284519_11,--,--,--,--,--,--,--,--,--,--,--,--,--,--,--,0.11,USD,--,--,Insertion Fee
2026-03-20T17:27:27.932Z,Other fee,--,--,--,--,--,--,--,--,0.11,USD,--,7404158659,--,--,--,--,FEE-7610178261219_11,--,--,--,--,--,--,--,--,--,--,--,--,--,--,--,0.11,USD,--,--,Insertion Fee
2026-03-20T17:24:15.601Z,Other fee,--,--,--,--,--,--,--,--,0.11,USD,--,7404158659,--,--,--,--,FEE-7610169709119_11,--,--,--,--,--,--,--,--,--,--,--,--,--,--,--,0.11,USD,--,--,Insertion Fee
2026-03-20T17:20:28.360Z,Other fee,--,--,--,--,--,--,--,--,0.11,USD,--,7404158659,--,--,--,--,FEE-7610164397819_11,--,--,--,--,--,--,--,--,--,--,--,--,--,--,--,0.11,USD,--,--,Insertion Fee
2026-03-20T16:21:13.422Z,Other fee,--,--,--,--,--,--,--,--,0.11,USD,--,7404158659,--,--,--,--,FEE-7610039221619_11,--,--,--,--,--,--,--,--,--,--,--,--,--,--,--,0.11,USD,--,--,Insertion Fee
2026-03-20T16:07:18.579Z,Other fee,--,--,--,--,--,--,--,--,0.11,USD,--,7404158659,--,--,--,--,FEE-7610003776919_11,--,--,--,--,--,--,--,--,--,--,--,--,--,--,--,0.11,USD,--,--,Insertion Fee
2026-03-20T12:25:27.664Z,Other fee,--,--,--,--,--,--,--,--,0.11,USD,--,7404158659,--,--,--,--,FEE-7609496136819_11,--,--,--,--,--,--,--,--,--,--,--,--,--,--,--,0.11,USD,--,--,Insertion Fee
2026-03-20T12:25:24.292Z,Other fee,--,--,--,--,--,--,--,--,0.11,USD,--,7404158659,--,--,--,--,FEE-7609494905719_11,--,--,--,--,--,--,--,--,--,--,--,--,--,--,--,0.11,USD,--,--,Insertion Fee
2026-03-20T12:25:22.634Z,Other fee,--,--,--,--,--,--,--,--,0.11,USD,--,7404158659,--,--,--,--,FEE-7609495883519_11,--,--,--,--,--,--,--,--,--,--,--,--,--,--,--,0.11,USD,--,--,Insertion Fee
2026-03-20T12:25:21.937Z,Other fee,--,--,--,--,--,--,--,--,0.11,USD,--,7404158659,--,--,--,--,FEE-7609495526419_11,--,--,--,--,--,--,--,--,--,--,--,--,--,--,--,0.11,USD,--,--,Insertion Fee
2026-03-20T12:25:21.904Z,Other fee,--,--,--,--,--,--,--,--,0.11,USD,--,7404158659,--,--,--,--,FEE-7609495341719_11,--,--,--,--,--,--,--,--,--,--,--,--,--,--,--,0.11,USD,--,--,Insertion Fee
2026-03-20T12:25:19.565Z,Other fee,--,--,--,--,--,--,--,--,0.11,USD,--,7404158659,--,--,--,--,FEE-7609494654119_11,--,--,--,--,--,--,--,--,--,--,--,--,--,--,--,0.11,USD,--,--,Insertion Fee
2026-03-20T12:25:18.570Z,Other fee,--,--,--,--,--,--,--,--,0.11,USD,--,7404158659,--,--,--,--,FEE-7609495006519_11,--,--,--,--,--,--,--,--,--,--,--,--,--,--,--,0.11,USD,--,--,Insertion Fee
2026-03-20T12:24:26.067Z,Other fee,--,--,--,--,--,--,--,--,0.11,USD,--,7404158659,--,--,--,--,FEE-7609494490019_11,--,--,--,--,--,--,--,--,--,--,--,--,--,--,--,0.11,USD,--,--,Insertion Fee
2026-03-20T12:24:22.008Z,Other fee,--,--,--,--,--,--,--,--,0.11,USD,--,7404158659,--,--,--,--,FEE-7609493957419_11,--,--,--,--,--,--,--,--,--,--,--,--,--,--,--,0.11,USD,--,--,Insertion Fee
2026-03-20T12:24:18.874Z,Other fee,--,--,--,--,--,--,--,--,0.11,USD,--,7404158659,--,--,--,--,FEE-7609494280319_11,--,--,--,--,--,--,--,--,--,--,--,--,--,--,--,0.11,USD,--,--,Insertion Fee
2026-03-20T12:24:13.179Z,Other fee,--,--,--,--,--,--,--,--,0.11,USD,--,7404158659,--,--,--,--,FEE-7609492484919_11,--,--,--,--,--,--,--,--,--,--,--,--,--,--,--,0.11,USD,--,--,Insertion Fee
2026-03-20T12:24:06.708Z,Other fee,--,--,--,--,--,--,--,--,0.11,USD,--,7404158659,--,--,--,--,FEE-7609493480319_11,--,--,--,--,--,--,--,--,--,--,--,--,--,--,--,0.11,USD,--,--,Insertion Fee
2026-03-20T12:24:06.089Z,Other fee,--,--,--,--,--,--,--,--,0.11,USD,--,7404158659,--,--,--,--,FEE-7609492663819_11,--,--,--,--,--,--,--,--,--,--,--,--,--,--,--,0.11,USD,--,--,Insertion Fee
2026-03-20T12:24:03.544Z,Other fee,--,--,--,--,--,--,--,--,0.11,USD,--,7404158659,--,--,--,--,FEE-7609493545219_11,--,--,--,--,--,--,--,--,--,--,--,--,--,--,--,0.11,USD,--,--,Insertion Fee
2026-03-20T12:24:00.800Z,Other fee,--,--,--,--,--,--,--,--,0.11,USD,--,7404158659,--,--,--,--,FEE-7609493066719_11,--,--,--,--,--,--,--,--,--,--,--,--,--,--,--,0.11,USD,--,--,Insertion Fee
2026-03-20T12:23:58.026Z,Other fee,--,--,--,--,--,--,--,--,0.11,USD,--,7404158659,--,--,--,--,FEE-7609491826219_11,--,--,--,--,--,--,--,--,--,--,--,--,--,--,--,0.11,USD,--,--,Insertion Fee
2026-03-20T12:23:57.025Z,Other fee,--,--,--,--,--,--,--,--,0.11,USD,--,7404158659,--,--,--,--,FEE-7609491821019_11,--,--,--,--,--,--,--,--,--,--,--,--,--,--,--,0.11,USD,--,--,Insertion Fee
2026-03-20T12:23:46.668Z,Other fee,--,--,--,--,--,--,--,--,0.11,USD,--,7404158659,--,--,--,--,FEE-7609491441219_11,--,--,--,--,--,--,--,--,--,--,--,--,--,--,--,0.11,USD,--,--,Insertion Fee
2026-03-20T12:23:41.986Z,Other fee,--,--,--,--,--,--,--,--,0.11,USD,--,7404158659,--,--,--,--,FEE-7609491415919_11,--,--,--,--,--,--,--,--,--,--,--,--,--,--,--,0.11,USD,--,--,Insertion Fee
2026-03-20T12:23:05.672Z,Other fee,--,--,--,--,--,--,--,--,0.11,USD,--,7404158659,--,--,--,--,FEE-7609491009019_11,--,--,--,--,--,--,--,--,--,--,--,--,--,--,--,0.11,USD,--,--,Insertion Fee
2026-03-20T12:22:59.816Z,Other fee,--,--,--,--,--,--,--,--,0.11,USD,--,7404158659,--,--,--,--,FEE-7609490464519_11,--,--,--,--,--,--,--,--,--,--,--,--,--,--,--,0.11,USD,--,--,Insertion Fee
2026-03-20T12:22:59.547Z,Other fee,--,--,--,--,--,--,--,--,0.11,USD,--,7404158659,--,--,--,--,FEE-7609490620619_11,--,--,--,--,--,--,--,--,--,--,--,--,--,--,--,0.11,USD,--,--,Insertion Fee
2026-03-20T12:21:48.577Z,Other fee,--,--,--,--,--,--,--,--,0.11,USD,--,7404158659,--,--,--,--,FEE-7609489238119_11,--,--,--,--,--,--,--,--,--,--,--,--,--,--,--,0.11,USD,--,--,Insertion Fee
2026-03-20T12:21:46.752Z,Other fee,--,--,--,--,--,--,--,--,0.11,USD,--,7404158659,--,--,--,--,FEE-7609489185819_11,--,--,--,--,--,--,--,--,--,--,--,--,--,--,--,0.11,USD,--,--,Insertion Fee
2026-03-20T12:21:46.418Z,Other fee,--,--,--,--,--,--,--,--,0.11,USD,--,7404158659,--,--,--,--,FEE-7609489549019_11,--,--,--,--,--,--,--,--,--,--,--,--,--,--,--,0.11,USD,--,--,Insertion Fee
2026-03-20T12:21:45.877Z,Other fee,--,--,--,--,--,--,--,--,0.11,USD,--,7404158659,--,--,--,--,FEE-7609490055019_11,--,--,--,--,--,--,--,--,--,--,--,--,--,--,--,0.11,USD,--,--,Insertion Fee
2026-03-20T12:21:45.540Z,Other fee,--,--,--,--,--,--,--,--,0.11,USD,--,7404158659,--,--,--,--,FEE-7609489539419_11,--,--,--,--,--,--,--,--,--,--,--,--,--,--,--,0.11,USD,--,--,Insertion Fee
2026-03-20T12:21:23.126Z,Other fee,--,--,--,--,--,--,--,--,0.11,USD,--,7404158659,--,--,--,--,FEE-7609488909819_11,--,--,--,--,--,--,--,--,--,--,--,--,--,--,--,0.11,USD,--,--,Insertion Fee
2026-03-20T12:21:18.788Z,Other fee,--,--,--,--,--,--,--,--,0.11,USD,--,7404158659,--,--,--,--,FEE-7609487981719_11,--,--,--,--,--,--,--,--,--,--,--,--,--,--,--,0.11,USD,--,--,Insertion Fee
2026-03-20T12:21:05.242Z,Other fee,--,--,--,--,--,--,--,--,0.11,USD,--,7404158659,--,--,--,--,FEE-7609488406519_11,--,--,--,--,--,--,--,--,--,--,--,--,--,--,--,0.11,USD,--,--,Insertion Fee
2026-03-20T12:21:04.189Z,Other fee,--,--,--,--,--,--,--,--,0.11,USD,--,7404158659,--,--,--,--,FEE-7609488428519_11,--,--,--,--,--,--,--,--,--,--,--,--,--,--,--,0.11,USD,--,--,Insertion Fee
2026-03-20T12:20:43.368Z,Other fee,--,--,--,--,--,--,--,--,0.11,USD,--,7404158659,--,--,--,--,FEE-7609487580919_11,--,--,--,--,--,--,--,--,--,--,--,--,--,--,--,0.11,USD,--,--,Insertion Fee
2026-03-20T12:20:43.270Z,Other fee,--,--,--,--,--,--,--,--,0.11,USD,--,7404158659,--,--,--,--,FEE-7609487350019_11,--,--,--,--,--,--,--,--,--,--,--,--,--,--,--,0.11,USD,--,--,Insertion Fee
2026-03-20T12:20:31.424Z,Other fee,--,--,--,--,--,--,--,--,0.11,USD,--,7404158659,--,--,--,--,FEE-7609486958019_11,--,--,--,--,--,--,--,--,--,--,--,--,--,--,--,0.11,USD,--,--,Insertion Fee
2026-03-20T12:20:30.871Z,Other fee,--,--,--,--,--,--,--,--,0.11,USD,--,7404158659,--,--,--,--,FEE-7609486917219_11,--,--,--,--,--,--,--,--,--,--,--,--,--,--,--,0.11,USD,--,--,Insertion Fee
2026-03-20T12:20:27.752Z,Other fee,--,--,--,--,--,--,--,--,0.11,USD,--,7404158659,--,--,--,--,FEE-7609486565819_11,--,--,--,--,--,--,--,--,--,--,--,--,--,--,--,0.11,USD,--,--,Insertion Fee
2026-03-20T12:20:26.829Z,Other fee,--,--,--,--,--,--,--,--,0.11,USD,--,7404158659,--,--,--,--,FEE-7609486567819_11,--,--,--,--,--,--,--,--,--,--,--,--,--,--,--,0.11,USD,--,--,Insertion Fee
2026-03-20T12:20:22.189Z,Other fee,--,--,--,--,--,--,--,--,0.11,USD,--,7404158659,--,--,--,--,FEE-7609485987119_11,--,--,--,--,--,--,--,--,--,--,--,--,--,--,--,0.11,USD,--,--,Insertion Fee
2026-03-20T12:20:21.298Z,Other fee,--,--,--,--,--,--,--,--,0.11,USD,--,7404158659,--,--,--,--,FEE-7609486132919_11,--,--,--,--,--,--,--,--,--,--,--,--,--,--,--,0.11,USD,--,--,Insertion Fee
2026-03-20T12:20:19.850Z,Other fee,--,--,--,--,--,--,--,--,0.11,USD,--,7404158659,--,--,--,--,FEE-7609485449419_11,--,--,--,--,--,--,--,--,--,--,--,--,--,--,--,0.11,USD,--,--,Insertion Fee
2026-03-20T12:20:19.434Z,Other fee,--,--,--,--,--,--,--,--,0.11,USD,--,7404158659,--,--,--,--,FEE-7609485824219_11,--,--,--,--,--,--,--,--,--,--,--,--,--,--,--,0.11,USD,--,--,Insertion Fee
2026-03-20T12:19:23.627Z,Other fee,--,--,--,--,--,--,--,--,0.11,USD,--,7404158659,--,--,--,--,FEE-7609485039119_11,--,--,--,--,--,--,--,--,--,--,--,--,--,--,--,0.11,USD,--,--,Insertion Fee
2026-03-20T12:19:20.957Z,Other fee,--,--,--,--,--,--,--,--,0.11,USD,--,7404158659,--,--,--,--,FEE-7609485211419_11,--,--,--,--,--,--,--,--,--,--,--,--,--,--,--,0.11,USD,--,--,Insertion Fee
2026-03-20T12:19:09.664Z,Other fee,--,--,--,--,--,--,--,--,0.11,USD,--,7404158659,--,--,--,--,FEE-7609484577319_11,--,--,--,--,--,--,--,--,--,--,--,--,--,--,--,0.11,USD,--,--,Insertion Fee
2026-03-20T12:19:08.634Z,Other fee,--,--,--,--,--,--,--,--,0.11,USD,--,7404158659,--,--,--,--,FEE-7609484580119_11,--,--,--,--,--,--,--,--,--,--,--,--,--,--,--,0.11,USD,--,--,Insertion Fee
2026-03-20T12:19:06.145Z,Other fee,--,--,--,--,--,--,--,--,0.11,USD,--,7404158659,--,--,--,--,FEE-7609483983519_11,--,--,--,--,--,--,--,--,--,--,--,--,--,--,--,0.11,USD,--,--,Insertion Fee
2026-03-20T12:19:03.708Z,Other fee,--,--,--,--,--,--,--,--,0.11,USD,--,7404158659,--,--,--,--,FEE-7609483664319_11,--,--,--,--,--,--,--,--,--,--,--,--,--,--,--,0.11,USD,--,--,Insertion Fee
2026-03-20T12:19:00.599Z,Other fee,--,--,--,--,--,--,--,--,0.11,USD,--,7404158659,--,--,--,--,FEE-7609484123419_11,--,--,--,--,--,--,--,--,--,--,--,--,--,--,--,0.11,USD,--,--,Insertion Fee
2026-03-20T12:18:49.674Z,Other fee,--,--,--,--,--,--,--,--,0.11,USD,--,7404158659,--,--,--,--,FEE-7609483475919_11,--,--,--,--,--,--,--,--,--,--,--,--,--,--,--,0.11,USD,--,--,Insertion Fee
2026-03-20T12:18:40.254Z,Other fee,--,--,--,--,--,--,--,--,0.11,USD,--,7404158659,--,--,--,--,FEE-7609483083719_11,--,--,--,--,--,--,--,--,--,--,--,--,--,--,--,0.11,USD,--,--,Insertion Fee
2026-03-20T12:18:40.226Z,Other fee,--,--,--,--,--,--,--,--,0.11,USD,--,7404158659,--,--,--,--,FEE-7609482991519_11,--,--,--,--,--,--,--,--,--,--,--,--,--,--,--,0.11,USD,--,--,Insertion Fee
2026-03-20T12:18:05.209Z,Other fee,--,--,--,--,--,--,--,--,0.11,USD,--,7404158659,--,--,--,--,FEE-7609482690819_11,--,--,--,--,--,--,--,--,--,--,--,--,--,--,--,0.11,USD,--,--,Insertion Fee
2026-03-20T12:18:01.649Z,Other fee,--,--,--,--,--,--,--,--,0.11,USD,--,7404158659,--,--,--,--,FEE-7609482533219_11,--,--,--,--,--,--,--,--,--,--,--,--,--,--,--,0.11,USD,--,--,Insertion Fee
2026-03-20T12:16:46.064Z,Other fee,--,--,--,--,--,--,--,--,0.11,USD,--,7404158659,--,--,--,--,FEE-7609482072619_11,--,--,--,--,--,--,--,--,--,--,--,--,--,--,--,0.11,USD,--,--,Insertion Fee
2026-03-20T12:16:44.461Z,Other fee,--,--,--,--,--,--,--,--,0.11,USD,--,7404158659,--,--,--,--,FEE-7609482200119_11,--,--,--,--,--,--,--,--,--,--,--,--,--,--,--,0.11,USD,--,--,Insertion Fee
2026-03-20T12:16:42.092Z,Other fee,--,--,--,--,--,--,--,--,0.11,USD,--,7404158659,--,--,--,--,FEE-7609481768019_11,--,--,--,--,--,--,--,--,--,--,--,--,--,--,--,0.11,USD,--,--,Insertion Fee
2026-03-20T12:16:14.881Z,Other fee,--,--,--,--,--,--,--,--,0.11,USD,--,7404158659,--,--,--,--,FEE-7609481489919_11,--,--,--,--,--,--,--,--,--,--,--,--,--,--,--,0.11,USD,--,--,Insertion Fee
2026-03-20T12:16:12.739Z,Other fee,--,--,--,--,--,--,--,--,0.11,USD,--,7404158659,--,--,--,--,FEE-7609481363419_11,--,--,--,--,--,--,--,--,--,--,--,--,--,--,--,0.11,USD,--,--,Insertion Fee
2026-03-20T12:16:08.445Z,Other fee,--,--,--,--,--,--,--,--,0.11,USD,--,7404158659,--,--,--,--,FEE-7609480827919_11,--,--,--,--,--,--,--,--,--,--,--,--,--,--,--,0.11,USD,--,--,Insertion Fee
2026-03-20T12:16:06.222Z,Other fee,--,--,--,--,--,--,--,--,0.11,USD,--,7404158659,--,--,--,--,FEE-7609480868619_11,--,--,--,--,--,--,--,--,--,--,--,--,--,--,--,0.11,USD,--,--,Insertion Fee
2026-03-20T12:16:05.864Z,Other fee,--,--,--,--,--,--,--,--,0.11,USD,--,7404158659,--,--,--,--,FEE-7609480254219_11,--,--,--,--,--,--,--,--,--,--,--,--,--,--,--,0.11,USD,--,--,Insertion Fee
2026-03-20T12:16:01.922Z,Other fee,--,--,--,--,--,--,--,--,0.11,USD,--,7404158659,--,--,--,--,FEE-7609480280719_11,--,--,--,--,--,--,--,--,--,--,--,--,--,--,--,0.11,USD,--,--,Insertion Fee
2026-03-20T12:15:43.502Z,Other fee,--,--,--,--,--,--,--,--,0.11,USD,--,7404158659,--,--,--,--,FEE-7609479700419_11,--,--,--,--,--,--,--,--,--,--,--,--,--,--,--,0.11,USD,--,--,Insertion Fee
2026-03-20T12:15:42.959Z,Other fee,--,--,--,--,--,--,--,--,0.11,USD,--,7404158659,--,--,--,--,FEE-7609479240119_11,--,--,--,--,--,--,--,--,--,--,--,--,--,--,--,0.11,USD,--,--,Insertion Fee
2026-03-20T12:15:42.161Z,Other fee,--,--,--,--,--,--,--,--,0.11,USD,--,7404158659,--,--,--,--,FEE-7609479571519_11,--,--,--,--,--,--,--,--,--,--,--,--,--,--,--,0.11,USD,--,--,Insertion Fee
2026-03-20T12:15:39.504Z,Other fee,--,--,--,--,--,--,--,--,0.11,USD,--,7404158659,--,--,--,--,FEE-7609479263719_11,--,--,--,--,--,--,--,--,--,--,--,--,--,--,--,0.11,USD,--,--,Insertion Fee
2026-03-20T12:15:28.250Z,Other fee,--,--,--,--,--,--,--,--,0.11,USD,--,7404158659,--,--,--,--,FEE-7609478656619_11,--,--,--,--,--,--,--,--,--,--,--,--,--,--,--,0.11,USD,--,--,Insertion Fee
2026-03-20T12:15:26.519Z,Other fee,--,--,--,--,--,--,--,--,0.11,USD,--,7404158659,--,--,--,--,FEE-7609478501919_11,--,--,--,--,--,--,--,--,--,--,--,--,--,--,--,0.11,USD,--,--,Insertion Fee
2026-03-20T12:15:25.327Z,Other fee,--,--,--,--,--,--,--,--,0.11,USD,--,7404158659,--,--,--,--,FEE-7609478000019_11,--,--,--,--,--,--,--,--,--,--,--,--,--,--,--,0.11,USD,--,--,Insertion Fee
2026-03-20T12:15:22.607Z,Other fee,--,--,--,--,--,--,--,--,0.11,USD,--,7404158659,--,--,--,--,FEE-7609477215119_11,--,--,--,--,--,--,--,--,--,--,--,--,--,--,--,0.11,USD,--,--,Insertion Fee
2026-03-20T12:15:22.253Z,Other fee,--,--,--,--,--,--,--,--,0.11,USD,--,7404158659,--,--,--,--,FEE-7609478109619_11,--,--,--,--,--,--,--,--,--,--,--,--,--,--,--,0.11,USD,--,--,Insertion Fee
2026-03-20T12:15:21.649Z,Other fee,--,--,--,--,--,--,--,--,0.11,USD,--,7404158659,--,--,--,--,FEE-7609477576419_11,--,--,--,--,--,--,--,--,--,--,--,--,--,--,--,0.11,USD,--,--,Insertion Fee
2026-03-20T12:15:20.582Z,Other fee,--,--,--,--,--,--,--,--,0.11,USD,--,7404158659,--,--,--,--,FEE-7609477126519_11,--,--,--,--,--,--,--,--,--,--,--,--,--,--,--,0.11,USD,--,--,Insertion Fee
2026-03-20T12:15:19.720Z,Other fee,--,--,--,--,--,--,--,--,0.11,USD,--,7404158659,--,--,--,--,FEE-7609477637019_11,--,--,--,--,--,--,--,--,--,--,--,--,--,--,--,0.11,USD,--,--,Insertion Fee
2026-03-20T12:14:45.617Z,Other fee,--,--,--,--,--,--,--,--,0.11,USD,--,7404158659,--,--,--,--,FEE-7609476877919_11,--,--,--,--,--,--,--,--,--,--,--,--,--,--,--,0.11,USD,--,--,Insertion Fee
2026-03-20T12:14:44.857Z,Other fee,--,--,--,--,--,--,--,--,0.11,USD,--,7404158659,--,--,--,--,FEE-7609476654319_11,--,--,--,--,--,--,--,--,--,--,--,--,--,--,--,0.11,USD,--,--,Insertion Fee
2026-03-20T12:14:36.802Z,Other fee,--,--,--,--,--,--,--,--,0.11,USD,--,7404158659,--,--,--,--,FEE-7609476180619_11,--,--,--,--,--,--,--,--,--,--,--,--,--,--,--,0.11,USD,--,--,Insertion Fee
2026-03-20T12:14:04.601Z,Other fee,--,--,--,--,--,--,--,--,0.11,USD,--,7404158659,--,--,--,--,FEE-7609476022019_11,--,--,--,--,--,--,--,--,--,--,--,--,--,--,--,0.11,USD,--,--,Insertion Fee
2026-03-20T12:13:57.553Z,Other fee,--,--,--,--,--,--,--,--,0.11,USD,--,7404158659,--,--,--,--,FEE-7609475551219_11,--,--,--,--,--,--,--,--,--,--,--,--,--,--,--,0.11,USD,--,--,Insertion Fee
2026-03-20T12:13:53.533Z,Other fee,--,--,--,--,--,--,--,--,0.11,USD,--,7404158659,--,--,--,--,FEE-7609475672419_11,--,--,--,--,--,--,--,--,--,--,--,--,--,--,--,0.11,USD,--,--,Insertion Fee
2026-03-20T12:13:51.244Z,Other fee,--,--,--,--,--,--,--,--,0.11,USD,--,7404158659,--,--,--,--,FEE-7609475248019_11,--,--,--,--,--,--,--,--,--,--,--,--,--,--,--,0.11,USD,--,--,Insertion Fee
2026-03-20T12:13:46.638Z,Other fee,--,--,--,--,--,--,--,--,0.11,USD,--,7404158659,--,--,--,--,FEE-7609475225219_11,--,--,--,--,--,--,--,--,--,--,--,--,--,--,--,0.11,USD,--,--,Insertion Fee
2026-03-20T12:13:40.471Z,Other fee,--,--,--,--,--,--,--,--,0.11,USD,--,7404158659,--,--,--,--,FEE-7609474691619_11,--,--,--,--,--,--,--,--,--,--,--,--,--,--,--,0.11,USD,--,--,Insertion Fee
2026-03-20T12:13:38.228Z,Other fee,--,--,--,--,--,--,--,--,0.11,USD,--,7404158659,--,--,--,--,FEE-7609474318219_11,--,--,--,--,--,--,--,--,--,--,--,--,--,--,--,0.11,USD,--,--,Insertion Fee
2026-03-20T12:13:38.094Z,Other fee,--,--,--,--,--,--,--,--,0.11,USD,--,7404158659,--,--,--,--,FEE-7609474733119_11,--,--,--,--,--,--,--,--,--,--,--,--,--,--,--,0.11,USD,--,--,Insertion Fee
2026-03-20T12:13:38.068Z,Other fee,--,--,--,--,--,--,--,--,0.11,USD,--,7404158659,--,--,--,--,FEE-7609474261819_11,--,--,--,--,--,--,--,--,--,--,--,--,--,--,--,0.11,USD,--,--,Insertion Fee
2026-03-20T12:12:58.962Z,Other fee,--,--,--,--,--,--,--,--,0.11,USD,--,7404158659,--,--,--,--,FEE-7609473937419_11,--,--,--,--,--,--,--,--,--,--,--,--,--,--,--,0.11,USD,--,--,Insertion Fee
2026-03-20T12:12:57.335Z,Other fee,--,--,--,--,--,--,--,--,0.11,USD,--,7404158659,--,--,--,--,FEE-7609474082419_11,--,--,--,--,--,--,--,--,--,--,--,--,--,--,--,0.11,USD,--,--,Insertion Fee
2026-03-20T12:11:54.407Z,Other fee,--,--,--,--,--,--,--,--,0.11,USD,--,7404158659,--,--,--,--,FEE-7609473598219_11,--,--,--,--,--,--,--,--,--,--,--,--,--,--,--,0.11,USD,--,--,Insertion Fee
2026-03-20T12:11:51.408Z,Other fee,--,--,--,--,--,--,--,--,0.11,USD,--,7404158659,--,--,--,--,FEE-7609473481519_11,--,--,--,--,--,--,--,--,--,--,--,--,--,--,--,0.11,USD,--,--,Insertion Fee
2026-03-20T12:11:50.013Z,Other fee,--,--,--,--,--,--,--,--,0.11,USD,--,7404158659,--,--,--,--,FEE-7609473428819_11,--,--,--,--,--,--,--,--,--,--,--,--,--,--,--,0.11,USD,--,--,Insertion Fee
2026-03-20T12:11:49.316Z,Other fee,--,--,--,--,--,--,--,--,0.11,USD,--,7404158659,--,--,--,--,FEE-7609473070819_11,--,--,--,--,--,--,--,--,--,--,--,--,--,--,--,0.11,USD,--,--,Insertion Fee
2026-03-20T12:11:46.497Z,Other fee,--,--,--,--,--,--,--,--,0.11,USD,--,7404158659,--,--,--,--,FEE-7609472809919_11,--,--,--,--,--,--,--,--,--,--,--,--,--,--,--,0.11,USD,--,--,Insertion Fee
2026-03-20T12:11:45.710Z,Other fee,--,--,--,--,--,--,--,--,0.11,USD,--,7404158659,--,--,--,--,FEE-7609473023119_11,--,--,--,--,--,--,--,--,--,--,--,--,--,--,--,0.11,USD,--,--,Insertion Fee
2026-03-20T12:11:41.007Z,Other fee,--,--,--,--,--,--,--,--,0.11,USD,--,7404158659,--,--,--,--,FEE-7609472609119_11,--,--,--,--,--,--,--,--,--,--,--,--,--,--,--,0.11,USD,--,--,Insertion Fee
2026-03-20T12:11:16.631Z,Other fee,--,--,--,--,--,--,--,--,0.11,USD,--,7404158659,--,--,--,--,FEE-7609472256119_11,--,--,--,--,--,--,--,--,--,--,--,--,--,--,--,0.11,USD,--,--,Insertion Fee
2026-03-20T12:11:16.181Z,Other fee,--,--,--,--,--,--,--,--,0.11,USD,--,7404158659,--,--,--,--,FEE-7609472441819_11,--,--,--,--,--,--,--,--,--,--,--,--,--,--,--,0.11,USD,--,--,Insertion Fee
2026-03-20T12:11:11.410Z,Other fee,--,--,--,--,--,--,--,--,0.11,USD,--,7404158659,--,--,--,--,FEE-7609471740419_11,--,--,--,--,--,--,--,--,--,--,--,--,--,--,--,0.11,USD,--,--,Insertion Fee
2026-03-20T12:11:10.082Z,Other fee,--,--,--,--,--,--,--,--,0.11,USD,--,7404158659,--,--,--,--,FEE-7609470051019_11,--,--,--,--,--,--,--,--,--,--,--,--,--,--,--,0.11,USD,--,--,Insertion Fee
2026-03-20T12:11:08.628Z,Other fee,--,--,--,--,--,--,--,--,0.11,USD,--,7404158659,--,--,--,--,FEE-7609471032719_11,--,--,--,--,--,--,--,--,--,--,--,--,--,--,--,0.11,USD,--,--,Insertion Fee
2026-03-20T12:11:08.586Z,Other fee,--,--,--,--,--,--,--,--,0.11,USD,--,7404158659,--,--,--,--,FEE-7609471668319_11,--,--,--,--,--,--,--,--,--,--,--,--,--,--,--,0.11,USD,--,--,Insertion Fee
2026-03-20T12:11:06.371Z,Other fee,--,--,--,--,--,--,--,--,0.11,USD,--,7404158659,--,--,--,--,FEE-7609470552319_11,--,--,--,--,--,--,--,--,--,--,--,--,--,--,--,0.11,USD,--,--,Insertion Fee
2026-03-20T12:11:06.288Z,Other fee,--,--,--,--,--,--,--,--,0.11,USD,--,7404158659,--,--,--,--,FEE-7609470057619_11,--,--,--,--,--,--,--,--,--,--,--,--,--,--,--,0.11,USD,--,--,Insertion Fee
2026-03-20T12:11:05.951Z,Other fee,--,--,--,--,--,--,--,--,0.11,USD,--,7404158659,--,--,--,--,FEE-7609471145119_11,--,--,--,--,--,--,--,--,--,--,--,--,--,--,--,0.11,USD,--,--,Insertion Fee
2026-03-20T12:11:05.876Z,Other fee,--,--,--,--,--,--,--,--,0.11,USD,--,7404158659,--,--,--,--,FEE-7609472037019_11,--,--,--,--,--,--,--,--,--,--,--,--,--,--,--,0.11,USD,--,--,Insertion Fee
2026-03-20T12:11:04.480Z,Other fee,--,--,--,--,--,--,--,--,0.11,USD,--,7404158659,--,--,--,--,FEE-7609472073419_11,--,--,--,--,--,--,--,--,--,--,--,--,--,--,--,0.11,USD,--,--,Insertion Fee
2026-03-20T12:11:03.945Z,Other fee,--,--,--,--,--,--,--,--,0.11,USD,--,7404158659,--,--,--,--,FEE-7609471646919_11,--,--,--,--,--,--,--,--,--,--,--,--,--,--,--,0.11,USD,--,--,Insertion Fee
2026-03-20T12:11:02.537Z,Other fee,--,--,--,--,--,--,--,--,0.11,USD,--,7404158659,--,--,--,--,FEE-7609470208819_11,--,--,--,--,--,--,--,--,--,--,--,--,--,--,--,0.11,USD,--,--,Insertion Fee
2026-03-20T12:11:02.118Z,Other fee,--,--,--,--,--,--,--,--,0.11,USD,--,7404158659,--,--,--,--,FEE-7609471171919_11,--,--,--,--,--,--,--,--,--,--,--,--,--,--,--,0.11,USD,--,--,Insertion Fee
2026-03-20T12:11:00.400Z,Other fee,--,--,--,--,--,--,--,--,0.11,USD,--,7404158659,--,--,--,--,FEE-7609470685219_11,--,--,--,--,--,--,--,--,--,--,--,--,--,--,--,0.11,USD,--,--,Insertion Fee
2026-03-20T12:10:58.461Z,Other fee,--,--,--,--,--,--,--,--,0.11,USD,--,7404158659,--,--,--,--,FEE-7609470811919_11,--,--,--,--,--,--,--,--,--,--,--,--,--,--,--,0.11,USD,--,--,Insertion Fee
2026-03-20T12:10:55.812Z,Other fee,--,--,--,--,--,--,--,--,0.11,USD,--,7404158659,--,--,--,--,FEE-7609469823119_11,--,--,--,--,--,--,--,--,--,--,--,--,--,--,--,0.11,USD,--,--,Insertion Fee
2026-03-20T12:10:55.116Z,Other fee,--,--,--,--,--,--,--,--,0.11,USD,--,7404158659,--,--,--,--,FEE-7609470430419_11,--,--,--,--,--,--,--,--,--,--,--,--,--,--,--,0.11,USD,--,--,Insertion Fee
2026-03-20T12:10:49.525Z,Other fee,--,--,--,--,--,--,--,--,0.11,USD,--,7404158659,--,--,--,--,FEE-7609469544719_11,--,--,--,--,--,--,--,--,--,--,--,--,--,--,--,0.11,USD,--,--,Insertion Fee
2026-03-20T12:10:47.527Z,Other fee,--,--,--,--,--,--,--,--,0.11,USD,--,7404158659,--,--,--,--,FEE-7609469443919_11,--,--,--,--,--,--,--,--,--,--,--,--,--,--,--,0.11,USD,--,--,Insertion Fee
2026-03-20T12:10:44.945Z,Other fee,--,--,--,--,--,--,--,--,0.11,USD,--,7404158659,--,--,--,--,FEE-7609469519619_11,--,--,--,--,--,--,--,--,--,--,--,--,--,--,--,0.11,USD,--,--,Insertion Fee
2026-03-20T12:10:33.809Z,Other fee,--,--,--,--,--,--,--,--,0.11,USD,--,7404158659,--,--,--,--,FEE-7609468991919_11,--,--,--,--,--,--,--,--,--,--,--,--,--,--,--,0.11,USD,--,--,Insertion Fee
2026-03-20T12:10:29.534Z,Other fee,--,--,--,--,--,--,--,--,0.11,USD,--,7404158659,--,--,--,--,FEE-7609469034319_11,--,--,--,--,--,--,--,--,--,--,--,--,--,--,--,0.11,USD,--,--,Insertion Fee
2026-03-20T12:10:27.453Z,Other fee,--,--,--,--,--,--,--,--,0.11,USD,--,7404158659,--,--,--,--,FEE-7609468815119_11,--,--,--,--,--,--,--,--,--,--,--,--,--,--,--,0.11,USD,--,--,Insertion Fee
2026-03-20T12:10:23.989Z,Other fee,--,--,--,--,--,--,--,--,0.11,USD,--,7404158659,--,--,--,--,FEE-7609468200419_11,--,--,--,--,--,--,--,--,--,--,--,--,--,--,--,0.11,USD,--,--,Insertion Fee
2026-03-20T12:10:22.106Z,Other fee,--,--,--,--,--,--,--,--,0.11,USD,--,7404158659,--,--,--,--,FEE-7609467336319_11,--,--,--,--,--,--,--,--,--,--,--,--,--,--,--,0.11,USD,--,--,Insertion Fee
2026-03-20T12:10:19.518Z,Other fee,--,--,--,--,--,--,--,--,0.11,USD,--,7404158659,--,--,--,--,FEE-7609467687519_11,--,--,--,--,--,--,--,--,--,--,--,--,--,--,--,0.11,USD,--,--,Insertion Fee
2026-03-20T12:10:18.075Z,Other fee,--,--,--,--,--,--,--,--,0.11,USD,--,7404158659,--,--,--,--,FEE-7609467342819_11,--,--,--,--,--,--,--,--,--,--,--,--,--,--,--,0.11,USD,--,--,Insertion Fee
2026-03-20T12:10:17.644Z,Other fee,--,--,--,--,--,--,--,--,0.11,USD,--,7404158659,--,--,--,--,FEE-7609467831619_11,--,--,--,--,--,--,--,--,--,--,--,--,--,--,--,0.11,USD,--,--,Insertion Fee
2026-03-20T12:09:40.984Z,Other fee,--,--,--,--,--,--,--,--,0.11,USD,--,7404158659,--,--,--,--,FEE-7609467256419_11,--,--,--,--,--,--,--,--,--,--,--,--,--,--,--,0.11,USD,--,--,Insertion Fee
2026-03-20T12:09:39.182Z,Other fee,--,--,--,--,--,--,--,--,0.11,USD,--,7404158659,--,--,--,--,FEE-7609466940519_11,--,--,--,--,--,--,--,--,--,--,--,--,--,--,--,0.11,USD,--,--,Insertion Fee
2026-03-20T12:09:30.100Z,Other fee,--,--,--,--,--,--,--,--,0.11,USD,--,7404158659,--,--,--,--,FEE-7609466736319_11,--,--,--,--,--,--,--,--,--,--,--,--,--,--,--,0.11,USD,--,--,Insertion Fee
2026-03-20T12:09:28.215Z,Other fee,--,--,--,--,--,--,--,--,0.11,USD,--,7404158659,--,--,--,--,FEE-7609466744819_11,--,--,--,--,--,--,--,--,--,--,--,--,--,--,--,0.11,USD,--,--,Insertion Fee
2026-03-20T12:09:16.185Z,Other fee,--,--,--,--,--,--,--,--,0.11,USD,--,7404158659,--,--,--,--,FEE-7609466126719_11,--,--,--,--,--,--,--,--,--,--,--,--,--,--,--,0.11,USD,--,--,Insertion Fee
2026-03-20T12:09:16.046Z,Other fee,--,--,--,--,--,--,--,--,0.11,USD,--,7404158659,--,--,--,--,FEE-7609465731619_11,--,--,--,--,--,--,--,--,--,--,--,--,--,--,--,0.11,USD,--,--,Insertion Fee
2026-03-20T12:09:15.948Z,Other fee,--,--,--,--,--,--,--,--,0.11,USD,--,7404158659,--,--,--,--,FEE-7609466232919_11,--,--,--,--,--,--,--,--,--,--,--,--,--,--,--,0.11,USD,--,--,Insertion Fee
2026-03-20T12:09:14.196Z,Other fee,--,--,--,--,--,--,--,--,0.11,USD,--,7404158659,--,--,--,--,FEE-7609465573319_11,--,--,--,--,--,--,--,--,--,--,--,--,--,--,--,0.11,USD,--,--,Insertion Fee
2026-03-20T12:09:14.188Z,Other fee,--,--,--,--,--,--,--,--,0.11,USD,--,7404158659,--,--,--,--,FEE-7609465543519_11,--,--,--,--,--,--,--,--,--,--,--,--,--,--,--,0.11,USD,--,--,Insertion Fee
2026-03-20T12:09:14.178Z,Other fee,--,--,--,--,--,--,--,--,0.11,USD,--,7404158659,--,--,--,--,FEE-7609466217919_11,--,--,--,--,--,--,--,--,--,--,--,--,--,--,--,0.11,USD,--,--,Insertion Fee
2026-03-20T12:08:43.739Z,Other fee,--,--,--,--,--,--,--,--,0.11,USD,--,7404158659,--,--,--,--,FEE-7609465148719_11,--,--,--,--,--,--,--,--,--,--,--,--,--,--,--,0.11,USD,--,--,Insertion Fee
2026-03-20T12:08:30.023Z,Other fee,--,--,--,--,--,--,--,--,0.11,USD,--,7404158659,--,--,--,--,FEE-7609464798219_11,--,--,--,--,--,--,--,--,--,--,--,--,--,--,--,0.11,USD,--,--,Insertion Fee
2026-03-20T12:08:15.500Z,Other fee,--,--,--,--,--,--,--,--,0.11,USD,--,7404158659,--,--,--,--,FEE-7609465031619_11,--,--,--,--,--,--,--,--,--,--,--,--,--,--,--,0.11,USD,--,--,Insertion Fee
2026-03-20T12:07:59.991Z,Other fee,--,--,--,--,--,--,--,--,0.11,USD,--,7404158659,--,--,--,--,FEE-7609464548119_11,--,--,--,--,--,--,--,--,--,--,--,--,--,--,--,0.11,USD,--,--,Insertion Fee
2026-03-19T13:19:06.313Z,Order,01-14400-03736,01-14400-03736,baronessred6zgc,Corinne Williams,Greenville,NC,27858,US,382.06,USD,--,7404158659,--,--,--,3.58282E+11,01-14400-03736,HERMES Carre 45 FAUBOURG TROPICAL,m20192119976,1,458.29,--,--,--,--,--,--,--,--,--,--,--,458.29,USD,--,--,--
2026-03-19T04:32:04.682Z,Other fee,02-14397-12538,02-14397-12538,pinkbronxmama,Migdalia Sanchez,Fishkill,NY,12524,US,7.81,USD,--,7401044275,--,--,--,3.5823E+11,FEE-7605963223419_11,Coach Turnlock Wallet 10x13cm Signature Beige Gold Excellent Condition,m75394766335,1,131.26,--,--,--,--,--,--,--,--,--,--,--,131.26,USD,--,--,Promoted Listings - General fee
2026-03-19T04:29:24.613Z,Order,02-14397-12538,02-14397-12538,pinkbronxmama,Migdalia Sanchez,Fishkill,NY,12524,US,108.89,USD,--,7411642027,--,--,--,3.5823E+11,02-14397-12538,Coach Turnlock Wallet 10x13cm Signature Beige Gold Excellent Condition,m75394766335,1,131.26,--,--,--,--,--,--,--,--,--,--,--,131.26,USD,--,--,--
2026-03-18T16:55:17.353Z,Other fee,04-14391-51444,04-14391-51444,blaze_82,Sam Huynh,Toronto,ON,M4M3A6,CA,17.31,USD,--,7401044275,--,--,--,3.58328E+11,FEE-7604655969919_11,Rare Extremely Beautiful Louis Vuitton Nomade Noir Portefeuille Marco Wallet,m75949648390,1,314.79,--,--,--,--,--,--,--,--,--,--,--,314.79,USD,--,--,Promoted Listings - General fee
2026-03-18T16:49:34.515Z,Order,04-14391-51444,04-14391-51444,blaze_82,Sam Huynh,Toronto,ON,M4M3A6,CA,265.7,USD,--,7411642027,--,--,--,3.58328E+11,04-14391-51444,Rare Extremely Beautiful Louis Vuitton Nomade Noir Portefeuille Marco Wallet,m75949648390,1,314.79,--,--,--,--,--,--,--,--,--,--,--,314.79,USD,--,--,--
2026-03-18T13:36:40.682Z,Other fee,15-14370-28316,15-14370-28316,serlo_4311,Serena Lopez,Staten Island,NY,10312,US,19.51,USD,--,7401044275,--,--,--,3.58282E+11,FEE-7604157766019_11,Louis Vuitton Rose Ballerine Portefeuille Clemence Monogram ✳︎ Excellent,m20625978526,1,325.92,--,--,--,--,--,--,--,--,--,--,--,325.92,USD,--,--,Promoted Listings - General fee
2026-03-18T00:45:43.100Z,Other fee,02-14372-43274,02-14372-43274,vene_76,Venerando Ramos,Sacramento,CA,95828,US,11.37,USD,--,7401044275,--,--,--,3.58309E+11,FEE-10103918663_42,COACH Kiss Lock Clasp Coin Case Black,m72092272198,1,190.21,--,--,--,--,--,--,--,--,--,--,--,190.21,USD,--,--,Promoted Listings - General fee
2026-03-18T00:38:02.680Z,Refund,02-14372-43274,02-14372-43274,vene_76,Venerando Ramos,Sacramento,CA,95828,US,157.8,USD,--,7401044275,--,--,--,3.58309E+11,RRP-6659733342-CCM_CHARGE,COACH Kiss Lock Clasp Coin Case Black,m72092272198,1,190.21,--,--,--,--,--,--,--,--,--,--,--,190.21,USD,--,--,--
2026-03-17T14:17:31.864Z,Order,15-14370-28316,15-14370-28316,serlo_4311,Serena Lopez,Staten Island,NY,10312,US,270.63,USD,--,7411642027,--,--,--,3.58282E+11,15-14370-28316,Louis Vuitton Rose Ballerine Portefeuille Clemence Monogram ✳︎ Excellent,m20625978526,1,325.92,--,--,--,--,--,--,--,--,--,--,--,325.92,USD,--,--,--
2026-03-17T07:51:27.895Z,Order,27-14352-22588,27-14352-22588,stocchero123,Linda Jovanovski,Thomastown,Victoria,3074,AU,189.62,USD,--,7407708883,--,--,--,3.58336E+11,27-14352-22588,PRADA Long Wallet Round Zipper Triangle Logo Leather Black,m19711259727,1,228.99,--,--,--,--,--,--,--,--,--,--,--,228.99,USD,--,--,--
2026-03-16T19:15:55.216Z,Order,11-14372-68148,11-14372-68148,mah78598,Mahbuba Rahman,Queens Village,NY,11427,US,131.86,USD,--,7411642027,--,--,--,3.58322E+11,11-14372-68148,BURBERRY Dark Green Card Case,m11950129821,1,159.07,--,--,--,--,--,--,--,--,--,--,--,159.07,USD,--,--,--
2026-03-16T16:56:36.456Z,Other fee,05-14381-10346,05-14381-10346,renemull,Renee Mulligan,Alta Loma,CA,91701,US,12.66,USD,--,7397876083,--,--,--,3.58255E+11,FEE-7598762197919_11,Coach Bandit Card Case 7.5x10.5cm Luxe Calf Leather Black New w/ Tags,m34228629951,1,213.57,--,--,--,--,--,--,--,--,--,--,--,213.57,USD,--,--,Promoted Listings - General fee
2026-03-16T16:51:09.125Z,Order,05-14381-10346,05-14381-10346,renemull,Renee Mulligan,Alta Loma,CA,91701,US,177.56,USD,--,7404158659,--,--,--,3.58255E+11,05-14381-10346,Coach Bandit Card Case 7.5x10.5cm Luxe Calf Leather Black New w/ Tags,m34228629951,1,213.57,--,--,--,--,--,--,--,--,--,--,--,213.57,USD,--,--,--
2026-03-15T13:01:58.622Z,Other fee,11-14363-12954,11-14363-12954,m.r.business,M.R. Business ,Saarbrücken,--,66126,DE,13.59,USD,--,7397876083,--,--,--,3.58309E+11,FEE-7595470770019_11,Excellent Condition GUCCI Interlocking GG Long Wallet Black,m72508378752,1,246.94,--,--,--,--,--,--,--,--,--,--,--,246.94,USD,--,--,Promoted Listings - General fee
2026-03-14T18:36:29.046Z,Order,11-14363-12954,11-14363-12954,m.r.business,M.R. Business ,Saarbrücken,--,66126,DE,208.34,USD,--,7413926323,--,--,--,3.58309E+11,11-14363-12954,Excellent Condition GUCCI Interlocking GG Long Wallet Black,m72508378752,1,246.94,--,--,--,--,--,--,--,--,--,--,--,246.94,USD,--,--,--
2026-03-14T14:45:30.061Z,Other fee,13-14359-60394,13-14359-60394,sersakh-73,Sergey Sakhnyuk,Wilmington,DE,19809,US,9.24,USD,--,7397876083,--,--,--,3.58314E+11,FEE-7592897236719_11,Gucci Floral Silk 100% Scarf Green,m36432426043,1,167.96,--,--,--,--,--,--,--,--,--,--,--,167.96,USD,--,--,Promoted Listings - General fee
2026-03-14T14:41:03.251Z,Order,13-14359-60394,13-14359-60394,sersakh-73,Sergey Sakhnyuk,Wilmington,DE,19809,US,141.56,USD,--,7404158659,--,--,--,3.58314E+11,13-14359-60394,Gucci Floral Silk 100% Scarf Green,m36432426043,1,167.96,--,--,--,--,--,--,--,--,--,--,--,167.96,USD,--,--,--
2026-03-13T19:07:09.449Z,Other fee,02-14372-43274,02-14372-43274,vene_76,Venerando Ramos,Sacramento,CA,95828,US,11.37,USD,--,7390451827,--,--,--,3.58309E+11,FEE-7590561368119_11,COACH Kiss Lock Clasp Coin Case Black,m72092272198,1,190.21,--,--,--,--,--,--,--,--,--,--,--,190.21,USD,--,--,Promoted Listings - General fee
2026-03-13T19:03:10.792Z,Order,02-14372-43274,02-14372-43274,vene_76,Venerando Ramos,Sacramento,CA,95828,US,157.8,USD,--,7401044275,--,--,--,3.58309E+11,02-14372-43274,COACH Kiss Lock Clasp Coin Case Black,m72092272198,1,190.21,--,--,--,--,--,--,--,--,--,--,--,190.21,USD,--,--,--
2026-03-13T12:48:44.187Z,Other fee,21-14338-38305,21-14338-38305,xtjdg-306,SEONGHOON JU,Asan-si,Chungcheongnam-do,31503,KR,28.88,USD,--,7390451827,--,--,--,3.58282E+11,FEE-7589661044919_11,LOUIS VUITTON Porte-Cartes Champs-Élysées Card Case Business Card Holder,m17427364393,1,525,--,--,--,--,--,--,--,--,--,--,--,525,USD,--,--,Promoted Listings - General fee
2026-03-13T12:33:47.215Z,Other fee,18-14346-65284,18-14346-65284,pzfc9-0,Steven Peano,Jacksonville,FL,32204,US,8.75,USD,--,7390451827,--,--,--,3.58322E+11,FEE-7589629011819_11,COACH Keith Haring Collaboration Key Ring Key Holder Charm,m40419660601,1,147.93,--,--,--,--,--,--,--,--,--,--,--,147.93,USD,--,--,Promoted Listings - General fee
2026-03-13T05:18:38.086Z,Order,18-14346-65284,18-14346-65284,pzfc9-0,Steven Peano,Jacksonville,FL,32204,US,122.91,USD,--,7401044275,--,--,--,3.58322E+11,18-14346-65284,COACH Keith Haring Collaboration Key Ring Key Holder Charm,m40419660601,1,147.93,--,--,--,--,--,--,--,--,--,--,--,147.93,USD,--,--,--
2026-03-12T12:28:27.393Z,Order,21-14338-38305,21-14338-38305,xtjdg-306,SEONGHOON JU,Asan-si,Chungcheongnam-do,31503,KR,443.41,USD,--,7401044275,--,--,--,3.58282E+11,21-14338-38305,LOUIS VUITTON Porte-Cartes Champs-Élysées Card Case Business Card Holder,m17427364393,1,525,--,--,--,--,--,--,--,--,--,--,--,525,USD,--,--,--
2026-03-11T15:58:49.373Z,Other fee,15-14339-01018,15-14339-01018,tylertoby123craig,craig doddridge,saltburn-by-the-sea,Cleveland,ts121hj,GB,10.22,USD,--,7386462331,--,--,--,3.58256E+11,FEE-7584122663619_11,Coach Accordion Zip Wallet CR548 Long Leather Black Good Condition,2JJrS45a34LqkMRMiTFwYZ,1,185.76,--,--,--,--,--,--,--,--,--,--,--,185.76,USD,--,--,Promoted Listings - General fee
2026-03-10T16:20:06.026Z,Order,15-14339-01018,15-14339-01018,tylertoby123craig,craig doddridge,saltburn-by-the-sea,Cleveland,ts121hj,GB,156.61,USD,--,7397876083,--,--,--,3.58256E+11,15-14339-01018,Coach Accordion Zip Wallet CR548 Long Leather Black Good Condition,2JJrS45a34LqkMRMiTFwYZ,1,185.76,--,--,--,--,--,--,--,--,--,--,--,185.76,USD,--,--,--
2026-03-07T13:42:36.468Z,Order,18-14320-10927,18-14320-10927,paty088,Patricia P. O,Franklinton,NC,27525,US,104.33,USD,--,7390451827,--,--,--,3.58255E+11,18-14320-10927,COACH Card Case Coin Purse 7.8x11cm Leather Red New Condition,m45736661038,1,125.47,--,--,--,--,--,--,--,--,--,--,--,125.47,USD,--,--,--
2026-03-07T10:22:03.031Z,Other fee,05-14338-75132,05-14338-75132,pattyi-4,Patricia Basurto,Dinuba,CA,93618,US,10.15,USD,--,7386462331,--,--,--,3.58231E+11,FEE-7571239264119_11,Coach Long Wallet CR789 SVA16 16cm Leather PVC Black/White Checkered Pre-owned,2JML3syKo3AV4gVhMpaUob,1,170.19,--,--,--,--,--,--,--,--,--,--,--,170.19,USD,--,--,Promoted Listings - General fee
2026-03-07T10:18:25.142Z,Order,05-14338-75132,05-14338-75132,pattyi-4,Patricia Basurto,Dinuba,CA,93618,US,141.21,USD,--,7390451827,--,--,--,3.58231E+11,05-14338-75132,Coach Long Wallet CR789 SVA16 16cm Leather PVC Black/White Checkered Pre-owned,2JML3syKo3AV4gVhMpaUob,1,170.19,--,--,--,--,--,--,--,--,--,--,--,170.19,USD,--,--,--
2026-03-05T00:36:03.295Z,Order,22-14303-62552,22-14303-62552,adelnel_0,Adelaide Nelson,New York,NY,10033,US,83.74,USD,--,7386462331,--,--,--,3.58227E+11,22-14303-62552,"Burberry Card Case 70mm Black Leather Used, Minimal Wear, No Accessories",m92091318207,1,101.22,--,--,--,--,--,--,--,--,--,--,--,101.22,USD,--,--,--
2026-03-04T01:25:11.046Z,Other fee,27-14291-97935,27-14291-97935,alina7656,Alison Nall,Snyder,TX,79549,US,22.92,USD,--,7386462331,--,--,--,3.58268E+11,FEE-7561165096919_11,Louis Vuitton Monogram Zippy Wallet Authentic,m87342207654,1,390.43,--,--,--,--,--,--,--,--,--,--,--,390.43,USD,--,--,Promoted Listings - General fee
2026-03-04T01:22:14.993Z,Order,27-14291-97935,27-14291-97935,alina7656,Alison Nall,Snyder,TX,79549,US,325.58,USD,--,7388448091,--,--,--,3.58268E+11,27-14291-97935,Louis Vuitton Monogram Zippy Wallet Authentic,m87342207654,1,390.43,--,--,--,--,--,--,--,--,--,--,--,390.43,USD,--,--,--
2026-03-01T23:42:35.332Z,ADJUSTMENT,--,--,--,--,--,--,--,--,0.01,USD,--,7371076699,--,--,--,--,INVOICE-886a8dc85624071448350fab4423e9bf_182,--,--,--,--,--,--,--,--,--,--,--,--,--,--,--,0.01,USD,--,--,--
2026-03-01T21:16:46.000Z,TRANSFER,--,--,--,--,--,--,--,--,65.95,USD,--,7371076699,--,--,--,--,23570519347,--,--,--,--,--,--,--,--,--,--,--,--,--,--,--,65.95,USD,--,--,--
2026-03-01T17:28:16.606Z,Other fee,--,--,--,--,--,--,--,--,65.95,USD,--,7371076699,--,--,--,--,INVOICE-7553868066619_11,--,--,--,--,--,--,--,--,--,--,--,--,--,--,--,65.95,USD,--,--,2026-02-28 - 2026-03-30
2026-02-23T23:02:52.774Z,Other fee,12-14275-50149,12-14275-50149,kt8920,Kimberley Johnson,Mesa,AZ,85202,US,5.51,USD,--,7365977707,--,--,--,3.58161E+11,FEE-7533081845319_11,Coach Leather Camel Women's Wallet 7755 10x14.5cm AB Condition No Accessories,m21274349613,1,94.55,--,--,--,--,--,--,--,--,--,--,--,94.55,USD,--,--,Promoted Listings - General fee
2026-02-23T22:59:14.495Z,Order,12-14275-50149,12-14275-50149,kt8920,Kimberley Johnson,Mesa,AZ,85202,US,78.62,USD,--,7365977707,--,--,--,3.58161E+11,12-14275-50149,Coach Leather Camel Women's Wallet 7755 10x14.5cm AB Condition No Accessories,m21274349613,1,94.55,--,--,--,--,--,--,--,--,--,--,--,94.55,USD,--,--,--
2026-02-22T16:24:43.763Z,Order,20-14256-99684,20-14256-99684,josh10239,Debbie Keyte,Southsea,Hampshire,PO4 8RG,GB,138.01,USD,--,7367565547,--,--,--,3.58228E+11,20-14256-99684,Michael Kors Wallet Women's Long Pink Powder Blush 10.5cm New with Strap,m64279646465,1,169.97,--,--,--,--,--,--,--,--,--,--,--,169.97,USD,--,--,--
2026-02-04T18:23:59.172Z,CREDIT,11-14148-68050,11-14148-68050,gcmpj,Gene Gerstmeier,Saint Petersburg,FL,33715,US,140,USD,--,7324454491,--,--,--,3.5806E+11,DISPUTE_HOLD_REVERSE-6637206433-6486301725,COACH Card Case 11x7cm Leather Red Excellent Condition No Accessories,m55881594511,1,140,--,--,--,--,--,--,--,--,--,--,--,140,USD,--,--,--
2026-02-04T17:13:21.438Z,DISPUTE,11-14148-68050,11-14148-68050,gcmpj,Gene Gerstmeier,Saint Petersburg,FL,33715,US,140,USD,--,7324454491,--,--,--,3.5806E+11,DISPUTE_HOLD-6637206433,COACH Card Case 11x7cm Leather Red Excellent Condition No Accessories,m55881594511,1,140,--,--,--,--,--,--,--,--,--,--,--,140,USD,--,--,--
2026-02-01T23:39:48.142Z,ADJUSTMENT,--,--,--,--,--,--,--,--,0.04,USD,--,7320336499,--,--,--,--,INVOICE-dc47b7ea55e26701a84e3adb096bae58_182,--,--,--,--,--,--,--,--,--,--,--,--,--,--,--,0.04,USD,--,--,--
2026-02-01T17:15:44.715Z,Other fee,--,--,--,--,--,--,--,--,65.95,USD,--,7320336499,--,--,--,--,INVOICE-7470327254119_11,--,--,--,--,--,--,--,--,--,--,--,--,--,--,--,65.95,USD,--,--,2026-01-31 - 2026-02-27
2026-01-30T01:12:18.365Z,Other fee,10-14167-79468,10-14167-79468,altanise,altanise mcgowan,homewood,IL,60430,US,9.17,USD,--,7320336499,--,--,--,3.58124E+11,FEE-7463734989519_11,Coach Kisslock Coin Case 9x12cm Grab Tan Leather Pink Unisex Excellent 88326,m99918663155,1,151.28,--,--,--,--,--,--,--,--,--,--,--,151.28,USD,--,--,Promoted Listings - General fee
2026-01-30T01:08:53.765Z,Order,10-14167-79468,10-14167-79468,altanise,altanise mcgowan,homewood,IL,60430,US,125.06,USD,--,7324454491,--,--,--,3.58124E+11,10-14167-79468,Coach Kisslock Coin Case 9x12cm Grab Tan Leather Pink Unisex Excellent 88326,m99918663155,1,151.28,--,--,--,--,--,--,--,--,--,--,--,151.28,USD,--,--,--
2026-01-26T14:22:18.721Z,Other fee,25-14128-91953,25-14128-91953,carla11898,Carla Ledger,Manchester,CT,6040,US,5.92,USD,--,7320336499,--,--,--,3.58155E+11,FEE-7453840454719_11,kate spade new york Cat Folded Wallet L-Zip Brown Cats Used With Certificate,m61726853992,1,101.22,--,--,--,--,--,--,--,--,--,--,--,101.22,USD,--,--,Promoted Listings - General fee
2026-01-26T03:19:26.213Z,Order,25-14128-91953,25-14128-91953,carla11898,Carla Ledger,Manchester,CT,6040,US,84.14,USD,--,7320336499,--,--,--,3.58155E+11,25-14128-91953,kate spade new york Cat Folded Wallet L-Zip Brown Cats Used With Certificate,m61726853992,1,101.22,--,--,--,--,--,--,--,--,--,--,--,101.22,USD,--,--,--
2026-01-26T03:18:24.097Z,Order,11-14148-68050,11-14148-68050,gcmpj,Gene Gerstmeier,Saint Petersburg,FL,33715,US,116.42,USD,--,7322898931,--,--,--,3.5806E+11,11-14148-68050,COACH Card Case 11x7cm Leather Red Excellent Condition No Accessories,m55881594511,1,140,--,--,--,--,--,--,--,--,--,--,--,140,USD,--,--,--
2026-01-16T17:57:14.091Z,Other fee,07-14108-70350,07-14108-70350,bethartman,--,Overland Park,KS,66204-1473,US,5.89,USD,--,7298081587,--,--,--,3.58088E+11,FEE-7426271967019_11,Coach Wallet Folded E/W Light Blue Navy Interior Card/Coin Pockets With Dust Bag,m18527591075,1,97.89,--,--,--,--,--,--,--,--,--,--,--,97.89,USD,--,--,Promoted Listings - General fee
2026-01-15T23:40:45.200Z,Other fee,19-14093-34990,19-14093-34990,reesee420,--,Portsmouth,VA,23707-1125,US,7.66,USD,--,7298081587,--,--,--,3.58092E+11,FEE-7423900102919_11,Coach Roxy 58.5cm Silk Scarf Print Multicolor Rexy New Without Tags,m57970126695,1,131.26,--,--,--,--,--,--,--,--,--,--,--,131.26,USD,--,--,Promoted Listings - General fee
2026-01-15T23:37:59.826Z,Order,19-14093-34990,19-14093-34990,reesee420,--,Portsmouth,VA,23707-1125,US,109.31,USD,--,7301847451,--,--,--,3.58092E+11,19-14093-34990,Coach Roxy 58.5cm Silk Scarf Print Multicolor Rexy New Without Tags,m57970126695,1,131.26,--,--,--,--,--,--,--,--,--,--,--,131.26,USD,--,--,--
2026-01-15T16:32:57.986Z,Order,07-14108-70350,07-14108-70350,bethartman,--,Overland Park,KS,66204-1473,US,80.91,USD,--,7299591595,--,--,--,3.58088E+11,07-14108-70350,Coach Wallet Folded E/W Light Blue Navy Interior Card/Coin Pockets With Dust Bag,m18527591075,1,97.89,--,--,--,--,--,--,--,--,--,--,--,97.89,USD,--,--,--
2026-01-11T19:21:30.065Z,Other fee,15-14079-59712,15-14079-59712,jessca.jxfxu,--,Moncton,NB,E1C7Y8,CA,6.61,USD,--,7286217979,--,--,--,3.5805E+11,FEE-7412252954619_11,COACH Leopard Print Wallet 10x16.5cm Used Condition,m82400262439,1,120.13,--,--,--,--,--,--,--,--,--,--,--,120.13,USD,--,--,Promoted Listings - General fee
2026-01-11T19:16:55.547Z,Order,15-14079-59712,15-14079-59712,jessca.jxfxu,--,Moncton,NB,E1C7Y8,CA,101.12,USD,--,7298081587,--,--,--,3.5805E+11,15-14079-59712,COACH Leopard Print Wallet 10x16.5cm Used Condition,m82400262439,1,120.13,--,--,--,--,--,--,--,--,--,--,--,120.13,USD,--,--,--
2026-01-10T17:27:31.594Z,Other fee,11-14080-79699,11-14080-79699,blasko8866,--,Fenton,MI,48430,US,6.68,USD,--,7280898979,--,--,--,3.58034E+11,FEE-7409131418719_11,HERMES Card Case Blue Synthetic Leather Logo Keychain Excellent,m50465079919,1,114.57,--,--,--,--,--,--,--,--,--,--,--,114.57,USD,--,--,Promoted Listings - General fee
2026-01-10T17:22:35.167Z,Order,11-14080-79699,11-14080-79699,blasko8866,--,Fenton,MI,48430,US,95.37,USD,--,7299591595,--,--,--,3.58034E+11,11-14080-79699,HERMES Card Case Blue Synthetic Leather Logo Keychain Excellent,m50465079919,1,114.57,--,--,--,--,--,--,--,--,--,--,--,114.57,USD,--,--,--
2026-01-10T00:05:54.933Z,Other fee,01-14092-89129,01-14092-89129,pres_419,--,Butte,MT,59701,US,5.68,USD,--,7280898979,--,--,--,3.58069E+11,FEE-7406919958119_11,COACH Selena Gomez Collaboration Coin Case Black Leather 9.5cm No Accessories,m63142925305,1,103.23,--,--,--,--,--,--,--,--,--,--,--,103.23,USD,--,--,Promoted Listings - General fee
2026-01-10T00:02:22.478Z,Order,01-14092-89129,01-14092-89129,pres_419,--,Butte,MT,59701,US,86.84,USD,--,7301847451,--,--,--,3.58069E+11,01-14092-89129,COACH Selena Gomez Collaboration Coin Case Black Leather 9.5cm No Accessories,m63142925305,1,103.23,--,--,--,--,--,--,--,--,--,--,--,103.23,USD,--,--,--
2026-01-06T19:16:31.483Z,Other fee,12-14063-12548,12-14063-12548,weedud1969,--,Tulare,CA,93274,US,8.88,USD,--,7279427995,--,--,--,3.58034E+11,FEE-7398209296119_11,COACH Pig Motif Small Zip Coin Case Pink Leather Mint With Box,2JJR4cn2UzwKwqYtrBSRCe,1,149.05,--,--,--,--,--,--,--,--,--,--,--,149.05,USD,--,--,Promoted Listings - General fee
2026-01-06T19:10:20.062Z,Order,12-14063-12548,12-14063-12548,weedud1969,--,Tulare,CA,93274,US,123.67,USD,--,7286217979,--,--,--,3.58034E+11,12-14063-12548,COACH Pig Motif Small Zip Coin Case Pink Leather Mint With Box,2JJR4cn2UzwKwqYtrBSRCe,1,149.05,--,--,--,--,--,--,--,--,--,--,--,149.05,USD,--,--,--
2026-01-05T00:33:03.743Z,Other fee,18-14046-45747,18-14046-45747,soto1802,--,Lake Worth,FL,33462-6406,US,9.31,USD,--,7279427995,--,--,--,3.58057E+11,FEE-7393368462919_11,COACH Vintage Compact Coin Case Green Leather Button Closure Excellent Condition,m31248582350,1,158.84,--,--,--,--,--,--,--,--,--,--,--,158.84,USD,--,--,Promoted Listings - General fee
2026-01-05T00:27:17.509Z,Order,18-14046-45747,18-14046-45747,soto1802,--,Lake Worth,FL,33462-6406,US,132.26,USD,--,7279427995,--,--,--,3.58057E+11,18-14046-45747,COACH Vintage Compact Coin Case Green Leather Button Closure Excellent Condition,m31248582350,1,158.84,--,--,--,--,--,--,--,--,--,--,--,158.84,USD,--,--,--
2026-01-02T22:33:56.206Z,Order,19-14036-39837,19-14036-39837,thecollectorarchetype,--,Barcelona,Cataluña,8008,ES,226.01,USD,--,7280898979,--,--,--,3.58048E+11,19-14036-39837,COACH 2 IN 1 Wallet Compact Smooth Leather Espresso Good Condition Accessories,2JJEpkWjq94Hfxn7XNJ6LH,1,267.85,--,--,--,--,--,--,--,--,--,--,--,267.85,USD,--,--,--
2026-01-02T10:38:31.454Z,ADJUSTMENT,--,--,--,--,--,--,--,--,0.01,USD,--,7265627923,--,--,--,--,INVOICE-80bfca3526944a7869328a51098adeb7_182,--,--,--,--,--,--,--,--,--,--,--,--,--,--,--,0.01,USD,--,--,--
2026-01-01T22:00:56.000Z,TRANSFER,--,--,--,--,--,--,--,--,65.95,USD,--,7265627923,--,--,--,--,22923209995,--,--,--,--,--,--,--,--,--,--,--,--,--,--,--,65.95,USD,--,--,--
2026-01-01T17:16:42.449Z,Other fee,--,--,--,--,--,--,--,--,65.95,USD,--,7265627923,--,--,--,--,INVOICE-7383498799019_11,--,--,--,--,--,--,--,--,--,--,--,--,--,--,--,65.95,USD,--,--,2025-12-31 - 2026-01-30
2025-12-27T18:23:02.917Z,Other fee,26-14000-61222,26-14000-61222,lee.07,--,Arlington Heights,IL,60005,US,12.6,USD,--,7259504371,--,--,--,3.58053E+11,FEE-7370732586319_11,COACH Bandit Card Case 7.5x10.5cm Luxe Calf Leather Black New With Tags,m52620239836,1,213.57,--,--,--,--,--,--,--,--,--,--,--,213.57,USD,--,--,Promoted Listings - General fee
2025-12-27T18:15:58.324Z,Order,26-14000-61222,26-14000-61222,lee.07,--,Arlington Heights,IL,60005,US,177.73,USD,--,7261404379,--,--,--,3.58053E+11,26-14000-61222,COACH Bandit Card Case 7.5x10.5cm Luxe Calf Leather Black New With Tags,m52620239836,1,213.57,--,--,--,--,--,--,--,--,--,--,--,213.57,USD,--,--,--
2025-12-25T21:10:55.909Z,Refund,10-14015-99693,10-14015-99693,cgreilich,--,Murrayville,GA,30564,US,133.75,USD,--,7259504371,--,--,--,3.58048E+11,RRP-6615939136-CCM_CHARGE,COACH Flower & Ladybug Long Wallet 20cm Leather Multi-Color Excellent Condition,m11440278758,1,161.07,--,--,--,--,--,--,--,--,--,--,--,161.07,USD,--,--,--
2025-12-25T18:30:36.717Z,Order,10-14015-99693,10-14015-99693,cgreilich,--,Murrayville,GA,30564,US,133.75,USD,--,7259504371,--,--,--,3.58048E+11,10-14015-99693,COACH Flower & Ladybug Long Wallet 20cm Leather Multi-Color Excellent Condition,m11440278758,1,161.07,--,--,--,--,--,--,--,--,--,--,--,161.07,USD,--,--,--
2025-12-20T18:58:10.207Z,Other fee,08-14002-27641,08-14002-27641,badbabybaird59,--,Springfield,IL,62702,US,6.99,USD,--,7251235363,--,--,--,3.58031E+11,FEE-7352218253319_11,KATE SPADE Lucy 3D Leopard Coin Purse Beige Black Excellent No Accessories,m43266945447,1,115.68,--,--,--,--,--,--,--,--,--,--,--,115.68,USD,--,--,Promoted Listings - General fee
2025-12-20T18:51:58.518Z,Order,08-14002-27641,08-14002-27641,badbabybaird59,--,Springfield,IL,62702,US,95.63,USD,--,7259504371,--,--,--,3.58031E+11,08-14002-27641,KATE SPADE Lucy 3D Leopard Coin Purse Beige Black Excellent No Accessories,m43266945447,1,115.68,--,--,--,--,--,--,--,--,--,--,--,115.68,USD,--,--,--
2025-12-20T00:15:48.981Z,Other fee,14-13991-70803,14-13991-70803,ralstar,--,Antioch,CA,94531,US,6.01,USD,--,7251235363,--,--,--,3.58033E+11,FEE-7350154049719_11,COACH Minnie Mouse bifold wallet black Minnie-chan,m87568890089,1,99.56,--,--,--,--,--,--,--,--,--,--,--,99.56,USD,--,--,Promoted Listings - General fee
2025-12-20T00:11:23.397Z,Order,14-13991-70803,14-13991-70803,ralstar,--,Antioch,CA,94531,US,82.22,USD,--,7251235363,--,--,--,3.58033E+11,14-13991-70803,COACH Minnie Mouse bifold wallet black Minnie-chan,m87568890089,1,99.56,--,--,--,--,--,--,--,--,--,--,--,99.56,USD,--,--,--
2025-12-19T16:08:42.618Z,Other fee,03-13967-27466,03-13967-27466,ralstar,--,Antioch,CA,94531,US,5.48,USD,--,7242183763,--,--,--,3.57984E+11,FEE-9774320555_42,COACH Minnie Mouse bifold wallet black Minnie-chan,m87568890089,1,99.56,--,--,--,--,--,--,--,--,--,--,--,99.56,USD,--,--,Promoted Listings - General fee
2025-12-19T16:01:58.741Z,Refund,03-13967-27466,03-13967-27466,ralstar,--,Antioch,CA,94531,US,83.75,USD,--,7242183763,--,--,--,3.57984E+11,RRP-6613080313-CCM_CHARGE,COACH Minnie Mouse bifold wallet black Minnie-chan,m87568890089,1,99.56,--,--,--,--,--,--,--,--,--,--,--,99.56,USD,--,--,--
2025-12-11T07:02:32.587Z,Other fee,03-13967-27466,03-13967-27466,ralstar,--,Antioch,CA,94531,US,5.48,USD,--,7232194147,--,--,--,3.57984E+11,FEE-7324854069819_11,COACH Minnie Mouse bifold wallet black Minnie-chan,m87568890089,1,99.56,--,--,--,--,--,--,--,--,--,--,--,99.56,USD,--,--,Promoted Listings - General fee
2025-12-11T06:56:35.158Z,Order,03-13967-27466,03-13967-27466,ralstar,--,Antioch,CA,94531,US,83.75,USD,--,7242183763,--,--,--,3.57984E+11,03-13967-27466,COACH Minnie Mouse bifold wallet black Minnie-chan,m87568890089,1,99.56,--,--,--,--,--,--,--,--,--,--,--,99.56,USD,--,--,--
2025-12-10T04:32:17.894Z,Other fee,03-13962-01304,03-13962-01304,myzerryn,--,Austin,TX,78741,US,6.36,USD,--,7232194147,--,--,--,3.57926E+11,FEE-7321759606819_11,New COACH mini wallet,m142771304,1,106.79,--,--,--,--,--,--,--,--,--,--,--,106.79,USD,--,--,Promoted Listings - General fee
2025-12-10T04:27:35.608Z,Order,03-13962-01304,03-13962-01304,myzerryn,--,Austin,TX,78741,US,88.48,USD,--,7239161083,--,--,--,3.57926E+11,03-13962-01304,New COACH mini wallet,m142771304,1,106.79,--,--,--,--,--,--,--,--,--,--,--,106.79,USD,--,--,--
2025-12-09T04:52:54.212Z,Other fee,25-13926-37055,25-13926-37055,iamquali5,--,Mayfield Heights,OH,44124,US,5.42,USD,--,7225870843,--,--,--,3.57995E+11,FEE-7318905287319_11,coach flower trifold wallet,m19031393097,1,91.21,--,--,--,--,--,--,--,--,--,--,--,91.21,USD,--,--,Promoted Listings - General fee
2025-12-09T04:48:40.548Z,Order,25-13926-37055,25-13926-37055,iamquali5,--,Mayfield Heights,OH,44124,US,75.55,USD,--,7240763107,--,--,--,3.57995E+11,25-13926-37055,coach flower trifold wallet,m19031393097,1,91.21,--,--,--,--,--,--,--,--,--,--,--,91.21,USD,--,--,--
2025-12-07T03:39:20.796Z,Other fee,13-13932-55640,13-13932-55640,nat_57048,--,San Francisco,CA,94123-3125,US,8.64,USD,--,7225870843,--,--,--,3.57967E+11,FEE-7313259636219_11,◆Good condition Kate Spade coin case tomato,m26519739038,1,144.59,--,--,--,--,--,--,--,--,--,--,--,144.59,USD,--,--,Promoted Listings - General fee
2025-12-07T03:33:13.406Z,Order,13-13932-55640,13-13932-55640,nat_57048,--,San Francisco,CA,94123-3125,US,119.88,USD,--,7232194147,--,--,--,3.57967E+11,13-13932-55640,◆Good condition Kate Spade coin case tomato,m26519739038,1,144.59,--,--,--,--,--,--,--,--,--,--,--,144.59,USD,--,--,--
2025-12-07T03:26:45.823Z,Other fee,22-13919-73010,22-13919-73010,thecollector_7,--,Fresno,CA,93722,US,5.43,USD,--,7225870843,--,--,--,3.57952E+11,FEE-7313235065819_11,COACH tri-fold wallet pink brown,m28016804215,1,91.21,--,--,--,--,--,--,--,--,--,--,--,91.21,USD,--,--,Promoted Listings - General fee
2025-12-07T03:20:59.372Z,Order,22-13919-73010,22-13919-73010,thecollector_7,--,Fresno,CA,93722,US,75.5,USD,--,7235721091,--,--,--,3.57952E+11,22-13919-73010,COACH tri-fold wallet pink brown,m28016804215,1,91.21,--,--,--,--,--,--,--,--,--,--,--,91.21,USD,--,--,--
2025-12-05T21:14:22.461Z,Other fee,20-13914-41515,20-13914-41515,weedud1969,--,Tulare,CA,93274,US,7.28,USD,--,7225870843,--,--,--,3.57964E+11,FEE-9716381273_42,Good condition ☆ COACH Coach folding wallet black white,m88122181515,1,122.36,--,--,--,--,--,--,--,--,--,--,--,122.36,USD,--,--,Promoted Listings - General fee
2025-12-05T21:03:17.327Z,Refund,20-13914-41515,20-13914-41515,weedud1969,--,Tulare,CA,93274,US,101.45,USD,--,7225870843,--,--,--,3.57964E+11,RRP-6604940434-CCM_CHARGE,Good condition ☆ COACH Coach folding wallet black white,m88122181515,1,122.36,--,--,--,--,--,--,--,--,--,--,--,122.36,USD,--,--,--
2025-12-05T10:26:08.171Z,Other fee,20-13914-41515,20-13914-41515,weedud1969,--,Tulare,CA,93274,US,7.28,USD,--,7225870843,--,--,--,3.57964E+11,FEE-7308628746619_11,Good condition ☆ COACH Coach folding wallet black white,m88122181515,1,122.36,--,--,--,--,--,--,--,--,--,--,--,122.36,USD,--,--,Promoted Listings - General fee
2025-12-05T10:19:12.290Z,Order,20-13914-41515,20-13914-41515,weedud1969,--,Tulare,CA,93274,US,101.45,USD,--,7225870843,--,--,--,3.57964E+11,20-13914-41515,Good condition ☆ COACH Coach folding wallet black white,m88122181515,1,122.36,--,--,--,--,--,--,--,--,--,--,--,122.36,USD,--,--,--
2025-12-03T00:49:19.402Z,Other fee,05-13924-68579,05-13924-68579,lyndsayturner1509,--,"Newtownards, Conlig",Down,BT23 7QU,GB,6.97,USD,--,7215507355,--,--,--,3.57956E+11,FEE-7301817030419_11,Very good condition COACH coin case with floral flower round accessory case,m89029212128,1,105.67,--,--,--,--,--,--,--,--,--,--,--,105.67,USD,--,--,Promoted Listings - General fee
2025-12-03T00:42:58.807Z,Order,05-13924-68579,05-13924-68579,lyndsayturner1509,--,"Newtownards, Conlig",Down,BT23 7QU,GB,85.64,USD,--,7225870843,--,--,--,3.57956E+11,05-13924-68579,Very good condition COACH coin case with floral flower round accessory case,m89029212128,1,105.67,--,--,--,--,--,--,--,--,--,--,--,105.67,USD,--,--,--
2025-12-01T23:28:14.571Z,ADJUSTMENT,--,--,--,--,--,--,--,--,0.01,USD,--,7215507355,--,--,--,--,INVOICE-d625a92cc9497f37b301f32a5eefae1d_182,--,--,--,--,--,--,--,--,--,--,--,--,--,--,--,0.01,USD,--,--,--
2025-12-01T17:28:13.272Z,Other fee,--,--,--,--,--,--,--,--,65.95,USD,--,7215507355,--,--,--,--,INVOICE-7298011141619_11,--,--,--,--,--,--,--,--,--,--,--,--,--,--,--,65.95,USD,--,--,2025-11-30 - 2025-12-30
2025-11-23T09:43:46.583Z,Other fee,--,--,--,--,--,--,--,--,17.59,USD,--,7215507355,--,--,--,--,INVOICE-7273916822419_11,--,--,--,--,--,--,--,--,--,--,--,--,--,--,--,17.59,USD,--,--,2025-11-22 - 2025-11-29
2025-11-23T09:43:07.433Z,ADJUSTMENT,--,--,--,--,--,--,--,--,6.44,USD,--,7215507355,--,--,--,--,INVOICE-679203277_20251123_0941_12,--,--,--,--,--,--,--,--,--,--,--,--,--,--,--,6.44,USD,--,--,--
2025-11-22T23:24:06.303Z,Other fee,12-13867-35026,12-13867-35026,countrygall182,--,Pendleton,OR,97801,US,7.28,USD,--,7215507355,--,--,--,3.57934E+11,FEE-7272885043019_11,COACH Bifold Long Wallet Patchwork Turnlock Brown,m59300965136,1,132.37,--,--,--,--,--,--,--,--,--,--,--,132.37,USD,--,--,Promoted Listings - General fee
2025-11-22T23:19:28.196Z,Order,12-13867-35026,12-13867-35026,countrygall182,--,Pendleton,OR,97801,US,111.47,USD,--,7215507355,--,--,--,3.57934E+11,12-13867-35026,COACH Bifold Long Wallet Patchwork Turnlock Brown,m59300965136,1,132.37,--,--,--,--,--,--,--,--,--,--,--,132.37,USD,--,--,--
2025-11-18T23:04:44.734Z,Other fee,--,--,--,--,--,--,--,--,10.46,USD,--,7215507355,--,--,--,--,INVOICE-7262110871119_11,--,--,--,--,--,--,--,--,--,--,--,--,--,--,--,10.46,USD,--,--,2025-11-18 - 2025-11-29
2025-11-18T23:04:29.959Z,ADJUSTMENT,--,--,--,--,--,--,--,--,2.36,USD,--,7215507355,--,--,--,--,INVOICE-678842351_20251118_2303_12,--,--,--,--,--,--,--,--,--,--,--,--,--,--,--,2.36,USD,--,--,--
2025-11-13T01:48:08.555Z,Refund,13-13463-49118,13-13463-49118,sopmil_1040,--,Americana,São Paulo,13478-190,BR,71.21,USD,--,7215507355,--,--,--,3.57459E+11,RRP-6592547587-CCM_CHARGE,Working product watch D&G TIME Dolce & Gabbana Silver Bracelet,rkm_2f0d0171b2edc7f7fb82d67538ea442e,1,107,--,--,--,--,--,--,--,--,--,--,--,107,USD,--,--,--
2025-11-13T01:48:08.195Z,TRANSFER,--,--,--,--,--,--,--,--,71.21,USD,--,7215507355,--,--,--,--,REFUND_CHARGE-6592547587,--,--,--,--,--,--,--,--,--,--,--,--,--,--,--,71.21,USD,--,--,--
2025-11-09T00:01:08.000Z,TRANSFER,--,--,--,--,--,--,--,--,5.45,USD,--,7215507355,--,--,--,--,22330392019,--,--,--,--,--,--,--,--,--,--,--,--,--,--,--,5.45,USD,--,--,--
2025-11-01T17:17:40.175Z,Other fee,--,--,--,--,--,--,--,--,5.45,USD,--,7215507355,--,--,--,--,INVOICE-7212895702619_11,--,--,--,--,--,--,--,--,--,--,--,--,--,--,--,5.45,USD,--,--,2025-10-31 - 2025-11-29
2025-10-14T00:01:09.422Z,CREDIT,13-13463-49118,13-13463-49118,sopmil_1040,--,Americana,São Paulo,13478-190,BR,107,USD,--,7215507355,--,--,--,3.57459E+11,DISPUTE_HOLD_REVERSE-6575816689-6410565626,Working product watch D&G TIME Dolce & Gabbana Silver Bracelet,rkm_2f0d0171b2edc7f7fb82d67538ea442e,1,107,--,--,--,--,--,--,--,--,--,--,--,107,USD,--,--,--
2025-10-10T20:39:13.386Z,DISPUTE,13-13463-49118,13-13463-49118,sopmil_1040,--,Americana,São Paulo,13478-190,BR,107,USD,--,7215507355,--,--,--,3.57459E+11,DISPUTE_HOLD-6575816689,Working product watch D&G TIME Dolce & Gabbana Silver Bracelet,rkm_2f0d0171b2edc7f7fb82d67538ea442e,1,107,--,--,--,--,--,--,--,--,--,--,--,107,USD,--,--,--
2025-10-08T22:04:51.000Z,TRANSFER,--,--,--,--,--,--,--,--,5.44,USD,--,7215507355,--,--,--,--,21995960371,--,--,--,--,--,--,--,--,--,--,--,--,--,--,--,5.44,USD,--,--,--
2025-10-08T15:57:31.628Z,CREDIT,13-13463-49118,13-13463-49118,sopmil_1040,--,Americana,São Paulo,13478-190,BR,107,USD,--,7215507355,--,--,--,3.57459E+11,DISPUTE_HOLD_REVERSE-6568946254-6407391258,Working product watch D&G TIME Dolce & Gabbana Silver Bracelet,rkm_2f0d0171b2edc7f7fb82d67538ea442e,1,107,--,--,--,--,--,--,--,--,--,--,--,107,USD,--,--,--
2025-10-01T21:43:41.582Z,ADJUSTMENT,--,--,--,--,--,--,--,--,0.01,USD,--,7215507355,--,--,--,--,INVOICE-453d1a35cdf7d28677ecf95d4c26ea25_182,--,--,--,--,--,--,--,--,--,--,--,--,--,--,--,0.01,USD,--,--,--
2025-10-01T07:34:58.983Z,Other fee,--,--,--,--,--,--,--,--,5.45,USD,--,7215507355,--,--,--,--,INVOICE-7126977310119_11,--,--,--,--,--,--,--,--,--,--,--,--,--,--,--,5.45,USD,--,--,2025-09-30 - 2025-10-30
2025-09-27T00:51:17.042Z,DISPUTE,13-13463-49118,13-13463-49118,sopmil_1040,--,Americana,São Paulo,13478-190,BR,107,USD,--,7215507355,--,--,--,3.57459E+11,DISPUTE_HOLD-6568946254,Working product watch D&G TIME Dolce & Gabbana Silver Bracelet,rkm_2f0d0171b2edc7f7fb82d67538ea442e,1,107,--,--,--,--,--,--,--,--,--,--,--,107,USD,--,--,--
2025-09-17T01:47:21.223Z,Other fee,--,--,--,--,--,--,--,--,43.96,USD,--,7090786219,--,--,--,--,FEE-7088206375319_11,--,--,--,--,--,--,--,--,--,--,--,--,--,--,--,43.96,USD,--,--,Subscription early termination fee
2025-09-02T04:18:23.139Z,ADJUSTMENT,--,--,--,--,--,--,--,--,0.02,USD,--,7066990243,--,--,--,--,INVOICE-3f702d01e2f09830557d32f0d68ee299_182,--,--,--,--,--,--,--,--,--,--,--,--,--,--,--,0.02,USD,--,--,--
2025-09-01T17:06:11.522Z,Other fee,--,--,--,--,--,--,--,--,65.95,USD,--,7066990243,--,--,--,--,INVOICE-7046134207119_11,--,--,--,--,--,--,--,--,--,--,--,--,--,--,--,65.95,USD,--,--,2025-08-31 - 2025-09-29
2025-09-01T04:11:08.991Z,Other fee,02-13497-46704,02-13497-46704,suz-989355,--,Fort Worth,TX,76116,US,10.78,USD,--,7066990243,--,--,--,3.575E+11,FEE-9361560872_42,Hermes Heart-shaped Pocket Square Twilly Scarf,rkm_4d80d3aa1c445b09948bd2e147b90439,1,181,--,--,--,--,--,--,--,--,--,--,--,181,USD,--,--,Promoted Listings - General fee
2025-09-01T04:02:04.997Z,Refund,02-13497-46704,02-13497-46704,suz-989355,--,Fort Worth,TX,76116,US,150.28,USD,--,7066990243,--,--,--,3.575E+11,RRP-6555544685-CCM_CHARGE,Hermes Heart-shaped Pocket Square Twilly Scarf,rkm_4d80d3aa1c445b09948bd2e147b90439,1,181,--,--,--,--,--,--,--,--,--,--,--,181,USD,--,--,--
2025-08-24T21:19:13.931Z,Order,10-13491-09275,10-13491-09275,mattmc-56,--,Los Angeles,CA,90028,US,225.1,USD,--,7057134115,--,--,--,3.57467E+11,10-13491-09275,Hermes Carre 90 Large Scarf CAPARACONS DE LA FRANCE ET DE L'INDE Horse Casari Re,rkm_7c5489f52d93a57d838351327d42ce57,1,272,--,--,--,--,--,--,--,--,--,--,--,272,USD,--,--,--
2025-08-24T13:24:51.152Z,Order,19-13477-36465,19-13477-36465,commandercup,--,Vienna,VA,22182,US,78.57,USD,--,7066990243,--,--,--,3.57509E+11,19-13477-36465,[Case included] MHL. TOUGH LEATHER,rkm_342075e0454a21891ae5e31a19f5e7d4,1,95,--,--,--,--,--,--,--,--,--,--,--,95,USD,--,--,--
2025-08-23T16:09:07.536Z,Other fee,02-13497-46704,02-13497-46704,suz-989355,--,Fort Worth,TX,76116,US,10.78,USD,--,7054198051,--,--,--,3.575E+11,FEE-7023710028619_11,Hermes Heart-shaped Pocket Square Twilly Scarf,rkm_4d80d3aa1c445b09948bd2e147b90439,1,181,--,--,--,--,--,--,--,--,--,--,--,181,USD,--,--,Promoted Listings - General fee
2025-08-23T16:02:56.108Z,Order,02-13497-46704,02-13497-46704,suz-989355,--,Fort Worth,TX,76116,US,150.28,USD,--,7066990243,--,--,--,3.575E+11,02-13497-46704,Hermes Heart-shaped Pocket Square Twilly Scarf,rkm_4d80d3aa1c445b09948bd2e147b90439,1,181,--,--,--,--,--,--,--,--,--,--,--,181,USD,--,--,--
2025-08-23T00:27:40.695Z,Other fee,27-13461-72581,27-13461-72581,marsilvago_0,--,London,London,N20 0PH,GB,12.82,USD,--,7054198051,--,--,--,3.57456E+11,FEE-7021947030619_11,[COACH New] Billfold Wallet  Dark Lime  Calf leather,rkm_684d5aa1b02d4b8f3e306984817cb051,1,233,--,--,--,--,--,--,--,--,--,--,--,233,USD,--,--,Promoted Listings - General fee
2025-08-23T00:22:21.860Z,Order,27-13461-72581,27-13461-72581,marsilvago_0,--,London,London,N20 0PH,GB,196.55,USD,--,7055730571,--,--,--,3.57456E+11,27-13461-72581,[COACH New] Billfold Wallet  Dark Lime  Calf leather,rkm_684d5aa1b02d4b8f3e306984817cb051,1,233,--,--,--,--,--,--,--,--,--,--,--,233,USD,--,--,--
2025-08-21T05:19:49.796Z,Order,04-13485-16813,04-13485-16813,stealthwon,--,Los Angeles,CA,90046,US,252.83,USD,--,7054198051,--,--,--,3.57481E+11,04-13485-16813,318  excellent Gucci Coin Case Soho Leather Round Zipper,rkm_02b9f4b4fedbb8a368956f8743dce7d2,1,305,--,--,--,--,--,--,--,--,--,--,--,305,USD,--,--,--
2025-08-18T21:55:47.548Z,Order,13-13463-49118,13-13463-49118,sopmil_1040,--,Americana,São Paulo,13478-190,BR,90.26,USD,--,7090786219,--,--,--,3.57459E+11,13-13463-49118,Working product watch D&G TIME Dolce & Gabbana Silver Bracelet,rkm_2f0d0171b2edc7f7fb82d67538ea442e,1,107,--,--,--,--,--,--,--,--,--,--,--,107,USD,--,--,--
2025-08-11T23:35:21.183Z,Other fee,07-13442-65917,07-13442-65917,pinkstock2005,--,Columbus,OH,43201,US,6.27,USD,--,7031936851,--,--,--,3.57441E+11,FEE-6992523413919_11,Louis Vuitton Business Card Holder Epi,rkm_66b0b13dd84eb66c2c071cf72fcc97ed,1,114,--,--,--,--,--,--,--,--,--,--,--,114,USD,--,--,Promoted Listings - General fee
2025-08-11T23:31:33.064Z,Order,07-13442-65917,07-13442-65917,pinkstock2005,--,Columbus,OH,43201,US,95.94,USD,--,7039947787,--,--,--,3.57441E+11,07-13442-65917,Louis Vuitton Business Card Holder Epi,rkm_66b0b13dd84eb66c2c071cf72fcc97ed,1,114,--,--,--,--,--,--,--,--,--,--,--,114,USD,--,--,--
2025-08-10T22:59:47.840Z,Order,08-13436-07563,08-13436-07563,sa51425,--,Auckland,New Zealand,602,NZ,111.39,USD,--,7041694267,--,--,--,3.57371E+11,08-13436-07563,LOUISVUITTON Louis Vuitton Portefeuille International,rkm_9930c134bea3739c760f78af96eb0cb4,1,136,--,--,--,--,--,--,--,--,--,--,--,136,USD,--,--,--
2025-08-08T07:54:41.978Z,Order,11-13421-72857,11-13421-72857,greenhighmountain,--,Berlin,(No states listed),12043,DE,88.51,USD,--,7033605499,--,--,--,3.57381E+11,11-13421-72857,LANVIN en Bleu Bifold Wallet - Purple Pearl/Removable Charm Leather,rkm_41263fd69698287f61b04bf796ab34b6,1,109,--,--,--,--,--,--,--,--,--,--,--,109,USD,--,--,--
2025-08-03T14:05:52.437Z,Other fee,15-13395-03109,15-13395-03109,abdulrahmanhamaalthan0,--,LONDON,London,W2 4RS,GB,14.19,USD,--,7031936851,--,--,--,3.57357E+11,FEE-6968238048519_11,"Brand new, unused HERMES Shiffre Metal Leather Dog Whistle Necklace",rkm_b586a1b8a7a418ea3e2be244217d4f1b,1,258,--,--,--,--,--,--,--,--,--,--,--,258,USD,--,--,Promoted Listings - General fee
2025-08-03T14:02:05.586Z,Order,15-13395-03109,15-13395-03109,abdulrahmanhamaalthan0,--,LONDON,London,W2 4RS,GB,217.68,USD,--,7031936851,--,--,--,3.57357E+11,15-13395-03109,"Brand new, unused HERMES Shiffre Metal Leather Dog Whistle Necklace",rkm_b586a1b8a7a418ea3e2be244217d4f1b,1,258,--,--,--,--,--,--,--,--,--,--,--,258,USD,--,--,--
2025-08-01T19:30:04.393Z,ADJUSTMENT,--,--,--,--,--,--,--,--,0.01,USD,--,7011500179,--,--,--,--,INVOICE-f801fc2c0efc0774e53b0b4c9714f393_182,--,--,--,--,--,--,--,--,--,--,--,--,--,--,--,0.01,USD,--,--,--
2025-08-01T17:21:42.618Z,Other fee,--,--,--,--,--,--,--,--,65.95,USD,--,7011500179,--,--,--,--,INVOICE-6963329956819_11,--,--,--,--,--,--,--,--,--,--,--,--,--,--,--,65.95,USD,--,--,2025-07-31 - 2025-08-30
2025-07-29T22:27:15.734Z,Other fee,19-13367-56077,19-13367-56077,priceypastime,--,Parkland,FL,33076,US,9.77,USD,--,7011060331,--,--,--,3.57313E+11,FEE-9243572421_42,Hermes scarf Carre 45 Gavroche Borduck Ribbon Pattern Petit Carre,rkm_64c6a725366deba0f5d32eba51ebd97b,1,166,--,--,--,--,--,--,--,--,--,--,--,166,USD,--,--,Promoted Listings - General fee
2025-07-29T22:17:19.128Z,Refund,19-13367-56077,19-13367-56077,priceypastime,--,Parkland,FL,33076,US,138.1,USD,--,7011060331,--,--,--,3.57313E+11,RRP-6539440368-CCM_CHARGE,Hermes scarf Carre 45 Gavroche Borduck Ribbon Pattern Petit Carre,rkm_64c6a725366deba0f5d32eba51ebd97b,1,166,--,--,--,--,--,--,--,--,--,--,--,166,USD,--,--,--
2025-07-29T01:32:42.582Z,Other fee,19-13367-56077,19-13367-56077,priceypastime,--,Parkland,FL,33076,US,9.77,USD,--,7011060331,--,--,--,3.57313E+11,FEE-6954403061419_11,Hermes scarf Carre 45 Gavroche Borduck Ribbon Pattern Petit Carre,rkm_64c6a725366deba0f5d32eba51ebd97b,1,166,--,--,--,--,--,--,--,--,--,--,--,166,USD,--,--,Promoted Listings - General fee
2025-07-29T01:28:36.937Z,Order,19-13367-56077,19-13367-56077,priceypastime,--,Parkland,FL,33076,US,138.1,USD,--,7011060331,--,--,--,3.57313E+11,19-13367-56077,Hermes scarf Carre 45 Gavroche Borduck Ribbon Pattern Petit Carre,rkm_64c6a725366deba0f5d32eba51ebd97b,1,166,--,--,--,--,--,--,--,--,--,--,--,166,USD,--,--,--
2025-07-25T13:38:59.422Z,Order,14-13359-47569,14-13359-47569,majfree61,--,Palmyra,NJ,8065,US,142.37,USD,--,7011060331,--,--,--,3.57295E+11,14-13359-47569,"COACH Essential Cosmetic Pouch Coach Wallets, Pouches, Cases",rkm_4669cb4841a9458c5750a6885344afa8,1,171,--,--,--,--,--,--,--,--,--,--,--,171,USD,--,--,--
2025-07-25T07:02:35.112Z,Other fee,18-13353-25376,18-13353-25376,marysoft,--,Rancho Santa Fe,CA,92067,US,9.38,USD,--,7005832579,--,--,--,3.57287E+11,FEE-6944624513919_11,LOUIS VUITTON Louis Vuitton Epi M6324D Bifold Wallet Brown,rkm_9448094ca3aecc26c97b49d166c62e66,1,163,--,--,--,--,--,--,--,--,--,--,--,163,USD,--,--,Promoted Listings - General fee
2025-07-25T06:59:15.499Z,Order,18-13353-25376,18-13353-25376,marysoft,--,Rancho Santa Fe,CA,92067,US,136.18,USD,--,7011500179,--,--,--,3.57287E+11,18-13353-25376,LOUIS VUITTON Louis Vuitton Epi M6324D Bifold Wallet Brown,rkm_9448094ca3aecc26c97b49d166c62e66,1,163,--,--,--,--,--,--,--,--,--,--,--,163,USD,--,--,--
2025-07-25T03:36:01.563Z,Other fee,27-13341-05431,27-13341-05431,me-717495,--,Booragoon,Western Australia,6154,AU,6.24,USD,--,7005832579,--,--,--,3.57339E+11,FEE-6944298079119_11,[Classic Popular] Louis Vuitton Monogram Notebook Cover Agenda Poche CA1916,rkm_49ffee564482ff388af00660b891468f,1,103,--,--,--,--,--,--,--,--,--,--,--,103,USD,--,--,Promoted Listings - General fee
2025-07-25T03:32:46.322Z,Order,27-13341-05431,27-13341-05431,me-717495,--,Booragoon,Western Australia,6154,AU,85.05,USD,--,7011500179,--,--,--,3.57339E+11,27-13341-05431,[Classic Popular] Louis Vuitton Monogram Notebook Cover Agenda Poche CA1916,rkm_49ffee564482ff388af00660b891468f,1,103,--,--,--,--,--,--,--,--,--,--,--,103,USD,--,--,--
2025-07-20T06:32:03.870Z,Order,20-13329-48996,20-13329-48996,ladi7431,--,Henderson,NV,89015,US,156.9,USD,--,6998782267,--,--,--,3.57307E+11,20-13329-48996,New GUCCI GG Leather & Canvas Card Case Mint Denim,rkm_43b24f4db8010655975670fb976dbff5,1,189,--,--,--,--,--,--,--,--,--,--,--,189,USD,--,--,--
2025-07-20T00:07:11.700Z,Order,07-13346-26708,07-13346-26708,thevintagemillenial,--,Otley,West Yorkshire,LS21 1AE,GB,110.34,USD,--,7005832579,--,--,--,3.57256E+11,07-13346-26708,Gucci horsebit belt,rkm_bcbc4b7920fdb9aedc2a8c4a377504e5,1,136,--,--,--,--,--,--,--,--,--,--,--,136,USD,--,--,--
2025-07-19T15:29:31.100Z,Order,06-13346-09560,06-13346-09560,606orangutan,--,New York,NY,10009,US,169.5,USD,--,6996430579,--,--,--,3.57313E+11,06-13346-09560,Hermes Carre 90 Hidden Treasure 100  Silk Scarf Beautiful Condition,rkm_69f5ed96f00db7b792f897be218cd7cf,1,201,--,--,--,--,--,--,--,--,--,--,--,201,USD,--,--,--
2025-07-16T22:03:12.833Z,Refund,24-13309-59335,24-13309-59335,design4yourhome,--,Paris,Ile de France,75007,FR,94.04,USD,--,6985208995,--,--,--,3.5719E+11,RRP-6533126176-CCM_CHARGE,Prada Sunglasses 53 19 Brown SPR23Q-F 2AU-3D0,rkm_8e9c240124c915c9c6cee977e68aa30a,1,116,--,--,--,--,--,--,--,--,--,--,--,116,USD,--,--,--
2025-07-13T15:38:23.472Z,Order,15-13309-20615,15-13309-20615,pe2015.fabr,--,Lima,Lima,15023,PE,103.55,USD,--,6998782267,--,--,--,3.57249E+11,15-13309-20615,Good condition   Louis Vuitton Glasses Case Etui L net Saample,rkm_ae891add1bfe0460144f833a326f6d83,1,123,--,--,--,--,--,--,--,--,--,--,--,123,USD,--,--,--
2025-07-12T20:12:40.114Z,Order,24-13309-59335,24-13309-59335,design4yourhome,--,Paris,Ile de France,75007,FR,94.04,USD,--,6985208995,--,--,--,3.5719E+11,24-13309-59335,Prada Sunglasses 53 19 Brown SPR23Q-F 2AU-3D0,rkm_8e9c240124c915c9c6cee977e68aa30a,1,116,--,--,--,--,--,--,--,--,--,--,--,116,USD,--,--,--
2025-07-12T04:22:09.329Z,Other fee,17-13301-87930,17-13301-87930,lizawinters,--,Kalamazoo,MI,49009,US,15.04,USD,--,6982102675,--,--,--,3.57249E+11,FEE-6909462218719_11,[Very popular collaboration] adidas x Gucci headband bandana scarf,rkm_6d92a7487aa0725bb16c5450961347b9,1,258,--,--,--,--,--,--,--,--,--,--,--,258,USD,--,--,Promoted Listings - General fee
2025-07-12T04:18:51.698Z,Order,17-13301-87930,17-13301-87930,lizawinters,--,Kalamazoo,MI,49009,US,215.3,USD,--,6985208995,--,--,--,3.57249E+11,17-13301-87930,[Very popular collaboration] adidas x Gucci headband bandana scarf,rkm_6d92a7487aa0725bb16c5450961347b9,1,258,--,--,--,--,--,--,--,--,--,--,--,258,USD,--,--,--
2025-07-12T00:02:21.774Z,Order,20-13297-38059,20-13297-38059,audretaya_0,--,Granada Hills,CA,91344,US,86.74,USD,--,6989099275,--,--,--,3.57263E+11,20-13297-38059,Limited time sale MIUMIU Miu Miu cord x nylon trick,rkm_115e56fd659c871619392dbb73937690,1,105,--,--,--,--,--,--,--,--,--,--,--,105,USD,--,--,--
2025-07-11T18:15:04.529Z,Other fee,22-13293-74584,22-13293-74584,gongoraconstruction-8,--,CHAPEL HILL,NC,27517,US,15.87,USD,--,6982102675,--,--,--,3.57225E+11,FEE-6908462508219_11,Gold Black [Extremely Beautiful] Louis Vuitton Sunglasses Z0010E,rkm_f9dc56705c48047768cb8c69341fd33d,1,269,--,--,--,--,--,--,--,--,--,--,--,269,USD,--,--,Promoted Listings - General fee
2025-07-11T18:11:06.980Z,Order,22-13293-74584,22-13293-74584,gongoraconstruction-8,--,CHAPEL HILL,NC,27517,US,223.98,USD,--,6990484843,--,--,--,3.57225E+11,22-13293-74584,Gold Black [Extremely Beautiful] Louis Vuitton Sunglasses Z0010E,rkm_f9dc56705c48047768cb8c69341fd33d,1,269,--,--,--,--,--,--,--,--,--,--,--,269,USD,--,--,--
2025-07-04T20:09:46.853Z,Order,05-13289-00168,05-13289-00168,239dena3362,--,Lake City,FL,32024-5104,US,95.45,USD,--,6982102675,--,--,--,3.57169E+11,05-13289-00168,LOUIS VUITTON Louis Vuitton Portefeuille Sara Monogram,rkm_bbc40ae97aa2eb017e652336dd8873fe,1,115,--,--,--,--,--,--,--,--,--,--,--,115,USD,--,--,--
2025-07-02T04:33:13.000Z,TRANSFER,--,--,--,--,--,--,--,--,65.95,USD,--,6982102675,--,--,--,--,20976809875,--,--,--,--,--,--,--,--,--,--,--,--,--,--,--,65.95,USD,--,--,--
2025-07-01T17:08:11.763Z,Other fee,--,--,--,--,--,--,--,--,65.95,USD,--,6982102675,--,--,--,--,INVOICE-6879982403319_11,--,--,--,--,--,--,--,--,--,--,--,--,--,--,--,65.95,USD,--,--,2025-06-30 - 2025-07-30
2025-06-23T16:52:22.854Z,CREDIT,21-13151-10071,21-13151-10071,divysh-73,--,Hicksville,NY,11801,US,221,USD,--,6946924051,--,--,--,3.5698E+11,DISPUTE_HOLD_REVERSE-6518576621-6339531481,Hermes HERMES Makeup Pouch Neo-Ban PM Cosmetic Pouch Orange,rkm_b4197e4a61f304a8c9300b5b641f6ef1,1,221,--,--,--,--,--,--,--,--,--,--,--,221,USD,--,--,--
2025-06-23T16:42:06.253Z,Refund,21-13151-10071,21-13151-10071,divysh-73,--,Hicksville,NY,11801,US,221,USD,--,6946924051,--,--,--,3.5698E+11,RRP-6521787646-CCM_CHARGE,Hermes HERMES Makeup Pouch Neo-Ban PM Cosmetic Pouch Orange,rkm_b4197e4a61f304a8c9300b5b641f6ef1,1,221,--,--,--,--,--,--,--,--,--,--,--,221,USD,--,--,--
2025-06-23T01:22:56.279Z,Other fee,09-13235-51714,09-13235-51714,mintchoco_ykc,--,Richmond Hill,ON,L4S2N6,CA,2.53,USD,--,6946924051,--,--,--,3.57104E+11,FEE-6855931676119_11,[New and unused] Orange Blue Long Wallet Chain Vivienne Westwood,rkm_9879a4359a302ac28c5724e9e327ca78,1,115,--,--,--,--,--,--,--,--,--,--,--,115,USD,--,--,Promoted Listings - General fee
2025-06-23T01:18:25.548Z,Order,09-13235-51714,09-13235-51714,mintchoco_ykc,--,Richmond Hill,ON,L4S2N6,CA,96.78,USD,--,6958465339,--,--,--,3.57104E+11,09-13235-51714,[New and unused] Orange Blue Long Wallet Chain Vivienne Westwood,rkm_9879a4359a302ac28c5724e9e327ca78,1,115,--,--,--,--,--,--,--,--,--,--,--,115,USD,--,--,--
2025-06-16T20:47:56.959Z,DISPUTE,21-13151-10071,21-13151-10071,divysh-73,--,Hicksville,NY,11801,US,221,USD,--,6938198347,--,--,--,3.5698E+11,DISPUTE_HOLD-6518576621,Hermes HERMES Makeup Pouch Neo-Ban PM Cosmetic Pouch Orange,rkm_b4197e4a61f304a8c9300b5b641f6ef1,1,221,--,--,--,--,--,--,--,--,--,--,--,221,USD,--,--,--
2025-06-16T13:37:57.117Z,Order,10-13208-96476,10-13208-96476,boucheron100,--,Seattle,WA,98106,US,122.14,USD,--,6946924051,--,--,--,3.57095E+11,10-13208-96476,Jetsons Scarf Handkerchief GUCCI x The Jetsons,rkm_e8e274bdcdf0553b4977e81b0f6c9bdd,1,145,--,--,--,--,--,--,--,--,--,--,--,145,USD,--,--,--
2025-06-12T06:36:51.603Z,Other fee,06-13198-35063,06-13198-35063,glubglub,--,los angeles,CA,90029,US,6.42,USD,--,6932083459,--,--,--,3.57056E+11,FEE-6827115037219_11,HERMES Mineral Mineraux Scarf Carre 90,rkm_f72c636d183e7f31c0ac24f9a846776c,1,266,--,--,--,--,--,--,--,--,--,--,--,266,USD,--,--,Promoted Listings - General fee
2025-06-12T06:33:19.023Z,Order,06-13198-35063,06-13198-35063,glubglub,--,los angeles,CA,90029,US,220.44,USD,--,6938198347,--,--,--,3.57056E+11,06-13198-35063,HERMES Mineral Mineraux Scarf Carre 90,rkm_f72c636d183e7f31c0ac24f9a846776c,1,266,--,--,--,--,--,--,--,--,--,--,--,266,USD,--,--,--
2025-06-09T05:42:08.053Z,Other fee,27-13153-88621,27-13153-88621,greeneliasmiles,--,Melbourne,Victoria,3012,AU,4.58,USD,--,6932083459,--,--,--,3.57056E+11,FEE-9066894597_42,Hermes CHOREGRAPHIE EQUESTRE 100  Silk Carre 70,rkm_c64c9f864d7f9832946b0aa0dd37baf4,1,189,--,--,--,--,--,--,--,--,--,--,--,189,USD,--,--,Promoted Listings - General fee
2025-06-09T05:33:44.068Z,Refund,27-13153-88621,27-13153-88621,greeneliasmiles,--,Melbourne,Victoria,3012,AU,156.43,USD,--,6932083459,--,--,--,3.57056E+11,RRP-6514598362-CCM_CHARGE,Hermes CHOREGRAPHIE EQUESTRE 100  Silk Carre 70,rkm_c64c9f864d7f9832946b0aa0dd37baf4,1,189,--,--,--,--,--,--,--,--,--,--,--,189,USD,--,--,--
2025-06-08T06:55:18.725Z,Other fee,27-13153-88621,27-13153-88621,greeneliasmiles,--,Melbourne,Victoria,3012,AU,4.58,USD,--,6932083459,--,--,--,3.57056E+11,FEE-6815692759919_11,Hermes CHOREGRAPHIE EQUESTRE 100  Silk Carre 70,rkm_c64c9f864d7f9832946b0aa0dd37baf4,1,189,--,--,--,--,--,--,--,--,--,--,--,189,USD,--,--,Promoted Listings - General fee
2025-06-08T06:50:48.743Z,Order,27-13153-88621,27-13153-88621,greeneliasmiles,--,Melbourne,Victoria,3012,AU,156.43,USD,--,6932083459,--,--,--,3.57056E+11,27-13153-88621,Hermes CHOREGRAPHIE EQUESTRE 100  Silk Carre 70,rkm_c64c9f864d7f9832946b0aa0dd37baf4,1,189,--,--,--,--,--,--,--,--,--,--,--,189,USD,--,--,--
2025-06-07T22:31:09.745Z,Other fee,27-13139-40228,27-13139-40228,mcdlib,--,Spring,TX,77386,US,4.53,USD,--,6932083459,--,--,--,3.57003E+11,FEE-9063024249_42,Beautiful Hermes Twilly BOLDUC Scarf Silk Women's HERMES [1-0200551],rkm_3800815fea00d56bace37529e5c2c6e7,1,192,--,--,--,--,--,--,--,--,--,--,--,192,USD,--,--,Promoted Listings - General fee
2025-06-07T22:23:42.217Z,Refund,27-13139-40228,27-13139-40228,mcdlib,--,Spring,TX,77386,US,159.73,USD,--,6932083459,--,--,--,3.57003E+11,RRP-6514244785-CCM_CHARGE,Beautiful Hermes Twilly BOLDUC Scarf Silk Women's HERMES [1-0200551],rkm_3800815fea00d56bace37529e5c2c6e7,1,192,--,--,--,--,--,--,--,--,--,--,--,192,USD,--,--,--
2025-06-05T15:40:41.862Z,Other fee,21-13151-10071,21-13151-10071,divysh-73,--,Hicksville,NY,11801,US,5.28,USD,--,6932083459,--,--,--,3.5698E+11,FEE-6808357957719_11,Hermes HERMES Makeup Pouch Neo-Ban PM Cosmetic Pouch Orange,rkm_b4197e4a61f304a8c9300b5b641f6ef1,1,221,--,--,--,--,--,--,--,--,--,--,--,221,USD,--,--,Promoted Listings - General fee
2025-06-05T15:37:12.852Z,Order,21-13151-10071,21-13151-10071,divysh-73,--,Hicksville,NY,11801,US,183.46,USD,--,6938198347,--,--,--,3.5698E+11,21-13151-10071,Hermes HERMES Makeup Pouch Neo-Ban PM Cosmetic Pouch Orange,rkm_b4197e4a61f304a8c9300b5b641f6ef1,1,221,--,--,--,--,--,--,--,--,--,--,--,221,USD,--,--,--
2025-06-04T15:19:59.398Z,Other fee,27-13139-40228,27-13139-40228,mcdlib,--,Spring,TX,77386,US,4.53,USD,--,6932083459,--,--,--,3.57003E+11,FEE-6805563434019_11,Beautiful Hermes Twilly BOLDUC Scarf Silk Women's HERMES [1-0200551],rkm_3800815fea00d56bace37529e5c2c6e7,1,192,--,--,--,--,--,--,--,--,--,--,--,192,USD,--,--,Promoted Listings - General fee
2025-06-04T15:15:45.552Z,Order,27-13139-40228,27-13139-40228,mcdlib,--,Spring,TX,77386,US,159.73,USD,--,6932083459,--,--,--,3.57003E+11,27-13139-40228,Beautiful Hermes Twilly BOLDUC Scarf Silk Women's HERMES [1-0200551],rkm_3800815fea00d56bace37529e5c2c6e7,1,192,--,--,--,--,--,--,--,--,--,--,--,192,USD,--,--,--
2025-06-03T17:35:47.340Z,Other fee,16-13149-78113,16-13149-78113,msj_93,--,Abu dhabi,Middle east,815 abudhabi,AE,14.85,USD,--,6932083459,--,--,--,3.56956E+11,FEE-6803145165319_11,Hermes Whip and Grip Marble Silk Kyoto Marble Carre 90 Sold Purchase,rkm_e05c87e484499efcb19550a270f4946e,1,675,--,--,--,--,--,--,--,--,--,--,--,675,USD,--,--,Promoted Listings - General fee
2025-06-03T17:33:04.626Z,Order,16-13149-78113,16-13149-78113,msj_93,--,Abu dhabi,Middle east,815 abudhabi,AE,570.24,USD,--,6932083459,--,--,--,3.56956E+11,16-13149-78113,Hermes Whip and Grip Marble Silk Kyoto Marble Carre 90 Sold Purchase,rkm_e05c87e484499efcb19550a270f4946e,1,675,--,--,--,--,--,--,--,--,--,--,--,675,USD,--,--,--
2025-06-02T19:17:21.558Z,ADJUSTMENT,--,--,--,--,--,--,--,--,0.02,USD,--,6915069067,--,--,--,--,INVOICE-51c4c287b5f3620503d9fd32ec1a29ed_182,--,--,--,--,--,--,--,--,--,--,--,--,--,--,--,0.02,USD,--,--,--
2025-06-01T17:25:01.531Z,Other fee,--,--,--,--,--,--,--,--,65.95,USD,--,6915069067,--,--,--,--,INVOICE-6797871384019_11,--,--,--,--,--,--,--,--,--,--,--,--,--,--,--,65.95,USD,--,--,2025-05-31 - 2025-06-29
2025-05-28T03:52:25.496Z,Other fee,03-13139-30931,03-13139-30931,bimboshop,--,St Leonards,NSW,2065,AU,3.51,USD,--,6915069067,--,--,--,3.56956E+11,FEE-6786717758819_11,Hermes Twilly Scarf Silk Disorder En Desordre GALA,rkm_4823aacaefdf27d540d8b1bacecd48f9,1,145,--,--,--,--,--,--,--,--,--,--,--,145,USD,--,--,Promoted Listings - General fee
2025-05-28T03:47:46.393Z,Order,03-13139-30931,03-13139-30931,bimboshop,--,St Leonards,NSW,2065,AU,119.9,USD,--,6915069067,--,--,--,3.56956E+11,03-13139-30931,Hermes Twilly Scarf Silk Disorder En Desordre GALA,rkm_4823aacaefdf27d540d8b1bacecd48f9,1,145,--,--,--,--,--,--,--,--,--,--,--,145,USD,--,--,--
2025-05-27T00:59:52.289Z,Other fee,19-13113-93339,19-13113-93339,linfos6997,--,Chicago,IL,60618,US,6.96,USD,--,6915069067,--,--,--,3.56942E+11,FEE-6783717673819_11,[Extremely beautiful condition] Hermes Horse Wheat Field HERMES Carre 45 Scarf Y,rkm_9d17d9db96ac76b009ff46b702cc6f7f,1,287,--,--,--,--,--,--,--,--,--,--,--,287,USD,--,--,Promoted Listings - General fee
2025-05-27T00:56:00.406Z,Order,19-13113-93339,19-13113-93339,linfos6997,--,Chicago,IL,60618,US,237.65,USD,--,6915069067,--,--,--,3.56942E+11,19-13113-93339,[Extremely beautiful condition] Hermes Horse Wheat Field HERMES Carre 45 Scarf Y,rkm_9d17d9db96ac76b009ff46b702cc6f7f,1,287,--,--,--,--,--,--,--,--,--,--,--,287,USD,--,--,--
2025-05-18T23:15:09.038Z,Refund,02-13101-81432,02-13101-81432,sdtnyc,--,Los Angeles,CA,90046,US,121.62,USD,--,6899240227,--,--,--,3.56916E+11,RRP-6504030571-CCM_CHARGE,HERMES Flat Bora Bora Pouch GM,rkm_771091a546d01caa3ad30a197c8668d1,1,147,--,--,--,--,--,--,--,--,--,--,--,147,USD,--,--,--
2025-05-18T15:10:23.583Z,Order,02-13101-81432,02-13101-81432,sdtnyc,--,Los Angeles,CA,90046,US,121.62,USD,--,6899240227,--,--,--,3.56916E+11,02-13101-81432,HERMES Flat Bora Bora Pouch GM,rkm_771091a546d01caa3ad30a197c8668d1,1,147,--,--,--,--,--,--,--,--,--,--,--,147,USD,--,--,--
2025-05-06T15:27:27.654Z,Order,14-13038-97200,14-13038-97200,lisco-ny,--,Islandia,NY,11749,US,254.04,USD,--,6884606803,--,--,--,3.56853E+11,14-13038-97200,Louis Vuitton Taigarama Coin Card Holder Fuchsia M30777,rkm_3002ed709ee0c190463a041e7fb51bbb,1,301,--,--,--,--,--,--,--,--,--,--,--,301,USD,--,--,--
2025-05-05T04:08:36.144Z,Refund,01-13046-71985,01-13046-71985,mive-11,--,Caguas,Puerto Rico,727,PR,242.9,USD,--,6884606803,--,--,--,3.56819E+11,RRP-6497161405-CCM_CHARGE,Louis Vuitton Monogram Zippy Wallet Long Wallet Round Zipper,rkm_cb33d3e2df01da720ab520bfe6a27a7b,1,294,--,--,--,--,--,--,--,--,--,--,--,294,USD,--,--,--
2025-05-04T15:52:05.259Z,Order,01-13046-71985,01-13046-71985,mive-11,--,Caguas,Puerto Rico,727,PR,242.9,USD,--,6884606803,--,--,--,3.56819E+11,01-13046-71985,Louis Vuitton Monogram Zippy Wallet Long Wallet Round Zipper,rkm_cb33d3e2df01da720ab520bfe6a27a7b,1,294,--,--,--,--,--,--,--,--,--,--,--,294,USD,--,--,--
2025-05-03T11:22:53.862Z,Other fee,19-13019-23264,19-13019-23264,asereth1025,--,Warrington,Cheshire,Wa5 1xr,GB,5.06,USD,--,6884606803,--,--,--,3.56822E+11,FEE-6721221563319_11,Popular LOUIS VUITTON Louis Vuitton Wallet Monogram Compact Zip,rkm_33b4dde958ffec9c1bd07278d93b7f3b,1,230,--,--,--,--,--,--,--,--,--,--,--,230,USD,--,--,Promoted Listings - General fee
2025-05-03T11:19:14.650Z,Order,19-13019-23264,19-13019-23264,asereth1025,--,Warrington,Cheshire,Wa5 1xr,GB,194.01,USD,--,6887673691,--,--,--,3.56822E+11,19-13019-23264,Popular LOUIS VUITTON Louis Vuitton Wallet Monogram Compact Zip,rkm_33b4dde958ffec9c1bd07278d93b7f3b,1,230,--,--,--,--,--,--,--,--,--,--,--,230,USD,--,--,--
2025-05-03T06:40:57.928Z,Other fee,16-13001-45937,16-13001-45937,asereth1025,--,Warrington,Cheshire,Wa5 1xr,GB,4.73,USD,--,6884606803,--,--,--,3.56789E+11,FEE-8936918231_42,Louis Vuitton   Monogram   Compact Zip   Bifold Wallet,rkm_8d353c1398440f8527bf8f2b70476992,1,215,--,--,--,--,--,--,--,--,--,--,--,215,USD,--,--,Promoted Listings - General fee
2025-05-03T06:31:43.424Z,Refund,16-13001-45937,16-13001-45937,asereth1025,--,Warrington,Cheshire,Wa5 1xr,GB,181.33,USD,--,6884606803,--,--,--,3.56789E+11,RRP-6496590682-CCM_CHARGE,Louis Vuitton   Monogram   Compact Zip   Bifold Wallet,rkm_8d353c1398440f8527bf8f2b70476992,1,215,--,--,--,--,--,--,--,--,--,--,--,215,USD,--,--,--
2025-05-03T06:31:43.135Z,TRANSFER,--,--,--,--,--,--,--,--,181.33,USD,--,6884606803,--,--,--,--,REFUND_CHARGE-6496590682,--,--,--,--,--,--,--,--,--,--,--,--,--,--,--,181.33,USD,--,--,--
2025-05-01T17:29:55.536Z,Other fee,--,--,--,--,--,--,--,--,65.95,USD,--,6884606803,--,--,--,--,INVOICE-6716797101219_11,--,--,--,--,--,--,--,--,--,--,--,--,--,--,--,65.95,USD,--,--,2025-04-30 - 2025-05-30
2025-04-29T22:44:16.446Z,Order,09-13018-09363,09-13018-09363,zh191185,--,Rotterdam,--,3072db,NL,118.26,USD,--,6884606803,--,--,--,3.56842E+11,09-13018-09363,LOUIS VUITTON Monogram Multicolor 4-key case,rkm_0ab984c46aa4171e9a76873f9b80f0c4,1,146,--,--,--,--,--,--,--,--,--,--,--,146,USD,--,--,--
2025-04-29T18:53:26.251Z,Other fee,03-13024-86563,03-13024-86563,nimukham0,--,Wilmington,DE,19801,US,4.73,USD,--,6865898083,--,--,--,3.56826E+11,FEE-6710568188919_11,GUCCI  Gucci rhinestone sunglasses GG2820,rkm_af7eab26ee8c140c62262a2e95d7a961,1,215,--,--,--,--,--,--,--,--,--,--,--,215,USD,--,--,Promoted Listings - General fee
2025-04-29T18:48:11.842Z,Order,03-13024-86563,03-13024-86563,nimukham0,--,Wilmington,DE,19801,US,181.33,USD,--,6899240227,--,--,--,3.56826E+11,03-13024-86563,GUCCI  Gucci rhinestone sunglasses GG2820,rkm_af7eab26ee8c140c62262a2e95d7a961,1,215,--,--,--,--,--,--,--,--,--,--,--,215,USD,--,--,--
2025-04-28T05:26:55.579Z,Other fee,16-13001-45937,16-13001-45937,asereth1025,--,Warrington,Cheshire,Wa5 1xr,GB,4.73,USD,--,6865898083,--,--,--,3.56789E+11,FEE-6706526487819_11,Louis Vuitton   Monogram   Compact Zip   Bifold Wallet,rkm_8d353c1398440f8527bf8f2b70476992,1,215,--,--,--,--,--,--,--,--,--,--,--,215,USD,--,--,Promoted Listings - General fee
2025-04-28T05:23:13.505Z,Order,16-13001-45937,16-13001-45937,asereth1025,--,Warrington,Cheshire,Wa5 1xr,GB,181.33,USD,--,6865898083,--,--,--,3.56789E+11,16-13001-45937,Louis Vuitton   Monogram   Compact Zip   Bifold Wallet,rkm_8d353c1398440f8527bf8f2b70476992,1,215,--,--,--,--,--,--,--,--,--,--,--,215,USD,--,--,--
2025-04-24T13:59:10.380Z,Refund,06-12954-36776,--,--,--,--,--,--,--,181.9,USD,--,6865898083,--,--,--,--,RRP-6492414771-CCM_CHARGE,--,--,--,--,--,--,--,--,--,--,--,--,--,--,--,181.9,USD,--,--,--
2025-04-24T13:59:10.028Z,TRANSFER,--,--,--,--,--,--,--,--,181.9,USD,--,6865898083,--,--,--,--,REFUND_CHARGE-6492414771,--,--,--,--,--,--,--,--,--,--,--,--,--,--,--,181.9,USD,--,--,--
2025-04-17T23:12:13.045Z,Order,21-12955-51038,21-12955-51038,jaimzv,--,Elkridge ,MD,21075,US,288.05,USD,--,6850959643,--,--,--,3.56765E+11,21-12955-51038,Louis Vuitton LOUIS VUITTON Porto Cult ID Bandoliere M60082 Epi with neck strap,rkm_48325081068de5a731b83aa254cb2bfd,1,345,--,--,--,--,--,--,--,--,--,--,--,345,USD,--,--,--
