transactionId,payoutId,salesRecordReference,transactionType,bookingEntry,transactionDate,transactionStatus,transactionMemo,paymentsEntity,references,feeType,amount.value,amount.currency,orderId,orderLineItems,buyer.username,totalFeeBasisAmount.value,totalFeeBasisAmount.currency,totalFeeAmount.value,totalFeeAmount.currency,ebayCollectedTaxAmount.value,ebayCollectedTaxAmount.currency
FEE-7679090886719_11,7448303251,0,NON_SALE_CHARGE,DEBIT,2026-04-14T12:30:21.218Z,PAYOUT,Promoted Listings - General fee,eBay Commerce Inc.,"[{'referenceId': '358336393808', 'referenceType': 'ITEM_ID'}, {'referenceId': '13-14496-96518', 'referenceType': 'ORDER_ID'}]",AD_FEE,19.8,USD,,,,,,,,,
13-14496-96518,,0,SALE,CREDIT,2026-04-14T03:41:26.498Z,FUNDS_ON_HOLD,"Funds available within 24 hours of order delivery, Estimated release on May 18",eBay Commerce Inc.,,,304.51,USD,13-14496-96518,"[{'lineItemId': '10082391226313', 'feeBasisAmount': {'value': '359.99', 'currency': 'USD'}, 'marketplaceFees': [{'feeType': 'FINAL_VALUE_FEE', 'amount': {'value': '50.29', 'currency': 'USD'}}, {'feeType': 'FINAL_VALUE_FEE_FIXED_PER_ORDER', 'amount': {'value': '0.44', 'currency': 'USD'}}, {'feeType': 'INTERNATIONAL_FEE', 'amount': {'value': '4.75', 'currency': 'USD'}, 'feeMemo': 'Charged because the delivery address is in Canada. Final amount: $359.99.'}]}]",calgaryrhonda,359.99,USD,55.48,USD,,
01-14502-85044,7448303251,0,SALE,CREDIT,2026-04-11T13:44:20.008Z,PAYOUT,,eBay Commerce Inc.,,,108.48,USD,01-14502-85044,"[{'lineItemId': '10080097192501', 'feeBasisAmount': {'value': '137.79', 'currency': 'USD'}, 'marketplaceFees': [{'feeType': 'FINAL_VALUE_FEE', 'amount': {'value': '19.25', 'currency': 'USD'}}, {'feeType': 'FINAL_VALUE_FEE_FIXED_PER_ORDER', 'amount': {'value': '0.44', 'currency': 'USD'}}, {'feeType': 'INTERNATIONAL_FEE', 'amount': {'value': '1.82', 'currency': 'USD'}, 'feeMemo': 'Charged because the delivery address is in United States. Final amount: $137.79.'}]}]",asadikovic,129.99,USD,21.51,USD,7.8,USD
FEE-7662094106619_11,7436883427,0,NON_SALE_CHARGE,DEBIT,2026-04-08T15:25:32.084Z,PAYOUT,Promoted Listings - General fee,eBay Commerce Inc.,"[{'referenceId': '358340196429', 'referenceType': 'ITEM_ID'}, {'referenceId': '27-14450-95719', 'referenceType': 'ORDER_ID'}]",AD_FEE,22.74,USD,,,,,,,,,
27-14450-95719,7452056179,0,SALE,CREDIT,2026-04-08T15:21:43.762Z,PAYOUT,,eBay Commerce Inc.,,,326.34,USD,27-14450-95719,"[{'lineItemId': '10084104216427', 'feeBasisAmount': {'value': '413.39', 'currency': 'USD'}, 'marketplaceFees': [{'feeType': 'FINAL_VALUE_FEE', 'amount': {'value': '57.75', 'currency': 'USD'}}, {'feeType': 'FINAL_VALUE_FEE_FIXED_PER_ORDER', 'amount': {'value': '0.44', 'currency': 'USD'}}, {'feeType': 'INTERNATIONAL_FEE', 'amount': {'value': '5.46', 'currency': 'USD'}, 'feeMemo': 'Charged because the delivery address is in United States. Final amount: $413.39.'}]}]",charl-bisse,389.99,USD,63.65,USD,23.4,USD
19-14453-77496,7441700443,0,SALE,CREDIT,2026-04-06T17:30:36.462Z,PAYOUT,,eBay Commerce Inc.,,,190.95,USD,19-14453-77496,"[{'lineItemId': '10080844356919', 'feeBasisAmount': {'value': '252.41', 'currency': 'USD'}, 'marketplaceFees': [{'feeType': 'FINAL_VALUE_FEE', 'amount': {'value': '35.27', 'currency': 'USD'}}, {'feeType': 'FINAL_VALUE_FEE_FIXED_PER_ORDER', 'amount': {'value': '0.44', 'currency': 'USD'}}, {'feeType': 'INTERNATIONAL_FEE', 'amount': {'value': '3.33', 'currency': 'USD'}, 'feeMemo': 'Charged because the delivery address is in United States. Final amount: $252.41.'}]}]",tayloeade0,229.99,USD,39.04,USD,22.42,USD
FEE-7654923605219_11,7435248883,0,NON_SALE_CHARGE,DEBIT,2026-04-06T02:07:39.112Z,PAYOUT,Promoted Listings - General fee,eBay Commerce Inc.,"[{'referenceId': '358301217296', 'referenceType': 'ITEM_ID'}, {'referenceId': '26-14440-71841', 'referenceType': 'ORDER_ID'}]",AD_FEE,8.93,USD,,,,,,,,,
26-14440-71841,7441700443,0,SALE,CREDIT,2026-04-06T02:02:06.654Z,PAYOUT,,eBay Commerce Inc.,,,124.73,USD,26-14440-71841,"[{'lineItemId': '10079684182426', 'feeBasisAmount': {'value': '162.36', 'currency': 'USD'}, 'marketplaceFees': [{'feeType': 'FINAL_VALUE_FEE', 'amount': {'value': '22.68', 'currency': 'USD'}}, {'feeType': 'FINAL_VALUE_FEE_FIXED_PER_ORDER', 'amount': {'value': '0.44', 'currency': 'USD'}}, {'feeType': 'INTERNATIONAL_FEE', 'amount': {'value': '2.14', 'currency': 'USD'}, 'feeMemo': 'Charged because the delivery address is in United States. Final amount: $162.36.'}]}]",julicarte-96,149.99,USD,25.26,USD,12.37,USD
FEE-7654350844419_11,7435248883,0,NON_SALE_CHARGE,DEBIT,2026-04-05T22:08:36.336Z,PAYOUT,Promoted Listings - General fee,eBay Commerce Inc.,"[{'referenceId': '358331788592', 'referenceType': 'ITEM_ID'}, {'referenceId': '09-14464-41816', 'referenceType': 'ORDER_ID'}]",AD_FEE,8.8,USD,,,,,,,,,
09-14464-41816,7448303251,0,SALE,CREDIT,2026-04-05T22:02:57.050Z,PAYOUT,,eBay Commerce Inc.,,,125.1,USD,09-14464-41816,"[{'lineItemId': '10079845763709', 'feeBasisAmount': {'value': '159.93', 'currency': 'USD'}, 'marketplaceFees': [{'feeType': 'FINAL_VALUE_FEE', 'amount': {'value': '22.34', 'currency': 'USD'}}, {'feeType': 'FINAL_VALUE_FEE_FIXED_PER_ORDER', 'amount': {'value': '0.44', 'currency': 'USD'}}, {'feeType': 'INTERNATIONAL_FEE', 'amount': {'value': '2.11', 'currency': 'USD'}, 'feeMemo': 'Charged because the delivery address is in United States. Final amount: $159.93.'}]}]",ke_4190369,149.99,USD,24.89,USD,9.94,USD
FEE-7649376137619_11,7435248883,0,NON_SALE_CHARGE,DEBIT,2026-04-04T03:55:14.682Z,PAYOUT,Promoted Listings - General fee,eBay Commerce Inc.,"[{'referenceId': '358348985182', 'referenceType': 'ITEM_ID'}, {'referenceId': '13-14452-04831', 'referenceType': 'ORDER_ID'}]",AD_FEE,14.82,USD,,,,,,,,,
13-14452-04831,7448303251,0,SALE,CREDIT,2026-04-04T03:50:08.070Z,PAYOUT,,eBay Commerce Inc.,,,208.38,USD,13-14452-04831,"[{'lineItemId': '10082133139213', 'feeBasisAmount': {'value': '269.38', 'currency': 'USD'}, 'marketplaceFees': [{'feeType': 'FINAL_VALUE_FEE', 'amount': {'value': '37.63', 'currency': 'USD'}}, {'feeType': 'FINAL_VALUE_FEE_FIXED_PER_ORDER', 'amount': {'value': '0.44', 'currency': 'USD'}}, {'feeType': 'INTERNATIONAL_FEE', 'amount': {'value': '3.55', 'currency': 'USD'}, 'feeMemo': 'Charged because the delivery address is in United States. Final amount: $269.38.'}]}]",thebestnullcards,250.0,USD,41.62,USD,19.38,USD
04-14459-62947,7435248883,0,SALE,CREDIT,2026-04-02T21:14:46.928Z,PAYOUT,,eBay Commerce Inc.,,,248.9,USD,04-14459-62947,"[{'lineItemId': '10080365617004', 'feeBasisAmount': {'value': '318.98', 'currency': 'USD'}, 'marketplaceFees': [{'feeType': 'FINAL_VALUE_FEE', 'amount': {'value': '44.56', 'currency': 'USD'}}, {'feeType': 'FINAL_VALUE_FEE_FIXED_PER_ORDER', 'amount': {'value': '0.44', 'currency': 'USD'}}, {'feeType': 'INTERNATIONAL_FEE', 'amount': {'value': '4.21', 'currency': 'USD'}, 'feeMemo': 'Charged because the delivery address is in United States. Final amount: $318.98.'}]}]",castelblanco2z2c,298.11,USD,49.21,USD,20.87,USD
INVOICE-26fa8a7c84969d4b16350dc1e5853d47_182,7426084723,0,ADJUSTMENT,CREDIT,2026-04-02T21:02:39.117Z,PAYOUT,TAX Only Credit,,,,0.03,USD,,,,,,,,,
INVOICE-7641878440319_11,7424553811,0,NON_SALE_CHARGE,DEBIT,2026-04-01T17:31:02.005Z,PAYOUT,2026-03-31 - 2026-04-29,,,OTHER_FEES,65.95,USD,,,,,,,,,
FEE-7641636059019_11,7424553811,0,NON_SALE_CHARGE,DEBIT,2026-04-01T16:09:29.833Z,PAYOUT,Promoted Listings - General fee,eBay Commerce Inc.,"[{'referenceId': '358327258670', 'referenceType': 'ITEM_ID'}, {'referenceId': '10-14444-89541', 'referenceType': 'ORDER_ID'}]",AD_FEE,11.09,USD,,,,,,,,,
10-14444-89541,7436883427,0,SALE,CREDIT,2026-04-01T16:05:32.966Z,PAYOUT,,eBay Commerce Inc.,,,158.94,USD,10-14444-89541,"[{'lineItemId': '10080796639910', 'feeBasisAmount': {'value': '201.62', 'currency': 'USD'}, 'marketplaceFees': [{'feeType': 'FINAL_VALUE_FEE', 'amount': {'value': '28.17', 'currency': 'USD'}}, {'feeType': 'INTERNATIONAL_FEE', 'amount': {'value': '2.66', 'currency': 'USD'}, 'feeMemo': 'Charged because the delivery address is in United States. Final amount: $201.62.'}, {'feeType': 'FINAL_VALUE_FEE_FIXED_PER_ORDER', 'amount': {'value': '0.44', 'currency': 'USD'}}]}]",tedav8944,190.21,USD,31.27,USD,11.41,USD
FEE-7639622501119_11,7422552379,0,NON_SALE_CHARGE,DEBIT,2026-03-31T20:59:37.913Z,PAYOUT,Promoted Listings - General fee,eBay Commerce Inc.,"[{'referenceId': '358290504735', 'referenceType': 'ITEM_ID'}, {'referenceId': '07-14446-37830', 'referenceType': 'ORDER_ID'}]",AD_FEE,7.62,USD,,,,,,,,,
07-14446-37830,7440053875,0,SALE,CREDIT,2026-03-31T20:56:25.874Z,PAYOUT,,eBay Commerce Inc.,,,108.13,USD,07-14446-37830,"[{'lineItemId': '10084840432107', 'feeBasisAmount': {'value': '138.6', 'currency': 'USD'}, 'marketplaceFees': [{'feeType': 'FINAL_VALUE_FEE', 'amount': {'value': '19.36', 'currency': 'USD'}}, {'feeType': 'INTERNATIONAL_FEE', 'amount': {'value': '2.06', 'currency': 'USD'}, 'feeMemo': 'Charged because the delivery address is in United States. Final amount: $138.60.'}, {'feeType': 'FINAL_VALUE_FEE_FIXED_PER_ORDER', 'amount': {'value': '0.44', 'currency': 'USD'}}]}]",jechra-0,129.99,USD,21.86,USD,8.61,USD
FEE-7637804224219_11,7422552379,0,NON_SALE_CHARGE,DEBIT,2026-03-31T00:31:15.313Z,PAYOUT,Promoted Listings - General fee,eBay Commerce Inc.,"[{'referenceId': '358348984799', 'referenceType': 'ITEM_ID'}, {'referenceId': '06-14444-05433', 'referenceType': 'ORDER_ID'}]",AD_FEE,19.05,USD,,,,,,,,,
06-14444-05433,7435248883,0,SALE,CREDIT,2026-03-31T00:28:56.912Z,PAYOUT,,eBay Commerce Inc.,,,266.01,USD,06-14444-05433,"[{'lineItemId': '10080619438906', 'feeBasisAmount': {'value': '346.39', 'currency': 'USD'}, 'marketplaceFees': [{'feeType': 'FINAL_VALUE_FEE', 'amount': {'value': '48.39', 'currency': 'USD'}}, {'feeType': 'FINAL_VALUE_FEE_FIXED_PER_ORDER', 'amount': {'value': '0.44', 'currency': 'USD'}}, {'feeType': 'INTERNATIONAL_FEE', 'amount': {'value': '5.15', 'currency': 'USD'}, 'feeMemo': 'Charged because the delivery address is in United States. Final amount: $346.39.'}]}]",arr_36949,319.99,USD,53.98,USD,26.4,USD
FEE-10147548429_42,7422552379,0,NON_SALE_CHARGE,CREDIT,2026-03-29T20:57:03.099Z,PAYOUT,Promoted Listings - General fee,eBay Commerce Inc.,"[{'referenceId': '358353805857', 'referenceType': 'ITEM_ID'}, {'referenceId': '20-14414-18992', 'referenceType': 'ORDER_ID'}]",AD_FEE,14.71,USD,,,,,,,,,
RRP-6666030078-CCM_CHARGE,7422552379,0,REFUND,DEBIT,2026-03-29T20:46:57.783Z,PAYOUT,,eBay Commerce Inc.,"[{'referenceId': '5434768349', 'referenceType': 'CANCELLATION_ID'}]",,208.21,USD,20-14414-18992,"[{'lineItemId': '10079646326820', 'feeBasisAmount': {'value': '267.49', 'currency': 'USD'}, 'marketplaceFees': [{'feeType': 'INTERNATIONAL_FEE', 'amount': {'value': '3.97', 'currency': 'USD'}}, {'feeType': 'FINAL_VALUE_FEE', 'amount': {'value': '37.37', 'currency': 'USD'}}, {'feeType': 'FINAL_VALUE_FEE_FIXED_PER_ORDER', 'amount': {'value': '0.44', 'currency': 'USD'}}]}]",cosmofern,249.99,USD,41.78,USD,17.5,USD
FEE-7633308811219_11,7422552379,0,NON_SALE_CHARGE,DEBIT,2026-03-29T02:57:25.170Z,PAYOUT,Insertion Fee,,"[{'referenceId': '358271601227', 'referenceType': 'ITEM_ID'}]",INSERTION_FEE,0.11,USD,,,,,,,,,
FEE-7633306950719_11,7422552379,0,NON_SALE_CHARGE,DEBIT,2026-03-29T02:56:24.473Z,PAYOUT,Insertion Fee,,"[{'referenceId': '358271597352', 'referenceType': 'ITEM_ID'}]",INSERTION_FEE,0.11,USD,,,,,,,,,
FEE-7633236294919_11,7422552379,0,NON_SALE_CHARGE,DEBIT,2026-03-29T02:10:29.716Z,PAYOUT,Promoted Listings - General fee,eBay Commerce Inc.,"[{'referenceId': '358353805857', 'referenceType': 'ITEM_ID'}, {'referenceId': '20-14414-18992', 'referenceType': 'ORDER_ID'}]",AD_FEE,14.71,USD,,,,,,,,,
20-14414-18992,7422552379,0,SALE,CREDIT,2026-03-29T02:06:09.663Z,PAYOUT,,eBay Commerce Inc.,,,208.21,USD,20-14414-18992,"[{'lineItemId': '10079646326820', 'feeBasisAmount': {'value': '267.49', 'currency': 'USD'}, 'marketplaceFees': [{'feeType': 'FINAL_VALUE_FEE', 'amount': {'value': '37.37', 'currency': 'USD'}}, {'feeType': 'FINAL_VALUE_FEE_FIXED_PER_ORDER', 'amount': {'value': '0.44', 'currency': 'USD'}}, {'feeType': 'INTERNATIONAL_FEE', 'amount': {'value': '3.97', 'currency': 'USD'}, 'feeMemo': 'Charged because the delivery address is in United States. Final amount: $267.49.'}]}]",cosmofern,249.99,USD,41.78,USD,17.5,USD
FEE-7633134548119_11,7422552379,0,NON_SALE_CHARGE,DEBIT,2026-03-29T01:14:33.666Z,PAYOUT,Insertion Fee,,"[{'referenceId': '358271272751', 'referenceType': 'ITEM_ID'}]",INSERTION_FEE,0.11,USD,,,,,,,,,
FEE-7633129884119_11,7422552379,0,NON_SALE_CHARGE,DEBIT,2026-03-29T01:11:31.852Z,PAYOUT,Insertion Fee,,"[{'referenceId': '358271268636', 'referenceType': 'ITEM_ID'}]",INSERTION_FEE,0.11,USD,,,,,,,,,
FEE-7633125621819_11,7422552379,0,NON_SALE_CHARGE,DEBIT,2026-03-29T01:09:09.706Z,PAYOUT,Insertion Fee,,"[{'referenceId': '358271258838', 'referenceType': 'ITEM_ID'}]",INSERTION_FEE,0.11,USD,,,,,,,,,
FEE-7633121926019_11,7422552379,0,NON_SALE_CHARGE,DEBIT,2026-03-29T01:06:32.243Z,PAYOUT,Insertion Fee,,"[{'referenceId': '358271253182', 'referenceType': 'ITEM_ID'}]",INSERTION_FEE,0.11,USD,,,,,,,,,
FEE-7633119720419_11,7422552379,0,NON_SALE_CHARGE,DEBIT,2026-03-29T01:06:12.677Z,PAYOUT,Insertion Fee,,"[{'referenceId': '358271249917', 'referenceType': 'ITEM_ID'}]",INSERTION_FEE,0.11,USD,,,,,,,,,
FEE-7633118293219_11,7422552379,0,NON_SALE_CHARGE,DEBIT,2026-03-29T01:05:14.266Z,PAYOUT,Insertion Fee,,"[{'referenceId': '358271246606', 'referenceType': 'ITEM_ID'}]",INSERTION_FEE,0.11,USD,,,,,,,,,
FEE-7633116754819_11,7422552379,0,NON_SALE_CHARGE,DEBIT,2026-03-29T01:03:54.493Z,PAYOUT,Insertion Fee,,"[{'referenceId': '358271243497', 'referenceType': 'ITEM_ID'}]",INSERTION_FEE,0.11,USD,,,,,,,,,
FEE-7633115139519_11,7422552379,0,NON_SALE_CHARGE,DEBIT,2026-03-29T01:02:33.154Z,PAYOUT,Insertion Fee,,"[{'referenceId': '358271241803', 'referenceType': 'ITEM_ID'}]",INSERTION_FEE,0.11,USD,,,,,,,,,
FEE-7633108849019_11,7422552379,0,NON_SALE_CHARGE,DEBIT,2026-03-29T00:58:38.160Z,PAYOUT,Insertion Fee,,"[{'referenceId': '358271236435', 'referenceType': 'ITEM_ID'}]",INSERTION_FEE,0.11,USD,,,,,,,,,
FEE-7633100265819_11,7422552379,0,NON_SALE_CHARGE,DEBIT,2026-03-29T00:55:12.835Z,PAYOUT,Insertion Fee,,"[{'referenceId': '358271226729', 'referenceType': 'ITEM_ID'}]",INSERTION_FEE,0.11,USD,,,,,,,,,
FEE-7633097593219_11,7422552379,0,NON_SALE_CHARGE,DEBIT,2026-03-29T00:53:39.341Z,PAYOUT,Insertion Fee,,"[{'referenceId': '358271224375', 'referenceType': 'ITEM_ID'}]",INSERTION_FEE,0.11,USD,,,,,,,,,
FEE-7633091135319_11,7422552379,0,NON_SALE_CHARGE,DEBIT,2026-03-29T00:49:31.557Z,PAYOUT,Insertion Fee,,"[{'referenceId': '358271210014', 'referenceType': 'ITEM_ID'}]",INSERTION_FEE,0.11,USD,,,,,,,,,
FEE-7633083685619_11,7422552379,0,NON_SALE_CHARGE,DEBIT,2026-03-29T00:42:32.182Z,PAYOUT,Insertion Fee,,"[{'referenceId': '358271186659', 'referenceType': 'ITEM_ID'}]",INSERTION_FEE,0.11,USD,,,,,,,,,
FEE-7633038584719_11,7422552379,0,NON_SALE_CHARGE,DEBIT,2026-03-29T00:03:28.523Z,PAYOUT,Insertion Fee,,"[{'referenceId': '358271080600', 'referenceType': 'ITEM_ID'}]",INSERTION_FEE,0.11,USD,,,,,,,,,
FEE-7632976092219_11,7422552379,0,NON_SALE_CHARGE,DEBIT,2026-03-28T23:20:51.981Z,PAYOUT,Insertion Fee,,"[{'referenceId': '358270946997', 'referenceType': 'ITEM_ID'}]",INSERTION_FEE,0.11,USD,,,,,,,,,
FEE-7632941759119_11,7417074883,0,NON_SALE_CHARGE,DEBIT,2026-03-28T22:56:04.238Z,PAYOUT,Insertion Fee,,"[{'referenceId': '358270867251', 'referenceType': 'ITEM_ID'}]",INSERTION_FEE,0.11,USD,,,,,,,,,
FEE-7632938055019_11,7417074883,0,NON_SALE_CHARGE,DEBIT,2026-03-28T22:55:02.463Z,PAYOUT,Insertion Fee,,"[{'referenceId': '358270858827', 'referenceType': 'ITEM_ID'}]",INSERTION_FEE,0.11,USD,,,,,,,,,
FEE-7632936993319_11,7417074883,0,NON_SALE_CHARGE,DEBIT,2026-03-28T22:53:38.019Z,PAYOUT,Insertion Fee,,"[{'referenceId': '358270855681', 'referenceType': 'ITEM_ID'}]",INSERTION_FEE,0.11,USD,,,,,,,,,
FEE-7632933443819_11,7417074883,0,NON_SALE_CHARGE,DEBIT,2026-03-28T22:51:32.790Z,PAYOUT,Insertion Fee,,"[{'referenceId': '358327169461', 'referenceType': 'ITEM_ID'}]",INSERTION_FEE,0.11,USD,,,,,,,,,
FEE-7632932866519_11,7417074883,0,NON_SALE_CHARGE,DEBIT,2026-03-28T22:51:03.501Z,PAYOUT,Insertion Fee,,"[{'referenceId': '358270848860', 'referenceType': 'ITEM_ID'}]",INSERTION_FEE,0.11,USD,,,,,,,,,
FEE-7632932189119_11,7417074883,0,NON_SALE_CHARGE,DEBIT,2026-03-28T22:50:53.227Z,PAYOUT,Insertion Fee,,"[{'referenceId': '358270844852', 'referenceType': 'ITEM_ID'}]",INSERTION_FEE,0.11,USD,,,,,,,,,
FEE-7632932185319_11,7417074883,0,NON_SALE_CHARGE,DEBIT,2026-03-28T22:50:52.248Z,PAYOUT,Insertion Fee,,"[{'referenceId': '358270846289', 'referenceType': 'ITEM_ID'}]",INSERTION_FEE,0.11,USD,,,,,,,,,
FEE-7632930669019_11,7417074883,0,NON_SALE_CHARGE,DEBIT,2026-03-28T22:49:29.040Z,PAYOUT,Insertion Fee,,"[{'referenceId': '358270840440', 'referenceType': 'ITEM_ID'}]",INSERTION_FEE,0.11,USD,,,,,,,,,
FEE-7632930233519_11,7417074883,0,NON_SALE_CHARGE,DEBIT,2026-03-28T22:49:16.339Z,PAYOUT,Insertion Fee,,"[{'referenceId': '358270838624', 'referenceType': 'ITEM_ID'}]",INSERTION_FEE,0.11,USD,,,,,,,,,
FEE-7632929681319_11,7417074883,0,NON_SALE_CHARGE,DEBIT,2026-03-28T22:48:36.058Z,PAYOUT,Insertion Fee,,"[{'referenceId': '358270836691', 'referenceType': 'ITEM_ID'}]",INSERTION_FEE,0.11,USD,,,,,,,,,
FEE-7632928962919_11,7417074883,0,NON_SALE_CHARGE,DEBIT,2026-03-28T22:48:15.559Z,PAYOUT,Insertion Fee,,"[{'referenceId': '358270836097', 'referenceType': 'ITEM_ID'}]",INSERTION_FEE,0.11,USD,,,,,,,,,
FEE-7632928395819_11,7417074883,0,NON_SALE_CHARGE,DEBIT,2026-03-28T22:48:14.108Z,PAYOUT,Insertion Fee,,"[{'referenceId': '358270835126', 'referenceType': 'ITEM_ID'}]",INSERTION_FEE,0.11,USD,,,,,,,,,
FEE-7632925954319_11,7417074883,0,NON_SALE_CHARGE,DEBIT,2026-03-28T22:46:32.204Z,PAYOUT,Insertion Fee,,"[{'referenceId': '358270831716', 'referenceType': 'ITEM_ID'}]",INSERTION_FEE,0.11,USD,,,,,,,,,
FEE-7632925244619_11,7417074883,0,NON_SALE_CHARGE,DEBIT,2026-03-28T22:46:25.190Z,PAYOUT,Insertion Fee,,"[{'referenceId': '358270830650', 'referenceType': 'ITEM_ID'}]",INSERTION_FEE,0.11,USD,,,,,,,,,
FEE-7632923293619_11,7417074883,0,NON_SALE_CHARGE,DEBIT,2026-03-28T22:45:49.701Z,PAYOUT,Insertion Fee,,"[{'referenceId': '358270828409', 'referenceType': 'ITEM_ID'}]",INSERTION_FEE,0.11,USD,,,,,,,,,
FEE-7632924217819_11,7417074883,0,NON_SALE_CHARGE,DEBIT,2026-03-28T22:45:48.745Z,PAYOUT,Insertion Fee,,"[{'referenceId': '358270829564', 'referenceType': 'ITEM_ID'}]",INSERTION_FEE,0.11,USD,,,,,,,,,
FEE-7632922538319_11,7417074883,0,NON_SALE_CHARGE,DEBIT,2026-03-28T22:45:32.221Z,PAYOUT,Insertion Fee,,"[{'referenceId': '358270827364', 'referenceType': 'ITEM_ID'}]",INSERTION_FEE,0.11,USD,,,,,,,,,
FEE-7632921647519_11,7417074883,0,NON_SALE_CHARGE,DEBIT,2026-03-28T22:45:11.295Z,PAYOUT,Insertion Fee,,"[{'referenceId': '358270825783', 'referenceType': 'ITEM_ID'}]",INSERTION_FEE,0.11,USD,,,,,,,,,
FEE-7632919956419_11,7417074883,0,NON_SALE_CHARGE,DEBIT,2026-03-28T22:44:17.324Z,PAYOUT,Insertion Fee,,"[{'referenceId': '358270824615', 'referenceType': 'ITEM_ID'}]",INSERTION_FEE,0.11,USD,,,,,,,,,
FEE-7632918317119_11,7417074883,0,NON_SALE_CHARGE,DEBIT,2026-03-28T22:43:11.415Z,PAYOUT,Insertion Fee,,"[{'referenceId': '358270823693', 'referenceType': 'ITEM_ID'}]",INSERTION_FEE,0.11,USD,,,,,,,,,
FEE-7632917047119_11,7417074883,0,NON_SALE_CHARGE,DEBIT,2026-03-28T22:42:32.958Z,PAYOUT,Insertion Fee,,"[{'referenceId': '358270823112', 'referenceType': 'ITEM_ID'}]",INSERTION_FEE,0.11,USD,,,,,,,,,
FEE-7632916153119_11,7417074883,0,NON_SALE_CHARGE,DEBIT,2026-03-28T22:41:33.165Z,PAYOUT,Insertion Fee,,"[{'referenceId': '358270822588', 'referenceType': 'ITEM_ID'}]",INSERTION_FEE,0.11,USD,,,,,,,,,
FEE-7632915396719_11,7417074883,0,NON_SALE_CHARGE,DEBIT,2026-03-28T22:41:25.092Z,PAYOUT,Insertion Fee,,"[{'referenceId': '358270822143', 'referenceType': 'ITEM_ID'}]",INSERTION_FEE,0.11,USD,,,,,,,,,
FEE-7632913210019_11,7417074883,0,NON_SALE_CHARGE,DEBIT,2026-03-28T22:40:51.810Z,PAYOUT,Insertion Fee,,"[{'referenceId': '358270821199', 'referenceType': 'ITEM_ID'}]",INSERTION_FEE,0.11,USD,,,,,,,,,
FEE-7632914320119_11,7417074883,0,NON_SALE_CHARGE,DEBIT,2026-03-28T22:40:48.239Z,PAYOUT,Insertion Fee,,"[{'referenceId': '358270821780', 'referenceType': 'ITEM_ID'}]",INSERTION_FEE,0.11,USD,,,,,,,,,
FEE-7632912140719_11,7417074883,0,NON_SALE_CHARGE,DEBIT,2026-03-28T22:40:08.871Z,PAYOUT,Insertion Fee,,"[{'referenceId': '358270820648', 'referenceType': 'ITEM_ID'}]",INSERTION_FEE,0.11,USD,,,,,,,,,
FEE-7632911147819_11,7417074883,0,NON_SALE_CHARGE,DEBIT,2026-03-28T22:39:47.976Z,PAYOUT,Insertion Fee,,"[{'referenceId': '358270820222', 'referenceType': 'ITEM_ID'}]",INSERTION_FEE,0.11,USD,,,,,,,,,
FEE-7632910478219_11,7417074883,0,NON_SALE_CHARGE,DEBIT,2026-03-28T22:39:32.538Z,PAYOUT,Insertion Fee,,"[{'referenceId': '358270819832', 'referenceType': 'ITEM_ID'}]",INSERTION_FEE,0.11,USD,,,,,,,,,
FEE-7632908778919_11,7417074883,0,NON_SALE_CHARGE,DEBIT,2026-03-28T22:38:41.157Z,PAYOUT,Insertion Fee,,"[{'referenceId': '358270818969', 'referenceType': 'ITEM_ID'}]",INSERTION_FEE,0.11,USD,,,,,,,,,
FEE-7632909335519_11,7417074883,0,NON_SALE_CHARGE,DEBIT,2026-03-28T22:38:35.741Z,PAYOUT,Insertion Fee,,"[{'referenceId': '358270819270', 'referenceType': 'ITEM_ID'}]",INSERTION_FEE,0.11,USD,,,,,,,,,
FEE-7632907095219_11,7417074883,0,NON_SALE_CHARGE,DEBIT,2026-03-28T22:38:14.417Z,PAYOUT,Insertion Fee,,"[{'referenceId': '358270815702', 'referenceType': 'ITEM_ID'}]",INSERTION_FEE,0.11,USD,,,,,,,,,
FEE-7632907394319_11,7417074883,0,NON_SALE_CHARGE,DEBIT,2026-03-28T22:38:13.326Z,PAYOUT,Insertion Fee,,"[{'referenceId': '358270817092', 'referenceType': 'ITEM_ID'}]",INSERTION_FEE,0.11,USD,,,,,,,,,
FEE-7632908508219_11,7417074883,0,NON_SALE_CHARGE,DEBIT,2026-03-28T22:38:12.548Z,PAYOUT,Insertion Fee,,"[{'referenceId': '358270818566', 'referenceType': 'ITEM_ID'}]",INSERTION_FEE,0.11,USD,,,,,,,,,
FEE-7632906832519_11,7417074883,0,NON_SALE_CHARGE,DEBIT,2026-03-28T22:37:32.810Z,PAYOUT,Insertion Fee,,"[{'referenceId': '358270814870', 'referenceType': 'ITEM_ID'}]",INSERTION_FEE,0.11,USD,,,,,,,,,
FEE-7632905136219_11,7417074883,0,NON_SALE_CHARGE,DEBIT,2026-03-28T22:36:28.528Z,PAYOUT,Insertion Fee,,"[{'referenceId': '358270813407', 'referenceType': 'ITEM_ID'}]",INSERTION_FEE,0.11,USD,,,,,,,,,
FEE-7632904363219_11,7417074883,0,NON_SALE_CHARGE,DEBIT,2026-03-28T22:35:48.031Z,PAYOUT,Insertion Fee,,"[{'referenceId': '358270813182', 'referenceType': 'ITEM_ID'}]",INSERTION_FEE,0.11,USD,,,,,,,,,
FEE-7632904463019_11,7417074883,0,NON_SALE_CHARGE,DEBIT,2026-03-28T22:35:46.337Z,PAYOUT,Insertion Fee,,"[{'referenceId': '358270812696', 'referenceType': 'ITEM_ID'}]",INSERTION_FEE,0.11,USD,,,,,,,,,
FEE-7632900773119_11,7417074883,0,NON_SALE_CHARGE,DEBIT,2026-03-28T22:33:35.877Z,PAYOUT,Insertion Fee,,"[{'referenceId': '358270808740', 'referenceType': 'ITEM_ID'}]",INSERTION_FEE,0.11,USD,,,,,,,,,
FEE-7632899848119_11,7417074883,0,NON_SALE_CHARGE,DEBIT,2026-03-28T22:33:10.621Z,PAYOUT,Insertion Fee,,"[{'referenceId': '358270807601', 'referenceType': 'ITEM_ID'}]",INSERTION_FEE,0.11,USD,,,,,,,,,
FEE-7632855807519_11,7417074883,0,NON_SALE_CHARGE,DEBIT,2026-03-28T22:05:15.043Z,PAYOUT,Insertion Fee,,"[{'referenceId': '358270737671', 'referenceType': 'ITEM_ID'}]",INSERTION_FEE,0.11,USD,,,,,,,,,
FEE-7632854697919_11,7417074883,0,NON_SALE_CHARGE,DEBIT,2026-03-28T22:04:47.318Z,PAYOUT,Insertion Fee,,"[{'referenceId': '358270737262', 'referenceType': 'ITEM_ID'}]",INSERTION_FEE,0.11,USD,,,,,,,,,
FEE-7632852369519_11,7417074883,0,NON_SALE_CHARGE,DEBIT,2026-03-28T22:03:37.265Z,PAYOUT,Insertion Fee,,"[{'referenceId': '358270736785', 'referenceType': 'ITEM_ID'}]",INSERTION_FEE,0.11,USD,,,,,,,,,
FEE-7632850411319_11,7417074883,0,NON_SALE_CHARGE,DEBIT,2026-03-28T22:03:08.698Z,PAYOUT,Insertion Fee,,"[{'referenceId': '358270735027', 'referenceType': 'ITEM_ID'}]",INSERTION_FEE,0.11,USD,,,,,,,,,
FEE-7632849678319_11,7417074883,0,NON_SALE_CHARGE,DEBIT,2026-03-28T22:03:03.515Z,PAYOUT,Insertion Fee,,"[{'referenceId': '358270734705', 'referenceType': 'ITEM_ID'}]",INSERTION_FEE,0.11,USD,,,,,,,,,
FEE-7632848720919_11,7417074883,0,NON_SALE_CHARGE,DEBIT,2026-03-28T22:02:05.549Z,PAYOUT,Insertion Fee,,"[{'referenceId': '358270734210', 'referenceType': 'ITEM_ID'}]",INSERTION_FEE,0.11,USD,,,,,,,,,
FEE-7632847757319_11,7417074883,0,NON_SALE_CHARGE,DEBIT,2026-03-28T22:00:59.660Z,PAYOUT,Insertion Fee,,"[{'referenceId': '358270733106', 'referenceType': 'ITEM_ID'}]",INSERTION_FEE,0.11,USD,,,,,,,,,
FEE-7632726770319_11,7417074883,0,NON_SALE_CHARGE,DEBIT,2026-03-28T20:56:15.792Z,PAYOUT,Insertion Fee,,"[{'referenceId': '358270579716', 'referenceType': 'ITEM_ID'}]",INSERTION_FEE,0.11,USD,,,,,,,,,
FEE-7632704029119_11,7417074883,0,NON_SALE_CHARGE,DEBIT,2026-03-28T20:43:29.053Z,PAYOUT,Insertion Fee,,"[{'referenceId': '358270549578', 'referenceType': 'ITEM_ID'}]",INSERTION_FEE,0.11,USD,,,,,,,,,
FEE-7632684616419_11,7417074883,0,NON_SALE_CHARGE,DEBIT,2026-03-28T20:31:43.403Z,PAYOUT,Insertion Fee,,"[{'referenceId': '358270528085', 'referenceType': 'ITEM_ID'}]",INSERTION_FEE,0.11,USD,,,,,,,,,
FEE-7632683011919_11,7417074883,0,NON_SALE_CHARGE,DEBIT,2026-03-28T20:30:35.539Z,PAYOUT,Insertion Fee,,"[{'referenceId': '358270525116', 'referenceType': 'ITEM_ID'}]",INSERTION_FEE,0.11,USD,,,,,,,,,
FEE-7632675030119_11,7417074883,0,NON_SALE_CHARGE,DEBIT,2026-03-28T20:26:53.509Z,PAYOUT,Insertion Fee,,"[{'referenceId': '358270510569', 'referenceType': 'ITEM_ID'}]",INSERTION_FEE,0.11,USD,,,,,,,,,
FEE-7632674125119_11,7417074883,0,NON_SALE_CHARGE,DEBIT,2026-03-28T20:26:08.482Z,PAYOUT,Insertion Fee,,"[{'referenceId': '358270509253', 'referenceType': 'ITEM_ID'}]",INSERTION_FEE,0.11,USD,,,,,,,,,
FEE-7632673044519_11,7417074883,0,NON_SALE_CHARGE,DEBIT,2026-03-28T20:25:06.567Z,PAYOUT,Insertion Fee,,"[{'referenceId': '358270506077', 'referenceType': 'ITEM_ID'}]",INSERTION_FEE,0.11,USD,,,,,,,,,
FEE-7632671582319_11,7417074883,0,NON_SALE_CHARGE,DEBIT,2026-03-28T20:24:05.511Z,PAYOUT,Insertion Fee,,"[{'referenceId': '358270504622', 'referenceType': 'ITEM_ID'}]",INSERTION_FEE,0.11,USD,,,,,,,,,
FEE-7632670611019_11,7417074883,0,NON_SALE_CHARGE,DEBIT,2026-03-28T20:23:43.071Z,PAYOUT,Insertion Fee,,"[{'referenceId': '358270502977', 'referenceType': 'ITEM_ID'}]",INSERTION_FEE,0.11,USD,,,,,,,,,
FEE-7632668675119_11,7417074883,0,NON_SALE_CHARGE,DEBIT,2026-03-28T20:22:55.021Z,PAYOUT,Insertion Fee,,"[{'referenceId': '358270498923', 'referenceType': 'ITEM_ID'}]",INSERTION_FEE,0.11,USD,,,,,,,,,
FEE-7632665437919_11,7417074883,0,NON_SALE_CHARGE,DEBIT,2026-03-28T20:20:32.929Z,PAYOUT,Insertion Fee,,"[{'referenceId': '358270493764', 'referenceType': 'ITEM_ID'}]",INSERTION_FEE,0.11,USD,,,,,,,,,
FEE-7632664082919_11,7417074883,0,NON_SALE_CHARGE,DEBIT,2026-03-28T20:19:37.165Z,PAYOUT,Insertion Fee,,"[{'referenceId': '358270491390', 'referenceType': 'ITEM_ID'}]",INSERTION_FEE,0.11,USD,,,,,,,,,
FEE-7632659178519_11,7417074883,0,NON_SALE_CHARGE,DEBIT,2026-03-28T20:16:05.168Z,PAYOUT,Insertion Fee,,"[{'referenceId': '358270482104', 'referenceType': 'ITEM_ID'}]",INSERTION_FEE,0.11,USD,,,,,,,,,
FEE-7632657691019_11,7417074883,0,NON_SALE_CHARGE,DEBIT,2026-03-28T20:15:14.508Z,PAYOUT,Insertion Fee,,"[{'referenceId': '358270480235', 'referenceType': 'ITEM_ID'}]",INSERTION_FEE,0.11,USD,,,,,,,,,
FEE-7632648307419_11,7417074883,0,NON_SALE_CHARGE,DEBIT,2026-03-28T20:10:18.868Z,PAYOUT,Insertion Fee,,"[{'referenceId': '358270466969', 'referenceType': 'ITEM_ID'}]",INSERTION_FEE,0.11,USD,,,,,,,,,
FEE-7632645685319_11,7417074883,0,NON_SALE_CHARGE,DEBIT,2026-03-28T20:07:50.520Z,PAYOUT,Insertion Fee,,"[{'referenceId': '358270463136', 'referenceType': 'ITEM_ID'}]",INSERTION_FEE,0.11,USD,,,,,,,,,
FEE-7632639633319_11,7417074883,0,NON_SALE_CHARGE,DEBIT,2026-03-28T20:05:12.162Z,PAYOUT,Insertion Fee,,"[{'referenceId': '358270458582', 'referenceType': 'ITEM_ID'}]",INSERTION_FEE,0.11,USD,,,,,,,,,
FEE-7632632301119_11,7417074883,0,NON_SALE_CHARGE,DEBIT,2026-03-28T20:01:28.980Z,PAYOUT,Insertion Fee,,"[{'referenceId': '358270455963', 'referenceType': 'ITEM_ID'}]",INSERTION_FEE,0.11,USD,,,,,,,,,
FEE-7632631008319_11,7417074883,0,NON_SALE_CHARGE,DEBIT,2026-03-28T20:01:00.790Z,PAYOUT,Insertion Fee,,"[{'referenceId': '358270455195', 'referenceType': 'ITEM_ID'}]",INSERTION_FEE,0.11,USD,,,,,,,,,
FEE-7632627213019_11,7417074883,0,NON_SALE_CHARGE,DEBIT,2026-03-28T19:58:49.104Z,PAYOUT,Insertion Fee,,"[{'referenceId': '358270454587', 'referenceType': 'ITEM_ID'}]",INSERTION_FEE,0.11,USD,,,,,,,,,
FEE-7632382258919_11,7417074883,0,NON_SALE_CHARGE,DEBIT,2026-03-28T18:02:12.632Z,PAYOUT,Insertion Fee,,"[{'referenceId': '358270185175', 'referenceType': 'ITEM_ID'}]",INSERTION_FEE,0.11,USD,,,,,,,,,
FEE-7632373913719_11,7417074883,0,NON_SALE_CHARGE,DEBIT,2026-03-28T17:57:15.596Z,PAYOUT,Insertion Fee,,"[{'referenceId': '358270174124', 'referenceType': 'ITEM_ID'}]",INSERTION_FEE,0.11,USD,,,,,,,,,
FEE-7632366194819_11,7417074883,0,NON_SALE_CHARGE,DEBIT,2026-03-28T17:52:20.060Z,PAYOUT,Insertion Fee,,"[{'referenceId': '358270162175', 'referenceType': 'ITEM_ID'}]",INSERTION_FEE,0.11,USD,,,,,,,,,
FEE-7632365808219_11,7417074883,0,NON_SALE_CHARGE,DEBIT,2026-03-28T17:52:06.428Z,PAYOUT,Insertion Fee,,"[{'referenceId': '358270159778', 'referenceType': 'ITEM_ID'}]",INSERTION_FEE,0.11,USD,,,,,,,,,
FEE-7632340028219_11,7417074883,0,NON_SALE_CHARGE,DEBIT,2026-03-28T17:35:06.211Z,PAYOUT,Insertion Fee,,"[{'referenceId': '358270126902', 'referenceType': 'ITEM_ID'}]",INSERTION_FEE,0.11,USD,,,,,,,,,
FEE-7632335221119_11,7417074883,0,NON_SALE_CHARGE,DEBIT,2026-03-28T17:32:07.716Z,PAYOUT,Insertion Fee,,"[{'referenceId': '358270123112', 'referenceType': 'ITEM_ID'}]",INSERTION_FEE,0.11,USD,,,,,,,,,
FEE-7632325231119_11,7417074883,0,NON_SALE_CHARGE,DEBIT,2026-03-28T17:28:45.718Z,PAYOUT,Insertion Fee,,"[{'referenceId': '358270108887', 'referenceType': 'ITEM_ID'}]",INSERTION_FEE,0.11,USD,,,,,,,,,
FEE-7632277108219_11,7417074883,0,NON_SALE_CHARGE,DEBIT,2026-03-28T17:04:38.309Z,PAYOUT,Insertion Fee,,"[{'referenceId': '358270064004', 'referenceType': 'ITEM_ID'}]",INSERTION_FEE,0.11,USD,,,,,,,,,
FEE-7632272021219_11,7417074883,0,NON_SALE_CHARGE,DEBIT,2026-03-28T17:02:00.128Z,PAYOUT,Insertion Fee,,"[{'referenceId': '358270061007', 'referenceType': 'ITEM_ID'}]",INSERTION_FEE,0.11,USD,,,,,,,,,
FEE-7632255972519_11,7417074883,0,NON_SALE_CHARGE,DEBIT,2026-03-28T16:51:45.021Z,PAYOUT,Insertion Fee,,"[{'referenceId': '358270042774', 'referenceType': 'ITEM_ID'}]",INSERTION_FEE,0.11,USD,,,,,,,,,
FEE-7632253557319_11,7417074883,0,NON_SALE_CHARGE,DEBIT,2026-03-28T16:50:36.615Z,PAYOUT,Insertion Fee,,"[{'referenceId': '358270039538', 'referenceType': 'ITEM_ID'}]",INSERTION_FEE,0.11,USD,,,,,,,,,
FEE-7632247366019_11,7417074883,0,NON_SALE_CHARGE,DEBIT,2026-03-28T16:46:51.706Z,PAYOUT,Insertion Fee,,"[{'referenceId': '358270032318', 'referenceType': 'ITEM_ID'}]",INSERTION_FEE,0.11,USD,,,,,,,,,
FEE-7632235593419_11,7417074883,0,NON_SALE_CHARGE,DEBIT,2026-03-28T16:41:09.189Z,PAYOUT,Insertion Fee,,"[{'referenceId': '358270023519', 'referenceType': 'ITEM_ID'}]",INSERTION_FEE,0.11,USD,,,,,,,,,
FEE-7632231571919_11,7417074883,0,NON_SALE_CHARGE,DEBIT,2026-03-28T16:38:32.296Z,PAYOUT,Insertion Fee,,"[{'referenceId': '358270018954', 'referenceType': 'ITEM_ID'}]",INSERTION_FEE,0.11,USD,,,,,,,,,
FEE-7632231024819_11,7417074883,0,NON_SALE_CHARGE,DEBIT,2026-03-28T16:37:54.679Z,PAYOUT,Insertion Fee,,"[{'referenceId': '358270017844', 'referenceType': 'ITEM_ID'}]",INSERTION_FEE,0.11,USD,,,,,,,,,
FEE-7632228049619_11,7417074883,0,NON_SALE_CHARGE,DEBIT,2026-03-28T16:36:47.829Z,PAYOUT,Insertion Fee,,"[{'referenceId': '358270012876', 'referenceType': 'ITEM_ID'}]",INSERTION_FEE,0.11,USD,,,,,,,,,
FEE-7632197765219_11,7417074883,0,NON_SALE_CHARGE,DEBIT,2026-03-28T16:24:17.015Z,PAYOUT,Insertion Fee,,"[{'referenceId': '358269972209', 'referenceType': 'ITEM_ID'}]",INSERTION_FEE,0.11,USD,,,,,,,,,
FEE-7632197826419_11,7417074883,0,NON_SALE_CHARGE,DEBIT,2026-03-28T16:24:12.711Z,PAYOUT,Insertion Fee,,"[{'referenceId': '358269970514', 'referenceType': 'ITEM_ID'}]",INSERTION_FEE,0.11,USD,,,,,,,,,
FEE-7632150164519_11,7417074883,0,NON_SALE_CHARGE,DEBIT,2026-03-28T16:00:51.138Z,PAYOUT,Insertion Fee,,"[{'referenceId': '358269890440', 'referenceType': 'ITEM_ID'}]",INSERTION_FEE,0.11,USD,,,,,,,,,
FEE-7632146351819_11,7417074883,0,NON_SALE_CHARGE,DEBIT,2026-03-28T15:58:54.863Z,PAYOUT,Insertion Fee,,"[{'referenceId': '358269887003', 'referenceType': 'ITEM_ID'}]",INSERTION_FEE,0.11,USD,,,,,,,,,
FEE-7632138176719_11,7417074883,0,NON_SALE_CHARGE,DEBIT,2026-03-28T15:56:03.858Z,PAYOUT,Insertion Fee,,"[{'referenceId': '358269884273', 'referenceType': 'ITEM_ID'}]",INSERTION_FEE,0.11,USD,,,,,,,,,
FEE-7632137418419_11,7417074883,0,NON_SALE_CHARGE,DEBIT,2026-03-28T15:55:48.334Z,PAYOUT,Insertion Fee,,"[{'referenceId': '358269884002', 'referenceType': 'ITEM_ID'}]",INSERTION_FEE,0.11,USD,,,,,,,,,
FEE-7632113687819_11,7417074883,0,NON_SALE_CHARGE,DEBIT,2026-03-28T15:44:15.780Z,PAYOUT,Insertion Fee,,"[{'referenceId': '358269866864', 'referenceType': 'ITEM_ID'}]",INSERTION_FEE,0.11,USD,,,,,,,,,
FEE-7632034999819_11,7417074883,0,NON_SALE_CHARGE,DEBIT,2026-03-28T15:09:10.851Z,PAYOUT,Insertion Fee,,"[{'referenceId': '358269783759', 'referenceType': 'ITEM_ID'}]",INSERTION_FEE,0.11,USD,,,,,,,,,
FEE-7632031950319_11,7417074883,0,NON_SALE_CHARGE,DEBIT,2026-03-28T15:07:21.072Z,PAYOUT,Insertion Fee,,"[{'referenceId': '358269777885', 'referenceType': 'ITEM_ID'}]",INSERTION_FEE,0.11,USD,,,,,,,,,
FEE-7632018715119_11,7417074883,0,NON_SALE_CHARGE,DEBIT,2026-03-28T15:00:30.912Z,PAYOUT,Insertion Fee,,"[{'referenceId': '358269754399', 'referenceType': 'ITEM_ID'}]",INSERTION_FEE,0.11,USD,,,,,,,,,
FEE-7632006979819_11,7417074883,0,NON_SALE_CHARGE,DEBIT,2026-03-28T14:55:00.544Z,PAYOUT,Insertion Fee,,"[{'referenceId': '358269739374', 'referenceType': 'ITEM_ID'}]",INSERTION_FEE,0.11,USD,,,,,,,,,
FEE-7631998799319_11,7417074883,0,NON_SALE_CHARGE,DEBIT,2026-03-28T14:50:18.221Z,PAYOUT,Insertion Fee,,"[{'referenceId': '358269729142', 'referenceType': 'ITEM_ID'}]",INSERTION_FEE,0.11,USD,,,,,,,,,
FEE-7631995120019_11,7417074883,0,NON_SALE_CHARGE,DEBIT,2026-03-28T14:49:24.539Z,PAYOUT,Insertion Fee,,"[{'referenceId': '358269727553', 'referenceType': 'ITEM_ID'}]",INSERTION_FEE,0.11,USD,,,,,,,,,
FEE-7631994443619_11,7417074883,0,NON_SALE_CHARGE,DEBIT,2026-03-28T14:49:02.896Z,PAYOUT,Insertion Fee,,"[{'referenceId': '358269727284', 'referenceType': 'ITEM_ID'}]",INSERTION_FEE,0.11,USD,,,,,,,,,
FEE-7631961850119_11,7417074883,0,NON_SALE_CHARGE,DEBIT,2026-03-28T14:31:59.453Z,PAYOUT,Insertion Fee,,"[{'referenceId': '358269687621', 'referenceType': 'ITEM_ID'}]",INSERTION_FEE,0.11,USD,,,,,,,,,
FEE-7631922095919_11,7417074883,0,NON_SALE_CHARGE,DEBIT,2026-03-28T14:12:07.905Z,PAYOUT,Insertion Fee,,"[{'referenceId': '358269641224', 'referenceType': 'ITEM_ID'}]",INSERTION_FEE,0.11,USD,,,,,,,,,
FEE-7631910596319_11,7417074883,0,NON_SALE_CHARGE,DEBIT,2026-03-28T14:09:24.900Z,PAYOUT,Promoted Listings - General fee,eBay Commerce Inc.,"[{'referenceId': '358295449932', 'referenceType': 'ITEM_ID'}, {'referenceId': '10-14426-02193', 'referenceType': 'ORDER_ID'}]",AD_FEE,13.24,USD,,,,,,,,,
10-14426-02193,7424553811,0,SALE,CREDIT,2026-03-28T14:03:28.949Z,PAYOUT,,eBay Commerce Inc.,,,187.34,USD,10-14426-02193,"[{'lineItemId': '10080688065710', 'feeBasisAmount': {'value': '240.75', 'currency': 'USD'}, 'marketplaceFees': [{'feeType': 'FINAL_VALUE_FEE', 'amount': {'value': '33.64', 'currency': 'USD'}}, {'feeType': 'FINAL_VALUE_FEE_FIXED_PER_ORDER', 'amount': {'value': '0.44', 'currency': 'USD'}}, {'feeType': 'INTERNATIONAL_FEE', 'amount': {'value': '3.58', 'currency': 'USD'}, 'feeMemo': 'Charged because the delivery address is in United States. Final amount: $240.75.'}]}]",lustg750,225.0,USD,37.66,USD,15.75,USD
FEE-7631897948719_11,7417074883,0,NON_SALE_CHARGE,DEBIT,2026-03-28T14:03:14.242Z,PAYOUT,Insertion Fee,,"[{'referenceId': '358269617849', 'referenceType': 'ITEM_ID'}]",INSERTION_FEE,0.11,USD,,,,,,,,,
FEE-7631876353219_11,7417074883,0,NON_SALE_CHARGE,DEBIT,2026-03-28T13:52:02.657Z,PAYOUT,Insertion Fee,,"[{'referenceId': '358269592015', 'referenceType': 'ITEM_ID'}]",INSERTION_FEE,0.11,USD,,,,,,,,,
FEE-7631872828219_11,7417074883,0,NON_SALE_CHARGE,DEBIT,2026-03-28T13:49:38.667Z,PAYOUT,Insertion Fee,,"[{'referenceId': '358269583954', 'referenceType': 'ITEM_ID'}]",INSERTION_FEE,0.11,USD,,,,,,,,,
FEE-7631870659019_11,7417074883,0,NON_SALE_CHARGE,DEBIT,2026-03-28T13:48:09.110Z,PAYOUT,Insertion Fee,,"[{'referenceId': '358269578404', 'referenceType': 'ITEM_ID'}]",INSERTION_FEE,0.11,USD,,,,,,,,,
FEE-7631854920119_11,7417074883,0,NON_SALE_CHARGE,DEBIT,2026-03-28T13:40:53.801Z,PAYOUT,Insertion Fee,,"[{'referenceId': '358269566148', 'referenceType': 'ITEM_ID'}]",INSERTION_FEE,0.11,USD,,,,,,,,,
FEE-7631851986119_11,7417074883,0,NON_SALE_CHARGE,DEBIT,2026-03-28T13:39:25.575Z,PAYOUT,Insertion Fee,,"[{'referenceId': '358269562669', 'referenceType': 'ITEM_ID'}]",INSERTION_FEE,0.11,USD,,,,,,,,,
FEE-7631850340519_11,7417074883,0,NON_SALE_CHARGE,DEBIT,2026-03-28T13:38:46.502Z,PAYOUT,Insertion Fee,,"[{'referenceId': '358269559958', 'referenceType': 'ITEM_ID'}]",INSERTION_FEE,0.11,USD,,,,,,,,,
FEE-7631847239919_11,7417074883,0,NON_SALE_CHARGE,DEBIT,2026-03-28T13:37:29.409Z,PAYOUT,Insertion Fee,,"[{'referenceId': '358269558612', 'referenceType': 'ITEM_ID'}]",INSERTION_FEE,0.11,USD,,,,,,,,,
FEE-7631842653619_11,7417074883,0,NON_SALE_CHARGE,DEBIT,2026-03-28T13:35:06.115Z,PAYOUT,Insertion Fee,,"[{'referenceId': '358269554534', 'referenceType': 'ITEM_ID'}]",INSERTION_FEE,0.11,USD,,,,,,,,,
FEE-7631839869519_11,7417074883,0,NON_SALE_CHARGE,DEBIT,2026-03-28T13:33:45.348Z,PAYOUT,Insertion Fee,,"[{'referenceId': '358269551313', 'referenceType': 'ITEM_ID'}]",INSERTION_FEE,0.11,USD,,,,,,,,,
FEE-7631833377119_11,7417074883,0,NON_SALE_CHARGE,DEBIT,2026-03-28T13:29:47.341Z,PAYOUT,Insertion Fee,,"[{'referenceId': '358269541494', 'referenceType': 'ITEM_ID'}]",INSERTION_FEE,0.11,USD,,,,,,,,,
FEE-7631832064519_11,7417074883,0,NON_SALE_CHARGE,DEBIT,2026-03-28T13:29:28.119Z,PAYOUT,Insertion Fee,,"[{'referenceId': '358269539763', 'referenceType': 'ITEM_ID'}]",INSERTION_FEE,0.11,USD,,,,,,,,,
FEE-7631823577219_11,7417074883,0,NON_SALE_CHARGE,DEBIT,2026-03-28T13:24:12.137Z,PAYOUT,Insertion Fee,,"[{'referenceId': '358269529719', 'referenceType': 'ITEM_ID'}]",INSERTION_FEE,0.11,USD,,,,,,,,,
FEE-7631821556019_11,7417074883,0,NON_SALE_CHARGE,DEBIT,2026-03-28T13:23:24.979Z,PAYOUT,Insertion Fee,,"[{'referenceId': '358269526845', 'referenceType': 'ITEM_ID'}]",INSERTION_FEE,0.11,USD,,,,,,,,,
FEE-7631795414419_11,7417074883,0,NON_SALE_CHARGE,DEBIT,2026-03-28T13:09:13.061Z,PAYOUT,Insertion Fee,,"[{'referenceId': '358269492762', 'referenceType': 'ITEM_ID'}]",INSERTION_FEE,0.11,USD,,,,,,,,,
FEE-7631786654519_11,7417074883,0,NON_SALE_CHARGE,DEBIT,2026-03-28T13:04:44.642Z,PAYOUT,Insertion Fee,,"[{'referenceId': '358269488777', 'referenceType': 'ITEM_ID'}]",INSERTION_FEE,0.11,USD,,,,,,,,,
FEE-7631742343419_11,7417074883,0,NON_SALE_CHARGE,DEBIT,2026-03-28T12:45:24.347Z,PAYOUT,Insertion Fee,,"[{'referenceId': '358269449953', 'referenceType': 'ITEM_ID'}]",INSERTION_FEE,0.11,USD,,,,,,,,,
FEE-7631741946119_11,7417074883,0,NON_SALE_CHARGE,DEBIT,2026-03-28T12:44:47.843Z,PAYOUT,Insertion Fee,,"[{'referenceId': '358269448784', 'referenceType': 'ITEM_ID'}]",INSERTION_FEE,0.11,USD,,,,,,,,,
FEE-7631741881819_11,7417074883,0,NON_SALE_CHARGE,DEBIT,2026-03-28T12:44:46.744Z,PAYOUT,Insertion Fee,,"[{'referenceId': '358269449264', 'referenceType': 'ITEM_ID'}]",INSERTION_FEE,0.11,USD,,,,,,,,,
FEE-7631741035719_11,7417074883,0,NON_SALE_CHARGE,DEBIT,2026-03-28T12:44:23.226Z,PAYOUT,Insertion Fee,,"[{'referenceId': '358269448289', 'referenceType': 'ITEM_ID'}]",INSERTION_FEE,0.11,USD,,,,,,,,,
FEE-7631739434419_11,7417074883,0,NON_SALE_CHARGE,DEBIT,2026-03-28T12:43:23.662Z,PAYOUT,Insertion Fee,,"[{'referenceId': '358269446117', 'referenceType': 'ITEM_ID'}]",INSERTION_FEE,0.11,USD,,,,,,,,,
FEE-7631698769919_11,7417074883,0,NON_SALE_CHARGE,DEBIT,2026-03-28T12:25:19.120Z,PAYOUT,Insertion Fee,,"[{'referenceId': '358269401273', 'referenceType': 'ITEM_ID'}]",INSERTION_FEE,0.11,USD,,,,,,,,,
FEE-7631694026619_11,7417074883,0,NON_SALE_CHARGE,DEBIT,2026-03-28T12:22:45.015Z,PAYOUT,Insertion Fee,,"[{'referenceId': '358269397854', 'referenceType': 'ITEM_ID'}]",INSERTION_FEE,0.11,USD,,,,,,,,,
FEE-7631602862819_11,7417074883,0,NON_SALE_CHARGE,DEBIT,2026-03-28T11:37:50.194Z,PAYOUT,Insertion Fee,,"[{'referenceId': '358269296136', 'referenceType': 'ITEM_ID'}]",INSERTION_FEE,0.11,USD,,,,,,,,,
FEE-7631592638819_11,7417074883,0,NON_SALE_CHARGE,DEBIT,2026-03-28T11:31:27.115Z,PAYOUT,Insertion Fee,,"[{'referenceId': '358269278202', 'referenceType': 'ITEM_ID'}]",INSERTION_FEE,0.11,USD,,,,,,,,,
FEE-7631581942219_11,7417074883,0,NON_SALE_CHARGE,DEBIT,2026-03-28T11:24:51.486Z,PAYOUT,Insertion Fee,,"[{'referenceId': '358269242162', 'referenceType': 'ITEM_ID'}]",INSERTION_FEE,0.11,USD,,,,,,,,,
FEE-7631578239619_11,7417074883,0,NON_SALE_CHARGE,DEBIT,2026-03-28T11:22:53.776Z,PAYOUT,Insertion Fee,,"[{'referenceId': '358269234049', 'referenceType': 'ITEM_ID'}]",INSERTION_FEE,0.11,USD,,,,,,,,,
FEE-7631566110419_11,7417074883,0,NON_SALE_CHARGE,DEBIT,2026-03-28T11:16:16.941Z,PAYOUT,Insertion Fee,,"[{'referenceId': '358269220866', 'referenceType': 'ITEM_ID'}]",INSERTION_FEE,0.11,USD,,,,,,,,,
FEE-7631548866619_11,7417074883,0,NON_SALE_CHARGE,DEBIT,2026-03-28T11:09:49.761Z,PAYOUT,Insertion Fee,,"[{'referenceId': '358269192003', 'referenceType': 'ITEM_ID'}]",INSERTION_FEE,0.11,USD,,,,,,,,,
FEE-7631542192319_11,7417074883,0,NON_SALE_CHARGE,DEBIT,2026-03-28T11:06:23.396Z,PAYOUT,Insertion Fee,,"[{'referenceId': '358269175994', 'referenceType': 'ITEM_ID'}]",INSERTION_FEE,0.11,USD,,,,,,,,,
FEE-7631540856519_11,7417074883,0,NON_SALE_CHARGE,DEBIT,2026-03-28T11:05:13.062Z,PAYOUT,Insertion Fee,,"[{'referenceId': '358269172108', 'referenceType': 'ITEM_ID'}]",INSERTION_FEE,0.11,USD,,,,,,,,,
FEE-7631538453119_11,7417074883,0,NON_SALE_CHARGE,DEBIT,2026-03-28T11:03:26.894Z,PAYOUT,Insertion Fee,,"[{'referenceId': '358269164076', 'referenceType': 'ITEM_ID'}]",INSERTION_FEE,0.11,USD,,,,,,,,,
FEE-7631529543019_11,7417074883,0,NON_SALE_CHARGE,DEBIT,2026-03-28T10:59:09.490Z,PAYOUT,Insertion Fee,,"[{'referenceId': '358269149655', 'referenceType': 'ITEM_ID'}]",INSERTION_FEE,0.11,USD,,,,,,,,,
FEE-7631514763919_11,7417074883,0,NON_SALE_CHARGE,DEBIT,2026-03-28T10:51:25.760Z,PAYOUT,Insertion Fee,,"[{'referenceId': '358269125060', 'referenceType': 'ITEM_ID'}]",INSERTION_FEE,0.11,USD,,,,,,,,,
FEE-7631513508219_11,7417074883,0,NON_SALE_CHARGE,DEBIT,2026-03-28T10:50:11.283Z,PAYOUT,Insertion Fee,,"[{'referenceId': '358269122228', 'referenceType': 'ITEM_ID'}]",INSERTION_FEE,0.11,USD,,,,,,,,,
FEE-7631505207519_11,7417074883,0,NON_SALE_CHARGE,DEBIT,2026-03-28T10:46:25.029Z,PAYOUT,Insertion Fee,,"[{'referenceId': '358269108237', 'referenceType': 'ITEM_ID'}]",INSERTION_FEE,0.11,USD,,,,,,,,,
FEE-7631503616019_11,7417074883,0,NON_SALE_CHARGE,DEBIT,2026-03-28T10:45:12.149Z,PAYOUT,Insertion Fee,,"[{'referenceId': '358269105556', 'referenceType': 'ITEM_ID'}]",INSERTION_FEE,0.11,USD,,,,,,,,,
FEE-7631491607019_11,7417074883,0,NON_SALE_CHARGE,DEBIT,2026-03-28T10:39:55.241Z,PAYOUT,Insertion Fee,,"[{'referenceId': '358269083396', 'referenceType': 'ITEM_ID'}]",INSERTION_FEE,0.11,USD,,,,,,,,,
FEE-7631487734519_11,7417074883,0,NON_SALE_CHARGE,DEBIT,2026-03-28T10:38:25.319Z,PAYOUT,Insertion Fee,,"[{'referenceId': '358269078954', 'referenceType': 'ITEM_ID'}]",INSERTION_FEE,0.11,USD,,,,,,,,,
FEE-7631486169819_11,7417074883,0,NON_SALE_CHARGE,DEBIT,2026-03-28T10:37:52.216Z,PAYOUT,Insertion Fee,,"[{'referenceId': '358269076271', 'referenceType': 'ITEM_ID'}]",INSERTION_FEE,0.11,USD,,,,,,,,,
FEE-7631479186019_11,7417074883,0,NON_SALE_CHARGE,DEBIT,2026-03-28T10:34:45.421Z,PAYOUT,Insertion Fee,,"[{'referenceId': '358269072276', 'referenceType': 'ITEM_ID'}]",INSERTION_FEE,0.11,USD,,,,,,,,,
FEE-7631473007619_11,7417074883,0,NON_SALE_CHARGE,DEBIT,2026-03-28T10:31:29.372Z,PAYOUT,Insertion Fee,,"[{'referenceId': '358269064060', 'referenceType': 'ITEM_ID'}]",INSERTION_FEE,0.11,USD,,,,,,,,,
FEE-7631471267719_11,7417074883,0,NON_SALE_CHARGE,DEBIT,2026-03-28T10:30:12.830Z,PAYOUT,Insertion Fee,,"[{'referenceId': '358269061523', 'referenceType': 'ITEM_ID'}]",INSERTION_FEE,0.11,USD,,,,,,,,,
FEE-7631467781119_11,7417074883,0,NON_SALE_CHARGE,DEBIT,2026-03-28T10:28:13.182Z,PAYOUT,Insertion Fee,,"[{'referenceId': '358269058869', 'referenceType': 'ITEM_ID'}]",INSERTION_FEE,0.11,USD,,,,,,,,,
FEE-7631466470419_11,7417074883,0,NON_SALE_CHARGE,DEBIT,2026-03-28T10:27:43.168Z,PAYOUT,Insertion Fee,,"[{'referenceId': '358269057756', 'referenceType': 'ITEM_ID'}]",INSERTION_FEE,0.11,USD,,,,,,,,,
FEE-7631466756319_11,7417074883,0,NON_SALE_CHARGE,DEBIT,2026-03-28T10:27:43.146Z,PAYOUT,Insertion Fee,,"[{'referenceId': '358269058348', 'referenceType': 'ITEM_ID'}]",INSERTION_FEE,0.11,USD,,,,,,,,,
FEE-7631464776519_11,7417074883,0,NON_SALE_CHARGE,DEBIT,2026-03-28T10:26:23.642Z,PAYOUT,Insertion Fee,,"[{'referenceId': '358269056485', 'referenceType': 'ITEM_ID'}]",INSERTION_FEE,0.11,USD,,,,,,,,,
FEE-7631464593819_11,7417074883,0,NON_SALE_CHARGE,DEBIT,2026-03-28T10:26:23.511Z,PAYOUT,Insertion Fee,,"[{'referenceId': '358269056915', 'referenceType': 'ITEM_ID'}]",INSERTION_FEE,0.11,USD,,,,,,,,,
FEE-7631461651619_11,7417074883,0,NON_SALE_CHARGE,DEBIT,2026-03-28T10:24:11.736Z,PAYOUT,Insertion Fee,,"[{'referenceId': '358269055323', 'referenceType': 'ITEM_ID'}]",INSERTION_FEE,0.11,USD,,,,,,,,,
FEE-7631458560019_11,7417074883,0,NON_SALE_CHARGE,DEBIT,2026-03-28T10:21:32.452Z,PAYOUT,Insertion Fee,,"[{'referenceId': '358269053450', 'referenceType': 'ITEM_ID'}]",INSERTION_FEE,0.11,USD,,,,,,,,,
FEE-7631455454419_11,7417074883,0,NON_SALE_CHARGE,DEBIT,2026-03-28T10:19:06.466Z,PAYOUT,Insertion Fee,,"[{'referenceId': '358269048063', 'referenceType': 'ITEM_ID'}]",INSERTION_FEE,0.11,USD,,,,,,,,,
FEE-7631453717419_11,7417074883,0,NON_SALE_CHARGE,DEBIT,2026-03-28T10:18:16.991Z,PAYOUT,Insertion Fee,,"[{'referenceId': '358269044769', 'referenceType': 'ITEM_ID'}]",INSERTION_FEE,0.11,USD,,,,,,,,,
FEE-7631451447719_11,7417074883,0,NON_SALE_CHARGE,DEBIT,2026-03-28T10:16:34.850Z,PAYOUT,Insertion Fee,,"[{'referenceId': '358269039891', 'referenceType': 'ITEM_ID'}]",INSERTION_FEE,0.11,USD,,,,,,,,,
FEE-7631446418119_11,7417074883,0,NON_SALE_CHARGE,DEBIT,2026-03-28T10:13:24.439Z,PAYOUT,Insertion Fee,,"[{'referenceId': '358269028331', 'referenceType': 'ITEM_ID'}]",INSERTION_FEE,0.11,USD,,,,,,,,,
FEE-7631445524619_11,7417074883,0,NON_SALE_CHARGE,DEBIT,2026-03-28T10:13:10.522Z,PAYOUT,Insertion Fee,,"[{'referenceId': '358269026890', 'referenceType': 'ITEM_ID'}]",INSERTION_FEE,0.11,USD,,,,,,,,,
FEE-7631444464019_11,7417074883,0,NON_SALE_CHARGE,DEBIT,2026-03-28T10:12:44.450Z,PAYOUT,Insertion Fee,,"[{'referenceId': '358269025724', 'referenceType': 'ITEM_ID'}]",INSERTION_FEE,0.11,USD,,,,,,,,,
FEE-7631432432919_11,7417074883,0,NON_SALE_CHARGE,DEBIT,2026-03-28T10:04:42.495Z,PAYOUT,Insertion Fee,,"[{'referenceId': '358268993722', 'referenceType': 'ITEM_ID'}]",INSERTION_FEE,0.11,USD,,,,,,,,,
FEE-7631429314419_11,7417074883,0,NON_SALE_CHARGE,DEBIT,2026-03-28T10:02:34.930Z,PAYOUT,Insertion Fee,,"[{'referenceId': '358268985261', 'referenceType': 'ITEM_ID'}]",INSERTION_FEE,0.11,USD,,,,,,,,,
FEE-7631428412419_11,7417074883,0,NON_SALE_CHARGE,DEBIT,2026-03-28T10:01:31.481Z,PAYOUT,Insertion Fee,,"[{'referenceId': '358268983924', 'referenceType': 'ITEM_ID'}]",INSERTION_FEE,0.11,USD,,,,,,,,,
FEE-7631425913019_11,7417074883,0,NON_SALE_CHARGE,DEBIT,2026-03-28T09:59:50.702Z,PAYOUT,Insertion Fee,,"[{'referenceId': '358268982767', 'referenceType': 'ITEM_ID'}]",INSERTION_FEE,0.11,USD,,,,,,,,,
FEE-7631422042719_11,7417074883,0,NON_SALE_CHARGE,DEBIT,2026-03-28T09:57:42.092Z,PAYOUT,Insertion Fee,,"[{'referenceId': '358268977328', 'referenceType': 'ITEM_ID'}]",INSERTION_FEE,0.11,USD,,,,,,,,,
FEE-7631417841919_11,7417074883,0,NON_SALE_CHARGE,DEBIT,2026-03-28T09:54:42.144Z,PAYOUT,Insertion Fee,,"[{'referenceId': '358268973469', 'referenceType': 'ITEM_ID'}]",INSERTION_FEE,0.11,USD,,,,,,,,,
FEE-7631413584519_11,7417074883,0,NON_SALE_CHARGE,DEBIT,2026-03-28T09:51:25.057Z,PAYOUT,Insertion Fee,,"[{'referenceId': '358268965587', 'referenceType': 'ITEM_ID'}]",INSERTION_FEE,0.11,USD,,,,,,,,,
FEE-7631408430219_11,7417074883,0,NON_SALE_CHARGE,DEBIT,2026-03-28T09:48:07.581Z,PAYOUT,Insertion Fee,,"[{'referenceId': '358268960726', 'referenceType': 'ITEM_ID'}]",INSERTION_FEE,0.11,USD,,,,,,,,,
FEE-7631406055419_11,7417074883,0,NON_SALE_CHARGE,DEBIT,2026-03-28T09:47:40.705Z,PAYOUT,Insertion Fee,,"[{'referenceId': '358268959851', 'referenceType': 'ITEM_ID'}]",INSERTION_FEE,0.11,USD,,,,,,,,,
FEE-7631403654319_11,7417074883,0,NON_SALE_CHARGE,DEBIT,2026-03-28T09:46:10.482Z,PAYOUT,Insertion Fee,,"[{'referenceId': '358268958805', 'referenceType': 'ITEM_ID'}]",INSERTION_FEE,0.11,USD,,,,,,,,,
FEE-7631392011619_11,7417074883,0,NON_SALE_CHARGE,DEBIT,2026-03-28T09:40:08.924Z,PAYOUT,Insertion Fee,,"[{'referenceId': '358268936366', 'referenceType': 'ITEM_ID'}]",INSERTION_FEE,0.11,USD,,,,,,,,,
FEE-7631391610619_11,7417074883,0,NON_SALE_CHARGE,DEBIT,2026-03-28T09:39:54.396Z,PAYOUT,Insertion Fee,,"[{'referenceId': '358268934901', 'referenceType': 'ITEM_ID'}]",INSERTION_FEE,0.11,USD,,,,,,,,,
FEE-7631389221019_11,7417074883,0,NON_SALE_CHARGE,DEBIT,2026-03-28T09:38:16.849Z,PAYOUT,Insertion Fee,,"[{'referenceId': '358268931070', 'referenceType': 'ITEM_ID'}]",INSERTION_FEE,0.11,USD,,,,,,,,,
FEE-7631384469619_11,7417074883,0,NON_SALE_CHARGE,DEBIT,2026-03-28T09:37:00.790Z,PAYOUT,Insertion Fee,,"[{'referenceId': '358268921530', 'referenceType': 'ITEM_ID'}]",INSERTION_FEE,0.11,USD,,,,,,,,,
FEE-7631382374619_11,7417074883,0,NON_SALE_CHARGE,DEBIT,2026-03-28T09:36:55.078Z,PAYOUT,Insertion Fee,,"[{'referenceId': '358268919481', 'referenceType': 'ITEM_ID'}]",INSERTION_FEE,0.11,USD,,,,,,,,,
FEE-7631381751319_11,7417074883,0,NON_SALE_CHARGE,DEBIT,2026-03-28T09:36:41.304Z,PAYOUT,Insertion Fee,,"[{'referenceId': '358268917763', 'referenceType': 'ITEM_ID'}]",INSERTION_FEE,0.11,USD,,,,,,,,,
FEE-7631378820819_11,7417074883,0,NON_SALE_CHARGE,DEBIT,2026-03-28T09:34:26.356Z,PAYOUT,Insertion Fee,,"[{'referenceId': '358268909153', 'referenceType': 'ITEM_ID'}]",INSERTION_FEE,0.11,USD,,,,,,,,,
FEE-7631376984019_11,7417074883,0,NON_SALE_CHARGE,DEBIT,2026-03-28T09:33:41.020Z,PAYOUT,Insertion Fee,,"[{'referenceId': '358268903557', 'referenceType': 'ITEM_ID'}]",INSERTION_FEE,0.11,USD,,,,,,,,,
FEE-7631374247019_11,7417074883,0,NON_SALE_CHARGE,DEBIT,2026-03-28T09:31:48.451Z,PAYOUT,Insertion Fee,,"[{'referenceId': '358268899090', 'referenceType': 'ITEM_ID'}]",INSERTION_FEE,0.11,USD,,,,,,,,,
FEE-7631371946719_11,7417074883,0,NON_SALE_CHARGE,DEBIT,2026-03-28T09:30:20.940Z,PAYOUT,Insertion Fee,,"[{'referenceId': '358268894183', 'referenceType': 'ITEM_ID'}]",INSERTION_FEE,0.11,USD,,,,,,,,,
FEE-7631367800519_11,7417074883,0,NON_SALE_CHARGE,DEBIT,2026-03-28T09:27:38.756Z,PAYOUT,Insertion Fee,,"[{'referenceId': '358268889609', 'referenceType': 'ITEM_ID'}]",INSERTION_FEE,0.11,USD,,,,,,,,,
FEE-7631352156919_11,7417074883,0,NON_SALE_CHARGE,DEBIT,2026-03-28T09:19:39.427Z,PAYOUT,Insertion Fee,,"[{'referenceId': '358268873842', 'referenceType': 'ITEM_ID'}]",INSERTION_FEE,0.11,USD,,,,,,,,,
FEE-7631348884219_11,7417074883,0,NON_SALE_CHARGE,DEBIT,2026-03-28T09:17:39.997Z,PAYOUT,Insertion Fee,,"[{'referenceId': '358268871832', 'referenceType': 'ITEM_ID'}]",INSERTION_FEE,0.11,USD,,,,,,,,,
FEE-7631337703519_11,7417074883,0,NON_SALE_CHARGE,DEBIT,2026-03-28T09:12:34.407Z,PAYOUT,Insertion Fee,,"[{'referenceId': '358268858709', 'referenceType': 'ITEM_ID'}]",INSERTION_FEE,0.11,USD,,,,,,,,,
FEE-7631330780819_11,7417074883,0,NON_SALE_CHARGE,DEBIT,2026-03-28T09:10:04.580Z,PAYOUT,Insertion Fee,,"[{'referenceId': '358268854470', 'referenceType': 'ITEM_ID'}]",INSERTION_FEE,0.11,USD,,,,,,,,,
FEE-7631323121619_11,7417074883,0,NON_SALE_CHARGE,DEBIT,2026-03-28T09:05:51.043Z,PAYOUT,Insertion Fee,,"[{'referenceId': '358268846452', 'referenceType': 'ITEM_ID'}]",INSERTION_FEE,0.11,USD,,,,,,,,,
FEE-7631318965019_11,7417074883,0,NON_SALE_CHARGE,DEBIT,2026-03-28T09:02:34.219Z,PAYOUT,Insertion Fee,,"[{'referenceId': '358268836212', 'referenceType': 'ITEM_ID'}]",INSERTION_FEE,0.11,USD,,,,,,,,,
FEE-7631312381619_11,7417074883,0,NON_SALE_CHARGE,DEBIT,2026-03-28T08:58:25.514Z,PAYOUT,Insertion Fee,,"[{'referenceId': '358268822850', 'referenceType': 'ITEM_ID'}]",INSERTION_FEE,0.11,USD,,,,,,,,,
FEE-7631297528819_11,7417074883,0,NON_SALE_CHARGE,DEBIT,2026-03-28T08:48:23.250Z,PAYOUT,Insertion Fee,,"[{'referenceId': '358268789487', 'referenceType': 'ITEM_ID'}]",INSERTION_FEE,0.11,USD,,,,,,,,,
FEE-7631291179419_11,7417074883,0,NON_SALE_CHARGE,DEBIT,2026-03-28T08:45:04.929Z,PAYOUT,Insertion Fee,,"[{'referenceId': '358268780989', 'referenceType': 'ITEM_ID'}]",INSERTION_FEE,0.11,USD,,,,,,,,,
FEE-7631280456819_11,7417074883,0,NON_SALE_CHARGE,DEBIT,2026-03-28T08:38:35.527Z,PAYOUT,Insertion Fee,,"[{'referenceId': '358268772321', 'referenceType': 'ITEM_ID'}]",INSERTION_FEE,0.11,USD,,,,,,,,,
FEE-7631275790019_11,7417074883,0,NON_SALE_CHARGE,DEBIT,2026-03-28T08:36:49.177Z,PAYOUT,Insertion Fee,,"[{'referenceId': '358268762523', 'referenceType': 'ITEM_ID'}]",INSERTION_FEE,0.11,USD,,,,,,,,,
FEE-7631270094219_11,7417074883,0,NON_SALE_CHARGE,DEBIT,2026-03-28T08:33:44.373Z,PAYOUT,Insertion Fee,,"[{'referenceId': '358268755056', 'referenceType': 'ITEM_ID'}]",INSERTION_FEE,0.11,USD,,,,,,,,,
FEE-7631263759619_11,7417074883,0,NON_SALE_CHARGE,DEBIT,2026-03-28T08:29:57.731Z,PAYOUT,Insertion Fee,,"[{'referenceId': '358268736498', 'referenceType': 'ITEM_ID'}]",INSERTION_FEE,0.11,USD,,,,,,,,,
FEE-7631262570719_11,7417074883,0,NON_SALE_CHARGE,DEBIT,2026-03-28T08:28:31.790Z,PAYOUT,Insertion Fee,,"[{'referenceId': '358268734779', 'referenceType': 'ITEM_ID'}]",INSERTION_FEE,0.11,USD,,,,,,,,,
FEE-7631255974219_11,7417074883,0,NON_SALE_CHARGE,DEBIT,2026-03-28T08:25:01.403Z,PAYOUT,Insertion Fee,,"[{'referenceId': '358268721568', 'referenceType': 'ITEM_ID'}]",INSERTION_FEE,0.11,USD,,,,,,,,,
FEE-7631254546019_11,7417074883,0,NON_SALE_CHARGE,DEBIT,2026-03-28T08:23:31.764Z,PAYOUT,Insertion Fee,,"[{'referenceId': '358268718647', 'referenceType': 'ITEM_ID'}]",INSERTION_FEE,0.11,USD,,,,,,,,,
FEE-7631253120819_11,7417074883,0,NON_SALE_CHARGE,DEBIT,2026-03-28T08:22:34.397Z,PAYOUT,Insertion Fee,,"[{'referenceId': '358268715444', 'referenceType': 'ITEM_ID'}]",INSERTION_FEE,0.11,USD,,,,,,,,,
FEE-7631251509719_11,7417074883,0,NON_SALE_CHARGE,DEBIT,2026-03-28T08:21:47.603Z,PAYOUT,Insertion Fee,,"[{'referenceId': '358268712458', 'referenceType': 'ITEM_ID'}]",INSERTION_FEE,0.11,USD,,,,,,,,,
FEE-7631248496019_11,7417074883,0,NON_SALE_CHARGE,DEBIT,2026-03-28T08:19:55.014Z,PAYOUT,Insertion Fee,,"[{'referenceId': '358268702425', 'referenceType': 'ITEM_ID'}]",INSERTION_FEE,0.11,USD,,,,,,,,,
FEE-7631243628219_11,7417074883,0,NON_SALE_CHARGE,DEBIT,2026-03-28T08:17:15.438Z,PAYOUT,Insertion Fee,,"[{'referenceId': '358268695137', 'referenceType': 'ITEM_ID'}]",INSERTION_FEE,0.11,USD,,,,,,,,,
FEE-7631239562419_11,7417074883,0,NON_SALE_CHARGE,DEBIT,2026-03-28T08:13:36.375Z,PAYOUT,Insertion Fee,,"[{'referenceId': '358268687193', 'referenceType': 'ITEM_ID'}]",INSERTION_FEE,0.11,USD,,,,,,,,,
FEE-7631236616019_11,7417074883,0,NON_SALE_CHARGE,DEBIT,2026-03-28T08:12:16.174Z,PAYOUT,Insertion Fee,,"[{'referenceId': '358268683934', 'referenceType': 'ITEM_ID'}]",INSERTION_FEE,0.11,USD,,,,,,,,,
FEE-7631223272219_11,7417074883,0,NON_SALE_CHARGE,DEBIT,2026-03-28T08:06:48.046Z,PAYOUT,Insertion Fee,,"[{'referenceId': '358268670488', 'referenceType': 'ITEM_ID'}]",INSERTION_FEE,0.11,USD,,,,,,,,,
FEE-7631201020419_11,7417074883,0,NON_SALE_CHARGE,DEBIT,2026-03-28T07:54:23.384Z,PAYOUT,Insertion Fee,,"[{'referenceId': '358268652555', 'referenceType': 'ITEM_ID'}]",INSERTION_FEE,0.11,USD,,,,,,,,,
FEE-7631196237619_11,7417074883,0,NON_SALE_CHARGE,DEBIT,2026-03-28T07:51:41.514Z,PAYOUT,Insertion Fee,,"[{'referenceId': '358268644989', 'referenceType': 'ITEM_ID'}]",INSERTION_FEE,0.11,USD,,,,,,,,,
FEE-7631191012719_11,7417074883,0,NON_SALE_CHARGE,DEBIT,2026-03-28T07:48:24.800Z,PAYOUT,Insertion Fee,,"[{'referenceId': '358268634343', 'referenceType': 'ITEM_ID'}]",INSERTION_FEE,0.11,USD,,,,,,,,,
FEE-7631189843819_11,7417074883,0,NON_SALE_CHARGE,DEBIT,2026-03-28T07:47:19.356Z,PAYOUT,Insertion Fee,,"[{'referenceId': '358268631202', 'referenceType': 'ITEM_ID'}]",INSERTION_FEE,0.11,USD,,,,,,,,,
FEE-7631189138219_11,7417074883,0,NON_SALE_CHARGE,DEBIT,2026-03-28T07:46:46.980Z,PAYOUT,Insertion Fee,,"[{'referenceId': '358268629026', 'referenceType': 'ITEM_ID'}]",INSERTION_FEE,0.11,USD,,,,,,,,,
FEE-7631186710519_11,7417074883,0,NON_SALE_CHARGE,DEBIT,2026-03-28T07:45:42.321Z,PAYOUT,Insertion Fee,,"[{'referenceId': '358268626442', 'referenceType': 'ITEM_ID'}]",INSERTION_FEE,0.11,USD,,,,,,,,,
FEE-7631182444419_11,7417074883,0,NON_SALE_CHARGE,DEBIT,2026-03-28T07:43:35.297Z,PAYOUT,Insertion Fee,,"[{'referenceId': '358268621139', 'referenceType': 'ITEM_ID'}]",INSERTION_FEE,0.11,USD,,,,,,,,,
FEE-7631180783819_11,7417074883,0,NON_SALE_CHARGE,DEBIT,2026-03-28T07:42:06.295Z,PAYOUT,Insertion Fee,,"[{'referenceId': '358268617479', 'referenceType': 'ITEM_ID'}]",INSERTION_FEE,0.11,USD,,,,,,,,,
FEE-7631179104419_11,7417074883,0,NON_SALE_CHARGE,DEBIT,2026-03-28T07:41:30.006Z,PAYOUT,Insertion Fee,,"[{'referenceId': '358268614597', 'referenceType': 'ITEM_ID'}]",INSERTION_FEE,0.11,USD,,,,,,,,,
FEE-7631177261219_11,7417074883,0,NON_SALE_CHARGE,DEBIT,2026-03-28T07:39:55.317Z,PAYOUT,Insertion Fee,,"[{'referenceId': '358268610580', 'referenceType': 'ITEM_ID'}]",INSERTION_FEE,0.11,USD,,,,,,,,,
FEE-7631176303819_11,7417074883,0,NON_SALE_CHARGE,DEBIT,2026-03-28T07:39:40.013Z,PAYOUT,Insertion Fee,,"[{'referenceId': '358268609172', 'referenceType': 'ITEM_ID'}]",INSERTION_FEE,0.11,USD,,,,,,,,,
FEE-7631174871319_11,7417074883,0,NON_SALE_CHARGE,DEBIT,2026-03-28T07:38:27.227Z,PAYOUT,Insertion Fee,,"[{'referenceId': '358268608064', 'referenceType': 'ITEM_ID'}]",INSERTION_FEE,0.11,USD,,,,,,,,,
FEE-7631172669419_11,7417074883,0,NON_SALE_CHARGE,DEBIT,2026-03-28T07:36:26.300Z,PAYOUT,Insertion Fee,,"[{'referenceId': '358268602678', 'referenceType': 'ITEM_ID'}]",INSERTION_FEE,0.11,USD,,,,,,,,,
FEE-7631169009119_11,7417074883,0,NON_SALE_CHARGE,DEBIT,2026-03-28T07:34:21.803Z,PAYOUT,Insertion Fee,,"[{'referenceId': '358268596885', 'referenceType': 'ITEM_ID'}]",INSERTION_FEE,0.11,USD,,,,,,,,,
FEE-7631168453919_11,7417074883,0,NON_SALE_CHARGE,DEBIT,2026-03-28T07:33:25.960Z,PAYOUT,Insertion Fee,,"[{'referenceId': '358268595197', 'referenceType': 'ITEM_ID'}]",INSERTION_FEE,0.11,USD,,,,,,,,,
FEE-7631167298419_11,7417074883,0,NON_SALE_CHARGE,DEBIT,2026-03-28T07:32:07.594Z,PAYOUT,Insertion Fee,,"[{'referenceId': '358268593293', 'referenceType': 'ITEM_ID'}]",INSERTION_FEE,0.11,USD,,,,,,,,,
FEE-7631165736419_11,7417074883,0,NON_SALE_CHARGE,DEBIT,2026-03-28T07:31:34.920Z,PAYOUT,Insertion Fee,,"[{'referenceId': '358268589192', 'referenceType': 'ITEM_ID'}]",INSERTION_FEE,0.11,USD,,,,,,,,,
FEE-7631163697519_11,7417074883,0,NON_SALE_CHARGE,DEBIT,2026-03-28T07:30:37.699Z,PAYOUT,Insertion Fee,,"[{'referenceId': '358268587187', 'referenceType': 'ITEM_ID'}]",INSERTION_FEE,0.11,USD,,,,,,,,,
FEE-7631161910019_11,7417074883,0,NON_SALE_CHARGE,DEBIT,2026-03-28T07:29:31.970Z,PAYOUT,Insertion Fee,,"[{'referenceId': '358268584002', 'referenceType': 'ITEM_ID'}]",INSERTION_FEE,0.11,USD,,,,,,,,,
FEE-7631160489419_11,7417074883,0,NON_SALE_CHARGE,DEBIT,2026-03-28T07:28:30.448Z,PAYOUT,Insertion Fee,,"[{'referenceId': '358268582817', 'referenceType': 'ITEM_ID'}]",INSERTION_FEE,0.11,USD,,,,,,,,,
FEE-7631156978019_11,7417074883,0,NON_SALE_CHARGE,DEBIT,2026-03-28T07:26:24.851Z,PAYOUT,Insertion Fee,,"[{'referenceId': '358268581462', 'referenceType': 'ITEM_ID'}]",INSERTION_FEE,0.11,USD,,,,,,,,,
FEE-7631152169619_11,7417074883,0,NON_SALE_CHARGE,DEBIT,2026-03-28T07:24:27.462Z,PAYOUT,Insertion Fee,,"[{'referenceId': '358268579062', 'referenceType': 'ITEM_ID'}]",INSERTION_FEE,0.11,USD,,,,,,,,,
FEE-7631150336819_11,7417074883,0,NON_SALE_CHARGE,DEBIT,2026-03-28T07:22:32.811Z,PAYOUT,Insertion Fee,,"[{'referenceId': '358268577518', 'referenceType': 'ITEM_ID'}]",INSERTION_FEE,0.11,USD,,,,,,,,,
FEE-7631149635719_11,7417074883,0,NON_SALE_CHARGE,DEBIT,2026-03-28T07:22:06.425Z,PAYOUT,Insertion Fee,,"[{'referenceId': '358268576853', 'referenceType': 'ITEM_ID'}]",INSERTION_FEE,0.11,USD,,,,,,,,,
FEE-7631148843619_11,7417074883,0,NON_SALE_CHARGE,DEBIT,2026-03-28T07:21:27.289Z,PAYOUT,Insertion Fee,,"[{'referenceId': '358268574656', 'referenceType': 'ITEM_ID'}]",INSERTION_FEE,0.11,USD,,,,,,,,,
FEE-7631147720219_11,7417074883,0,NON_SALE_CHARGE,DEBIT,2026-03-28T07:20:38.090Z,PAYOUT,Insertion Fee,,"[{'referenceId': '358268573972', 'referenceType': 'ITEM_ID'}]",INSERTION_FEE,0.11,USD,,,,,,,,,
FEE-7631146717819_11,7417074883,0,NON_SALE_CHARGE,DEBIT,2026-03-28T07:19:54.622Z,PAYOUT,Insertion Fee,,"[{'referenceId': '358268572757', 'referenceType': 'ITEM_ID'}]",INSERTION_FEE,0.11,USD,,,,,,,,,
FEE-7631145336019_11,7417074883,0,NON_SALE_CHARGE,DEBIT,2026-03-28T07:19:19.907Z,PAYOUT,Insertion Fee,,"[{'referenceId': '358268571943', 'referenceType': 'ITEM_ID'}]",INSERTION_FEE,0.11,USD,,,,,,,,,
FEE-7631143926919_11,7417074883,0,NON_SALE_CHARGE,DEBIT,2026-03-28T07:18:26.213Z,PAYOUT,Insertion Fee,,"[{'referenceId': '358268571062', 'referenceType': 'ITEM_ID'}]",INSERTION_FEE,0.11,USD,,,,,,,,,
FEE-7631141586319_11,7417074883,0,NON_SALE_CHARGE,DEBIT,2026-03-28T07:16:25.495Z,PAYOUT,Insertion Fee,,"[{'referenceId': '358268568357', 'referenceType': 'ITEM_ID'}]",INSERTION_FEE,0.11,USD,,,,,,,,,
FEE-7631140026519_11,7417074883,0,NON_SALE_CHARGE,DEBIT,2026-03-28T07:16:24.359Z,PAYOUT,Insertion Fee,,"[{'referenceId': '358268567476', 'referenceType': 'ITEM_ID'}]",INSERTION_FEE,0.11,USD,,,,,,,,,
FEE-7631136964019_11,7417074883,0,NON_SALE_CHARGE,DEBIT,2026-03-28T07:14:19.284Z,PAYOUT,Insertion Fee,,"[{'referenceId': '358268563321', 'referenceType': 'ITEM_ID'}]",INSERTION_FEE,0.11,USD,,,,,,,,,
FEE-7631135491219_11,7417074883,0,NON_SALE_CHARGE,DEBIT,2026-03-28T07:13:22.856Z,PAYOUT,Insertion Fee,,"[{'referenceId': '358268561872', 'referenceType': 'ITEM_ID'}]",INSERTION_FEE,0.11,USD,,,,,,,,,
FEE-7631126305519_11,7417074883,0,NON_SALE_CHARGE,DEBIT,2026-03-28T07:09:56.252Z,PAYOUT,Insertion Fee,,"[{'referenceId': '358268552052', 'referenceType': 'ITEM_ID'}]",INSERTION_FEE,0.11,USD,,,,,,,,,
FEE-7631123449819_11,7417074883,0,NON_SALE_CHARGE,DEBIT,2026-03-28T07:08:22.679Z,PAYOUT,Insertion Fee,,"[{'referenceId': '358268545575', 'referenceType': 'ITEM_ID'}]",INSERTION_FEE,0.11,USD,,,,,,,,,
FEE-7631123601719_11,7417074883,0,NON_SALE_CHARGE,DEBIT,2026-03-28T07:08:21.737Z,PAYOUT,Insertion Fee,,"[{'referenceId': '358268544228', 'referenceType': 'ITEM_ID'}]",INSERTION_FEE,0.11,USD,,,,,,,,,
FEE-7631122426319_11,7417074883,0,NON_SALE_CHARGE,DEBIT,2026-03-28T07:07:21.001Z,PAYOUT,Insertion Fee,,"[{'referenceId': '358268541267', 'referenceType': 'ITEM_ID'}]",INSERTION_FEE,0.11,USD,,,,,,,,,
FEE-7631119819219_11,7417074883,0,NON_SALE_CHARGE,DEBIT,2026-03-28T07:05:35.176Z,PAYOUT,Insertion Fee,,"[{'referenceId': '358268535314', 'referenceType': 'ITEM_ID'}]",INSERTION_FEE,0.11,USD,,,,,,,,,
FEE-7631117079319_11,7417074883,0,NON_SALE_CHARGE,DEBIT,2026-03-28T07:04:20.471Z,PAYOUT,Insertion Fee,,"[{'referenceId': '358268528198', 'referenceType': 'ITEM_ID'}]",INSERTION_FEE,0.11,USD,,,,,,,,,
FEE-7631116265319_11,7417074883,0,NON_SALE_CHARGE,DEBIT,2026-03-28T07:03:26.275Z,PAYOUT,Insertion Fee,,"[{'referenceId': '358268523761', 'referenceType': 'ITEM_ID'}]",INSERTION_FEE,0.11,USD,,,,,,,,,
FEE-7631116530819_11,7417074883,0,NON_SALE_CHARGE,DEBIT,2026-03-28T07:03:21.179Z,PAYOUT,Insertion Fee,,"[{'referenceId': '358268525684', 'referenceType': 'ITEM_ID'}]",INSERTION_FEE,0.11,USD,,,,,,,,,
FEE-7631114576919_11,7417074883,0,NON_SALE_CHARGE,DEBIT,2026-03-28T07:02:05.152Z,PAYOUT,Insertion Fee,,"[{'referenceId': '358268520568', 'referenceType': 'ITEM_ID'}]",INSERTION_FEE,0.11,USD,,,,,,,,,
FEE-7631113431019_11,7417074883,0,NON_SALE_CHARGE,DEBIT,2026-03-28T07:01:24.039Z,PAYOUT,Insertion Fee,,"[{'referenceId': '358268519157', 'referenceType': 'ITEM_ID'}]",INSERTION_FEE,0.11,USD,,,,,,,,,
FEE-7631109888519_11,7417074883,0,NON_SALE_CHARGE,DEBIT,2026-03-28T06:59:57.385Z,PAYOUT,Insertion Fee,,"[{'referenceId': '358268515714', 'referenceType': 'ITEM_ID'}]",INSERTION_FEE,0.11,USD,,,,,,,,,
FEE-7631107293919_11,7417074883,0,NON_SALE_CHARGE,DEBIT,2026-03-28T06:59:18.332Z,PAYOUT,Insertion Fee,,"[{'referenceId': '358268513259', 'referenceType': 'ITEM_ID'}]",INSERTION_FEE,0.11,USD,,,,,,,,,
FEE-7631105333919_11,7417074883,0,NON_SALE_CHARGE,DEBIT,2026-03-28T06:58:21.596Z,PAYOUT,Insertion Fee,,"[{'referenceId': '358268512088', 'referenceType': 'ITEM_ID'}]",INSERTION_FEE,0.11,USD,,,,,,,,,
FEE-7631103868319_11,7417074883,0,NON_SALE_CHARGE,DEBIT,2026-03-28T06:56:50.112Z,PAYOUT,Insertion Fee,,"[{'referenceId': '358268509622', 'referenceType': 'ITEM_ID'}]",INSERTION_FEE,0.11,USD,,,,,,,,,
FEE-7631102851519_11,7417074883,0,NON_SALE_CHARGE,DEBIT,2026-03-28T06:56:27.460Z,PAYOUT,Insertion Fee,,"[{'referenceId': '358268508064', 'referenceType': 'ITEM_ID'}]",INSERTION_FEE,0.11,USD,,,,,,,,,
FEE-7631101504519_11,7417074883,0,NON_SALE_CHARGE,DEBIT,2026-03-28T06:54:57.909Z,PAYOUT,Insertion Fee,,"[{'referenceId': '358268504696', 'referenceType': 'ITEM_ID'}]",INSERTION_FEE,0.11,USD,,,,,,,,,
FEE-7631099360219_11,7417074883,0,NON_SALE_CHARGE,DEBIT,2026-03-28T06:53:27.396Z,PAYOUT,Insertion Fee,,"[{'referenceId': '358268499441', 'referenceType': 'ITEM_ID'}]",INSERTION_FEE,0.11,USD,,,,,,,,,
FEE-7631097895019_11,7417074883,0,NON_SALE_CHARGE,DEBIT,2026-03-28T06:51:45.797Z,PAYOUT,Insertion Fee,,"[{'referenceId': '358268496840', 'referenceType': 'ITEM_ID'}]",INSERTION_FEE,0.11,USD,,,,,,,,,
FEE-7631086089219_11,7417074883,0,NON_SALE_CHARGE,DEBIT,2026-03-28T06:44:52.476Z,PAYOUT,Insertion Fee,,"[{'referenceId': '358268484199', 'referenceType': 'ITEM_ID'}]",INSERTION_FEE,0.11,USD,,,,,,,,,
FEE-7631085448319_11,7417074883,0,NON_SALE_CHARGE,DEBIT,2026-03-28T06:44:15.959Z,PAYOUT,Insertion Fee,,"[{'referenceId': '358268483656', 'referenceType': 'ITEM_ID'}]",INSERTION_FEE,0.11,USD,,,,,,,,,
FEE-7631084928819_11,7417074883,0,NON_SALE_CHARGE,DEBIT,2026-03-28T06:43:35.796Z,PAYOUT,Insertion Fee,,"[{'referenceId': '358268483349', 'referenceType': 'ITEM_ID'}]",INSERTION_FEE,0.11,USD,,,,,,,,,
FEE-7631080327619_11,7417074883,0,NON_SALE_CHARGE,DEBIT,2026-03-28T06:40:00.678Z,PAYOUT,Insertion Fee,,"[{'referenceId': '358268476860', 'referenceType': 'ITEM_ID'}]",INSERTION_FEE,0.11,USD,,,,,,,,,
FEE-7631078063419_11,7417074883,0,NON_SALE_CHARGE,DEBIT,2026-03-28T06:38:30.682Z,PAYOUT,Insertion Fee,,"[{'referenceId': '358268471324', 'referenceType': 'ITEM_ID'}]",INSERTION_FEE,0.11,USD,,,,,,,,,
FEE-7631078552019_11,7417074883,0,NON_SALE_CHARGE,DEBIT,2026-03-28T06:38:26.668Z,PAYOUT,Insertion Fee,,"[{'referenceId': '358268472755', 'referenceType': 'ITEM_ID'}]",INSERTION_FEE,0.11,USD,,,,,,,,,
FEE-7631073430119_11,7417074883,0,NON_SALE_CHARGE,DEBIT,2026-03-28T06:34:27.085Z,PAYOUT,Insertion Fee,,"[{'referenceId': '358268467973', 'referenceType': 'ITEM_ID'}]",INSERTION_FEE,0.11,USD,,,,,,,,,
FEE-7631072692419_11,7417074883,0,NON_SALE_CHARGE,DEBIT,2026-03-28T06:33:23.374Z,PAYOUT,Insertion Fee,,"[{'referenceId': '358268467168', 'referenceType': 'ITEM_ID'}]",INSERTION_FEE,0.11,USD,,,,,,,,,
FEE-7631072040519_11,7417074883,0,NON_SALE_CHARGE,DEBIT,2026-03-28T06:33:20.769Z,PAYOUT,Insertion Fee,,"[{'referenceId': '358268465497', 'referenceType': 'ITEM_ID'}]",INSERTION_FEE,0.11,USD,,,,,,,,,
FEE-7631071660019_11,7417074883,0,NON_SALE_CHARGE,DEBIT,2026-03-28T06:32:31.233Z,PAYOUT,Insertion Fee,,"[{'referenceId': '358268464876', 'referenceType': 'ITEM_ID'}]",INSERTION_FEE,0.11,USD,,,,,,,,,
FEE-7631069978619_11,7417074883,0,NON_SALE_CHARGE,DEBIT,2026-03-28T06:31:17.836Z,PAYOUT,Insertion Fee,,"[{'referenceId': '358268462085', 'referenceType': 'ITEM_ID'}]",INSERTION_FEE,0.11,USD,,,,,,,,,
FEE-7631068586119_11,7417074883,0,NON_SALE_CHARGE,DEBIT,2026-03-28T06:30:33.257Z,PAYOUT,Insertion Fee,,"[{'referenceId': '358268459405', 'referenceType': 'ITEM_ID'}]",INSERTION_FEE,0.11,USD,,,,,,,,,
FEE-7631067207919_11,7417074883,0,NON_SALE_CHARGE,DEBIT,2026-03-28T06:29:14.463Z,PAYOUT,Insertion Fee,,"[{'referenceId': '358268453205', 'referenceType': 'ITEM_ID'}]",INSERTION_FEE,0.11,USD,,,,,,,,,
FEE-7631066735719_11,7417074883,0,NON_SALE_CHARGE,DEBIT,2026-03-28T06:28:25.231Z,PAYOUT,Insertion Fee,,"[{'referenceId': '358268451722', 'referenceType': 'ITEM_ID'}]",INSERTION_FEE,0.11,USD,,,,,,,,,
FEE-7631063179519_11,7417074883,0,NON_SALE_CHARGE,DEBIT,2026-03-28T06:25:38.296Z,PAYOUT,Insertion Fee,,"[{'referenceId': '358268443677', 'referenceType': 'ITEM_ID'}]",INSERTION_FEE,0.11,USD,,,,,,,,,
FEE-7631062270019_11,7417074883,0,NON_SALE_CHARGE,DEBIT,2026-03-28T06:24:21.883Z,PAYOUT,Insertion Fee,,"[{'referenceId': '358268441527', 'referenceType': 'ITEM_ID'}]",INSERTION_FEE,0.11,USD,,,,,,,,,
FEE-7631061716719_11,7417074883,0,NON_SALE_CHARGE,DEBIT,2026-03-28T06:24:18.007Z,PAYOUT,Insertion Fee,,"[{'referenceId': '358268440031', 'referenceType': 'ITEM_ID'}]",INSERTION_FEE,0.11,USD,,,,,,,,,
FEE-7631058747919_11,7417074883,0,NON_SALE_CHARGE,DEBIT,2026-03-28T06:22:06.597Z,PAYOUT,Insertion Fee,,"[{'referenceId': '358268436558', 'referenceType': 'ITEM_ID'}]",INSERTION_FEE,0.11,USD,,,,,,,,,
FEE-7631056914419_11,7417074883,0,NON_SALE_CHARGE,DEBIT,2026-03-28T06:21:17.816Z,PAYOUT,Insertion Fee,,"[{'referenceId': '358268432158', 'referenceType': 'ITEM_ID'}]",INSERTION_FEE,0.11,USD,,,,,,,,,
FEE-7631056208719_11,7417074883,0,NON_SALE_CHARGE,DEBIT,2026-03-28T06:20:36.833Z,PAYOUT,Insertion Fee,,"[{'referenceId': '358268430865', 'referenceType': 'ITEM_ID'}]",INSERTION_FEE,0.11,USD,,,,,,,,,
FEE-7631055736419_11,7417074883,0,NON_SALE_CHARGE,DEBIT,2026-03-28T06:20:09.574Z,PAYOUT,Insertion Fee,,"[{'referenceId': '358268429768', 'referenceType': 'ITEM_ID'}]",INSERTION_FEE,0.11,USD,,,,,,,,,
FEE-7631055024519_11,7417074883,0,NON_SALE_CHARGE,DEBIT,2026-03-28T06:19:53.966Z,PAYOUT,Insertion Fee,,"[{'referenceId': '358268428041', 'referenceType': 'ITEM_ID'}]",INSERTION_FEE,0.11,USD,,,,,,,,,
FEE-7631054161319_11,7417074883,0,NON_SALE_CHARGE,DEBIT,2026-03-28T06:19:09.917Z,PAYOUT,Insertion Fee,,"[{'referenceId': '358268426854', 'referenceType': 'ITEM_ID'}]",INSERTION_FEE,0.11,USD,,,,,,,,,
FEE-7631053588219_11,7417074883,0,NON_SALE_CHARGE,DEBIT,2026-03-28T06:18:25.762Z,PAYOUT,Insertion Fee,,"[{'referenceId': '358268425104', 'referenceType': 'ITEM_ID'}]",INSERTION_FEE,0.11,USD,,,,,,,,,
FEE-7631052830619_11,7417074883,0,NON_SALE_CHARGE,DEBIT,2026-03-28T06:17:29.942Z,PAYOUT,Insertion Fee,,"[{'referenceId': '358268422935', 'referenceType': 'ITEM_ID'}]",INSERTION_FEE,0.11,USD,,,,,,,,,
FEE-7631052258719_11,7417074883,0,NON_SALE_CHARGE,DEBIT,2026-03-28T06:17:18.576Z,PAYOUT,Insertion Fee,,"[{'referenceId': '358268421355', 'referenceType': 'ITEM_ID'}]",INSERTION_FEE,0.11,USD,,,,,,,,,
FEE-7631049084119_11,7417074883,0,NON_SALE_CHARGE,DEBIT,2026-03-28T06:14:57.439Z,PAYOUT,Insertion Fee,,"[{'referenceId': '358268416906', 'referenceType': 'ITEM_ID'}]",INSERTION_FEE,0.11,USD,,,,,,,,,
FEE-7631047520419_11,7417074883,0,NON_SALE_CHARGE,DEBIT,2026-03-28T06:13:23.134Z,PAYOUT,Insertion Fee,,"[{'referenceId': '358268414677', 'referenceType': 'ITEM_ID'}]",INSERTION_FEE,0.11,USD,,,,,,,,,
FEE-7631046325819_11,7417074883,0,NON_SALE_CHARGE,DEBIT,2026-03-28T06:12:29.402Z,PAYOUT,Insertion Fee,,"[{'referenceId': '358268413831', 'referenceType': 'ITEM_ID'}]",INSERTION_FEE,0.11,USD,,,,,,,,,
FEE-7631045525219_11,7417074883,0,NON_SALE_CHARGE,DEBIT,2026-03-28T06:11:51.857Z,PAYOUT,Insertion Fee,,"[{'referenceId': '358268413043', 'referenceType': 'ITEM_ID'}]",INSERTION_FEE,0.11,USD,,,,,,,,,
FEE-7631043844919_11,7417074883,0,NON_SALE_CHARGE,DEBIT,2026-03-28T06:11:48.717Z,PAYOUT,Insertion Fee,,"[{'referenceId': '358268412591', 'referenceType': 'ITEM_ID'}]",INSERTION_FEE,0.11,USD,,,,,,,,,
FEE-7631042929919_11,7417074883,0,NON_SALE_CHARGE,DEBIT,2026-03-28T06:11:19.049Z,PAYOUT,Insertion Fee,,"[{'referenceId': '358268410770', 'referenceType': 'ITEM_ID'}]",INSERTION_FEE,0.11,USD,,,,,,,,,
FEE-7631041500019_11,7417074883,0,NON_SALE_CHARGE,DEBIT,2026-03-28T06:10:30.721Z,PAYOUT,Insertion Fee,,"[{'referenceId': '358268408774', 'referenceType': 'ITEM_ID'}]",INSERTION_FEE,0.11,USD,,,,,,,,,
FEE-7631040155119_11,7417074883,0,NON_SALE_CHARGE,DEBIT,2026-03-28T06:09:56.529Z,PAYOUT,Insertion Fee,,"[{'referenceId': '358268407451', 'referenceType': 'ITEM_ID'}]",INSERTION_FEE,0.11,USD,,,,,,,,,
FEE-7631038469119_11,7417074883,0,NON_SALE_CHARGE,DEBIT,2026-03-28T06:09:20.944Z,PAYOUT,Insertion Fee,,"[{'referenceId': '358268405512', 'referenceType': 'ITEM_ID'}]",INSERTION_FEE,0.11,USD,,,,,,,,,
FEE-7631036747619_11,7417074883,0,NON_SALE_CHARGE,DEBIT,2026-03-28T06:09:15.842Z,PAYOUT,Insertion Fee,,"[{'referenceId': '358268401883', 'referenceType': 'ITEM_ID'}]",INSERTION_FEE,0.11,USD,,,,,,,,,
FEE-7631036617219_11,7417074883,0,NON_SALE_CHARGE,DEBIT,2026-03-28T06:09:11.469Z,PAYOUT,Insertion Fee,,"[{'referenceId': '358268400950', 'referenceType': 'ITEM_ID'}]",INSERTION_FEE,0.11,USD,,,,,,,,,
FEE-7631033151019_11,7417074883,0,NON_SALE_CHARGE,DEBIT,2026-03-28T06:06:47.671Z,PAYOUT,Insertion Fee,,"[{'referenceId': '358268399078', 'referenceType': 'ITEM_ID'}]",INSERTION_FEE,0.11,USD,,,,,,,,,
FEE-7631030718819_11,7417074883,0,NON_SALE_CHARGE,DEBIT,2026-03-28T06:05:31.054Z,PAYOUT,Insertion Fee,,"[{'referenceId': '358268397624', 'referenceType': 'ITEM_ID'}]",INSERTION_FEE,0.11,USD,,,,,,,,,
FEE-7631026710219_11,7417074883,0,NON_SALE_CHARGE,DEBIT,2026-03-28T06:02:17.828Z,PAYOUT,Insertion Fee,,"[{'referenceId': '358268390626', 'referenceType': 'ITEM_ID'}]",INSERTION_FEE,0.11,USD,,,,,,,,,
FEE-7631025195919_11,7417074883,0,NON_SALE_CHARGE,DEBIT,2026-03-28T06:01:20.359Z,PAYOUT,Insertion Fee,,"[{'referenceId': '358268388794', 'referenceType': 'ITEM_ID'}]",INSERTION_FEE,0.11,USD,,,,,,,,,
FEE-7631024427419_11,7417074883,0,NON_SALE_CHARGE,DEBIT,2026-03-28T06:00:30.651Z,PAYOUT,Insertion Fee,,"[{'referenceId': '358268388384', 'referenceType': 'ITEM_ID'}]",INSERTION_FEE,0.11,USD,,,,,,,,,
FEE-7631024076419_11,7417074883,0,NON_SALE_CHARGE,DEBIT,2026-03-28T05:59:53.791Z,PAYOUT,Insertion Fee,,"[{'referenceId': '358268387959', 'referenceType': 'ITEM_ID'}]",INSERTION_FEE,0.11,USD,,,,,,,,,
FEE-7631023317919_11,7417074883,0,NON_SALE_CHARGE,DEBIT,2026-03-28T05:59:08.116Z,PAYOUT,Insertion Fee,,"[{'referenceId': '358268387093', 'referenceType': 'ITEM_ID'}]",INSERTION_FEE,0.11,USD,,,,,,,,,
FEE-7631022285319_11,7417074883,0,NON_SALE_CHARGE,DEBIT,2026-03-28T05:58:23.607Z,PAYOUT,Insertion Fee,,"[{'referenceId': '358268385474', 'referenceType': 'ITEM_ID'}]",INSERTION_FEE,0.11,USD,,,,,,,,,
FEE-7631021038519_11,7417074883,0,NON_SALE_CHARGE,DEBIT,2026-03-28T05:56:45.537Z,PAYOUT,Insertion Fee,,"[{'referenceId': '358268383887', 'referenceType': 'ITEM_ID'}]",INSERTION_FEE,0.11,USD,,,,,,,,,
FEE-7631019054519_11,7417074883,0,NON_SALE_CHARGE,DEBIT,2026-03-28T05:54:57.808Z,PAYOUT,Insertion Fee,,"[{'referenceId': '358268381218', 'referenceType': 'ITEM_ID'}]",INSERTION_FEE,0.11,USD,,,,,,,,,
FEE-7631011043019_11,7417074883,0,NON_SALE_CHARGE,DEBIT,2026-03-28T05:50:29.423Z,PAYOUT,Insertion Fee,,"[{'referenceId': '358268367005', 'referenceType': 'ITEM_ID'}]",INSERTION_FEE,0.11,USD,,,,,,,,,
FEE-7631010631219_11,7417074883,0,NON_SALE_CHARGE,DEBIT,2026-03-28T05:49:51.145Z,PAYOUT,Insertion Fee,,"[{'referenceId': '358268365611', 'referenceType': 'ITEM_ID'}]",INSERTION_FEE,0.11,USD,,,,,,,,,
FEE-7631010307719_11,7417074883,0,NON_SALE_CHARGE,DEBIT,2026-03-28T05:49:51.086Z,PAYOUT,Insertion Fee,,"[{'referenceId': '358268364144', 'referenceType': 'ITEM_ID'}]",INSERTION_FEE,0.11,USD,,,,,,,,,
FEE-7631008981019_11,7417074883,0,NON_SALE_CHARGE,DEBIT,2026-03-28T05:48:19.691Z,PAYOUT,Insertion Fee,,"[{'referenceId': '358268362452', 'referenceType': 'ITEM_ID'}]",INSERTION_FEE,0.11,USD,,,,,,,,,
FEE-7631007215819_11,7417074883,0,NON_SALE_CHARGE,DEBIT,2026-03-28T05:46:48.053Z,PAYOUT,Insertion Fee,,"[{'referenceId': '358268361057', 'referenceType': 'ITEM_ID'}]",INSERTION_FEE,0.11,USD,,,,,,,,,
FEE-7631006898119_11,7417074883,0,NON_SALE_CHARGE,DEBIT,2026-03-28T05:46:44.589Z,PAYOUT,Insertion Fee,,"[{'referenceId': '358268360570', 'referenceType': 'ITEM_ID'}]",INSERTION_FEE,0.11,USD,,,,,,,,,
FEE-7631006186819_11,7417074883,0,NON_SALE_CHARGE,DEBIT,2026-03-28T05:46:18.488Z,PAYOUT,Insertion Fee,,"[{'referenceId': '358268360157', 'referenceType': 'ITEM_ID'}]",INSERTION_FEE,0.11,USD,,,,,,,,,
FEE-7631005280819_11,7417074883,0,NON_SALE_CHARGE,DEBIT,2026-03-28T05:44:55.975Z,PAYOUT,Insertion Fee,,"[{'referenceId': '358268359453', 'referenceType': 'ITEM_ID'}]",INSERTION_FEE,0.11,USD,,,,,,,,,
FEE-7631003649319_11,7417074883,0,NON_SALE_CHARGE,DEBIT,2026-03-28T05:44:06.641Z,PAYOUT,Insertion Fee,,"[{'referenceId': '358268357058', 'referenceType': 'ITEM_ID'}]",INSERTION_FEE,0.11,USD,,,,,,,,,
FEE-7631002811819_11,7417074883,0,NON_SALE_CHARGE,DEBIT,2026-03-28T05:43:26.508Z,PAYOUT,Insertion Fee,,"[{'referenceId': '358268355133', 'referenceType': 'ITEM_ID'}]",INSERTION_FEE,0.11,USD,,,,,,,,,
FEE-7630996960319_11,7417074883,0,NON_SALE_CHARGE,DEBIT,2026-03-28T05:36:50.388Z,PAYOUT,Insertion Fee,,"[{'referenceId': '358268333692', 'referenceType': 'ITEM_ID'}]",INSERTION_FEE,0.11,USD,,,,,,,,,
FEE-7630987187719_11,7417074883,0,NON_SALE_CHARGE,DEBIT,2026-03-28T05:29:05.729Z,PAYOUT,Insertion Fee,,"[{'referenceId': '358268271227', 'referenceType': 'ITEM_ID'}]",INSERTION_FEE,0.11,USD,,,,,,,,,
FEE-7630985388419_11,7417074883,0,NON_SALE_CHARGE,DEBIT,2026-03-28T05:27:05.395Z,PAYOUT,Insertion Fee,,"[{'referenceId': '358268254193', 'referenceType': 'ITEM_ID'}]",INSERTION_FEE,0.11,USD,,,,,,,,,
FEE-7630985652619_11,7417074883,0,NON_SALE_CHARGE,DEBIT,2026-03-28T05:27:04.797Z,PAYOUT,Insertion Fee,,"[{'referenceId': '358268256202', 'referenceType': 'ITEM_ID'}]",INSERTION_FEE,0.11,USD,,,,,,,,,
FEE-7630984067519_11,7417074883,0,NON_SALE_CHARGE,DEBIT,2026-03-28T05:25:28.909Z,PAYOUT,Insertion Fee,,"[{'referenceId': '358268244426', 'referenceType': 'ITEM_ID'}]",INSERTION_FEE,0.11,USD,,,,,,,,,
FEE-7630983712319_11,7417074883,0,NON_SALE_CHARGE,DEBIT,2026-03-28T05:25:27.897Z,PAYOUT,Insertion Fee,,"[{'referenceId': '358268242470', 'referenceType': 'ITEM_ID'}]",INSERTION_FEE,0.11,USD,,,,,,,,,
FEE-7630981993619_11,7417074883,0,NON_SALE_CHARGE,DEBIT,2026-03-28T05:23:29.917Z,PAYOUT,Insertion Fee,,"[{'referenceId': '358268233003', 'referenceType': 'ITEM_ID'}]",INSERTION_FEE,0.11,USD,,,,,,,,,
FEE-7630981400019_11,7417074883,0,NON_SALE_CHARGE,DEBIT,2026-03-28T05:23:18.223Z,PAYOUT,Insertion Fee,,"[{'referenceId': '358268228825', 'referenceType': 'ITEM_ID'}]",INSERTION_FEE,0.11,USD,,,,,,,,,
FEE-7630980912519_11,7417074883,0,NON_SALE_CHARGE,DEBIT,2026-03-28T05:22:18.509Z,PAYOUT,Insertion Fee,,"[{'referenceId': '358268226560', 'referenceType': 'ITEM_ID'}]",INSERTION_FEE,0.11,USD,,,,,,,,,
FEE-7630980584019_11,7417074883,0,NON_SALE_CHARGE,DEBIT,2026-03-28T05:21:57.126Z,PAYOUT,Insertion Fee,,"[{'referenceId': '358268225005', 'referenceType': 'ITEM_ID'}]",INSERTION_FEE,0.11,USD,,,,,,,,,
FEE-7630980219519_11,7417074883,0,NON_SALE_CHARGE,DEBIT,2026-03-28T05:21:45.596Z,PAYOUT,Insertion Fee,,"[{'referenceId': '358268223641', 'referenceType': 'ITEM_ID'}]",INSERTION_FEE,0.11,USD,,,,,,,,,
FEE-7630979602419_11,7417074883,0,NON_SALE_CHARGE,DEBIT,2026-03-28T05:21:17.505Z,PAYOUT,Insertion Fee,,"[{'referenceId': '358268216926', 'referenceType': 'ITEM_ID'}]",INSERTION_FEE,0.11,USD,,,,,,,,,
FEE-7630979936519_11,7417074883,0,NON_SALE_CHARGE,DEBIT,2026-03-28T05:21:14.629Z,PAYOUT,Insertion Fee,,"[{'referenceId': '358268219447', 'referenceType': 'ITEM_ID'}]",INSERTION_FEE,0.11,USD,,,,,,,,,
FEE-7630978965519_11,7417074883,0,NON_SALE_CHARGE,DEBIT,2026-03-28T05:19:55.914Z,PAYOUT,Insertion Fee,,"[{'referenceId': '358268210507', 'referenceType': 'ITEM_ID'}]",INSERTION_FEE,0.11,USD,,,,,,,,,
FEE-7630978137319_11,7417074883,0,NON_SALE_CHARGE,DEBIT,2026-03-28T05:19:15.785Z,PAYOUT,Insertion Fee,,"[{'referenceId': '358268205507', 'referenceType': 'ITEM_ID'}]",INSERTION_FEE,0.11,USD,,,,,,,,,
FEE-7630977565219_11,7417074883,0,NON_SALE_CHARGE,DEBIT,2026-03-28T05:18:18.820Z,PAYOUT,Insertion Fee,,"[{'referenceId': '358268201651', 'referenceType': 'ITEM_ID'}]",INSERTION_FEE,0.11,USD,,,,,,,,,
FEE-7630977247319_11,7417074883,0,NON_SALE_CHARGE,DEBIT,2026-03-28T05:18:17.236Z,PAYOUT,Insertion Fee,,"[{'referenceId': '358268199138', 'referenceType': 'ITEM_ID'}]",INSERTION_FEE,0.11,USD,,,,,,,,,
FEE-7630974255319_11,7417074883,0,NON_SALE_CHARGE,DEBIT,2026-03-28T05:14:16.206Z,PAYOUT,Insertion Fee,,"[{'referenceId': '358268175479', 'referenceType': 'ITEM_ID'}]",INSERTION_FEE,0.11,USD,,,,,,,,,
FEE-7630968989819_11,7417074883,0,NON_SALE_CHARGE,DEBIT,2026-03-28T05:11:11.351Z,PAYOUT,Insertion Fee,,"[{'referenceId': '358268158992', 'referenceType': 'ITEM_ID'}]",INSERTION_FEE,0.11,USD,,,,,,,,,
FEE-7630967877819_11,7417074883,0,NON_SALE_CHARGE,DEBIT,2026-03-28T05:10:26.047Z,PAYOUT,Insertion Fee,,"[{'referenceId': '358268156298', 'referenceType': 'ITEM_ID'}]",INSERTION_FEE,0.11,USD,,,,,,,,,
FEE-7630966685819_11,7417074883,0,NON_SALE_CHARGE,DEBIT,2026-03-28T05:09:51.952Z,PAYOUT,Insertion Fee,,"[{'referenceId': '358268152078', 'referenceType': 'ITEM_ID'}]",INSERTION_FEE,0.11,USD,,,,,,,,,
FEE-7630964742719_11,7417074883,0,NON_SALE_CHARGE,DEBIT,2026-03-28T05:09:04.115Z,PAYOUT,Insertion Fee,,"[{'referenceId': '358268140673', 'referenceType': 'ITEM_ID'}]",INSERTION_FEE,0.11,USD,,,,,,,,,
FEE-7630965194319_11,7417074883,0,NON_SALE_CHARGE,DEBIT,2026-03-28T05:09:03.817Z,PAYOUT,Insertion Fee,,"[{'referenceId': '358268146033', 'referenceType': 'ITEM_ID'}]",INSERTION_FEE,0.11,USD,,,,,,,,,
FEE-7630964885019_11,7417074883,0,NON_SALE_CHARGE,DEBIT,2026-03-28T05:09:01.993Z,PAYOUT,Insertion Fee,,"[{'referenceId': '358268143991', 'referenceType': 'ITEM_ID'}]",INSERTION_FEE,0.11,USD,,,,,,,,,
FEE-7630962821419_11,7417074883,0,NON_SALE_CHARGE,DEBIT,2026-03-28T05:07:28.199Z,PAYOUT,Insertion Fee,,"[{'referenceId': '358268138267', 'referenceType': 'ITEM_ID'}]",INSERTION_FEE,0.11,USD,,,,,,,,,
FEE-7630959227819_11,7417074883,0,NON_SALE_CHARGE,DEBIT,2026-03-28T05:06:11.519Z,PAYOUT,Insertion Fee,,"[{'referenceId': '358268131807', 'referenceType': 'ITEM_ID'}]",INSERTION_FEE,0.11,USD,,,,,,,,,
FEE-7630958923319_11,7417074883,0,NON_SALE_CHARGE,DEBIT,2026-03-28T05:05:26.107Z,PAYOUT,Insertion Fee,,"[{'referenceId': '358268130940', 'referenceType': 'ITEM_ID'}]",INSERTION_FEE,0.11,USD,,,,,,,,,
FEE-7630958756719_11,7417074883,0,NON_SALE_CHARGE,DEBIT,2026-03-28T05:05:25.961Z,PAYOUT,Insertion Fee,,"[{'referenceId': '358268129872', 'referenceType': 'ITEM_ID'}]",INSERTION_FEE,0.11,USD,,,,,,,,,
FEE-7630958402619_11,7417074883,0,NON_SALE_CHARGE,DEBIT,2026-03-28T05:04:51.320Z,PAYOUT,Insertion Fee,,"[{'referenceId': '358268128858', 'referenceType': 'ITEM_ID'}]",INSERTION_FEE,0.11,USD,,,,,,,,,
FEE-7630957922419_11,7417074883,0,NON_SALE_CHARGE,DEBIT,2026-03-28T05:04:10.151Z,PAYOUT,Insertion Fee,,"[{'referenceId': '358268126926', 'referenceType': 'ITEM_ID'}]",INSERTION_FEE,0.11,USD,,,,,,,,,
FEE-7630957354919_11,7417074883,0,NON_SALE_CHARGE,DEBIT,2026-03-28T05:04:03.778Z,PAYOUT,Insertion Fee,,"[{'referenceId': '358268122938', 'referenceType': 'ITEM_ID'}]",INSERTION_FEE,0.11,USD,,,,,,,,,
FEE-7630957009119_11,7417074883,0,NON_SALE_CHARGE,DEBIT,2026-03-28T05:03:23.486Z,PAYOUT,Insertion Fee,,"[{'referenceId': '358268121166', 'referenceType': 'ITEM_ID'}]",INSERTION_FEE,0.11,USD,,,,,,,,,
FEE-7630956495719_11,7417074883,0,NON_SALE_CHARGE,DEBIT,2026-03-28T05:03:19.790Z,PAYOUT,Insertion Fee,,"[{'referenceId': '358268120145', 'referenceType': 'ITEM_ID'}]",INSERTION_FEE,0.11,USD,,,,,,,,,
FEE-7630956298519_11,7417074883,0,NON_SALE_CHARGE,DEBIT,2026-03-28T05:02:30.604Z,PAYOUT,Insertion Fee,,"[{'referenceId': '358268118505', 'referenceType': 'ITEM_ID'}]",INSERTION_FEE,0.11,USD,,,,,,,,,
FEE-7630955904319_11,7417074883,0,NON_SALE_CHARGE,DEBIT,2026-03-28T05:01:58.646Z,PAYOUT,Insertion Fee,,"[{'referenceId': '358268117230', 'referenceType': 'ITEM_ID'}]",INSERTION_FEE,0.11,USD,,,,,,,,,
FEE-7630955377019_11,7417074883,0,NON_SALE_CHARGE,DEBIT,2026-03-28T05:01:48.137Z,PAYOUT,Insertion Fee,,"[{'referenceId': '358268115263', 'referenceType': 'ITEM_ID'}]",INSERTION_FEE,0.11,USD,,,,,,,,,
FEE-7630955454119_11,7417074883,0,NON_SALE_CHARGE,DEBIT,2026-03-28T05:01:43.729Z,PAYOUT,Insertion Fee,,"[{'referenceId': '358268115643', 'referenceType': 'ITEM_ID'}]",INSERTION_FEE,0.11,USD,,,,,,,,,
FEE-7630954850619_11,7417074883,0,NON_SALE_CHARGE,DEBIT,2026-03-28T05:01:16.465Z,PAYOUT,Insertion Fee,,"[{'referenceId': '358268114342', 'referenceType': 'ITEM_ID'}]",INSERTION_FEE,0.11,USD,,,,,,,,,
FEE-7630954376019_11,7417074883,0,NON_SALE_CHARGE,DEBIT,2026-03-28T05:00:27.771Z,PAYOUT,Insertion Fee,,"[{'referenceId': '358268113982', 'referenceType': 'ITEM_ID'}]",INSERTION_FEE,0.11,USD,,,,,,,,,
FEE-7630954205819_11,7417074883,0,NON_SALE_CHARGE,DEBIT,2026-03-28T05:00:26.365Z,PAYOUT,Insertion Fee,,"[{'referenceId': '358268113692', 'referenceType': 'ITEM_ID'}]",INSERTION_FEE,0.11,USD,,,,,,,,,
FEE-7630953765819_11,7417074883,0,NON_SALE_CHARGE,DEBIT,2026-03-28T04:59:50.761Z,PAYOUT,Insertion Fee,,"[{'referenceId': '358268112946', 'referenceType': 'ITEM_ID'}]",INSERTION_FEE,0.11,USD,,,,,,,,,
FEE-7630953648119_11,7417074883,0,NON_SALE_CHARGE,DEBIT,2026-03-28T04:59:16.021Z,PAYOUT,Insertion Fee,,"[{'referenceId': '358268112115', 'referenceType': 'ITEM_ID'}]",INSERTION_FEE,0.11,USD,,,,,,,,,
FEE-7630953378619_11,7417074883,0,NON_SALE_CHARGE,DEBIT,2026-03-28T04:59:02.791Z,PAYOUT,Insertion Fee,,"[{'referenceId': '358268111227', 'referenceType': 'ITEM_ID'}]",INSERTION_FEE,0.11,USD,,,,,,,,,
FEE-7630952990219_11,7417074883,0,NON_SALE_CHARGE,DEBIT,2026-03-28T04:58:27.805Z,PAYOUT,Insertion Fee,,"[{'referenceId': '358268109776', 'referenceType': 'ITEM_ID'}]",INSERTION_FEE,0.11,USD,,,,,,,,,
FEE-7630952366019_11,7417074883,0,NON_SALE_CHARGE,DEBIT,2026-03-28T04:57:28.824Z,PAYOUT,Insertion Fee,,"[{'referenceId': '358268107367', 'referenceType': 'ITEM_ID'}]",INSERTION_FEE,0.11,USD,,,,,,,,,
FEE-7630951585119_11,7417074883,0,NON_SALE_CHARGE,DEBIT,2026-03-28T04:56:43.738Z,PAYOUT,Insertion Fee,,"[{'referenceId': '358268104298', 'referenceType': 'ITEM_ID'}]",INSERTION_FEE,0.11,USD,,,,,,,,,
FEE-7630951385919_11,7417074883,0,NON_SALE_CHARGE,DEBIT,2026-03-28T04:56:08.337Z,PAYOUT,Insertion Fee,,"[{'referenceId': '358268103417', 'referenceType': 'ITEM_ID'}]",INSERTION_FEE,0.11,USD,,,,,,,,,
FEE-7630950825319_11,7417074883,0,NON_SALE_CHARGE,DEBIT,2026-03-28T04:55:25.408Z,PAYOUT,Insertion Fee,,"[{'referenceId': '358268101280', 'referenceType': 'ITEM_ID'}]",INSERTION_FEE,0.11,USD,,,,,,,,,
FEE-7630950230119_11,7417074883,0,NON_SALE_CHARGE,DEBIT,2026-03-28T04:54:49.738Z,PAYOUT,Insertion Fee,,"[{'referenceId': '358268099552', 'referenceType': 'ITEM_ID'}]",INSERTION_FEE,0.11,USD,,,,,,,,,
FEE-7630949601219_11,7417074883,0,NON_SALE_CHARGE,DEBIT,2026-03-28T04:54:06.796Z,PAYOUT,Insertion Fee,,"[{'referenceId': '358268097964', 'referenceType': 'ITEM_ID'}]",INSERTION_FEE,0.11,USD,,,,,,,,,
FEE-7630948759519_11,7417074883,0,NON_SALE_CHARGE,DEBIT,2026-03-28T04:53:15.289Z,PAYOUT,Insertion Fee,,"[{'referenceId': '358268096262', 'referenceType': 'ITEM_ID'}]",INSERTION_FEE,0.11,USD,,,,,,,,,
FEE-7630947430819_11,7417074883,0,NON_SALE_CHARGE,DEBIT,2026-03-28T04:52:25.574Z,PAYOUT,Insertion Fee,,"[{'referenceId': '358268093936', 'referenceType': 'ITEM_ID'}]",INSERTION_FEE,0.11,USD,,,,,,,,,
FEE-7630947041619_11,7417074883,0,NON_SALE_CHARGE,DEBIT,2026-03-28T04:52:01.601Z,PAYOUT,Insertion Fee,,"[{'referenceId': '358268093148', 'referenceType': 'ITEM_ID'}]",INSERTION_FEE,0.11,USD,,,,,,,,,
FEE-7630945978619_11,7417074883,0,NON_SALE_CHARGE,DEBIT,2026-03-28T04:51:45.168Z,PAYOUT,Insertion Fee,,"[{'referenceId': '358268091093', 'referenceType': 'ITEM_ID'}]",INSERTION_FEE,0.11,USD,,,,,,,,,
FEE-7630945519619_11,7417074883,0,NON_SALE_CHARGE,DEBIT,2026-03-28T04:51:10.251Z,PAYOUT,Insertion Fee,,"[{'referenceId': '358268088425', 'referenceType': 'ITEM_ID'}]",INSERTION_FEE,0.11,USD,,,,,,,,,
FEE-7630944481819_11,7417074883,0,NON_SALE_CHARGE,DEBIT,2026-03-28T04:49:49.695Z,PAYOUT,Insertion Fee,,"[{'referenceId': '358268084619', 'referenceType': 'ITEM_ID'}]",INSERTION_FEE,0.11,USD,,,,,,,,,
FEE-7630942862219_11,7417074883,0,NON_SALE_CHARGE,DEBIT,2026-03-28T04:48:17.232Z,PAYOUT,Insertion Fee,,"[{'referenceId': '358268078290', 'referenceType': 'ITEM_ID'}]",INSERTION_FEE,0.11,USD,,,,,,,,,
FEE-7630936333519_11,7417074883,0,NON_SALE_CHARGE,DEBIT,2026-03-28T04:41:03.313Z,PAYOUT,Insertion Fee,,"[{'referenceId': '358268061473', 'referenceType': 'ITEM_ID'}]",INSERTION_FEE,0.11,USD,,,,,,,,,
FEE-7630935960319_11,7417074883,0,NON_SALE_CHARGE,DEBIT,2026-03-28T04:40:22.437Z,PAYOUT,Insertion Fee,,"[{'referenceId': '358268060229', 'referenceType': 'ITEM_ID'}]",INSERTION_FEE,0.11,USD,,,,,,,,,
FEE-7630934912119_11,7417074883,0,NON_SALE_CHARGE,DEBIT,2026-03-28T04:39:51.446Z,PAYOUT,Insertion Fee,,"[{'referenceId': '358268056964', 'referenceType': 'ITEM_ID'}]",INSERTION_FEE,0.11,USD,,,,,,,,,
FEE-7630933739519_11,7417074883,0,NON_SALE_CHARGE,DEBIT,2026-03-28T04:39:01.219Z,PAYOUT,Insertion Fee,,"[{'referenceId': '358268055742', 'referenceType': 'ITEM_ID'}]",INSERTION_FEE,0.11,USD,,,,,,,,,
FEE-7630929770219_11,7417074883,0,NON_SALE_CHARGE,DEBIT,2026-03-28T04:37:16.687Z,PAYOUT,Insertion Fee,,"[{'referenceId': '358268048802', 'referenceType': 'ITEM_ID'}]",INSERTION_FEE,0.11,USD,,,,,,,,,
FEE-7630926570719_11,7417074883,0,NON_SALE_CHARGE,DEBIT,2026-03-28T04:36:05.304Z,PAYOUT,Insertion Fee,,"[{'referenceId': '358268042066', 'referenceType': 'ITEM_ID'}]",INSERTION_FEE,0.11,USD,,,,,,,,,
FEE-7630924321619_11,7417074883,0,NON_SALE_CHARGE,DEBIT,2026-03-28T04:33:16.356Z,PAYOUT,Insertion Fee,,"[{'referenceId': '358268030790', 'referenceType': 'ITEM_ID'}]",INSERTION_FEE,0.11,USD,,,,,,,,,
FEE-7630921167319_11,7417074883,0,NON_SALE_CHARGE,DEBIT,2026-03-28T04:31:05.504Z,PAYOUT,Insertion Fee,,"[{'referenceId': '358268014835', 'referenceType': 'ITEM_ID'}]",INSERTION_FEE,0.11,USD,,,,,,,,,
FEE-7630920680619_11,7417074883,0,NON_SALE_CHARGE,DEBIT,2026-03-28T04:30:20.024Z,PAYOUT,Insertion Fee,,"[{'referenceId': '358268011504', 'referenceType': 'ITEM_ID'}]",INSERTION_FEE,0.11,USD,,,,,,,,,
FEE-7630919022019_11,7417074883,0,NON_SALE_CHARGE,DEBIT,2026-03-28T04:29:10.013Z,PAYOUT,Insertion Fee,,"[{'referenceId': '358268002645', 'referenceType': 'ITEM_ID'}]",INSERTION_FEE,0.11,USD,,,,,,,,,
FEE-7630918566019_11,7417074883,0,NON_SALE_CHARGE,DEBIT,2026-03-28T04:28:58.835Z,PAYOUT,Insertion Fee,,"[{'referenceId': '358268000651', 'referenceType': 'ITEM_ID'}]",INSERTION_FEE,0.11,USD,,,,,,,,,
FEE-7630916510919_11,7417074883,0,NON_SALE_CHARGE,DEBIT,2026-03-28T04:28:21.677Z,PAYOUT,Insertion Fee,,"[{'referenceId': '358267997373', 'referenceType': 'ITEM_ID'}]",INSERTION_FEE,0.11,USD,,,,,,,,,
FEE-7630915413619_11,7417074883,0,NON_SALE_CHARGE,DEBIT,2026-03-28T04:28:12.726Z,PAYOUT,Insertion Fee,,"[{'referenceId': '358267995940', 'referenceType': 'ITEM_ID'}]",INSERTION_FEE,0.11,USD,,,,,,,,,
FEE-7630914349619_11,7417074883,0,NON_SALE_CHARGE,DEBIT,2026-03-28T04:27:29.469Z,PAYOUT,Insertion Fee,,"[{'referenceId': '358267993974', 'referenceType': 'ITEM_ID'}]",INSERTION_FEE,0.11,USD,,,,,,,,,
FEE-7630909896419_11,7417074883,0,NON_SALE_CHARGE,DEBIT,2026-03-28T04:26:44.886Z,PAYOUT,Insertion Fee,,"[{'referenceId': '358267988060', 'referenceType': 'ITEM_ID'}]",INSERTION_FEE,0.11,USD,,,,,,,,,
FEE-7630908137619_11,7417074883,0,NON_SALE_CHARGE,DEBIT,2026-03-28T04:26:03.027Z,PAYOUT,Insertion Fee,,"[{'referenceId': '358267984962', 'referenceType': 'ITEM_ID'}]",INSERTION_FEE,0.11,USD,,,,,,,,,
FEE-7630907645719_11,7417074883,0,NON_SALE_CHARGE,DEBIT,2026-03-28T04:26:01.999Z,PAYOUT,Insertion Fee,,"[{'referenceId': '358267983206', 'referenceType': 'ITEM_ID'}]",INSERTION_FEE,0.11,USD,,,,,,,,,
FEE-7630906287619_11,7417074883,0,NON_SALE_CHARGE,DEBIT,2026-03-28T04:24:56.030Z,PAYOUT,Insertion Fee,,"[{'referenceId': '358267980909', 'referenceType': 'ITEM_ID'}]",INSERTION_FEE,0.11,USD,,,,,,,,,
FEE-7630906062119_11,7417074883,0,NON_SALE_CHARGE,DEBIT,2026-03-28T04:24:48.255Z,PAYOUT,Insertion Fee,,"[{'referenceId': '358267980281', 'referenceType': 'ITEM_ID'}]",INSERTION_FEE,0.11,USD,,,,,,,,,
FEE-7630905086719_11,7417074883,0,NON_SALE_CHARGE,DEBIT,2026-03-28T04:23:17.886Z,PAYOUT,Insertion Fee,,"[{'referenceId': '358267977288', 'referenceType': 'ITEM_ID'}]",INSERTION_FEE,0.11,USD,,,,,,,,,
FEE-7630903009819_11,7417074883,0,NON_SALE_CHARGE,DEBIT,2026-03-28T04:21:43.560Z,PAYOUT,Insertion Fee,,"[{'referenceId': '358267968179', 'referenceType': 'ITEM_ID'}]",INSERTION_FEE,0.11,USD,,,,,,,,,
FEE-7630900205319_11,7417074883,0,NON_SALE_CHARGE,DEBIT,2026-03-28T04:19:04.412Z,PAYOUT,Insertion Fee,,"[{'referenceId': '358267959459', 'referenceType': 'ITEM_ID'}]",INSERTION_FEE,0.11,USD,,,,,,,,,
FEE-7630899710719_11,7417074883,0,NON_SALE_CHARGE,DEBIT,2026-03-28T04:18:12.761Z,PAYOUT,Insertion Fee,,"[{'referenceId': '358267958276', 'referenceType': 'ITEM_ID'}]",INSERTION_FEE,0.11,USD,,,,,,,,,
FEE-7630898931119_11,7417074883,0,NON_SALE_CHARGE,DEBIT,2026-03-28T04:17:22.371Z,PAYOUT,Insertion Fee,,"[{'referenceId': '358267954870', 'referenceType': 'ITEM_ID'}]",INSERTION_FEE,0.11,USD,,,,,,,,,
FEE-7630897868219_11,7417074883,0,NON_SALE_CHARGE,DEBIT,2026-03-28T04:16:06.841Z,PAYOUT,Insertion Fee,,"[{'referenceId': '358267952671', 'referenceType': 'ITEM_ID'}]",INSERTION_FEE,0.11,USD,,,,,,,,,
FEE-7630896779619_11,7417074883,0,NON_SALE_CHARGE,DEBIT,2026-03-28T04:15:19.029Z,PAYOUT,Insertion Fee,,"[{'referenceId': '358267948620', 'referenceType': 'ITEM_ID'}]",INSERTION_FEE,0.11,USD,,,,,,,,,
FEE-7630896263119_11,7417074883,0,NON_SALE_CHARGE,DEBIT,2026-03-28T04:15:18.583Z,PAYOUT,Insertion Fee,,"[{'referenceId': '358267946873', 'referenceType': 'ITEM_ID'}]",INSERTION_FEE,0.11,USD,,,,,,,,,
FEE-7630894256919_11,7417074883,0,NON_SALE_CHARGE,DEBIT,2026-03-28T04:13:12.036Z,PAYOUT,Insertion Fee,,"[{'referenceId': '358267938310', 'referenceType': 'ITEM_ID'}]",INSERTION_FEE,0.11,USD,,,,,,,,,
FEE-7630893591119_11,7417074883,0,NON_SALE_CHARGE,DEBIT,2026-03-28T04:12:26.514Z,PAYOUT,Insertion Fee,,"[{'referenceId': '358267935627', 'referenceType': 'ITEM_ID'}]",INSERTION_FEE,0.11,USD,,,,,,,,,
FEE-7630890877319_11,7417074883,0,NON_SALE_CHARGE,DEBIT,2026-03-28T04:11:05.049Z,PAYOUT,Insertion Fee,,"[{'referenceId': '358267930398', 'referenceType': 'ITEM_ID'}]",INSERTION_FEE,0.11,USD,,,,,,,,,
FEE-7630889321319_11,7417074883,0,NON_SALE_CHARGE,DEBIT,2026-03-28T04:11:02.863Z,PAYOUT,Insertion Fee,,"[{'referenceId': '358267928994', 'referenceType': 'ITEM_ID'}]",INSERTION_FEE,0.11,USD,,,,,,,,,
FEE-7630888202119_11,7417074883,0,NON_SALE_CHARGE,DEBIT,2026-03-28T04:10:22.413Z,PAYOUT,Insertion Fee,,"[{'referenceId': '358267927947', 'referenceType': 'ITEM_ID'}]",INSERTION_FEE,0.11,USD,,,,,,,,,
FEE-7630883976719_11,7417074883,0,NON_SALE_CHARGE,DEBIT,2026-03-28T04:08:25.102Z,PAYOUT,Insertion Fee,,"[{'referenceId': '358267921700', 'referenceType': 'ITEM_ID'}]",INSERTION_FEE,0.11,USD,,,,,,,,,
FEE-7630882694819_11,7417074883,0,NON_SALE_CHARGE,DEBIT,2026-03-28T04:07:28.929Z,PAYOUT,Insertion Fee,,"[{'referenceId': '358267919172', 'referenceType': 'ITEM_ID'}]",INSERTION_FEE,0.11,USD,,,,,,,,,
FEE-7630882613019_11,7417074883,0,NON_SALE_CHARGE,DEBIT,2026-03-28T04:07:22.576Z,PAYOUT,Insertion Fee,,"[{'referenceId': '358267917942', 'referenceType': 'ITEM_ID'}]",INSERTION_FEE,0.11,USD,,,,,,,,,
FEE-7630882513519_11,7417074883,0,NON_SALE_CHARGE,DEBIT,2026-03-28T04:07:16.230Z,PAYOUT,Insertion Fee,,"[{'referenceId': '358267917065', 'referenceType': 'ITEM_ID'}]",INSERTION_FEE,0.11,USD,,,,,,,,,
FEE-7630879299419_11,7417074883,0,NON_SALE_CHARGE,DEBIT,2026-03-28T04:04:03.855Z,PAYOUT,Insertion Fee,,"[{'referenceId': '358267909306', 'referenceType': 'ITEM_ID'}]",INSERTION_FEE,0.11,USD,,,,,,,,,
FEE-7630876788019_11,7417074883,0,NON_SALE_CHARGE,DEBIT,2026-03-28T04:02:42.886Z,PAYOUT,Insertion Fee,,"[{'referenceId': '358267903251', 'referenceType': 'ITEM_ID'}]",INSERTION_FEE,0.11,USD,,,,,,,,,
FEE-7630876872219_11,7417074883,0,NON_SALE_CHARGE,DEBIT,2026-03-28T04:02:32.822Z,PAYOUT,Insertion Fee,,"[{'referenceId': '358267904205', 'referenceType': 'ITEM_ID'}]",INSERTION_FEE,0.11,USD,,,,,,,,,
FEE-7630872862319_11,7417074883,0,NON_SALE_CHARGE,DEBIT,2026-03-28T03:59:44.408Z,PAYOUT,Insertion Fee,,"[{'referenceId': '358267899684', 'referenceType': 'ITEM_ID'}]",INSERTION_FEE,0.11,USD,,,,,,,,,
FEE-7630871471519_11,7417074883,0,NON_SALE_CHARGE,DEBIT,2026-03-28T03:58:16.660Z,PAYOUT,Insertion Fee,,"[{'referenceId': '358267896611', 'referenceType': 'ITEM_ID'}]",INSERTION_FEE,0.11,USD,,,,,,,,,
FEE-7630869364519_11,7417074883,0,NON_SALE_CHARGE,DEBIT,2026-03-28T03:56:52.209Z,PAYOUT,Insertion Fee,,"[{'referenceId': '358267893119', 'referenceType': 'ITEM_ID'}]",INSERTION_FEE,0.11,USD,,,,,,,,,
FEE-7630868527119_11,7417074883,0,NON_SALE_CHARGE,DEBIT,2026-03-28T03:56:43.461Z,PAYOUT,Insertion Fee,,"[{'referenceId': '358267892070', 'referenceType': 'ITEM_ID'}]",INSERTION_FEE,0.11,USD,,,,,,,,,
FEE-7630868267919_11,7417074883,0,NON_SALE_CHARGE,DEBIT,2026-03-28T03:56:02.395Z,PAYOUT,Insertion Fee,,"[{'referenceId': '358267891149', 'referenceType': 'ITEM_ID'}]",INSERTION_FEE,0.11,USD,,,,,,,,,
FEE-7630867349919_11,7417074883,0,NON_SALE_CHARGE,DEBIT,2026-03-28T03:56:02.393Z,PAYOUT,Insertion Fee,,"[{'referenceId': '358267890501', 'referenceType': 'ITEM_ID'}]",INSERTION_FEE,0.11,USD,,,,,,,,,
FEE-7630866616919_11,7417074883,0,NON_SALE_CHARGE,DEBIT,2026-03-28T03:55:17.210Z,PAYOUT,Insertion Fee,,"[{'referenceId': '358267889829', 'referenceType': 'ITEM_ID'}]",INSERTION_FEE,0.11,USD,,,,,,,,,
FEE-7630863433019_11,7417074883,0,NON_SALE_CHARGE,DEBIT,2026-03-28T03:53:09.504Z,PAYOUT,Insertion Fee,,"[{'referenceId': '358267884448', 'referenceType': 'ITEM_ID'}]",INSERTION_FEE,0.11,USD,,,,,,,,,
FEE-7630862877119_11,7417074883,0,NON_SALE_CHARGE,DEBIT,2026-03-28T03:52:27.286Z,PAYOUT,Insertion Fee,,"[{'referenceId': '358267883701', 'referenceType': 'ITEM_ID'}]",INSERTION_FEE,0.11,USD,,,,,,,,,
FEE-7630862615319_11,7417074883,0,NON_SALE_CHARGE,DEBIT,2026-03-28T03:52:17.451Z,PAYOUT,Insertion Fee,,"[{'referenceId': '358267882629', 'referenceType': 'ITEM_ID'}]",INSERTION_FEE,0.11,USD,,,,,,,,,
FEE-7630861846519_11,7417074883,0,NON_SALE_CHARGE,DEBIT,2026-03-28T03:51:58.834Z,PAYOUT,Insertion Fee,,"[{'referenceId': '358267881111', 'referenceType': 'ITEM_ID'}]",INSERTION_FEE,0.11,USD,,,,,,,,,
FEE-7630857551819_11,7417074883,0,NON_SALE_CHARGE,DEBIT,2026-03-28T03:48:13.505Z,PAYOUT,Insertion Fee,,"[{'referenceId': '358267870965', 'referenceType': 'ITEM_ID'}]",INSERTION_FEE,0.11,USD,,,,,,,,,
FEE-7630857178419_11,7417074883,0,NON_SALE_CHARGE,DEBIT,2026-03-28T03:48:11.603Z,PAYOUT,Insertion Fee,,"[{'referenceId': '358267870317', 'referenceType': 'ITEM_ID'}]",INSERTION_FEE,0.11,USD,,,,,,,,,
FEE-7630853514319_11,7417074883,0,NON_SALE_CHARGE,DEBIT,2026-03-28T03:44:50.372Z,PAYOUT,Insertion Fee,,"[{'referenceId': '358267867577', 'referenceType': 'ITEM_ID'}]",INSERTION_FEE,0.11,USD,,,,,,,,,
FEE-7630853027119_11,7417074883,0,NON_SALE_CHARGE,DEBIT,2026-03-28T03:44:45.042Z,PAYOUT,Insertion Fee,,"[{'referenceId': '358267867288', 'referenceType': 'ITEM_ID'}]",INSERTION_FEE,0.11,USD,,,,,,,,,
FEE-7630846371219_11,7417074883,0,NON_SALE_CHARGE,DEBIT,2026-03-28T03:42:16.855Z,PAYOUT,Insertion Fee,,"[{'referenceId': '358267863882', 'referenceType': 'ITEM_ID'}]",INSERTION_FEE,0.11,USD,,,,,,,,,
FEE-7630844741819_11,7417074883,0,NON_SALE_CHARGE,DEBIT,2026-03-28T03:41:44.174Z,PAYOUT,Insertion Fee,,"[{'referenceId': '358267863302', 'referenceType': 'ITEM_ID'}]",INSERTION_FEE,0.11,USD,,,,,,,,,
FEE-7630841404719_11,7417074883,0,NON_SALE_CHARGE,DEBIT,2026-03-28T03:39:49.232Z,PAYOUT,Insertion Fee,,"[{'referenceId': '358267860738', 'referenceType': 'ITEM_ID'}]",INSERTION_FEE,0.11,USD,,,,,,,,,
FEE-7630841465619_11,7417074883,0,NON_SALE_CHARGE,DEBIT,2026-03-28T03:39:49.217Z,PAYOUT,Insertion Fee,,"[{'referenceId': '358267861186', 'referenceType': 'ITEM_ID'}]",INSERTION_FEE,0.11,USD,,,,,,,,,
FEE-7630840779419_11,7417074883,0,NON_SALE_CHARGE,DEBIT,2026-03-28T03:39:00.592Z,PAYOUT,Insertion Fee,,"[{'referenceId': '358267859962', 'referenceType': 'ITEM_ID'}]",INSERTION_FEE,0.11,USD,,,,,,,,,
FEE-7630839938019_11,7417074883,0,NON_SALE_CHARGE,DEBIT,2026-03-28T03:38:47.950Z,PAYOUT,Insertion Fee,,"[{'referenceId': '358267859370', 'referenceType': 'ITEM_ID'}]",INSERTION_FEE,0.11,USD,,,,,,,,,
FEE-7630838432219_11,7417074883,0,NON_SALE_CHARGE,DEBIT,2026-03-28T03:38:06.986Z,PAYOUT,Insertion Fee,,"[{'referenceId': '358267857768', 'referenceType': 'ITEM_ID'}]",INSERTION_FEE,0.11,USD,,,,,,,,,
FEE-7630831863619_11,7417074883,0,NON_SALE_CHARGE,DEBIT,2026-03-28T03:33:46.485Z,PAYOUT,Insertion Fee,,"[{'referenceId': '358267849250', 'referenceType': 'ITEM_ID'}]",INSERTION_FEE,0.11,USD,,,,,,,,,
FEE-7630830934119_11,7417074883,0,NON_SALE_CHARGE,DEBIT,2026-03-28T03:33:43.613Z,PAYOUT,Insertion Fee,,"[{'referenceId': '358267848433', 'referenceType': 'ITEM_ID'}]",INSERTION_FEE,0.11,USD,,,,,,,,,
FEE-7630830552219_11,7417074883,0,NON_SALE_CHARGE,DEBIT,2026-03-28T03:33:16.743Z,PAYOUT,Insertion Fee,,"[{'referenceId': '358267847238', 'referenceType': 'ITEM_ID'}]",INSERTION_FEE,0.11,USD,,,,,,,,,
FEE-7630829948319_11,7417074883,0,NON_SALE_CHARGE,DEBIT,2026-03-28T03:33:06.538Z,PAYOUT,Insertion Fee,,"[{'referenceId': '358267845988', 'referenceType': 'ITEM_ID'}]",INSERTION_FEE,0.11,USD,,,,,,,,,
FEE-7630829554319_11,7417074883,0,NON_SALE_CHARGE,DEBIT,2026-03-28T03:32:28.600Z,PAYOUT,Insertion Fee,,"[{'referenceId': '358267844845', 'referenceType': 'ITEM_ID'}]",INSERTION_FEE,0.11,USD,,,,,,,,,
FEE-7630828642819_11,7417074883,0,NON_SALE_CHARGE,DEBIT,2026-03-28T03:31:57.799Z,PAYOUT,Insertion Fee,,"[{'referenceId': '358267843074', 'referenceType': 'ITEM_ID'}]",INSERTION_FEE,0.11,USD,,,,,,,,,
FEE-7630827648319_11,7417074883,0,NON_SALE_CHARGE,DEBIT,2026-03-28T03:31:39.232Z,PAYOUT,Insertion Fee,,"[{'referenceId': '358267841289', 'referenceType': 'ITEM_ID'}]",INSERTION_FEE,0.11,USD,,,,,,,,,
FEE-7630826737019_11,7417074883,0,NON_SALE_CHARGE,DEBIT,2026-03-28T03:30:55.054Z,PAYOUT,Insertion Fee,,"[{'referenceId': '358267838142', 'referenceType': 'ITEM_ID'}]",INSERTION_FEE,0.11,USD,,,,,,,,,
FEE-7630825858419_11,7417074883,0,NON_SALE_CHARGE,DEBIT,2026-03-28T03:30:52.397Z,PAYOUT,Insertion Fee,,"[{'referenceId': '358267835092', 'referenceType': 'ITEM_ID'}]",INSERTION_FEE,0.11,USD,,,,,,,,,
FEE-7630826249019_11,7417074883,0,NON_SALE_CHARGE,DEBIT,2026-03-28T03:30:51.880Z,PAYOUT,Insertion Fee,,"[{'referenceId': '358267836271', 'referenceType': 'ITEM_ID'}]",INSERTION_FEE,0.11,USD,,,,,,,,,
FEE-7630824295019_11,7417074883,0,NON_SALE_CHARGE,DEBIT,2026-03-28T03:29:49.363Z,PAYOUT,Insertion Fee,,"[{'referenceId': '358267833887', 'referenceType': 'ITEM_ID'}]",INSERTION_FEE,0.11,USD,,,,,,,,,
FEE-7630823250719_11,7417074883,0,NON_SALE_CHARGE,DEBIT,2026-03-28T03:29:43.712Z,PAYOUT,Insertion Fee,,"[{'referenceId': '358267831118', 'referenceType': 'ITEM_ID'}]",INSERTION_FEE,0.11,USD,,,,,,,,,
FEE-7630822642119_11,7417074883,0,NON_SALE_CHARGE,DEBIT,2026-03-28T03:29:40.788Z,PAYOUT,Insertion Fee,,"[{'referenceId': '358267832980', 'referenceType': 'ITEM_ID'}]",INSERTION_FEE,0.11,USD,,,,,,,,,
FEE-7630821945319_11,7417074883,0,NON_SALE_CHARGE,DEBIT,2026-03-28T03:29:03.831Z,PAYOUT,Insertion Fee,,"[{'referenceId': '358267829100', 'referenceType': 'ITEM_ID'}]",INSERTION_FEE,0.11,USD,,,,,,,,,
FEE-7630820060619_11,7417074883,0,NON_SALE_CHARGE,DEBIT,2026-03-28T03:28:15.450Z,PAYOUT,Insertion Fee,,"[{'referenceId': '358267828098', 'referenceType': 'ITEM_ID'}]",INSERTION_FEE,0.11,USD,,,,,,,,,
FEE-7630815241719_11,7417074883,0,NON_SALE_CHARGE,DEBIT,2026-03-28T03:27:20.001Z,PAYOUT,Insertion Fee,,"[{'referenceId': '358267825930', 'referenceType': 'ITEM_ID'}]",INSERTION_FEE,0.11,USD,,,,,,,,,
FEE-7630814509619_11,7417074883,0,NON_SALE_CHARGE,DEBIT,2026-03-28T03:26:58.266Z,PAYOUT,Insertion Fee,,"[{'referenceId': '358267825073', 'referenceType': 'ITEM_ID'}]",INSERTION_FEE,0.11,USD,,,,,,,,,
FEE-7630814229519_11,7417074883,0,NON_SALE_CHARGE,DEBIT,2026-03-28T03:26:43.552Z,PAYOUT,Insertion Fee,,"[{'referenceId': '358267824520', 'referenceType': 'ITEM_ID'}]",INSERTION_FEE,0.11,USD,,,,,,,,,
FEE-7630813921119_11,7417074883,0,NON_SALE_CHARGE,DEBIT,2026-03-28T03:26:42.479Z,PAYOUT,Insertion Fee,,"[{'referenceId': '358267823812', 'referenceType': 'ITEM_ID'}]",INSERTION_FEE,0.11,USD,,,,,,,,,
FEE-7630812641819_11,7417074883,0,NON_SALE_CHARGE,DEBIT,2026-03-28T03:26:33.497Z,PAYOUT,Insertion Fee,,"[{'referenceId': '358267822768', 'referenceType': 'ITEM_ID'}]",INSERTION_FEE,0.11,USD,,,,,,,,,
FEE-7630811754019_11,7417074883,0,NON_SALE_CHARGE,DEBIT,2026-03-28T03:25:54.420Z,PAYOUT,Insertion Fee,,"[{'referenceId': '358267821791', 'referenceType': 'ITEM_ID'}]",INSERTION_FEE,0.11,USD,,,,,,,,,
FEE-7630811231219_11,7417074883,0,NON_SALE_CHARGE,DEBIT,2026-03-28T03:25:50.232Z,PAYOUT,Insertion Fee,,"[{'referenceId': '358267821369', 'referenceType': 'ITEM_ID'}]",INSERTION_FEE,0.11,USD,,,,,,,,,
FEE-7630810526119_11,7417074883,0,NON_SALE_CHARGE,DEBIT,2026-03-28T03:24:48.423Z,PAYOUT,Insertion Fee,,"[{'referenceId': '358267820195', 'referenceType': 'ITEM_ID'}]",INSERTION_FEE,0.11,USD,,,,,,,,,
FEE-7630810790419_11,7417074883,0,NON_SALE_CHARGE,DEBIT,2026-03-28T03:24:48.336Z,PAYOUT,Insertion Fee,,"[{'referenceId': '358267820682', 'referenceType': 'ITEM_ID'}]",INSERTION_FEE,0.11,USD,,,,,,,,,
FEE-7630804977319_11,7417074883,0,NON_SALE_CHARGE,DEBIT,2026-03-28T03:21:43.003Z,PAYOUT,Insertion Fee,,"[{'referenceId': '358267814931', 'referenceType': 'ITEM_ID'}]",INSERTION_FEE,0.11,USD,,,,,,,,,
FEE-7630798479719_11,7417074883,0,NON_SALE_CHARGE,DEBIT,2026-03-28T03:19:38.388Z,PAYOUT,Insertion Fee,,"[{'referenceId': '358267810472', 'referenceType': 'ITEM_ID'}]",INSERTION_FEE,0.11,USD,,,,,,,,,
FEE-7630797354619_11,7417074883,0,NON_SALE_CHARGE,DEBIT,2026-03-28T03:18:38.886Z,PAYOUT,Insertion Fee,,"[{'referenceId': '358267809472', 'referenceType': 'ITEM_ID'}]",INSERTION_FEE,0.11,USD,,,,,,,,,
FEE-7630796537119_11,7417074883,0,NON_SALE_CHARGE,DEBIT,2026-03-28T03:18:04.837Z,PAYOUT,Insertion Fee,,"[{'referenceId': '358267808532', 'referenceType': 'ITEM_ID'}]",INSERTION_FEE,0.11,USD,,,,,,,,,
FEE-7630796117819_11,7417074883,0,NON_SALE_CHARGE,DEBIT,2026-03-28T03:17:30.757Z,PAYOUT,Insertion Fee,,"[{'referenceId': '358267806279', 'referenceType': 'ITEM_ID'}]",INSERTION_FEE,0.11,USD,,,,,,,,,
FEE-7630795465119_11,7417074883,0,NON_SALE_CHARGE,DEBIT,2026-03-28T03:16:54.019Z,PAYOUT,Insertion Fee,,"[{'referenceId': '358267804090', 'referenceType': 'ITEM_ID'}]",INSERTION_FEE,0.11,USD,,,,,,,,,
FEE-7630795573919_11,7417074883,0,NON_SALE_CHARGE,DEBIT,2026-03-28T03:16:54.014Z,PAYOUT,Insertion Fee,,"[{'referenceId': '358267804690', 'referenceType': 'ITEM_ID'}]",INSERTION_FEE,0.11,USD,,,,,,,,,
FEE-7630795284019_11,7417074883,0,NON_SALE_CHARGE,DEBIT,2026-03-28T03:16:42.756Z,PAYOUT,Insertion Fee,,"[{'referenceId': '358267802885', 'referenceType': 'ITEM_ID'}]",INSERTION_FEE,0.11,USD,,,,,,,,,
FEE-7630794040519_11,7417074883,0,NON_SALE_CHARGE,DEBIT,2026-03-28T03:16:29.494Z,PAYOUT,Insertion Fee,,"[{'referenceId': '358267801044', 'referenceType': 'ITEM_ID'}]",INSERTION_FEE,0.11,USD,,,,,,,,,
FEE-7630793877319_11,7417074883,0,NON_SALE_CHARGE,DEBIT,2026-03-28T03:15:56.140Z,PAYOUT,Insertion Fee,,"[{'referenceId': '358267800090', 'referenceType': 'ITEM_ID'}]",INSERTION_FEE,0.11,USD,,,,,,,,,
FEE-7630793514419_11,7417074883,0,NON_SALE_CHARGE,DEBIT,2026-03-28T03:15:48.090Z,PAYOUT,Insertion Fee,,"[{'referenceId': '358267799392', 'referenceType': 'ITEM_ID'}]",INSERTION_FEE,0.11,USD,,,,,,,,,
FEE-7630792917819_11,7417074883,0,NON_SALE_CHARGE,DEBIT,2026-03-28T03:14:50.376Z,PAYOUT,Insertion Fee,,"[{'referenceId': '358267798881', 'referenceType': 'ITEM_ID'}]",INSERTION_FEE,0.11,USD,,,,,,,,,
FEE-7630792771419_11,7417074883,0,NON_SALE_CHARGE,DEBIT,2026-03-28T03:14:49.957Z,PAYOUT,Insertion Fee,,"[{'referenceId': '358267798651', 'referenceType': 'ITEM_ID'}]",INSERTION_FEE,0.11,USD,,,,,,,,,
FEE-7630792145919_11,7417074883,0,NON_SALE_CHARGE,DEBIT,2026-03-28T03:14:41.522Z,PAYOUT,Insertion Fee,,"[{'referenceId': '358267797351', 'referenceType': 'ITEM_ID'}]",INSERTION_FEE,0.11,USD,,,,,,,,,
FEE-7630792111419_11,7417074883,0,NON_SALE_CHARGE,DEBIT,2026-03-28T03:13:52.463Z,PAYOUT,Insertion Fee,,"[{'referenceId': '358267798250', 'referenceType': 'ITEM_ID'}]",INSERTION_FEE,0.11,USD,,,,,,,,,
FEE-7630791924619_11,7417074883,0,NON_SALE_CHARGE,DEBIT,2026-03-28T03:13:38.344Z,PAYOUT,Insertion Fee,,"[{'referenceId': '358267797660', 'referenceType': 'ITEM_ID'}]",INSERTION_FEE,0.11,USD,,,,,,,,,
FEE-7630791097519_11,7417074883,0,NON_SALE_CHARGE,DEBIT,2026-03-28T03:13:16.927Z,PAYOUT,Insertion Fee,,"[{'referenceId': '358267797025', 'referenceType': 'ITEM_ID'}]",INSERTION_FEE,0.11,USD,,,,,,,,,
FEE-7630790320419_11,7417074883,0,NON_SALE_CHARGE,DEBIT,2026-03-28T03:13:06.630Z,PAYOUT,Insertion Fee,,"[{'referenceId': '358267796766', 'referenceType': 'ITEM_ID'}]",INSERTION_FEE,0.11,USD,,,,,,,,,
FEE-7630789543419_11,7417074883,0,NON_SALE_CHARGE,DEBIT,2026-03-28T03:12:29.156Z,PAYOUT,Insertion Fee,,"[{'referenceId': '358267796588', 'referenceType': 'ITEM_ID'}]",INSERTION_FEE,0.11,USD,,,,,,,,,
FEE-7630789188819_11,7417074883,0,NON_SALE_CHARGE,DEBIT,2026-03-28T03:12:18.816Z,PAYOUT,Insertion Fee,,"[{'referenceId': '358267796260', 'referenceType': 'ITEM_ID'}]",INSERTION_FEE,0.11,USD,,,,,,,,,
FEE-7630788241519_11,7417074883,0,NON_SALE_CHARGE,DEBIT,2026-03-28T03:11:52.820Z,PAYOUT,Insertion Fee,,"[{'referenceId': '358267795821', 'referenceType': 'ITEM_ID'}]",INSERTION_FEE,0.11,USD,,,,,,,,,
FEE-7630787383919_11,7417074883,0,NON_SALE_CHARGE,DEBIT,2026-03-28T03:11:42.489Z,PAYOUT,Insertion Fee,,"[{'referenceId': '358267795414', 'referenceType': 'ITEM_ID'}]",INSERTION_FEE,0.11,USD,,,,,,,,,
FEE-7630782517919_11,7417074883,0,NON_SALE_CHARGE,DEBIT,2026-03-28T03:09:53.110Z,PAYOUT,Insertion Fee,,"[{'referenceId': '358267794282', 'referenceType': 'ITEM_ID'}]",INSERTION_FEE,0.11,USD,,,,,,,,,
FEE-7630780034419_11,7417074883,0,NON_SALE_CHARGE,DEBIT,2026-03-28T03:08:39.481Z,PAYOUT,Insertion Fee,,"[{'referenceId': '358267793400', 'referenceType': 'ITEM_ID'}]",INSERTION_FEE,0.11,USD,,,,,,,,,
FEE-7630775781819_11,7417074883,0,NON_SALE_CHARGE,DEBIT,2026-03-28T03:07:17.691Z,PAYOUT,Insertion Fee,,"[{'referenceId': '358267790250', 'referenceType': 'ITEM_ID'}]",INSERTION_FEE,0.11,USD,,,,,,,,,
FEE-7630775799719_11,7417074883,0,NON_SALE_CHARGE,DEBIT,2026-03-28T03:07:17.229Z,PAYOUT,Insertion Fee,,"[{'referenceId': '358267788754', 'referenceType': 'ITEM_ID'}]",INSERTION_FEE,0.11,USD,,,,,,,,,
FEE-7630775448219_11,7417074883,0,NON_SALE_CHARGE,DEBIT,2026-03-28T03:07:14.870Z,PAYOUT,Insertion Fee,,"[{'referenceId': '358267786585', 'referenceType': 'ITEM_ID'}]",INSERTION_FEE,0.11,USD,,,,,,,,,
FEE-7630773653119_11,7417074883,0,NON_SALE_CHARGE,DEBIT,2026-03-28T03:06:53.368Z,PAYOUT,Insertion Fee,,"[{'referenceId': '358267783705', 'referenceType': 'ITEM_ID'}]",INSERTION_FEE,0.11,USD,,,,,,,,,
FEE-7630773271819_11,7417074883,0,NON_SALE_CHARGE,DEBIT,2026-03-28T03:06:44.588Z,PAYOUT,Insertion Fee,,"[{'referenceId': '358267782142', 'referenceType': 'ITEM_ID'}]",INSERTION_FEE,0.11,USD,,,,,,,,,
FEE-7630773070319_11,7417074883,0,NON_SALE_CHARGE,DEBIT,2026-03-28T03:06:42.062Z,PAYOUT,Insertion Fee,,"[{'referenceId': '358267784311', 'referenceType': 'ITEM_ID'}]",INSERTION_FEE,0.11,USD,,,,,,,,,
FEE-7630770764219_11,7417074883,0,NON_SALE_CHARGE,DEBIT,2026-03-28T03:05:54.053Z,PAYOUT,Insertion Fee,,"[{'referenceId': '358267781211', 'referenceType': 'ITEM_ID'}]",INSERTION_FEE,0.11,USD,,,,,,,,,
FEE-7630769429219_11,7417074883,0,NON_SALE_CHARGE,DEBIT,2026-03-28T03:05:47.170Z,PAYOUT,Insertion Fee,,"[{'referenceId': '358267779311', 'referenceType': 'ITEM_ID'}]",INSERTION_FEE,0.11,USD,,,,,,,,,
FEE-7630768716719_11,7417074883,0,NON_SALE_CHARGE,DEBIT,2026-03-28T03:04:52.514Z,PAYOUT,Insertion Fee,,"[{'referenceId': '358267776807', 'referenceType': 'ITEM_ID'}]",INSERTION_FEE,0.11,USD,,,,,,,,,
FEE-7630768866519_11,7417074883,0,NON_SALE_CHARGE,DEBIT,2026-03-28T03:04:48.324Z,PAYOUT,Insertion Fee,,"[{'referenceId': '358267777738', 'referenceType': 'ITEM_ID'}]",INSERTION_FEE,0.11,USD,,,,,,,,,
FEE-7630765241019_11,7417074883,0,NON_SALE_CHARGE,DEBIT,2026-03-28T03:03:24.919Z,PAYOUT,Insertion Fee,,"[{'referenceId': '358267774497', 'referenceType': 'ITEM_ID'}]",INSERTION_FEE,0.11,USD,,,,,,,,,
FEE-7630764485219_11,7417074883,0,NON_SALE_CHARGE,DEBIT,2026-03-28T03:03:09.073Z,PAYOUT,Insertion Fee,,"[{'referenceId': '358267772933', 'referenceType': 'ITEM_ID'}]",INSERTION_FEE,0.11,USD,,,,,,,,,
FEE-7630761838619_11,7417074883,0,NON_SALE_CHARGE,DEBIT,2026-03-28T03:02:15.590Z,PAYOUT,Insertion Fee,,"[{'referenceId': '358267770202', 'referenceType': 'ITEM_ID'}]",INSERTION_FEE,0.11,USD,,,,,,,,,
FEE-7630760941819_11,7417074883,0,NON_SALE_CHARGE,DEBIT,2026-03-28T03:01:46.460Z,PAYOUT,Insertion Fee,,"[{'referenceId': '358267768552', 'referenceType': 'ITEM_ID'}]",INSERTION_FEE,0.11,USD,,,,,,,,,
FEE-7630760472719_11,7417074883,0,NON_SALE_CHARGE,DEBIT,2026-03-28T03:01:40.820Z,PAYOUT,Insertion Fee,,"[{'referenceId': '358267768049', 'referenceType': 'ITEM_ID'}]",INSERTION_FEE,0.11,USD,,,,,,,,,
FEE-7630760182419_11,7417074883,0,NON_SALE_CHARGE,DEBIT,2026-03-28T03:01:24.389Z,PAYOUT,Insertion Fee,,"[{'referenceId': '358267766173', 'referenceType': 'ITEM_ID'}]",INSERTION_FEE,0.11,USD,,,,,,,,,
FEE-7630760167119_11,7417074883,0,NON_SALE_CHARGE,DEBIT,2026-03-28T03:00:52.118Z,PAYOUT,Insertion Fee,,"[{'referenceId': '358267766845', 'referenceType': 'ITEM_ID'}]",INSERTION_FEE,0.11,USD,,,,,,,,,
FEE-7630760043219_11,7417074883,0,NON_SALE_CHARGE,DEBIT,2026-03-28T03:00:48.509Z,PAYOUT,Insertion Fee,,"[{'referenceId': '358267765226', 'referenceType': 'ITEM_ID'}]",INSERTION_FEE,0.11,USD,,,,,,,,,
FEE-7630752721319_11,7417074883,0,NON_SALE_CHARGE,DEBIT,2026-03-28T02:56:43.984Z,PAYOUT,Insertion Fee,,"[{'referenceId': '358267758132', 'referenceType': 'ITEM_ID'}]",INSERTION_FEE,0.11,USD,,,,,,,,,
FEE-7630749549019_11,7417074883,0,NON_SALE_CHARGE,DEBIT,2026-03-28T02:55:51.698Z,PAYOUT,Insertion Fee,,"[{'referenceId': '358267756280', 'referenceType': 'ITEM_ID'}]",INSERTION_FEE,0.11,USD,,,,,,,,,
FEE-7630747263619_11,7417074883,0,NON_SALE_CHARGE,DEBIT,2026-03-28T02:54:49.440Z,PAYOUT,Insertion Fee,,"[{'referenceId': '358267755671', 'referenceType': 'ITEM_ID'}]",INSERTION_FEE,0.11,USD,,,,,,,,,
FEE-7630746642519_11,7417074883,0,NON_SALE_CHARGE,DEBIT,2026-03-28T02:54:35.624Z,PAYOUT,Insertion Fee,,"[{'referenceId': '358267754885', 'referenceType': 'ITEM_ID'}]",INSERTION_FEE,0.11,USD,,,,,,,,,
FEE-7630745604319_11,7417074883,0,NON_SALE_CHARGE,DEBIT,2026-03-28T02:53:05.113Z,PAYOUT,Insertion Fee,,"[{'referenceId': '358267754370', 'referenceType': 'ITEM_ID'}]",INSERTION_FEE,0.11,USD,,,,,,,,,
FEE-7630745064819_11,7417074883,0,NON_SALE_CHARGE,DEBIT,2026-03-28T02:53:02.789Z,PAYOUT,Insertion Fee,,"[{'referenceId': '358267753507', 'referenceType': 'ITEM_ID'}]",INSERTION_FEE,0.11,USD,,,,,,,,,
FEE-7630743586019_11,7417074883,0,NON_SALE_CHARGE,DEBIT,2026-03-28T02:51:51.677Z,PAYOUT,Insertion Fee,,"[{'referenceId': '358267750739', 'referenceType': 'ITEM_ID'}]",INSERTION_FEE,0.11,USD,,,,,,,,,
FEE-7630741451319_11,7417074883,0,NON_SALE_CHARGE,DEBIT,2026-03-28T02:50:46.232Z,PAYOUT,Insertion Fee,,"[{'referenceId': '358267741984', 'referenceType': 'ITEM_ID'}]",INSERTION_FEE,0.11,USD,,,,,,,,,
FEE-7630740818519_11,7417074883,0,NON_SALE_CHARGE,DEBIT,2026-03-28T02:49:47.680Z,PAYOUT,Insertion Fee,,"[{'referenceId': '358267740659', 'referenceType': 'ITEM_ID'}]",INSERTION_FEE,0.11,USD,,,,,,,,,
FEE-7630740357919_11,7417074883,0,NON_SALE_CHARGE,DEBIT,2026-03-28T02:48:45.664Z,PAYOUT,Insertion Fee,,"[{'referenceId': '358267739546', 'referenceType': 'ITEM_ID'}]",INSERTION_FEE,0.11,USD,,,,,,,,,
FEE-7630737876219_11,7417074883,0,NON_SALE_CHARGE,DEBIT,2026-03-28T02:47:29.457Z,PAYOUT,Insertion Fee,,"[{'referenceId': '358267735768', 'referenceType': 'ITEM_ID'}]",INSERTION_FEE,0.11,USD,,,,,,,,,
FEE-7630738648519_11,7417074883,0,NON_SALE_CHARGE,DEBIT,2026-03-28T02:47:29.279Z,PAYOUT,Insertion Fee,,"[{'referenceId': '358267736122', 'referenceType': 'ITEM_ID'}]",INSERTION_FEE,0.11,USD,,,,,,,,,
FEE-7630736920819_11,7417074883,0,NON_SALE_CHARGE,DEBIT,2026-03-28T02:46:52.687Z,PAYOUT,Insertion Fee,,"[{'referenceId': '358267734440', 'referenceType': 'ITEM_ID'}]",INSERTION_FEE,0.11,USD,,,,,,,,,
FEE-7630736175019_11,7417074883,0,NON_SALE_CHARGE,DEBIT,2026-03-28T02:46:43.484Z,PAYOUT,Insertion Fee,,"[{'referenceId': '358267733289', 'referenceType': 'ITEM_ID'}]",INSERTION_FEE,0.11,USD,,,,,,,,,
FEE-7630735912519_11,7417074883,0,NON_SALE_CHARGE,DEBIT,2026-03-28T02:46:36.838Z,PAYOUT,Insertion Fee,,"[{'referenceId': '358267732207', 'referenceType': 'ITEM_ID'}]",INSERTION_FEE,0.11,USD,,,,,,,,,
FEE-7630735071019_11,7417074883,0,NON_SALE_CHARGE,DEBIT,2026-03-28T02:45:55.921Z,PAYOUT,Insertion Fee,,"[{'referenceId': '358267731270', 'referenceType': 'ITEM_ID'}]",INSERTION_FEE,0.11,USD,,,,,,,,,
FEE-7630732864819_11,7417074883,0,NON_SALE_CHARGE,DEBIT,2026-03-28T02:44:40.747Z,PAYOUT,Insertion Fee,,"[{'referenceId': '358267728508', 'referenceType': 'ITEM_ID'}]",INSERTION_FEE,0.11,USD,,,,,,,,,
FEE-7630730584319_11,7417074883,0,NON_SALE_CHARGE,DEBIT,2026-03-28T02:42:28.789Z,PAYOUT,Insertion Fee,,"[{'referenceId': '358267725875', 'referenceType': 'ITEM_ID'}]",INSERTION_FEE,0.11,USD,,,,,,,,,
FEE-7630730704319_11,7417074883,0,NON_SALE_CHARGE,DEBIT,2026-03-28T02:42:26.245Z,PAYOUT,Insertion Fee,,"[{'referenceId': '358267726319', 'referenceType': 'ITEM_ID'}]",INSERTION_FEE,0.11,USD,,,,,,,,,
FEE-7630729997719_11,7417074883,0,NON_SALE_CHARGE,DEBIT,2026-03-28T02:42:17.503Z,PAYOUT,Insertion Fee,,"[{'referenceId': '358267725588', 'referenceType': 'ITEM_ID'}]",INSERTION_FEE,0.11,USD,,,,,,,,,
FEE-7630729898019_11,7417074883,0,NON_SALE_CHARGE,DEBIT,2026-03-28T02:42:15.044Z,PAYOUT,Insertion Fee,,"[{'referenceId': '358267725425', 'referenceType': 'ITEM_ID'}]",INSERTION_FEE,0.11,USD,,,,,,,,,
FEE-7630729032319_11,7417074883,0,NON_SALE_CHARGE,DEBIT,2026-03-28T02:41:46.582Z,PAYOUT,Insertion Fee,,"[{'referenceId': '358267724147', 'referenceType': 'ITEM_ID'}]",INSERTION_FEE,0.11,USD,,,,,,,,,
FEE-7630729013919_11,7417074883,0,NON_SALE_CHARGE,DEBIT,2026-03-28T02:41:44.202Z,PAYOUT,Insertion Fee,,"[{'referenceId': '358267722795', 'referenceType': 'ITEM_ID'}]",INSERTION_FEE,0.11,USD,,,,,,,,,
FEE-7630727499319_11,7417074883,0,NON_SALE_CHARGE,DEBIT,2026-03-28T02:40:50.108Z,PAYOUT,Insertion Fee,,"[{'referenceId': '358267719449', 'referenceType': 'ITEM_ID'}]",INSERTION_FEE,0.11,USD,,,,,,,,,
FEE-7630727041619_11,7417074883,0,NON_SALE_CHARGE,DEBIT,2026-03-28T02:39:55.595Z,PAYOUT,Insertion Fee,,"[{'referenceId': '358267718894', 'referenceType': 'ITEM_ID'}]",INSERTION_FEE,0.11,USD,,,,,,,,,
FEE-7630726501419_11,7417074883,0,NON_SALE_CHARGE,DEBIT,2026-03-28T02:39:34.247Z,PAYOUT,Insertion Fee,,"[{'referenceId': '358267718356', 'referenceType': 'ITEM_ID'}]",INSERTION_FEE,0.11,USD,,,,,,,,,
FEE-7630726180219_11,7417074883,0,NON_SALE_CHARGE,DEBIT,2026-03-28T02:38:37.476Z,PAYOUT,Insertion Fee,,"[{'referenceId': '358267717747', 'referenceType': 'ITEM_ID'}]",INSERTION_FEE,0.11,USD,,,,,,,,,
FEE-7630726087319_11,7417074883,0,NON_SALE_CHARGE,DEBIT,2026-03-28T02:38:37.201Z,PAYOUT,Insertion Fee,,"[{'referenceId': '358267716919', 'referenceType': 'ITEM_ID'}]",INSERTION_FEE,0.11,USD,,,,,,,,,
FEE-7630725685119_11,7417074883,0,NON_SALE_CHARGE,DEBIT,2026-03-28T02:38:14.087Z,PAYOUT,Insertion Fee,,"[{'referenceId': '358267717342', 'referenceType': 'ITEM_ID'}]",INSERTION_FEE,0.11,USD,,,,,,,,,
FEE-7630723510419_11,7417074883,0,NON_SALE_CHARGE,DEBIT,2026-03-28T02:36:44.018Z,PAYOUT,Insertion Fee,,"[{'referenceId': '358267713888', 'referenceType': 'ITEM_ID'}]",INSERTION_FEE,0.11,USD,,,,,,,,,
FEE-7630723595519_11,7417074883,0,NON_SALE_CHARGE,DEBIT,2026-03-28T02:36:41.598Z,PAYOUT,Insertion Fee,,"[{'referenceId': '358267714503', 'referenceType': 'ITEM_ID'}]",INSERTION_FEE,0.11,USD,,,,,,,,,
FEE-7630723047919_11,7417074883,0,NON_SALE_CHARGE,DEBIT,2026-03-28T02:36:33.283Z,PAYOUT,Insertion Fee,,"[{'referenceId': '358267713344', 'referenceType': 'ITEM_ID'}]",INSERTION_FEE,0.11,USD,,,,,,,,,
FEE-7630717926619_11,7417074883,0,NON_SALE_CHARGE,DEBIT,2026-03-28T02:33:39.311Z,PAYOUT,Insertion Fee,,"[{'referenceId': '358267707321', 'referenceType': 'ITEM_ID'}]",INSERTION_FEE,0.11,USD,,,,,,,,,
FEE-7630715461719_11,7417074883,0,NON_SALE_CHARGE,DEBIT,2026-03-28T02:33:05.128Z,PAYOUT,Insertion Fee,,"[{'referenceId': '358267705550', 'referenceType': 'ITEM_ID'}]",INSERTION_FEE,0.11,USD,,,,,,,,,
FEE-7630714888719_11,7417074883,0,NON_SALE_CHARGE,DEBIT,2026-03-28T02:32:30.267Z,PAYOUT,Insertion Fee,,"[{'referenceId': '358267705110', 'referenceType': 'ITEM_ID'}]",INSERTION_FEE,0.11,USD,,,,,,,,,
FEE-7630714251119_11,7417074883,0,NON_SALE_CHARGE,DEBIT,2026-03-28T02:32:28.171Z,PAYOUT,Insertion Fee,,"[{'referenceId': '358267704612', 'referenceType': 'ITEM_ID'}]",INSERTION_FEE,0.11,USD,,,,,,,,,
FEE-7630713879519_11,7417074883,0,NON_SALE_CHARGE,DEBIT,2026-03-28T02:32:17.707Z,PAYOUT,Insertion Fee,,"[{'referenceId': '358267704426', 'referenceType': 'ITEM_ID'}]",INSERTION_FEE,0.11,USD,,,,,,,,,
FEE-7630712390419_11,7417074883,0,NON_SALE_CHARGE,DEBIT,2026-03-28T02:31:27.566Z,PAYOUT,Insertion Fee,,"[{'referenceId': '358267700677', 'referenceType': 'ITEM_ID'}]",INSERTION_FEE,0.11,USD,,,,,,,,,
FEE-7630711538119_11,7417074883,0,NON_SALE_CHARGE,DEBIT,2026-03-28T02:29:54.672Z,PAYOUT,Insertion Fee,,"[{'referenceId': '358267698474', 'referenceType': 'ITEM_ID'}]",INSERTION_FEE,0.11,USD,,,,,,,,,
FEE-7630711277819_11,7417074883,0,NON_SALE_CHARGE,DEBIT,2026-03-28T02:29:47.326Z,PAYOUT,Insertion Fee,,"[{'referenceId': '358267696988', 'referenceType': 'ITEM_ID'}]",INSERTION_FEE,0.11,USD,,,,,,,,,
FEE-7630710104019_11,7417074883,0,NON_SALE_CHARGE,DEBIT,2026-03-28T02:28:17.227Z,PAYOUT,Insertion Fee,,"[{'referenceId': '358267691767', 'referenceType': 'ITEM_ID'}]",INSERTION_FEE,0.11,USD,,,,,,,,,
FEE-7630709444019_11,7417074883,0,NON_SALE_CHARGE,DEBIT,2026-03-28T02:28:00.952Z,PAYOUT,Insertion Fee,,"[{'referenceId': '358267690133', 'referenceType': 'ITEM_ID'}]",INSERTION_FEE,0.11,USD,,,,,,,,,
FEE-7630709147519_11,7417074883,0,NON_SALE_CHARGE,DEBIT,2026-03-28T02:27:31.248Z,PAYOUT,Insertion Fee,,"[{'referenceId': '358267689045', 'referenceType': 'ITEM_ID'}]",INSERTION_FEE,0.11,USD,,,,,,,,,
FEE-7630706310619_11,7417074883,0,NON_SALE_CHARGE,DEBIT,2026-03-28T02:25:44.561Z,PAYOUT,Insertion Fee,,"[{'referenceId': '358267682466', 'referenceType': 'ITEM_ID'}]",INSERTION_FEE,0.11,USD,,,,,,,,,
FEE-7630703638719_11,7417074883,0,NON_SALE_CHARGE,DEBIT,2026-03-28T02:23:04.739Z,PAYOUT,Insertion Fee,,"[{'referenceId': '358267680077', 'referenceType': 'ITEM_ID'}]",INSERTION_FEE,0.11,USD,,,,,,,,,
FEE-7630702886719_11,7417074883,0,NON_SALE_CHARGE,DEBIT,2026-03-28T02:22:59.658Z,PAYOUT,Insertion Fee,,"[{'referenceId': '358267679617', 'referenceType': 'ITEM_ID'}]",INSERTION_FEE,0.11,USD,,,,,,,,,
FEE-7630701945719_11,7417074883,0,NON_SALE_CHARGE,DEBIT,2026-03-28T02:22:15.095Z,PAYOUT,Insertion Fee,,"[{'referenceId': '358267677851', 'referenceType': 'ITEM_ID'}]",INSERTION_FEE,0.11,USD,,,,,,,,,
FEE-7630698847919_11,7417074883,0,NON_SALE_CHARGE,DEBIT,2026-03-28T02:21:22.902Z,PAYOUT,Insertion Fee,,"[{'referenceId': '358267676205', 'referenceType': 'ITEM_ID'}]",INSERTION_FEE,0.11,USD,,,,,,,,,
FEE-7630697427119_11,7417074883,0,NON_SALE_CHARGE,DEBIT,2026-03-28T02:20:26.187Z,PAYOUT,Insertion Fee,,"[{'referenceId': '358267675794', 'referenceType': 'ITEM_ID'}]",INSERTION_FEE,0.11,USD,,,,,,,,,
FEE-7630696597919_11,7417074883,0,NON_SALE_CHARGE,DEBIT,2026-03-28T02:20:18.612Z,PAYOUT,Insertion Fee,,"[{'referenceId': '358267674651', 'referenceType': 'ITEM_ID'}]",INSERTION_FEE,0.11,USD,,,,,,,,,
FEE-7630695268419_11,7417074883,0,NON_SALE_CHARGE,DEBIT,2026-03-28T02:20:01.407Z,PAYOUT,Insertion Fee,,"[{'referenceId': '358267672980', 'referenceType': 'ITEM_ID'}]",INSERTION_FEE,0.11,USD,,,,,,,,,
FEE-7630694548919_11,7417074883,0,NON_SALE_CHARGE,DEBIT,2026-03-28T02:19:48.930Z,PAYOUT,Insertion Fee,,"[{'referenceId': '358267671556', 'referenceType': 'ITEM_ID'}]",INSERTION_FEE,0.11,USD,,,,,,,,,
FEE-7630692026919_11,7417074883,0,NON_SALE_CHARGE,DEBIT,2026-03-28T02:19:19.362Z,PAYOUT,Insertion Fee,,"[{'referenceId': '358267669047', 'referenceType': 'ITEM_ID'}]",INSERTION_FEE,0.11,USD,,,,,,,,,
FEE-7630690423219_11,7417074883,0,NON_SALE_CHARGE,DEBIT,2026-03-28T02:19:08.084Z,PAYOUT,Insertion Fee,,"[{'referenceId': '358267665856', 'referenceType': 'ITEM_ID'}]",INSERTION_FEE,0.11,USD,,,,,,,,,
FEE-7630690111019_11,7417074883,0,NON_SALE_CHARGE,DEBIT,2026-03-28T02:18:28.143Z,PAYOUT,Insertion Fee,,"[{'referenceId': '358267664871', 'referenceType': 'ITEM_ID'}]",INSERTION_FEE,0.11,USD,,,,,,,,,
FEE-7630689657019_11,7417074883,0,NON_SALE_CHARGE,DEBIT,2026-03-28T02:17:50.711Z,PAYOUT,Insertion Fee,,"[{'referenceId': '358267663603', 'referenceType': 'ITEM_ID'}]",INSERTION_FEE,0.11,USD,,,,,,,,,
FEE-7630687992719_11,7417074883,0,NON_SALE_CHARGE,DEBIT,2026-03-28T02:16:33.763Z,PAYOUT,Insertion Fee,,"[{'referenceId': '358267660148', 'referenceType': 'ITEM_ID'}]",INSERTION_FEE,0.11,USD,,,,,,,,,
FEE-7630681711419_11,7417074883,0,NON_SALE_CHARGE,DEBIT,2026-03-28T02:13:26.219Z,PAYOUT,Insertion Fee,,"[{'referenceId': '358267654187', 'referenceType': 'ITEM_ID'}]",INSERTION_FEE,0.11,USD,,,,,,,,,
FEE-7630680391019_11,7417074883,0,NON_SALE_CHARGE,DEBIT,2026-03-28T02:12:59.084Z,PAYOUT,Insertion Fee,,"[{'referenceId': '358267653220', 'referenceType': 'ITEM_ID'}]",INSERTION_FEE,0.11,USD,,,,,,,,,
FEE-7630678027719_11,7417074883,0,NON_SALE_CHARGE,DEBIT,2026-03-28T02:12:01.589Z,PAYOUT,Insertion Fee,,"[{'referenceId': '358267651782', 'referenceType': 'ITEM_ID'}]",INSERTION_FEE,0.11,USD,,,,,,,,,
FEE-7630676616919_11,7417074883,0,NON_SALE_CHARGE,DEBIT,2026-03-28T02:11:52.448Z,PAYOUT,Insertion Fee,,"[{'referenceId': '358267651393', 'referenceType': 'ITEM_ID'}]",INSERTION_FEE,0.11,USD,,,,,,,,,
FEE-7630673770519_11,7417074883,0,NON_SALE_CHARGE,DEBIT,2026-03-28T02:11:14.948Z,PAYOUT,Insertion Fee,,"[{'referenceId': '358267649995', 'referenceType': 'ITEM_ID'}]",INSERTION_FEE,0.11,USD,,,,,,,,,
FEE-7630673295119_11,7417074883,0,NON_SALE_CHARGE,DEBIT,2026-03-28T02:11:04.780Z,PAYOUT,Insertion Fee,,"[{'referenceId': '358267649734', 'referenceType': 'ITEM_ID'}]",INSERTION_FEE,0.11,USD,,,,,,,,,
FEE-7630672956819_11,7417074883,0,NON_SALE_CHARGE,DEBIT,2026-03-28T02:10:34.744Z,PAYOUT,Insertion Fee,,"[{'referenceId': '358267649439', 'referenceType': 'ITEM_ID'}]",INSERTION_FEE,0.11,USD,,,,,,,,,
FEE-7630672537319_11,7417074883,0,NON_SALE_CHARGE,DEBIT,2026-03-28T02:10:23.395Z,PAYOUT,Insertion Fee,,"[{'referenceId': '358267649023', 'referenceType': 'ITEM_ID'}]",INSERTION_FEE,0.11,USD,,,,,,,,,
FEE-7630672227719_11,7417074883,0,NON_SALE_CHARGE,DEBIT,2026-03-28T02:09:37.702Z,PAYOUT,Insertion Fee,,"[{'referenceId': '358267648602', 'referenceType': 'ITEM_ID'}]",INSERTION_FEE,0.11,USD,,,,,,,,,
FEE-7630671878019_11,7417074883,0,NON_SALE_CHARGE,DEBIT,2026-03-28T02:08:32.554Z,PAYOUT,Insertion Fee,,"[{'referenceId': '358267648305', 'referenceType': 'ITEM_ID'}]",INSERTION_FEE,0.11,USD,,,,,,,,,
FEE-7630671376319_11,7417074883,0,NON_SALE_CHARGE,DEBIT,2026-03-28T02:08:04.710Z,PAYOUT,Insertion Fee,,"[{'referenceId': '358267647942', 'referenceType': 'ITEM_ID'}]",INSERTION_FEE,0.11,USD,,,,,,,,,
FEE-7630670674119_11,7417074883,0,NON_SALE_CHARGE,DEBIT,2026-03-28T02:07:35.131Z,PAYOUT,Insertion Fee,,"[{'referenceId': '358267647336', 'referenceType': 'ITEM_ID'}]",INSERTION_FEE,0.11,USD,,,,,,,,,
FEE-7630669846119_11,7417074883,0,NON_SALE_CHARGE,DEBIT,2026-03-28T02:06:47.112Z,PAYOUT,Insertion Fee,,"[{'referenceId': '358267646854', 'referenceType': 'ITEM_ID'}]",INSERTION_FEE,0.11,USD,,,,,,,,,
FEE-7630667692419_11,7417074883,0,NON_SALE_CHARGE,DEBIT,2026-03-28T02:04:45.269Z,PAYOUT,Insertion Fee,,"[{'referenceId': '358267642459', 'referenceType': 'ITEM_ID'}]",INSERTION_FEE,0.11,USD,,,,,,,,,
FEE-7630667465619_11,7417074883,0,NON_SALE_CHARGE,DEBIT,2026-03-28T02:04:39.531Z,PAYOUT,Insertion Fee,,"[{'referenceId': '358267641229', 'referenceType': 'ITEM_ID'}]",INSERTION_FEE,0.11,USD,,,,,,,,,
FEE-7630667109219_11,7417074883,0,NON_SALE_CHARGE,DEBIT,2026-03-28T02:04:18.037Z,PAYOUT,Insertion Fee,,"[{'referenceId': '358267639030', 'referenceType': 'ITEM_ID'}]",INSERTION_FEE,0.11,USD,,,,,,,,,
FEE-7630663720819_11,7417074883,0,NON_SALE_CHARGE,DEBIT,2026-03-28T02:01:49.195Z,PAYOUT,Insertion Fee,,"[{'referenceId': '358267626567', 'referenceType': 'ITEM_ID'}]",INSERTION_FEE,0.11,USD,,,,,,,,,
FEE-7630662093919_11,7417074883,0,NON_SALE_CHARGE,DEBIT,2026-03-28T02:01:11.422Z,PAYOUT,Insertion Fee,,"[{'referenceId': '358267625326', 'referenceType': 'ITEM_ID'}]",INSERTION_FEE,0.11,USD,,,,,,,,,
FEE-7630659157119_11,7417074883,0,NON_SALE_CHARGE,DEBIT,2026-03-28T01:59:01.395Z,PAYOUT,Insertion Fee,,"[{'referenceId': '358267619290', 'referenceType': 'ITEM_ID'}]",INSERTION_FEE,0.11,USD,,,,,,,,,
FEE-7630657244119_11,7417074883,0,NON_SALE_CHARGE,DEBIT,2026-03-28T01:57:44.227Z,PAYOUT,Insertion Fee,,"[{'referenceId': '358267618052', 'referenceType': 'ITEM_ID'}]",INSERTION_FEE,0.11,USD,,,,,,,,,
FEE-7630656480619_11,7417074883,0,NON_SALE_CHARGE,DEBIT,2026-03-28T01:57:41.596Z,PAYOUT,Insertion Fee,,"[{'referenceId': '358267617152', 'referenceType': 'ITEM_ID'}]",INSERTION_FEE,0.11,USD,,,,,,,,,
FEE-7630655904519_11,7417074883,0,NON_SALE_CHARGE,DEBIT,2026-03-28T01:56:52.502Z,PAYOUT,Insertion Fee,,"[{'referenceId': '358267615777', 'referenceType': 'ITEM_ID'}]",INSERTION_FEE,0.11,USD,,,,,,,,,
FEE-7630655476519_11,7417074883,0,NON_SALE_CHARGE,DEBIT,2026-03-28T01:56:29.916Z,PAYOUT,Insertion Fee,,"[{'referenceId': '358267614898', 'referenceType': 'ITEM_ID'}]",INSERTION_FEE,0.11,USD,,,,,,,,,
FEE-7630655185519_11,7417074883,0,NON_SALE_CHARGE,DEBIT,2026-03-28T01:56:10.877Z,PAYOUT,Insertion Fee,,"[{'referenceId': '358267614376', 'referenceType': 'ITEM_ID'}]",INSERTION_FEE,0.11,USD,,,,,,,,,
FEE-7630654235519_11,7417074883,0,NON_SALE_CHARGE,DEBIT,2026-03-28T01:55:23.590Z,PAYOUT,Insertion Fee,,"[{'referenceId': '358267613089', 'referenceType': 'ITEM_ID'}]",INSERTION_FEE,0.11,USD,,,,,,,,,
FEE-7630652399219_11,7417074883,0,NON_SALE_CHARGE,DEBIT,2026-03-28T01:54:13.995Z,PAYOUT,Insertion Fee,,"[{'referenceId': '358267611970', 'referenceType': 'ITEM_ID'}]",INSERTION_FEE,0.11,USD,,,,,,,,,
FEE-7630651354119_11,7417074883,0,NON_SALE_CHARGE,DEBIT,2026-03-28T01:54:02.599Z,PAYOUT,Insertion Fee,,"[{'referenceId': '358267611280', 'referenceType': 'ITEM_ID'}]",INSERTION_FEE,0.11,USD,,,,,,,,,
FEE-7630650320919_11,7417074883,0,NON_SALE_CHARGE,DEBIT,2026-03-28T01:53:36.731Z,PAYOUT,Insertion Fee,,"[{'referenceId': '358267610389', 'referenceType': 'ITEM_ID'}]",INSERTION_FEE,0.11,USD,,,,,,,,,
FEE-7630645271519_11,7417074883,0,NON_SALE_CHARGE,DEBIT,2026-03-28T01:52:37.356Z,PAYOUT,Insertion Fee,,"[{'referenceId': '358267607551', 'referenceType': 'ITEM_ID'}]",INSERTION_FEE,0.11,USD,,,,,,,,,
FEE-7630641713719_11,7417074883,0,NON_SALE_CHARGE,DEBIT,2026-03-28T01:51:20.494Z,PAYOUT,Insertion Fee,,"[{'referenceId': '358267601417', 'referenceType': 'ITEM_ID'}]",INSERTION_FEE,0.11,USD,,,,,,,,,
FEE-7630638957519_11,7417074883,0,NON_SALE_CHARGE,DEBIT,2026-03-28T01:50:32.496Z,PAYOUT,Insertion Fee,,"[{'referenceId': '358267599268', 'referenceType': 'ITEM_ID'}]",INSERTION_FEE,0.11,USD,,,,,,,,,
FEE-7630638105019_11,7417074883,0,NON_SALE_CHARGE,DEBIT,2026-03-28T01:49:15.015Z,PAYOUT,Insertion Fee,,"[{'referenceId': '358267596091', 'referenceType': 'ITEM_ID'}]",INSERTION_FEE,0.11,USD,,,,,,,,,
FEE-7630637022719_11,7417074883,0,NON_SALE_CHARGE,DEBIT,2026-03-28T01:48:13.800Z,PAYOUT,Insertion Fee,,"[{'referenceId': '358267593485', 'referenceType': 'ITEM_ID'}]",INSERTION_FEE,0.11,USD,,,,,,,,,
FEE-7630636560819_11,7417074883,0,NON_SALE_CHARGE,DEBIT,2026-03-28T01:48:01.713Z,PAYOUT,Insertion Fee,,"[{'referenceId': '358267591943', 'referenceType': 'ITEM_ID'}]",INSERTION_FEE,0.11,USD,,,,,,,,,
FEE-7630634601319_11,7417074883,0,NON_SALE_CHARGE,DEBIT,2026-03-28T01:46:33.519Z,PAYOUT,Insertion Fee,,"[{'referenceId': '358267588792', 'referenceType': 'ITEM_ID'}]",INSERTION_FEE,0.11,USD,,,,,,,,,
FEE-7630633894419_11,7417074883,0,NON_SALE_CHARGE,DEBIT,2026-03-28T01:46:15.209Z,PAYOUT,Insertion Fee,,"[{'referenceId': '358267588051', 'referenceType': 'ITEM_ID'}]",INSERTION_FEE,0.11,USD,,,,,,,,,
FEE-7630631569819_11,7417074883,0,NON_SALE_CHARGE,DEBIT,2026-03-28T01:45:27.731Z,PAYOUT,Insertion Fee,,"[{'referenceId': '358267586902', 'referenceType': 'ITEM_ID'}]",INSERTION_FEE,0.11,USD,,,,,,,,,
FEE-7630631155319_11,7417074883,0,NON_SALE_CHARGE,DEBIT,2026-03-28T01:44:39.774Z,PAYOUT,Insertion Fee,,"[{'referenceId': '358267586375', 'referenceType': 'ITEM_ID'}]",INSERTION_FEE,0.11,USD,,,,,,,,,
FEE-7630624801219_11,7417074883,0,NON_SALE_CHARGE,DEBIT,2026-03-28T01:41:12.859Z,PAYOUT,Insertion Fee,,"[{'referenceId': '358267582112', 'referenceType': 'ITEM_ID'}]",INSERTION_FEE,0.11,USD,,,,,,,,,
FEE-7630621681519_11,7417074883,0,NON_SALE_CHARGE,DEBIT,2026-03-28T01:39:45.268Z,PAYOUT,Insertion Fee,,"[{'referenceId': '358267579723', 'referenceType': 'ITEM_ID'}]",INSERTION_FEE,0.11,USD,,,,,,,,,
FEE-7630616301419_11,7417074883,0,NON_SALE_CHARGE,DEBIT,2026-03-28T01:37:31.734Z,PAYOUT,Insertion Fee,,"[{'referenceId': '358267576594', 'referenceType': 'ITEM_ID'}]",INSERTION_FEE,0.11,USD,,,,,,,,,
FEE-7630615110619_11,7417074883,0,NON_SALE_CHARGE,DEBIT,2026-03-28T01:36:45.682Z,PAYOUT,Insertion Fee,,"[{'referenceId': '358267575555', 'referenceType': 'ITEM_ID'}]",INSERTION_FEE,0.11,USD,,,,,,,,,
FEE-7630613086419_11,7417074883,0,NON_SALE_CHARGE,DEBIT,2026-03-28T01:36:11.063Z,PAYOUT,Insertion Fee,,"[{'referenceId': '358267574922', 'referenceType': 'ITEM_ID'}]",INSERTION_FEE,0.11,USD,,,,,,,,,
FEE-7630611780919_11,7417074883,0,NON_SALE_CHARGE,DEBIT,2026-03-28T01:36:01.705Z,PAYOUT,Insertion Fee,,"[{'referenceId': '358267574550', 'referenceType': 'ITEM_ID'}]",INSERTION_FEE,0.11,USD,,,,,,,,,
FEE-7630603491519_11,7417074883,0,NON_SALE_CHARGE,DEBIT,2026-03-28T01:33:18.884Z,PAYOUT,Insertion Fee,,"[{'referenceId': '358267570413', 'referenceType': 'ITEM_ID'}]",INSERTION_FEE,0.11,USD,,,,,,,,,
FEE-7630602972619_11,7417074883,0,NON_SALE_CHARGE,DEBIT,2026-03-28T01:33:11.985Z,PAYOUT,Insertion Fee,,"[{'referenceId': '358267570987', 'referenceType': 'ITEM_ID'}]",INSERTION_FEE,0.11,USD,,,,,,,,,
FEE-7630600340919_11,7417074883,0,NON_SALE_CHARGE,DEBIT,2026-03-28T01:32:46.527Z,PAYOUT,Insertion Fee,,"[{'referenceId': '358267569745', 'referenceType': 'ITEM_ID'}]",INSERTION_FEE,0.11,USD,,,,,,,,,
FEE-7630596766519_11,7417074883,0,NON_SALE_CHARGE,DEBIT,2026-03-28T01:31:42.216Z,PAYOUT,Insertion Fee,,"[{'referenceId': '358267567022', 'referenceType': 'ITEM_ID'}]",INSERTION_FEE,0.11,USD,,,,,,,,,
FEE-7630596419019_11,7417074883,0,NON_SALE_CHARGE,DEBIT,2026-03-28T01:31:34.161Z,PAYOUT,Insertion Fee,,"[{'referenceId': '358267563197', 'referenceType': 'ITEM_ID'}]",INSERTION_FEE,0.11,USD,,,,,,,,,
FEE-7630593671419_11,7417074883,0,NON_SALE_CHARGE,DEBIT,2026-03-28T01:30:20.103Z,PAYOUT,Insertion Fee,,"[{'referenceId': '358267550374', 'referenceType': 'ITEM_ID'}]",INSERTION_FEE,0.11,USD,,,,,,,,,
FEE-7630592603419_11,7417074883,0,NON_SALE_CHARGE,DEBIT,2026-03-28T01:29:41.485Z,PAYOUT,Insertion Fee,,"[{'referenceId': '358267548046', 'referenceType': 'ITEM_ID'}]",INSERTION_FEE,0.11,USD,,,,,,,,,
FEE-7630592163019_11,7417074883,0,NON_SALE_CHARGE,DEBIT,2026-03-28T01:29:36.790Z,PAYOUT,Insertion Fee,,"[{'referenceId': '358267543658', 'referenceType': 'ITEM_ID'}]",INSERTION_FEE,0.11,USD,,,,,,,,,
FEE-7630589953919_11,7417074883,0,NON_SALE_CHARGE,DEBIT,2026-03-28T01:28:12.136Z,PAYOUT,Insertion Fee,,"[{'referenceId': '358267533576', 'referenceType': 'ITEM_ID'}]",INSERTION_FEE,0.11,USD,,,,,,,,,
FEE-7630589561019_11,7417074883,0,NON_SALE_CHARGE,DEBIT,2026-03-28T01:27:59.894Z,PAYOUT,Insertion Fee,,"[{'referenceId': '358267531822', 'referenceType': 'ITEM_ID'}]",INSERTION_FEE,0.11,USD,,,,,,,,,
FEE-7630589263519_11,7417074883,0,NON_SALE_CHARGE,DEBIT,2026-03-28T01:27:44.805Z,PAYOUT,Insertion Fee,,"[{'referenceId': '358267528913', 'referenceType': 'ITEM_ID'}]",INSERTION_FEE,0.11,USD,,,,,,,,,
FEE-7630588158219_11,7417074883,0,NON_SALE_CHARGE,DEBIT,2026-03-28T01:26:57.187Z,PAYOUT,Insertion Fee,,"[{'referenceId': '358267527079', 'referenceType': 'ITEM_ID'}]",INSERTION_FEE,0.11,USD,,,,,,,,,
FEE-7630587553219_11,7417074883,0,NON_SALE_CHARGE,DEBIT,2026-03-28T01:26:52.023Z,PAYOUT,Insertion Fee,,"[{'referenceId': '358267525973', 'referenceType': 'ITEM_ID'}]",INSERTION_FEE,0.11,USD,,,,,,,,,
FEE-7630584806719_11,7417074883,0,NON_SALE_CHARGE,DEBIT,2026-03-28T01:25:19.960Z,PAYOUT,Insertion Fee,,"[{'referenceId': '358267520948', 'referenceType': 'ITEM_ID'}]",INSERTION_FEE,0.11,USD,,,,,,,,,
FEE-7630583049719_11,7417074883,0,NON_SALE_CHARGE,DEBIT,2026-03-28T01:24:04.238Z,PAYOUT,Insertion Fee,,"[{'referenceId': '358267514768', 'referenceType': 'ITEM_ID'}]",INSERTION_FEE,0.11,USD,,,,,,,,,
FEE-7630583035819_11,7417074883,0,NON_SALE_CHARGE,DEBIT,2026-03-28T01:24:00.470Z,PAYOUT,Insertion Fee,,"[{'referenceId': '358267513974', 'referenceType': 'ITEM_ID'}]",INSERTION_FEE,0.11,USD,,,,,,,,,
FEE-7630583003319_11,7417074883,0,NON_SALE_CHARGE,DEBIT,2026-03-28T01:23:59.615Z,PAYOUT,Insertion Fee,,"[{'referenceId': '358267508384', 'referenceType': 'ITEM_ID'}]",INSERTION_FEE,0.11,USD,,,,,,,,,
FEE-7630583055719_11,7417074883,0,NON_SALE_CHARGE,DEBIT,2026-03-28T01:23:59.038Z,PAYOUT,Insertion Fee,,"[{'referenceId': '358267515407', 'referenceType': 'ITEM_ID'}]",INSERTION_FEE,0.11,USD,,,,,,,,,
FEE-7630582363119_11,7417074883,0,NON_SALE_CHARGE,DEBIT,2026-03-28T01:23:07.576Z,PAYOUT,Insertion Fee,,"[{'referenceId': '358267505338', 'referenceType': 'ITEM_ID'}]",INSERTION_FEE,0.11,USD,,,,,,,,,
FEE-7630579325719_11,7417074883,0,NON_SALE_CHARGE,DEBIT,2026-03-28T01:21:26.183Z,PAYOUT,Insertion Fee,,"[{'referenceId': '358267504876', 'referenceType': 'ITEM_ID'}]",INSERTION_FEE,0.11,USD,,,,,,,,,
FEE-7630573957319_11,7417074883,0,NON_SALE_CHARGE,DEBIT,2026-03-28T01:18:16.360Z,PAYOUT,Insertion Fee,,"[{'referenceId': '358267502272', 'referenceType': 'ITEM_ID'}]",INSERTION_FEE,0.11,USD,,,,,,,,,
FEE-7630572870819_11,7417074883,0,NON_SALE_CHARGE,DEBIT,2026-03-28T01:17:42.697Z,PAYOUT,Insertion Fee,,"[{'referenceId': '358267501442', 'referenceType': 'ITEM_ID'}]",INSERTION_FEE,0.11,USD,,,,,,,,,
FEE-7630571962419_11,7417074883,0,NON_SALE_CHARGE,DEBIT,2026-03-28T01:16:46.452Z,PAYOUT,Insertion Fee,,"[{'referenceId': '358267500406', 'referenceType': 'ITEM_ID'}]",INSERTION_FEE,0.11,USD,,,,,,,,,
FEE-7630571002719_11,7417074883,0,NON_SALE_CHARGE,DEBIT,2026-03-28T01:16:10.098Z,PAYOUT,Insertion Fee,,"[{'referenceId': '358267498198', 'referenceType': 'ITEM_ID'}]",INSERTION_FEE,0.11,USD,,,,,,,,,
FEE-7630570293919_11,7417074883,0,NON_SALE_CHARGE,DEBIT,2026-03-28T01:15:56.945Z,PAYOUT,Insertion Fee,,"[{'referenceId': '358267496298', 'referenceType': 'ITEM_ID'}]",INSERTION_FEE,0.11,USD,,,,,,,,,
FEE-7630569581219_11,7417074883,0,NON_SALE_CHARGE,DEBIT,2026-03-28T01:15:19.353Z,PAYOUT,Insertion Fee,,"[{'referenceId': '358267494302', 'referenceType': 'ITEM_ID'}]",INSERTION_FEE,0.11,USD,,,,,,,,,
FEE-7630568077519_11,7417074883,0,NON_SALE_CHARGE,DEBIT,2026-03-28T01:14:12.656Z,PAYOUT,Insertion Fee,,"[{'referenceId': '358267490541', 'referenceType': 'ITEM_ID'}]",INSERTION_FEE,0.11,USD,,,,,,,,,
FEE-7630564391519_11,7417074883,0,NON_SALE_CHARGE,DEBIT,2026-03-28T01:11:44.410Z,PAYOUT,Insertion Fee,,"[{'referenceId': '358267482325', 'referenceType': 'ITEM_ID'}]",INSERTION_FEE,0.11,USD,,,,,,,,,
FEE-7630561331519_11,7417074883,0,NON_SALE_CHARGE,DEBIT,2026-03-28T01:10:55.801Z,PAYOUT,Insertion Fee,,"[{'referenceId': '358267479806', 'referenceType': 'ITEM_ID'}]",INSERTION_FEE,0.11,USD,,,,,,,,,
FEE-7630560546219_11,7417074883,0,NON_SALE_CHARGE,DEBIT,2026-03-28T01:10:54.727Z,PAYOUT,Insertion Fee,,"[{'referenceId': '358267476512', 'referenceType': 'ITEM_ID'}]",INSERTION_FEE,0.11,USD,,,,,,,,,
FEE-7630557712619_11,7417074883,0,NON_SALE_CHARGE,DEBIT,2026-03-28T01:09:13.985Z,PAYOUT,Insertion Fee,,"[{'referenceId': '358267471858', 'referenceType': 'ITEM_ID'}]",INSERTION_FEE,0.11,USD,,,,,,,,,
FEE-7630557120519_11,7417074883,0,NON_SALE_CHARGE,DEBIT,2026-03-28T01:08:58.734Z,PAYOUT,Insertion Fee,,"[{'referenceId': '358267469828', 'referenceType': 'ITEM_ID'}]",INSERTION_FEE,0.11,USD,,,,,,,,,
FEE-7630555086419_11,7417074883,0,NON_SALE_CHARGE,DEBIT,2026-03-28T01:07:54.888Z,PAYOUT,Insertion Fee,,"[{'referenceId': '358267468642', 'referenceType': 'ITEM_ID'}]",INSERTION_FEE,0.11,USD,,,,,,,,,
FEE-7630554249319_11,7417074883,0,NON_SALE_CHARGE,DEBIT,2026-03-28T01:07:45.240Z,PAYOUT,Insertion Fee,,"[{'referenceId': '358267467432', 'referenceType': 'ITEM_ID'}]",INSERTION_FEE,0.11,USD,,,,,,,,,
FEE-7630554328319_11,7417074883,0,NON_SALE_CHARGE,DEBIT,2026-03-28T01:07:43.880Z,PAYOUT,Insertion Fee,,"[{'referenceId': '358267467710', 'referenceType': 'ITEM_ID'}]",INSERTION_FEE,0.11,USD,,,,,,,,,
FEE-7630552837019_11,7417074883,0,NON_SALE_CHARGE,DEBIT,2026-03-28T01:06:44.874Z,PAYOUT,Insertion Fee,,"[{'referenceId': '358267467074', 'referenceType': 'ITEM_ID'}]",INSERTION_FEE,0.11,USD,,,,,,,,,
FEE-7630552000419_11,7417074883,0,NON_SALE_CHARGE,DEBIT,2026-03-28T01:06:43.488Z,PAYOUT,Insertion Fee,,"[{'referenceId': '358267466617', 'referenceType': 'ITEM_ID'}]",INSERTION_FEE,0.11,USD,,,,,,,,,
FEE-7630548169119_11,7417074883,0,NON_SALE_CHARGE,DEBIT,2026-03-28T01:04:37.391Z,PAYOUT,Insertion Fee,,"[{'referenceId': '358267463690', 'referenceType': 'ITEM_ID'}]",INSERTION_FEE,0.11,USD,,,,,,,,,
FEE-7630547852619_11,7417074883,0,NON_SALE_CHARGE,DEBIT,2026-03-28T01:04:36.008Z,PAYOUT,Insertion Fee,,"[{'referenceId': '358267463402', 'referenceType': 'ITEM_ID'}]",INSERTION_FEE,0.11,USD,,,,,,,,,
FEE-7630546171619_11,7417074883,0,NON_SALE_CHARGE,DEBIT,2026-03-28T01:03:18.910Z,PAYOUT,Insertion Fee,,"[{'referenceId': '358267462471', 'referenceType': 'ITEM_ID'}]",INSERTION_FEE,0.11,USD,,,,,,,,,
FEE-7630546270719_11,7417074883,0,NON_SALE_CHARGE,DEBIT,2026-03-28T01:03:18.376Z,PAYOUT,Insertion Fee,,"[{'referenceId': '358267462696', 'referenceType': 'ITEM_ID'}]",INSERTION_FEE,0.11,USD,,,,,,,,,
FEE-7630545498819_11,7417074883,0,NON_SALE_CHARGE,DEBIT,2026-03-28T01:03:05.819Z,PAYOUT,Insertion Fee,,"[{'referenceId': '358267462286', 'referenceType': 'ITEM_ID'}]",INSERTION_FEE,0.11,USD,,,,,,,,,
FEE-7630543474719_11,7417074883,0,NON_SALE_CHARGE,DEBIT,2026-03-28T01:01:24.907Z,PAYOUT,Insertion Fee,,"[{'referenceId': '358267461588', 'referenceType': 'ITEM_ID'}]",INSERTION_FEE,0.11,USD,,,,,,,,,
FEE-7630542507519_11,7417074883,0,NON_SALE_CHARGE,DEBIT,2026-03-28T01:01:04.727Z,PAYOUT,Insertion Fee,,"[{'referenceId': '358267461303', 'referenceType': 'ITEM_ID'}]",INSERTION_FEE,0.11,USD,,,,,,,,,
FEE-7630540471219_11,7417074883,0,NON_SALE_CHARGE,DEBIT,2026-03-28T01:00:18.142Z,PAYOUT,Insertion Fee,,"[{'referenceId': '358267460492', 'referenceType': 'ITEM_ID'}]",INSERTION_FEE,0.11,USD,,,,,,,,,
FEE-7630538206019_11,7417074883,0,NON_SALE_CHARGE,DEBIT,2026-03-28T00:57:55.302Z,PAYOUT,Insertion Fee,,"[{'referenceId': '358267456773', 'referenceType': 'ITEM_ID'}]",INSERTION_FEE,0.11,USD,,,,,,,,,
FEE-7630537994719_11,7417074883,0,NON_SALE_CHARGE,DEBIT,2026-03-28T00:57:52.603Z,PAYOUT,Insertion Fee,,"[{'referenceId': '358267452348', 'referenceType': 'ITEM_ID'}]",INSERTION_FEE,0.11,USD,,,,,,,,,
FEE-7630530508619_11,7417074883,0,NON_SALE_CHARGE,DEBIT,2026-03-28T00:52:50.962Z,PAYOUT,Insertion Fee,,"[{'referenceId': '358267442738', 'referenceType': 'ITEM_ID'}]",INSERTION_FEE,0.11,USD,,,,,,,,,
FEE-7630527772919_11,7417074883,0,NON_SALE_CHARGE,DEBIT,2026-03-28T00:51:06.280Z,PAYOUT,Insertion Fee,,"[{'referenceId': '358267437288', 'referenceType': 'ITEM_ID'}]",INSERTION_FEE,0.11,USD,,,,,,,,,
FEE-7630520283719_11,7417074883,0,NON_SALE_CHARGE,DEBIT,2026-03-28T00:48:03.124Z,PAYOUT,Insertion Fee,,"[{'referenceId': '358267430284', 'referenceType': 'ITEM_ID'}]",INSERTION_FEE,0.11,USD,,,,,,,,,
FEE-7630516869419_11,7417074883,0,NON_SALE_CHARGE,DEBIT,2026-03-28T00:46:43.393Z,PAYOUT,Insertion Fee,,"[{'referenceId': '358267428319', 'referenceType': 'ITEM_ID'}]",INSERTION_FEE,0.11,USD,,,,,,,,,
FEE-7630515734319_11,7417074883,0,NON_SALE_CHARGE,DEBIT,2026-03-28T00:46:22.784Z,PAYOUT,Insertion Fee,,"[{'referenceId': '358267427181', 'referenceType': 'ITEM_ID'}]",INSERTION_FEE,0.11,USD,,,,,,,,,
FEE-7630514824119_11,7417074883,0,NON_SALE_CHARGE,DEBIT,2026-03-28T00:45:54.978Z,PAYOUT,Insertion Fee,,"[{'referenceId': '358267425514', 'referenceType': 'ITEM_ID'}]",INSERTION_FEE,0.11,USD,,,,,,,,,
FEE-7630513666319_11,7417074883,0,NON_SALE_CHARGE,DEBIT,2026-03-28T00:45:21.493Z,PAYOUT,Insertion Fee,,"[{'referenceId': '358267424501', 'referenceType': 'ITEM_ID'}]",INSERTION_FEE,0.11,USD,,,,,,,,,
FEE-7630509128119_11,7417074883,0,NON_SALE_CHARGE,DEBIT,2026-03-28T00:42:27.739Z,PAYOUT,Insertion Fee,,"[{'referenceId': '358267419219', 'referenceType': 'ITEM_ID'}]",INSERTION_FEE,0.11,USD,,,,,,,,,
FEE-7630508237619_11,7417074883,0,NON_SALE_CHARGE,DEBIT,2026-03-28T00:41:41.390Z,PAYOUT,Insertion Fee,,"[{'referenceId': '358267418226', 'referenceType': 'ITEM_ID'}]",INSERTION_FEE,0.11,USD,,,,,,,,,
FEE-7630507585419_11,7417074883,0,NON_SALE_CHARGE,DEBIT,2026-03-28T00:41:03.557Z,PAYOUT,Insertion Fee,,"[{'referenceId': '358267417578', 'referenceType': 'ITEM_ID'}]",INSERTION_FEE,0.11,USD,,,,,,,,,
FEE-7630503232919_11,7417074883,0,NON_SALE_CHARGE,DEBIT,2026-03-28T00:38:59.046Z,PAYOUT,Insertion Fee,,"[{'referenceId': '358267413811', 'referenceType': 'ITEM_ID'}]",INSERTION_FEE,0.11,USD,,,,,,,,,
FEE-7630503522219_11,7417074883,0,NON_SALE_CHARGE,DEBIT,2026-03-28T00:38:57.153Z,PAYOUT,Insertion Fee,,"[{'referenceId': '358267414032', 'referenceType': 'ITEM_ID'}]",INSERTION_FEE,0.11,USD,,,,,,,,,
FEE-7630502454319_11,7417074883,0,NON_SALE_CHARGE,DEBIT,2026-03-28T00:37:55.072Z,PAYOUT,Insertion Fee,,"[{'referenceId': '358267412915', 'referenceType': 'ITEM_ID'}]",INSERTION_FEE,0.11,USD,,,,,,,,,
FEE-7630498593519_11,7417074883,0,NON_SALE_CHARGE,DEBIT,2026-03-28T00:35:53.662Z,PAYOUT,Insertion Fee,,"[{'referenceId': '358267408995', 'referenceType': 'ITEM_ID'}]",INSERTION_FEE,0.11,USD,,,,,,,,,
FEE-7630495391019_11,7417074883,0,NON_SALE_CHARGE,DEBIT,2026-03-28T00:33:23.893Z,PAYOUT,Insertion Fee,,"[{'referenceId': '358267404395', 'referenceType': 'ITEM_ID'}]",INSERTION_FEE,0.11,USD,,,,,,,,,
FEE-7630495378619_11,7417074883,0,NON_SALE_CHARGE,DEBIT,2026-03-28T00:33:23.366Z,PAYOUT,Insertion Fee,,"[{'referenceId': '358267402829', 'referenceType': 'ITEM_ID'}]",INSERTION_FEE,0.11,USD,,,,,,,,,
FEE-7630493509919_11,7417074883,0,NON_SALE_CHARGE,DEBIT,2026-03-28T00:31:41.249Z,PAYOUT,Insertion Fee,,"[{'referenceId': '358267395768', 'referenceType': 'ITEM_ID'}]",INSERTION_FEE,0.11,USD,,,,,,,,,
FEE-7630493158719_11,7417074883,0,NON_SALE_CHARGE,DEBIT,2026-03-28T00:31:23.627Z,PAYOUT,Insertion Fee,,"[{'referenceId': '358267394022', 'referenceType': 'ITEM_ID'}]",INSERTION_FEE,0.11,USD,,,,,,,,,
FEE-7630493215319_11,7417074883,0,NON_SALE_CHARGE,DEBIT,2026-03-28T00:31:23.258Z,PAYOUT,Insertion Fee,,"[{'referenceId': '358267395191', 'referenceType': 'ITEM_ID'}]",INSERTION_FEE,0.11,USD,,,,,,,,,
FEE-7630493194019_11,7417074883,0,NON_SALE_CHARGE,DEBIT,2026-03-28T00:31:23.233Z,PAYOUT,Insertion Fee,,"[{'referenceId': '358267394603', 'referenceType': 'ITEM_ID'}]",INSERTION_FEE,0.11,USD,,,,,,,,,
FEE-7630493196219_11,7417074883,0,NON_SALE_CHARGE,DEBIT,2026-03-28T00:31:22.597Z,PAYOUT,Insertion Fee,,"[{'referenceId': '358267394897', 'referenceType': 'ITEM_ID'}]",INSERTION_FEE,0.11,USD,,,,,,,,,
FEE-7630492988819_11,7417074883,0,NON_SALE_CHARGE,DEBIT,2026-03-28T00:31:08.831Z,PAYOUT,Insertion Fee,,"[{'referenceId': '358267391583', 'referenceType': 'ITEM_ID'}]",INSERTION_FEE,0.11,USD,,,,,,,,,
FEE-7630486968919_11,7417074883,0,NON_SALE_CHARGE,DEBIT,2026-03-28T00:29:14.209Z,PAYOUT,Insertion Fee,,"[{'referenceId': '358267390416', 'referenceType': 'ITEM_ID'}]",INSERTION_FEE,0.11,USD,,,,,,,,,
FEE-7630475819819_11,7417074883,0,NON_SALE_CHARGE,DEBIT,2026-03-28T00:22:53.746Z,PAYOUT,Insertion Fee,,"[{'referenceId': '358267388104', 'referenceType': 'ITEM_ID'}]",INSERTION_FEE,0.11,USD,,,,,,,,,
FEE-7630473866219_11,7417074883,0,NON_SALE_CHARGE,DEBIT,2026-03-28T00:21:40.369Z,PAYOUT,Insertion Fee,,"[{'referenceId': '358267383644', 'referenceType': 'ITEM_ID'}]",INSERTION_FEE,0.11,USD,,,,,,,,,
FEE-7630473115119_11,7417074883,0,NON_SALE_CHARGE,DEBIT,2026-03-28T00:21:21.361Z,PAYOUT,Insertion Fee,,"[{'referenceId': '358267383173', 'referenceType': 'ITEM_ID'}]",INSERTION_FEE,0.11,USD,,,,,,,,,
FEE-7630468256119_11,7417074883,0,NON_SALE_CHARGE,DEBIT,2026-03-28T00:16:44.140Z,PAYOUT,Insertion Fee,,"[{'referenceId': '358267372121', 'referenceType': 'ITEM_ID'}]",INSERTION_FEE,0.11,USD,,,,,,,,,
FEE-7630467038219_11,7417074883,0,NON_SALE_CHARGE,DEBIT,2026-03-28T00:15:49.924Z,PAYOUT,Insertion Fee,,"[{'referenceId': '358267363597', 'referenceType': 'ITEM_ID'}]",INSERTION_FEE,0.11,USD,,,,,,,,,
FEE-7630466747319_11,7417074883,0,NON_SALE_CHARGE,DEBIT,2026-03-28T00:15:25.475Z,PAYOUT,Insertion Fee,,"[{'referenceId': '358267364387', 'referenceType': 'ITEM_ID'}]",INSERTION_FEE,0.11,USD,,,,,,,,,
FEE-7630466938819_11,7417074883,0,NON_SALE_CHARGE,DEBIT,2026-03-28T00:15:21.492Z,PAYOUT,Insertion Fee,,"[{'referenceId': '358267364896', 'referenceType': 'ITEM_ID'}]",INSERTION_FEE,0.11,USD,,,,,,,,,
FEE-7630460002019_11,7417074883,0,NON_SALE_CHARGE,DEBIT,2026-03-28T00:10:10.542Z,PAYOUT,Insertion Fee,,"[{'referenceId': '358267350487', 'referenceType': 'ITEM_ID'}]",INSERTION_FEE,0.11,USD,,,,,,,,,
FEE-7630456716819_11,7417074883,0,NON_SALE_CHARGE,DEBIT,2026-03-28T00:08:20.979Z,PAYOUT,Insertion Fee,,"[{'referenceId': '358267339142', 'referenceType': 'ITEM_ID'}]",INSERTION_FEE,0.11,USD,,,,,,,,,
FEE-7630449832419_11,7417074883,0,NON_SALE_CHARGE,DEBIT,2026-03-28T00:05:08.034Z,PAYOUT,Insertion Fee,,"[{'referenceId': '358267331119', 'referenceType': 'ITEM_ID'}]",INSERTION_FEE,0.11,USD,,,,,,,,,
FEE-7630448284719_11,7417074883,0,NON_SALE_CHARGE,DEBIT,2026-03-28T00:05:04.897Z,PAYOUT,Insertion Fee,,"[{'referenceId': '358267329582', 'referenceType': 'ITEM_ID'}]",INSERTION_FEE,0.11,USD,,,,,,,,,
FEE-7630441635919_11,7417074883,0,NON_SALE_CHARGE,DEBIT,2026-03-28T00:02:46.734Z,PAYOUT,Insertion Fee,,"[{'referenceId': '358267326318', 'referenceType': 'ITEM_ID'}]",INSERTION_FEE,0.11,USD,,,,,,,,,
FEE-7630439099319_11,7417074883,0,NON_SALE_CHARGE,DEBIT,2026-03-28T00:02:20.009Z,PAYOUT,Insertion Fee,,"[{'referenceId': '358267324734', 'referenceType': 'ITEM_ID'}]",INSERTION_FEE,0.11,USD,,,,,,,,,
FEE-7630438521819_11,7417074883,0,NON_SALE_CHARGE,DEBIT,2026-03-28T00:01:44.093Z,PAYOUT,Insertion Fee,,"[{'referenceId': '358267323239', 'referenceType': 'ITEM_ID'}]",INSERTION_FEE,0.11,USD,,,,,,,,,
FEE-7630432638119_11,7417074883,0,NON_SALE_CHARGE,DEBIT,2026-03-28T00:00:13.077Z,PAYOUT,Insertion Fee,,"[{'referenceId': '358267322646', 'referenceType': 'ITEM_ID'}]",INSERTION_FEE,0.11,USD,,,,,,,,,
FEE-7630432138419_11,7417074883,0,NON_SALE_CHARGE,DEBIT,2026-03-28T00:00:12.030Z,PAYOUT,Insertion Fee,,"[{'referenceId': '358267320991', 'referenceType': 'ITEM_ID'}]",INSERTION_FEE,0.11,USD,,,,,,,,,
FEE-7630429062419_11,7417074883,0,NON_SALE_CHARGE,DEBIT,2026-03-27T23:57:23.612Z,PAYOUT,Insertion Fee,,"[{'referenceId': '358267319982', 'referenceType': 'ITEM_ID'}]",INSERTION_FEE,0.11,USD,,,,,,,,,
FEE-7630427354219_11,7417074883,0,NON_SALE_CHARGE,DEBIT,2026-03-27T23:56:03.241Z,PAYOUT,Insertion Fee,,"[{'referenceId': '358267319032', 'referenceType': 'ITEM_ID'}]",INSERTION_FEE,0.11,USD,,,,,,,,,
FEE-7630406471519_11,7417074883,0,NON_SALE_CHARGE,DEBIT,2026-03-27T23:54:45.758Z,PAYOUT,Insertion Fee,,"[{'referenceId': '358267265163', 'referenceType': 'ITEM_ID'}]",INSERTION_FEE,0.11,USD,,,,,,,,,
FEE-7630425065319_11,7417074883,0,NON_SALE_CHARGE,DEBIT,2026-03-27T23:54:35.686Z,PAYOUT,Insertion Fee,,"[{'referenceId': '358267317256', 'referenceType': 'ITEM_ID'}]",INSERTION_FEE,0.11,USD,,,,,,,,,
FEE-7630422720719_11,7417074883,0,NON_SALE_CHARGE,DEBIT,2026-03-27T23:51:42.736Z,PAYOUT,Insertion Fee,,"[{'referenceId': '358267312784', 'referenceType': 'ITEM_ID'}]",INSERTION_FEE,0.11,USD,,,,,,,,,
FEE-7630421605419_11,7417074883,0,NON_SALE_CHARGE,DEBIT,2026-03-27T23:50:21.259Z,PAYOUT,Insertion Fee,,"[{'referenceId': '358267309348', 'referenceType': 'ITEM_ID'}]",INSERTION_FEE,0.11,USD,,,,,,,,,
FEE-7630419085719_11,7417074883,0,NON_SALE_CHARGE,DEBIT,2026-03-27T23:48:56.251Z,PAYOUT,Insertion Fee,,"[{'referenceId': '358267300769', 'referenceType': 'ITEM_ID'}]",INSERTION_FEE,0.11,USD,,,,,,,,,
FEE-7630414741019_11,7417074883,0,NON_SALE_CHARGE,DEBIT,2026-03-27T23:45:05.997Z,PAYOUT,Insertion Fee,,"[{'referenceId': '358267283570', 'referenceType': 'ITEM_ID'}]",INSERTION_FEE,0.11,USD,,,,,,,,,
FEE-7630413359219_11,7417074883,0,NON_SALE_CHARGE,DEBIT,2026-03-27T23:44:13.588Z,PAYOUT,Insertion Fee,,"[{'referenceId': '358267280279', 'referenceType': 'ITEM_ID'}]",INSERTION_FEE,0.11,USD,,,,,,,,,
FEE-7630412733019_11,7417074883,0,NON_SALE_CHARGE,DEBIT,2026-03-27T23:43:57.653Z,PAYOUT,Insertion Fee,,"[{'referenceId': '358267275161', 'referenceType': 'ITEM_ID'}]",INSERTION_FEE,0.11,USD,,,,,,,,,
FEE-7630411311019_11,7417074883,0,NON_SALE_CHARGE,DEBIT,2026-03-27T23:42:15.202Z,PAYOUT,Insertion Fee,,"[{'referenceId': '358267273992', 'referenceType': 'ITEM_ID'}]",INSERTION_FEE,0.11,USD,,,,,,,,,
FEE-7630409560419_11,7417074883,0,NON_SALE_CHARGE,DEBIT,2026-03-27T23:41:17.561Z,PAYOUT,Insertion Fee,,"[{'referenceId': '358267271966', 'referenceType': 'ITEM_ID'}]",INSERTION_FEE,0.11,USD,,,,,,,,,
FEE-7630408374519_11,7417074883,0,NON_SALE_CHARGE,DEBIT,2026-03-27T23:40:19.998Z,PAYOUT,Insertion Fee,,"[{'referenceId': '358267269307', 'referenceType': 'ITEM_ID'}]",INSERTION_FEE,0.11,USD,,,,,,,,,
FEE-7630404478819_11,7417074883,0,NON_SALE_CHARGE,DEBIT,2026-03-27T23:38:20.413Z,PAYOUT,Insertion Fee,,"[{'referenceId': '358267261937', 'referenceType': 'ITEM_ID'}]",INSERTION_FEE,0.11,USD,,,,,,,,,
FEE-7630402347619_11,7417074883,0,NON_SALE_CHARGE,DEBIT,2026-03-27T23:37:13.515Z,PAYOUT,Insertion Fee,,"[{'referenceId': '358267258451', 'referenceType': 'ITEM_ID'}]",INSERTION_FEE,0.11,USD,,,,,,,,,
FEE-7630401023019_11,7417074883,0,NON_SALE_CHARGE,DEBIT,2026-03-27T23:36:41.898Z,PAYOUT,Insertion Fee,,"[{'referenceId': '358267257188', 'referenceType': 'ITEM_ID'}]",INSERTION_FEE,0.11,USD,,,,,,,,,
FEE-7630398329519_11,7417074883,0,NON_SALE_CHARGE,DEBIT,2026-03-27T23:33:21.552Z,PAYOUT,Insertion Fee,,"[{'referenceId': '358267252134', 'referenceType': 'ITEM_ID'}]",INSERTION_FEE,0.11,USD,,,,,,,,,
FEE-7630397838419_11,7417074883,0,NON_SALE_CHARGE,DEBIT,2026-03-27T23:32:41.970Z,PAYOUT,Insertion Fee,,"[{'referenceId': '358267251671', 'referenceType': 'ITEM_ID'}]",INSERTION_FEE,0.11,USD,,,,,,,,,
FEE-7630397447019_11,7417074883,0,NON_SALE_CHARGE,DEBIT,2026-03-27T23:32:24.003Z,PAYOUT,Insertion Fee,,"[{'referenceId': '358267250665', 'referenceType': 'ITEM_ID'}]",INSERTION_FEE,0.11,USD,,,,,,,,,
FEE-7630394411719_11,7417074883,0,NON_SALE_CHARGE,DEBIT,2026-03-27T23:30:07.682Z,PAYOUT,Insertion Fee,,"[{'referenceId': '358267243585', 'referenceType': 'ITEM_ID'}]",INSERTION_FEE,0.11,USD,,,,,,,,,
FEE-7630393601319_11,7417074883,0,NON_SALE_CHARGE,DEBIT,2026-03-27T23:30:07.606Z,PAYOUT,Insertion Fee,,"[{'referenceId': '358267241481', 'referenceType': 'ITEM_ID'}]",INSERTION_FEE,0.11,USD,,,,,,,,,
FEE-7630393984819_11,7417074883,0,NON_SALE_CHARGE,DEBIT,2026-03-27T23:30:05.507Z,PAYOUT,Insertion Fee,,"[{'referenceId': '358267242790', 'referenceType': 'ITEM_ID'}]",INSERTION_FEE,0.11,USD,,,,,,,,,
FEE-7630392519119_11,7417074883,0,NON_SALE_CHARGE,DEBIT,2026-03-27T23:29:13.031Z,PAYOUT,Insertion Fee,,"[{'referenceId': '358267239014', 'referenceType': 'ITEM_ID'}]",INSERTION_FEE,0.11,USD,,,,,,,,,
FEE-7630383869919_11,7417074883,0,NON_SALE_CHARGE,DEBIT,2026-03-27T23:24:10.744Z,PAYOUT,Insertion Fee,,"[{'referenceId': '358267232941', 'referenceType': 'ITEM_ID'}]",INSERTION_FEE,0.11,USD,,,,,,,,,
FEE-7630379902219_11,7415520355,0,NON_SALE_CHARGE,DEBIT,2026-03-27T23:20:44.697Z,PAYOUT,Insertion Fee,,"[{'referenceId': '358267227767', 'referenceType': 'ITEM_ID'}]",INSERTION_FEE,0.11,USD,,,,,,,,,
FEE-7630377468419_11,7415520355,0,NON_SALE_CHARGE,DEBIT,2026-03-27T23:19:29.297Z,PAYOUT,Insertion Fee,,"[{'referenceId': '358267225677', 'referenceType': 'ITEM_ID'}]",INSERTION_FEE,0.11,USD,,,,,,,,,
FEE-7630377019719_11,7415520355,0,NON_SALE_CHARGE,DEBIT,2026-03-27T23:19:17.990Z,PAYOUT,Insertion Fee,,"[{'referenceId': '358267225417', 'referenceType': 'ITEM_ID'}]",INSERTION_FEE,0.11,USD,,,,,,,,,
FEE-7630361313019_11,7415520355,0,NON_SALE_CHARGE,DEBIT,2026-03-27T23:10:19.195Z,PAYOUT,Insertion Fee,,"[{'referenceId': '358267199652', 'referenceType': 'ITEM_ID'}]",INSERTION_FEE,0.11,USD,,,,,,,,,
FEE-7630322514319_11,7415520355,0,NON_SALE_CHARGE,DEBIT,2026-03-27T23:05:47.146Z,PAYOUT,Insertion Fee,,"[{'referenceId': '358267152598', 'referenceType': 'ITEM_ID'}]",INSERTION_FEE,0.11,USD,,,,,,,,,
FEE-7630346372319_11,7415520355,0,NON_SALE_CHARGE,DEBIT,2026-03-27T23:04:25.262Z,PAYOUT,Insertion Fee,,"[{'referenceId': '358267178486', 'referenceType': 'ITEM_ID'}]",INSERTION_FEE,0.11,USD,,,,,,,,,
FEE-7630339894519_11,7415520355,0,NON_SALE_CHARGE,DEBIT,2026-03-27T23:00:44.012Z,PAYOUT,Insertion Fee,,"[{'referenceId': '358267169179', 'referenceType': 'ITEM_ID'}]",INSERTION_FEE,0.11,USD,,,,,,,,,
FEE-7630338585319_11,7415520355,0,NON_SALE_CHARGE,DEBIT,2026-03-27T22:59:58.198Z,PAYOUT,Insertion Fee,,"[{'referenceId': '358267168533', 'referenceType': 'ITEM_ID'}]",INSERTION_FEE,0.11,USD,,,,,,,,,
FEE-7630330601219_11,7415520355,0,NON_SALE_CHARGE,DEBIT,2026-03-27T22:55:24.489Z,PAYOUT,Insertion Fee,,"[{'referenceId': '358267162919', 'referenceType': 'ITEM_ID'}]",INSERTION_FEE,0.11,USD,,,,,,,,,
FEE-7630326262719_11,7415520355,0,NON_SALE_CHARGE,DEBIT,2026-03-27T22:51:58.848Z,PAYOUT,Insertion Fee,,"[{'referenceId': '358267161078', 'referenceType': 'ITEM_ID'}]",INSERTION_FEE,0.11,USD,,,,,,,,,
FEE-7630325732719_11,7415520355,0,NON_SALE_CHARGE,DEBIT,2026-03-27T22:51:39.184Z,PAYOUT,Insertion Fee,,"[{'referenceId': '358267160360', 'referenceType': 'ITEM_ID'}]",INSERTION_FEE,0.11,USD,,,,,,,,,
FEE-7630323487719_11,7415520355,0,NON_SALE_CHARGE,DEBIT,2026-03-27T22:50:18.734Z,PAYOUT,Insertion Fee,,"[{'referenceId': '358267155112', 'referenceType': 'ITEM_ID'}]",INSERTION_FEE,0.11,USD,,,,,,,,,
FEE-7630319030219_11,7415520355,0,NON_SALE_CHARGE,DEBIT,2026-03-27T22:47:04.804Z,PAYOUT,Insertion Fee,,"[{'referenceId': '358267150435', 'referenceType': 'ITEM_ID'}]",INSERTION_FEE,0.11,USD,,,,,,,,,
FEE-7630317800519_11,7415520355,0,NON_SALE_CHARGE,DEBIT,2026-03-27T22:46:41.084Z,PAYOUT,Insertion Fee,,"[{'referenceId': '358267149595', 'referenceType': 'ITEM_ID'}]",INSERTION_FEE,0.11,USD,,,,,,,,,
FEE-7630314680819_11,7415520355,0,NON_SALE_CHARGE,DEBIT,2026-03-27T22:45:04.292Z,PAYOUT,Insertion Fee,,"[{'referenceId': '358267148116', 'referenceType': 'ITEM_ID'}]",INSERTION_FEE,0.11,USD,,,,,,,,,
FEE-7630302087019_11,7415520355,0,NON_SALE_CHARGE,DEBIT,2026-03-27T22:38:08.367Z,PAYOUT,Insertion Fee,,"[{'referenceId': '358267141020', 'referenceType': 'ITEM_ID'}]",INSERTION_FEE,0.11,USD,,,,,,,,,
FEE-7630293199419_11,7415520355,0,NON_SALE_CHARGE,DEBIT,2026-03-27T22:35:03.477Z,PAYOUT,Insertion Fee,,"[{'referenceId': '358267130419', 'referenceType': 'ITEM_ID'}]",INSERTION_FEE,0.11,USD,,,,,,,,,
FEE-7630277923519_11,7415520355,0,NON_SALE_CHARGE,DEBIT,2026-03-27T22:28:11.919Z,PAYOUT,Insertion Fee,,"[{'referenceId': '358267106681', 'referenceType': 'ITEM_ID'}]",INSERTION_FEE,0.11,USD,,,,,,,,,
FEE-7630278328819_11,7415520355,0,NON_SALE_CHARGE,DEBIT,2026-03-27T22:28:07.173Z,PAYOUT,Insertion Fee,,"[{'referenceId': '358267108031', 'referenceType': 'ITEM_ID'}]",INSERTION_FEE,0.11,USD,,,,,,,,,
FEE-7630276722319_11,7415520355,0,NON_SALE_CHARGE,DEBIT,2026-03-27T22:27:52.509Z,PAYOUT,Insertion Fee,,"[{'referenceId': '358267105978', 'referenceType': 'ITEM_ID'}]",INSERTION_FEE,0.11,USD,,,,,,,,,
FEE-7630276220019_11,7415520355,0,NON_SALE_CHARGE,DEBIT,2026-03-27T22:27:42.141Z,PAYOUT,Insertion Fee,,"[{'referenceId': '358267105558', 'referenceType': 'ITEM_ID'}]",INSERTION_FEE,0.11,USD,,,,,,,,,
FEE-7630275155619_11,7415520355,0,NON_SALE_CHARGE,DEBIT,2026-03-27T22:27:07.834Z,PAYOUT,Insertion Fee,,"[{'referenceId': '358267104467', 'referenceType': 'ITEM_ID'}]",INSERTION_FEE,0.11,USD,,,,,,,,,
FEE-7630274440719_11,7415520355,0,NON_SALE_CHARGE,DEBIT,2026-03-27T22:26:48.356Z,PAYOUT,Insertion Fee,,"[{'referenceId': '358267103927', 'referenceType': 'ITEM_ID'}]",INSERTION_FEE,0.11,USD,,,,,,,,,
FEE-7630273343019_11,7415520355,0,NON_SALE_CHARGE,DEBIT,2026-03-27T22:26:12.829Z,PAYOUT,Insertion Fee,,"[{'referenceId': '358267102466', 'referenceType': 'ITEM_ID'}]",INSERTION_FEE,0.11,USD,,,,,,,,,
FEE-7630272702519_11,7415520355,0,NON_SALE_CHARGE,DEBIT,2026-03-27T22:24:51.777Z,PAYOUT,Insertion Fee,,"[{'referenceId': '358267099448', 'referenceType': 'ITEM_ID'}]",INSERTION_FEE,0.11,USD,,,,,,,,,
FEE-7630271547919_11,7415520355,0,NON_SALE_CHARGE,DEBIT,2026-03-27T22:23:35.359Z,PAYOUT,Insertion Fee,,"[{'referenceId': '358267097957', 'referenceType': 'ITEM_ID'}]",INSERTION_FEE,0.11,USD,,,,,,,,,
FEE-7628982037119_11,7415520355,0,NON_SALE_CHARGE,DEBIT,2026-03-27T12:13:52.317Z,PAYOUT,Insertion Fee,,"[{'referenceId': '358265762147', 'referenceType': 'ITEM_ID'}]",INSERTION_FEE,0.11,USD,,,,,,,,,
FEE-7628971605119_11,7415520355,0,NON_SALE_CHARGE,DEBIT,2026-03-27T12:06:45.295Z,PAYOUT,Insertion Fee,,"[{'referenceId': '358265747986', 'referenceType': 'ITEM_ID'}]",INSERTION_FEE,0.11,USD,,,,,,,,,
FEE-7628963188719_11,7415520355,0,NON_SALE_CHARGE,DEBIT,2026-03-27T12:02:13.614Z,PAYOUT,Insertion Fee,,"[{'referenceId': '358265732804', 'referenceType': 'ITEM_ID'}]",INSERTION_FEE,0.11,USD,,,,,,,,,
FEE-7628960064519_11,7415520355,0,NON_SALE_CHARGE,DEBIT,2026-03-27T12:01:11.536Z,PAYOUT,Insertion Fee,,"[{'referenceId': '358265729668', 'referenceType': 'ITEM_ID'}]",INSERTION_FEE,0.11,USD,,,,,,,,,
FEE-7628958218019_11,7415520355,0,NON_SALE_CHARGE,DEBIT,2026-03-27T12:01:00.484Z,PAYOUT,Insertion Fee,,"[{'referenceId': '358265728058', 'referenceType': 'ITEM_ID'}]",INSERTION_FEE,0.11,USD,,,,,,,,,
FEE-7628947003119_11,7415520355,0,NON_SALE_CHARGE,DEBIT,2026-03-27T11:56:39.824Z,PAYOUT,Insertion Fee,,"[{'referenceId': '358265716747', 'referenceType': 'ITEM_ID'}]",INSERTION_FEE,0.11,USD,,,,,,,,,
FEE-7628944746419_11,7415520355,0,NON_SALE_CHARGE,DEBIT,2026-03-27T11:55:47.284Z,PAYOUT,Insertion Fee,,"[{'referenceId': '358265711667', 'referenceType': 'ITEM_ID'}]",INSERTION_FEE,0.11,USD,,,,,,,,,
FEE-7628943978119_11,7415520355,0,NON_SALE_CHARGE,DEBIT,2026-03-27T11:55:14.230Z,PAYOUT,Insertion Fee,,"[{'referenceId': '358265710069', 'referenceType': 'ITEM_ID'}]",INSERTION_FEE,0.11,USD,,,,,,,,,
FEE-7628943277619_11,7415520355,0,NON_SALE_CHARGE,DEBIT,2026-03-27T11:54:23.830Z,PAYOUT,Insertion Fee,,"[{'referenceId': '358265708779', 'referenceType': 'ITEM_ID'}]",INSERTION_FEE,0.11,USD,,,,,,,,,
FEE-7628942585619_11,7415520355,0,NON_SALE_CHARGE,DEBIT,2026-03-27T11:54:17.638Z,PAYOUT,Insertion Fee,,"[{'referenceId': '358265707719', 'referenceType': 'ITEM_ID'}]",INSERTION_FEE,0.11,USD,,,,,,,,,
FEE-7628939927219_11,7415520355,0,NON_SALE_CHARGE,DEBIT,2026-03-27T11:52:19.120Z,PAYOUT,Insertion Fee,,"[{'referenceId': '358265698043', 'referenceType': 'ITEM_ID'}]",INSERTION_FEE,0.11,USD,,,,,,,,,
FEE-7628938958219_11,7415520355,0,NON_SALE_CHARGE,DEBIT,2026-03-27T11:52:07.101Z,PAYOUT,Insertion Fee,,"[{'referenceId': '358265697192', 'referenceType': 'ITEM_ID'}]",INSERTION_FEE,0.11,USD,,,,,,,,,
FEE-7628937030319_11,7415520355,0,NON_SALE_CHARGE,DEBIT,2026-03-27T11:50:58.112Z,PAYOUT,Insertion Fee,,"[{'referenceId': '358265692474', 'referenceType': 'ITEM_ID'}]",INSERTION_FEE,0.11,USD,,,,,,,,,
FEE-7628931655819_11,7415520355,0,NON_SALE_CHARGE,DEBIT,2026-03-27T11:47:53.762Z,PAYOUT,Insertion Fee,,"[{'referenceId': '358265686939', 'referenceType': 'ITEM_ID'}]",INSERTION_FEE,0.11,USD,,,,,,,,,
FEE-7628923213819_11,7415520355,0,NON_SALE_CHARGE,DEBIT,2026-03-27T11:44:18.397Z,PAYOUT,Insertion Fee,,"[{'referenceId': '358265681577', 'referenceType': 'ITEM_ID'}]",INSERTION_FEE,0.11,USD,,,,,,,,,
FEE-7628920783819_11,7415520355,0,NON_SALE_CHARGE,DEBIT,2026-03-27T11:42:04.616Z,PAYOUT,Insertion Fee,,"[{'referenceId': '358265676350', 'referenceType': 'ITEM_ID'}]",INSERTION_FEE,0.11,USD,,,,,,,,,
FEE-7628911298619_11,7415520355,0,NON_SALE_CHARGE,DEBIT,2026-03-27T11:35:53.044Z,PAYOUT,Insertion Fee,,"[{'referenceId': '358265663833', 'referenceType': 'ITEM_ID'}]",INSERTION_FEE,0.11,USD,,,,,,,,,
FEE-7628885827219_11,7415520355,0,NON_SALE_CHARGE,DEBIT,2026-03-27T11:25:12.560Z,PAYOUT,Insertion Fee,,"[{'referenceId': '358265619767', 'referenceType': 'ITEM_ID'}]",INSERTION_FEE,0.11,USD,,,,,,,,,
FEE-7628876846119_11,7415520355,0,NON_SALE_CHARGE,DEBIT,2026-03-27T11:17:07.079Z,PAYOUT,Insertion Fee,,"[{'referenceId': '358265592833', 'referenceType': 'ITEM_ID'}]",INSERTION_FEE,0.11,USD,,,,,,,,,
FEE-7628874939619_11,7415520355,0,NON_SALE_CHARGE,DEBIT,2026-03-27T11:15:34.403Z,PAYOUT,Insertion Fee,,"[{'referenceId': '358265587151', 'referenceType': 'ITEM_ID'}]",INSERTION_FEE,0.11,USD,,,,,,,,,
FEE-7628869982119_11,7415520355,0,NON_SALE_CHARGE,DEBIT,2026-03-27T11:13:24.986Z,PAYOUT,Insertion Fee,,"[{'referenceId': '358265577882', 'referenceType': 'ITEM_ID'}]",INSERTION_FEE,0.11,USD,,,,,,,,,
FEE-7628865024019_11,7415520355,0,NON_SALE_CHARGE,DEBIT,2026-03-27T11:11:08.387Z,PAYOUT,Insertion Fee,,"[{'referenceId': '358265566713', 'referenceType': 'ITEM_ID'}]",INSERTION_FEE,0.11,USD,,,,,,,,,
FEE-7628851289519_11,7415520355,0,NON_SALE_CHARGE,DEBIT,2026-03-27T11:07:05.623Z,PAYOUT,Insertion Fee,,"[{'referenceId': '358265545739', 'referenceType': 'ITEM_ID'}]",INSERTION_FEE,0.11,USD,,,,,,,,,
FEE-7628838224619_11,7415520355,0,NON_SALE_CHARGE,DEBIT,2026-03-27T10:58:18.695Z,PAYOUT,Insertion Fee,,"[{'referenceId': '358265517078', 'referenceType': 'ITEM_ID'}]",INSERTION_FEE,0.11,USD,,,,,,,,,
FEE-7628835976519_11,7415520355,0,NON_SALE_CHARGE,DEBIT,2026-03-27T10:57:03.853Z,PAYOUT,Insertion Fee,,"[{'referenceId': '358265515691', 'referenceType': 'ITEM_ID'}]",INSERTION_FEE,0.11,USD,,,,,,,,,
FEE-7628818774619_11,7415520355,0,NON_SALE_CHARGE,DEBIT,2026-03-27T10:51:54.965Z,PAYOUT,Insertion Fee,,"[{'referenceId': '358265494833', 'referenceType': 'ITEM_ID'}]",INSERTION_FEE,0.11,USD,,,,,,,,,
FEE-7628817471419_11,7415520355,0,NON_SALE_CHARGE,DEBIT,2026-03-27T10:51:07.052Z,PAYOUT,Insertion Fee,,"[{'referenceId': '358265492825', 'referenceType': 'ITEM_ID'}]",INSERTION_FEE,0.11,USD,,,,,,,,,
FEE-7628813956819_11,7415520355,0,NON_SALE_CHARGE,DEBIT,2026-03-27T10:49:58.048Z,PAYOUT,Insertion Fee,,"[{'referenceId': '358265489058', 'referenceType': 'ITEM_ID'}]",INSERTION_FEE,0.11,USD,,,,,,,,,
FEE-7628811128119_11,7415520355,0,NON_SALE_CHARGE,DEBIT,2026-03-27T10:48:23.629Z,PAYOUT,Insertion Fee,,"[{'referenceId': '358265485965', 'referenceType': 'ITEM_ID'}]",INSERTION_FEE,0.11,USD,,,,,,,,,
FEE-7628809947419_11,7415520355,0,NON_SALE_CHARGE,DEBIT,2026-03-27T10:48:20.869Z,PAYOUT,Insertion Fee,,"[{'referenceId': '358265484242', 'referenceType': 'ITEM_ID'}]",INSERTION_FEE,0.11,USD,,,,,,,,,
FEE-7628810410519_11,7415520355,0,NON_SALE_CHARGE,DEBIT,2026-03-27T10:48:19.483Z,PAYOUT,Insertion Fee,,"[{'referenceId': '358265484983', 'referenceType': 'ITEM_ID'}]",INSERTION_FEE,0.11,USD,,,,,,,,,
FEE-7628809229419_11,7415520355,0,NON_SALE_CHARGE,DEBIT,2026-03-27T10:47:50.390Z,PAYOUT,Insertion Fee,,"[{'referenceId': '358265483437', 'referenceType': 'ITEM_ID'}]",INSERTION_FEE,0.11,USD,,,,,,,,,
FEE-7628805575019_11,7415520355,0,NON_SALE_CHARGE,DEBIT,2026-03-27T10:46:55.512Z,PAYOUT,Insertion Fee,,"[{'referenceId': '358265478270', 'referenceType': 'ITEM_ID'}]",INSERTION_FEE,0.11,USD,,,,,,,,,
FEE-7628804359919_11,7415520355,0,NON_SALE_CHARGE,DEBIT,2026-03-27T10:46:05.659Z,PAYOUT,Insertion Fee,,"[{'referenceId': '358265476274', 'referenceType': 'ITEM_ID'}]",INSERTION_FEE,0.11,USD,,,,,,,,,
FEE-7628803620519_11,7415520355,0,NON_SALE_CHARGE,DEBIT,2026-03-27T10:45:06.135Z,PAYOUT,Insertion Fee,,"[{'referenceId': '358265474311', 'referenceType': 'ITEM_ID'}]",INSERTION_FEE,0.11,USD,,,,,,,,,
FEE-7628802985519_11,7415520355,0,NON_SALE_CHARGE,DEBIT,2026-03-27T10:45:00.945Z,PAYOUT,Insertion Fee,,"[{'referenceId': '358265472209', 'referenceType': 'ITEM_ID'}]",INSERTION_FEE,0.11,USD,,,,,,,,,
FEE-7628801494519_11,7415520355,0,NON_SALE_CHARGE,DEBIT,2026-03-27T10:43:52.023Z,PAYOUT,Insertion Fee,,"[{'referenceId': '358265467039', 'referenceType': 'ITEM_ID'}]",INSERTION_FEE,0.11,USD,,,,,,,,,
FEE-7628801499119_11,7415520355,0,NON_SALE_CHARGE,DEBIT,2026-03-27T10:43:50.425Z,PAYOUT,Insertion Fee,,"[{'referenceId': '358265467872', 'referenceType': 'ITEM_ID'}]",INSERTION_FEE,0.11,USD,,,,,,,,,
FEE-7628799915019_11,7415520355,0,NON_SALE_CHARGE,DEBIT,2026-03-27T10:43:19.574Z,PAYOUT,Insertion Fee,,"[{'referenceId': '358265465257', 'referenceType': 'ITEM_ID'}]",INSERTION_FEE,0.11,USD,,,,,,,,,
FEE-7628799306719_11,7415520355,0,NON_SALE_CHARGE,DEBIT,2026-03-27T10:42:59.559Z,PAYOUT,Insertion Fee,,"[{'referenceId': '358265464506', 'referenceType': 'ITEM_ID'}]",INSERTION_FEE,0.11,USD,,,,,,,,,
FEE-7628798384419_11,7415520355,0,NON_SALE_CHARGE,DEBIT,2026-03-27T10:42:03.058Z,PAYOUT,Insertion Fee,,"[{'referenceId': '358265463334', 'referenceType': 'ITEM_ID'}]",INSERTION_FEE,0.11,USD,,,,,,,,,
FEE-7628797808119_11,7415520355,0,NON_SALE_CHARGE,DEBIT,2026-03-27T10:42:01.710Z,PAYOUT,Insertion Fee,,"[{'referenceId': '358265462386', 'referenceType': 'ITEM_ID'}]",INSERTION_FEE,0.11,USD,,,,,,,,,
FEE-7628797439619_11,7415520355,0,NON_SALE_CHARGE,DEBIT,2026-03-27T10:42:01.484Z,PAYOUT,Insertion Fee,,"[{'referenceId': '358265461779', 'referenceType': 'ITEM_ID'}]",INSERTION_FEE,0.11,USD,,,,,,,,,
FEE-7628796409719_11,7415520355,0,NON_SALE_CHARGE,DEBIT,2026-03-27T10:41:07.318Z,PAYOUT,Insertion Fee,,"[{'referenceId': '358265460037', 'referenceType': 'ITEM_ID'}]",INSERTION_FEE,0.11,USD,,,,,,,,,
FEE-7628796030919_11,7415520355,0,NON_SALE_CHARGE,DEBIT,2026-03-27T10:41:06.704Z,PAYOUT,Insertion Fee,,"[{'referenceId': '358265459155', 'referenceType': 'ITEM_ID'}]",INSERTION_FEE,0.11,USD,,,,,,,,,
FEE-7628795371519_11,7415520355,0,NON_SALE_CHARGE,DEBIT,2026-03-27T10:40:29.386Z,PAYOUT,Insertion Fee,,"[{'referenceId': '358265456563', 'referenceType': 'ITEM_ID'}]",INSERTION_FEE,0.11,USD,,,,,,,,,
FEE-7628794417719_11,7415520355,0,NON_SALE_CHARGE,DEBIT,2026-03-27T10:39:12.666Z,PAYOUT,Insertion Fee,,"[{'referenceId': '358265456053', 'referenceType': 'ITEM_ID'}]",INSERTION_FEE,0.11,USD,,,,,,,,,
FEE-7628793447019_11,7415520355,0,NON_SALE_CHARGE,DEBIT,2026-03-27T10:38:47.706Z,PAYOUT,Insertion Fee,,"[{'referenceId': '358265454794', 'referenceType': 'ITEM_ID'}]",INSERTION_FEE,0.11,USD,,,,,,,,,
FEE-7628792986419_11,7415520355,0,NON_SALE_CHARGE,DEBIT,2026-03-27T10:38:22.505Z,PAYOUT,Insertion Fee,,"[{'referenceId': '358265453763', 'referenceType': 'ITEM_ID'}]",INSERTION_FEE,0.11,USD,,,,,,,,,
FEE-7628792194519_11,7415520355,0,NON_SALE_CHARGE,DEBIT,2026-03-27T10:38:19.805Z,PAYOUT,Insertion Fee,,"[{'referenceId': '358265452861', 'referenceType': 'ITEM_ID'}]",INSERTION_FEE,0.11,USD,,,,,,,,,
FEE-7628791262319_11,7415520355,0,NON_SALE_CHARGE,DEBIT,2026-03-27T10:37:38.021Z,PAYOUT,Insertion Fee,,"[{'referenceId': '358265452406', 'referenceType': 'ITEM_ID'}]",INSERTION_FEE,0.11,USD,,,,,,,,,
FEE-7628791026019_11,7415520355,0,NON_SALE_CHARGE,DEBIT,2026-03-27T10:36:56.889Z,PAYOUT,Insertion Fee,,"[{'referenceId': '358265451261', 'referenceType': 'ITEM_ID'}]",INSERTION_FEE,0.11,USD,,,,,,,,,
FEE-7628790352419_11,7415520355,0,NON_SALE_CHARGE,DEBIT,2026-03-27T10:36:56.496Z,PAYOUT,Insertion Fee,,"[{'referenceId': '358265450537', 'referenceType': 'ITEM_ID'}]",INSERTION_FEE,0.11,USD,,,,,,,,,
FEE-7628790614919_11,7415520355,0,NON_SALE_CHARGE,DEBIT,2026-03-27T10:36:53.089Z,PAYOUT,Insertion Fee,,"[{'referenceId': '358265450921', 'referenceType': 'ITEM_ID'}]",INSERTION_FEE,0.11,USD,,,,,,,,,
FEE-7628790061519_11,7415520355,0,NON_SALE_CHARGE,DEBIT,2026-03-27T10:36:51.054Z,PAYOUT,Insertion Fee,,"[{'referenceId': '358265450078', 'referenceType': 'ITEM_ID'}]",INSERTION_FEE,0.11,USD,,,,,,,,,
FEE-7628790230419_11,7415520355,0,NON_SALE_CHARGE,DEBIT,2026-03-27T10:36:51.033Z,PAYOUT,Insertion Fee,,"[{'referenceId': '358265449626', 'referenceType': 'ITEM_ID'}]",INSERTION_FEE,0.11,USD,,,,,,,,,
FEE-7628789303419_11,7415520355,0,NON_SALE_CHARGE,DEBIT,2026-03-27T10:36:07.135Z,PAYOUT,Insertion Fee,,"[{'referenceId': '358265447358', 'referenceType': 'ITEM_ID'}]",INSERTION_FEE,0.11,USD,,,,,,,,,
FEE-7628788019319_11,7415520355,0,NON_SALE_CHARGE,DEBIT,2026-03-27T10:35:03.743Z,PAYOUT,Insertion Fee,,"[{'referenceId': '358265446261', 'referenceType': 'ITEM_ID'}]",INSERTION_FEE,0.11,USD,,,,,,,,,
FEE-7627489363519_11,7413926323,0,NON_SALE_CHARGE,DEBIT,2026-03-26T22:56:11.152Z,PAYOUT,Promoted Listings - General fee,eBay Commerce Inc.,"[{'referenceId': '358331692696', 'referenceType': 'ITEM_ID'}, {'referenceId': '07-14424-33672', 'referenceType': 'ORDER_ID'}]",AD_FEE,8.49,USD,,,,,,,,,
07-14424-33672,7424553811,0,SALE,CREDIT,2026-03-26T22:52:16.716Z,PAYOUT,,eBay Commerce Inc.,,,115.7,USD,07-14424-33672,"[{'lineItemId': '10084713152807', 'feeBasisAmount': {'value': '154.34', 'currency': 'USD'}, 'marketplaceFees': [{'feeType': 'FINAL_VALUE_FEE', 'amount': {'value': '21.56', 'currency': 'USD'}}, {'feeType': 'FINAL_VALUE_FEE_FIXED_PER_ORDER', 'amount': {'value': '0.44', 'currency': 'USD'}}, {'feeType': 'INTERNATIONAL_FEE', 'amount': {'value': '2.29', 'currency': 'USD'}, 'feeMemo': 'Charged because the delivery address is in United States. Final amount: $154.34.'}]}]",mommabe-353,139.99,USD,24.29,USD,14.35,USD
FEE-7625354008719_11,7413926323,0,NON_SALE_CHARGE,DEBIT,2026-03-26T04:43:35.206Z,PAYOUT,Promoted Listings - General fee,eBay Commerce Inc.,"[{'referenceId': '358348983569', 'referenceType': 'ITEM_ID'}, {'referenceId': '11-14414-98677', 'referenceType': 'ORDER_ID'}]",AD_FEE,7.98,USD,,,,,,,,,
11-14414-98677,7426084723,0,SALE,CREDIT,2026-03-26T04:40:04.054Z,PAYOUT,,eBay Commerce Inc.,,,124.3,USD,11-14414-98677,"[{'lineItemId': '10080684070311', 'feeBasisAmount': {'value': '145.0', 'currency': 'USD'}, 'marketplaceFees': [{'feeType': 'FINAL_VALUE_FEE', 'amount': {'value': '20.26', 'currency': 'USD'}}, {'feeType': 'FINAL_VALUE_FEE_FIXED_PER_ORDER', 'amount': {'value': '0.44', 'currency': 'USD'}}]}]",tani_425,145.0,USD,20.7,USD,,
FEE-7624987174619_11,7413926323,0,NON_SALE_CHARGE,DEBIT,2026-03-26T01:39:24.100Z,PAYOUT,Promoted Listings - General fee,eBay Commerce Inc.,"[{'referenceId': '358327304339', 'referenceType': 'ITEM_ID'}, {'referenceId': '13-14411-93574', 'referenceType': 'ORDER_ID'}]",AD_FEE,17.11,USD,,,,,,,,,
13-14411-93574,7422552379,0,SALE,CREDIT,2026-03-26T01:36:04.500Z,PAYOUT,,eBay Commerce Inc.,,,232.92,USD,13-14411-93574,"[{'lineItemId': '10081902950313', 'feeBasisAmount': {'value': '310.97', 'currency': 'USD'}, 'marketplaceFees': [{'feeType': 'FINAL_VALUE_FEE', 'amount': {'value': '43.44', 'currency': 'USD'}}, {'feeType': 'FINAL_VALUE_FEE_FIXED_PER_ORDER', 'amount': {'value': '0.44', 'currency': 'USD'}}, {'feeType': 'INTERNATIONAL_FEE', 'amount': {'value': '4.62', 'currency': 'USD'}, 'feeMemo': 'Charged because the delivery address is in United States. Final amount: $310.97.'}]}]",cainhughes,281.42,USD,48.5,USD,29.55,USD
FEE-7623410187919_11,7411642027,0,NON_SALE_CHARGE,DEBIT,2026-03-25T12:35:58.654Z,PAYOUT,Promoted Listings - General fee,eBay Commerce Inc.,"[{'referenceId': '358348944442', 'referenceType': 'ITEM_ID'}, {'referenceId': '20-14398-35180', 'referenceType': 'ORDER_ID'}]",AD_FEE,15.36,USD,,,,,,,,,
20-14398-35180,7424553811,0,SALE,CREDIT,2026-03-25T12:32:21.904Z,PAYOUT,,eBay Commerce Inc.,,,215.57,USD,20-14398-35180,"[{'lineItemId': '10079556093820', 'feeBasisAmount': {'value': '279.27', 'currency': 'USD'}, 'marketplaceFees': [{'feeType': 'FINAL_VALUE_FEE', 'amount': {'value': '39.02', 'currency': 'USD'}}, {'feeType': 'FINAL_VALUE_FEE_FIXED_PER_ORDER', 'amount': {'value': '0.44', 'currency': 'USD'}}, {'feeType': 'INTERNATIONAL_FEE', 'amount': {'value': '4.15', 'currency': 'USD'}, 'feeMemo': 'Charged because the delivery address is in United States. Final amount: $279.27.'}]}]",momoto_vivi,259.18,USD,43.61,USD,20.09,USD
FEE-7622263024619_11,7411642027,0,NON_SALE_CHARGE,DEBIT,2026-03-25T02:22:06.754Z,PAYOUT,Insertion Fee,,"[{'referenceId': '358256312749', 'referenceType': 'ITEM_ID'}]",INSERTION_FEE,0.11,USD,,,,,,,,,
FEE-7622259017219_11,7411642027,0,NON_SALE_CHARGE,DEBIT,2026-03-25T02:20:16.113Z,PAYOUT,Insertion Fee,,"[{'referenceId': '358256301839', 'referenceType': 'ITEM_ID'}]",INSERTION_FEE,0.11,USD,,,,,,,,,
FEE-7622258968319_11,7411642027,0,NON_SALE_CHARGE,DEBIT,2026-03-25T02:20:15.401Z,PAYOUT,Insertion Fee,,"[{'referenceId': '358256303930', 'referenceType': 'ITEM_ID'}]",INSERTION_FEE,0.11,USD,,,,,,,,,
FEE-7622257181919_11,7411642027,0,NON_SALE_CHARGE,DEBIT,2026-03-25T02:19:28.880Z,PAYOUT,Insertion Fee,,"[{'referenceId': '358256297711', 'referenceType': 'ITEM_ID'}]",INSERTION_FEE,0.11,USD,,,,,,,,,
FEE-7622241916619_11,7411642027,0,NON_SALE_CHARGE,DEBIT,2026-03-25T02:12:44.914Z,PAYOUT,Insertion Fee,,"[{'referenceId': '358256283053', 'referenceType': 'ITEM_ID'}]",INSERTION_FEE,0.11,USD,,,,,,,,,
FEE-7622240322019_11,7411642027,0,NON_SALE_CHARGE,DEBIT,2026-03-25T02:10:53.596Z,PAYOUT,Insertion Fee,,"[{'referenceId': '358256279373', 'referenceType': 'ITEM_ID'}]",INSERTION_FEE,0.11,USD,,,,,,,,,
FEE-7622239560819_11,7411642027,0,NON_SALE_CHARGE,DEBIT,2026-03-25T02:10:25.144Z,PAYOUT,Insertion Fee,,"[{'referenceId': '358256277853', 'referenceType': 'ITEM_ID'}]",INSERTION_FEE,0.11,USD,,,,,,,,,
FEE-7622234653519_11,7411642027,0,NON_SALE_CHARGE,DEBIT,2026-03-25T02:07:04.752Z,PAYOUT,Insertion Fee,,"[{'referenceId': '358256270797', 'referenceType': 'ITEM_ID'}]",INSERTION_FEE,0.11,USD,,,,,,,,,
FEE-7622234176919_11,7411642027,0,NON_SALE_CHARGE,DEBIT,2026-03-25T02:06:46.459Z,PAYOUT,Insertion Fee,,"[{'referenceId': '358256269070', 'referenceType': 'ITEM_ID'}]",INSERTION_FEE,0.11,USD,,,,,,,,,
FEE-7622231533019_11,7411642027,0,NON_SALE_CHARGE,DEBIT,2026-03-25T02:05:17.927Z,PAYOUT,Insertion Fee,,"[{'referenceId': '358256264964', 'referenceType': 'ITEM_ID'}]",INSERTION_FEE,0.11,USD,,,,,,,,,
FEE-7622223453519_11,7411642027,0,NON_SALE_CHARGE,DEBIT,2026-03-25T02:00:42.370Z,PAYOUT,Insertion Fee,,"[{'referenceId': '358256255946', 'referenceType': 'ITEM_ID'}]",INSERTION_FEE,0.11,USD,,,,,,,,,
FEE-7622221595819_11,7411642027,0,NON_SALE_CHARGE,DEBIT,2026-03-25T01:59:25.093Z,PAYOUT,Insertion Fee,,"[{'referenceId': '358256252841', 'referenceType': 'ITEM_ID'}]",INSERTION_FEE,0.11,USD,,,,,,,,,
FEE-7622220792619_11,7411642027,0,NON_SALE_CHARGE,DEBIT,2026-03-25T01:58:57.137Z,PAYOUT,Insertion Fee,,"[{'referenceId': '358256252161', 'referenceType': 'ITEM_ID'}]",INSERTION_FEE,0.11,USD,,,,,,,,,
FEE-7622213697519_11,7411642027,0,NON_SALE_CHARGE,DEBIT,2026-03-25T01:54:50.537Z,PAYOUT,Insertion Fee,,"[{'referenceId': '358256243906', 'referenceType': 'ITEM_ID'}]",INSERTION_FEE,0.11,USD,,,,,,,,,
FEE-7622212624119_11,7411642027,0,NON_SALE_CHARGE,DEBIT,2026-03-25T01:54:37.823Z,PAYOUT,Insertion Fee,,"[{'referenceId': '358256240446', 'referenceType': 'ITEM_ID'}]",INSERTION_FEE,0.11,USD,,,,,,,,,
FEE-7622206578519_11,7411642027,0,NON_SALE_CHARGE,DEBIT,2026-03-25T01:53:31.015Z,PAYOUT,Insertion Fee,,"[{'referenceId': '358256238821', 'referenceType': 'ITEM_ID'}]",INSERTION_FEE,0.11,USD,,,,,,,,,
FEE-7622207108519_11,7411642027,0,NON_SALE_CHARGE,DEBIT,2026-03-25T01:53:30.090Z,PAYOUT,Insertion Fee,,"[{'referenceId': '358256239315', 'referenceType': 'ITEM_ID'}]",INSERTION_FEE,0.11,USD,,,,,,,,,
FEE-7622201139719_11,7411642027,0,NON_SALE_CHARGE,DEBIT,2026-03-25T01:52:49.445Z,PAYOUT,Insertion Fee,,"[{'referenceId': '358256231000', 'referenceType': 'ITEM_ID'}]",INSERTION_FEE,0.11,USD,,,,,,,,,
FEE-7622192421219_11,7411642027,0,NON_SALE_CHARGE,DEBIT,2026-03-25T01:47:42.148Z,PAYOUT,Insertion Fee,,"[{'referenceId': '358256214396', 'referenceType': 'ITEM_ID'}]",INSERTION_FEE,0.11,USD,,,,,,,,,
FEE-7622188239819_11,7411642027,0,NON_SALE_CHARGE,DEBIT,2026-03-25T01:46:50.303Z,PAYOUT,Insertion Fee,,"[{'referenceId': '358256209037', 'referenceType': 'ITEM_ID'}]",INSERTION_FEE,0.11,USD,,,,,,,,,
FEE-7622187178819_11,7411642027,0,NON_SALE_CHARGE,DEBIT,2026-03-25T01:45:42.807Z,PAYOUT,Insertion Fee,,"[{'referenceId': '358256207794', 'referenceType': 'ITEM_ID'}]",INSERTION_FEE,0.11,USD,,,,,,,,,
FEE-7622186261219_11,7411642027,0,NON_SALE_CHARGE,DEBIT,2026-03-25T01:45:24.720Z,PAYOUT,Insertion Fee,,"[{'referenceId': '358256206570', 'referenceType': 'ITEM_ID'}]",INSERTION_FEE,0.11,USD,,,,,,,,,
FEE-7622184945719_11,7411642027,0,NON_SALE_CHARGE,DEBIT,2026-03-25T01:44:58.400Z,PAYOUT,Insertion Fee,,"[{'referenceId': '358256205210', 'referenceType': 'ITEM_ID'}]",INSERTION_FEE,0.11,USD,,,,,,,,,
FEE-7622183201419_11,7411642027,0,NON_SALE_CHARGE,DEBIT,2026-03-25T01:43:32.019Z,PAYOUT,Insertion Fee,,"[{'referenceId': '358256203809', 'referenceType': 'ITEM_ID'}]",INSERTION_FEE,0.11,USD,,,,,,,,,
FEE-7622179546419_11,7411642027,0,NON_SALE_CHARGE,DEBIT,2026-03-25T01:42:41.080Z,PAYOUT,Insertion Fee,,"[{'referenceId': '358256200232', 'referenceType': 'ITEM_ID'}]",INSERTION_FEE,0.11,USD,,,,,,,,,
FEE-7622176014219_11,7411642027,0,NON_SALE_CHARGE,DEBIT,2026-03-25T01:41:34.011Z,PAYOUT,Insertion Fee,,"[{'referenceId': '358256196754', 'referenceType': 'ITEM_ID'}]",INSERTION_FEE,0.11,USD,,,,,,,,,
FEE-7622171044219_11,7411642027,0,NON_SALE_CHARGE,DEBIT,2026-03-25T01:38:14.365Z,PAYOUT,Insertion Fee,,"[{'referenceId': '358256189700', 'referenceType': 'ITEM_ID'}]",INSERTION_FEE,0.11,USD,,,,,,,,,
FEE-7622164396319_11,7411642027,0,NON_SALE_CHARGE,DEBIT,2026-03-25T01:34:57.362Z,PAYOUT,Insertion Fee,,"[{'referenceId': '358256176788', 'referenceType': 'ITEM_ID'}]",INSERTION_FEE,0.11,USD,,,,,,,,,
FEE-7622161831619_11,7411642027,0,NON_SALE_CHARGE,DEBIT,2026-03-25T01:33:13.614Z,PAYOUT,Insertion Fee,,"[{'referenceId': '358256163264', 'referenceType': 'ITEM_ID'}]",INSERTION_FEE,0.11,USD,,,,,,,,,
FEE-7622160497819_11,7411642027,0,NON_SALE_CHARGE,DEBIT,2026-03-25T01:32:43.920Z,PAYOUT,Insertion Fee,,"[{'referenceId': '358256154244', 'referenceType': 'ITEM_ID'}]",INSERTION_FEE,0.11,USD,,,,,,,,,
FEE-7622157159719_11,7411642027,0,NON_SALE_CHARGE,DEBIT,2026-03-25T01:30:41.840Z,PAYOUT,Insertion Fee,,"[{'referenceId': '358256147039', 'referenceType': 'ITEM_ID'}]",INSERTION_FEE,0.11,USD,,,,,,,,,
FEE-7622152407919_11,7411642027,0,NON_SALE_CHARGE,DEBIT,2026-03-25T01:27:51.320Z,PAYOUT,Insertion Fee,,"[{'referenceId': '358256140146', 'referenceType': 'ITEM_ID'}]",INSERTION_FEE,0.11,USD,,,,,,,,,
FEE-7622151870219_11,7411642027,0,NON_SALE_CHARGE,DEBIT,2026-03-25T01:27:43.548Z,PAYOUT,Insertion Fee,,"[{'referenceId': '358256139572', 'referenceType': 'ITEM_ID'}]",INSERTION_FEE,0.11,USD,,,,,,,,,
FEE-7622145202319_11,7411642027,0,NON_SALE_CHARGE,DEBIT,2026-03-25T01:23:28.086Z,PAYOUT,Insertion Fee,,"[{'referenceId': '358256132698', 'referenceType': 'ITEM_ID'}]",INSERTION_FEE,0.11,USD,,,,,,,,,
FEE-7622143531919_11,7411642027,0,NON_SALE_CHARGE,DEBIT,2026-03-25T01:22:46.037Z,PAYOUT,Insertion Fee,,"[{'referenceId': '358256131816', 'referenceType': 'ITEM_ID'}]",INSERTION_FEE,0.11,USD,,,,,,,,,
FEE-7622139218719_11,7411642027,0,NON_SALE_CHARGE,DEBIT,2026-03-25T01:21:32.984Z,PAYOUT,Insertion Fee,,"[{'referenceId': '358256127934', 'referenceType': 'ITEM_ID'}]",INSERTION_FEE,0.11,USD,,,,,,,,,
FEE-7622137406219_11,7411642027,0,NON_SALE_CHARGE,DEBIT,2026-03-25T01:19:54.810Z,PAYOUT,Insertion Fee,,"[{'referenceId': '358256126494', 'referenceType': 'ITEM_ID'}]",INSERTION_FEE,0.11,USD,,,,,,,,,
FEE-7622133649519_11,7411642027,0,NON_SALE_CHARGE,DEBIT,2026-03-25T01:18:13.981Z,PAYOUT,Insertion Fee,,"[{'referenceId': '358256125003', 'referenceType': 'ITEM_ID'}]",INSERTION_FEE,0.11,USD,,,,,,,,,
FEE-7622126983819_11,7411642027,0,NON_SALE_CHARGE,DEBIT,2026-03-25T01:14:35.041Z,PAYOUT,Insertion Fee,,"[{'referenceId': '358256117662', 'referenceType': 'ITEM_ID'}]",INSERTION_FEE,0.11,USD,,,,,,,,,
FEE-7622124938219_11,7411642027,0,NON_SALE_CHARGE,DEBIT,2026-03-25T01:13:06.663Z,PAYOUT,Insertion Fee,,"[{'referenceId': '358256115216', 'referenceType': 'ITEM_ID'}]",INSERTION_FEE,0.11,USD,,,,,,,,,
FEE-7622125315619_11,7411642027,0,NON_SALE_CHARGE,DEBIT,2026-03-25T01:13:04.385Z,PAYOUT,Insertion Fee,,"[{'referenceId': '358256115933', 'referenceType': 'ITEM_ID'}]",INSERTION_FEE,0.11,USD,,,,,,,,,
FEE-7622124506319_11,7411642027,0,NON_SALE_CHARGE,DEBIT,2026-03-25T01:12:56.968Z,PAYOUT,Insertion Fee,,"[{'referenceId': '358256114649', 'referenceType': 'ITEM_ID'}]",INSERTION_FEE,0.11,USD,,,,,,,,,
FEE-7622123485019_11,7411642027,0,NON_SALE_CHARGE,DEBIT,2026-03-25T01:12:33.699Z,PAYOUT,Insertion Fee,,"[{'referenceId': '358256112808', 'referenceType': 'ITEM_ID'}]",INSERTION_FEE,0.11,USD,,,,,,,,,
FEE-7622122691719_11,7411642027,0,NON_SALE_CHARGE,DEBIT,2026-03-25T01:12:21.422Z,PAYOUT,Insertion Fee,,"[{'referenceId': '358256111213', 'referenceType': 'ITEM_ID'}]",INSERTION_FEE,0.11,USD,,,,,,,,,
FEE-7622112428919_11,7411642027,0,NON_SALE_CHARGE,DEBIT,2026-03-25T01:05:41.789Z,PAYOUT,Insertion Fee,,"[{'referenceId': '358256086493', 'referenceType': 'ITEM_ID'}]",INSERTION_FEE,0.11,USD,,,,,,,,,
FEE-7622109289919_11,7411642027,0,NON_SALE_CHARGE,DEBIT,2026-03-25T01:02:38.933Z,PAYOUT,Insertion Fee,,"[{'referenceId': '358256076133', 'referenceType': 'ITEM_ID'}]",INSERTION_FEE,0.11,USD,,,,,,,,,
FEE-7622107881519_11,7411642027,0,NON_SALE_CHARGE,DEBIT,2026-03-25T01:02:32.706Z,PAYOUT,Insertion Fee,,"[{'referenceId': '358256074592', 'referenceType': 'ITEM_ID'}]",INSERTION_FEE,0.11,USD,,,,,,,,,
FEE-7622106757819_11,7411642027,0,NON_SALE_CHARGE,DEBIT,2026-03-25T01:01:43.518Z,PAYOUT,Insertion Fee,,"[{'referenceId': '358256073835', 'referenceType': 'ITEM_ID'}]",INSERTION_FEE,0.11,USD,,,,,,,,,
FEE-7622106074319_11,7411642027,0,NON_SALE_CHARGE,DEBIT,2026-03-25T01:00:42.522Z,PAYOUT,Insertion Fee,,"[{'referenceId': '358256072847', 'referenceType': 'ITEM_ID'}]",INSERTION_FEE,0.11,USD,,,,,,,,,
FEE-7622105419219_11,7411642027,0,NON_SALE_CHARGE,DEBIT,2026-03-25T00:59:50.915Z,PAYOUT,Insertion Fee,,"[{'referenceId': '358256071578', 'referenceType': 'ITEM_ID'}]",INSERTION_FEE,0.11,USD,,,,,,,,,
FEE-7622095014219_11,7411642027,0,NON_SALE_CHARGE,DEBIT,2026-03-25T00:54:39.402Z,PAYOUT,Insertion Fee,,"[{'referenceId': '358256046526', 'referenceType': 'ITEM_ID'}]",INSERTION_FEE,0.11,USD,,,,,,,,,
FEE-7622095036619_11,7411642027,0,NON_SALE_CHARGE,DEBIT,2026-03-25T00:54:38.911Z,PAYOUT,Insertion Fee,,"[{'referenceId': '358256050507', 'referenceType': 'ITEM_ID'}]",INSERTION_FEE,0.11,USD,,,,,,,,,
FEE-7622095025719_11,7411642027,0,NON_SALE_CHARGE,DEBIT,2026-03-25T00:54:38.341Z,PAYOUT,Insertion Fee,,"[{'referenceId': '358256048681', 'referenceType': 'ITEM_ID'}]",INSERTION_FEE,0.11,USD,,,,,,,,,
FEE-7622094872619_11,7411642027,0,NON_SALE_CHARGE,DEBIT,2026-03-25T00:54:37.049Z,PAYOUT,Insertion Fee,,"[{'referenceId': '358256043281', 'referenceType': 'ITEM_ID'}]",INSERTION_FEE,0.11,USD,,,,,,,,,
FEE-7622074550319_11,7411642027,0,NON_SALE_CHARGE,DEBIT,2026-03-25T00:48:10.682Z,PAYOUT,Insertion Fee,,"[{'referenceId': '358256027787', 'referenceType': 'ITEM_ID'}]",INSERTION_FEE,0.11,USD,,,,,,,,,
FEE-7622072692819_11,7411642027,0,NON_SALE_CHARGE,DEBIT,2026-03-25T00:46:44.944Z,PAYOUT,Insertion Fee,,"[{'referenceId': '358256024020', 'referenceType': 'ITEM_ID'}]",INSERTION_FEE,0.11,USD,,,,,,,,,
FEE-7622057554419_11,7411642027,0,NON_SALE_CHARGE,DEBIT,2026-03-25T00:37:39.303Z,PAYOUT,Insertion Fee,,"[{'referenceId': '358256005594', 'referenceType': 'ITEM_ID'}]",INSERTION_FEE,0.11,USD,,,,,,,,,
FEE-7622054818819_11,7411642027,0,NON_SALE_CHARGE,DEBIT,2026-03-25T00:35:43.068Z,PAYOUT,Insertion Fee,,"[{'referenceId': '358256000384', 'referenceType': 'ITEM_ID'}]",INSERTION_FEE,0.11,USD,,,,,,,,,
FEE-7622052689019_11,7411642027,0,NON_SALE_CHARGE,DEBIT,2026-03-25T00:34:36.101Z,PAYOUT,Insertion Fee,,"[{'referenceId': '358255996728', 'referenceType': 'ITEM_ID'}]",INSERTION_FEE,0.11,USD,,,,,,,,,
FEE-7622051316219_11,7411642027,0,NON_SALE_CHARGE,DEBIT,2026-03-25T00:33:09.378Z,PAYOUT,Insertion Fee,,"[{'referenceId': '358255994136', 'referenceType': 'ITEM_ID'}]",INSERTION_FEE,0.11,USD,,,,,,,,,
FEE-7622040219219_11,7411642027,0,NON_SALE_CHARGE,DEBIT,2026-03-25T00:27:34.181Z,PAYOUT,Insertion Fee,,"[{'referenceId': '358255975454', 'referenceType': 'ITEM_ID'}]",INSERTION_FEE,0.11,USD,,,,,,,,,
FEE-7622040003419_11,7411642027,0,NON_SALE_CHARGE,DEBIT,2026-03-25T00:27:22.772Z,PAYOUT,Insertion Fee,,"[{'referenceId': '358255973666', 'referenceType': 'ITEM_ID'}]",INSERTION_FEE,0.11,USD,,,,,,,,,
FEE-7622039137319_11,7411642027,0,NON_SALE_CHARGE,DEBIT,2026-03-25T00:26:46.750Z,PAYOUT,Insertion Fee,,"[{'referenceId': '358255972130', 'referenceType': 'ITEM_ID'}]",INSERTION_FEE,0.11,USD,,,,,,,,,
FEE-7622038863719_11,7411642027,0,NON_SALE_CHARGE,DEBIT,2026-03-25T00:26:46.367Z,PAYOUT,Insertion Fee,,"[{'referenceId': '358255970610', 'referenceType': 'ITEM_ID'}]",INSERTION_FEE,0.11,USD,,,,,,,,,
FEE-7622037935919_11,7411642027,0,NON_SALE_CHARGE,DEBIT,2026-03-25T00:25:03.140Z,PAYOUT,Insertion Fee,,"[{'referenceId': '358255966785', 'referenceType': 'ITEM_ID'}]",INSERTION_FEE,0.11,USD,,,,,,,,,
FEE-7622037824519_11,7411642027,0,NON_SALE_CHARGE,DEBIT,2026-03-25T00:25:02.009Z,PAYOUT,Insertion Fee,,"[{'referenceId': '358255964359', 'referenceType': 'ITEM_ID'}]",INSERTION_FEE,0.11,USD,,,,,,,,,
FEE-7622036242219_11,7411642027,0,NON_SALE_CHARGE,DEBIT,2026-03-25T00:24:32.775Z,PAYOUT,Insertion Fee,,"[{'referenceId': '358255962020', 'referenceType': 'ITEM_ID'}]",INSERTION_FEE,0.11,USD,,,,,,,,,
FEE-7622035122419_11,7411642027,0,NON_SALE_CHARGE,DEBIT,2026-03-25T00:23:10.261Z,PAYOUT,Insertion Fee,,"[{'referenceId': '358255955811', 'referenceType': 'ITEM_ID'}]",INSERTION_FEE,0.11,USD,,,,,,,,,
FEE-7622035176519_11,7411642027,0,NON_SALE_CHARGE,DEBIT,2026-03-25T00:23:09.516Z,PAYOUT,Insertion Fee,,"[{'referenceId': '358255957509', 'referenceType': 'ITEM_ID'}]",INSERTION_FEE,0.11,USD,,,,,,,,,
FEE-7622024267719_11,7411642027,0,NON_SALE_CHARGE,DEBIT,2026-03-25T00:18:46.734Z,PAYOUT,Insertion Fee,,"[{'referenceId': '358255949541', 'referenceType': 'ITEM_ID'}]",INSERTION_FEE,0.11,USD,,,,,,,,,
FEE-7622023575219_11,7411642027,0,NON_SALE_CHARGE,DEBIT,2026-03-25T00:18:07.546Z,PAYOUT,Insertion Fee,,"[{'referenceId': '358255948434', 'referenceType': 'ITEM_ID'}]",INSERTION_FEE,0.11,USD,,,,,,,,,
FEE-7622017585919_11,7411642027,0,NON_SALE_CHARGE,DEBIT,2026-03-25T00:14:52.874Z,PAYOUT,Insertion Fee,,"[{'referenceId': '358255941300', 'referenceType': 'ITEM_ID'}]",INSERTION_FEE,0.11,USD,,,,,,,,,
FEE-7622016773719_11,7411642027,0,NON_SALE_CHARGE,DEBIT,2026-03-25T00:14:43.323Z,PAYOUT,Insertion Fee,,"[{'referenceId': '358255939897', 'referenceType': 'ITEM_ID'}]",INSERTION_FEE,0.11,USD,,,,,,,,,
FEE-7622014955119_11,7411642027,0,NON_SALE_CHARGE,DEBIT,2026-03-25T00:13:50.472Z,PAYOUT,Insertion Fee,,"[{'referenceId': '358255938388', 'referenceType': 'ITEM_ID'}]",INSERTION_FEE,0.11,USD,,,,,,,,,
FEE-7622014735619_11,7411642027,0,NON_SALE_CHARGE,DEBIT,2026-03-25T00:13:26.204Z,PAYOUT,Insertion Fee,,"[{'referenceId': '358255937807', 'referenceType': 'ITEM_ID'}]",INSERTION_FEE,0.11,USD,,,,,,,,,
FEE-7622012916119_11,7411642027,0,NON_SALE_CHARGE,DEBIT,2026-03-25T00:12:30.686Z,PAYOUT,Insertion Fee,,"[{'referenceId': '358255935965', 'referenceType': 'ITEM_ID'}]",INSERTION_FEE,0.11,USD,,,,,,,,,
FEE-7622009862719_11,7411642027,0,NON_SALE_CHARGE,DEBIT,2026-03-25T00:09:55.980Z,PAYOUT,Insertion Fee,,"[{'referenceId': '358255929819', 'referenceType': 'ITEM_ID'}]",INSERTION_FEE,0.11,USD,,,,,,,,,
FEE-7622009169219_11,7411642027,0,NON_SALE_CHARGE,DEBIT,2026-03-25T00:09:47.482Z,PAYOUT,Insertion Fee,,"[{'referenceId': '358255927559', 'referenceType': 'ITEM_ID'}]",INSERTION_FEE,0.11,USD,,,,,,,,,
FEE-7622007393119_11,7411642027,0,NON_SALE_CHARGE,DEBIT,2026-03-25T00:08:49.430Z,PAYOUT,Insertion Fee,,"[{'referenceId': '358255925283', 'referenceType': 'ITEM_ID'}]",INSERTION_FEE,0.11,USD,,,,,,,,,
FEE-7622006268219_11,7411642027,0,NON_SALE_CHARGE,DEBIT,2026-03-25T00:08:05.599Z,PAYOUT,Insertion Fee,,"[{'referenceId': '358255922859', 'referenceType': 'ITEM_ID'}]",INSERTION_FEE,0.11,USD,,,,,,,,,
FEE-7622003172919_11,7411642027,0,NON_SALE_CHARGE,DEBIT,2026-03-25T00:06:43.254Z,PAYOUT,Insertion Fee,,"[{'referenceId': '358255919739', 'referenceType': 'ITEM_ID'}]",INSERTION_FEE,0.11,USD,,,,,,,,,
FEE-7622002166319_11,7411642027,0,NON_SALE_CHARGE,DEBIT,2026-03-25T00:05:28.726Z,PAYOUT,Insertion Fee,,"[{'referenceId': '358255918831', 'referenceType': 'ITEM_ID'}]",INSERTION_FEE,0.11,USD,,,,,,,,,
FEE-7621999372719_11,7411642027,0,NON_SALE_CHARGE,DEBIT,2026-03-25T00:03:45.040Z,PAYOUT,Insertion Fee,,"[{'referenceId': '358255915893', 'referenceType': 'ITEM_ID'}]",INSERTION_FEE,0.11,USD,,,,,,,,,
FEE-7621998458219_11,7411642027,0,NON_SALE_CHARGE,DEBIT,2026-03-25T00:03:06.756Z,PAYOUT,Insertion Fee,,"[{'referenceId': '358255915382', 'referenceType': 'ITEM_ID'}]",INSERTION_FEE,0.11,USD,,,,,,,,,
FEE-7621994547219_11,7411642027,0,NON_SALE_CHARGE,DEBIT,2026-03-25T00:00:41.794Z,PAYOUT,Insertion Fee,,"[{'referenceId': '358255913456', 'referenceType': 'ITEM_ID'}]",INSERTION_FEE,0.11,USD,,,,,,,,,
FEE-7621993293919_11,7411642027,0,NON_SALE_CHARGE,DEBIT,2026-03-24T23:59:39.270Z,PAYOUT,Insertion Fee,,"[{'referenceId': '358255912941', 'referenceType': 'ITEM_ID'}]",INSERTION_FEE,0.11,USD,,,,,,,,,
FEE-7621987797019_11,7411642027,0,NON_SALE_CHARGE,DEBIT,2026-03-24T23:57:35.946Z,PAYOUT,Insertion Fee,,"[{'referenceId': '358255906022', 'referenceType': 'ITEM_ID'}]",INSERTION_FEE,0.11,USD,,,,,,,,,
FEE-7621985172619_11,7411642027,0,NON_SALE_CHARGE,DEBIT,2026-03-24T23:55:13.000Z,PAYOUT,Insertion Fee,,"[{'referenceId': '358255901678', 'referenceType': 'ITEM_ID'}]",INSERTION_FEE,0.11,USD,,,,,,,,,
FEE-7621984812819_11,7411642027,0,NON_SALE_CHARGE,DEBIT,2026-03-24T23:55:07.845Z,PAYOUT,Insertion Fee,,"[{'referenceId': '358255901138', 'referenceType': 'ITEM_ID'}]",INSERTION_FEE,0.11,USD,,,,,,,,,
FEE-7621984081419_11,7411642027,0,NON_SALE_CHARGE,DEBIT,2026-03-24T23:54:20.156Z,PAYOUT,Insertion Fee,,"[{'referenceId': '358255899609', 'referenceType': 'ITEM_ID'}]",INSERTION_FEE,0.11,USD,,,,,,,,,
FEE-7621981766119_11,7411642027,0,NON_SALE_CHARGE,DEBIT,2026-03-24T23:53:24.420Z,PAYOUT,Insertion Fee,,"[{'referenceId': '358255895868', 'referenceType': 'ITEM_ID'}]",INSERTION_FEE,0.11,USD,,,,,,,,,
FEE-7621980792119_11,7411642027,0,NON_SALE_CHARGE,DEBIT,2026-03-24T23:53:05.402Z,PAYOUT,Insertion Fee,,"[{'referenceId': '358255889584', 'referenceType': 'ITEM_ID'}]",INSERTION_FEE,0.11,USD,,,,,,,,,
FEE-7621980604619_11,7411642027,0,NON_SALE_CHARGE,DEBIT,2026-03-24T23:52:31.295Z,PAYOUT,Insertion Fee,,"[{'referenceId': '358255890509', 'referenceType': 'ITEM_ID'}]",INSERTION_FEE,0.11,USD,,,,,,,,,
FEE-7621979983119_11,7411642027,0,NON_SALE_CHARGE,DEBIT,2026-03-24T23:52:11.037Z,PAYOUT,Insertion Fee,,"[{'referenceId': '358255884509', 'referenceType': 'ITEM_ID'}]",INSERTION_FEE,0.11,USD,,,,,,,,,
FEE-7621978682819_11,7411642027,0,NON_SALE_CHARGE,DEBIT,2026-03-24T23:51:07.810Z,PAYOUT,Insertion Fee,,"[{'referenceId': '358255880206', 'referenceType': 'ITEM_ID'}]",INSERTION_FEE,0.11,USD,,,,,,,,,
FEE-7621978304819_11,7411642027,0,NON_SALE_CHARGE,DEBIT,2026-03-24T23:50:51.600Z,PAYOUT,Insertion Fee,,"[{'referenceId': '358255877983', 'referenceType': 'ITEM_ID'}]",INSERTION_FEE,0.11,USD,,,,,,,,,
FEE-7621970679919_11,7411642027,0,NON_SALE_CHARGE,DEBIT,2026-03-24T23:46:28.000Z,PAYOUT,Insertion Fee,,"[{'referenceId': '358255871545', 'referenceType': 'ITEM_ID'}]",INSERTION_FEE,0.11,USD,,,,,,,,,
FEE-7621970134919_11,7411642027,0,NON_SALE_CHARGE,DEBIT,2026-03-24T23:46:23.615Z,PAYOUT,Insertion Fee,,"[{'referenceId': '358255869728', 'referenceType': 'ITEM_ID'}]",INSERTION_FEE,0.11,USD,,,,,,,,,
FEE-7621959346119_11,7411642027,0,NON_SALE_CHARGE,DEBIT,2026-03-24T23:40:40.285Z,PAYOUT,Insertion Fee,,"[{'referenceId': '358255854248', 'referenceType': 'ITEM_ID'}]",INSERTION_FEE,0.11,USD,,,,,,,,,
FEE-7621954247419_11,7411642027,0,NON_SALE_CHARGE,DEBIT,2026-03-24T23:36:43.423Z,PAYOUT,Insertion Fee,,"[{'referenceId': '358255846882', 'referenceType': 'ITEM_ID'}]",INSERTION_FEE,0.11,USD,,,,,,,,,
FEE-7621952631419_11,7411642027,0,NON_SALE_CHARGE,DEBIT,2026-03-24T23:36:22.166Z,PAYOUT,Insertion Fee,,"[{'referenceId': '358255846186', 'referenceType': 'ITEM_ID'}]",INSERTION_FEE,0.11,USD,,,,,,,,,
FEE-7621950661519_11,7411642027,0,NON_SALE_CHARGE,DEBIT,2026-03-24T23:35:39.311Z,PAYOUT,Insertion Fee,,"[{'referenceId': '358255842793', 'referenceType': 'ITEM_ID'}]",INSERTION_FEE,0.11,USD,,,,,,,,,
FEE-7621949744219_11,7411642027,0,NON_SALE_CHARGE,DEBIT,2026-03-24T23:35:39.210Z,PAYOUT,Insertion Fee,,"[{'referenceId': '358255841884', 'referenceType': 'ITEM_ID'}]",INSERTION_FEE,0.11,USD,,,,,,,,,
FEE-7621947895019_11,7411642027,0,NON_SALE_CHARGE,DEBIT,2026-03-24T23:33:48.221Z,PAYOUT,Insertion Fee,,"[{'referenceId': '358255838998', 'referenceType': 'ITEM_ID'}]",INSERTION_FEE,0.11,USD,,,,,,,,,
FEE-7621945528119_11,7411642027,0,NON_SALE_CHARGE,DEBIT,2026-03-24T23:31:54.208Z,PAYOUT,Insertion Fee,,"[{'referenceId': '358255835407', 'referenceType': 'ITEM_ID'}]",INSERTION_FEE,0.11,USD,,,,,,,,,
FEE-7621940449119_11,7411642027,0,NON_SALE_CHARGE,DEBIT,2026-03-24T23:28:37.629Z,PAYOUT,Insertion Fee,,"[{'referenceId': '358255822699', 'referenceType': 'ITEM_ID'}]",INSERTION_FEE,0.11,USD,,,,,,,,,
FEE-7621936763119_11,7411642027,0,NON_SALE_CHARGE,DEBIT,2026-03-24T23:26:46.398Z,PAYOUT,Insertion Fee,,"[{'referenceId': '358255817147', 'referenceType': 'ITEM_ID'}]",INSERTION_FEE,0.11,USD,,,,,,,,,
FEE-7621932939319_11,7411642027,0,NON_SALE_CHARGE,DEBIT,2026-03-24T23:26:00.267Z,PAYOUT,Insertion Fee,,"[{'referenceId': '358255807272', 'referenceType': 'ITEM_ID'}]",INSERTION_FEE,0.11,USD,,,,,,,,,
FEE-7621886274119_11,7411642027,0,NON_SALE_CHARGE,DEBIT,2026-03-24T22:59:25.909Z,PAYOUT,Insertion Fee,,"[{'referenceId': '358255725197', 'referenceType': 'ITEM_ID'}]",INSERTION_FEE,0.11,USD,,,,,,,,,
FEE-7621885456919_11,7411642027,0,NON_SALE_CHARGE,DEBIT,2026-03-24T22:58:55.869Z,PAYOUT,Insertion Fee,,"[{'referenceId': '358255724719', 'referenceType': 'ITEM_ID'}]",INSERTION_FEE,0.11,USD,,,,,,,,,
FEE-7621871575819_11,7411642027,0,NON_SALE_CHARGE,DEBIT,2026-03-24T22:51:30.203Z,PAYOUT,Insertion Fee,,"[{'referenceId': '358255701659', 'referenceType': 'ITEM_ID'}]",INSERTION_FEE,0.11,USD,,,,,,,,,
FEE-7621865741519_11,7411642027,0,NON_SALE_CHARGE,DEBIT,2026-03-24T22:47:22.358Z,PAYOUT,Insertion Fee,,"[{'referenceId': '358255689746', 'referenceType': 'ITEM_ID'}]",INSERTION_FEE,0.11,USD,,,,,,,,,
FEE-7621864964819_11,7411642027,0,NON_SALE_CHARGE,DEBIT,2026-03-24T22:47:19.352Z,PAYOUT,Insertion Fee,,"[{'referenceId': '358255688773', 'referenceType': 'ITEM_ID'}]",INSERTION_FEE,0.11,USD,,,,,,,,,
FEE-7621864370719_11,7411642027,0,NON_SALE_CHARGE,DEBIT,2026-03-24T22:46:32.514Z,PAYOUT,Insertion Fee,,"[{'referenceId': '358255687255', 'referenceType': 'ITEM_ID'}]",INSERTION_FEE,0.11,USD,,,,,,,,,
FEE-7621863298819_11,7411642027,0,NON_SALE_CHARGE,DEBIT,2026-03-24T22:46:00.674Z,PAYOUT,Insertion Fee,,"[{'referenceId': '358255686512', 'referenceType': 'ITEM_ID'}]",INSERTION_FEE,0.11,USD,,,,,,,,,
FEE-7621859755419_11,7411642027,0,NON_SALE_CHARGE,DEBIT,2026-03-24T22:43:49.361Z,PAYOUT,Insertion Fee,,"[{'referenceId': '358255680479', 'referenceType': 'ITEM_ID'}]",INSERTION_FEE,0.11,USD,,,,,,,,,
FEE-7621857035219_11,7411642027,0,NON_SALE_CHARGE,DEBIT,2026-03-24T22:42:20.370Z,PAYOUT,Insertion Fee,,"[{'referenceId': '358255676424', 'referenceType': 'ITEM_ID'}]",INSERTION_FEE,0.11,USD,,,,,,,,,
FEE-7621855835019_11,7411642027,0,NON_SALE_CHARGE,DEBIT,2026-03-24T22:41:28.600Z,PAYOUT,Insertion Fee,,"[{'referenceId': '358255673588', 'referenceType': 'ITEM_ID'}]",INSERTION_FEE,0.11,USD,,,,,,,,,
FEE-7621852372519_11,7411642027,0,NON_SALE_CHARGE,DEBIT,2026-03-24T22:38:54.574Z,PAYOUT,Insertion Fee,,"[{'referenceId': '358255664808', 'referenceType': 'ITEM_ID'}]",INSERTION_FEE,0.11,USD,,,,,,,,,
FEE-7621851239919_11,7411642027,0,NON_SALE_CHARGE,DEBIT,2026-03-24T22:38:37.353Z,PAYOUT,Insertion Fee,,"[{'referenceId': '358255662650', 'referenceType': 'ITEM_ID'}]",INSERTION_FEE,0.11,USD,,,,,,,,,
FEE-7621848707819_11,7411642027,0,NON_SALE_CHARGE,DEBIT,2026-03-24T22:37:23.257Z,PAYOUT,Insertion Fee,,"[{'referenceId': '358255658331', 'referenceType': 'ITEM_ID'}]",INSERTION_FEE,0.11,USD,,,,,,,,,
FEE-7621847250919_11,7411642027,0,NON_SALE_CHARGE,DEBIT,2026-03-24T22:37:19.751Z,PAYOUT,Insertion Fee,,"[{'referenceId': '358255656742', 'referenceType': 'ITEM_ID'}]",INSERTION_FEE,0.11,USD,,,,,,,,,
FEE-7621845497219_11,7411642027,0,NON_SALE_CHARGE,DEBIT,2026-03-24T22:37:01.476Z,PAYOUT,Insertion Fee,,"[{'referenceId': '358255655706', 'referenceType': 'ITEM_ID'}]",INSERTION_FEE,0.11,USD,,,,,,,,,
FEE-7621844152119_11,7411642027,0,NON_SALE_CHARGE,DEBIT,2026-03-24T22:36:29.077Z,PAYOUT,Insertion Fee,,"[{'referenceId': '358255654947', 'referenceType': 'ITEM_ID'}]",INSERTION_FEE,0.11,USD,,,,,,,,,
FEE-7621840124219_11,7411642027,0,NON_SALE_CHARGE,DEBIT,2026-03-24T22:34:13.069Z,PAYOUT,Insertion Fee,,"[{'referenceId': '358255651167', 'referenceType': 'ITEM_ID'}]",INSERTION_FEE,0.11,USD,,,,,,,,,
FEE-7621838756219_11,7411642027,0,NON_SALE_CHARGE,DEBIT,2026-03-24T22:33:25.097Z,PAYOUT,Insertion Fee,,"[{'referenceId': '358255649265', 'referenceType': 'ITEM_ID'}]",INSERTION_FEE,0.11,USD,,,,,,,,,
FEE-7621838348419_11,7411642027,0,NON_SALE_CHARGE,DEBIT,2026-03-24T22:32:34.212Z,PAYOUT,Insertion Fee,,"[{'referenceId': '358255648916', 'referenceType': 'ITEM_ID'}]",INSERTION_FEE,0.11,USD,,,,,,,,,
FEE-7621834720619_11,7411642027,0,NON_SALE_CHARGE,DEBIT,2026-03-24T22:30:37.960Z,PAYOUT,Insertion Fee,,"[{'referenceId': '358255639751', 'referenceType': 'ITEM_ID'}]",INSERTION_FEE,0.11,USD,,,,,,,,,
FEE-7621831652319_11,7411642027,0,NON_SALE_CHARGE,DEBIT,2026-03-24T22:29:20.308Z,PAYOUT,Insertion Fee,,"[{'referenceId': '358255637834', 'referenceType': 'ITEM_ID'}]",INSERTION_FEE,0.11,USD,,,,,,,,,
FEE-7621827498219_11,7411642027,0,NON_SALE_CHARGE,DEBIT,2026-03-24T22:26:58.901Z,PAYOUT,Insertion Fee,,"[{'referenceId': '358255634886', 'referenceType': 'ITEM_ID'}]",INSERTION_FEE,0.11,USD,,,,,,,,,
FEE-7621823905819_11,7411642027,0,NON_SALE_CHARGE,DEBIT,2026-03-24T22:23:52.482Z,PAYOUT,Insertion Fee,,"[{'referenceId': '358255629294', 'referenceType': 'ITEM_ID'}]",INSERTION_FEE,0.11,USD,,,,,,,,,
FEE-7621822889119_11,7411642027,0,NON_SALE_CHARGE,DEBIT,2026-03-24T22:23:19.448Z,PAYOUT,Insertion Fee,,"[{'referenceId': '358255627961', 'referenceType': 'ITEM_ID'}]",INSERTION_FEE,0.11,USD,,,,,,,,,
FEE-7621821507719_11,7411642027,0,NON_SALE_CHARGE,DEBIT,2026-03-24T22:23:07.977Z,PAYOUT,Insertion Fee,,"[{'referenceId': '358255626432', 'referenceType': 'ITEM_ID'}]",INSERTION_FEE,0.11,USD,,,,,,,,,
FEE-7621820509919_11,7411642027,0,NON_SALE_CHARGE,DEBIT,2026-03-24T22:22:01.681Z,PAYOUT,Insertion Fee,,"[{'referenceId': '358255625457', 'referenceType': 'ITEM_ID'}]",INSERTION_FEE,0.11,USD,,,,,,,,,
FEE-7621819578919_11,7411642027,0,NON_SALE_CHARGE,DEBIT,2026-03-24T22:21:37.150Z,PAYOUT,Insertion Fee,,"[{'referenceId': '358255623822', 'referenceType': 'ITEM_ID'}]",INSERTION_FEE,0.11,USD,,,,,,,,,
FEE-7621818213819_11,7411642027,0,NON_SALE_CHARGE,DEBIT,2026-03-24T22:20:29.835Z,PAYOUT,Insertion Fee,,"[{'referenceId': '358255621842', 'referenceType': 'ITEM_ID'}]",INSERTION_FEE,0.11,USD,,,,,,,,,
FEE-7621816991819_11,7411642027,0,NON_SALE_CHARGE,DEBIT,2026-03-24T22:20:12.604Z,PAYOUT,Insertion Fee,,"[{'referenceId': '358255617588', 'referenceType': 'ITEM_ID'}]",INSERTION_FEE,0.11,USD,,,,,,,,,
FEE-7621817427819_11,7411642027,0,NON_SALE_CHARGE,DEBIT,2026-03-24T22:20:09.734Z,PAYOUT,Insertion Fee,,"[{'referenceId': '358255619383', 'referenceType': 'ITEM_ID'}]",INSERTION_FEE,0.11,USD,,,,,,,,,
FEE-7621816785419_11,7411642027,0,NON_SALE_CHARGE,DEBIT,2026-03-24T22:20:06.488Z,PAYOUT,Insertion Fee,,"[{'referenceId': '358255615325', 'referenceType': 'ITEM_ID'}]",INSERTION_FEE,0.11,USD,,,,,,,,,
FEE-7621814965019_11,7411642027,0,NON_SALE_CHARGE,DEBIT,2026-03-24T22:19:02.343Z,PAYOUT,Insertion Fee,,"[{'referenceId': '358255612455', 'referenceType': 'ITEM_ID'}]",INSERTION_FEE,0.11,USD,,,,,,,,,
FEE-7621814110019_11,7411642027,0,NON_SALE_CHARGE,DEBIT,2026-03-24T22:18:31.025Z,PAYOUT,Insertion Fee,,"[{'referenceId': '358255610175', 'referenceType': 'ITEM_ID'}]",INSERTION_FEE,0.11,USD,,,,,,,,,
FEE-7621813140119_11,7411642027,0,NON_SALE_CHARGE,DEBIT,2026-03-24T22:17:07.613Z,PAYOUT,Insertion Fee,,"[{'referenceId': '358255606871', 'referenceType': 'ITEM_ID'}]",INSERTION_FEE,0.11,USD,,,,,,,,,
FEE-7621812430319_11,7411642027,0,NON_SALE_CHARGE,DEBIT,2026-03-24T22:16:44.372Z,PAYOUT,Insertion Fee,,"[{'referenceId': '358255605406', 'referenceType': 'ITEM_ID'}]",INSERTION_FEE,0.11,USD,,,,,,,,,
FEE-7621811010619_11,7411642027,0,NON_SALE_CHARGE,DEBIT,2026-03-24T22:15:42.450Z,PAYOUT,Insertion Fee,,"[{'referenceId': '358255602853', 'referenceType': 'ITEM_ID'}]",INSERTION_FEE,0.11,USD,,,,,,,,,
FEE-7621810759919_11,7411642027,0,NON_SALE_CHARGE,DEBIT,2026-03-24T22:15:38.911Z,PAYOUT,Insertion Fee,,"[{'referenceId': '358255602004', 'referenceType': 'ITEM_ID'}]",INSERTION_FEE,0.11,USD,,,,,,,,,
FEE-7621807888719_11,7411642027,0,NON_SALE_CHARGE,DEBIT,2026-03-24T22:13:32.945Z,PAYOUT,Insertion Fee,,"[{'referenceId': '358255595375', 'referenceType': 'ITEM_ID'}]",INSERTION_FEE,0.11,USD,,,,,,,,,
FEE-7621806687519_11,7411642027,0,NON_SALE_CHARGE,DEBIT,2026-03-24T22:12:41.090Z,PAYOUT,Insertion Fee,,"[{'referenceId': '358255592057', 'referenceType': 'ITEM_ID'}]",INSERTION_FEE,0.11,USD,,,,,,,,,
FEE-7621805151119_11,7411642027,0,NON_SALE_CHARGE,DEBIT,2026-03-24T22:12:01.946Z,PAYOUT,Insertion Fee,,"[{'referenceId': '358255587300', 'referenceType': 'ITEM_ID'}]",INSERTION_FEE,0.11,USD,,,,,,,,,
FEE-7621801368819_11,7411642027,0,NON_SALE_CHARGE,DEBIT,2026-03-24T22:10:32.075Z,PAYOUT,Insertion Fee,,"[{'referenceId': '358255582195', 'referenceType': 'ITEM_ID'}]",INSERTION_FEE,0.11,USD,,,,,,,,,
FEE-7621799642519_11,7411642027,0,NON_SALE_CHARGE,DEBIT,2026-03-24T22:09:56.562Z,PAYOUT,Insertion Fee,,"[{'referenceId': '358255579096', 'referenceType': 'ITEM_ID'}]",INSERTION_FEE,0.11,USD,,,,,,,,,
FEE-7621795167419_11,7411642027,0,NON_SALE_CHARGE,DEBIT,2026-03-24T22:07:35.844Z,PAYOUT,Insertion Fee,,"[{'referenceId': '358255574998', 'referenceType': 'ITEM_ID'}]",INSERTION_FEE,0.11,USD,,,,,,,,,
FEE-7621794648719_11,7411642027,0,NON_SALE_CHARGE,DEBIT,2026-03-24T22:07:01.480Z,PAYOUT,Insertion Fee,,"[{'referenceId': '358255572892', 'referenceType': 'ITEM_ID'}]",INSERTION_FEE,0.11,USD,,,,,,,,,
FEE-7621777183619_11,7411642027,0,NON_SALE_CHARGE,DEBIT,2026-03-24T21:53:27.578Z,PAYOUT,Insertion Fee,,"[{'referenceId': '358255551890', 'referenceType': 'ITEM_ID'}]",INSERTION_FEE,0.11,USD,,,,,,,,,
FEE-7621774298319_11,7411642027,0,NON_SALE_CHARGE,DEBIT,2026-03-24T21:51:41.219Z,PAYOUT,Insertion Fee,,"[{'referenceId': '358255548200', 'referenceType': 'ITEM_ID'}]",INSERTION_FEE,0.11,USD,,,,,,,,,
FEE-7621773917319_11,7411642027,0,NON_SALE_CHARGE,DEBIT,2026-03-24T21:51:05.398Z,PAYOUT,Insertion Fee,,"[{'referenceId': '358255545243', 'referenceType': 'ITEM_ID'}]",INSERTION_FEE,0.11,USD,,,,,,,,,
FEE-7621773021819_11,7411642027,0,NON_SALE_CHARGE,DEBIT,2026-03-24T21:50:41.457Z,PAYOUT,Insertion Fee,,"[{'referenceId': '358255544117', 'referenceType': 'ITEM_ID'}]",INSERTION_FEE,0.11,USD,,,,,,,,,
FEE-7621770825219_11,7411642027,0,NON_SALE_CHARGE,DEBIT,2026-03-24T21:49:00.806Z,PAYOUT,Insertion Fee,,"[{'referenceId': '358255541199', 'referenceType': 'ITEM_ID'}]",INSERTION_FEE,0.11,USD,,,,,,,,,
FEE-7621754362919_11,7411642027,0,NON_SALE_CHARGE,DEBIT,2026-03-24T21:39:06.808Z,PAYOUT,Insertion Fee,,"[{'referenceId': '358255516605', 'referenceType': 'ITEM_ID'}]",INSERTION_FEE,0.11,USD,,,,,,,,,
FEE-7621753899819_11,7411642027,0,NON_SALE_CHARGE,DEBIT,2026-03-24T21:39:02.358Z,PAYOUT,Insertion Fee,,"[{'referenceId': '358255514786', 'referenceType': 'ITEM_ID'}]",INSERTION_FEE,0.11,USD,,,,,,,,,
FEE-7621753894619_11,7411642027,0,NON_SALE_CHARGE,DEBIT,2026-03-24T21:39:00.608Z,PAYOUT,Insertion Fee,,"[{'referenceId': '358255515819', 'referenceType': 'ITEM_ID'}]",INSERTION_FEE,0.11,USD,,,,,,,,,
FEE-7621750941519_11,7411642027,0,NON_SALE_CHARGE,DEBIT,2026-03-24T21:38:25.823Z,PAYOUT,Insertion Fee,,"[{'referenceId': '358255513767', 'referenceType': 'ITEM_ID'}]",INSERTION_FEE,0.11,USD,,,,,,,,,
FEE-7621749916419_11,7411642027,0,NON_SALE_CHARGE,DEBIT,2026-03-24T21:38:18.999Z,PAYOUT,Insertion Fee,,"[{'referenceId': '358255512695', 'referenceType': 'ITEM_ID'}]",INSERTION_FEE,0.11,USD,,,,,,,,,
FEE-7621745219619_11,7411642027,0,NON_SALE_CHARGE,DEBIT,2026-03-24T21:35:30.502Z,PAYOUT,Insertion Fee,,"[{'referenceId': '358255503976', 'referenceType': 'ITEM_ID'}]",INSERTION_FEE,0.11,USD,,,,,,,,,
FEE-7621744590819_11,7411642027,0,NON_SALE_CHARGE,DEBIT,2026-03-24T21:34:54.727Z,PAYOUT,Insertion Fee,,"[{'referenceId': '358255501319', 'referenceType': 'ITEM_ID'}]",INSERTION_FEE,0.11,USD,,,,,,,,,
FEE-7621743197219_11,7411642027,0,NON_SALE_CHARGE,DEBIT,2026-03-24T21:33:29.493Z,PAYOUT,Insertion Fee,,"[{'referenceId': '358255499448', 'referenceType': 'ITEM_ID'}]",INSERTION_FEE,0.11,USD,,,,,,,,,
FEE-7621742074719_11,7411642027,0,NON_SALE_CHARGE,DEBIT,2026-03-24T21:33:23.800Z,PAYOUT,Insertion Fee,,"[{'referenceId': '358255498332', 'referenceType': 'ITEM_ID'}]",INSERTION_FEE,0.11,USD,,,,,,,,,
FEE-7621737525119_11,7411642027,0,NON_SALE_CHARGE,DEBIT,2026-03-24T21:30:40.084Z,PAYOUT,Insertion Fee,,"[{'referenceId': '358255489832', 'referenceType': 'ITEM_ID'}]",INSERTION_FEE,0.11,USD,,,,,,,,,
FEE-7621731685719_11,7411642027,0,NON_SALE_CHARGE,DEBIT,2026-03-24T21:27:00.886Z,PAYOUT,Insertion Fee,,"[{'referenceId': '358255482163', 'referenceType': 'ITEM_ID'}]",INSERTION_FEE,0.11,USD,,,,,,,,,
FEE-7621728506919_11,7411642027,0,NON_SALE_CHARGE,DEBIT,2026-03-24T21:24:52.781Z,PAYOUT,Insertion Fee,,"[{'referenceId': '358255479691', 'referenceType': 'ITEM_ID'}]",INSERTION_FEE,0.11,USD,,,,,,,,,
FEE-7621727311719_11,7411642027,0,NON_SALE_CHARGE,DEBIT,2026-03-24T21:23:46.901Z,PAYOUT,Insertion Fee,,"[{'referenceId': '358255478907', 'referenceType': 'ITEM_ID'}]",INSERTION_FEE,0.11,USD,,,,,,,,,
FEE-7621725080619_11,7411642027,0,NON_SALE_CHARGE,DEBIT,2026-03-24T21:23:17.010Z,PAYOUT,Insertion Fee,,"[{'referenceId': '358255477336', 'referenceType': 'ITEM_ID'}]",INSERTION_FEE,0.11,USD,,,,,,,,,
FEE-7621719471519_11,7411642027,0,NON_SALE_CHARGE,DEBIT,2026-03-24T21:19:51.927Z,PAYOUT,Insertion Fee,,"[{'referenceId': '358255474743', 'referenceType': 'ITEM_ID'}]",INSERTION_FEE,0.11,USD,,,,,,,,,
FEE-7621718339519_11,7411642027,0,NON_SALE_CHARGE,DEBIT,2026-03-24T21:18:37.303Z,PAYOUT,Insertion Fee,,"[{'referenceId': '358255473498', 'referenceType': 'ITEM_ID'}]",INSERTION_FEE,0.11,USD,,,,,,,,,
FEE-7621715763619_11,7411642027,0,NON_SALE_CHARGE,DEBIT,2026-03-24T21:18:14.969Z,PAYOUT,Insertion Fee,,"[{'referenceId': '358255470153', 'referenceType': 'ITEM_ID'}]",INSERTION_FEE,0.11,USD,,,,,,,,,
FEE-7621713197219_11,7411642027,0,NON_SALE_CHARGE,DEBIT,2026-03-24T21:16:37.487Z,PAYOUT,Insertion Fee,,"[{'referenceId': '358255469126', 'referenceType': 'ITEM_ID'}]",INSERTION_FEE,0.11,USD,,,,,,,,,
FEE-7621712565919_11,7411642027,0,NON_SALE_CHARGE,DEBIT,2026-03-24T21:16:23.116Z,PAYOUT,Insertion Fee,,"[{'referenceId': '358327125329', 'referenceType': 'ITEM_ID'}]",INSERTION_FEE,0.11,USD,,,,,,,,,
FEE-7621704547819_11,7411642027,0,NON_SALE_CHARGE,DEBIT,2026-03-24T21:13:13.518Z,PAYOUT,Insertion Fee,,"[{'referenceId': '358255463115', 'referenceType': 'ITEM_ID'}]",INSERTION_FEE,0.11,USD,,,,,,,,,
FEE-7621703438819_11,7411642027,0,NON_SALE_CHARGE,DEBIT,2026-03-24T21:12:40.519Z,PAYOUT,Insertion Fee,,"[{'referenceId': '358255459472', 'referenceType': 'ITEM_ID'}]",INSERTION_FEE,0.11,USD,,,,,,,,,
FEE-7621703261519_11,7411642027,0,NON_SALE_CHARGE,DEBIT,2026-03-24T21:12:37.809Z,PAYOUT,Insertion Fee,,"[{'referenceId': '358255461400', 'referenceType': 'ITEM_ID'}]",INSERTION_FEE,0.11,USD,,,,,,,,,
FEE-7621701752019_11,7411642027,0,NON_SALE_CHARGE,DEBIT,2026-03-24T21:12:32.019Z,PAYOUT,Insertion Fee,,"[{'referenceId': '358255456378', 'referenceType': 'ITEM_ID'}]",INSERTION_FEE,0.11,USD,,,,,,,,,
FEE-7621698502719_11,7411642027,0,NON_SALE_CHARGE,DEBIT,2026-03-24T21:09:16.354Z,PAYOUT,Insertion Fee,,"[{'referenceId': '358255448325', 'referenceType': 'ITEM_ID'}]",INSERTION_FEE,0.11,USD,,,,,,,,,
FEE-7621692652319_11,7411642027,0,NON_SALE_CHARGE,DEBIT,2026-03-24T21:08:31.019Z,PAYOUT,Insertion Fee,,"[{'referenceId': '358255443334', 'referenceType': 'ITEM_ID'}]",INSERTION_FEE,0.11,USD,,,,,,,,,
FEE-7621693374519_11,7411642027,0,NON_SALE_CHARGE,DEBIT,2026-03-24T21:08:27.952Z,PAYOUT,Insertion Fee,,"[{'referenceId': '358255444232', 'referenceType': 'ITEM_ID'}]",INSERTION_FEE,0.11,USD,,,,,,,,,
FEE-7621688677419_11,7411642027,0,NON_SALE_CHARGE,DEBIT,2026-03-24T21:07:00.142Z,PAYOUT,Insertion Fee,,"[{'referenceId': '358255438347', 'referenceType': 'ITEM_ID'}]",INSERTION_FEE,0.11,USD,,,,,,,,,
FEE-7621686630719_11,7411642027,0,NON_SALE_CHARGE,DEBIT,2026-03-24T21:05:27.271Z,PAYOUT,Insertion Fee,,"[{'referenceId': '358255437530', 'referenceType': 'ITEM_ID'}]",INSERTION_FEE,0.11,USD,,,,,,,,,
FEE-7621685488219_11,7411642027,0,NON_SALE_CHARGE,DEBIT,2026-03-24T21:04:57.961Z,PAYOUT,Insertion Fee,,"[{'referenceId': '358255436506', 'referenceType': 'ITEM_ID'}]",INSERTION_FEE,0.11,USD,,,,,,,,,
FEE-7621685353519_11,7411642027,0,NON_SALE_CHARGE,DEBIT,2026-03-24T21:04:56.942Z,PAYOUT,Insertion Fee,,"[{'referenceId': '358255435565', 'referenceType': 'ITEM_ID'}]",INSERTION_FEE,0.11,USD,,,,,,,,,
FEE-7621683941819_11,7411642027,0,NON_SALE_CHARGE,DEBIT,2026-03-24T21:04:37.486Z,PAYOUT,Insertion Fee,,"[{'referenceId': '358255432611', 'referenceType': 'ITEM_ID'}]",INSERTION_FEE,0.11,USD,,,,,,,,,
FEE-7621682452919_11,7411642027,0,NON_SALE_CHARGE,DEBIT,2026-03-24T21:03:57.443Z,PAYOUT,Insertion Fee,,"[{'referenceId': '358255428754', 'referenceType': 'ITEM_ID'}]",INSERTION_FEE,0.11,USD,,,,,,,,,
FEE-7621680437719_11,7411642027,0,NON_SALE_CHARGE,DEBIT,2026-03-24T21:01:57.093Z,PAYOUT,Insertion Fee,,"[{'referenceId': '358255425322', 'referenceType': 'ITEM_ID'}]",INSERTION_FEE,0.11,USD,,,,,,,,,
FEE-7621678995319_11,7411642027,0,NON_SALE_CHARGE,DEBIT,2026-03-24T21:01:41.198Z,PAYOUT,Insertion Fee,,"[{'referenceId': '358255422362', 'referenceType': 'ITEM_ID'}]",INSERTION_FEE,0.11,USD,,,,,,,,,
FEE-7621677009819_11,7411642027,0,NON_SALE_CHARGE,DEBIT,2026-03-24T20:59:33.888Z,PAYOUT,Insertion Fee,,"[{'referenceId': '358255420534', 'referenceType': 'ITEM_ID'}]",INSERTION_FEE,0.11,USD,,,,,,,,,
FEE-7621675387519_11,7411642027,0,NON_SALE_CHARGE,DEBIT,2026-03-24T20:58:56.804Z,PAYOUT,Insertion Fee,,"[{'referenceId': '358255418684', 'referenceType': 'ITEM_ID'}]",INSERTION_FEE,0.11,USD,,,,,,,,,
FEE-7621675013319_11,7411642027,0,NON_SALE_CHARGE,DEBIT,2026-03-24T20:58:49.855Z,PAYOUT,Insertion Fee,,"[{'referenceId': '358255417361', 'referenceType': 'ITEM_ID'}]",INSERTION_FEE,0.11,USD,,,,,,,,,
FEE-7621674569019_11,7411642027,0,NON_SALE_CHARGE,DEBIT,2026-03-24T20:58:04.662Z,PAYOUT,Insertion Fee,,"[{'referenceId': '358255416804', 'referenceType': 'ITEM_ID'}]",INSERTION_FEE,0.11,USD,,,,,,,,,
FEE-7621674033519_11,7411642027,0,NON_SALE_CHARGE,DEBIT,2026-03-24T20:57:15.622Z,PAYOUT,Insertion Fee,,"[{'referenceId': '358255415594', 'referenceType': 'ITEM_ID'}]",INSERTION_FEE,0.11,USD,,,,,,,,,
FEE-7621673290819_11,7411642027,0,NON_SALE_CHARGE,DEBIT,2026-03-24T20:56:51.842Z,PAYOUT,Insertion Fee,,"[{'referenceId': '358255415138', 'referenceType': 'ITEM_ID'}]",INSERTION_FEE,0.11,USD,,,,,,,,,
FEE-7621672976819_11,7411642027,0,NON_SALE_CHARGE,DEBIT,2026-03-24T20:56:44.295Z,PAYOUT,Insertion Fee,,"[{'referenceId': '358255414680', 'referenceType': 'ITEM_ID'}]",INSERTION_FEE,0.11,USD,,,,,,,,,
FEE-7621672538519_11,7411642027,0,NON_SALE_CHARGE,DEBIT,2026-03-24T20:56:43.141Z,PAYOUT,Insertion Fee,,"[{'referenceId': '358255413788', 'referenceType': 'ITEM_ID'}]",INSERTION_FEE,0.11,USD,,,,,,,,,
FEE-7621671072019_11,7411642027,0,NON_SALE_CHARGE,DEBIT,2026-03-24T20:55:34.203Z,PAYOUT,Insertion Fee,,"[{'referenceId': '358255410199', 'referenceType': 'ITEM_ID'}]",INSERTION_FEE,0.11,USD,,,,,,,,,
FEE-7621670606819_11,7411642027,0,NON_SALE_CHARGE,DEBIT,2026-03-24T20:55:17.574Z,PAYOUT,Insertion Fee,,"[{'referenceId': '358255408940', 'referenceType': 'ITEM_ID'}]",INSERTION_FEE,0.11,USD,,,,,,,,,
FEE-7621669291919_11,7411642027,0,NON_SALE_CHARGE,DEBIT,2026-03-24T20:54:52.238Z,PAYOUT,Insertion Fee,,"[{'referenceId': '358255408163', 'referenceType': 'ITEM_ID'}]",INSERTION_FEE,0.11,USD,,,,,,,,,
FEE-7621665419419_11,7411642027,0,NON_SALE_CHARGE,DEBIT,2026-03-24T20:54:37.340Z,PAYOUT,Insertion Fee,,"[{'referenceId': '358255404497', 'referenceType': 'ITEM_ID'}]",INSERTION_FEE,0.11,USD,,,,,,,,,
FEE-7621664735919_11,7411642027,0,NON_SALE_CHARGE,DEBIT,2026-03-24T20:54:21.655Z,PAYOUT,Insertion Fee,,"[{'referenceId': '358255402647', 'referenceType': 'ITEM_ID'}]",INSERTION_FEE,0.11,USD,,,,,,,,,
FEE-7621661859319_11,7411642027,0,NON_SALE_CHARGE,DEBIT,2026-03-24T20:53:56.724Z,PAYOUT,Insertion Fee,,"[{'referenceId': '358255399178', 'referenceType': 'ITEM_ID'}]",INSERTION_FEE,0.11,USD,,,,,,,,,
FEE-7621660517019_11,7411642027,0,NON_SALE_CHARGE,DEBIT,2026-03-24T20:52:47.306Z,PAYOUT,Insertion Fee,,"[{'referenceId': '358255397593', 'referenceType': 'ITEM_ID'}]",INSERTION_FEE,0.11,USD,,,,,,,,,
FEE-7621653628719_11,7411642027,0,NON_SALE_CHARGE,DEBIT,2026-03-24T20:46:45.364Z,PAYOUT,Insertion Fee,,"[{'referenceId': '358255394736', 'referenceType': 'ITEM_ID'}]",INSERTION_FEE,0.11,USD,,,,,,,,,
FEE-7621652442919_11,7411642027,0,NON_SALE_CHARGE,DEBIT,2026-03-24T20:45:58.979Z,PAYOUT,Insertion Fee,,"[{'referenceId': '358255393794', 'referenceType': 'ITEM_ID'}]",INSERTION_FEE,0.11,USD,,,,,,,,,
FEE-7621651764319_11,7411642027,0,NON_SALE_CHARGE,DEBIT,2026-03-24T20:44:31.781Z,PAYOUT,Insertion Fee,,"[{'referenceId': '358255392260', 'referenceType': 'ITEM_ID'}]",INSERTION_FEE,0.11,USD,,,,,,,,,
FEE-7621651025219_11,7411642027,0,NON_SALE_CHARGE,DEBIT,2026-03-24T20:44:30.885Z,PAYOUT,Insertion Fee,,"[{'referenceId': '358255390946', 'referenceType': 'ITEM_ID'}]",INSERTION_FEE,0.11,USD,,,,,,,,,
FEE-7621648039219_11,7411642027,0,NON_SALE_CHARGE,DEBIT,2026-03-24T20:42:47.149Z,PAYOUT,Insertion Fee,,"[{'referenceId': '358255389139', 'referenceType': 'ITEM_ID'}]",INSERTION_FEE,0.11,USD,,,,,,,,,
FEE-7621646460019_11,7411642027,0,NON_SALE_CHARGE,DEBIT,2026-03-24T20:42:16.762Z,PAYOUT,Insertion Fee,,"[{'referenceId': '358255387948', 'referenceType': 'ITEM_ID'}]",INSERTION_FEE,0.11,USD,,,,,,,,,
FEE-7621646557319_11,7411642027,0,NON_SALE_CHARGE,DEBIT,2026-03-24T20:42:12.893Z,PAYOUT,Insertion Fee,,"[{'referenceId': '358255388146', 'referenceType': 'ITEM_ID'}]",INSERTION_FEE,0.11,USD,,,,,,,,,
FEE-7621645267519_11,7411642027,0,NON_SALE_CHARGE,DEBIT,2026-03-24T20:41:45.425Z,PAYOUT,Insertion Fee,,"[{'referenceId': '358255387103', 'referenceType': 'ITEM_ID'}]",INSERTION_FEE,0.11,USD,,,,,,,,,
FEE-7621641949419_11,7411642027,0,NON_SALE_CHARGE,DEBIT,2026-03-24T20:39:18.647Z,PAYOUT,Insertion Fee,,"[{'referenceId': '358255381673', 'referenceType': 'ITEM_ID'}]",INSERTION_FEE,0.11,USD,,,,,,,,,
FEE-7621637656019_11,7411642027,0,NON_SALE_CHARGE,DEBIT,2026-03-24T20:37:37.227Z,PAYOUT,Insertion Fee,,"[{'referenceId': '358255374122', 'referenceType': 'ITEM_ID'}]",INSERTION_FEE,0.11,USD,,,,,,,,,
FEE-7621637534619_11,7411642027,0,NON_SALE_CHARGE,DEBIT,2026-03-24T20:37:26.870Z,PAYOUT,Insertion Fee,,"[{'referenceId': '358255375172', 'referenceType': 'ITEM_ID'}]",INSERTION_FEE,0.11,USD,,,,,,,,,
FEE-7621635915619_11,7411642027,0,NON_SALE_CHARGE,DEBIT,2026-03-24T20:37:13.402Z,PAYOUT,Insertion Fee,,"[{'referenceId': '358255371156', 'referenceType': 'ITEM_ID'}]",INSERTION_FEE,0.11,USD,,,,,,,,,
FEE-7621633143319_11,7411642027,0,NON_SALE_CHARGE,DEBIT,2026-03-24T20:35:46.004Z,PAYOUT,Insertion Fee,,"[{'referenceId': '358255369455', 'referenceType': 'ITEM_ID'}]",INSERTION_FEE,0.11,USD,,,,,,,,,
FEE-7621626971319_11,7411642027,0,NON_SALE_CHARGE,DEBIT,2026-03-24T20:32:57.852Z,PAYOUT,Insertion Fee,,"[{'referenceId': '358255360360', 'referenceType': 'ITEM_ID'}]",INSERTION_FEE,0.11,USD,,,,,,,,,
FEE-7620471037819_11,7411642027,0,NON_SALE_CHARGE,DEBIT,2026-03-24T11:27:27.290Z,PAYOUT,Insertion Fee,,"[{'referenceId': '358327147739', 'referenceType': 'ITEM_ID'}]",INSERTION_FEE,0.11,USD,,,,,,,,,
FEE-7619374097719_11,7411642027,0,NON_SALE_CHARGE,DEBIT,2026-03-24T00:58:43.960Z,PAYOUT,Insertion Fee,,"[{'referenceId': '358252217647', 'referenceType': 'ITEM_ID'}]",INSERTION_FEE,0.11,USD,,,,,,,,,
FEE-7619364361019_11,7411642027,0,NON_SALE_CHARGE,DEBIT,2026-03-24T00:50:40.152Z,PAYOUT,Insertion Fee,,"[{'referenceId': '358252197391', 'referenceType': 'ITEM_ID'}]",INSERTION_FEE,0.11,USD,,,,,,,,,
FEE-7619358750819_11,7411642027,0,NON_SALE_CHARGE,DEBIT,2026-03-24T00:48:47.340Z,PAYOUT,Insertion Fee,,"[{'referenceId': '358252187530', 'referenceType': 'ITEM_ID'}]",INSERTION_FEE,0.11,USD,,,,,,,,,
FEE-7619356153719_11,7411642027,0,NON_SALE_CHARGE,DEBIT,2026-03-24T00:48:04.203Z,PAYOUT,Insertion Fee,,"[{'referenceId': '358252183018', 'referenceType': 'ITEM_ID'}]",INSERTION_FEE,0.11,USD,,,,,,,,,
FEE-7619354247919_11,7411642027,0,NON_SALE_CHARGE,DEBIT,2026-03-24T00:46:00.709Z,PAYOUT,Insertion Fee,,"[{'referenceId': '358252180188', 'referenceType': 'ITEM_ID'}]",INSERTION_FEE,0.11,USD,,,,,,,,,
FEE-7619348680719_11,7411642027,0,NON_SALE_CHARGE,DEBIT,2026-03-24T00:41:30.524Z,PAYOUT,Insertion Fee,,"[{'referenceId': '358252163458', 'referenceType': 'ITEM_ID'}]",INSERTION_FEE,0.11,USD,,,,,,,,,
FEE-7619347622419_11,7411642027,0,NON_SALE_CHARGE,DEBIT,2026-03-24T00:40:39.199Z,PAYOUT,Insertion Fee,,"[{'referenceId': '358252162485', 'referenceType': 'ITEM_ID'}]",INSERTION_FEE,0.11,USD,,,,,,,,,
FEE-7619343059319_11,7411642027,0,NON_SALE_CHARGE,DEBIT,2026-03-24T00:38:05.053Z,PAYOUT,Insertion Fee,,"[{'referenceId': '358252160901', 'referenceType': 'ITEM_ID'}]",INSERTION_FEE,0.11,USD,,,,,,,,,
FEE-7619338659619_11,7411642027,0,NON_SALE_CHARGE,DEBIT,2026-03-24T00:34:05.446Z,PAYOUT,Insertion Fee,,"[{'referenceId': '358252153818', 'referenceType': 'ITEM_ID'}]",INSERTION_FEE,0.11,USD,,,,,,,,,
FEE-7619337981119_11,7411642027,0,NON_SALE_CHARGE,DEBIT,2026-03-24T00:33:45.872Z,PAYOUT,Insertion Fee,,"[{'referenceId': '358252151191', 'referenceType': 'ITEM_ID'}]",INSERTION_FEE,0.11,USD,,,,,,,,,
FEE-7619337170419_11,7411642027,0,NON_SALE_CHARGE,DEBIT,2026-03-24T00:33:06.099Z,PAYOUT,Insertion Fee,,"[{'referenceId': '358252147087', 'referenceType': 'ITEM_ID'}]",INSERTION_FEE,0.11,USD,,,,,,,,,
FEE-7619336254919_11,7411642027,0,NON_SALE_CHARGE,DEBIT,2026-03-24T00:32:56.065Z,PAYOUT,Insertion Fee,,"[{'referenceId': '358252143471', 'referenceType': 'ITEM_ID'}]",INSERTION_FEE,0.11,USD,,,,,,,,,
FEE-7619335946319_11,7411642027,0,NON_SALE_CHARGE,DEBIT,2026-03-24T00:32:54.957Z,PAYOUT,Insertion Fee,,"[{'referenceId': '358252139296', 'referenceType': 'ITEM_ID'}]",INSERTION_FEE,0.11,USD,,,,,,,,,
FEE-7619332268119_11,7411642027,0,NON_SALE_CHARGE,DEBIT,2026-03-24T00:29:00.090Z,PAYOUT,Insertion Fee,,"[{'referenceId': '358252130474', 'referenceType': 'ITEM_ID'}]",INSERTION_FEE,0.11,USD,,,,,,,,,
FEE-7619331589119_11,7411642027,0,NON_SALE_CHARGE,DEBIT,2026-03-24T00:28:44.495Z,PAYOUT,Insertion Fee,,"[{'referenceId': '358252128854', 'referenceType': 'ITEM_ID'}]",INSERTION_FEE,0.11,USD,,,,,,,,,
FEE-7619329616419_11,7411642027,0,NON_SALE_CHARGE,DEBIT,2026-03-24T00:27:54.166Z,PAYOUT,Insertion Fee,,"[{'referenceId': '358252119445', 'referenceType': 'ITEM_ID'}]",INSERTION_FEE,0.11,USD,,,,,,,,,
FEE-7619320019519_11,7411642027,0,NON_SALE_CHARGE,DEBIT,2026-03-24T00:21:30.857Z,PAYOUT,Insertion Fee,,"[{'referenceId': '358252101244', 'referenceType': 'ITEM_ID'}]",INSERTION_FEE,0.11,USD,,,,,,,,,
FEE-7619313877519_11,7411642027,0,NON_SALE_CHARGE,DEBIT,2026-03-24T00:19:16.011Z,PAYOUT,Insertion Fee,,"[{'referenceId': '358252100365', 'referenceType': 'ITEM_ID'}]",INSERTION_FEE,0.11,USD,,,,,,,,,
FEE-7619310187519_11,7411642027,0,NON_SALE_CHARGE,DEBIT,2026-03-24T00:18:04.063Z,PAYOUT,Insertion Fee,,"[{'referenceId': '358252099639', 'referenceType': 'ITEM_ID'}]",INSERTION_FEE,0.11,USD,,,,,,,,,
FEE-7619309228719_11,7411642027,0,NON_SALE_CHARGE,DEBIT,2026-03-24T00:17:55.494Z,PAYOUT,Insertion Fee,,"[{'referenceId': '358252098737', 'referenceType': 'ITEM_ID'}]",INSERTION_FEE,0.11,USD,,,,,,,,,
FEE-7619307791319_11,7411642027,0,NON_SALE_CHARGE,DEBIT,2026-03-24T00:16:00.432Z,PAYOUT,Insertion Fee,,"[{'referenceId': '358252098086', 'referenceType': 'ITEM_ID'}]",INSERTION_FEE,0.11,USD,,,,,,,,,
FEE-7619306507719_11,7411642027,0,NON_SALE_CHARGE,DEBIT,2026-03-24T00:14:50.156Z,PAYOUT,Insertion Fee,,"[{'referenceId': '358252096324', 'referenceType': 'ITEM_ID'}]",INSERTION_FEE,0.11,USD,,,,,,,,,
FEE-7619305779319_11,7411642027,0,NON_SALE_CHARGE,DEBIT,2026-03-24T00:14:23.121Z,PAYOUT,Insertion Fee,,"[{'referenceId': '358252094944', 'referenceType': 'ITEM_ID'}]",INSERTION_FEE,0.11,USD,,,,,,,,,
FEE-7619306013619_11,7411642027,0,NON_SALE_CHARGE,DEBIT,2026-03-24T00:14:22.494Z,PAYOUT,Insertion Fee,,"[{'referenceId': '358252095631', 'referenceType': 'ITEM_ID'}]",INSERTION_FEE,0.11,USD,,,,,,,,,
FEE-7619303979519_11,7411642027,0,NON_SALE_CHARGE,DEBIT,2026-03-24T00:13:40.788Z,PAYOUT,Insertion Fee,,"[{'referenceId': '358252092833', 'referenceType': 'ITEM_ID'}]",INSERTION_FEE,0.11,USD,,,,,,,,,
FEE-7619303242219_11,7411642027,0,NON_SALE_CHARGE,DEBIT,2026-03-24T00:13:00.073Z,PAYOUT,Insertion Fee,,"[{'referenceId': '358252092057', 'referenceType': 'ITEM_ID'}]",INSERTION_FEE,0.11,USD,,,,,,,,,
FEE-7619302721719_11,7411642027,0,NON_SALE_CHARGE,DEBIT,2026-03-24T00:12:53.692Z,PAYOUT,Insertion Fee,,"[{'referenceId': '358252089896', 'referenceType': 'ITEM_ID'}]",INSERTION_FEE,0.11,USD,,,,,,,,,
FEE-7619301187219_11,7411642027,0,NON_SALE_CHARGE,DEBIT,2026-03-24T00:12:01.347Z,PAYOUT,Insertion Fee,,"[{'referenceId': '358252088697', 'referenceType': 'ITEM_ID'}]",INSERTION_FEE,0.11,USD,,,,,,,,,
FEE-7619298590919_11,7411642027,0,NON_SALE_CHARGE,DEBIT,2026-03-24T00:10:32.524Z,PAYOUT,Insertion Fee,,"[{'referenceId': '358252083314', 'referenceType': 'ITEM_ID'}]",INSERTION_FEE,0.11,USD,,,,,,,,,
FEE-7619289518319_11,7411642027,0,NON_SALE_CHARGE,DEBIT,2026-03-24T00:02:11.540Z,PAYOUT,Insertion Fee,,"[{'referenceId': '358252073699', 'referenceType': 'ITEM_ID'}]",INSERTION_FEE,0.11,USD,,,,,,,,,
FEE-7619287946119_11,7411642027,0,NON_SALE_CHARGE,DEBIT,2026-03-24T00:01:47.839Z,PAYOUT,Insertion Fee,,"[{'referenceId': '358252072090', 'referenceType': 'ITEM_ID'}]",INSERTION_FEE,0.11,USD,,,,,,,,,
FEE-7619287303619_11,7411642027,0,NON_SALE_CHARGE,DEBIT,2026-03-24T00:01:30.261Z,PAYOUT,Insertion Fee,,"[{'referenceId': '358252070878', 'referenceType': 'ITEM_ID'}]",INSERTION_FEE,0.11,USD,,,,,,,,,
FEE-7619287137819_11,7411642027,0,NON_SALE_CHARGE,DEBIT,2026-03-24T00:01:07.048Z,PAYOUT,Insertion Fee,,"[{'referenceId': '358252069218', 'referenceType': 'ITEM_ID'}]",INSERTION_FEE,0.11,USD,,,,,,,,,
FEE-7619285653419_11,7411642027,0,NON_SALE_CHARGE,DEBIT,2026-03-23T23:58:44.411Z,PAYOUT,Insertion Fee,,"[{'referenceId': '358252065663', 'referenceType': 'ITEM_ID'}]",INSERTION_FEE,0.11,USD,,,,,,,,,
FEE-7619284713819_11,7411642027,0,NON_SALE_CHARGE,DEBIT,2026-03-23T23:57:59.931Z,PAYOUT,Insertion Fee,,"[{'referenceId': '358252064736', 'referenceType': 'ITEM_ID'}]",INSERTION_FEE,0.11,USD,,,,,,,,,
FEE-7619283487819_11,7411642027,0,NON_SALE_CHARGE,DEBIT,2026-03-23T23:57:12.933Z,PAYOUT,Insertion Fee,,"[{'referenceId': '358252062196', 'referenceType': 'ITEM_ID'}]",INSERTION_FEE,0.11,USD,,,,,,,,,
FEE-7619282775619_11,7411642027,0,NON_SALE_CHARGE,DEBIT,2026-03-23T23:57:09.255Z,PAYOUT,Insertion Fee,,"[{'referenceId': '358252060395', 'referenceType': 'ITEM_ID'}]",INSERTION_FEE,0.11,USD,,,,,,,,,
FEE-7619280672319_11,7411642027,0,NON_SALE_CHARGE,DEBIT,2026-03-23T23:56:09.539Z,PAYOUT,Insertion Fee,,"[{'referenceId': '358252055368', 'referenceType': 'ITEM_ID'}]",INSERTION_FEE,0.11,USD,,,,,,,,,
FEE-7619279652019_11,7411642027,0,NON_SALE_CHARGE,DEBIT,2026-03-23T23:54:14.026Z,PAYOUT,Insertion Fee,,"[{'referenceId': '358252053125', 'referenceType': 'ITEM_ID'}]",INSERTION_FEE,0.11,USD,,,,,,,,,
FEE-7619278905019_11,7411642027,0,NON_SALE_CHARGE,DEBIT,2026-03-23T23:53:36.869Z,PAYOUT,Insertion Fee,,"[{'referenceId': '358252051710', 'referenceType': 'ITEM_ID'}]",INSERTION_FEE,0.11,USD,,,,,,,,,
FEE-7619274322319_11,7411642027,0,NON_SALE_CHARGE,DEBIT,2026-03-23T23:51:41.208Z,PAYOUT,Insertion Fee,,"[{'referenceId': '358252036569', 'referenceType': 'ITEM_ID'}]",INSERTION_FEE,0.11,USD,,,,,,,,,
FEE-7619272441319_11,7411642027,0,NON_SALE_CHARGE,DEBIT,2026-03-23T23:51:06.952Z,PAYOUT,Insertion Fee,,"[{'referenceId': '358252033921', 'referenceType': 'ITEM_ID'}]",INSERTION_FEE,0.11,USD,,,,,,,,,
FEE-7619271640319_11,7411642027,0,NON_SALE_CHARGE,DEBIT,2026-03-23T23:49:20.162Z,PAYOUT,Insertion Fee,,"[{'referenceId': '358252031004', 'referenceType': 'ITEM_ID'}]",INSERTION_FEE,0.11,USD,,,,,,,,,
FEE-7619268151419_11,7411642027,0,NON_SALE_CHARGE,DEBIT,2026-03-23T23:48:31.878Z,PAYOUT,Insertion Fee,,"[{'referenceId': '358252029221', 'referenceType': 'ITEM_ID'}]",INSERTION_FEE,0.11,USD,,,,,,,,,
FEE-7619262772519_11,7411642027,0,NON_SALE_CHARGE,DEBIT,2026-03-23T23:46:51.949Z,PAYOUT,Insertion Fee,,"[{'referenceId': '358252024805', 'referenceType': 'ITEM_ID'}]",INSERTION_FEE,0.11,USD,,,,,,,,,
FEE-7619254487219_11,7411642027,0,NON_SALE_CHARGE,DEBIT,2026-03-23T23:40:30.265Z,PAYOUT,Insertion Fee,,"[{'referenceId': '358252005609', 'referenceType': 'ITEM_ID'}]",INSERTION_FEE,0.11,USD,,,,,,,,,
FEE-7619250933419_11,7411642027,0,NON_SALE_CHARGE,DEBIT,2026-03-23T23:39:25.577Z,PAYOUT,Insertion Fee,,"[{'referenceId': '358252004035', 'referenceType': 'ITEM_ID'}]",INSERTION_FEE,0.11,USD,,,,,,,,,
FEE-7619250641819_11,7411642027,0,NON_SALE_CHARGE,DEBIT,2026-03-23T23:39:21.640Z,PAYOUT,Insertion Fee,,"[{'referenceId': '358252002595', 'referenceType': 'ITEM_ID'}]",INSERTION_FEE,0.11,USD,,,,,,,,,
FEE-7619248931719_11,7411642027,0,NON_SALE_CHARGE,DEBIT,2026-03-23T23:38:06.787Z,PAYOUT,Insertion Fee,,"[{'referenceId': '358252000134', 'referenceType': 'ITEM_ID'}]",INSERTION_FEE,0.11,USD,,,,,,,,,
FEE-7619242055719_11,7411642027,0,NON_SALE_CHARGE,DEBIT,2026-03-23T23:35:27.931Z,PAYOUT,Insertion Fee,,"[{'referenceId': '358251993615', 'referenceType': 'ITEM_ID'}]",INSERTION_FEE,0.11,USD,,,,,,,,,
FEE-7619235162319_11,7411642027,0,NON_SALE_CHARGE,DEBIT,2026-03-23T23:32:42.320Z,PAYOUT,Insertion Fee,,"[{'referenceId': '358251982515', 'referenceType': 'ITEM_ID'}]",INSERTION_FEE,0.11,USD,,,,,,,,,
FEE-7619232537119_11,7411642027,0,NON_SALE_CHARGE,DEBIT,2026-03-23T23:31:42.164Z,PAYOUT,Insertion Fee,,"[{'referenceId': '358251978613', 'referenceType': 'ITEM_ID'}]",INSERTION_FEE,0.11,USD,,,,,,,,,
FEE-7619231875919_11,7411642027,0,NON_SALE_CHARGE,DEBIT,2026-03-23T23:31:10.095Z,PAYOUT,Insertion Fee,,"[{'referenceId': '358251977274', 'referenceType': 'ITEM_ID'}]",INSERTION_FEE,0.11,USD,,,,,,,,,
FEE-7619230277719_11,7407708883,0,NON_SALE_CHARGE,DEBIT,2026-03-23T23:29:52.373Z,PAYOUT,Insertion Fee,,"[{'referenceId': '358251975783', 'referenceType': 'ITEM_ID'}]",INSERTION_FEE,0.11,USD,,,,,,,,,
FEE-7619227708619_11,7407708883,0,NON_SALE_CHARGE,DEBIT,2026-03-23T23:28:52.118Z,PAYOUT,Insertion Fee,,"[{'referenceId': '358251971734', 'referenceType': 'ITEM_ID'}]",INSERTION_FEE,0.11,USD,,,,,,,,,
FEE-7619225281919_11,7407708883,0,NON_SALE_CHARGE,DEBIT,2026-03-23T23:27:46.006Z,PAYOUT,Insertion Fee,,"[{'referenceId': '358251967645', 'referenceType': 'ITEM_ID'}]",INSERTION_FEE,0.11,USD,,,,,,,,,
FEE-7619218720019_11,7407708883,0,NON_SALE_CHARGE,DEBIT,2026-03-23T23:21:40.594Z,PAYOUT,Insertion Fee,,"[{'referenceId': '358251952156', 'referenceType': 'ITEM_ID'}]",INSERTION_FEE,0.11,USD,,,,,,,,,
FEE-7619218106919_11,7407708883,0,NON_SALE_CHARGE,DEBIT,2026-03-23T23:21:05.673Z,PAYOUT,Insertion Fee,,"[{'referenceId': '358251949761', 'referenceType': 'ITEM_ID'}]",INSERTION_FEE,0.11,USD,,,,,,,,,
FEE-7619214820819_11,7407708883,0,NON_SALE_CHARGE,DEBIT,2026-03-23T23:18:19.413Z,PAYOUT,Insertion Fee,,"[{'referenceId': '358251941282', 'referenceType': 'ITEM_ID'}]",INSERTION_FEE,0.11,USD,,,,,,,,,
FEE-7619211499619_11,7407708883,0,NON_SALE_CHARGE,DEBIT,2026-03-23T23:16:37.793Z,PAYOUT,Insertion Fee,,"[{'referenceId': '358251933310', 'referenceType': 'ITEM_ID'}]",INSERTION_FEE,0.11,USD,,,,,,,,,
FEE-7619211028519_11,7407708883,0,NON_SALE_CHARGE,DEBIT,2026-03-23T23:16:07.081Z,PAYOUT,Insertion Fee,,"[{'referenceId': '358251930831', 'referenceType': 'ITEM_ID'}]",INSERTION_FEE,0.11,USD,,,,,,,,,
FEE-7619208067919_11,7407708883,0,NON_SALE_CHARGE,DEBIT,2026-03-23T23:13:27.757Z,PAYOUT,Insertion Fee,,"[{'referenceId': '358251922002', 'referenceType': 'ITEM_ID'}]",INSERTION_FEE,0.11,USD,,,,,,,,,
FEE-7619206673219_11,7407708883,0,NON_SALE_CHARGE,DEBIT,2026-03-23T23:13:16.606Z,PAYOUT,Insertion Fee,,"[{'referenceId': '358251919900', 'referenceType': 'ITEM_ID'}]",INSERTION_FEE,0.11,USD,,,,,,,,,
FEE-7619202052719_11,7407708883,0,NON_SALE_CHARGE,DEBIT,2026-03-23T23:11:40.440Z,PAYOUT,Insertion Fee,,"[{'referenceId': '358251913644', 'referenceType': 'ITEM_ID'}]",INSERTION_FEE,0.11,USD,,,,,,,,,
FEE-7619197601719_11,7407708883,0,NON_SALE_CHARGE,DEBIT,2026-03-23T23:10:06.123Z,PAYOUT,Insertion Fee,,"[{'referenceId': '358251907738', 'referenceType': 'ITEM_ID'}]",INSERTION_FEE,0.11,USD,,,,,,,,,
FEE-7619194516419_11,7407708883,0,NON_SALE_CHARGE,DEBIT,2026-03-23T23:08:15.848Z,PAYOUT,Insertion Fee,,"[{'referenceId': '358251901457', 'referenceType': 'ITEM_ID'}]",INSERTION_FEE,0.11,USD,,,,,,,,,
FEE-7619192914919_11,7407708883,0,NON_SALE_CHARGE,DEBIT,2026-03-23T23:06:40.803Z,PAYOUT,Insertion Fee,,"[{'referenceId': '358251898508', 'referenceType': 'ITEM_ID'}]",INSERTION_FEE,0.11,USD,,,,,,,,,
FEE-7619192146419_11,7407708883,0,NON_SALE_CHARGE,DEBIT,2026-03-23T23:06:05.154Z,PAYOUT,Insertion Fee,,"[{'referenceId': '358251897051', 'referenceType': 'ITEM_ID'}]",INSERTION_FEE,0.11,USD,,,,,,,,,
FEE-7619187691719_11,7407708883,0,NON_SALE_CHARGE,DEBIT,2026-03-23T23:03:16.077Z,PAYOUT,Insertion Fee,,"[{'referenceId': '358251887304', 'referenceType': 'ITEM_ID'}]",INSERTION_FEE,0.11,USD,,,,,,,,,
FEE-7619184945719_11,7407708883,0,NON_SALE_CHARGE,DEBIT,2026-03-23T23:02:19.956Z,PAYOUT,Insertion Fee,,"[{'referenceId': '358251883096', 'referenceType': 'ITEM_ID'}]",INSERTION_FEE,0.11,USD,,,,,,,,,
FEE-7619182726019_11,7407708883,0,NON_SALE_CHARGE,DEBIT,2026-03-23T23:00:21.854Z,PAYOUT,Insertion Fee,,"[{'referenceId': '358251881489', 'referenceType': 'ITEM_ID'}]",INSERTION_FEE,0.11,USD,,,,,,,,,
FEE-7619181381119_11,7407708883,0,NON_SALE_CHARGE,DEBIT,2026-03-23T22:59:14.681Z,PAYOUT,Insertion Fee,,"[{'referenceId': '358251881137', 'referenceType': 'ITEM_ID'}]",INSERTION_FEE,0.11,USD,,,,,,,,,
FEE-7619180494319_11,7407708883,0,NON_SALE_CHARGE,DEBIT,2026-03-23T22:58:58.005Z,PAYOUT,Insertion Fee,,"[{'referenceId': '358251880844', 'referenceType': 'ITEM_ID'}]",INSERTION_FEE,0.11,USD,,,,,,,,,
FEE-7619179931319_11,7407708883,0,NON_SALE_CHARGE,DEBIT,2026-03-23T22:58:25.262Z,PAYOUT,Insertion Fee,,"[{'referenceId': '358251880532', 'referenceType': 'ITEM_ID'}]",INSERTION_FEE,0.11,USD,,,,,,,,,
FEE-7619172088419_11,7407708883,0,NON_SALE_CHARGE,DEBIT,2026-03-23T22:53:55.840Z,PAYOUT,Insertion Fee,,"[{'referenceId': '358251865905', 'referenceType': 'ITEM_ID'}]",INSERTION_FEE,0.11,USD,,,,,,,,,
FEE-7619169595719_11,7407708883,0,NON_SALE_CHARGE,DEBIT,2026-03-23T22:52:30.588Z,PAYOUT,Insertion Fee,,"[{'referenceId': '358251856961', 'referenceType': 'ITEM_ID'}]",INSERTION_FEE,0.11,USD,,,,,,,,,
FEE-7619164637319_11,7407708883,0,NON_SALE_CHARGE,DEBIT,2026-03-23T22:51:16.358Z,PAYOUT,Insertion Fee,,"[{'referenceId': '358251851530', 'referenceType': 'ITEM_ID'}]",INSERTION_FEE,0.11,USD,,,,,,,,,
FEE-7619162534019_11,7407708883,0,NON_SALE_CHARGE,DEBIT,2026-03-23T22:50:08.409Z,PAYOUT,Insertion Fee,,"[{'referenceId': '358251848845', 'referenceType': 'ITEM_ID'}]",INSERTION_FEE,0.11,USD,,,,,,,,,
FEE-7619156573519_11,7407708883,0,NON_SALE_CHARGE,DEBIT,2026-03-23T22:47:09.348Z,PAYOUT,Insertion Fee,,"[{'referenceId': '358251841718', 'referenceType': 'ITEM_ID'}]",INSERTION_FEE,0.11,USD,,,,,,,,,
FEE-7619146046219_11,7407708883,0,NON_SALE_CHARGE,DEBIT,2026-03-23T22:40:58.738Z,PAYOUT,Insertion Fee,,"[{'referenceId': '358251829311', 'referenceType': 'ITEM_ID'}]",INSERTION_FEE,0.11,USD,,,,,,,,,
FEE-7619145223119_11,7407708883,0,NON_SALE_CHARGE,DEBIT,2026-03-23T22:40:46.341Z,PAYOUT,Insertion Fee,,"[{'referenceId': '358251828464', 'referenceType': 'ITEM_ID'}]",INSERTION_FEE,0.11,USD,,,,,,,,,
FEE-7619144245919_11,7407708883,0,NON_SALE_CHARGE,DEBIT,2026-03-23T22:40:10.815Z,PAYOUT,Insertion Fee,,"[{'referenceId': '358251827735', 'referenceType': 'ITEM_ID'}]",INSERTION_FEE,0.11,USD,,,,,,,,,
FEE-7619141345619_11,7407708883,0,NON_SALE_CHARGE,DEBIT,2026-03-23T22:37:26.530Z,PAYOUT,Insertion Fee,,"[{'referenceId': '358251824505', 'referenceType': 'ITEM_ID'}]",INSERTION_FEE,0.11,USD,,,,,,,,,
FEE-7619138328719_11,7407708883,0,NON_SALE_CHARGE,DEBIT,2026-03-23T22:36:17.657Z,PAYOUT,Insertion Fee,,"[{'referenceId': '358251822980', 'referenceType': 'ITEM_ID'}]",INSERTION_FEE,0.11,USD,,,,,,,,,
FEE-7619135876119_11,7407708883,0,NON_SALE_CHARGE,DEBIT,2026-03-23T22:35:08.696Z,PAYOUT,Insertion Fee,,"[{'referenceId': '358251820870', 'referenceType': 'ITEM_ID'}]",INSERTION_FEE,0.11,USD,,,,,,,,,
FEE-7619131687219_11,7407708883,0,NON_SALE_CHARGE,DEBIT,2026-03-23T22:32:56.747Z,PAYOUT,Insertion Fee,,"[{'referenceId': '358251814673', 'referenceType': 'ITEM_ID'}]",INSERTION_FEE,0.11,USD,,,,,,,,,
FEE-7619126426519_11,7407708883,0,NON_SALE_CHARGE,DEBIT,2026-03-23T22:28:46.660Z,PAYOUT,Insertion Fee,,"[{'referenceId': '358251807665', 'referenceType': 'ITEM_ID'}]",INSERTION_FEE,0.11,USD,,,,,,,,,
FEE-7619124313219_11,7407708883,0,NON_SALE_CHARGE,DEBIT,2026-03-23T22:28:03.630Z,PAYOUT,Insertion Fee,,"[{'referenceId': '358251806537', 'referenceType': 'ITEM_ID'}]",INSERTION_FEE,0.11,USD,,,,,,,,,
FEE-7619121996219_11,7407708883,0,NON_SALE_CHARGE,DEBIT,2026-03-23T22:26:13.338Z,PAYOUT,Insertion Fee,,"[{'referenceId': '358251804776', 'referenceType': 'ITEM_ID'}]",INSERTION_FEE,0.11,USD,,,,,,,,,
FEE-7619119429119_11,7407708883,0,NON_SALE_CHARGE,DEBIT,2026-03-23T22:25:10.139Z,PAYOUT,Insertion Fee,,"[{'referenceId': '358251802833', 'referenceType': 'ITEM_ID'}]",INSERTION_FEE,0.11,USD,,,,,,,,,
FEE-7619118287719_11,7407708883,0,NON_SALE_CHARGE,DEBIT,2026-03-23T22:24:00.097Z,PAYOUT,Insertion Fee,,"[{'referenceId': '358251802301', 'referenceType': 'ITEM_ID'}]",INSERTION_FEE,0.11,USD,,,,,,,,,
FEE-7619111934319_11,7407708883,0,NON_SALE_CHARGE,DEBIT,2026-03-23T22:20:11.579Z,PAYOUT,Insertion Fee,,"[{'referenceId': '358251795695', 'referenceType': 'ITEM_ID'}]",INSERTION_FEE,0.11,USD,,,,,,,,,
FEE-7619109355119_11,7407708883,0,NON_SALE_CHARGE,DEBIT,2026-03-23T22:18:57.310Z,PAYOUT,Insertion Fee,,"[{'referenceId': '358251790885', 'referenceType': 'ITEM_ID'}]",INSERTION_FEE,0.11,USD,,,,,,,,,
FEE-7619102465319_11,7407708883,0,NON_SALE_CHARGE,DEBIT,2026-03-23T22:15:39.338Z,PAYOUT,Insertion Fee,,"[{'referenceId': '358251780809', 'referenceType': 'ITEM_ID'}]",INSERTION_FEE,0.11,USD,,,,,,,,,
FEE-7619096062719_11,7407708883,0,NON_SALE_CHARGE,DEBIT,2026-03-23T22:13:02.992Z,PAYOUT,Insertion Fee,,"[{'referenceId': '358251770488', 'referenceType': 'ITEM_ID'}]",INSERTION_FEE,0.11,USD,,,,,,,,,
FEE-7619085911919_11,7407708883,0,NON_SALE_CHARGE,DEBIT,2026-03-23T22:10:19.156Z,PAYOUT,Insertion Fee,,"[{'referenceId': '358251759188', 'referenceType': 'ITEM_ID'}]",INSERTION_FEE,0.11,USD,,,,,,,,,
FEE-7619075150619_11,7407708883,0,NON_SALE_CHARGE,DEBIT,2026-03-23T22:05:35.934Z,PAYOUT,Insertion Fee,,"[{'referenceId': '358251750159', 'referenceType': 'ITEM_ID'}]",INSERTION_FEE,0.11,USD,,,,,,,,,
FEE-7619070433319_11,7407708883,0,NON_SALE_CHARGE,DEBIT,2026-03-23T22:03:54.601Z,PAYOUT,Insertion Fee,,"[{'referenceId': '358251744801', 'referenceType': 'ITEM_ID'}]",INSERTION_FEE,0.11,USD,,,,,,,,,
FEE-7619069881819_11,7407708883,0,NON_SALE_CHARGE,DEBIT,2026-03-23T22:03:37.105Z,PAYOUT,Insertion Fee,,"[{'referenceId': '358251743870', 'referenceType': 'ITEM_ID'}]",INSERTION_FEE,0.11,USD,,,,,,,,,
FEE-7619069028619_11,7407708883,0,NON_SALE_CHARGE,DEBIT,2026-03-23T22:03:18.352Z,PAYOUT,Insertion Fee,,"[{'referenceId': '358251742465', 'referenceType': 'ITEM_ID'}]",INSERTION_FEE,0.11,USD,,,,,,,,,
FEE-7619067653619_11,7407708883,0,NON_SALE_CHARGE,DEBIT,2026-03-23T22:01:57.834Z,PAYOUT,Insertion Fee,,"[{'referenceId': '358251742102', 'referenceType': 'ITEM_ID'}]",INSERTION_FEE,0.11,USD,,,,,,,,,
FEE-7619059576019_11,7407708883,0,NON_SALE_CHARGE,DEBIT,2026-03-23T21:56:55.904Z,PAYOUT,Insertion Fee,,"[{'referenceId': '358251739257', 'referenceType': 'ITEM_ID'}]",INSERTION_FEE,0.11,USD,,,,,,,,,
FEE-7619056373119_11,7407708883,0,NON_SALE_CHARGE,DEBIT,2026-03-23T21:54:32.391Z,PAYOUT,Insertion Fee,,"[{'referenceId': '358251737510', 'referenceType': 'ITEM_ID'}]",INSERTION_FEE,0.11,USD,,,,,,,,,
FEE-7619055700419_11,7407708883,0,NON_SALE_CHARGE,DEBIT,2026-03-23T21:53:59.616Z,PAYOUT,Insertion Fee,,"[{'referenceId': '358251737321', 'referenceType': 'ITEM_ID'}]",INSERTION_FEE,0.11,USD,,,,,,,,,
FEE-7619055291519_11,7407708883,0,NON_SALE_CHARGE,DEBIT,2026-03-23T21:53:58.457Z,PAYOUT,Insertion Fee,,"[{'referenceId': '358251737174', 'referenceType': 'ITEM_ID'}]",INSERTION_FEE,0.11,USD,,,,,,,,,
FEE-7619053210819_11,7407708883,0,NON_SALE_CHARGE,DEBIT,2026-03-23T21:52:45.330Z,PAYOUT,Insertion Fee,,"[{'referenceId': '358251733656', 'referenceType': 'ITEM_ID'}]",INSERTION_FEE,0.11,USD,,,,,,,,,
FEE-7619052259919_11,7407708883,0,NON_SALE_CHARGE,DEBIT,2026-03-23T21:51:59.324Z,PAYOUT,Insertion Fee,,"[{'referenceId': '358251731216', 'referenceType': 'ITEM_ID'}]",INSERTION_FEE,0.11,USD,,,,,,,,,
FEE-7619045994419_11,7407708883,0,NON_SALE_CHARGE,DEBIT,2026-03-23T21:46:59.713Z,PAYOUT,Insertion Fee,,"[{'referenceId': '358251724276', 'referenceType': 'ITEM_ID'}]",INSERTION_FEE,0.11,USD,,,,,,,,,
FEE-7619043522019_11,7407708883,0,NON_SALE_CHARGE,DEBIT,2026-03-23T21:45:21.353Z,PAYOUT,Insertion Fee,,"[{'referenceId': '358251721180', 'referenceType': 'ITEM_ID'}]",INSERTION_FEE,0.11,USD,,,,,,,,,
FEE-7619043432519_11,7407708883,0,NON_SALE_CHARGE,DEBIT,2026-03-23T21:45:16.686Z,PAYOUT,Insertion Fee,,"[{'referenceId': '358251720137', 'referenceType': 'ITEM_ID'}]",INSERTION_FEE,0.11,USD,,,,,,,,,
FEE-7619042900919_11,7407708883,0,NON_SALE_CHARGE,DEBIT,2026-03-23T21:44:20.179Z,PAYOUT,Insertion Fee,,"[{'referenceId': '358251719050', 'referenceType': 'ITEM_ID'}]",INSERTION_FEE,0.11,USD,,,,,,,,,
FEE-7619042030619_11,7407708883,0,NON_SALE_CHARGE,DEBIT,2026-03-23T21:43:52.866Z,PAYOUT,Insertion Fee,,"[{'referenceId': '358251718344', 'referenceType': 'ITEM_ID'}]",INSERTION_FEE,0.11,USD,,,,,,,,,
FEE-7619038546219_11,7407708883,0,NON_SALE_CHARGE,DEBIT,2026-03-23T21:41:45.625Z,PAYOUT,Insertion Fee,,"[{'referenceId': '358251713173', 'referenceType': 'ITEM_ID'}]",INSERTION_FEE,0.11,USD,,,,,,,,,
FEE-7619038053419_11,7407708883,0,NON_SALE_CHARGE,DEBIT,2026-03-23T21:41:31.456Z,PAYOUT,Insertion Fee,,"[{'referenceId': '358251712606', 'referenceType': 'ITEM_ID'}]",INSERTION_FEE,0.11,USD,,,,,,,,,
FEE-7619027199119_11,7407708883,0,NON_SALE_CHARGE,DEBIT,2026-03-23T21:34:51.289Z,PAYOUT,Insertion Fee,,"[{'referenceId': '358251697020', 'referenceType': 'ITEM_ID'}]",INSERTION_FEE,0.11,USD,,,,,,,,,
FEE-7619018663519_11,7407708883,0,NON_SALE_CHARGE,DEBIT,2026-03-23T21:33:34.386Z,PAYOUT,Insertion Fee,,"[{'referenceId': '358251691855', 'referenceType': 'ITEM_ID'}]",INSERTION_FEE,0.11,USD,,,,,,,,,
FEE-7619011104019_11,7407708883,0,NON_SALE_CHARGE,DEBIT,2026-03-23T21:28:31.809Z,PAYOUT,Insertion Fee,,"[{'referenceId': '358251675613', 'referenceType': 'ITEM_ID'}]",INSERTION_FEE,0.11,USD,,,,,,,,,
FEE-7619009311119_11,7407708883,0,NON_SALE_CHARGE,DEBIT,2026-03-23T21:26:56.783Z,PAYOUT,Insertion Fee,,"[{'referenceId': '358251674454', 'referenceType': 'ITEM_ID'}]",INSERTION_FEE,0.11,USD,,,,,,,,,
FEE-7619000179719_11,7407708883,0,NON_SALE_CHARGE,DEBIT,2026-03-23T21:24:09.353Z,PAYOUT,Insertion Fee,,"[{'referenceId': '358251671646', 'referenceType': 'ITEM_ID'}]",INSERTION_FEE,0.11,USD,,,,,,,,,
FEE-7618998783019_11,7407708883,0,NON_SALE_CHARGE,DEBIT,2026-03-23T21:23:15.353Z,PAYOUT,Insertion Fee,,"[{'referenceId': '358251671055', 'referenceType': 'ITEM_ID'}]",INSERTION_FEE,0.11,USD,,,,,,,,,
FEE-7618997996619_11,7407708883,0,NON_SALE_CHARGE,DEBIT,2026-03-23T21:22:48.819Z,PAYOUT,Insertion Fee,,"[{'referenceId': '358251670806', 'referenceType': 'ITEM_ID'}]",INSERTION_FEE,0.11,USD,,,,,,,,,
FEE-7618897230719_11,7407708883,0,NON_SALE_CHARGE,DEBIT,2026-03-23T20:34:23.368Z,PAYOUT,Insertion Fee,,"[{'referenceId': '358251543789', 'referenceType': 'ITEM_ID'}]",INSERTION_FEE,0.11,USD,,,,,,,,,
FEE-7618895315419_11,7407708883,0,NON_SALE_CHARGE,DEBIT,2026-03-23T20:33:41.934Z,PAYOUT,Insertion Fee,,"[{'referenceId': '358251536304', 'referenceType': 'ITEM_ID'}]",INSERTION_FEE,0.11,USD,,,,,,,,,
FEE-7618892749119_11,7407708883,0,NON_SALE_CHARGE,DEBIT,2026-03-23T20:31:41.710Z,PAYOUT,Insertion Fee,,"[{'referenceId': '358251532729', 'referenceType': 'ITEM_ID'}]",INSERTION_FEE,0.11,USD,,,,,,,,,
FEE-7618891560019_11,7407708883,0,NON_SALE_CHARGE,DEBIT,2026-03-23T20:31:08.319Z,PAYOUT,Insertion Fee,,"[{'referenceId': '358251529838', 'referenceType': 'ITEM_ID'}]",INSERTION_FEE,0.11,USD,,,,,,,,,
FEE-7618889804119_11,7407708883,0,NON_SALE_CHARGE,DEBIT,2026-03-23T20:30:02.918Z,PAYOUT,Insertion Fee,,"[{'referenceId': '358251525075', 'referenceType': 'ITEM_ID'}]",INSERTION_FEE,0.11,USD,,,,,,,,,
FEE-7618882072919_11,7407708883,0,NON_SALE_CHARGE,DEBIT,2026-03-23T20:25:48.730Z,PAYOUT,Insertion Fee,,"[{'referenceId': '358251514727', 'referenceType': 'ITEM_ID'}]",INSERTION_FEE,0.11,USD,,,,,,,,,
FEE-7618881155619_11,7407708883,0,NON_SALE_CHARGE,DEBIT,2026-03-23T20:25:29.981Z,PAYOUT,Insertion Fee,,"[{'referenceId': '358251513499', 'referenceType': 'ITEM_ID'}]",INSERTION_FEE,0.11,USD,,,,,,,,,
FEE-7618880098319_11,7407708883,0,NON_SALE_CHARGE,DEBIT,2026-03-23T20:25:01.678Z,PAYOUT,Insertion Fee,,"[{'referenceId': '358251512726', 'referenceType': 'ITEM_ID'}]",INSERTION_FEE,0.11,USD,,,,,,,,,
FEE-7618879357419_11,7407708883,0,NON_SALE_CHARGE,DEBIT,2026-03-23T20:24:45.971Z,PAYOUT,Insertion Fee,,"[{'referenceId': '358251512227', 'referenceType': 'ITEM_ID'}]",INSERTION_FEE,0.11,USD,,,,,,,,,
FEE-7618878161019_11,7407708883,0,NON_SALE_CHARGE,DEBIT,2026-03-23T20:24:33.190Z,PAYOUT,Insertion Fee,,"[{'referenceId': '358251511774', 'referenceType': 'ITEM_ID'}]",INSERTION_FEE,0.11,USD,,,,,,,,,
FEE-7618877623919_11,7407708883,0,NON_SALE_CHARGE,DEBIT,2026-03-23T20:24:24.597Z,PAYOUT,Insertion Fee,,"[{'referenceId': '358251511275', 'referenceType': 'ITEM_ID'}]",INSERTION_FEE,0.11,USD,,,,,,,,,
FEE-7618875229619_11,7407708883,0,NON_SALE_CHARGE,DEBIT,2026-03-23T20:23:25.587Z,PAYOUT,Insertion Fee,,"[{'referenceId': '358251510371', 'referenceType': 'ITEM_ID'}]",INSERTION_FEE,0.11,USD,,,,,,,,,
FEE-7618874628519_11,7407708883,0,NON_SALE_CHARGE,DEBIT,2026-03-23T20:22:29.686Z,PAYOUT,Insertion Fee,,"[{'referenceId': '358251508770', 'referenceType': 'ITEM_ID'}]",INSERTION_FEE,0.11,USD,,,,,,,,,
FEE-7618874002019_11,7407708883,0,NON_SALE_CHARGE,DEBIT,2026-03-23T20:21:50.128Z,PAYOUT,Insertion Fee,,"[{'referenceId': '358251508336', 'referenceType': 'ITEM_ID'}]",INSERTION_FEE,0.11,USD,,,,,,,,,
FEE-7618871767819_11,7407708883,0,NON_SALE_CHARGE,DEBIT,2026-03-23T20:21:28.500Z,PAYOUT,Insertion Fee,,"[{'referenceId': '358251506512', 'referenceType': 'ITEM_ID'}]",INSERTION_FEE,0.11,USD,,,,,,,,,
FEE-7618870858219_11,7407708883,0,NON_SALE_CHARGE,DEBIT,2026-03-23T20:21:25.835Z,PAYOUT,Insertion Fee,,"[{'referenceId': '358251505634', 'referenceType': 'ITEM_ID'}]",INSERTION_FEE,0.11,USD,,,,,,,,,
FEE-7618871263919_11,7407708883,0,NON_SALE_CHARGE,DEBIT,2026-03-23T20:21:24.280Z,PAYOUT,Insertion Fee,,"[{'referenceId': '358251505938', 'referenceType': 'ITEM_ID'}]",INSERTION_FEE,0.11,USD,,,,,,,,,
FEE-7618869327719_11,7407708883,0,NON_SALE_CHARGE,DEBIT,2026-03-23T20:20:01.083Z,PAYOUT,Insertion Fee,,"[{'referenceId': '358251504910', 'referenceType': 'ITEM_ID'}]",INSERTION_FEE,0.11,USD,,,,,,,,,
FEE-7618867438019_11,7407708883,0,NON_SALE_CHARGE,DEBIT,2026-03-23T20:19:04.045Z,PAYOUT,Insertion Fee,,"[{'referenceId': '358251503808', 'referenceType': 'ITEM_ID'}]",INSERTION_FEE,0.11,USD,,,,,,,,,
FEE-7618865888219_11,7407708883,0,NON_SALE_CHARGE,DEBIT,2026-03-23T20:18:00.000Z,PAYOUT,Insertion Fee,,"[{'referenceId': '358251502699', 'referenceType': 'ITEM_ID'}]",INSERTION_FEE,0.11,USD,,,,,,,,,
FEE-7618862349819_11,7407708883,0,NON_SALE_CHARGE,DEBIT,2026-03-23T20:16:44.707Z,PAYOUT,Insertion Fee,,"[{'referenceId': '358251499557', 'referenceType': 'ITEM_ID'}]",INSERTION_FEE,0.11,USD,,,,,,,,,
FEE-7618861261519_11,7407708883,0,NON_SALE_CHARGE,DEBIT,2026-03-23T20:16:26.486Z,PAYOUT,Insertion Fee,,"[{'referenceId': '358251498762', 'referenceType': 'ITEM_ID'}]",INSERTION_FEE,0.11,USD,,,,,,,,,
FEE-7618860372919_11,7407708883,0,NON_SALE_CHARGE,DEBIT,2026-03-23T20:14:58.278Z,PAYOUT,Insertion Fee,,"[{'referenceId': '358251498483', 'referenceType': 'ITEM_ID'}]",INSERTION_FEE,0.11,USD,,,,,,,,,
FEE-7618859784219_11,7407708883,0,NON_SALE_CHARGE,DEBIT,2026-03-23T20:14:58.202Z,PAYOUT,Insertion Fee,,"[{'referenceId': '358251497910', 'referenceType': 'ITEM_ID'}]",INSERTION_FEE,0.11,USD,,,,,,,,,
FEE-7618859219519_11,7407708883,0,NON_SALE_CHARGE,DEBIT,2026-03-23T20:14:44.919Z,PAYOUT,Insertion Fee,,"[{'referenceId': '358251497636', 'referenceType': 'ITEM_ID'}]",INSERTION_FEE,0.11,USD,,,,,,,,,
FEE-7618858885819_11,7407708883,0,NON_SALE_CHARGE,DEBIT,2026-03-23T20:14:39.597Z,PAYOUT,Insertion Fee,,"[{'referenceId': '358251496127', 'referenceType': 'ITEM_ID'}]",INSERTION_FEE,0.11,USD,,,,,,,,,
FEE-7618858522819_11,7407708883,0,NON_SALE_CHARGE,DEBIT,2026-03-23T20:14:21.863Z,PAYOUT,Insertion Fee,,"[{'referenceId': '358251495179', 'referenceType': 'ITEM_ID'}]",INSERTION_FEE,0.11,USD,,,,,,,,,
FEE-7618857263919_11,7407708883,0,NON_SALE_CHARGE,DEBIT,2026-03-23T20:13:57.301Z,PAYOUT,Insertion Fee,,"[{'referenceId': '358251493348', 'referenceType': 'ITEM_ID'}]",INSERTION_FEE,0.11,USD,,,,,,,,,
FEE-7618856402519_11,7407708883,0,NON_SALE_CHARGE,DEBIT,2026-03-23T20:13:34.846Z,PAYOUT,Insertion Fee,,"[{'referenceId': '358251492116', 'referenceType': 'ITEM_ID'}]",INSERTION_FEE,0.11,USD,,,,,,,,,
FEE-7618856091019_11,7407708883,0,NON_SALE_CHARGE,DEBIT,2026-03-23T20:12:52.872Z,PAYOUT,Insertion Fee,,"[{'referenceId': '358251491096', 'referenceType': 'ITEM_ID'}]",INSERTION_FEE,0.11,USD,,,,,,,,,
FEE-7618855297419_11,7407708883,0,NON_SALE_CHARGE,DEBIT,2026-03-23T20:12:52.724Z,PAYOUT,Insertion Fee,,"[{'referenceId': '358251489131', 'referenceType': 'ITEM_ID'}]",INSERTION_FEE,0.11,USD,,,,,,,,,
FEE-7618853979819_11,7407708883,0,NON_SALE_CHARGE,DEBIT,2026-03-23T20:12:33.456Z,PAYOUT,Insertion Fee,,"[{'referenceId': '358251488067', 'referenceType': 'ITEM_ID'}]",INSERTION_FEE,0.11,USD,,,,,,,,,
FEE-7618852816119_11,7407708883,0,NON_SALE_CHARGE,DEBIT,2026-03-23T20:11:46.785Z,PAYOUT,Insertion Fee,,"[{'referenceId': '358251487799', 'referenceType': 'ITEM_ID'}]",INSERTION_FEE,0.11,USD,,,,,,,,,
FEE-7618851859819_11,7407708883,0,NON_SALE_CHARGE,DEBIT,2026-03-23T20:11:18.147Z,PAYOUT,Insertion Fee,,"[{'referenceId': '358251487563', 'referenceType': 'ITEM_ID'}]",INSERTION_FEE,0.11,USD,,,,,,,,,
FEE-7618850926119_11,7407708883,0,NON_SALE_CHARGE,DEBIT,2026-03-23T20:10:38.053Z,PAYOUT,Insertion Fee,,"[{'referenceId': '358251487214', 'referenceType': 'ITEM_ID'}]",INSERTION_FEE,0.11,USD,,,,,,,,,
FEE-7618848660319_11,7407708883,0,NON_SALE_CHARGE,DEBIT,2026-03-23T20:10:11.193Z,PAYOUT,Insertion Fee,,"[{'referenceId': '358251486078', 'referenceType': 'ITEM_ID'}]",INSERTION_FEE,0.11,USD,,,,,,,,,
FEE-7618829810419_11,7407708883,0,NON_SALE_CHARGE,DEBIT,2026-03-23T20:03:58.236Z,PAYOUT,Insertion Fee,,"[{'referenceId': '358251471203', 'referenceType': 'ITEM_ID'}]",INSERTION_FEE,0.11,USD,,,,,,,,,
FEE-7618823364419_11,7407708883,0,NON_SALE_CHARGE,DEBIT,2026-03-23T19:59:16.693Z,PAYOUT,Insertion Fee,,"[{'referenceId': '358251463342', 'referenceType': 'ITEM_ID'}]",INSERTION_FEE,0.11,USD,,,,,,,,,
FEE-7618780025619_11,7407708883,0,NON_SALE_CHARGE,DEBIT,2026-03-23T19:40:15.786Z,PAYOUT,Insertion Fee,,"[{'referenceId': '358251424514', 'referenceType': 'ITEM_ID'}]",INSERTION_FEE,0.11,USD,,,,,,,,,
FEE-7618776156019_11,7407708883,0,NON_SALE_CHARGE,DEBIT,2026-03-23T19:38:32.834Z,PAYOUT,Insertion Fee,,"[{'referenceId': '358251422860', 'referenceType': 'ITEM_ID'}]",INSERTION_FEE,0.11,USD,,,,,,,,,
FEE-7618774717519_11,7407708883,0,NON_SALE_CHARGE,DEBIT,2026-03-23T19:38:05.474Z,PAYOUT,Insertion Fee,,"[{'referenceId': '358251421695', 'referenceType': 'ITEM_ID'}]",INSERTION_FEE,0.11,USD,,,,,,,,,
FEE-7618774259819_11,7407708883,0,NON_SALE_CHARGE,DEBIT,2026-03-23T19:37:48.688Z,PAYOUT,Insertion Fee,,"[{'referenceId': '358251421439', 'referenceType': 'ITEM_ID'}]",INSERTION_FEE,0.11,USD,,,,,,,,,
FEE-7618737140119_11,7407708883,0,NON_SALE_CHARGE,DEBIT,2026-03-23T19:34:35.893Z,PAYOUT,Insertion Fee,,"[{'referenceId': '358251370451', 'referenceType': 'ITEM_ID'}]",INSERTION_FEE,0.11,USD,,,,,,,,,
FEE-7618757823119_11,7407708883,0,NON_SALE_CHARGE,DEBIT,2026-03-23T19:28:23.083Z,PAYOUT,Insertion Fee,,"[{'referenceId': '358251392132', 'referenceType': 'ITEM_ID'}]",INSERTION_FEE,0.11,USD,,,,,,,,,
FEE-7618756085819_11,7407708883,0,NON_SALE_CHARGE,DEBIT,2026-03-23T19:26:54.800Z,PAYOUT,Insertion Fee,,"[{'referenceId': '358251389501', 'referenceType': 'ITEM_ID'}]",INSERTION_FEE,0.11,USD,,,,,,,,,
FEE-7618755063519_11,7407708883,0,NON_SALE_CHARGE,DEBIT,2026-03-23T19:26:21.696Z,PAYOUT,Insertion Fee,,"[{'referenceId': '358251387140', 'referenceType': 'ITEM_ID'}]",INSERTION_FEE,0.11,USD,,,,,,,,,
FEE-7618752033119_11,7407708883,0,NON_SALE_CHARGE,DEBIT,2026-03-23T19:25:33.614Z,PAYOUT,Insertion Fee,,"[{'referenceId': '358251384716', 'referenceType': 'ITEM_ID'}]",INSERTION_FEE,0.11,USD,,,,,,,,,
FEE-7618750076819_11,7407708883,0,NON_SALE_CHARGE,DEBIT,2026-03-23T19:24:36.153Z,PAYOUT,Insertion Fee,,"[{'referenceId': '358251383687', 'referenceType': 'ITEM_ID'}]",INSERTION_FEE,0.11,USD,,,,,,,,,
FEE-7618749048819_11,7407708883,0,NON_SALE_CHARGE,DEBIT,2026-03-23T19:24:22.367Z,PAYOUT,Insertion Fee,,"[{'referenceId': '358251382553', 'referenceType': 'ITEM_ID'}]",INSERTION_FEE,0.11,USD,,,,,,,,,
FEE-7618744568319_11,7407708883,0,NON_SALE_CHARGE,DEBIT,2026-03-23T19:23:06.256Z,PAYOUT,Insertion Fee,,"[{'referenceId': '358251380392', 'referenceType': 'ITEM_ID'}]",INSERTION_FEE,0.11,USD,,,,,,,,,
FEE-7618735041319_11,7407708883,0,NON_SALE_CHARGE,DEBIT,2026-03-23T19:18:26.123Z,PAYOUT,Insertion Fee,,"[{'referenceId': '358251368778', 'referenceType': 'ITEM_ID'}]",INSERTION_FEE,0.11,USD,,,,,,,,,
FEE-7618734536819_11,7407708883,0,NON_SALE_CHARGE,DEBIT,2026-03-23T19:18:11.273Z,PAYOUT,Insertion Fee,,"[{'referenceId': '358251368489', 'referenceType': 'ITEM_ID'}]",INSERTION_FEE,0.11,USD,,,,,,,,,
FEE-7618733656919_11,7407708883,0,NON_SALE_CHARGE,DEBIT,2026-03-23T19:17:56.316Z,PAYOUT,Insertion Fee,,"[{'referenceId': '358251368201', 'referenceType': 'ITEM_ID'}]",INSERTION_FEE,0.11,USD,,,,,,,,,
FEE-7618733617819_11,7407708883,0,NON_SALE_CHARGE,DEBIT,2026-03-23T19:17:52.640Z,PAYOUT,Insertion Fee,,"[{'referenceId': '358251367296', 'referenceType': 'ITEM_ID'}]",INSERTION_FEE,0.11,USD,,,,,,,,,
FEE-7618732535419_11,7407708883,0,NON_SALE_CHARGE,DEBIT,2026-03-23T19:17:19.872Z,PAYOUT,Insertion Fee,,"[{'referenceId': '358251367634', 'referenceType': 'ITEM_ID'}]",INSERTION_FEE,0.11,USD,,,,,,,,,
FEE-7618728314719_11,7407708883,0,NON_SALE_CHARGE,DEBIT,2026-03-23T19:15:21.698Z,PAYOUT,Insertion Fee,,"[{'referenceId': '358251365857', 'referenceType': 'ITEM_ID'}]",INSERTION_FEE,0.11,USD,,,,,,,,,
FEE-7618726785419_11,7407708883,0,NON_SALE_CHARGE,DEBIT,2026-03-23T19:14:49.962Z,PAYOUT,Insertion Fee,,"[{'referenceId': '358251365308', 'referenceType': 'ITEM_ID'}]",INSERTION_FEE,0.11,USD,,,,,,,,,
FEE-7618727179119_11,7407708883,0,NON_SALE_CHARGE,DEBIT,2026-03-23T19:14:48.122Z,PAYOUT,Insertion Fee,,"[{'referenceId': '358251365533', 'referenceType': 'ITEM_ID'}]",INSERTION_FEE,0.11,USD,,,,,,,,,
FEE-7618726152719_11,7407708883,0,NON_SALE_CHARGE,DEBIT,2026-03-23T19:14:32.673Z,PAYOUT,Insertion Fee,,"[{'referenceId': '358251365022', 'referenceType': 'ITEM_ID'}]",INSERTION_FEE,0.11,USD,,,,,,,,,
FEE-7618724836819_11,7407708883,0,NON_SALE_CHARGE,DEBIT,2026-03-23T19:13:24.588Z,PAYOUT,Insertion Fee,,"[{'referenceId': '358251364437', 'referenceType': 'ITEM_ID'}]",INSERTION_FEE,0.11,USD,,,,,,,,,
FEE-7618724868319_11,7407708883,0,NON_SALE_CHARGE,DEBIT,2026-03-23T19:13:15.869Z,PAYOUT,Insertion Fee,,"[{'referenceId': '358251363905', 'referenceType': 'ITEM_ID'}]",INSERTION_FEE,0.11,USD,,,,,,,,,
FEE-7618723589519_11,7407708883,0,NON_SALE_CHARGE,DEBIT,2026-03-23T19:12:50.199Z,PAYOUT,Insertion Fee,,"[{'referenceId': '358251362143', 'referenceType': 'ITEM_ID'}]",INSERTION_FEE,0.11,USD,,,,,,,,,
FEE-7618723181719_11,7407708883,0,NON_SALE_CHARGE,DEBIT,2026-03-23T19:12:48.046Z,PAYOUT,Insertion Fee,,"[{'referenceId': '358251359867', 'referenceType': 'ITEM_ID'}]",INSERTION_FEE,0.11,USD,,,,,,,,,
FEE-7618721710219_11,7407708883,0,NON_SALE_CHARGE,DEBIT,2026-03-23T19:12:02.197Z,PAYOUT,Insertion Fee,,"[{'referenceId': '358251357877', 'referenceType': 'ITEM_ID'}]",INSERTION_FEE,0.11,USD,,,,,,,,,
FEE-7618720916519_11,7407708883,0,NON_SALE_CHARGE,DEBIT,2026-03-23T19:11:38.776Z,PAYOUT,Insertion Fee,,"[{'referenceId': '358251356553', 'referenceType': 'ITEM_ID'}]",INSERTION_FEE,0.11,USD,,,,,,,,,
FEE-7618720183519_11,7407708883,0,NON_SALE_CHARGE,DEBIT,2026-03-23T19:11:34.220Z,PAYOUT,Insertion Fee,,"[{'referenceId': '358251355014', 'referenceType': 'ITEM_ID'}]",INSERTION_FEE,0.11,USD,,,,,,,,,
FEE-7618717169719_11,7407708883,0,NON_SALE_CHARGE,DEBIT,2026-03-23T19:10:06.036Z,PAYOUT,Insertion Fee,,"[{'referenceId': '358251351029', 'referenceType': 'ITEM_ID'}]",INSERTION_FEE,0.11,USD,,,,,,,,,
FEE-7618718215019_11,7407708883,0,NON_SALE_CHARGE,DEBIT,2026-03-23T19:10:02.659Z,PAYOUT,Insertion Fee,,"[{'referenceId': '358251352494', 'referenceType': 'ITEM_ID'}]",INSERTION_FEE,0.11,USD,,,,,,,,,
FEE-7618714240919_11,7407708883,0,NON_SALE_CHARGE,DEBIT,2026-03-23T19:08:52.076Z,PAYOUT,Insertion Fee,,"[{'referenceId': '358251344201', 'referenceType': 'ITEM_ID'}]",INSERTION_FEE,0.11,USD,,,,,,,,,
FEE-7618709355119_11,7407708883,0,NON_SALE_CHARGE,DEBIT,2026-03-23T19:05:25.104Z,PAYOUT,Insertion Fee,,"[{'referenceId': '358251336465', 'referenceType': 'ITEM_ID'}]",INSERTION_FEE,0.11,USD,,,,,,,,,
FEE-7618708754419_11,7407708883,0,NON_SALE_CHARGE,DEBIT,2026-03-23T19:05:19.809Z,PAYOUT,Insertion Fee,,"[{'referenceId': '358251335814', 'referenceType': 'ITEM_ID'}]",INSERTION_FEE,0.11,USD,,,,,,,,,
FEE-7618703870219_11,7407708883,0,NON_SALE_CHARGE,DEBIT,2026-03-23T19:03:16.263Z,PAYOUT,Insertion Fee,,"[{'referenceId': '358251327789', 'referenceType': 'ITEM_ID'}]",INSERTION_FEE,0.11,USD,,,,,,,,,
FEE-7618702684219_11,7407708883,0,NON_SALE_CHARGE,DEBIT,2026-03-23T19:02:58.863Z,PAYOUT,Insertion Fee,,"[{'referenceId': '358251325889', 'referenceType': 'ITEM_ID'}]",INSERTION_FEE,0.11,USD,,,,,,,,,
FEE-7618699586719_11,7407708883,0,NON_SALE_CHARGE,DEBIT,2026-03-23T19:01:00.516Z,PAYOUT,Insertion Fee,,"[{'referenceId': '358251321022', 'referenceType': 'ITEM_ID'}]",INSERTION_FEE,0.11,USD,,,,,,,,,
FEE-7618699677419_11,7407708883,0,NON_SALE_CHARGE,DEBIT,2026-03-23T19:00:39.281Z,PAYOUT,Insertion Fee,,"[{'referenceId': '358251320028', 'referenceType': 'ITEM_ID'}]",INSERTION_FEE,0.11,USD,,,,,,,,,
FEE-7618697822019_11,7407708883,0,NON_SALE_CHARGE,DEBIT,2026-03-23T19:00:03.890Z,PAYOUT,Insertion Fee,,"[{'referenceId': '358251319136', 'referenceType': 'ITEM_ID'}]",INSERTION_FEE,0.11,USD,,,,,,,,,
FEE-7618696177719_11,7407708883,0,NON_SALE_CHARGE,DEBIT,2026-03-23T18:59:13.500Z,PAYOUT,Insertion Fee,,"[{'referenceId': '358251317005', 'referenceType': 'ITEM_ID'}]",INSERTION_FEE,0.11,USD,,,,,,,,,
FEE-7618695626819_11,7407708883,0,NON_SALE_CHARGE,DEBIT,2026-03-23T18:58:57.906Z,PAYOUT,Insertion Fee,,"[{'referenceId': '358251316017', 'referenceType': 'ITEM_ID'}]",INSERTION_FEE,0.11,USD,,,,,,,,,
FEE-7618694966719_11,7407708883,0,NON_SALE_CHARGE,DEBIT,2026-03-23T18:58:52.042Z,PAYOUT,Insertion Fee,,"[{'referenceId': '358251315004', 'referenceType': 'ITEM_ID'}]",INSERTION_FEE,0.11,USD,,,,,,,,,
FEE-7618688447219_11,7407708883,0,NON_SALE_CHARGE,DEBIT,2026-03-23T18:55:19.733Z,PAYOUT,Insertion Fee,,"[{'referenceId': '358251307410', 'referenceType': 'ITEM_ID'}]",INSERTION_FEE,0.11,USD,,,,,,,,,
FEE-7618686865419_11,7407708883,0,NON_SALE_CHARGE,DEBIT,2026-03-23T18:54:57.843Z,PAYOUT,Insertion Fee,,"[{'referenceId': '358251303813', 'referenceType': 'ITEM_ID'}]",INSERTION_FEE,0.11,USD,,,,,,,,,
FEE-7618685690419_11,7407708883,0,NON_SALE_CHARGE,DEBIT,2026-03-23T18:54:41.020Z,PAYOUT,Insertion Fee,,"[{'referenceId': '358251301393', 'referenceType': 'ITEM_ID'}]",INSERTION_FEE,0.11,USD,,,,,,,,,
FEE-7618684911019_11,7407708883,0,NON_SALE_CHARGE,DEBIT,2026-03-23T18:54:01.501Z,PAYOUT,Insertion Fee,,"[{'referenceId': '358251298958', 'referenceType': 'ITEM_ID'}]",INSERTION_FEE,0.11,USD,,,,,,,,,
FEE-7618679246219_11,7407708883,0,NON_SALE_CHARGE,DEBIT,2026-03-23T18:52:46.515Z,PAYOUT,Insertion Fee,,"[{'referenceId': '358251280463', 'referenceType': 'ITEM_ID'}]",INSERTION_FEE,0.11,USD,,,,,,,,,
FEE-7618681855219_11,7407708883,0,NON_SALE_CHARGE,DEBIT,2026-03-23T18:52:39.604Z,PAYOUT,Insertion Fee,,"[{'referenceId': '358251289804', 'referenceType': 'ITEM_ID'}]",INSERTION_FEE,0.11,USD,,,,,,,,,
FEE-7618679661119_11,7407708883,0,NON_SALE_CHARGE,DEBIT,2026-03-23T18:52:03.292Z,PAYOUT,Insertion Fee,,"[{'referenceId': '358251282920', 'referenceType': 'ITEM_ID'}]",INSERTION_FEE,0.11,USD,,,,,,,,,
FEE-7618672075719_11,7407708883,0,NON_SALE_CHARGE,DEBIT,2026-03-23T18:48:50.610Z,PAYOUT,Insertion Fee,,"[{'referenceId': '358251272704', 'referenceType': 'ITEM_ID'}]",INSERTION_FEE,0.11,USD,,,,,,,,,
FEE-7618671465719_11,7407708883,0,NON_SALE_CHARGE,DEBIT,2026-03-23T18:48:42.407Z,PAYOUT,Insertion Fee,,"[{'referenceId': '358251272109', 'referenceType': 'ITEM_ID'}]",INSERTION_FEE,0.11,USD,,,,,,,,,
FEE-7618665623819_11,7407708883,0,NON_SALE_CHARGE,DEBIT,2026-03-23T18:46:45.538Z,PAYOUT,Insertion Fee,,"[{'referenceId': '358251267505', 'referenceType': 'ITEM_ID'}]",INSERTION_FEE,0.11,USD,,,,,,,,,
FEE-7618663874319_11,7407708883,0,NON_SALE_CHARGE,DEBIT,2026-03-23T18:45:43.082Z,PAYOUT,Insertion Fee,,"[{'referenceId': '358251266670', 'referenceType': 'ITEM_ID'}]",INSERTION_FEE,0.11,USD,,,,,,,,,
FEE-7618659744119_11,7407708883,0,NON_SALE_CHARGE,DEBIT,2026-03-23T18:44:17.608Z,PAYOUT,Insertion Fee,,"[{'referenceId': '358251265001', 'referenceType': 'ITEM_ID'}]",INSERTION_FEE,0.11,USD,,,,,,,,,
FEE-7618660041919_11,7407708883,0,NON_SALE_CHARGE,DEBIT,2026-03-23T18:44:17.047Z,PAYOUT,Insertion Fee,,"[{'referenceId': '358251265310', 'referenceType': 'ITEM_ID'}]",INSERTION_FEE,0.11,USD,,,,,,,,,
FEE-7618658872119_11,7407708883,0,NON_SALE_CHARGE,DEBIT,2026-03-23T18:44:10.426Z,PAYOUT,Insertion Fee,,"[{'referenceId': '358251264684', 'referenceType': 'ITEM_ID'}]",INSERTION_FEE,0.11,USD,,,,,,,,,
FEE-7618657622819_11,7407708883,0,NON_SALE_CHARGE,DEBIT,2026-03-23T18:43:33.100Z,PAYOUT,Insertion Fee,,"[{'referenceId': '358251263912', 'referenceType': 'ITEM_ID'}]",INSERTION_FEE,0.11,USD,,,,,,,,,
FEE-7618656795619_11,7407708883,0,NON_SALE_CHARGE,DEBIT,2026-03-23T18:43:09.373Z,PAYOUT,Insertion Fee,,"[{'referenceId': '358251262662', 'referenceType': 'ITEM_ID'}]",INSERTION_FEE,0.11,USD,,,,,,,,,
FEE-7618654784019_11,7407708883,0,NON_SALE_CHARGE,DEBIT,2026-03-23T18:42:03.812Z,PAYOUT,Insertion Fee,,"[{'referenceId': '358251260105', 'referenceType': 'ITEM_ID'}]",INSERTION_FEE,0.11,USD,,,,,,,,,
FEE-7618647344019_11,7407708883,0,NON_SALE_CHARGE,DEBIT,2026-03-23T18:38:25.523Z,PAYOUT,Insertion Fee,,"[{'referenceId': '358251251250', 'referenceType': 'ITEM_ID'}]",INSERTION_FEE,0.11,USD,,,,,,,,,
FEE-7618647806219_11,7407708883,0,NON_SALE_CHARGE,DEBIT,2026-03-23T18:38:22.087Z,PAYOUT,Insertion Fee,,"[{'referenceId': '358251252095', 'referenceType': 'ITEM_ID'}]",INSERTION_FEE,0.11,USD,,,,,,,,,
FEE-7618643741419_11,7407708883,0,NON_SALE_CHARGE,DEBIT,2026-03-23T18:37:34.850Z,PAYOUT,Insertion Fee,,"[{'referenceId': '358251250435', 'referenceType': 'ITEM_ID'}]",INSERTION_FEE,0.11,USD,,,,,,,,,
FEE-7618641268619_11,7407708883,0,NON_SALE_CHARGE,DEBIT,2026-03-23T18:35:50.960Z,PAYOUT,Insertion Fee,,"[{'referenceId': '358251249679', 'referenceType': 'ITEM_ID'}]",INSERTION_FEE,0.11,USD,,,,,,,,,
FEE-7618637259219_11,7407708883,0,NON_SALE_CHARGE,DEBIT,2026-03-23T18:34:37.043Z,PAYOUT,Insertion Fee,,"[{'referenceId': '358251248343', 'referenceType': 'ITEM_ID'}]",INSERTION_FEE,0.11,USD,,,,,,,,,
FEE-7618633340619_11,7407708883,0,NON_SALE_CHARGE,DEBIT,2026-03-23T18:34:03.215Z,PAYOUT,Insertion Fee,,"[{'referenceId': '358251244874', 'referenceType': 'ITEM_ID'}]",INSERTION_FEE,0.11,USD,,,,,,,,,
FEE-7618632609119_11,7407708883,0,NON_SALE_CHARGE,DEBIT,2026-03-23T18:34:02.393Z,PAYOUT,Insertion Fee,,"[{'referenceId': '358251243914', 'referenceType': 'ITEM_ID'}]",INSERTION_FEE,0.11,USD,,,,,,,,,
FEE-7618629444419_11,7407708883,0,NON_SALE_CHARGE,DEBIT,2026-03-23T18:33:12.909Z,PAYOUT,Insertion Fee,,"[{'referenceId': '358251239980', 'referenceType': 'ITEM_ID'}]",INSERTION_FEE,0.11,USD,,,,,,,,,
FEE-7618627670519_11,7407708883,0,NON_SALE_CHARGE,DEBIT,2026-03-23T18:32:04.473Z,PAYOUT,Insertion Fee,,"[{'referenceId': '358251238348', 'referenceType': 'ITEM_ID'}]",INSERTION_FEE,0.11,USD,,,,,,,,,
FEE-7618627318519_11,7407708883,0,NON_SALE_CHARGE,DEBIT,2026-03-23T18:32:00.012Z,PAYOUT,Insertion Fee,,"[{'referenceId': '358251238888', 'referenceType': 'ITEM_ID'}]",INSERTION_FEE,0.11,USD,,,,,,,,,
08-14407-33692,7424553811,0,SALE,CREDIT,2026-03-23T16:57:20.263Z,PAYOUT,,eBay Commerce Inc.,,,90.23,USD,08-14407-33692,"[{'lineItemId': '10079581322308', 'feeBasisAmount': {'value': '118.68', 'currency': 'USD'}, 'marketplaceFees': [{'feeType': 'FINAL_VALUE_FEE', 'amount': {'value': '16.58', 'currency': 'USD'}}, {'feeType': 'FINAL_VALUE_FEE_FIXED_PER_ORDER', 'amount': {'value': '0.44', 'currency': 'USD'}}, {'feeType': 'INTERNATIONAL_FEE', 'amount': {'value': '1.76', 'currency': 'USD'}, 'feeMemo': 'Charged because the delivery address is in United States. Final amount: $118.68.'}]}]",su-74864,109.01,USD,18.78,USD,9.67,USD
FEE-7617818283119_11,7407708883,0,NON_SALE_CHARGE,DEBIT,2026-03-23T12:42:28.091Z,PAYOUT,Promoted Listings - General fee,eBay Commerce Inc.,"[{'referenceId': '358327306783', 'referenceType': 'ITEM_ID'}, {'referenceId': '26-14374-85343', 'referenceType': 'ORDER_ID'}]",AD_FEE,16.4,USD,,,,,,,,,
FEE-7616798593919_11,7407708883,0,NON_SALE_CHARGE,DEBIT,2026-03-23T03:30:29.725Z,PAYOUT,Insertion Fee,,"[{'referenceId': '358248931573', 'referenceType': 'ITEM_ID'}]",INSERTION_FEE,0.11,USD,,,,,,,,,
FEE-7616792371819_11,7407708883,0,NON_SALE_CHARGE,DEBIT,2026-03-23T03:26:35.732Z,PAYOUT,Insertion Fee,,"[{'referenceId': '358248924031', 'referenceType': 'ITEM_ID'}]",INSERTION_FEE,0.11,USD,,,,,,,,,
FEE-7616775234719_11,7407708883,0,NON_SALE_CHARGE,DEBIT,2026-03-23T03:20:31.647Z,PAYOUT,Insertion Fee,,"[{'referenceId': '358248908795', 'referenceType': 'ITEM_ID'}]",INSERTION_FEE,0.11,USD,,,,,,,,,
FEE-7616758284519_11,7407708883,0,NON_SALE_CHARGE,DEBIT,2026-03-23T03:13:42.239Z,PAYOUT,Insertion Fee,,"[{'referenceId': '358248875471', 'referenceType': 'ITEM_ID'}]",INSERTION_FEE,0.11,USD,,,,,,,,,
FEE-7616730082319_11,7407708883,0,NON_SALE_CHARGE,DEBIT,2026-03-23T02:57:27.479Z,PAYOUT,Insertion Fee,,"[{'referenceId': '358248823785', 'referenceType': 'ITEM_ID'}]",INSERTION_FEE,0.11,USD,,,,,,,,,
FEE-7616714080019_11,7407708883,0,NON_SALE_CHARGE,DEBIT,2026-03-23T02:47:28.551Z,PAYOUT,Insertion Fee,,"[{'referenceId': '358248799345', 'referenceType': 'ITEM_ID'}]",INSERTION_FEE,0.11,USD,,,,,,,,,
FEE-7616711618119_11,7407708883,0,NON_SALE_CHARGE,DEBIT,2026-03-23T02:45:30.298Z,PAYOUT,Insertion Fee,,"[{'referenceId': '358248793640', 'referenceType': 'ITEM_ID'}]",INSERTION_FEE,0.11,USD,,,,,,,,,
FEE-7616709591419_11,7407708883,0,NON_SALE_CHARGE,DEBIT,2026-03-23T02:43:45.473Z,PAYOUT,Insertion Fee,,"[{'referenceId': '358248788818', 'referenceType': 'ITEM_ID'}]",INSERTION_FEE,0.11,USD,,,,,,,,,
FEE-7616708413919_11,7407708883,0,NON_SALE_CHARGE,DEBIT,2026-03-23T02:43:08.722Z,PAYOUT,Insertion Fee,,"[{'referenceId': '358248786688', 'referenceType': 'ITEM_ID'}]",INSERTION_FEE,0.11,USD,,,,,,,,,
FEE-7616707862919_11,7407708883,0,NON_SALE_CHARGE,DEBIT,2026-03-23T02:42:28.887Z,PAYOUT,Insertion Fee,,"[{'referenceId': '358248785337', 'referenceType': 'ITEM_ID'}]",INSERTION_FEE,0.11,USD,,,,,,,,,
FEE-7616703937019_11,7407708883,0,NON_SALE_CHARGE,DEBIT,2026-03-23T02:39:53.260Z,PAYOUT,Insertion Fee,,"[{'referenceId': '358248775356', 'referenceType': 'ITEM_ID'}]",INSERTION_FEE,0.11,USD,,,,,,,,,
FEE-7616701692319_11,7407708883,0,NON_SALE_CHARGE,DEBIT,2026-03-23T02:38:08.473Z,PAYOUT,Insertion Fee,,"[{'referenceId': '358248764411', 'referenceType': 'ITEM_ID'}]",INSERTION_FEE,0.11,USD,,,,,,,,,
FEE-7616700959419_11,7407708883,0,NON_SALE_CHARGE,DEBIT,2026-03-23T02:37:27.522Z,PAYOUT,Insertion Fee,,"[{'referenceId': '358248761795', 'referenceType': 'ITEM_ID'}]",INSERTION_FEE,0.11,USD,,,,,,,,,
FEE-7616699712119_11,7407708883,0,NON_SALE_CHARGE,DEBIT,2026-03-23T02:37:15.945Z,PAYOUT,Insertion Fee,,"[{'referenceId': '358248760420', 'referenceType': 'ITEM_ID'}]",INSERTION_FEE,0.11,USD,,,,,,,,,
FEE-7616672813419_11,7407708883,0,NON_SALE_CHARGE,DEBIT,2026-03-23T02:16:09.987Z,PAYOUT,Insertion Fee,,"[{'referenceId': '358248709460', 'referenceType': 'ITEM_ID'}]",INSERTION_FEE,0.11,USD,,,,,,,,,
FEE-7616662293119_11,7407708883,0,NON_SALE_CHARGE,DEBIT,2026-03-23T02:07:27.940Z,PAYOUT,Insertion Fee,,"[{'referenceId': '358248686410', 'referenceType': 'ITEM_ID'}]",INSERTION_FEE,0.11,USD,,,,,,,,,
FEE-7616661707519_11,7407708883,0,NON_SALE_CHARGE,DEBIT,2026-03-23T02:07:07.811Z,PAYOUT,Insertion Fee,,"[{'referenceId': '358248685225', 'referenceType': 'ITEM_ID'}]",INSERTION_FEE,0.11,USD,,,,,,,,,
FEE-7616661280219_11,7407708883,0,NON_SALE_CHARGE,DEBIT,2026-03-23T02:06:58.933Z,PAYOUT,Insertion Fee,,"[{'referenceId': '358248684537', 'referenceType': 'ITEM_ID'}]",INSERTION_FEE,0.11,USD,,,,,,,,,
FEE-7616658615319_11,7407708883,0,NON_SALE_CHARGE,DEBIT,2026-03-23T02:05:22.140Z,PAYOUT,Insertion Fee,,"[{'referenceId': '358248680742', 'referenceType': 'ITEM_ID'}]",INSERTION_FEE,0.11,USD,,,,,,,,,
FEE-7616654174719_11,7407708883,0,NON_SALE_CHARGE,DEBIT,2026-03-23T02:03:01.751Z,PAYOUT,Insertion Fee,,"[{'referenceId': '358248677742', 'referenceType': 'ITEM_ID'}]",INSERTION_FEE,0.11,USD,,,,,,,,,
FEE-7616650846119_11,7407708883,0,NON_SALE_CHARGE,DEBIT,2026-03-23T02:02:07.363Z,PAYOUT,Insertion Fee,,"[{'referenceId': '358248676600', 'referenceType': 'ITEM_ID'}]",INSERTION_FEE,0.11,USD,,,,,,,,,
FEE-7616649572919_11,7407708883,0,NON_SALE_CHARGE,DEBIT,2026-03-23T02:01:59.145Z,PAYOUT,Insertion Fee,,"[{'referenceId': '358248675941', 'referenceType': 'ITEM_ID'}]",INSERTION_FEE,0.11,USD,,,,,,,,,
FEE-7616635209219_11,7407708883,0,NON_SALE_CHARGE,DEBIT,2026-03-23T01:52:10.609Z,PAYOUT,Insertion Fee,,"[{'referenceId': '358248663954', 'referenceType': 'ITEM_ID'}]",INSERTION_FEE,0.11,USD,,,,,,,,,
FEE-7616632954619_11,7407708883,0,NON_SALE_CHARGE,DEBIT,2026-03-23T01:50:30.068Z,PAYOUT,Insertion Fee,,"[{'referenceId': '358248659696', 'referenceType': 'ITEM_ID'}]",INSERTION_FEE,0.11,USD,,,,,,,,,
FEE-7616630163119_11,7407708883,0,NON_SALE_CHARGE,DEBIT,2026-03-23T01:48:00.560Z,PAYOUT,Insertion Fee,,"[{'referenceId': '358248644200', 'referenceType': 'ITEM_ID'}]",INSERTION_FEE,0.11,USD,,,,,,,,,
FEE-7616626716119_11,7407708883,0,NON_SALE_CHARGE,DEBIT,2026-03-23T01:45:29.398Z,PAYOUT,Insertion Fee,,"[{'referenceId': '358248637801', 'referenceType': 'ITEM_ID'}]",INSERTION_FEE,0.11,USD,,,,,,,,,
FEE-7616612952719_11,7407708883,0,NON_SALE_CHARGE,DEBIT,2026-03-23T01:40:20.153Z,PAYOUT,Insertion Fee,,"[{'referenceId': '358248619753', 'referenceType': 'ITEM_ID'}]",INSERTION_FEE,0.11,USD,,,,,,,,,
FEE-7616596582119_11,7407708883,0,NON_SALE_CHARGE,DEBIT,2026-03-23T01:30:03.109Z,PAYOUT,Insertion Fee,,"[{'referenceId': '358248561379', 'referenceType': 'ITEM_ID'}]",INSERTION_FEE,0.11,USD,,,,,,,,,
FEE-7616594227619_11,7407708883,0,NON_SALE_CHARGE,DEBIT,2026-03-23T01:28:33.076Z,PAYOUT,Insertion Fee,,"[{'referenceId': '358248558609', 'referenceType': 'ITEM_ID'}]",INSERTION_FEE,0.11,USD,,,,,,,,,
FEE-7616589280219_11,7407708883,0,NON_SALE_CHARGE,DEBIT,2026-03-23T01:25:47.789Z,PAYOUT,Insertion Fee,,"[{'referenceId': '358248554773', 'referenceType': 'ITEM_ID'}]",INSERTION_FEE,0.11,USD,,,,,,,,,
FEE-7616576441719_11,7407708883,0,NON_SALE_CHARGE,DEBIT,2026-03-23T01:15:43.743Z,PAYOUT,Insertion Fee,,"[{'referenceId': '358248541499', 'referenceType': 'ITEM_ID'}]",INSERTION_FEE,0.11,USD,,,,,,,,,
FEE-7616555404419_11,7407708883,0,NON_SALE_CHARGE,DEBIT,2026-03-23T01:05:36.917Z,PAYOUT,Insertion Fee,,"[{'referenceId': '358248524734', 'referenceType': 'ITEM_ID'}]",INSERTION_FEE,0.11,USD,,,,,,,,,
FEE-7616554671819_11,7407708883,0,NON_SALE_CHARGE,DEBIT,2026-03-23T01:04:55.721Z,PAYOUT,Insertion Fee,,"[{'referenceId': '358248524399', 'referenceType': 'ITEM_ID'}]",INSERTION_FEE,0.11,USD,,,,,,,,,
FEE-7616553766419_11,7407708883,0,NON_SALE_CHARGE,DEBIT,2026-03-23T01:04:40.085Z,PAYOUT,Insertion Fee,,"[{'referenceId': '358248523811', 'referenceType': 'ITEM_ID'}]",INSERTION_FEE,0.11,USD,,,,,,,,,
FEE-7616550129519_11,7407708883,0,NON_SALE_CHARGE,DEBIT,2026-03-23T01:02:37.883Z,PAYOUT,Insertion Fee,,"[{'referenceId': '358248513948', 'referenceType': 'ITEM_ID'}]",INSERTION_FEE,0.11,USD,,,,,,,,,
FEE-7616521218719_11,7407708883,0,NON_SALE_CHARGE,DEBIT,2026-03-23T00:45:27.748Z,PAYOUT,Insertion Fee,,"[{'referenceId': '358248452055', 'referenceType': 'ITEM_ID'}]",INSERTION_FEE,0.11,USD,,,,,,,,,
FEE-7616518932619_11,7407708883,0,NON_SALE_CHARGE,DEBIT,2026-03-23T00:44:13.280Z,PAYOUT,Insertion Fee,,"[{'referenceId': '358248449559', 'referenceType': 'ITEM_ID'}]",INSERTION_FEE,0.11,USD,,,,,,,,,
FEE-7616515412319_11,7407708883,0,NON_SALE_CHARGE,DEBIT,2026-03-23T00:42:48.086Z,PAYOUT,Insertion Fee,,"[{'referenceId': '358248446100', 'referenceType': 'ITEM_ID'}]",INSERTION_FEE,0.11,USD,,,,,,,,,
FEE-7616511277619_11,7407708883,0,NON_SALE_CHARGE,DEBIT,2026-03-23T00:39:15.201Z,PAYOUT,Insertion Fee,,"[{'referenceId': '358248440494', 'referenceType': 'ITEM_ID'}]",INSERTION_FEE,0.11,USD,,,,,,,,,
FEE-7616501850119_11,7407708883,0,NON_SALE_CHARGE,DEBIT,2026-03-23T00:34:53.755Z,PAYOUT,Insertion Fee,,"[{'referenceId': '358248439891', 'referenceType': 'ITEM_ID'}]",INSERTION_FEE,0.11,USD,,,,,,,,,
FEE-7616499719519_11,7407708883,0,NON_SALE_CHARGE,DEBIT,2026-03-23T00:34:15.390Z,PAYOUT,Insertion Fee,,"[{'referenceId': '358248439450', 'referenceType': 'ITEM_ID'}]",INSERTION_FEE,0.11,USD,,,,,,,,,
FEE-7616495802719_11,7407708883,0,NON_SALE_CHARGE,DEBIT,2026-03-23T00:33:21.354Z,PAYOUT,Insertion Fee,,"[{'referenceId': '358248436575', 'referenceType': 'ITEM_ID'}]",INSERTION_FEE,0.11,USD,,,,,,,,,
FEE-7616494425919_11,7407708883,0,NON_SALE_CHARGE,DEBIT,2026-03-23T00:32:57.195Z,PAYOUT,Insertion Fee,,"[{'referenceId': '358248432033', 'referenceType': 'ITEM_ID'}]",INSERTION_FEE,0.11,USD,,,,,,,,,
FEE-7616492454919_11,7407708883,0,NON_SALE_CHARGE,DEBIT,2026-03-23T00:31:01.140Z,PAYOUT,Insertion Fee,,"[{'referenceId': '358248429676', 'referenceType': 'ITEM_ID'}]",INSERTION_FEE,0.11,USD,,,,,,,,,
FEE-7616491708119_11,7407708883,0,NON_SALE_CHARGE,DEBIT,2026-03-23T00:30:36.130Z,PAYOUT,Insertion Fee,,"[{'referenceId': '358248428999', 'referenceType': 'ITEM_ID'}]",INSERTION_FEE,0.11,USD,,,,,,,,,
FEE-7616484693619_11,7407708883,0,NON_SALE_CHARGE,DEBIT,2026-03-23T00:26:24.207Z,PAYOUT,Insertion Fee,,"[{'referenceId': '358248421617', 'referenceType': 'ITEM_ID'}]",INSERTION_FEE,0.11,USD,,,,,,,,,
FEE-7616476545519_11,7407708883,0,NON_SALE_CHARGE,DEBIT,2026-03-23T00:22:32.911Z,PAYOUT,Insertion Fee,,"[{'referenceId': '358248411916', 'referenceType': 'ITEM_ID'}]",INSERTION_FEE,0.11,USD,,,,,,,,,
FEE-7616475479019_11,7407708883,0,NON_SALE_CHARGE,DEBIT,2026-03-23T00:21:26.918Z,PAYOUT,Insertion Fee,,"[{'referenceId': '358248406709', 'referenceType': 'ITEM_ID'}]",INSERTION_FEE,0.11,USD,,,,,,,,,
FEE-7616475753819_11,7407708883,0,NON_SALE_CHARGE,DEBIT,2026-03-23T00:21:23.804Z,PAYOUT,Insertion Fee,,"[{'referenceId': '358248408593', 'referenceType': 'ITEM_ID'}]",INSERTION_FEE,0.11,USD,,,,,,,,,
FEE-7616474285219_11,7407708883,0,NON_SALE_CHARGE,DEBIT,2026-03-23T00:19:55.284Z,PAYOUT,Insertion Fee,,"[{'referenceId': '358248403717', 'referenceType': 'ITEM_ID'}]",INSERTION_FEE,0.11,USD,,,,,,,,,
FEE-7616471008619_11,7407708883,0,NON_SALE_CHARGE,DEBIT,2026-03-23T00:17:31.270Z,PAYOUT,Insertion Fee,,"[{'referenceId': '358248394540', 'referenceType': 'ITEM_ID'}]",INSERTION_FEE,0.11,USD,,,,,,,,,
FEE-7616468824619_11,7407708883,0,NON_SALE_CHARGE,DEBIT,2026-03-23T00:15:25.028Z,PAYOUT,Insertion Fee,,"[{'referenceId': '358248391936', 'referenceType': 'ITEM_ID'}]",INSERTION_FEE,0.11,USD,,,,,,,,,
FEE-7616468499119_11,7407708883,0,NON_SALE_CHARGE,DEBIT,2026-03-23T00:14:52.799Z,PAYOUT,Insertion Fee,,"[{'referenceId': '358248390925', 'referenceType': 'ITEM_ID'}]",INSERTION_FEE,0.11,USD,,,,,,,,,
FEE-7616466884919_11,7407708883,0,NON_SALE_CHARGE,DEBIT,2026-03-23T00:13:45.626Z,PAYOUT,Insertion Fee,,"[{'referenceId': '358248386221', 'referenceType': 'ITEM_ID'}]",INSERTION_FEE,0.11,USD,,,,,,,,,
FEE-7616465248319_11,7407708883,0,NON_SALE_CHARGE,DEBIT,2026-03-23T00:12:26.696Z,PAYOUT,Insertion Fee,,"[{'referenceId': '358248382036', 'referenceType': 'ITEM_ID'}]",INSERTION_FEE,0.11,USD,,,,,,,,,
FEE-7616453808719_11,7407708883,0,NON_SALE_CHARGE,DEBIT,2026-03-23T00:03:47.596Z,PAYOUT,Insertion Fee,,"[{'referenceId': '358248354024', 'referenceType': 'ITEM_ID'}]",INSERTION_FEE,0.11,USD,,,,,,,,,
FEE-7616452870219_11,7407708883,0,NON_SALE_CHARGE,DEBIT,2026-03-23T00:02:45.835Z,PAYOUT,Insertion Fee,,"[{'referenceId': '358248352546', 'referenceType': 'ITEM_ID'}]",INSERTION_FEE,0.11,USD,,,,,,,,,
FEE-7616447093219_11,7407708883,0,NON_SALE_CHARGE,DEBIT,2026-03-22T23:59:02.919Z,PAYOUT,Insertion Fee,,"[{'referenceId': '358248349065', 'referenceType': 'ITEM_ID'}]",INSERTION_FEE,0.11,USD,,,,,,,,,
FEE-7616445859019_11,7407708883,0,NON_SALE_CHARGE,DEBIT,2026-03-22T23:58:58.831Z,PAYOUT,Insertion Fee,,"[{'referenceId': '358248347914', 'referenceType': 'ITEM_ID'}]",INSERTION_FEE,0.11,USD,,,,,,,,,
FEE-7616435652519_11,7407708883,0,NON_SALE_CHARGE,DEBIT,2026-03-22T23:56:02.773Z,PAYOUT,Insertion Fee,,"[{'referenceId': '358248344668', 'referenceType': 'ITEM_ID'}]",INSERTION_FEE,0.11,USD,,,,,,,,,
FEE-7616434622419_11,7407708883,0,NON_SALE_CHARGE,DEBIT,2026-03-22T23:55:34.021Z,PAYOUT,Insertion Fee,,"[{'referenceId': '358248343938', 'referenceType': 'ITEM_ID'}]",INSERTION_FEE,0.11,USD,,,,,,,,,
FEE-7616424073519_11,7407708883,0,NON_SALE_CHARGE,DEBIT,2026-03-22T23:53:01.963Z,PAYOUT,Insertion Fee,,"[{'referenceId': '358248335930', 'referenceType': 'ITEM_ID'}]",INSERTION_FEE,0.11,USD,,,,,,,,,
FEE-7616417585419_11,7407708883,0,NON_SALE_CHARGE,DEBIT,2026-03-22T23:50:44.519Z,PAYOUT,Insertion Fee,,"[{'referenceId': '358248322100', 'referenceType': 'ITEM_ID'}]",INSERTION_FEE,0.11,USD,,,,,,,,,
FEE-7616414045619_11,7407708883,0,NON_SALE_CHARGE,DEBIT,2026-03-22T23:49:01.605Z,PAYOUT,Insertion Fee,,"[{'referenceId': '358248313971', 'referenceType': 'ITEM_ID'}]",INSERTION_FEE,0.11,USD,,,,,,,,,
FEE-7616412545319_11,7407708883,0,NON_SALE_CHARGE,DEBIT,2026-03-22T23:47:53.778Z,PAYOUT,Insertion Fee,,"[{'referenceId': '358248310796', 'referenceType': 'ITEM_ID'}]",INSERTION_FEE,0.11,USD,,,,,,,,,
FEE-7616408841619_11,7407708883,0,NON_SALE_CHARGE,DEBIT,2026-03-22T23:44:07.684Z,PAYOUT,Insertion Fee,,"[{'referenceId': '358248299123', 'referenceType': 'ITEM_ID'}]",INSERTION_FEE,0.11,USD,,,,,,,,,
FEE-7616404134919_11,7407708883,0,NON_SALE_CHARGE,DEBIT,2026-03-22T23:40:34.161Z,PAYOUT,Insertion Fee,,"[{'referenceId': '358248291246', 'referenceType': 'ITEM_ID'}]",INSERTION_FEE,0.11,USD,,,,,,,,,
FEE-7616396939719_11,7407708883,0,NON_SALE_CHARGE,DEBIT,2026-03-22T23:38:47.004Z,PAYOUT,Insertion Fee,,"[{'referenceId': '358248280442', 'referenceType': 'ITEM_ID'}]",INSERTION_FEE,0.11,USD,,,,,,,,,
FEE-7616394291419_11,7407708883,0,NON_SALE_CHARGE,DEBIT,2026-03-22T23:36:21.084Z,PAYOUT,Insertion Fee,,"[{'referenceId': '358248277443', 'referenceType': 'ITEM_ID'}]",INSERTION_FEE,0.11,USD,,,,,,,,,
FEE-7616393858719_11,7407708883,0,NON_SALE_CHARGE,DEBIT,2026-03-22T23:36:09.090Z,PAYOUT,Insertion Fee,,"[{'referenceId': '358248276507', 'referenceType': 'ITEM_ID'}]",INSERTION_FEE,0.11,USD,,,,,,,,,
FEE-7616393698119_11,7407708883,0,NON_SALE_CHARGE,DEBIT,2026-03-22T23:35:58.471Z,PAYOUT,Insertion Fee,,"[{'referenceId': '358248275923', 'referenceType': 'ITEM_ID'}]",INSERTION_FEE,0.11,USD,,,,,,,,,
FEE-7616391370219_11,7407708883,0,NON_SALE_CHARGE,DEBIT,2026-03-22T23:34:01.643Z,PAYOUT,Insertion Fee,,"[{'referenceId': '358248271255', 'referenceType': 'ITEM_ID'}]",INSERTION_FEE,0.11,USD,,,,,,,,,
FEE-7616365603919_11,7407708883,0,NON_SALE_CHARGE,DEBIT,2026-03-22T23:23:40.220Z,PAYOUT,Insertion Fee,,"[{'referenceId': '358248248623', 'referenceType': 'ITEM_ID'}]",INSERTION_FEE,0.11,USD,,,,,,,,,
FEE-7616338642819_11,7407708883,0,NON_SALE_CHARGE,DEBIT,2026-03-22T23:10:21.365Z,PAYOUT,Insertion Fee,,"[{'referenceId': '358248194046', 'referenceType': 'ITEM_ID'}]",INSERTION_FEE,0.11,USD,,,,,,,,,
FEE-7616335239619_11,7407708883,0,NON_SALE_CHARGE,DEBIT,2026-03-22T23:07:44.863Z,PAYOUT,Insertion Fee,,"[{'referenceId': '358248181942', 'referenceType': 'ITEM_ID'}]",INSERTION_FEE,0.11,USD,,,,,,,,,
FEE-7616327245919_11,7407708883,0,NON_SALE_CHARGE,DEBIT,2026-03-22T23:01:21.628Z,PAYOUT,Insertion Fee,,"[{'referenceId': '358248162139', 'referenceType': 'ITEM_ID'}]",INSERTION_FEE,0.11,USD,,,,,,,,,
FEE-7616321272919_11,7407708883,0,NON_SALE_CHARGE,DEBIT,2026-03-22T22:58:42.403Z,PAYOUT,Insertion Fee,,"[{'referenceId': '358248159806', 'referenceType': 'ITEM_ID'}]",INSERTION_FEE,0.11,USD,,,,,,,,,
FEE-7616316800119_11,7407708883,0,NON_SALE_CHARGE,DEBIT,2026-03-22T22:56:01.087Z,PAYOUT,Insertion Fee,,"[{'referenceId': '358248157094', 'referenceType': 'ITEM_ID'}]",INSERTION_FEE,0.11,USD,,,,,,,,,
FEE-7616314535219_11,7407708883,0,NON_SALE_CHARGE,DEBIT,2026-03-22T22:54:50.317Z,PAYOUT,Insertion Fee,,"[{'referenceId': '358248156269', 'referenceType': 'ITEM_ID'}]",INSERTION_FEE,0.11,USD,,,,,,,,,
FEE-7616314026419_11,7407708883,0,NON_SALE_CHARGE,DEBIT,2026-03-22T22:54:33.083Z,PAYOUT,Insertion Fee,,"[{'referenceId': '358248156085', 'referenceType': 'ITEM_ID'}]",INSERTION_FEE,0.11,USD,,,,,,,,,
FEE-7616313444719_11,7407708883,0,NON_SALE_CHARGE,DEBIT,2026-03-22T22:54:26.516Z,PAYOUT,Insertion Fee,,"[{'referenceId': '358248155842', 'referenceType': 'ITEM_ID'}]",INSERTION_FEE,0.11,USD,,,,,,,,,
FEE-7616311991819_11,7407708883,0,NON_SALE_CHARGE,DEBIT,2026-03-22T22:53:39.512Z,PAYOUT,Insertion Fee,,"[{'referenceId': '358248155102', 'referenceType': 'ITEM_ID'}]",INSERTION_FEE,0.11,USD,,,,,,,,,
FEE-7616310987619_11,7407708883,0,NON_SALE_CHARGE,DEBIT,2026-03-22T22:52:45.638Z,PAYOUT,Insertion Fee,,"[{'referenceId': '358248150079', 'referenceType': 'ITEM_ID'}]",INSERTION_FEE,0.11,USD,,,,,,,,,
FEE-7616310458919_11,7407708883,0,NON_SALE_CHARGE,DEBIT,2026-03-22T22:52:32.788Z,PAYOUT,Insertion Fee,,"[{'referenceId': '358248149007', 'referenceType': 'ITEM_ID'}]",INSERTION_FEE,0.11,USD,,,,,,,,,
FEE-7616308057219_11,7407708883,0,NON_SALE_CHARGE,DEBIT,2026-03-22T22:51:01.226Z,PAYOUT,Insertion Fee,,"[{'referenceId': '358248147934', 'referenceType': 'ITEM_ID'}]",INSERTION_FEE,0.11,USD,,,,,,,,,
FEE-7616297191819_11,7407708883,0,NON_SALE_CHARGE,DEBIT,2026-03-22T22:45:14.947Z,PAYOUT,Insertion Fee,,"[{'referenceId': '358248132355', 'referenceType': 'ITEM_ID'}]",INSERTION_FEE,0.11,USD,,,,,,,,,
FEE-7616295042019_11,7407708883,0,NON_SALE_CHARGE,DEBIT,2026-03-22T22:44:11.353Z,PAYOUT,Insertion Fee,,"[{'referenceId': '358248129144', 'referenceType': 'ITEM_ID'}]",INSERTION_FEE,0.11,USD,,,,,,,,,
FEE-7616294241819_11,7407708883,0,NON_SALE_CHARGE,DEBIT,2026-03-22T22:44:02.410Z,PAYOUT,Insertion Fee,,"[{'referenceId': '358248127479', 'referenceType': 'ITEM_ID'}]",INSERTION_FEE,0.11,USD,,,,,,,,,
FEE-7616291264219_11,7407708883,0,NON_SALE_CHARGE,DEBIT,2026-03-22T22:42:16.853Z,PAYOUT,Insertion Fee,,"[{'referenceId': '358248123021', 'referenceType': 'ITEM_ID'}]",INSERTION_FEE,0.11,USD,,,,,,,,,
FEE-7616289432419_11,7407708883,0,NON_SALE_CHARGE,DEBIT,2026-03-22T22:40:40.527Z,PAYOUT,Insertion Fee,,"[{'referenceId': '358248120928', 'referenceType': 'ITEM_ID'}]",INSERTION_FEE,0.11,USD,,,,,,,,,
FEE-7616288950419_11,7407708883,0,NON_SALE_CHARGE,DEBIT,2026-03-22T22:40:17.191Z,PAYOUT,Insertion Fee,,"[{'referenceId': '358248119719', 'referenceType': 'ITEM_ID'}]",INSERTION_FEE,0.11,USD,,,,,,,,,
FEE-7616288229619_11,7407708883,0,NON_SALE_CHARGE,DEBIT,2026-03-22T22:39:53.070Z,PAYOUT,Insertion Fee,,"[{'referenceId': '358248118914', 'referenceType': 'ITEM_ID'}]",INSERTION_FEE,0.11,USD,,,,,,,,,
FEE-7616286790319_11,7407708883,0,NON_SALE_CHARGE,DEBIT,2026-03-22T22:39:09.324Z,PAYOUT,Insertion Fee,,"[{'referenceId': '358248116611', 'referenceType': 'ITEM_ID'}]",INSERTION_FEE,0.11,USD,,,,,,,,,
FEE-7616278298819_11,7407708883,0,NON_SALE_CHARGE,DEBIT,2026-03-22T22:33:02.400Z,PAYOUT,Insertion Fee,,"[{'referenceId': '358248101140', 'referenceType': 'ITEM_ID'}]",INSERTION_FEE,0.11,USD,,,,,,,,,
FEE-7616273433219_11,7407708883,0,NON_SALE_CHARGE,DEBIT,2026-03-22T22:30:00.761Z,PAYOUT,Insertion Fee,,"[{'referenceId': '358248091813', 'referenceType': 'ITEM_ID'}]",INSERTION_FEE,0.11,USD,,,,,,,,,
FEE-7616270989219_11,7407708883,0,NON_SALE_CHARGE,DEBIT,2026-03-22T22:28:23.916Z,PAYOUT,Insertion Fee,,"[{'referenceId': '358248090924', 'referenceType': 'ITEM_ID'}]",INSERTION_FEE,0.11,USD,,,,,,,,,
FEE-7616267717919_11,7407708883,0,NON_SALE_CHARGE,DEBIT,2026-03-22T22:26:50.135Z,PAYOUT,Insertion Fee,,"[{'referenceId': '358248087427', 'referenceType': 'ITEM_ID'}]",INSERTION_FEE,0.11,USD,,,,,,,,,
FEE-7616265526019_11,7407708883,0,NON_SALE_CHARGE,DEBIT,2026-03-22T22:25:54.764Z,PAYOUT,Insertion Fee,,"[{'referenceId': '358248086655', 'referenceType': 'ITEM_ID'}]",INSERTION_FEE,0.11,USD,,,,,,,,,
FEE-7616254152819_11,7407708883,0,NON_SALE_CHARGE,DEBIT,2026-03-22T22:19:12.000Z,PAYOUT,Insertion Fee,,"[{'referenceId': '358248072996', 'referenceType': 'ITEM_ID'}]",INSERTION_FEE,0.11,USD,,,,,,,,,
FEE-7616250492119_11,7407708883,0,NON_SALE_CHARGE,DEBIT,2026-03-22T22:17:40.585Z,PAYOUT,Insertion Fee,,"[{'referenceId': '358248069636', 'referenceType': 'ITEM_ID'}]",INSERTION_FEE,0.11,USD,,,,,,,,,
FEE-7616244133919_11,7407708883,0,NON_SALE_CHARGE,DEBIT,2026-03-22T22:14:46.340Z,PAYOUT,Insertion Fee,,"[{'referenceId': '358248057193', 'referenceType': 'ITEM_ID'}]",INSERTION_FEE,0.11,USD,,,,,,,,,
FEE-7616243506619_11,7407708883,0,NON_SALE_CHARGE,DEBIT,2026-03-22T22:13:45.841Z,PAYOUT,Insertion Fee,,"[{'referenceId': '358248055072', 'referenceType': 'ITEM_ID'}]",INSERTION_FEE,0.11,USD,,,,,,,,,
FEE-7616242412919_11,7407708883,0,NON_SALE_CHARGE,DEBIT,2026-03-22T22:13:29.379Z,PAYOUT,Insertion Fee,,"[{'referenceId': '358248051764', 'referenceType': 'ITEM_ID'}]",INSERTION_FEE,0.11,USD,,,,,,,,,
FEE-7616208039019_11,7407708883,0,NON_SALE_CHARGE,DEBIT,2026-03-22T21:53:45.979Z,PAYOUT,Insertion Fee,,"[{'referenceId': '358248008541', 'referenceType': 'ITEM_ID'}]",INSERTION_FEE,0.11,USD,,,,,,,,,
FEE-7616189193319_11,7407708883,0,NON_SALE_CHARGE,DEBIT,2026-03-22T21:41:28.720Z,PAYOUT,Insertion Fee,,"[{'referenceId': '358247974144', 'referenceType': 'ITEM_ID'}]",INSERTION_FEE,0.11,USD,,,,,,,,,
FEE-7616182448419_11,7407708883,0,NON_SALE_CHARGE,DEBIT,2026-03-22T21:39:55.966Z,PAYOUT,Insertion Fee,,"[{'referenceId': '358247968668', 'referenceType': 'ITEM_ID'}]",INSERTION_FEE,0.11,USD,,,,,,,,,
FEE-7616181596119_11,7407708883,0,NON_SALE_CHARGE,DEBIT,2026-03-22T21:39:53.276Z,PAYOUT,Insertion Fee,,"[{'referenceId': '358247967495', 'referenceType': 'ITEM_ID'}]",INSERTION_FEE,0.11,USD,,,,,,,,,
FEE-7616178516519_11,7407708883,0,NON_SALE_CHARGE,DEBIT,2026-03-22T21:39:41.810Z,PAYOUT,Insertion Fee,,"[{'referenceId': '358247965513', 'referenceType': 'ITEM_ID'}]",INSERTION_FEE,0.11,USD,,,,,,,,,
FEE-7616177037619_11,7407708883,0,NON_SALE_CHARGE,DEBIT,2026-03-22T21:38:36.120Z,PAYOUT,Insertion Fee,,"[{'referenceId': '358247964330', 'referenceType': 'ITEM_ID'}]",INSERTION_FEE,0.11,USD,,,,,,,,,
FEE-7616176193719_11,7407708883,0,NON_SALE_CHARGE,DEBIT,2026-03-22T21:38:04.457Z,PAYOUT,Insertion Fee,,"[{'referenceId': '358247963147', 'referenceType': 'ITEM_ID'}]",INSERTION_FEE,0.11,USD,,,,,,,,,
FEE-7616175302919_11,7407708883,0,NON_SALE_CHARGE,DEBIT,2026-03-22T21:37:17.001Z,PAYOUT,Insertion Fee,,"[{'referenceId': '358247961625', 'referenceType': 'ITEM_ID'}]",INSERTION_FEE,0.11,USD,,,,,,,,,
FEE-7616173821819_11,7407708883,0,NON_SALE_CHARGE,DEBIT,2026-03-22T21:36:05.546Z,PAYOUT,Insertion Fee,,"[{'referenceId': '358247959343', 'referenceType': 'ITEM_ID'}]",INSERTION_FEE,0.11,USD,,,,,,,,,
FEE-7616173152919_11,7407708883,0,NON_SALE_CHARGE,DEBIT,2026-03-22T21:36:03.454Z,PAYOUT,Insertion Fee,,"[{'referenceId': '358247957676', 'referenceType': 'ITEM_ID'}]",INSERTION_FEE,0.11,USD,,,,,,,,,
FEE-7616172829919_11,7407708883,0,NON_SALE_CHARGE,DEBIT,2026-03-22T21:35:48.592Z,PAYOUT,Insertion Fee,,"[{'referenceId': '358247957174', 'referenceType': 'ITEM_ID'}]",INSERTION_FEE,0.11,USD,,,,,,,,,
FEE-7616171159319_11,7407708883,0,NON_SALE_CHARGE,DEBIT,2026-03-22T21:35:20.124Z,PAYOUT,Insertion Fee,,"[{'referenceId': '358247955533', 'referenceType': 'ITEM_ID'}]",INSERTION_FEE,0.11,USD,,,,,,,,,
FEE-7616169651519_11,7407708883,0,NON_SALE_CHARGE,DEBIT,2026-03-22T21:33:45.573Z,PAYOUT,Insertion Fee,,"[{'referenceId': '358247951696', 'referenceType': 'ITEM_ID'}]",INSERTION_FEE,0.11,USD,,,,,,,,,
FEE-7616164014319_11,7407708883,0,NON_SALE_CHARGE,DEBIT,2026-03-22T21:30:47.486Z,PAYOUT,Insertion Fee,,"[{'referenceId': '358247936149', 'referenceType': 'ITEM_ID'}]",INSERTION_FEE,0.11,USD,,,,,,,,,
FEE-7616161755519_11,7407708883,0,NON_SALE_CHARGE,DEBIT,2026-03-22T21:29:11.191Z,PAYOUT,Insertion Fee,,"[{'referenceId': '358247934737', 'referenceType': 'ITEM_ID'}]",INSERTION_FEE,0.11,USD,,,,,,,,,
FEE-7616160809719_11,7407708883,0,NON_SALE_CHARGE,DEBIT,2026-03-22T21:28:24.195Z,PAYOUT,Insertion Fee,,"[{'referenceId': '358247934047', 'referenceType': 'ITEM_ID'}]",INSERTION_FEE,0.11,USD,,,,,,,,,
FEE-7616159842419_11,7407708883,0,NON_SALE_CHARGE,DEBIT,2026-03-22T21:28:10.903Z,PAYOUT,Insertion Fee,,"[{'referenceId': '358247933774', 'referenceType': 'ITEM_ID'}]",INSERTION_FEE,0.11,USD,,,,,,,,,
FEE-7616159457919_11,7407708883,0,NON_SALE_CHARGE,DEBIT,2026-03-22T21:27:32.261Z,PAYOUT,Insertion Fee,,"[{'referenceId': '358247933597', 'referenceType': 'ITEM_ID'}]",INSERTION_FEE,0.11,USD,,,,,,,,,
FEE-7616151755419_11,7407708883,0,NON_SALE_CHARGE,DEBIT,2026-03-22T21:23:13.189Z,PAYOUT,Insertion Fee,,"[{'referenceId': '358247930366', 'referenceType': 'ITEM_ID'}]",INSERTION_FEE,0.11,USD,,,,,,,,,
FEE-7616133710019_11,7407708883,0,NON_SALE_CHARGE,DEBIT,2026-03-22T21:13:57.548Z,PAYOUT,Insertion Fee,,"[{'referenceId': '358247919834', 'referenceType': 'ITEM_ID'}]",INSERTION_FEE,0.11,USD,,,,,,,,,
FEE-7616116277519_11,7407708883,0,NON_SALE_CHARGE,DEBIT,2026-03-22T21:05:44.009Z,PAYOUT,Insertion Fee,,"[{'referenceId': '358247896686', 'referenceType': 'ITEM_ID'}]",INSERTION_FEE,0.11,USD,,,,,,,,,
FEE-7616108626119_11,7407708883,0,NON_SALE_CHARGE,DEBIT,2026-03-22T21:04:21.670Z,PAYOUT,Insertion Fee,,"[{'referenceId': '358247889084', 'referenceType': 'ITEM_ID'}]",INSERTION_FEE,0.11,USD,,,,,,,,,
FEE-7616102930619_11,7407708883,0,NON_SALE_CHARGE,DEBIT,2026-03-22T21:02:20.202Z,PAYOUT,Insertion Fee,,"[{'referenceId': '358247880048', 'referenceType': 'ITEM_ID'}]",INSERTION_FEE,0.11,USD,,,,,,,,,
FEE-7616099628519_11,7407708883,0,NON_SALE_CHARGE,DEBIT,2026-03-22T21:00:54.912Z,PAYOUT,Insertion Fee,,"[{'referenceId': '358247877474', 'referenceType': 'ITEM_ID'}]",INSERTION_FEE,0.11,USD,,,,,,,,,
FEE-7616098489419_11,7407708883,0,NON_SALE_CHARGE,DEBIT,2026-03-22T21:00:34.624Z,PAYOUT,Insertion Fee,,"[{'referenceId': '358247875924', 'referenceType': 'ITEM_ID'}]",INSERTION_FEE,0.11,USD,,,,,,,,,
FEE-7616083787919_11,7407708883,0,NON_SALE_CHARGE,DEBIT,2026-03-22T20:55:22.274Z,PAYOUT,Insertion Fee,,"[{'referenceId': '358247865459', 'referenceType': 'ITEM_ID'}]",INSERTION_FEE,0.11,USD,,,,,,,,,
FEE-7616074572319_11,7407708883,0,NON_SALE_CHARGE,DEBIT,2026-03-22T20:50:56.590Z,PAYOUT,Insertion Fee,,"[{'referenceId': '358247854443', 'referenceType': 'ITEM_ID'}]",INSERTION_FEE,0.11,USD,,,,,,,,,
FEE-7616074225719_11,7407708883,0,NON_SALE_CHARGE,DEBIT,2026-03-22T20:50:52.687Z,PAYOUT,Insertion Fee,,"[{'referenceId': '358247853726', 'referenceType': 'ITEM_ID'}]",INSERTION_FEE,0.11,USD,,,,,,,,,
FEE-7616063310719_11,7407708883,0,NON_SALE_CHARGE,DEBIT,2026-03-22T20:45:07.710Z,PAYOUT,Insertion Fee,,"[{'referenceId': '358247846670', 'referenceType': 'ITEM_ID'}]",INSERTION_FEE,0.11,USD,,,,,,,,,
FEE-7616062308019_11,7407708883,0,NON_SALE_CHARGE,DEBIT,2026-03-22T20:43:49.130Z,PAYOUT,Insertion Fee,,"[{'referenceId': '358247845740', 'referenceType': 'ITEM_ID'}]",INSERTION_FEE,0.11,USD,,,,,,,,,
FEE-7616057896419_11,7407708883,0,NON_SALE_CHARGE,DEBIT,2026-03-22T20:40:32.122Z,PAYOUT,Insertion Fee,,"[{'referenceId': '358247842314', 'referenceType': 'ITEM_ID'}]",INSERTION_FEE,0.11,USD,,,,,,,,,
FEE-7616052627119_11,7407708883,0,NON_SALE_CHARGE,DEBIT,2026-03-22T20:36:29.818Z,PAYOUT,Insertion Fee,,"[{'referenceId': '358247833616', 'referenceType': 'ITEM_ID'}]",INSERTION_FEE,0.11,USD,,,,,,,,,
FEE-7616044941119_11,7407708883,0,NON_SALE_CHARGE,DEBIT,2026-03-22T20:31:44.785Z,PAYOUT,Insertion Fee,,"[{'referenceId': '358247817626', 'referenceType': 'ITEM_ID'}]",INSERTION_FEE,0.11,USD,,,,,,,,,
FEE-7616043751419_11,7407708883,0,NON_SALE_CHARGE,DEBIT,2026-03-22T20:31:19.538Z,PAYOUT,Insertion Fee,,"[{'referenceId': '358247814208', 'referenceType': 'ITEM_ID'}]",INSERTION_FEE,0.11,USD,,,,,,,,,
FEE-7616042903019_11,7407708883,0,NON_SALE_CHARGE,DEBIT,2026-03-22T20:31:11.620Z,PAYOUT,Insertion Fee,,"[{'referenceId': '358247811535', 'referenceType': 'ITEM_ID'}]",INSERTION_FEE,0.11,USD,,,,,,,,,
FEE-7616033875419_11,7407708883,0,NON_SALE_CHARGE,DEBIT,2026-03-22T20:25:25.556Z,PAYOUT,Insertion Fee,,"[{'referenceId': '358247798905', 'referenceType': 'ITEM_ID'}]",INSERTION_FEE,0.11,USD,,,,,,,,,
FEE-7616029595719_11,7407708883,0,NON_SALE_CHARGE,DEBIT,2026-03-22T20:23:00.868Z,PAYOUT,Insertion Fee,,"[{'referenceId': '358247794658', 'referenceType': 'ITEM_ID'}]",INSERTION_FEE,0.11,USD,,,,,,,,,
FEE-7616026189719_11,7407708883,0,NON_SALE_CHARGE,DEBIT,2026-03-22T20:21:14.875Z,PAYOUT,Insertion Fee,,"[{'referenceId': '358247788593', 'referenceType': 'ITEM_ID'}]",INSERTION_FEE,0.11,USD,,,,,,,,,
FEE-7616015153319_11,7407708883,0,NON_SALE_CHARGE,DEBIT,2026-03-22T20:15:27.755Z,PAYOUT,Insertion Fee,,"[{'referenceId': '358247780032', 'referenceType': 'ITEM_ID'}]",INSERTION_FEE,0.11,USD,,,,,,,,,
FEE-7615999807519_11,7407708883,0,NON_SALE_CHARGE,DEBIT,2026-03-22T20:06:19.860Z,PAYOUT,Insertion Fee,,"[{'referenceId': '358247766674', 'referenceType': 'ITEM_ID'}]",INSERTION_FEE,0.11,USD,,,,,,,,,
FEE-7615995747519_11,7407708883,0,NON_SALE_CHARGE,DEBIT,2026-03-22T20:03:40.792Z,PAYOUT,Insertion Fee,,"[{'referenceId': '358247760071', 'referenceType': 'ITEM_ID'}]",INSERTION_FEE,0.11,USD,,,,,,,,,
FEE-7615994714619_11,7407708883,0,NON_SALE_CHARGE,DEBIT,2026-03-22T20:02:47.279Z,PAYOUT,Insertion Fee,,"[{'referenceId': '358247758531', 'referenceType': 'ITEM_ID'}]",INSERTION_FEE,0.11,USD,,,,,,,,,
FEE-7615994417619_11,7407708883,0,NON_SALE_CHARGE,DEBIT,2026-03-22T20:02:29.154Z,PAYOUT,Insertion Fee,,"[{'referenceId': '358247756739', 'referenceType': 'ITEM_ID'}]",INSERTION_FEE,0.11,USD,,,,,,,,,
FEE-7615991676019_11,7407708883,0,NON_SALE_CHARGE,DEBIT,2026-03-22T20:00:42.916Z,PAYOUT,Insertion Fee,,"[{'referenceId': '358247750153', 'referenceType': 'ITEM_ID'}]",INSERTION_FEE,0.11,USD,,,,,,,,,
FEE-7615989945419_11,7407708883,0,NON_SALE_CHARGE,DEBIT,2026-03-22T19:59:27.061Z,PAYOUT,Insertion Fee,,"[{'referenceId': '358247745235', 'referenceType': 'ITEM_ID'}]",INSERTION_FEE,0.11,USD,,,,,,,,,
FEE-7615968793819_11,7407708883,0,NON_SALE_CHARGE,DEBIT,2026-03-22T19:50:39.349Z,PAYOUT,Insertion Fee,,"[{'referenceId': '358247711857', 'referenceType': 'ITEM_ID'}]",INSERTION_FEE,0.11,USD,,,,,,,,,
FEE-7615965498219_11,7407708883,0,NON_SALE_CHARGE,DEBIT,2026-03-22T19:48:40.478Z,PAYOUT,Insertion Fee,,"[{'referenceId': '358247706211', 'referenceType': 'ITEM_ID'}]",INSERTION_FEE,0.11,USD,,,,,,,,,
FEE-7615963052619_11,7407708883,0,NON_SALE_CHARGE,DEBIT,2026-03-22T19:48:00.512Z,PAYOUT,Insertion Fee,,"[{'referenceId': '358247704875', 'referenceType': 'ITEM_ID'}]",INSERTION_FEE,0.11,USD,,,,,,,,,
FEE-7615961972719_11,7407708883,0,NON_SALE_CHARGE,DEBIT,2026-03-22T19:47:51.265Z,PAYOUT,Insertion Fee,,"[{'referenceId': '358247703569', 'referenceType': 'ITEM_ID'}]",INSERTION_FEE,0.11,USD,,,,,,,,,
FEE-7615962301019_11,7407708883,0,NON_SALE_CHARGE,DEBIT,2026-03-22T19:47:48.881Z,PAYOUT,Insertion Fee,,"[{'referenceId': '358247704093', 'referenceType': 'ITEM_ID'}]",INSERTION_FEE,0.11,USD,,,,,,,,,
FEE-7615961280519_11,7407708883,0,NON_SALE_CHARGE,DEBIT,2026-03-22T19:46:31.126Z,PAYOUT,Insertion Fee,,"[{'referenceId': '358247703276', 'referenceType': 'ITEM_ID'}]",INSERTION_FEE,0.11,USD,,,,,,,,,
FEE-7615957188619_11,7407708883,0,NON_SALE_CHARGE,DEBIT,2026-03-22T19:45:07.898Z,PAYOUT,Insertion Fee,,"[{'referenceId': '358247701412', 'referenceType': 'ITEM_ID'}]",INSERTION_FEE,0.11,USD,,,,,,,,,
FEE-7615954171019_11,7407708883,0,NON_SALE_CHARGE,DEBIT,2026-03-22T19:42:04.487Z,PAYOUT,Insertion Fee,,"[{'referenceId': '358247698469', 'referenceType': 'ITEM_ID'}]",INSERTION_FEE,0.11,USD,,,,,,,,,
FEE-7615952060619_11,7407708883,0,NON_SALE_CHARGE,DEBIT,2026-03-22T19:41:29.139Z,PAYOUT,Insertion Fee,,"[{'referenceId': '358247697835', 'referenceType': 'ITEM_ID'}]",INSERTION_FEE,0.11,USD,,,,,,,,,
FEE-7615948563119_11,7407708883,0,NON_SALE_CHARGE,DEBIT,2026-03-22T19:39:15.595Z,PAYOUT,Insertion Fee,,"[{'referenceId': '358247695080', 'referenceType': 'ITEM_ID'}]",INSERTION_FEE,0.11,USD,,,,,,,,,
FEE-7615939034519_11,7407708883,0,NON_SALE_CHARGE,DEBIT,2026-03-22T19:34:13.416Z,PAYOUT,Insertion Fee,,"[{'referenceId': '358247690790', 'referenceType': 'ITEM_ID'}]",INSERTION_FEE,0.11,USD,,,,,,,,,
FEE-7615028262119_11,7407708883,0,NON_SALE_CHARGE,DEBIT,2026-03-22T12:46:47.519Z,PAYOUT,Insertion Fee,,"[{'referenceId': '358327122916', 'referenceType': 'ITEM_ID'}]",INSERTION_FEE,0.11,USD,,,,,,,,,
FEE-7614912283819_11,7407708883,0,NON_SALE_CHARGE,DEBIT,2026-03-22T11:58:45.492Z,PAYOUT,Insertion Fee,,"[{'referenceId': '358327140505', 'referenceType': 'ITEM_ID'}]",INSERTION_FEE,0.11,USD,,,,,,,,,
26-14374-85343,7415520355,0,SALE,CREDIT,2026-03-22T08:24:39.194Z,PAYOUT,,eBay Commerce Inc.,,,251.6,USD,26-14374-85343,"[{'lineItemId': '10079306723026', 'feeBasisAmount': {'value': '298.11', 'currency': 'USD'}, 'marketplaceFees': [{'feeType': 'FINAL_VALUE_FEE', 'amount': {'value': '41.65', 'currency': 'USD'}}, {'feeType': 'FINAL_VALUE_FEE_FIXED_PER_ORDER', 'amount': {'value': '0.44', 'currency': 'USD'}}, {'feeType': 'INTERNATIONAL_FEE', 'amount': {'value': '4.42', 'currency': 'USD'}, 'feeMemo': 'Charged because the delivery address is in United Kingdom. Final amount: $298.11.'}]}]",bobtail5998,298.11,USD,46.51,USD,,
FEE-7613781616819_11,7407708883,0,NON_SALE_CHARGE,DEBIT,2026-03-22T02:23:23.775Z,PAYOUT,Insertion Fee,,"[{'referenceId': '358327157516', 'referenceType': 'ITEM_ID'}]",INSERTION_FEE,0.11,USD,,,,,,,,,
FEE-7613497298419_11,7407708883,0,NON_SALE_CHARGE,DEBIT,2026-03-21T23:36:03.667Z,PAYOUT,Insertion Fee,,"[{'referenceId': '358244499161', 'referenceType': 'ITEM_ID'}]",INSERTION_FEE,0.11,USD,,,,,,,,,
FEE-7613495367719_11,7407708883,0,NON_SALE_CHARGE,DEBIT,2026-03-21T23:35:16.433Z,PAYOUT,Insertion Fee,,"[{'referenceId': '358244498157', 'referenceType': 'ITEM_ID'}]",INSERTION_FEE,0.11,USD,,,,,,,,,
FEE-7613494896219_11,7407708883,0,NON_SALE_CHARGE,DEBIT,2026-03-21T23:34:56.460Z,PAYOUT,Insertion Fee,,"[{'referenceId': '358244497903', 'referenceType': 'ITEM_ID'}]",INSERTION_FEE,0.11,USD,,,,,,,,,
FEE-7613493396919_11,7407708883,0,NON_SALE_CHARGE,DEBIT,2026-03-21T23:34:22.654Z,PAYOUT,Insertion Fee,,"[{'referenceId': '358244495348', 'referenceType': 'ITEM_ID'}]",INSERTION_FEE,0.11,USD,,,,,,,,,
FEE-7613490494319_11,7407708883,0,NON_SALE_CHARGE,DEBIT,2026-03-21T23:33:05.307Z,PAYOUT,Insertion Fee,,"[{'referenceId': '358244491284', 'referenceType': 'ITEM_ID'}]",INSERTION_FEE,0.11,USD,,,,,,,,,
FEE-7613489473119_11,7407708883,0,NON_SALE_CHARGE,DEBIT,2026-03-21T23:32:34.865Z,PAYOUT,Insertion Fee,,"[{'referenceId': '358244490196', 'referenceType': 'ITEM_ID'}]",INSERTION_FEE,0.11,USD,,,,,,,,,
FEE-7613488871519_11,7407708883,0,NON_SALE_CHARGE,DEBIT,2026-03-21T23:31:59.626Z,PAYOUT,Insertion Fee,,"[{'referenceId': '358244488819', 'referenceType': 'ITEM_ID'}]",INSERTION_FEE,0.11,USD,,,,,,,,,
FEE-7613485720719_11,7407708883,0,NON_SALE_CHARGE,DEBIT,2026-03-21T23:30:04.219Z,PAYOUT,Insertion Fee,,"[{'referenceId': '358244482313', 'referenceType': 'ITEM_ID'}]",INSERTION_FEE,0.11,USD,,,,,,,,,
FEE-7613484930219_11,7407708883,0,NON_SALE_CHARGE,DEBIT,2026-03-21T23:28:58.025Z,PAYOUT,Insertion Fee,,"[{'referenceId': '358244481623', 'referenceType': 'ITEM_ID'}]",INSERTION_FEE,0.11,USD,,,,,,,,,
FEE-7613484318619_11,7407708883,0,NON_SALE_CHARGE,DEBIT,2026-03-21T23:28:27.343Z,PAYOUT,Insertion Fee,,"[{'referenceId': '358244481441', 'referenceType': 'ITEM_ID'}]",INSERTION_FEE,0.11,USD,,,,,,,,,
FEE-7613473458319_11,7407708883,0,NON_SALE_CHARGE,DEBIT,2026-03-21T23:23:57.733Z,PAYOUT,Insertion Fee,,"[{'referenceId': '358244466903', 'referenceType': 'ITEM_ID'}]",INSERTION_FEE,0.11,USD,,,,,,,,,
FEE-7613469318619_11,7404158659,0,NON_SALE_CHARGE,DEBIT,2026-03-21T23:21:04.547Z,PAYOUT,Insertion Fee,,"[{'referenceId': '358244457455', 'referenceType': 'ITEM_ID'}]",INSERTION_FEE,0.11,USD,,,,,,,,,
FEE-7613467911519_11,7404158659,0,NON_SALE_CHARGE,DEBIT,2026-03-21T23:19:44.418Z,PAYOUT,Insertion Fee,,"[{'referenceId': '358244453013', 'referenceType': 'ITEM_ID'}]",INSERTION_FEE,0.11,USD,,,,,,,,,
FEE-7613463235319_11,7404158659,0,NON_SALE_CHARGE,DEBIT,2026-03-21T23:16:06.839Z,PAYOUT,Insertion Fee,,"[{'referenceId': '358244442152', 'referenceType': 'ITEM_ID'}]",INSERTION_FEE,0.11,USD,,,,,,,,,
FEE-7613461958819_11,7404158659,0,NON_SALE_CHARGE,DEBIT,2026-03-21T23:15:52.402Z,PAYOUT,Insertion Fee,,"[{'referenceId': '358244440202', 'referenceType': 'ITEM_ID'}]",INSERTION_FEE,0.11,USD,,,,,,,,,
FEE-7613461586019_11,7404158659,0,NON_SALE_CHARGE,DEBIT,2026-03-21T23:15:42.337Z,PAYOUT,Insertion Fee,,"[{'referenceId': '358244439380', 'referenceType': 'ITEM_ID'}]",INSERTION_FEE,0.11,USD,,,,,,,,,
FEE-7613458642019_11,7404158659,0,NON_SALE_CHARGE,DEBIT,2026-03-21T23:14:30.833Z,PAYOUT,Insertion Fee,,"[{'referenceId': '358244437241', 'referenceType': 'ITEM_ID'}]",INSERTION_FEE,0.11,USD,,,,,,,,,
FEE-7613438213019_11,7404158659,0,NON_SALE_CHARGE,DEBIT,2026-03-21T23:08:42.819Z,PAYOUT,Insertion Fee,,"[{'referenceId': '358244412033', 'referenceType': 'ITEM_ID'}]",INSERTION_FEE,0.11,USD,,,,,,,,,
FEE-7613437149819_11,7404158659,0,NON_SALE_CHARGE,DEBIT,2026-03-21T23:07:49.793Z,PAYOUT,Insertion Fee,,"[{'referenceId': '358244410562', 'referenceType': 'ITEM_ID'}]",INSERTION_FEE,0.11,USD,,,,,,,,,
FEE-7613432689619_11,7404158659,0,NON_SALE_CHARGE,DEBIT,2026-03-21T23:04:59.488Z,PAYOUT,Insertion Fee,,"[{'referenceId': '358244403429', 'referenceType': 'ITEM_ID'}]",INSERTION_FEE,0.11,USD,,,,,,,,,
FEE-7613429682819_11,7404158659,0,NON_SALE_CHARGE,DEBIT,2026-03-21T23:02:25.014Z,PAYOUT,Insertion Fee,,"[{'referenceId': '358244394649', 'referenceType': 'ITEM_ID'}]",INSERTION_FEE,0.11,USD,,,,,,,,,
FEE-7613422071619_11,7404158659,0,NON_SALE_CHARGE,DEBIT,2026-03-21T22:59:19.437Z,PAYOUT,Insertion Fee,,"[{'referenceId': '358244391148', 'referenceType': 'ITEM_ID'}]",INSERTION_FEE,0.11,USD,,,,,,,,,
FEE-7613419877119_11,7404158659,0,NON_SALE_CHARGE,DEBIT,2026-03-21T22:58:19.875Z,PAYOUT,Insertion Fee,,"[{'referenceId': '358244390799', 'referenceType': 'ITEM_ID'}]",INSERTION_FEE,0.11,USD,,,,,,,,,
FEE-7613419316719_11,7404158659,0,NON_SALE_CHARGE,DEBIT,2026-03-21T22:57:46.181Z,PAYOUT,Insertion Fee,,"[{'referenceId': '358244390550', 'referenceType': 'ITEM_ID'}]",INSERTION_FEE,0.11,USD,,,,,,,,,
FEE-7613416837719_11,7404158659,0,NON_SALE_CHARGE,DEBIT,2026-03-21T22:56:57.648Z,PAYOUT,Insertion Fee,,"[{'referenceId': '358244389700', 'referenceType': 'ITEM_ID'}]",INSERTION_FEE,0.11,USD,,,,,,,,,
FEE-7613416400419_11,7404158659,0,NON_SALE_CHARGE,DEBIT,2026-03-21T22:56:02.062Z,PAYOUT,Insertion Fee,,"[{'referenceId': '358244388598', 'referenceType': 'ITEM_ID'}]",INSERTION_FEE,0.11,USD,,,,,,,,,
FEE-7613413959119_11,7404158659,0,NON_SALE_CHARGE,DEBIT,2026-03-21T22:54:48.717Z,PAYOUT,Insertion Fee,,"[{'referenceId': '358244387771', 'referenceType': 'ITEM_ID'}]",INSERTION_FEE,0.11,USD,,,,,,,,,
FEE-7613413247419_11,7404158659,0,NON_SALE_CHARGE,DEBIT,2026-03-21T22:54:17.100Z,PAYOUT,Insertion Fee,,"[{'referenceId': '358244387257', 'referenceType': 'ITEM_ID'}]",INSERTION_FEE,0.11,USD,,,,,,,,,
FEE-7613411198519_11,7404158659,0,NON_SALE_CHARGE,DEBIT,2026-03-21T22:52:26.987Z,PAYOUT,Insertion Fee,,"[{'referenceId': '358244381927', 'referenceType': 'ITEM_ID'}]",INSERTION_FEE,0.11,USD,,,,,,,,,
FEE-7613406590119_11,7404158659,0,NON_SALE_CHARGE,DEBIT,2026-03-21T22:50:33.677Z,PAYOUT,Insertion Fee,,"[{'referenceId': '358244374949', 'referenceType': 'ITEM_ID'}]",INSERTION_FEE,0.11,USD,,,,,,,,,
FEE-7613403040419_11,7404158659,0,NON_SALE_CHARGE,DEBIT,2026-03-21T22:49:54.338Z,PAYOUT,Insertion Fee,,"[{'referenceId': '358244369150', 'referenceType': 'ITEM_ID'}]",INSERTION_FEE,0.11,USD,,,,,,,,,
FEE-7613399191319_11,7404158659,0,NON_SALE_CHARGE,DEBIT,2026-03-21T22:48:51.956Z,PAYOUT,Insertion Fee,,"[{'referenceId': '358244365167', 'referenceType': 'ITEM_ID'}]",INSERTION_FEE,0.11,USD,,,,,,,,,
FEE-7613381304919_11,7404158659,0,NON_SALE_CHARGE,DEBIT,2026-03-21T22:35:58.010Z,PAYOUT,Insertion Fee,,"[{'referenceId': '358244333125', 'referenceType': 'ITEM_ID'}]",INSERTION_FEE,0.11,USD,,,,,,,,,
FEE-7613379023119_11,7404158659,0,NON_SALE_CHARGE,DEBIT,2026-03-21T22:34:17.925Z,PAYOUT,Insertion Fee,,"[{'referenceId': '358244325346', 'referenceType': 'ITEM_ID'}]",INSERTION_FEE,0.11,USD,,,,,,,,,
FEE-7613377696019_11,7404158659,0,NON_SALE_CHARGE,DEBIT,2026-03-21T22:32:40.204Z,PAYOUT,Insertion Fee,,"[{'referenceId': '358244323508', 'referenceType': 'ITEM_ID'}]",INSERTION_FEE,0.11,USD,,,,,,,,,
FEE-7613372180419_11,7404158659,0,NON_SALE_CHARGE,DEBIT,2026-03-21T22:28:47.116Z,PAYOUT,Insertion Fee,,"[{'referenceId': '358244316057', 'referenceType': 'ITEM_ID'}]",INSERTION_FEE,0.11,USD,,,,,,,,,
FEE-7613369514219_11,7404158659,0,NON_SALE_CHARGE,DEBIT,2026-03-21T22:26:50.206Z,PAYOUT,Insertion Fee,,"[{'referenceId': '358244311542', 'referenceType': 'ITEM_ID'}]",INSERTION_FEE,0.11,USD,,,,,,,,,
FEE-7613368070719_11,7404158659,0,NON_SALE_CHARGE,DEBIT,2026-03-21T22:25:33.155Z,PAYOUT,Insertion Fee,,"[{'referenceId': '358244310196', 'referenceType': 'ITEM_ID'}]",INSERTION_FEE,0.11,USD,,,,,,,,,
FEE-7613366408419_11,7404158659,0,NON_SALE_CHARGE,DEBIT,2026-03-21T22:24:45.805Z,PAYOUT,Insertion Fee,,"[{'referenceId': '358244309609', 'referenceType': 'ITEM_ID'}]",INSERTION_FEE,0.11,USD,,,,,,,,,
FEE-7613364097519_11,7404158659,0,NON_SALE_CHARGE,DEBIT,2026-03-21T22:22:40.579Z,PAYOUT,Insertion Fee,,"[{'referenceId': '358244307572', 'referenceType': 'ITEM_ID'}]",INSERTION_FEE,0.11,USD,,,,,,,,,
FEE-7613361448119_11,7404158659,0,NON_SALE_CHARGE,DEBIT,2026-03-21T22:20:01.385Z,PAYOUT,Insertion Fee,,"[{'referenceId': '358244305661', 'referenceType': 'ITEM_ID'}]",INSERTION_FEE,0.11,USD,,,,,,,,,
FEE-7613358113219_11,7404158659,0,NON_SALE_CHARGE,DEBIT,2026-03-21T22:18:45.793Z,PAYOUT,Insertion Fee,,"[{'referenceId': '358244301482', 'referenceType': 'ITEM_ID'}]",INSERTION_FEE,0.11,USD,,,,,,,,,
FEE-7613352053619_11,7404158659,0,NON_SALE_CHARGE,DEBIT,2026-03-21T22:14:24.472Z,PAYOUT,Insertion Fee,,"[{'referenceId': '358244290661', 'referenceType': 'ITEM_ID'}]",INSERTION_FEE,0.11,USD,,,,,,,,,
FEE-7613344593519_11,7404158659,0,NON_SALE_CHARGE,DEBIT,2026-03-21T22:10:31.010Z,PAYOUT,Insertion Fee,,"[{'referenceId': '358244264367', 'referenceType': 'ITEM_ID'}]",INSERTION_FEE,0.11,USD,,,,,,,,,
FEE-7613305903619_11,7404158659,0,NON_SALE_CHARGE,DEBIT,2026-03-21T21:53:26.472Z,PAYOUT,Insertion Fee,,"[{'referenceId': '358244232332', 'referenceType': 'ITEM_ID'}]",INSERTION_FEE,0.11,USD,,,,,,,,,
FEE-7613304748619_11,7404158659,0,NON_SALE_CHARGE,DEBIT,2026-03-21T21:52:49.608Z,PAYOUT,Insertion Fee,,"[{'referenceId': '358353718928', 'referenceType': 'ITEM_ID'}]",INSERTION_FEE,0.11,USD,,,,,,,,,
FEE-7613302369419_11,7404158659,0,NON_SALE_CHARGE,DEBIT,2026-03-21T21:51:41.157Z,PAYOUT,Insertion Fee,,"[{'referenceId': '358244224306', 'referenceType': 'ITEM_ID'}]",INSERTION_FEE,0.11,USD,,,,,,,,,
FEE-7613299854819_11,7404158659,0,NON_SALE_CHARGE,DEBIT,2026-03-21T21:50:15.642Z,PAYOUT,Insertion Fee,,"[{'referenceId': '358244221628', 'referenceType': 'ITEM_ID'}]",INSERTION_FEE,0.11,USD,,,,,,,,,
FEE-7613295860919_11,7404158659,0,NON_SALE_CHARGE,DEBIT,2026-03-21T21:47:47.674Z,PAYOUT,Insertion Fee,,"[{'referenceId': '358244217869', 'referenceType': 'ITEM_ID'}]",INSERTION_FEE,0.11,USD,,,,,,,,,
FEE-7613295355419_11,7404158659,0,NON_SALE_CHARGE,DEBIT,2026-03-21T21:47:45.007Z,PAYOUT,Insertion Fee,,"[{'referenceId': '358244217742', 'referenceType': 'ITEM_ID'}]",INSERTION_FEE,0.11,USD,,,,,,,,,
FEE-7613294783119_11,7404158659,0,NON_SALE_CHARGE,DEBIT,2026-03-21T21:47:39.569Z,PAYOUT,Insertion Fee,,"[{'referenceId': '358244217541', 'referenceType': 'ITEM_ID'}]",INSERTION_FEE,0.11,USD,,,,,,,,,
FEE-7613292671119_11,7404158659,0,NON_SALE_CHARGE,DEBIT,2026-03-21T21:46:00.947Z,PAYOUT,Insertion Fee,,"[{'referenceId': '358244216968', 'referenceType': 'ITEM_ID'}]",INSERTION_FEE,0.11,USD,,,,,,,,,
FEE-7613283445119_11,7404158659,0,NON_SALE_CHARGE,DEBIT,2026-03-21T21:41:12.964Z,PAYOUT,Insertion Fee,,"[{'referenceId': '358244207660', 'referenceType': 'ITEM_ID'}]",INSERTION_FEE,0.11,USD,,,,,,,,,
FEE-7613282307619_11,7404158659,0,NON_SALE_CHARGE,DEBIT,2026-03-21T21:39:43.790Z,PAYOUT,Insertion Fee,,"[{'referenceId': '358244206477', 'referenceType': 'ITEM_ID'}]",INSERTION_FEE,0.11,USD,,,,,,,,,
FEE-7613281334319_11,7404158659,0,NON_SALE_CHARGE,DEBIT,2026-03-21T21:39:28.581Z,PAYOUT,Insertion Fee,,"[{'referenceId': '358244204716', 'referenceType': 'ITEM_ID'}]",INSERTION_FEE,0.11,USD,,,,,,,,,
FEE-7613278137519_11,7404158659,0,NON_SALE_CHARGE,DEBIT,2026-03-21T21:36:12.290Z,PAYOUT,Insertion Fee,,"[{'referenceId': '358244197423', 'referenceType': 'ITEM_ID'}]",INSERTION_FEE,0.11,USD,,,,,,,,,
FEE-7613275336819_11,7404158659,0,NON_SALE_CHARGE,DEBIT,2026-03-21T21:34:04.035Z,PAYOUT,Insertion Fee,,"[{'referenceId': '358244191535', 'referenceType': 'ITEM_ID'}]",INSERTION_FEE,0.11,USD,,,,,,,,,
FEE-7613273576519_11,7404158659,0,NON_SALE_CHARGE,DEBIT,2026-03-21T21:32:13.970Z,PAYOUT,Insertion Fee,,"[{'referenceId': '358244187020', 'referenceType': 'ITEM_ID'}]",INSERTION_FEE,0.11,USD,,,,,,,,,
FEE-7613270863919_11,7404158659,0,NON_SALE_CHARGE,DEBIT,2026-03-21T21:30:05.877Z,PAYOUT,Insertion Fee,,"[{'referenceId': '358244176204', 'referenceType': 'ITEM_ID'}]",INSERTION_FEE,0.11,USD,,,,,,,,,
FEE-7613258664219_11,7404158659,0,NON_SALE_CHARGE,DEBIT,2026-03-21T21:21:37.922Z,PAYOUT,Insertion Fee,,"[{'referenceId': '358244160884', 'referenceType': 'ITEM_ID'}]",INSERTION_FEE,0.11,USD,,,,,,,,,
FEE-7613251970319_11,7404158659,0,NON_SALE_CHARGE,DEBIT,2026-03-21T21:16:45.592Z,PAYOUT,Insertion Fee,,"[{'referenceId': '358244155000', 'referenceType': 'ITEM_ID'}]",INSERTION_FEE,0.11,USD,,,,,,,,,
FEE-7613242871519_11,7404158659,0,NON_SALE_CHARGE,DEBIT,2026-03-21T21:13:39.294Z,PAYOUT,Insertion Fee,,"[{'referenceId': '358244148214', 'referenceType': 'ITEM_ID'}]",INSERTION_FEE,0.11,USD,,,,,,,,,
FEE-7613239871319_11,7404158659,0,NON_SALE_CHARGE,DEBIT,2026-03-21T21:12:34.071Z,PAYOUT,Insertion Fee,,"[{'referenceId': '358244142746', 'referenceType': 'ITEM_ID'}]",INSERTION_FEE,0.11,USD,,,,,,,,,
FEE-7613233399719_11,7404158659,0,NON_SALE_CHARGE,DEBIT,2026-03-21T21:08:36.627Z,PAYOUT,Insertion Fee,,"[{'referenceId': '358244132159', 'referenceType': 'ITEM_ID'}]",INSERTION_FEE,0.11,USD,,,,,,,,,
FEE-7613231828719_11,7404158659,0,NON_SALE_CHARGE,DEBIT,2026-03-21T21:08:02.862Z,PAYOUT,Insertion Fee,,"[{'referenceId': '358244130857', 'referenceType': 'ITEM_ID'}]",INSERTION_FEE,0.11,USD,,,,,,,,,
FEE-7613225937919_11,7404158659,0,NON_SALE_CHARGE,DEBIT,2026-03-21T21:05:50.310Z,PAYOUT,Insertion Fee,,"[{'referenceId': '358244124751', 'referenceType': 'ITEM_ID'}]",INSERTION_FEE,0.11,USD,,,,,,,,,
FEE-7613221864819_11,7404158659,0,NON_SALE_CHARGE,DEBIT,2026-03-21T21:00:47.927Z,PAYOUT,Insertion Fee,,"[{'referenceId': '358244111830', 'referenceType': 'ITEM_ID'}]",INSERTION_FEE,0.11,USD,,,,,,,,,
FEE-7613219333819_11,7404158659,0,NON_SALE_CHARGE,DEBIT,2026-03-21T20:59:16.933Z,PAYOUT,Insertion Fee,,"[{'referenceId': '358244103831', 'referenceType': 'ITEM_ID'}]",INSERTION_FEE,0.11,USD,,,,,,,,,
FEE-7613209122019_11,7404158659,0,NON_SALE_CHARGE,DEBIT,2026-03-21T20:55:14.230Z,PAYOUT,Insertion Fee,,"[{'referenceId': '358244096710', 'referenceType': 'ITEM_ID'}]",INSERTION_FEE,0.11,USD,,,,,,,,,
FEE-7613208239419_11,7404158659,0,NON_SALE_CHARGE,DEBIT,2026-03-21T20:54:37.685Z,PAYOUT,Insertion Fee,,"[{'referenceId': '358244095922', 'referenceType': 'ITEM_ID'}]",INSERTION_FEE,0.11,USD,,,,,,,,,
FEE-7613203899919_11,7404158659,0,NON_SALE_CHARGE,DEBIT,2026-03-21T20:51:40.107Z,PAYOUT,Insertion Fee,,"[{'referenceId': '358244082977', 'referenceType': 'ITEM_ID'}]",INSERTION_FEE,0.11,USD,,,,,,,,,
FEE-7613196579119_11,7404158659,0,NON_SALE_CHARGE,DEBIT,2026-03-21T20:48:31.528Z,PAYOUT,Insertion Fee,,"[{'referenceId': '358244075786', 'referenceType': 'ITEM_ID'}]",INSERTION_FEE,0.11,USD,,,,,,,,,
FEE-7613194017219_11,7404158659,0,NON_SALE_CHARGE,DEBIT,2026-03-21T20:48:25.098Z,PAYOUT,Insertion Fee,,"[{'referenceId': '358244075047', 'referenceType': 'ITEM_ID'}]",INSERTION_FEE,0.11,USD,,,,,,,,,
FEE-7613188889819_11,7404158659,0,NON_SALE_CHARGE,DEBIT,2026-03-21T20:47:02.075Z,PAYOUT,Insertion Fee,,"[{'referenceId': '358244071937', 'referenceType': 'ITEM_ID'}]",INSERTION_FEE,0.11,USD,,,,,,,,,
FEE-7613183532919_11,7404158659,0,NON_SALE_CHARGE,DEBIT,2026-03-21T20:44:39.124Z,PAYOUT,Insertion Fee,,"[{'referenceId': '358244067285', 'referenceType': 'ITEM_ID'}]",INSERTION_FEE,0.11,USD,,,,,,,,,
FEE-7613182315819_11,7404158659,0,NON_SALE_CHARGE,DEBIT,2026-03-21T20:44:01.274Z,PAYOUT,Insertion Fee,,"[{'referenceId': '358244067016', 'referenceType': 'ITEM_ID'}]",INSERTION_FEE,0.11,USD,,,,,,,,,
FEE-7613180749119_11,7404158659,0,NON_SALE_CHARGE,DEBIT,2026-03-21T20:42:36.981Z,PAYOUT,Insertion Fee,,"[{'referenceId': '358244066314', 'referenceType': 'ITEM_ID'}]",INSERTION_FEE,0.11,USD,,,,,,,,,
FEE-7613179895219_11,7404158659,0,NON_SALE_CHARGE,DEBIT,2026-03-21T20:42:13.928Z,PAYOUT,Insertion Fee,,"[{'referenceId': '358244065628', 'referenceType': 'ITEM_ID'}]",INSERTION_FEE,0.11,USD,,,,,,,,,
FEE-7612029185219_11,7404158659,0,NON_SALE_CHARGE,DEBIT,2026-03-21T11:42:29.283Z,PAYOUT,Promoted Listings - General fee,eBay Commerce Inc.,"[{'referenceId': '358332666649', 'referenceType': 'ITEM_ID'}, {'referenceId': '09-14395-88713', 'referenceType': 'ORDER_ID'}]",AD_FEE,18.45,USD,,,,,,,,,
09-14395-88713,7422552379,0,SALE,CREDIT,2026-03-21T11:38:46.175Z,PAYOUT,,eBay Commerce Inc.,,,255.84,USD,09-14395-88713,"[{'lineItemId': '10079452004109', 'feeBasisAmount': {'value': '335.47', 'currency': 'USD'}, 'marketplaceFees': [{'feeType': 'FINAL_VALUE_FEE', 'amount': {'value': '46.86', 'currency': 'USD'}}, {'feeType': 'FINAL_VALUE_FEE_FIXED_PER_ORDER', 'amount': {'value': '0.44', 'currency': 'USD'}}, {'feeType': 'INTERNATIONAL_FEE', 'amount': {'value': '4.98', 'currency': 'USD'}, 'feeMemo': 'Charged because the delivery address is in United States. Final amount: $335.47.'}]}]",jamemurph0,308.12,USD,52.28,USD,27.35,USD
FEE-7611929867519_11,7404158659,0,NON_SALE_CHARGE,DEBIT,2026-03-21T10:43:41.361Z,PAYOUT,Insertion Fee,,"[{'referenceId': '358353727154', 'referenceType': 'ITEM_ID'}]",INSERTION_FEE,0.11,USD,,,,,,,,,
FEE-7611711359519_11,7404158659,0,NON_SALE_CHARGE,DEBIT,2026-03-21T08:52:21.004Z,PAYOUT,Insertion Fee,,"[{'referenceId': '358353740916', 'referenceType': 'ITEM_ID'}]",INSERTION_FEE,0.11,USD,,,,,,,,,
FEE-7611653872919_11,7404158659,0,NON_SALE_CHARGE,DEBIT,2026-03-21T08:25:15.602Z,PAYOUT,Insertion Fee,,"[{'referenceId': '358242044536', 'referenceType': 'ITEM_ID'}]",INSERTION_FEE,0.11,USD,,,,,,,,,
FEE-7611650737619_11,7404158659,0,NON_SALE_CHARGE,DEBIT,2026-03-21T08:23:24.034Z,PAYOUT,Insertion Fee,,"[{'referenceId': '358242042421', 'referenceType': 'ITEM_ID'}]",INSERTION_FEE,0.11,USD,,,,,,,,,
FEE-7611649610419_11,7404158659,0,NON_SALE_CHARGE,DEBIT,2026-03-21T08:22:25.390Z,PAYOUT,Insertion Fee,,"[{'referenceId': '358242041017', 'referenceType': 'ITEM_ID'}]",INSERTION_FEE,0.11,USD,,,,,,,,,
FEE-7611648798519_11,7404158659,0,NON_SALE_CHARGE,DEBIT,2026-03-21T08:22:13.883Z,PAYOUT,Insertion Fee,,"[{'referenceId': '358242039619', 'referenceType': 'ITEM_ID'}]",INSERTION_FEE,0.11,USD,,,,,,,,,
FEE-7611639448819_11,7404158659,0,NON_SALE_CHARGE,DEBIT,2026-03-21T08:15:12.859Z,PAYOUT,Insertion Fee,,"[{'referenceId': '358242016730', 'referenceType': 'ITEM_ID'}]",INSERTION_FEE,0.11,USD,,,,,,,,,
FEE-7611636328319_11,7404158659,0,NON_SALE_CHARGE,DEBIT,2026-03-21T08:13:43.451Z,PAYOUT,Insertion Fee,,"[{'referenceId': '358242011326', 'referenceType': 'ITEM_ID'}]",INSERTION_FEE,0.11,USD,,,,,,,,,
FEE-7611634921019_11,7404158659,0,NON_SALE_CHARGE,DEBIT,2026-03-21T08:12:25.850Z,PAYOUT,Insertion Fee,,"[{'referenceId': '358242009447', 'referenceType': 'ITEM_ID'}]",INSERTION_FEE,0.11,USD,,,,,,,,,
FEE-7611634175319_11,7404158659,0,NON_SALE_CHARGE,DEBIT,2026-03-21T08:12:23.007Z,PAYOUT,Insertion Fee,,"[{'referenceId': '358242007371', 'referenceType': 'ITEM_ID'}]",INSERTION_FEE,0.11,USD,,,,,,,,,
FEE-7611633357519_11,7404158659,0,NON_SALE_CHARGE,DEBIT,2026-03-21T08:12:20.153Z,PAYOUT,Insertion Fee,,"[{'referenceId': '358242002736', 'referenceType': 'ITEM_ID'}]",INSERTION_FEE,0.11,USD,,,,,,,,,
FEE-7611631537919_11,7404158659,0,NON_SALE_CHARGE,DEBIT,2026-03-21T08:10:14.032Z,PAYOUT,Insertion Fee,,"[{'referenceId': '358241998511', 'referenceType': 'ITEM_ID'}]",INSERTION_FEE,0.11,USD,,,,,,,,,
FEE-7611620245819_11,7404158659,0,NON_SALE_CHARGE,DEBIT,2026-03-21T08:05:13.239Z,PAYOUT,Insertion Fee,,"[{'referenceId': '358241979444', 'referenceType': 'ITEM_ID'}]",INSERTION_FEE,0.11,USD,,,,,,,,,
FEE-7611616338719_11,7404158659,0,NON_SALE_CHARGE,DEBIT,2026-03-21T08:04:01.099Z,PAYOUT,Insertion Fee,,"[{'referenceId': '358241977095', 'referenceType': 'ITEM_ID'}]",INSERTION_FEE,0.11,USD,,,,,,,,,
FEE-7611615537819_11,7404158659,0,NON_SALE_CHARGE,DEBIT,2026-03-21T08:03:20.237Z,PAYOUT,Insertion Fee,,"[{'referenceId': '358241976081', 'referenceType': 'ITEM_ID'}]",INSERTION_FEE,0.11,USD,,,,,,,,,
FEE-7611613172219_11,7404158659,0,NON_SALE_CHARGE,DEBIT,2026-03-21T08:02:18.413Z,PAYOUT,Insertion Fee,,"[{'referenceId': '358241972212', 'referenceType': 'ITEM_ID'}]",INSERTION_FEE,0.11,USD,,,,,,,,,
FEE-7611610268119_11,7404158659,0,NON_SALE_CHARGE,DEBIT,2026-03-21T07:59:27.207Z,PAYOUT,Insertion Fee,,"[{'referenceId': '358241965655', 'referenceType': 'ITEM_ID'}]",INSERTION_FEE,0.11,USD,,,,,,,,,
FEE-7611608019719_11,7404158659,0,NON_SALE_CHARGE,DEBIT,2026-03-21T07:57:18.866Z,PAYOUT,Insertion Fee,,"[{'referenceId': '358241963270', 'referenceType': 'ITEM_ID'}]",INSERTION_FEE,0.11,USD,,,,,,,,,
FEE-7611607198919_11,7404158659,0,NON_SALE_CHARGE,DEBIT,2026-03-21T07:57:17.417Z,PAYOUT,Insertion Fee,,"[{'referenceId': '358241962495', 'referenceType': 'ITEM_ID'}]",INSERTION_FEE,0.11,USD,,,,,,,,,
FEE-7611607276719_11,7404158659,0,NON_SALE_CHARGE,DEBIT,2026-03-21T07:57:17.000Z,PAYOUT,Insertion Fee,,"[{'referenceId': '358241961809', 'referenceType': 'ITEM_ID'}]",INSERTION_FEE,0.11,USD,,,,,,,,,
FEE-7611602544619_11,7404158659,0,NON_SALE_CHARGE,DEBIT,2026-03-21T07:54:07.194Z,PAYOUT,Insertion Fee,,"[{'referenceId': '358241958111', 'referenceType': 'ITEM_ID'}]",INSERTION_FEE,0.11,USD,,,,,,,,,
FEE-7611602214119_11,7404158659,0,NON_SALE_CHARGE,DEBIT,2026-03-21T07:54:04.274Z,PAYOUT,Insertion Fee,,"[{'referenceId': '358241957373', 'referenceType': 'ITEM_ID'}]",INSERTION_FEE,0.11,USD,,,,,,,,,
FEE-7611601300019_11,7404158659,0,NON_SALE_CHARGE,DEBIT,2026-03-21T07:53:54.383Z,PAYOUT,Insertion Fee,,"[{'referenceId': '358241956074', 'referenceType': 'ITEM_ID'}]",INSERTION_FEE,0.11,USD,,,,,,,,,
FEE-7611600114719_11,7404158659,0,NON_SALE_CHARGE,DEBIT,2026-03-21T07:52:25.127Z,PAYOUT,Insertion Fee,,"[{'referenceId': '358241955804', 'referenceType': 'ITEM_ID'}]",INSERTION_FEE,0.11,USD,,,,,,,,,
FEE-7611599415319_11,7404158659,0,NON_SALE_CHARGE,DEBIT,2026-03-21T07:52:23.122Z,PAYOUT,Insertion Fee,,"[{'referenceId': '358241955048', 'referenceType': 'ITEM_ID'}]",INSERTION_FEE,0.11,USD,,,,,,,,,
FEE-7611599124919_11,7404158659,0,NON_SALE_CHARGE,DEBIT,2026-03-21T07:52:18.901Z,PAYOUT,Insertion Fee,,"[{'referenceId': '358241951220', 'referenceType': 'ITEM_ID'}]",INSERTION_FEE,0.11,USD,,,,,,,,,
FEE-7611597391919_11,7404158659,0,NON_SALE_CHARGE,DEBIT,2026-03-21T07:50:25.337Z,PAYOUT,Insertion Fee,,"[{'referenceId': '358241948011', 'referenceType': 'ITEM_ID'}]",INSERTION_FEE,0.11,USD,,,,,,,,,
FEE-7611596682519_11,7404158659,0,NON_SALE_CHARGE,DEBIT,2026-03-21T07:50:15.680Z,PAYOUT,Insertion Fee,,"[{'referenceId': '358241945286', 'referenceType': 'ITEM_ID'}]",INSERTION_FEE,0.11,USD,,,,,,,,,
FEE-7611595090419_11,7404158659,0,NON_SALE_CHARGE,DEBIT,2026-03-21T07:49:21.702Z,PAYOUT,Insertion Fee,,"[{'referenceId': '358241941050', 'referenceType': 'ITEM_ID'}]",INSERTION_FEE,0.11,USD,,,,,,,,,
FEE-7611594306019_11,7404158659,0,NON_SALE_CHARGE,DEBIT,2026-03-21T07:49:03.847Z,PAYOUT,Insertion Fee,,"[{'referenceId': '358241939701', 'referenceType': 'ITEM_ID'}]",INSERTION_FEE,0.11,USD,,,,,,,,,
FEE-7611593342019_11,7404158659,0,NON_SALE_CHARGE,DEBIT,2026-03-21T07:48:24.952Z,PAYOUT,Insertion Fee,,"[{'referenceId': '358241938453', 'referenceType': 'ITEM_ID'}]",INSERTION_FEE,0.11,USD,,,,,,,,,
FEE-7611593279319_11,7404158659,0,NON_SALE_CHARGE,DEBIT,2026-03-21T07:48:23.597Z,PAYOUT,Insertion Fee,,"[{'referenceId': '358241936575', 'referenceType': 'ITEM_ID'}]",INSERTION_FEE,0.11,USD,,,,,,,,,
FEE-7611591693519_11,7404158659,0,NON_SALE_CHARGE,DEBIT,2026-03-21T07:46:13.484Z,PAYOUT,Insertion Fee,,"[{'referenceId': '358241934060', 'referenceType': 'ITEM_ID'}]",INSERTION_FEE,0.11,USD,,,,,,,,,
FEE-7611591125519_11,7404158659,0,NON_SALE_CHARGE,DEBIT,2026-03-21T07:45:11.016Z,PAYOUT,Insertion Fee,,"[{'referenceId': '358241932800', 'referenceType': 'ITEM_ID'}]",INSERTION_FEE,0.11,USD,,,,,,,,,
FEE-7611589976219_11,7404158659,0,NON_SALE_CHARGE,DEBIT,2026-03-21T07:43:59.401Z,PAYOUT,Insertion Fee,,"[{'referenceId': '358241928721', 'referenceType': 'ITEM_ID'}]",INSERTION_FEE,0.11,USD,,,,,,,,,
FEE-7611588857319_11,7404158659,0,NON_SALE_CHARGE,DEBIT,2026-03-21T07:43:21.116Z,PAYOUT,Insertion Fee,,"[{'referenceId': '358241925388', 'referenceType': 'ITEM_ID'}]",INSERTION_FEE,0.11,USD,,,,,,,,,
FEE-7611588180919_11,7404158659,0,NON_SALE_CHARGE,DEBIT,2026-03-21T07:42:20.421Z,PAYOUT,Insertion Fee,,"[{'referenceId': '358241924128', 'referenceType': 'ITEM_ID'}]",INSERTION_FEE,0.11,USD,,,,,,,,,
FEE-7611587561119_11,7404158659,0,NON_SALE_CHARGE,DEBIT,2026-03-21T07:42:17.422Z,PAYOUT,Insertion Fee,,"[{'referenceId': '358241922974', 'referenceType': 'ITEM_ID'}]",INSERTION_FEE,0.11,USD,,,,,,,,,
FEE-7611586925019_11,7404158659,0,NON_SALE_CHARGE,DEBIT,2026-03-21T07:42:12.922Z,PAYOUT,Insertion Fee,,"[{'referenceId': '358241921850', 'referenceType': 'ITEM_ID'}]",INSERTION_FEE,0.11,USD,,,,,,,,,
FEE-7611586279119_11,7404158659,0,NON_SALE_CHARGE,DEBIT,2026-03-21T07:41:12.839Z,PAYOUT,Insertion Fee,,"[{'referenceId': '358241920571', 'referenceType': 'ITEM_ID'}]",INSERTION_FEE,0.11,USD,,,,,,,,,
FEE-7611585936419_11,7404158659,0,NON_SALE_CHARGE,DEBIT,2026-03-21T07:40:24.962Z,PAYOUT,Insertion Fee,,"[{'referenceId': '358241919678', 'referenceType': 'ITEM_ID'}]",INSERTION_FEE,0.11,USD,,,,,,,,,
FEE-7611585445819_11,7404158659,0,NON_SALE_CHARGE,DEBIT,2026-03-21T07:40:11.686Z,PAYOUT,Insertion Fee,,"[{'referenceId': '358241918182', 'referenceType': 'ITEM_ID'}]",INSERTION_FEE,0.11,USD,,,,,,,,,
FEE-7611584535519_11,7404158659,0,NON_SALE_CHARGE,DEBIT,2026-03-21T07:39:21.344Z,PAYOUT,Insertion Fee,,"[{'referenceId': '358241916987', 'referenceType': 'ITEM_ID'}]",INSERTION_FEE,0.11,USD,,,,,,,,,
FEE-7611582652719_11,7404158659,0,NON_SALE_CHARGE,DEBIT,2026-03-21T07:38:19.817Z,PAYOUT,Insertion Fee,,"[{'referenceId': '358241912961', 'referenceType': 'ITEM_ID'}]",INSERTION_FEE,0.11,USD,,,,,,,,,
FEE-7611581588419_11,7404158659,0,NON_SALE_CHARGE,DEBIT,2026-03-21T07:37:18.988Z,PAYOUT,Insertion Fee,,"[{'referenceId': '358241910315', 'referenceType': 'ITEM_ID'}]",INSERTION_FEE,0.11,USD,,,,,,,,,
FEE-7611580866419_11,7404158659,0,NON_SALE_CHARGE,DEBIT,2026-03-21T07:37:05.968Z,PAYOUT,Insertion Fee,,"[{'referenceId': '358241908656', 'referenceType': 'ITEM_ID'}]",INSERTION_FEE,0.11,USD,,,,,,,,,
FEE-7611578581819_11,7404158659,0,NON_SALE_CHARGE,DEBIT,2026-03-21T07:35:10.920Z,PAYOUT,Insertion Fee,,"[{'referenceId': '358241904579', 'referenceType': 'ITEM_ID'}]",INSERTION_FEE,0.11,USD,,,,,,,,,
FEE-7611578308619_11,7404158659,0,NON_SALE_CHARGE,DEBIT,2026-03-21T07:34:25.800Z,PAYOUT,Insertion Fee,,"[{'referenceId': '358241902970', 'referenceType': 'ITEM_ID'}]",INSERTION_FEE,0.11,USD,,,,,,,,,
FEE-7611577761019_11,7404158659,0,NON_SALE_CHARGE,DEBIT,2026-03-21T07:33:59.317Z,PAYOUT,Insertion Fee,,"[{'referenceId': '358241900864', 'referenceType': 'ITEM_ID'}]",INSERTION_FEE,0.11,USD,,,,,,,,,
FEE-7611576754219_11,7404158659,0,NON_SALE_CHARGE,DEBIT,2026-03-21T07:33:18.234Z,PAYOUT,Insertion Fee,,"[{'referenceId': '358241896366', 'referenceType': 'ITEM_ID'}]",INSERTION_FEE,0.11,USD,,,,,,,,,
FEE-7611577042419_11,7404158659,0,NON_SALE_CHARGE,DEBIT,2026-03-21T07:33:16.872Z,PAYOUT,Insertion Fee,,"[{'referenceId': '358241898426', 'referenceType': 'ITEM_ID'}]",INSERTION_FEE,0.11,USD,,,,,,,,,
FEE-7611575597719_11,7404158659,0,NON_SALE_CHARGE,DEBIT,2026-03-21T07:32:14.822Z,PAYOUT,Insertion Fee,,"[{'referenceId': '358241890145', 'referenceType': 'ITEM_ID'}]",INSERTION_FEE,0.11,USD,,,,,,,,,
FEE-7611573351619_11,7404158659,0,NON_SALE_CHARGE,DEBIT,2026-03-21T07:30:10.818Z,PAYOUT,Insertion Fee,,"[{'referenceId': '358241881063', 'referenceType': 'ITEM_ID'}]",INSERTION_FEE,0.11,USD,,,,,,,,,
FEE-7611573845419_11,7404158659,0,NON_SALE_CHARGE,DEBIT,2026-03-21T07:30:09.356Z,PAYOUT,Insertion Fee,,"[{'referenceId': '358241883424', 'referenceType': 'ITEM_ID'}]",INSERTION_FEE,0.11,USD,,,,,,,,,
FEE-7611572639019_11,7404158659,0,NON_SALE_CHARGE,DEBIT,2026-03-21T07:29:24.572Z,PAYOUT,Insertion Fee,,"[{'referenceId': '358241879229', 'referenceType': 'ITEM_ID'}]",INSERTION_FEE,0.11,USD,,,,,,,,,
FEE-7611571260319_11,7404158659,0,NON_SALE_CHARGE,DEBIT,2026-03-21T07:28:44.265Z,PAYOUT,Insertion Fee,,"[{'referenceId': '358241875897', 'referenceType': 'ITEM_ID'}]",INSERTION_FEE,0.11,USD,,,,,,,,,
FEE-7611571598919_11,7404158659,0,NON_SALE_CHARGE,DEBIT,2026-03-21T07:28:43.739Z,PAYOUT,Insertion Fee,,"[{'referenceId': '358241877256', 'referenceType': 'ITEM_ID'}]",INSERTION_FEE,0.11,USD,,,,,,,,,
FEE-7611569988219_11,7404158659,0,NON_SALE_CHARGE,DEBIT,2026-03-21T07:27:14.449Z,PAYOUT,Insertion Fee,,"[{'referenceId': '358241872603', 'referenceType': 'ITEM_ID'}]",INSERTION_FEE,0.11,USD,,,,,,,,,
FEE-7611566469119_11,7404158659,0,NON_SALE_CHARGE,DEBIT,2026-03-21T07:24:06.856Z,PAYOUT,Insertion Fee,,"[{'referenceId': '358241867095', 'referenceType': 'ITEM_ID'}]",INSERTION_FEE,0.11,USD,,,,,,,,,
FEE-7611565578219_11,7404158659,0,NON_SALE_CHARGE,DEBIT,2026-03-21T07:23:47.741Z,PAYOUT,Insertion Fee,,"[{'referenceId': '358241865671', 'referenceType': 'ITEM_ID'}]",INSERTION_FEE,0.11,USD,,,,,,,,,
FEE-7611565159719_11,7404158659,0,NON_SALE_CHARGE,DEBIT,2026-03-21T07:23:25.842Z,PAYOUT,Insertion Fee,,"[{'referenceId': '358241864200', 'referenceType': 'ITEM_ID'}]",INSERTION_FEE,0.11,USD,,,,,,,,,
FEE-7611563939219_11,7404158659,0,NON_SALE_CHARGE,DEBIT,2026-03-21T07:22:22.328Z,PAYOUT,Insertion Fee,,"[{'referenceId': '358241863481', 'referenceType': 'ITEM_ID'}]",INSERTION_FEE,0.11,USD,,,,,,,,,
FEE-7611563066419_11,7404158659,0,NON_SALE_CHARGE,DEBIT,2026-03-21T07:22:19.900Z,PAYOUT,Insertion Fee,,"[{'referenceId': '358241862562', 'referenceType': 'ITEM_ID'}]",INSERTION_FEE,0.11,USD,,,,,,,,,
FEE-7611562520219_11,7404158659,0,NON_SALE_CHARGE,DEBIT,2026-03-21T07:22:15.577Z,PAYOUT,Insertion Fee,,"[{'referenceId': '358241860601', 'referenceType': 'ITEM_ID'}]",INSERTION_FEE,0.11,USD,,,,,,,,,
FEE-7611562059419_11,7404158659,0,NON_SALE_CHARGE,DEBIT,2026-03-21T07:22:14.113Z,PAYOUT,Insertion Fee,,"[{'referenceId': '358241859555', 'referenceType': 'ITEM_ID'}]",INSERTION_FEE,0.11,USD,,,,,,,,,
FEE-7611561207619_11,7404158659,0,NON_SALE_CHARGE,DEBIT,2026-03-21T07:21:14.650Z,PAYOUT,Insertion Fee,,"[{'referenceId': '358241858622', 'referenceType': 'ITEM_ID'}]",INSERTION_FEE,0.11,USD,,,,,,,,,
FEE-7611560397119_11,7404158659,0,NON_SALE_CHARGE,DEBIT,2026-03-21T07:20:32.836Z,PAYOUT,Insertion Fee,,"[{'referenceId': '358241857683', 'referenceType': 'ITEM_ID'}]",INSERTION_FEE,0.11,USD,,,,,,,,,
FEE-7611559688319_11,7404158659,0,NON_SALE_CHARGE,DEBIT,2026-03-21T07:20:09.368Z,PAYOUT,Insertion Fee,,"[{'referenceId': '358241855822', 'referenceType': 'ITEM_ID'}]",INSERTION_FEE,0.11,USD,,,,,,,,,
FEE-7611559035819_11,7404158659,0,NON_SALE_CHARGE,DEBIT,2026-03-21T07:20:07.601Z,PAYOUT,Insertion Fee,,"[{'referenceId': '358241854311', 'referenceType': 'ITEM_ID'}]",INSERTION_FEE,0.11,USD,,,,,,,,,
FEE-7611557559519_11,7404158659,0,NON_SALE_CHARGE,DEBIT,2026-03-21T07:19:03.542Z,PAYOUT,Insertion Fee,,"[{'referenceId': '358241852588', 'referenceType': 'ITEM_ID'}]",INSERTION_FEE,0.11,USD,,,,,,,,,
FEE-7611556743319_11,7404158659,0,NON_SALE_CHARGE,DEBIT,2026-03-21T07:18:15.981Z,PAYOUT,Insertion Fee,,"[{'referenceId': '358241851701', 'referenceType': 'ITEM_ID'}]",INSERTION_FEE,0.11,USD,,,,,,,,,
FEE-7611555629519_11,7404158659,0,NON_SALE_CHARGE,DEBIT,2026-03-21T07:17:21.572Z,PAYOUT,Insertion Fee,,"[{'referenceId': '358241850272', 'referenceType': 'ITEM_ID'}]",INSERTION_FEE,0.11,USD,,,,,,,,,
FEE-7611553816519_11,7404158659,0,NON_SALE_CHARGE,DEBIT,2026-03-21T07:15:20.980Z,PAYOUT,Insertion Fee,,"[{'referenceId': '358241847011', 'referenceType': 'ITEM_ID'}]",INSERTION_FEE,0.11,USD,,,,,,,,,
FEE-7611550557419_11,7404158659,0,NON_SALE_CHARGE,DEBIT,2026-03-21T07:13:44.645Z,PAYOUT,Insertion Fee,,"[{'referenceId': '358241836647', 'referenceType': 'ITEM_ID'}]",INSERTION_FEE,0.11,USD,,,,,,,,,
FEE-7611549798919_11,7404158659,0,NON_SALE_CHARGE,DEBIT,2026-03-21T07:13:17.330Z,PAYOUT,Insertion Fee,,"[{'referenceId': '358241833210', 'referenceType': 'ITEM_ID'}]",INSERTION_FEE,0.11,USD,,,,,,,,,
FEE-7611548045019_11,7404158659,0,NON_SALE_CHARGE,DEBIT,2026-03-21T07:12:27.869Z,PAYOUT,Insertion Fee,,"[{'referenceId': '358241823645', 'referenceType': 'ITEM_ID'}]",INSERTION_FEE,0.11,USD,,,,,,,,,
FEE-7611548554319_11,7404158659,0,NON_SALE_CHARGE,DEBIT,2026-03-21T07:12:12.330Z,PAYOUT,Insertion Fee,,"[{'referenceId': '358241828012', 'referenceType': 'ITEM_ID'}]",INSERTION_FEE,0.11,USD,,,,,,,,,
FEE-7611547604219_11,7404158659,0,NON_SALE_CHARGE,DEBIT,2026-03-21T07:11:31.845Z,PAYOUT,Insertion Fee,,"[{'referenceId': '358241818943', 'referenceType': 'ITEM_ID'}]",INSERTION_FEE,0.11,USD,,,,,,,,,
FEE-7611547075119_11,7404158659,0,NON_SALE_CHARGE,DEBIT,2026-03-21T07:10:23.322Z,PAYOUT,Insertion Fee,,"[{'referenceId': '358241815920', 'referenceType': 'ITEM_ID'}]",INSERTION_FEE,0.11,USD,,,,,,,,,
FEE-7611546555819_11,7404158659,0,NON_SALE_CHARGE,DEBIT,2026-03-21T07:10:09.962Z,PAYOUT,Insertion Fee,,"[{'referenceId': '358241812603', 'referenceType': 'ITEM_ID'}]",INSERTION_FEE,0.11,USD,,,,,,,,,
FEE-7611545465719_11,7404158659,0,NON_SALE_CHARGE,DEBIT,2026-03-21T07:08:58.827Z,PAYOUT,Insertion Fee,,"[{'referenceId': '358241808551', 'referenceType': 'ITEM_ID'}]",INSERTION_FEE,0.11,USD,,,,,,,,,
FEE-7611544620919_11,7404158659,0,NON_SALE_CHARGE,DEBIT,2026-03-21T07:08:15.102Z,PAYOUT,Insertion Fee,,"[{'referenceId': '358241805604', 'referenceType': 'ITEM_ID'}]",INSERTION_FEE,0.11,USD,,,,,,,,,
FEE-7611543778419_11,7404158659,0,NON_SALE_CHARGE,DEBIT,2026-03-21T07:07:18.696Z,PAYOUT,Insertion Fee,,"[{'referenceId': '358241803105', 'referenceType': 'ITEM_ID'}]",INSERTION_FEE,0.11,USD,,,,,,,,,
FEE-7611542582819_11,7404158659,0,NON_SALE_CHARGE,DEBIT,2026-03-21T07:07:14.399Z,PAYOUT,Insertion Fee,,"[{'referenceId': '358241799487', 'referenceType': 'ITEM_ID'}]",INSERTION_FEE,0.11,USD,,,,,,,,,
FEE-7611538250019_11,7404158659,0,NON_SALE_CHARGE,DEBIT,2026-03-21T07:03:58.303Z,PAYOUT,Insertion Fee,,"[{'referenceId': '358241786431', 'referenceType': 'ITEM_ID'}]",INSERTION_FEE,0.11,USD,,,,,,,,,
FEE-7611537834419_11,7404158659,0,NON_SALE_CHARGE,DEBIT,2026-03-21T07:03:43.284Z,PAYOUT,Insertion Fee,,"[{'referenceId': '358241783126', 'referenceType': 'ITEM_ID'}]",INSERTION_FEE,0.11,USD,,,,,,,,,
FEE-7611536488919_11,7404158659,0,NON_SALE_CHARGE,DEBIT,2026-03-21T07:02:24.303Z,PAYOUT,Insertion Fee,,"[{'referenceId': '358241776759', 'referenceType': 'ITEM_ID'}]",INSERTION_FEE,0.11,USD,,,,,,,,,
FEE-7611533829119_11,7404158659,0,NON_SALE_CHARGE,DEBIT,2026-03-21T07:00:06.087Z,PAYOUT,Insertion Fee,,"[{'referenceId': '358241770164', 'referenceType': 'ITEM_ID'}]",INSERTION_FEE,0.11,USD,,,,,,,,,
FEE-7611532874719_11,7404158659,0,NON_SALE_CHARGE,DEBIT,2026-03-21T06:59:05.778Z,PAYOUT,Insertion Fee,,"[{'referenceId': '358241767433', 'referenceType': 'ITEM_ID'}]",INSERTION_FEE,0.11,USD,,,,,,,,,
FEE-7611531719519_11,7404158659,0,NON_SALE_CHARGE,DEBIT,2026-03-21T06:58:47.616Z,PAYOUT,Insertion Fee,,"[{'referenceId': '358241765209', 'referenceType': 'ITEM_ID'}]",INSERTION_FEE,0.11,USD,,,,,,,,,
FEE-7611529230819_11,7404158659,0,NON_SALE_CHARGE,DEBIT,2026-03-21T06:57:15.224Z,PAYOUT,Insertion Fee,,"[{'referenceId': '358241757703', 'referenceType': 'ITEM_ID'}]",INSERTION_FEE,0.11,USD,,,,,,,,,
FEE-7611528288519_11,7404158659,0,NON_SALE_CHARGE,DEBIT,2026-03-21T06:56:12.383Z,PAYOUT,Insertion Fee,,"[{'referenceId': '358241755606', 'referenceType': 'ITEM_ID'}]",INSERTION_FEE,0.11,USD,,,,,,,,,
FEE-7611527843519_11,7404158659,0,NON_SALE_CHARGE,DEBIT,2026-03-21T06:55:10.245Z,PAYOUT,Insertion Fee,,"[{'referenceId': '358241754654', 'referenceType': 'ITEM_ID'}]",INSERTION_FEE,0.11,USD,,,,,,,,,
FEE-7611527100019_11,7404158659,0,NON_SALE_CHARGE,DEBIT,2026-03-21T06:54:16.360Z,PAYOUT,Insertion Fee,,"[{'referenceId': '358241753099', 'referenceType': 'ITEM_ID'}]",INSERTION_FEE,0.11,USD,,,,,,,,,
FEE-7611526150819_11,7404158659,0,NON_SALE_CHARGE,DEBIT,2026-03-21T06:54:06.411Z,PAYOUT,Insertion Fee,,"[{'referenceId': '358241751216', 'referenceType': 'ITEM_ID'}]",INSERTION_FEE,0.11,USD,,,,,,,,,
FEE-7611525667019_11,7404158659,0,NON_SALE_CHARGE,DEBIT,2026-03-21T06:53:57.387Z,PAYOUT,Insertion Fee,,"[{'referenceId': '358241749244', 'referenceType': 'ITEM_ID'}]",INSERTION_FEE,0.11,USD,,,,,,,,,
FEE-7611525097419_11,7404158659,0,NON_SALE_CHARGE,DEBIT,2026-03-21T06:53:16.690Z,PAYOUT,Insertion Fee,,"[{'referenceId': '358241746912', 'referenceType': 'ITEM_ID'}]",INSERTION_FEE,0.11,USD,,,,,,,,,
FEE-7611523762019_11,7404158659,0,NON_SALE_CHARGE,DEBIT,2026-03-21T06:52:16.395Z,PAYOUT,Insertion Fee,,"[{'referenceId': '358241742401', 'referenceType': 'ITEM_ID'}]",INSERTION_FEE,0.11,USD,,,,,,,,,
FEE-7611519197419_11,7404158659,0,NON_SALE_CHARGE,DEBIT,2026-03-21T06:48:12.692Z,PAYOUT,Insertion Fee,,"[{'referenceId': '358241724216', 'referenceType': 'ITEM_ID'}]",INSERTION_FEE,0.11,USD,,,,,,,,,
FEE-7611517353619_11,7404158659,0,NON_SALE_CHARGE,DEBIT,2026-03-21T06:47:02.009Z,PAYOUT,Insertion Fee,,"[{'referenceId': '358241719004', 'referenceType': 'ITEM_ID'}]",INSERTION_FEE,0.11,USD,,,,,,,,,
FEE-7611514083619_11,7404158659,0,NON_SALE_CHARGE,DEBIT,2026-03-21T06:45:03.378Z,PAYOUT,Insertion Fee,,"[{'referenceId': '358241714480', 'referenceType': 'ITEM_ID'}]",INSERTION_FEE,0.11,USD,,,,,,,,,
FEE-7611513683419_11,7404158659,0,NON_SALE_CHARGE,DEBIT,2026-03-21T06:44:16.383Z,PAYOUT,Insertion Fee,,"[{'referenceId': '358241713721', 'referenceType': 'ITEM_ID'}]",INSERTION_FEE,0.11,USD,,,,,,,,,
FEE-7611512652819_11,7404158659,0,NON_SALE_CHARGE,DEBIT,2026-03-21T06:42:25.963Z,PAYOUT,Insertion Fee,,"[{'referenceId': '358241712249', 'referenceType': 'ITEM_ID'}]",INSERTION_FEE,0.11,USD,,,,,,,,,
FEE-7611512272519_11,7404158659,0,NON_SALE_CHARGE,DEBIT,2026-03-21T06:42:17.952Z,PAYOUT,Insertion Fee,,"[{'referenceId': '358241711452', 'referenceType': 'ITEM_ID'}]",INSERTION_FEE,0.11,USD,,,,,,,,,
FEE-7611507759119_11,7404158659,0,NON_SALE_CHARGE,DEBIT,2026-03-21T06:38:57.033Z,PAYOUT,Insertion Fee,,"[{'referenceId': '358241697187', 'referenceType': 'ITEM_ID'}]",INSERTION_FEE,0.11,USD,,,,,,,,,
FEE-7611504378619_11,7404158659,0,NON_SALE_CHARGE,DEBIT,2026-03-21T06:36:57.783Z,PAYOUT,Insertion Fee,,"[{'referenceId': '358241681324', 'referenceType': 'ITEM_ID'}]",INSERTION_FEE,0.11,USD,,,,,,,,,
FEE-7611503164719_11,7404158659,0,NON_SALE_CHARGE,DEBIT,2026-03-21T06:35:02.711Z,PAYOUT,Insertion Fee,,"[{'referenceId': '358241679964', 'referenceType': 'ITEM_ID'}]",INSERTION_FEE,0.11,USD,,,,,,,,,
FEE-7611499160319_11,7404158659,0,NON_SALE_CHARGE,DEBIT,2026-03-21T06:31:55.098Z,PAYOUT,Insertion Fee,,"[{'referenceId': '358241664398', 'referenceType': 'ITEM_ID'}]",INSERTION_FEE,0.11,USD,,,,,,,,,
FEE-7611498059819_11,7404158659,0,NON_SALE_CHARGE,DEBIT,2026-03-21T06:31:11.842Z,PAYOUT,Insertion Fee,,"[{'referenceId': '358241661430', 'referenceType': 'ITEM_ID'}]",INSERTION_FEE,0.11,USD,,,,,,,,,
FEE-7611492718519_11,7404158659,0,NON_SALE_CHARGE,DEBIT,2026-03-21T06:28:10.288Z,PAYOUT,Insertion Fee,,"[{'referenceId': '358241646580', 'referenceType': 'ITEM_ID'}]",INSERTION_FEE,0.11,USD,,,,,,,,,
FEE-7611489837719_11,7404158659,0,NON_SALE_CHARGE,DEBIT,2026-03-21T06:27:16.468Z,PAYOUT,Insertion Fee,,"[{'referenceId': '358241644054', 'referenceType': 'ITEM_ID'}]",INSERTION_FEE,0.11,USD,,,,,,,,,
FEE-7611485283419_11,7404158659,0,NON_SALE_CHARGE,DEBIT,2026-03-21T06:26:13.072Z,PAYOUT,Insertion Fee,,"[{'referenceId': '358241639532', 'referenceType': 'ITEM_ID'}]",INSERTION_FEE,0.11,USD,,,,,,,,,
FEE-7611466491119_11,7404158659,0,NON_SALE_CHARGE,DEBIT,2026-03-21T06:17:12.398Z,PAYOUT,Insertion Fee,,"[{'referenceId': '358241617934', 'referenceType': 'ITEM_ID'}]",INSERTION_FEE,0.11,USD,,,,,,,,,
FEE-7611465820719_11,7404158659,0,NON_SALE_CHARGE,DEBIT,2026-03-21T06:16:52.604Z,PAYOUT,Insertion Fee,,"[{'referenceId': '358241617344', 'referenceType': 'ITEM_ID'}]",INSERTION_FEE,0.11,USD,,,,,,,,,
FEE-7611463024919_11,7404158659,0,NON_SALE_CHARGE,DEBIT,2026-03-21T06:15:02.707Z,PAYOUT,Insertion Fee,,"[{'referenceId': '358241611287', 'referenceType': 'ITEM_ID'}]",INSERTION_FEE,0.11,USD,,,,,,,,,
FEE-7611455377219_11,7404158659,0,NON_SALE_CHARGE,DEBIT,2026-03-21T06:09:14.663Z,PAYOUT,Insertion Fee,,"[{'referenceId': '358241594001', 'referenceType': 'ITEM_ID'}]",INSERTION_FEE,0.11,USD,,,,,,,,,
FEE-7611453918719_11,7404158659,0,NON_SALE_CHARGE,DEBIT,2026-03-21T06:08:41.101Z,PAYOUT,Insertion Fee,,"[{'referenceId': '358241591451', 'referenceType': 'ITEM_ID'}]",INSERTION_FEE,0.11,USD,,,,,,,,,
FEE-7611451615119_11,7404158659,0,NON_SALE_CHARGE,DEBIT,2026-03-21T06:07:12.642Z,PAYOUT,Insertion Fee,,"[{'referenceId': '358241587968', 'referenceType': 'ITEM_ID'}]",INSERTION_FEE,0.11,USD,,,,,,,,,
FEE-7611446276219_11,7404158659,0,NON_SALE_CHARGE,DEBIT,2026-03-21T06:02:19.679Z,PAYOUT,Insertion Fee,,"[{'referenceId': '358241578610', 'referenceType': 'ITEM_ID'}]",INSERTION_FEE,0.11,USD,,,,,,,,,
FEE-7611445734319_11,7404158659,0,NON_SALE_CHARGE,DEBIT,2026-03-21T06:02:15.260Z,PAYOUT,Insertion Fee,,"[{'referenceId': '358241576469', 'referenceType': 'ITEM_ID'}]",INSERTION_FEE,0.11,USD,,,,,,,,,
FEE-7611445383319_11,7404158659,0,NON_SALE_CHARGE,DEBIT,2026-03-21T06:02:11.549Z,PAYOUT,Insertion Fee,,"[{'referenceId': '358241574581', 'referenceType': 'ITEM_ID'}]",INSERTION_FEE,0.11,USD,,,,,,,,,
FEE-7611444513119_11,7404158659,0,NON_SALE_CHARGE,DEBIT,2026-03-21T06:01:14.438Z,PAYOUT,Insertion Fee,,"[{'referenceId': '358241573368', 'referenceType': 'ITEM_ID'}]",INSERTION_FEE,0.11,USD,,,,,,,,,
FEE-7611444184819_11,7404158659,0,NON_SALE_CHARGE,DEBIT,2026-03-21T06:00:12.670Z,PAYOUT,Insertion Fee,,"[{'referenceId': '358241572670', 'referenceType': 'ITEM_ID'}]",INSERTION_FEE,0.11,USD,,,,,,,,,
FEE-7611443528319_11,7404158659,0,NON_SALE_CHARGE,DEBIT,2026-03-21T06:00:01.146Z,PAYOUT,Insertion Fee,,"[{'referenceId': '358241569440', 'referenceType': 'ITEM_ID'}]",INSERTION_FEE,0.11,USD,,,,,,,,,
FEE-7611443836419_11,7404158659,0,NON_SALE_CHARGE,DEBIT,2026-03-21T06:00:01.088Z,PAYOUT,Insertion Fee,,"[{'referenceId': '358241571571', 'referenceType': 'ITEM_ID'}]",INSERTION_FEE,0.11,USD,,,,,,,,,
FEE-7611442014519_11,7404158659,0,NON_SALE_CHARGE,DEBIT,2026-03-21T05:58:59.466Z,PAYOUT,Insertion Fee,,"[{'referenceId': '358241567170', 'referenceType': 'ITEM_ID'}]",INSERTION_FEE,0.11,USD,,,,,,,,,
FEE-7611441416119_11,7404158659,0,NON_SALE_CHARGE,DEBIT,2026-03-21T05:58:40.596Z,PAYOUT,Insertion Fee,,"[{'referenceId': '358241565485', 'referenceType': 'ITEM_ID'}]",INSERTION_FEE,0.11,USD,,,,,,,,,
FEE-7611439456419_11,7404158659,0,NON_SALE_CHARGE,DEBIT,2026-03-21T05:57:14.566Z,PAYOUT,Insertion Fee,,"[{'referenceId': '358241562082', 'referenceType': 'ITEM_ID'}]",INSERTION_FEE,0.11,USD,,,,,,,,,
FEE-7611432810719_11,7404158659,0,NON_SALE_CHARGE,DEBIT,2026-03-21T05:53:40.953Z,PAYOUT,Insertion Fee,,"[{'referenceId': '358241550536', 'referenceType': 'ITEM_ID'}]",INSERTION_FEE,0.11,USD,,,,,,,,,
FEE-7611429241819_11,7404158659,0,NON_SALE_CHARGE,DEBIT,2026-03-21T05:51:51.993Z,PAYOUT,Insertion Fee,,"[{'referenceId': '358241542590', 'referenceType': 'ITEM_ID'}]",INSERTION_FEE,0.11,USD,,,,,,,,,
FEE-7611406196419_11,7404158659,0,NON_SALE_CHARGE,DEBIT,2026-03-21T05:42:10.759Z,PAYOUT,Insertion Fee,,"[{'referenceId': '358241511187', 'referenceType': 'ITEM_ID'}]",INSERTION_FEE,0.11,USD,,,,,,,,,
FEE-7611405868619_11,7404158659,0,NON_SALE_CHARGE,DEBIT,2026-03-21T05:41:49.202Z,PAYOUT,Insertion Fee,,"[{'referenceId': '358241511756', 'referenceType': 'ITEM_ID'}]",INSERTION_FEE,0.11,USD,,,,,,,,,
FEE-7611405464819_11,7404158659,0,NON_SALE_CHARGE,DEBIT,2026-03-21T05:41:11.797Z,PAYOUT,Insertion Fee,,"[{'referenceId': '358241510559', 'referenceType': 'ITEM_ID'}]",INSERTION_FEE,0.11,USD,,,,,,,,,
FEE-7611402927819_11,7404158659,0,NON_SALE_CHARGE,DEBIT,2026-03-21T05:39:04.003Z,PAYOUT,Insertion Fee,,"[{'referenceId': '358241507735', 'referenceType': 'ITEM_ID'}]",INSERTION_FEE,0.11,USD,,,,,,,,,
FEE-7611402671519_11,7404158659,0,NON_SALE_CHARGE,DEBIT,2026-03-21T05:39:02.099Z,PAYOUT,Insertion Fee,,"[{'referenceId': '358241507085', 'referenceType': 'ITEM_ID'}]",INSERTION_FEE,0.11,USD,,,,,,,,,
FEE-7611388377119_11,7404158659,0,NON_SALE_CHARGE,DEBIT,2026-03-21T05:30:13.723Z,PAYOUT,Insertion Fee,,"[{'referenceId': '358241482840', 'referenceType': 'ITEM_ID'}]",INSERTION_FEE,0.11,USD,,,,,,,,,
FEE-7611387322719_11,7404158659,0,NON_SALE_CHARGE,DEBIT,2026-03-21T05:28:56.801Z,PAYOUT,Insertion Fee,,"[{'referenceId': '358241478036', 'referenceType': 'ITEM_ID'}]",INSERTION_FEE,0.11,USD,,,,,,,,,
FEE-7611385382919_11,7404158659,0,NON_SALE_CHARGE,DEBIT,2026-03-21T05:27:21.633Z,PAYOUT,Insertion Fee,,"[{'referenceId': '358241474460', 'referenceType': 'ITEM_ID'}]",INSERTION_FEE,0.11,USD,,,,,,,,,
FEE-7611385308219_11,7404158659,0,NON_SALE_CHARGE,DEBIT,2026-03-21T05:27:17.910Z,PAYOUT,Insertion Fee,,"[{'referenceId': '358241473676', 'referenceType': 'ITEM_ID'}]",INSERTION_FEE,0.11,USD,,,,,,,,,
FEE-7611381396919_11,7404158659,0,NON_SALE_CHARGE,DEBIT,2026-03-21T05:24:25.173Z,PAYOUT,Insertion Fee,,"[{'referenceId': '358241466969', 'referenceType': 'ITEM_ID'}]",INSERTION_FEE,0.11,USD,,,,,,,,,
FEE-7611380467519_11,7404158659,0,NON_SALE_CHARGE,DEBIT,2026-03-21T05:24:23.739Z,PAYOUT,Insertion Fee,,"[{'referenceId': '358241466050', 'referenceType': 'ITEM_ID'}]",INSERTION_FEE,0.11,USD,,,,,,,,,
FEE-7611376381619_11,7404158659,0,NON_SALE_CHARGE,DEBIT,2026-03-21T05:21:45.974Z,PAYOUT,Insertion Fee,,"[{'referenceId': '358241459871', 'referenceType': 'ITEM_ID'}]",INSERTION_FEE,0.11,USD,,,,,,,,,
FEE-7611373400019_11,7404158659,0,NON_SALE_CHARGE,DEBIT,2026-03-21T05:19:05.980Z,PAYOUT,Insertion Fee,,"[{'referenceId': '358241454653', 'referenceType': 'ITEM_ID'}]",INSERTION_FEE,0.11,USD,,,,,,,,,
FEE-7611366516519_11,7404158659,0,NON_SALE_CHARGE,DEBIT,2026-03-21T05:13:02.435Z,PAYOUT,Insertion Fee,,"[{'referenceId': '358241433572', 'referenceType': 'ITEM_ID'}]",INSERTION_FEE,0.11,USD,,,,,,,,,
FEE-7611364904619_11,7404158659,0,NON_SALE_CHARGE,DEBIT,2026-03-21T05:12:17.939Z,PAYOUT,Insertion Fee,,"[{'referenceId': '358241427556', 'referenceType': 'ITEM_ID'}]",INSERTION_FEE,0.11,USD,,,,,,,,,
FEE-7611365635319_11,7404158659,0,NON_SALE_CHARGE,DEBIT,2026-03-21T05:12:16.374Z,PAYOUT,Insertion Fee,,"[{'referenceId': '358241429799', 'referenceType': 'ITEM_ID'}]",INSERTION_FEE,0.11,USD,,,,,,,,,
FEE-7611364527719_11,7404158659,0,NON_SALE_CHARGE,DEBIT,2026-03-21T05:12:10.201Z,PAYOUT,Insertion Fee,,"[{'referenceId': '358241425960', 'referenceType': 'ITEM_ID'}]",INSERTION_FEE,0.11,USD,,,,,,,,,
FEE-7611363429319_11,7404158659,0,NON_SALE_CHARGE,DEBIT,2026-03-21T05:11:10.974Z,PAYOUT,Insertion Fee,,"[{'referenceId': '358241421174', 'referenceType': 'ITEM_ID'}]",INSERTION_FEE,0.11,USD,,,,,,,,,
FEE-7611363008019_11,7404158659,0,NON_SALE_CHARGE,DEBIT,2026-03-21T05:09:58.602Z,PAYOUT,Insertion Fee,,"[{'referenceId': '358241419283', 'referenceType': 'ITEM_ID'}]",INSERTION_FEE,0.11,USD,,,,,,,,,
FEE-7611362474719_11,7404158659,0,NON_SALE_CHARGE,DEBIT,2026-03-21T05:09:57.015Z,PAYOUT,Insertion Fee,,"[{'referenceId': '358241416983', 'referenceType': 'ITEM_ID'}]",INSERTION_FEE,0.11,USD,,,,,,,,,
FEE-7611362100019_11,7404158659,0,NON_SALE_CHARGE,DEBIT,2026-03-21T05:09:02.815Z,PAYOUT,Insertion Fee,,"[{'referenceId': '358241415609', 'referenceType': 'ITEM_ID'}]",INSERTION_FEE,0.11,USD,,,,,,,,,
FEE-7611361568219_11,7404158659,0,NON_SALE_CHARGE,DEBIT,2026-03-21T05:08:55.617Z,PAYOUT,Insertion Fee,,"[{'referenceId': '358241413336', 'referenceType': 'ITEM_ID'}]",INSERTION_FEE,0.11,USD,,,,,,,,,
FEE-7611361583319_11,7404158659,0,NON_SALE_CHARGE,DEBIT,2026-03-21T05:08:53.620Z,PAYOUT,Insertion Fee,,"[{'referenceId': '358241411997', 'referenceType': 'ITEM_ID'}]",INSERTION_FEE,0.11,USD,,,,,,,,,
FEE-7611360715219_11,7404158659,0,NON_SALE_CHARGE,DEBIT,2026-03-21T05:08:04.556Z,PAYOUT,Insertion Fee,,"[{'referenceId': '358241411029', 'referenceType': 'ITEM_ID'}]",INSERTION_FEE,0.11,USD,,,,,,,,,
FEE-7611360466919_11,7404158659,0,NON_SALE_CHARGE,DEBIT,2026-03-21T05:08:03.901Z,PAYOUT,Insertion Fee,,"[{'referenceId': '358241409883', 'referenceType': 'ITEM_ID'}]",INSERTION_FEE,0.11,USD,,,,,,,,,
FEE-7611338808119_11,7404158659,0,NON_SALE_CHARGE,DEBIT,2026-03-21T04:51:48.983Z,PAYOUT,Insertion Fee,,"[{'referenceId': '358241372046', 'referenceType': 'ITEM_ID'}]",INSERTION_FEE,0.11,USD,,,,,,,,,
FEE-7611338118219_11,7404158659,0,NON_SALE_CHARGE,DEBIT,2026-03-21T04:50:05.276Z,PAYOUT,Insertion Fee,,"[{'referenceId': '358241370316', 'referenceType': 'ITEM_ID'}]",INSERTION_FEE,0.11,USD,,,,,,,,,
FEE-7611337735219_11,7404158659,0,NON_SALE_CHARGE,DEBIT,2026-03-21T04:49:47.088Z,PAYOUT,Insertion Fee,,"[{'referenceId': '358241368581', 'referenceType': 'ITEM_ID'}]",INSERTION_FEE,0.11,USD,,,,,,,,,
FEE-7611333675619_11,7404158659,0,NON_SALE_CHARGE,DEBIT,2026-03-21T04:46:42.382Z,PAYOUT,Insertion Fee,,"[{'referenceId': '358327172958', 'referenceType': 'ITEM_ID'}]",INSERTION_FEE,0.11,USD,,,,,,,,,
FEE-7611211226219_11,7404158659,0,NON_SALE_CHARGE,DEBIT,2026-03-21T03:19:46.283Z,PAYOUT,Promoted Listings - General fee,eBay Commerce Inc.,"[{'referenceId': '358322198127', 'referenceType': 'ITEM_ID'}, {'referenceId': '05-14401-39828', 'referenceType': 'ORDER_ID'}]",AD_FEE,6.16,USD,,,,,,,,,
05-14401-39828,7422552379,0,SALE,CREDIT,2026-03-21T03:16:16.102Z,PAYOUT,,eBay Commerce Inc.,,,87.92,USD,05-14401-39828,"[{'lineItemId': '10079685247005', 'feeBasisAmount': {'value': '112.01', 'currency': 'USD'}, 'marketplaceFees': [{'feeType': 'FINAL_VALUE_FEE', 'amount': {'value': '15.65', 'currency': 'USD'}}, {'feeType': 'FINAL_VALUE_FEE_FIXED_PER_ORDER', 'amount': {'value': '0.44', 'currency': 'USD'}}, {'feeType': 'INTERNATIONAL_FEE', 'amount': {'value': '1.66', 'currency': 'USD'}, 'feeMemo': 'Charged because the delivery address is in United States. Final amount: $112.01.'}]}]",marithrifts,105.67,USD,17.75,USD,6.34,USD
FEE-7611160064119_11,7404158659,0,NON_SALE_CHARGE,DEBIT,2026-03-21T02:44:28.582Z,PAYOUT,Insertion Fee,,"[{'referenceId': '358241043573', 'referenceType': 'ITEM_ID'}]",INSERTION_FEE,0.11,USD,,,,,,,,,
FEE-7611160521719_11,7404158659,0,NON_SALE_CHARGE,DEBIT,2026-03-21T02:44:28.501Z,PAYOUT,Insertion Fee,,"[{'referenceId': '358241044156', 'referenceType': 'ITEM_ID'}]",INSERTION_FEE,0.11,USD,,,,,,,,,
FEE-7611158328219_11,7404158659,0,NON_SALE_CHARGE,DEBIT,2026-03-21T02:43:39.303Z,PAYOUT,Insertion Fee,,"[{'referenceId': '358241041763', 'referenceType': 'ITEM_ID'}]",INSERTION_FEE,0.11,USD,,,,,,,,,
FEE-7611158966819_11,7404158659,0,NON_SALE_CHARGE,DEBIT,2026-03-21T02:43:37.871Z,PAYOUT,Insertion Fee,,"[{'referenceId': '358241042357', 'referenceType': 'ITEM_ID'}]",INSERTION_FEE,0.11,USD,,,,,,,,,
FEE-7611157163919_11,7404158659,0,NON_SALE_CHARGE,DEBIT,2026-03-21T02:42:50.472Z,PAYOUT,Insertion Fee,,"[{'referenceId': '358241041415', 'referenceType': 'ITEM_ID'}]",INSERTION_FEE,0.11,USD,,,,,,,,,
FEE-7611153211219_11,7404158659,0,NON_SALE_CHARGE,DEBIT,2026-03-21T02:39:55.664Z,PAYOUT,Insertion Fee,,"[{'referenceId': '358241038002', 'referenceType': 'ITEM_ID'}]",INSERTION_FEE,0.11,USD,,,,,,,,,
FEE-7611150565119_11,7404158659,0,NON_SALE_CHARGE,DEBIT,2026-03-21T02:39:03.831Z,PAYOUT,Insertion Fee,,"[{'referenceId': '358241036294', 'referenceType': 'ITEM_ID'}]",INSERTION_FEE,0.11,USD,,,,,,,,,
FEE-7611149520719_11,7404158659,0,NON_SALE_CHARGE,DEBIT,2026-03-21T02:39:01.159Z,PAYOUT,Insertion Fee,,"[{'referenceId': '358241035889', 'referenceType': 'ITEM_ID'}]",INSERTION_FEE,0.11,USD,,,,,,,,,
FEE-7611148704519_11,7404158659,0,NON_SALE_CHARGE,DEBIT,2026-03-21T02:38:56.028Z,PAYOUT,Insertion Fee,,"[{'referenceId': '358241035484', 'referenceType': 'ITEM_ID'}]",INSERTION_FEE,0.11,USD,,,,,,,,,
FEE-7611148332419_11,7404158659,0,NON_SALE_CHARGE,DEBIT,2026-03-21T02:38:36.035Z,PAYOUT,Insertion Fee,,"[{'referenceId': '358241034980', 'referenceType': 'ITEM_ID'}]",INSERTION_FEE,0.11,USD,,,,,,,,,
FEE-7611147167419_11,7404158659,0,NON_SALE_CHARGE,DEBIT,2026-03-21T02:37:46.417Z,PAYOUT,Insertion Fee,,"[{'referenceId': '358241033330', 'referenceType': 'ITEM_ID'}]",INSERTION_FEE,0.11,USD,,,,,,,,,
FEE-7611146819219_11,7404158659,0,NON_SALE_CHARGE,DEBIT,2026-03-21T02:37:19.242Z,PAYOUT,Insertion Fee,,"[{'referenceId': '358241032747', 'referenceType': 'ITEM_ID'}]",INSERTION_FEE,0.11,USD,,,,,,,,,
FEE-7611146192219_11,7404158659,0,NON_SALE_CHARGE,DEBIT,2026-03-21T02:36:55.919Z,PAYOUT,Insertion Fee,,"[{'referenceId': '358241031286', 'referenceType': 'ITEM_ID'}]",INSERTION_FEE,0.11,USD,,,,,,,,,
FEE-7611145671119_11,7404158659,0,NON_SALE_CHARGE,DEBIT,2026-03-21T02:36:52.677Z,PAYOUT,Insertion Fee,,"[{'referenceId': '358241030187', 'referenceType': 'ITEM_ID'}]",INSERTION_FEE,0.11,USD,,,,,,,,,
FEE-7611144997519_11,7404158659,0,NON_SALE_CHARGE,DEBIT,2026-03-21T02:36:10.455Z,PAYOUT,Insertion Fee,,"[{'referenceId': '358241029529', 'referenceType': 'ITEM_ID'}]",INSERTION_FEE,0.11,USD,,,,,,,,,
FEE-7611144257719_11,7404158659,0,NON_SALE_CHARGE,DEBIT,2026-03-21T02:34:44.045Z,PAYOUT,Insertion Fee,,"[{'referenceId': '358241028990', 'referenceType': 'ITEM_ID'}]",INSERTION_FEE,0.11,USD,,,,,,,,,
FEE-7611141946219_11,7404158659,0,NON_SALE_CHARGE,DEBIT,2026-03-21T02:33:31.106Z,PAYOUT,Insertion Fee,,"[{'referenceId': '358241025799', 'referenceType': 'ITEM_ID'}]",INSERTION_FEE,0.11,USD,,,,,,,,,
FEE-7611141316419_11,7404158659,0,NON_SALE_CHARGE,DEBIT,2026-03-21T02:32:51.670Z,PAYOUT,Insertion Fee,,"[{'referenceId': '358241024845', 'referenceType': 'ITEM_ID'}]",INSERTION_FEE,0.11,USD,,,,,,,,,
FEE-7611141588219_11,7404158659,0,NON_SALE_CHARGE,DEBIT,2026-03-21T02:32:48.107Z,PAYOUT,Insertion Fee,,"[{'referenceId': '358241025288', 'referenceType': 'ITEM_ID'}]",INSERTION_FEE,0.11,USD,,,,,,,,,
FEE-7611140790319_11,7404158659,0,NON_SALE_CHARGE,DEBIT,2026-03-21T02:32:12.857Z,PAYOUT,Insertion Fee,,"[{'referenceId': '358241024369', 'referenceType': 'ITEM_ID'}]",INSERTION_FEE,0.11,USD,,,,,,,,,
FEE-7611140093619_11,7404158659,0,NON_SALE_CHARGE,DEBIT,2026-03-21T02:31:58.937Z,PAYOUT,Insertion Fee,,"[{'referenceId': '358241023887', 'referenceType': 'ITEM_ID'}]",INSERTION_FEE,0.11,USD,,,,,,,,,
FEE-7611138994419_11,7404158659,0,NON_SALE_CHARGE,DEBIT,2026-03-21T02:31:17.549Z,PAYOUT,Insertion Fee,,"[{'referenceId': '358241020217', 'referenceType': 'ITEM_ID'}]",INSERTION_FEE,0.11,USD,,,,,,,,,
FEE-7611118105019_11,7404158659,0,NON_SALE_CHARGE,DEBIT,2026-03-21T02:16:16.072Z,PAYOUT,Insertion Fee,,"[{'referenceId': '358240972215', 'referenceType': 'ITEM_ID'}]",INSERTION_FEE,0.11,USD,,,,,,,,,
FEE-7611117142719_11,7404158659,0,NON_SALE_CHARGE,DEBIT,2026-03-21T02:15:03.473Z,PAYOUT,Insertion Fee,,"[{'referenceId': '358240969733', 'referenceType': 'ITEM_ID'}]",INSERTION_FEE,0.11,USD,,,,,,,,,
FEE-7611115673819_11,7404158659,0,NON_SALE_CHARGE,DEBIT,2026-03-21T02:14:42.045Z,PAYOUT,Insertion Fee,,"[{'referenceId': '358240966678', 'referenceType': 'ITEM_ID'}]",INSERTION_FEE,0.11,USD,,,,,,,,,
FEE-7611115073419_11,7404158659,0,NON_SALE_CHARGE,DEBIT,2026-03-21T02:14:06.736Z,PAYOUT,Insertion Fee,,"[{'referenceId': '358240966120', 'referenceType': 'ITEM_ID'}]",INSERTION_FEE,0.11,USD,,,,,,,,,
FEE-7611114870819_11,7404158659,0,NON_SALE_CHARGE,DEBIT,2026-03-21T02:13:55.578Z,PAYOUT,Insertion Fee,,"[{'referenceId': '358240965347', 'referenceType': 'ITEM_ID'}]",INSERTION_FEE,0.11,USD,,,,,,,,,
FEE-7611113869619_11,7404158659,0,NON_SALE_CHARGE,DEBIT,2026-03-21T02:12:51.605Z,PAYOUT,Insertion Fee,,"[{'referenceId': '358240963888', 'referenceType': 'ITEM_ID'}]",INSERTION_FEE,0.11,USD,,,,,,,,,
FEE-7611113365119_11,7404158659,0,NON_SALE_CHARGE,DEBIT,2026-03-21T02:12:20.729Z,PAYOUT,Insertion Fee,,"[{'referenceId': '358240962208', 'referenceType': 'ITEM_ID'}]",INSERTION_FEE,0.11,USD,,,,,,,,,
FEE-7611111620619_11,7404158659,0,NON_SALE_CHARGE,DEBIT,2026-03-21T02:11:16.269Z,PAYOUT,Insertion Fee,,"[{'referenceId': '358240954496', 'referenceType': 'ITEM_ID'}]",INSERTION_FEE,0.11,USD,,,,,,,,,
FEE-7611110935519_11,7404158659,0,NON_SALE_CHARGE,DEBIT,2026-03-21T02:10:04.141Z,PAYOUT,Insertion Fee,,"[{'referenceId': '358240952072', 'referenceType': 'ITEM_ID'}]",INSERTION_FEE,0.11,USD,,,,,,,,,
FEE-7611110892919_11,7404158659,0,NON_SALE_CHARGE,DEBIT,2026-03-21T02:10:01.888Z,PAYOUT,Insertion Fee,,"[{'referenceId': '358240952968', 'referenceType': 'ITEM_ID'}]",INSERTION_FEE,0.11,USD,,,,,,,,,
FEE-7611108250619_11,7404158659,0,NON_SALE_CHARGE,DEBIT,2026-03-21T02:09:01.997Z,PAYOUT,Insertion Fee,,"[{'referenceId': '358240947513', 'referenceType': 'ITEM_ID'}]",INSERTION_FEE,0.11,USD,,,,,,,,,
FEE-7611108554619_11,7404158659,0,NON_SALE_CHARGE,DEBIT,2026-03-21T02:09:00.101Z,PAYOUT,Insertion Fee,,"[{'referenceId': '358240947862', 'referenceType': 'ITEM_ID'}]",INSERTION_FEE,0.11,USD,,,,,,,,,
FEE-7611108098319_11,7404158659,0,NON_SALE_CHARGE,DEBIT,2026-03-21T02:08:54.211Z,PAYOUT,Insertion Fee,,"[{'referenceId': '358240947328', 'referenceType': 'ITEM_ID'}]",INSERTION_FEE,0.11,USD,,,,,,,,,
RRP-6661605448-CCM_CHARGE,7404158659,0,REFUND,DEBIT,2026-03-21T02:00:07.640Z,PAYOUT,,eBay Commerce Inc.,"[{'referenceId': '5433836730', 'referenceType': 'CANCELLATION_ID'}]",,382.06,USD,01-14400-03736,"[{'lineItemId': '10079510625301', 'feeBasisAmount': {'value': '490.37', 'currency': 'USD'}, 'marketplaceFees': [{'feeType': 'INTERNATIONAL_FEE', 'amount': {'value': '7.28', 'currency': 'USD'}}, {'feeType': 'FINAL_VALUE_FEE', 'amount': {'value': '68.51', 'currency': 'USD'}}, {'feeType': 'FINAL_VALUE_FEE_FIXED_PER_ORDER', 'amount': {'value': '0.44', 'currency': 'USD'}}]}]",baronessred6zgc,458.29,USD,76.23,USD,32.08,USD
FEE-7610857895419_11,7404158659,0,NON_SALE_CHARGE,DEBIT,2026-03-20T23:18:50.486Z,PAYOUT,Promoted Listings - General fee,eBay Commerce Inc.,"[{'referenceId': '358290428422', 'referenceType': 'ITEM_ID'}, {'referenceId': '21-14376-78387', 'referenceType': 'ORDER_ID'}]",AD_FEE,16.61,USD,,,,,,,,,
21-14376-78387,7417074883,0,SALE,CREDIT,2026-03-20T23:14:57.371Z,PAYOUT,,eBay Commerce Inc.,,,236.51,USD,21-14376-78387,"[{'lineItemId': '10084620218821', 'feeBasisAmount': {'value': '302.09', 'currency': 'USD'}, 'marketplaceFees': [{'feeType': 'FINAL_VALUE_FEE', 'amount': {'value': '42.21', 'currency': 'USD'}}, {'feeType': 'FINAL_VALUE_FEE_FIXED_PER_ORDER', 'amount': {'value': '0.44', 'currency': 'USD'}}, {'feeType': 'INTERNATIONAL_FEE', 'amount': {'value': '4.49', 'currency': 'USD'}, 'feeMemo': 'Charged because the delivery address is in United States. Final amount: $302.09.'}]}]",meloz_6339,283.65,USD,47.14,USD,18.44,USD
FEE-7610837762319_11,7404158659,0,NON_SALE_CHARGE,DEBIT,2026-03-20T23:08:04.007Z,PAYOUT,Promoted Listings - General fee,eBay Commerce Inc.,"[{'referenceId': '358295508414', 'referenceType': 'ITEM_ID'}, {'referenceId': '11-14391-49976', 'referenceType': 'ORDER_ID'}]",AD_FEE,6.61,USD,,,,,,,,,
11-14391-49976,7415520355,0,SALE,CREDIT,2026-03-20T23:03:10.900Z,PAYOUT,,eBay Commerce Inc.,,,93.33,USD,11-14391-49976,"[{'lineItemId': '10080549386811', 'feeBasisAmount': {'value': '120.21', 'currency': 'USD'}, 'marketplaceFees': [{'feeType': 'FINAL_VALUE_FEE', 'amount': {'value': '16.8', 'currency': 'USD'}}, {'feeType': 'FINAL_VALUE_FEE_FIXED_PER_ORDER', 'amount': {'value': '0.44', 'currency': 'USD'}}, {'feeType': 'INTERNATIONAL_FEE', 'amount': {'value': '1.78', 'currency': 'USD'}, 'feeMemo': 'Charged because the delivery address is in United States. Final amount: $120.21.'}]}]",kaknob_87,112.35,USD,19.02,USD,7.86,USD
FEE-7610665284519_11,7404158659,0,NON_SALE_CHARGE,DEBIT,2026-03-20T21:32:47.024Z,PAYOUT,Insertion Fee,,"[{'referenceId': '358353726882', 'referenceType': 'ITEM_ID'}]",INSERTION_FEE,0.11,USD,,,,,,,,,
FEE-7610178261219_11,7404158659,0,NON_SALE_CHARGE,DEBIT,2026-03-20T17:27:27.932Z,PAYOUT,Insertion Fee,,"[{'referenceId': '358327072194', 'referenceType': 'ITEM_ID'}]",INSERTION_FEE,0.11,USD,,,,,,,,,
FEE-7610169709119_11,7404158659,0,NON_SALE_CHARGE,DEBIT,2026-03-20T17:24:15.601Z,PAYOUT,Insertion Fee,,"[{'referenceId': '358327144833', 'referenceType': 'ITEM_ID'}]",INSERTION_FEE,0.11,USD,,,,,,,,,
FEE-7610164397819_11,7404158659,0,NON_SALE_CHARGE,DEBIT,2026-03-20T17:20:28.360Z,PAYOUT,Insertion Fee,,"[{'referenceId': '358327132617', 'referenceType': 'ITEM_ID'}]",INSERTION_FEE,0.11,USD,,,,,,,,,
FEE-7610039221619_11,7404158659,0,NON_SALE_CHARGE,DEBIT,2026-03-20T16:21:13.422Z,PAYOUT,Insertion Fee,,"[{'referenceId': '358327133832', 'referenceType': 'ITEM_ID'}]",INSERTION_FEE,0.11,USD,,,,,,,,,
FEE-7610003776919_11,7404158659,0,NON_SALE_CHARGE,DEBIT,2026-03-20T16:07:18.579Z,PAYOUT,Insertion Fee,,"[{'referenceId': '358327166465', 'referenceType': 'ITEM_ID'}]",INSERTION_FEE,0.11,USD,,,,,,,,,
FEE-7609496136819_11,7404158659,0,NON_SALE_CHARGE,DEBIT,2026-03-20T12:25:27.664Z,PAYOUT,Insertion Fee,,"[{'referenceId': '358354320734', 'referenceType': 'ITEM_ID'}]",INSERTION_FEE,0.11,USD,,,,,,,,,
FEE-7609494905719_11,7404158659,0,NON_SALE_CHARGE,DEBIT,2026-03-20T12:25:24.292Z,PAYOUT,Insertion Fee,,"[{'referenceId': '358354315945', 'referenceType': 'ITEM_ID'}]",INSERTION_FEE,0.11,USD,,,,,,,,,
FEE-7609495883519_11,7404158659,0,NON_SALE_CHARGE,DEBIT,2026-03-20T12:25:22.634Z,PAYOUT,Insertion Fee,,"[{'referenceId': '358354320019', 'referenceType': 'ITEM_ID'}]",INSERTION_FEE,0.11,USD,,,,,,,,,
FEE-7609495526419_11,7404158659,0,NON_SALE_CHARGE,DEBIT,2026-03-20T12:25:21.937Z,PAYOUT,Insertion Fee,,"[{'referenceId': '358354318592', 'referenceType': 'ITEM_ID'}]",INSERTION_FEE,0.11,USD,,,,,,,,,
FEE-7609495341719_11,7404158659,0,NON_SALE_CHARGE,DEBIT,2026-03-20T12:25:21.904Z,PAYOUT,Insertion Fee,,"[{'referenceId': '358354317955', 'referenceType': 'ITEM_ID'}]",INSERTION_FEE,0.11,USD,,,,,,,,,
FEE-7609494654119_11,7404158659,0,NON_SALE_CHARGE,DEBIT,2026-03-20T12:25:19.565Z,PAYOUT,Insertion Fee,,"[{'referenceId': '358354315035', 'referenceType': 'ITEM_ID'}]",INSERTION_FEE,0.11,USD,,,,,,,,,
FEE-7609495006519_11,7404158659,0,NON_SALE_CHARGE,DEBIT,2026-03-20T12:25:18.570Z,PAYOUT,Insertion Fee,,"[{'referenceId': '358354316319', 'referenceType': 'ITEM_ID'}]",INSERTION_FEE,0.11,USD,,,,,,,,,
FEE-7609494490019_11,7404158659,0,NON_SALE_CHARGE,DEBIT,2026-03-20T12:24:26.067Z,PAYOUT,Insertion Fee,,"[{'referenceId': '358354314485', 'referenceType': 'ITEM_ID'}]",INSERTION_FEE,0.11,USD,,,,,,,,,
FEE-7609493957419_11,7404158659,0,NON_SALE_CHARGE,DEBIT,2026-03-20T12:24:22.008Z,PAYOUT,Insertion Fee,,"[{'referenceId': '358354313400', 'referenceType': 'ITEM_ID'}]",INSERTION_FEE,0.11,USD,,,,,,,,,
FEE-7609494280319_11,7404158659,0,NON_SALE_CHARGE,DEBIT,2026-03-20T12:24:18.874Z,PAYOUT,Insertion Fee,,"[{'referenceId': '358354313962', 'referenceType': 'ITEM_ID'}]",INSERTION_FEE,0.11,USD,,,,,,,,,
FEE-7609492484919_11,7404158659,0,NON_SALE_CHARGE,DEBIT,2026-03-20T12:24:13.179Z,PAYOUT,Insertion Fee,,"[{'referenceId': '358354311049', 'referenceType': 'ITEM_ID'}]",INSERTION_FEE,0.11,USD,,,,,,,,,
FEE-7609493480319_11,7404158659,0,NON_SALE_CHARGE,DEBIT,2026-03-20T12:24:06.708Z,PAYOUT,Insertion Fee,,"[{'referenceId': '358354312542', 'referenceType': 'ITEM_ID'}]",INSERTION_FEE,0.11,USD,,,,,,,,,
FEE-7609492663819_11,7404158659,0,NON_SALE_CHARGE,DEBIT,2026-03-20T12:24:06.089Z,PAYOUT,Insertion Fee,,"[{'referenceId': '358354311389', 'referenceType': 'ITEM_ID'}]",INSERTION_FEE,0.11,USD,,,,,,,,,
FEE-7609493545219_11,7404158659,0,NON_SALE_CHARGE,DEBIT,2026-03-20T12:24:03.544Z,PAYOUT,Insertion Fee,,"[{'referenceId': '358354312663', 'referenceType': 'ITEM_ID'}]",INSERTION_FEE,0.11,USD,,,,,,,,,
FEE-7609493066719_11,7404158659,0,NON_SALE_CHARGE,DEBIT,2026-03-20T12:24:00.800Z,PAYOUT,Insertion Fee,,"[{'referenceId': '358354311943', 'referenceType': 'ITEM_ID'}]",INSERTION_FEE,0.11,USD,,,,,,,,,
FEE-7609491826219_11,7404158659,0,NON_SALE_CHARGE,DEBIT,2026-03-20T12:23:58.026Z,PAYOUT,Insertion Fee,,"[{'referenceId': '358354309909', 'referenceType': 'ITEM_ID'}]",INSERTION_FEE,0.11,USD,,,,,,,,,
FEE-7609491821019_11,7404158659,0,NON_SALE_CHARGE,DEBIT,2026-03-20T12:23:57.025Z,PAYOUT,Insertion Fee,,"[{'referenceId': '358354309848', 'referenceType': 'ITEM_ID'}]",INSERTION_FEE,0.11,USD,,,,,,,,,
FEE-7609491441219_11,7404158659,0,NON_SALE_CHARGE,DEBIT,2026-03-20T12:23:46.668Z,PAYOUT,Insertion Fee,,"[{'referenceId': '358354308830', 'referenceType': 'ITEM_ID'}]",INSERTION_FEE,0.11,USD,,,,,,,,,
FEE-7609491415919_11,7404158659,0,NON_SALE_CHARGE,DEBIT,2026-03-20T12:23:41.986Z,PAYOUT,Insertion Fee,,"[{'referenceId': '358354308788', 'referenceType': 'ITEM_ID'}]",INSERTION_FEE,0.11,USD,,,,,,,,,
FEE-7609491009019_11,7404158659,0,NON_SALE_CHARGE,DEBIT,2026-03-20T12:23:05.672Z,PAYOUT,Insertion Fee,,"[{'referenceId': '358354307709', 'referenceType': 'ITEM_ID'}]",INSERTION_FEE,0.11,USD,,,,,,,,,
FEE-7609490464519_11,7404158659,0,NON_SALE_CHARGE,DEBIT,2026-03-20T12:22:59.816Z,PAYOUT,Insertion Fee,,"[{'referenceId': '358354306182', 'referenceType': 'ITEM_ID'}]",INSERTION_FEE,0.11,USD,,,,,,,,,
FEE-7609490620619_11,7404158659,0,NON_SALE_CHARGE,DEBIT,2026-03-20T12:22:59.547Z,PAYOUT,Insertion Fee,,"[{'referenceId': '358354306551', 'referenceType': 'ITEM_ID'}]",INSERTION_FEE,0.11,USD,,,,,,,,,
FEE-7609489238119_11,7404158659,0,NON_SALE_CHARGE,DEBIT,2026-03-20T12:21:48.577Z,PAYOUT,Insertion Fee,,"[{'referenceId': '358354302239', 'referenceType': 'ITEM_ID'}]",INSERTION_FEE,0.11,USD,,,,,,,,,
FEE-7609489185819_11,7404158659,0,NON_SALE_CHARGE,DEBIT,2026-03-20T12:21:46.752Z,PAYOUT,Insertion Fee,,"[{'referenceId': '358354302007', 'referenceType': 'ITEM_ID'}]",INSERTION_FEE,0.11,USD,,,,,,,,,
FEE-7609489549019_11,7404158659,0,NON_SALE_CHARGE,DEBIT,2026-03-20T12:21:46.418Z,PAYOUT,Insertion Fee,,"[{'referenceId': '358354303610', 'referenceType': 'ITEM_ID'}]",INSERTION_FEE,0.11,USD,,,,,,,,,
FEE-7609490055019_11,7404158659,0,NON_SALE_CHARGE,DEBIT,2026-03-20T12:21:45.877Z,PAYOUT,Insertion Fee,,"[{'referenceId': '358354304858', 'referenceType': 'ITEM_ID'}]",INSERTION_FEE,0.11,USD,,,,,,,,,
FEE-7609489539419_11,7404158659,0,NON_SALE_CHARGE,DEBIT,2026-03-20T12:21:45.540Z,PAYOUT,Insertion Fee,,"[{'referenceId': '358354303600', 'referenceType': 'ITEM_ID'}]",INSERTION_FEE,0.11,USD,,,,,,,,,
FEE-7609488909819_11,7404158659,0,NON_SALE_CHARGE,DEBIT,2026-03-20T12:21:23.126Z,PAYOUT,Insertion Fee,,"[{'referenceId': '358354300786', 'referenceType': 'ITEM_ID'}]",INSERTION_FEE,0.11,USD,,,,,,,,,
FEE-7609487981719_11,7404158659,0,NON_SALE_CHARGE,DEBIT,2026-03-20T12:21:18.788Z,PAYOUT,Insertion Fee,,"[{'referenceId': '358354297991', 'referenceType': 'ITEM_ID'}]",INSERTION_FEE,0.11,USD,,,,,,,,,
FEE-7609488406519_11,7404158659,0,NON_SALE_CHARGE,DEBIT,2026-03-20T12:21:05.242Z,PAYOUT,Insertion Fee,,"[{'referenceId': '358354298799', 'referenceType': 'ITEM_ID'}]",INSERTION_FEE,0.11,USD,,,,,,,,,
FEE-7609488428519_11,7404158659,0,NON_SALE_CHARGE,DEBIT,2026-03-20T12:21:04.189Z,PAYOUT,Insertion Fee,,"[{'referenceId': '358354298815', 'referenceType': 'ITEM_ID'}]",INSERTION_FEE,0.11,USD,,,,,,,,,
FEE-7609487580919_11,7404158659,0,NON_SALE_CHARGE,DEBIT,2026-03-20T12:20:43.368Z,PAYOUT,Insertion Fee,,"[{'referenceId': '358354297037', 'referenceType': 'ITEM_ID'}]",INSERTION_FEE,0.11,USD,,,,,,,,,
FEE-7609487350019_11,7404158659,0,NON_SALE_CHARGE,DEBIT,2026-03-20T12:20:43.270Z,PAYOUT,Insertion Fee,,"[{'referenceId': '358354296549', 'referenceType': 'ITEM_ID'}]",INSERTION_FEE,0.11,USD,,,,,,,,,
FEE-7609486958019_11,7404158659,0,NON_SALE_CHARGE,DEBIT,2026-03-20T12:20:31.424Z,PAYOUT,Insertion Fee,,"[{'referenceId': '358354295926', 'referenceType': 'ITEM_ID'}]",INSERTION_FEE,0.11,USD,,,,,,,,,
FEE-7609486917219_11,7404158659,0,NON_SALE_CHARGE,DEBIT,2026-03-20T12:20:30.871Z,PAYOUT,Insertion Fee,,"[{'referenceId': '358354295850', 'referenceType': 'ITEM_ID'}]",INSERTION_FEE,0.11,USD,,,,,,,,,
FEE-7609486565819_11,7404158659,0,NON_SALE_CHARGE,DEBIT,2026-03-20T12:20:27.752Z,PAYOUT,Insertion Fee,,"[{'referenceId': '358354295399', 'referenceType': 'ITEM_ID'}]",INSERTION_FEE,0.11,USD,,,,,,,,,
FEE-7609486567819_11,7404158659,0,NON_SALE_CHARGE,DEBIT,2026-03-20T12:20:26.829Z,PAYOUT,Insertion Fee,,"[{'referenceId': '358354295410', 'referenceType': 'ITEM_ID'}]",INSERTION_FEE,0.11,USD,,,,,,,,,
FEE-7609485987119_11,7404158659,0,NON_SALE_CHARGE,DEBIT,2026-03-20T12:20:22.189Z,PAYOUT,Insertion Fee,,"[{'referenceId': '358354294791', 'referenceType': 'ITEM_ID'}]",INSERTION_FEE,0.11,USD,,,,,,,,,
FEE-7609486132919_11,7404158659,0,NON_SALE_CHARGE,DEBIT,2026-03-20T12:20:21.298Z,PAYOUT,Insertion Fee,,"[{'referenceId': '358354294961', 'referenceType': 'ITEM_ID'}]",INSERTION_FEE,0.11,USD,,,,,,,,,
FEE-7609485449419_11,7404158659,0,NON_SALE_CHARGE,DEBIT,2026-03-20T12:20:19.850Z,PAYOUT,Insertion Fee,,"[{'referenceId': '358354293549', 'referenceType': 'ITEM_ID'}]",INSERTION_FEE,0.11,USD,,,,,,,,,
FEE-7609485824219_11,7404158659,0,NON_SALE_CHARGE,DEBIT,2026-03-20T12:20:19.434Z,PAYOUT,Insertion Fee,,"[{'referenceId': '358354294519', 'referenceType': 'ITEM_ID'}]",INSERTION_FEE,0.11,USD,,,,,,,,,
FEE-7609485039119_11,7404158659,0,NON_SALE_CHARGE,DEBIT,2026-03-20T12:19:23.627Z,PAYOUT,Insertion Fee,,"[{'referenceId': '358354292529', 'referenceType': 'ITEM_ID'}]",INSERTION_FEE,0.11,USD,,,,,,,,,
FEE-7609485211419_11,7404158659,0,NON_SALE_CHARGE,DEBIT,2026-03-20T12:19:20.957Z,PAYOUT,Insertion Fee,,"[{'referenceId': '358354292930', 'referenceType': 'ITEM_ID'}]",INSERTION_FEE,0.11,USD,,,,,,,,,
FEE-7609484577319_11,7404158659,0,NON_SALE_CHARGE,DEBIT,2026-03-20T12:19:09.664Z,PAYOUT,Insertion Fee,,"[{'referenceId': '358354290880', 'referenceType': 'ITEM_ID'}]",INSERTION_FEE,0.11,USD,,,,,,,,,
FEE-7609484580119_11,7404158659,0,NON_SALE_CHARGE,DEBIT,2026-03-20T12:19:08.634Z,PAYOUT,Insertion Fee,,"[{'referenceId': '358354290864', 'referenceType': 'ITEM_ID'}]",INSERTION_FEE,0.11,USD,,,,,,,,,
FEE-7609483983519_11,7404158659,0,NON_SALE_CHARGE,DEBIT,2026-03-20T12:19:06.145Z,PAYOUT,Insertion Fee,,"[{'referenceId': '358354289944', 'referenceType': 'ITEM_ID'}]",INSERTION_FEE,0.11,USD,,,,,,,,,
FEE-7609483664319_11,7404158659,0,NON_SALE_CHARGE,DEBIT,2026-03-20T12:19:03.708Z,PAYOUT,Insertion Fee,,"[{'referenceId': '358354289472', 'referenceType': 'ITEM_ID'}]",INSERTION_FEE,0.11,USD,,,,,,,,,
FEE-7609484123419_11,7404158659,0,NON_SALE_CHARGE,DEBIT,2026-03-20T12:19:00.599Z,PAYOUT,Insertion Fee,,"[{'referenceId': '358354290084', 'referenceType': 'ITEM_ID'}]",INSERTION_FEE,0.11,USD,,,,,,,,,
FEE-7609483475919_11,7404158659,0,NON_SALE_CHARGE,DEBIT,2026-03-20T12:18:49.674Z,PAYOUT,Insertion Fee,,"[{'referenceId': '358354289084', 'referenceType': 'ITEM_ID'}]",INSERTION_FEE,0.11,USD,,,,,,,,,
FEE-7609483083719_11,7404158659,0,NON_SALE_CHARGE,DEBIT,2026-03-20T12:18:40.254Z,PAYOUT,Insertion Fee,,"[{'referenceId': '358354288361', 'referenceType': 'ITEM_ID'}]",INSERTION_FEE,0.11,USD,,,,,,,,,
FEE-7609482991519_11,7404158659,0,NON_SALE_CHARGE,DEBIT,2026-03-20T12:18:40.226Z,PAYOUT,Insertion Fee,,"[{'referenceId': '358354288219', 'referenceType': 'ITEM_ID'}]",INSERTION_FEE,0.11,USD,,,,,,,,,
FEE-7609482690819_11,7404158659,0,NON_SALE_CHARGE,DEBIT,2026-03-20T12:18:05.209Z,PAYOUT,Insertion Fee,,"[{'referenceId': '358354287433', 'referenceType': 'ITEM_ID'}]",INSERTION_FEE,0.11,USD,,,,,,,,,
FEE-7609482533219_11,7404158659,0,NON_SALE_CHARGE,DEBIT,2026-03-20T12:18:01.649Z,PAYOUT,Insertion Fee,,"[{'referenceId': '358354287242', 'referenceType': 'ITEM_ID'}]",INSERTION_FEE,0.11,USD,,,,,,,,,
FEE-7609482072619_11,7404158659,0,NON_SALE_CHARGE,DEBIT,2026-03-20T12:16:46.064Z,PAYOUT,Insertion Fee,,"[{'referenceId': '358354286373', 'referenceType': 'ITEM_ID'}]",INSERTION_FEE,0.11,USD,,,,,,,,,
FEE-7609482200119_11,7404158659,0,NON_SALE_CHARGE,DEBIT,2026-03-20T12:16:44.461Z,PAYOUT,Insertion Fee,,"[{'referenceId': '358354286584', 'referenceType': 'ITEM_ID'}]",INSERTION_FEE,0.11,USD,,,,,,,,,
FEE-7609481768019_11,7404158659,0,NON_SALE_CHARGE,DEBIT,2026-03-20T12:16:42.092Z,PAYOUT,Insertion Fee,,"[{'referenceId': '358354285714', 'referenceType': 'ITEM_ID'}]",INSERTION_FEE,0.11,USD,,,,,,,,,
FEE-7609481489919_11,7404158659,0,NON_SALE_CHARGE,DEBIT,2026-03-20T12:16:14.881Z,PAYOUT,Insertion Fee,,"[{'referenceId': '358354285338', 'referenceType': 'ITEM_ID'}]",INSERTION_FEE,0.11,USD,,,,,,,,,
FEE-7609481363419_11,7404158659,0,NON_SALE_CHARGE,DEBIT,2026-03-20T12:16:12.739Z,PAYOUT,Insertion Fee,,"[{'referenceId': '358354285129', 'referenceType': 'ITEM_ID'}]",INSERTION_FEE,0.11,USD,,,,,,,,,
FEE-7609480827919_11,7404158659,0,NON_SALE_CHARGE,DEBIT,2026-03-20T12:16:08.445Z,PAYOUT,Insertion Fee,,"[{'referenceId': '358354284624', 'referenceType': 'ITEM_ID'}]",INSERTION_FEE,0.11,USD,,,,,,,,,
FEE-7609480868619_11,7404158659,0,NON_SALE_CHARGE,DEBIT,2026-03-20T12:16:06.222Z,PAYOUT,Insertion Fee,,"[{'referenceId': '358354284648', 'referenceType': 'ITEM_ID'}]",INSERTION_FEE,0.11,USD,,,,,,,,,
FEE-7609480254219_11,7404158659,0,NON_SALE_CHARGE,DEBIT,2026-03-20T12:16:05.864Z,PAYOUT,Insertion Fee,,"[{'referenceId': '358354283870', 'referenceType': 'ITEM_ID'}]",INSERTION_FEE,0.11,USD,,,,,,,,,
FEE-7609480280719_11,7404158659,0,NON_SALE_CHARGE,DEBIT,2026-03-20T12:16:01.922Z,PAYOUT,Insertion Fee,,"[{'referenceId': '358354283877', 'referenceType': 'ITEM_ID'}]",INSERTION_FEE,0.11,USD,,,,,,,,,
FEE-7609479700419_11,7404158659,0,NON_SALE_CHARGE,DEBIT,2026-03-20T12:15:43.502Z,PAYOUT,Insertion Fee,,"[{'referenceId': '358354283222', 'referenceType': 'ITEM_ID'}]",INSERTION_FEE,0.11,USD,,,,,,,,,
FEE-7609479240119_11,7404158659,0,NON_SALE_CHARGE,DEBIT,2026-03-20T12:15:42.959Z,PAYOUT,Insertion Fee,,"[{'referenceId': '358354282537', 'referenceType': 'ITEM_ID'}]",INSERTION_FEE,0.11,USD,,,,,,,,,
FEE-7609479571519_11,7404158659,0,NON_SALE_CHARGE,DEBIT,2026-03-20T12:15:42.161Z,PAYOUT,Insertion Fee,,"[{'referenceId': '358354283113', 'referenceType': 'ITEM_ID'}]",INSERTION_FEE,0.11,USD,,,,,,,,,
FEE-7609479263719_11,7404158659,0,NON_SALE_CHARGE,DEBIT,2026-03-20T12:15:39.504Z,PAYOUT,Insertion Fee,,"[{'referenceId': '358354282575', 'referenceType': 'ITEM_ID'}]",INSERTION_FEE,0.11,USD,,,,,,,,,
FEE-7609478656619_11,7404158659,0,NON_SALE_CHARGE,DEBIT,2026-03-20T12:15:28.250Z,PAYOUT,Insertion Fee,,"[{'referenceId': '358354281846', 'referenceType': 'ITEM_ID'}]",INSERTION_FEE,0.11,USD,,,,,,,,,
FEE-7609478501919_11,7404158659,0,NON_SALE_CHARGE,DEBIT,2026-03-20T12:15:26.519Z,PAYOUT,Insertion Fee,,"[{'referenceId': '358354281562', 'referenceType': 'ITEM_ID'}]",INSERTION_FEE,0.11,USD,,,,,,,,,
FEE-7609478000019_11,7404158659,0,NON_SALE_CHARGE,DEBIT,2026-03-20T12:15:25.327Z,PAYOUT,Insertion Fee,,"[{'referenceId': '358354280718', 'referenceType': 'ITEM_ID'}]",INSERTION_FEE,0.11,USD,,,,,,,,,
FEE-7609477215119_11,7404158659,0,NON_SALE_CHARGE,DEBIT,2026-03-20T12:15:22.607Z,PAYOUT,Insertion Fee,,"[{'referenceId': '358354279773', 'referenceType': 'ITEM_ID'}]",INSERTION_FEE,0.11,USD,,,,,,,,,
FEE-7609478109619_11,7404158659,0,NON_SALE_CHARGE,DEBIT,2026-03-20T12:15:22.253Z,PAYOUT,Insertion Fee,,"[{'referenceId': '358354280876', 'referenceType': 'ITEM_ID'}]",INSERTION_FEE,0.11,USD,,,,,,,,,
FEE-7609477576419_11,7404158659,0,NON_SALE_CHARGE,DEBIT,2026-03-20T12:15:21.649Z,PAYOUT,Insertion Fee,,"[{'referenceId': '358354280218', 'referenceType': 'ITEM_ID'}]",INSERTION_FEE,0.11,USD,,,,,,,,,
FEE-7609477126519_11,7404158659,0,NON_SALE_CHARGE,DEBIT,2026-03-20T12:15:20.582Z,PAYOUT,Insertion Fee,,"[{'referenceId': '358354279605', 'referenceType': 'ITEM_ID'}]",INSERTION_FEE,0.11,USD,,,,,,,,,
FEE-7609477637019_11,7404158659,0,NON_SALE_CHARGE,DEBIT,2026-03-20T12:15:19.720Z,PAYOUT,Insertion Fee,,"[{'referenceId': '358354280278', 'referenceType': 'ITEM_ID'}]",INSERTION_FEE,0.11,USD,,,,,,,,,
FEE-7609476877919_11,7404158659,0,NON_SALE_CHARGE,DEBIT,2026-03-20T12:14:45.617Z,PAYOUT,Insertion Fee,,"[{'referenceId': '358354279289', 'referenceType': 'ITEM_ID'}]",INSERTION_FEE,0.11,USD,,,,,,,,,
FEE-7609476654319_11,7404158659,0,NON_SALE_CHARGE,DEBIT,2026-03-20T12:14:44.857Z,PAYOUT,Insertion Fee,,"[{'referenceId': '358354279048', 'referenceType': 'ITEM_ID'}]",INSERTION_FEE,0.11,USD,,,,,,,,,
FEE-7609476180619_11,7404158659,0,NON_SALE_CHARGE,DEBIT,2026-03-20T12:14:36.802Z,PAYOUT,Insertion Fee,,"[{'referenceId': '358354278523', 'referenceType': 'ITEM_ID'}]",INSERTION_FEE,0.11,USD,,,,,,,,,
FEE-7609476022019_11,7404158659,0,NON_SALE_CHARGE,DEBIT,2026-03-20T12:14:04.601Z,PAYOUT,Insertion Fee,,"[{'referenceId': '358354278329', 'referenceType': 'ITEM_ID'}]",INSERTION_FEE,0.11,USD,,,,,,,,,
FEE-7609475551219_11,7404158659,0,NON_SALE_CHARGE,DEBIT,2026-03-20T12:13:57.553Z,PAYOUT,Insertion Fee,,"[{'referenceId': '358354277495', 'referenceType': 'ITEM_ID'}]",INSERTION_FEE,0.11,USD,,,,,,,,,
FEE-7609475672419_11,7404158659,0,NON_SALE_CHARGE,DEBIT,2026-03-20T12:13:53.533Z,PAYOUT,Insertion Fee,,"[{'referenceId': '358354277620', 'referenceType': 'ITEM_ID'}]",INSERTION_FEE,0.11,USD,,,,,,,,,
FEE-7609475248019_11,7404158659,0,NON_SALE_CHARGE,DEBIT,2026-03-20T12:13:51.244Z,PAYOUT,Insertion Fee,,"[{'referenceId': '358354277149', 'referenceType': 'ITEM_ID'}]",INSERTION_FEE,0.11,USD,,,,,,,,,
FEE-7609475225219_11,7404158659,0,NON_SALE_CHARGE,DEBIT,2026-03-20T12:13:46.638Z,PAYOUT,Insertion Fee,,"[{'referenceId': '358354277128', 'referenceType': 'ITEM_ID'}]",INSERTION_FEE,0.11,USD,,,,,,,,,
FEE-7609474691619_11,7404158659,0,NON_SALE_CHARGE,DEBIT,2026-03-20T12:13:40.471Z,PAYOUT,Insertion Fee,,"[{'referenceId': '358354276338', 'referenceType': 'ITEM_ID'}]",INSERTION_FEE,0.11,USD,,,,,,,,,
FEE-7609474318219_11,7404158659,0,NON_SALE_CHARGE,DEBIT,2026-03-20T12:13:38.228Z,PAYOUT,Insertion Fee,,"[{'referenceId': '358354275626', 'referenceType': 'ITEM_ID'}]",INSERTION_FEE,0.11,USD,,,,,,,,,
FEE-7609474733119_11,7404158659,0,NON_SALE_CHARGE,DEBIT,2026-03-20T12:13:38.094Z,PAYOUT,Insertion Fee,,"[{'referenceId': '358354276505', 'referenceType': 'ITEM_ID'}]",INSERTION_FEE,0.11,USD,,,,,,,,,
FEE-7609474261819_11,7404158659,0,NON_SALE_CHARGE,DEBIT,2026-03-20T12:13:38.068Z,PAYOUT,Insertion Fee,,"[{'referenceId': '358354275527', 'referenceType': 'ITEM_ID'}]",INSERTION_FEE,0.11,USD,,,,,,,,,
FEE-7609473937419_11,7404158659,0,NON_SALE_CHARGE,DEBIT,2026-03-20T12:12:58.962Z,PAYOUT,Insertion Fee,,"[{'referenceId': '358354274898', 'referenceType': 'ITEM_ID'}]",INSERTION_FEE,0.11,USD,,,,,,,,,
FEE-7609474082419_11,7404158659,0,NON_SALE_CHARGE,DEBIT,2026-03-20T12:12:57.335Z,PAYOUT,Insertion Fee,,"[{'referenceId': '358354275128', 'referenceType': 'ITEM_ID'}]",INSERTION_FEE,0.11,USD,,,,,,,,,
FEE-7609473598219_11,7404158659,0,NON_SALE_CHARGE,DEBIT,2026-03-20T12:11:54.407Z,PAYOUT,Insertion Fee,,"[{'referenceId': '358354274338', 'referenceType': 'ITEM_ID'}]",INSERTION_FEE,0.11,USD,,,,,,,,,
FEE-7609473481519_11,7404158659,0,NON_SALE_CHARGE,DEBIT,2026-03-20T12:11:51.408Z,PAYOUT,Insertion Fee,,"[{'referenceId': '358354274152', 'referenceType': 'ITEM_ID'}]",INSERTION_FEE,0.11,USD,,,,,,,,,
FEE-7609473428819_11,7404158659,0,NON_SALE_CHARGE,DEBIT,2026-03-20T12:11:50.013Z,PAYOUT,Insertion Fee,,"[{'referenceId': '358354274004', 'referenceType': 'ITEM_ID'}]",INSERTION_FEE,0.11,USD,,,,,,,,,
FEE-7609473070819_11,7404158659,0,NON_SALE_CHARGE,DEBIT,2026-03-20T12:11:49.316Z,PAYOUT,Insertion Fee,,"[{'referenceId': '358354273356', 'referenceType': 'ITEM_ID'}]",INSERTION_FEE,0.11,USD,,,,,,,,,
FEE-7609472809919_11,7404158659,0,NON_SALE_CHARGE,DEBIT,2026-03-20T12:11:46.497Z,PAYOUT,Insertion Fee,,"[{'referenceId': '358354272700', 'referenceType': 'ITEM_ID'}]",INSERTION_FEE,0.11,USD,,,,,,,,,
FEE-7609473023119_11,7404158659,0,NON_SALE_CHARGE,DEBIT,2026-03-20T12:11:45.710Z,PAYOUT,Insertion Fee,,"[{'referenceId': '358354273258', 'referenceType': 'ITEM_ID'}]",INSERTION_FEE,0.11,USD,,,,,,,,,
FEE-7609472609119_11,7404158659,0,NON_SALE_CHARGE,DEBIT,2026-03-20T12:11:41.007Z,PAYOUT,Insertion Fee,,"[{'referenceId': '358354272250', 'referenceType': 'ITEM_ID'}]",INSERTION_FEE,0.11,USD,,,,,,,,,
FEE-7609472256119_11,7404158659,0,NON_SALE_CHARGE,DEBIT,2026-03-20T12:11:16.631Z,PAYOUT,Insertion Fee,,"[{'referenceId': '358354271218', 'referenceType': 'ITEM_ID'}]",INSERTION_FEE,0.11,USD,,,,,,,,,
FEE-7609472441819_11,7404158659,0,NON_SALE_CHARGE,DEBIT,2026-03-20T12:11:16.181Z,PAYOUT,Insertion Fee,,"[{'referenceId': '358354271719', 'referenceType': 'ITEM_ID'}]",INSERTION_FEE,0.11,USD,,,,,,,,,
FEE-7609471740419_11,7404158659,0,NON_SALE_CHARGE,DEBIT,2026-03-20T12:11:11.410Z,PAYOUT,Insertion Fee,,"[{'referenceId': '358354269936', 'referenceType': 'ITEM_ID'}]",INSERTION_FEE,0.11,USD,,,,,,,,,
FEE-7609470051019_11,7404158659,0,NON_SALE_CHARGE,DEBIT,2026-03-20T12:11:10.082Z,PAYOUT,Insertion Fee,,"[{'referenceId': '358354265387', 'referenceType': 'ITEM_ID'}]",INSERTION_FEE,0.11,USD,,,,,,,,,
FEE-7609471032719_11,7404158659,0,NON_SALE_CHARGE,DEBIT,2026-03-20T12:11:08.628Z,PAYOUT,Insertion Fee,,"[{'referenceId': '358354268364', 'referenceType': 'ITEM_ID'}]",INSERTION_FEE,0.11,USD,,,,,,,,,
FEE-7609471668319_11,7404158659,0,NON_SALE_CHARGE,DEBIT,2026-03-20T12:11:08.586Z,PAYOUT,Insertion Fee,,"[{'referenceId': '358354269735', 'referenceType': 'ITEM_ID'}]",INSERTION_FEE,0.11,USD,,,,,,,,,
FEE-7609470552319_11,7404158659,0,NON_SALE_CHARGE,DEBIT,2026-03-20T12:11:06.371Z,PAYOUT,Insertion Fee,,"[{'referenceId': '358354266704', 'referenceType': 'ITEM_ID'}]",INSERTION_FEE,0.11,USD,,,,,,,,,
FEE-7609470057619_11,7404158659,0,NON_SALE_CHARGE,DEBIT,2026-03-20T12:11:06.288Z,PAYOUT,Insertion Fee,,"[{'referenceId': '358354265444', 'referenceType': 'ITEM_ID'}]",INSERTION_FEE,0.11,USD,,,,,,,,,
FEE-7609471145119_11,7404158659,0,NON_SALE_CHARGE,DEBIT,2026-03-20T12:11:05.951Z,PAYOUT,Insertion Fee,,"[{'referenceId': '358354268663', 'referenceType': 'ITEM_ID'}]",INSERTION_FEE,0.11,USD,,,,,,,,,
FEE-7609472037019_11,7404158659,0,NON_SALE_CHARGE,DEBIT,2026-03-20T12:11:05.876Z,PAYOUT,Insertion Fee,,"[{'referenceId': '358354270630', 'referenceType': 'ITEM_ID'}]",INSERTION_FEE,0.11,USD,,,,,,,,,
FEE-7609472073419_11,7404158659,0,NON_SALE_CHARGE,DEBIT,2026-03-20T12:11:04.480Z,PAYOUT,Insertion Fee,,"[{'referenceId': '358354270733', 'referenceType': 'ITEM_ID'}]",INSERTION_FEE,0.11,USD,,,,,,,,,
FEE-7609471646919_11,7404158659,0,NON_SALE_CHARGE,DEBIT,2026-03-20T12:11:03.945Z,PAYOUT,Insertion Fee,,"[{'referenceId': '358354269703', 'referenceType': 'ITEM_ID'}]",INSERTION_FEE,0.11,USD,,,,,,,,,
FEE-7609470208819_11,7404158659,0,NON_SALE_CHARGE,DEBIT,2026-03-20T12:11:02.537Z,PAYOUT,Insertion Fee,,"[{'referenceId': '358354265783', 'referenceType': 'ITEM_ID'}]",INSERTION_FEE,0.11,USD,,,,,,,,,
FEE-7609471171919_11,7404158659,0,NON_SALE_CHARGE,DEBIT,2026-03-20T12:11:02.118Z,PAYOUT,Insertion Fee,,"[{'referenceId': '358354268751', 'referenceType': 'ITEM_ID'}]",INSERTION_FEE,0.11,USD,,,,,,,,,
FEE-7609470685219_11,7404158659,0,NON_SALE_CHARGE,DEBIT,2026-03-20T12:11:00.400Z,PAYOUT,Insertion Fee,,"[{'referenceId': '358354267111', 'referenceType': 'ITEM_ID'}]",INSERTION_FEE,0.11,USD,,,,,,,,,
FEE-7609470811919_11,7404158659,0,NON_SALE_CHARGE,DEBIT,2026-03-20T12:10:58.461Z,PAYOUT,Insertion Fee,,"[{'referenceId': '358354267604', 'referenceType': 'ITEM_ID'}]",INSERTION_FEE,0.11,USD,,,,,,,,,
FEE-7609469823119_11,7404158659,0,NON_SALE_CHARGE,DEBIT,2026-03-20T12:10:55.812Z,PAYOUT,Insertion Fee,,"[{'referenceId': '358354264945', 'referenceType': 'ITEM_ID'}]",INSERTION_FEE,0.11,USD,,,,,,,,,
FEE-7609470430419_11,7404158659,0,NON_SALE_CHARGE,DEBIT,2026-03-20T12:10:55.116Z,PAYOUT,Insertion Fee,,"[{'referenceId': '358354266359', 'referenceType': 'ITEM_ID'}]",INSERTION_FEE,0.11,USD,,,,,,,,,
FEE-7609469544719_11,7404158659,0,NON_SALE_CHARGE,DEBIT,2026-03-20T12:10:49.525Z,PAYOUT,Insertion Fee,,"[{'referenceId': '358354264184', 'referenceType': 'ITEM_ID'}]",INSERTION_FEE,0.11,USD,,,,,,,,,
FEE-7609469443919_11,7404158659,0,NON_SALE_CHARGE,DEBIT,2026-03-20T12:10:47.527Z,PAYOUT,Insertion Fee,,"[{'referenceId': '358354263798', 'referenceType': 'ITEM_ID'}]",INSERTION_FEE,0.11,USD,,,,,,,,,
FEE-7609469519619_11,7404158659,0,NON_SALE_CHARGE,DEBIT,2026-03-20T12:10:44.945Z,PAYOUT,Insertion Fee,,"[{'referenceId': '358354264086', 'referenceType': 'ITEM_ID'}]",INSERTION_FEE,0.11,USD,,,,,,,,,
FEE-7609468991919_11,7404158659,0,NON_SALE_CHARGE,DEBIT,2026-03-20T12:10:33.809Z,PAYOUT,Insertion Fee,,"[{'referenceId': '358354262463', 'referenceType': 'ITEM_ID'}]",INSERTION_FEE,0.11,USD,,,,,,,,,
FEE-7609469034319_11,7404158659,0,NON_SALE_CHARGE,DEBIT,2026-03-20T12:10:29.534Z,PAYOUT,Insertion Fee,,"[{'referenceId': '358354262530', 'referenceType': 'ITEM_ID'}]",INSERTION_FEE,0.11,USD,,,,,,,,,
FEE-7609468815119_11,7404158659,0,NON_SALE_CHARGE,DEBIT,2026-03-20T12:10:27.453Z,PAYOUT,Insertion Fee,,"[{'referenceId': '358354261546', 'referenceType': 'ITEM_ID'}]",INSERTION_FEE,0.11,USD,,,,,,,,,
FEE-7609468200419_11,7404158659,0,NON_SALE_CHARGE,DEBIT,2026-03-20T12:10:23.989Z,PAYOUT,Insertion Fee,,"[{'referenceId': '358354259056', 'referenceType': 'ITEM_ID'}]",INSERTION_FEE,0.11,USD,,,,,,,,,
FEE-7609467336319_11,7404158659,0,NON_SALE_CHARGE,DEBIT,2026-03-20T12:10:22.106Z,PAYOUT,Insertion Fee,,"[{'referenceId': '358354253410', 'referenceType': 'ITEM_ID'}]",INSERTION_FEE,0.11,USD,,,,,,,,,
FEE-7609467687519_11,7404158659,0,NON_SALE_CHARGE,DEBIT,2026-03-20T12:10:19.518Z,PAYOUT,Insertion Fee,,"[{'referenceId': '358354256437', 'referenceType': 'ITEM_ID'}]",INSERTION_FEE,0.11,USD,,,,,,,,,
FEE-7609467342819_11,7404158659,0,NON_SALE_CHARGE,DEBIT,2026-03-20T12:10:18.075Z,PAYOUT,Insertion Fee,,"[{'referenceId': '358354253651', 'referenceType': 'ITEM_ID'}]",INSERTION_FEE,0.11,USD,,,,,,,,,
FEE-7609467831619_11,7404158659,0,NON_SALE_CHARGE,DEBIT,2026-03-20T12:10:17.644Z,PAYOUT,Insertion Fee,,"[{'referenceId': '358354257357', 'referenceType': 'ITEM_ID'}]",INSERTION_FEE,0.11,USD,,,,,,,,,
FEE-7609467256419_11,7404158659,0,NON_SALE_CHARGE,DEBIT,2026-03-20T12:09:40.984Z,PAYOUT,Insertion Fee,,"[{'referenceId': '358354252866', 'referenceType': 'ITEM_ID'}]",INSERTION_FEE,0.11,USD,,,,,,,,,
FEE-7609466940519_11,7404158659,0,NON_SALE_CHARGE,DEBIT,2026-03-20T12:09:39.182Z,PAYOUT,Insertion Fee,,"[{'referenceId': '358354250209', 'referenceType': 'ITEM_ID'}]",INSERTION_FEE,0.11,USD,,,,,,,,,
FEE-7609466736319_11,7404158659,0,NON_SALE_CHARGE,DEBIT,2026-03-20T12:09:30.100Z,PAYOUT,Insertion Fee,,"[{'referenceId': '358354248883', 'referenceType': 'ITEM_ID'}]",INSERTION_FEE,0.11,USD,,,,,,,,,
FEE-7609466744819_11,7404158659,0,NON_SALE_CHARGE,DEBIT,2026-03-20T12:09:28.215Z,PAYOUT,Insertion Fee,,"[{'referenceId': '358354248785', 'referenceType': 'ITEM_ID'}]",INSERTION_FEE,0.11,USD,,,,,,,,,
FEE-7609466126719_11,7404158659,0,NON_SALE_CHARGE,DEBIT,2026-03-20T12:09:16.185Z,PAYOUT,Insertion Fee,,"[{'referenceId': '358354245056', 'referenceType': 'ITEM_ID'}]",INSERTION_FEE,0.11,USD,,,,,,,,,
FEE-7609465731619_11,7404158659,0,NON_SALE_CHARGE,DEBIT,2026-03-20T12:09:16.046Z,PAYOUT,Insertion Fee,,"[{'referenceId': '358354243728', 'referenceType': 'ITEM_ID'}]",INSERTION_FEE,0.11,USD,,,,,,,,,
FEE-7609466232919_11,7404158659,0,NON_SALE_CHARGE,DEBIT,2026-03-20T12:09:15.948Z,PAYOUT,Insertion Fee,,"[{'referenceId': '358354245675', 'referenceType': 'ITEM_ID'}]",INSERTION_FEE,0.11,USD,,,,,,,,,
FEE-7609465573319_11,7404158659,0,NON_SALE_CHARGE,DEBIT,2026-03-20T12:09:14.196Z,PAYOUT,Insertion Fee,,"[{'referenceId': '358354243500', 'referenceType': 'ITEM_ID'}]",INSERTION_FEE,0.11,USD,,,,,,,,,
FEE-7609465543519_11,7404158659,0,NON_SALE_CHARGE,DEBIT,2026-03-20T12:09:14.188Z,PAYOUT,Insertion Fee,,"[{'referenceId': '358354243421', 'referenceType': 'ITEM_ID'}]",INSERTION_FEE,0.11,USD,,,,,,,,,
FEE-7609466217919_11,7404158659,0,NON_SALE_CHARGE,DEBIT,2026-03-20T12:09:14.178Z,PAYOUT,Insertion Fee,,"[{'referenceId': '358354245536', 'referenceType': 'ITEM_ID'}]",INSERTION_FEE,0.11,USD,,,,,,,,,
FEE-7609465148719_11,7404158659,0,NON_SALE_CHARGE,DEBIT,2026-03-20T12:08:43.739Z,PAYOUT,Insertion Fee,,"[{'referenceId': '358354242936', 'referenceType': 'ITEM_ID'}]",INSERTION_FEE,0.11,USD,,,,,,,,,
FEE-7609464798219_11,7404158659,0,NON_SALE_CHARGE,DEBIT,2026-03-20T12:08:30.023Z,PAYOUT,Insertion Fee,,"[{'referenceId': '358354242470', 'referenceType': 'ITEM_ID'}]",INSERTION_FEE,0.11,USD,,,,,,,,,
FEE-7609465031619_11,7404158659,0,NON_SALE_CHARGE,DEBIT,2026-03-20T12:08:15.500Z,PAYOUT,Insertion Fee,,"[{'referenceId': '358354242799', 'referenceType': 'ITEM_ID'}]",INSERTION_FEE,0.11,USD,,,,,,,,,
FEE-7609464548119_11,7404158659,0,NON_SALE_CHARGE,DEBIT,2026-03-20T12:07:59.991Z,PAYOUT,Insertion Fee,,"[{'referenceId': '358354242140', 'referenceType': 'ITEM_ID'}]",INSERTION_FEE,0.11,USD,,,,,,,,,
01-14400-03736,7404158659,0,SALE,CREDIT,2026-03-19T13:19:06.313Z,PAYOUT,,eBay Commerce Inc.,,,382.06,USD,01-14400-03736,"[{'lineItemId': '10079510625301', 'feeBasisAmount': {'value': '490.37', 'currency': 'USD'}, 'marketplaceFees': [{'feeType': 'FINAL_VALUE_FEE', 'amount': {'value': '68.51', 'currency': 'USD'}}, {'feeType': 'FINAL_VALUE_FEE_FIXED_PER_ORDER', 'amount': {'value': '0.44', 'currency': 'USD'}}, {'feeType': 'INTERNATIONAL_FEE', 'amount': {'value': '7.28', 'currency': 'USD'}, 'feeMemo': 'Charged because the delivery address is in United States. Final amount: $490.37.'}]}]",baronessred6zgc,458.29,USD,76.23,USD,32.08,USD
FEE-7605963223419_11,7401044275,0,NON_SALE_CHARGE,DEBIT,2026-03-19T04:32:04.682Z,PAYOUT,Promoted Listings - General fee,eBay Commerce Inc.,"[{'referenceId': '358229997415', 'referenceType': 'ITEM_ID'}, {'referenceId': '02-14397-12538', 'referenceType': 'ORDER_ID'}]",AD_FEE,7.81,USD,,,,,,,,,
02-14397-12538,7411642027,0,SALE,CREDIT,2026-03-19T04:29:24.613Z,PAYOUT,,eBay Commerce Inc.,,,108.89,USD,02-14397-12538,"[{'lineItemId': '10079701921302', 'feeBasisAmount': {'value': '141.92', 'currency': 'USD'}, 'marketplaceFees': [{'feeType': 'FINAL_VALUE_FEE', 'amount': {'value': '19.82', 'currency': 'USD'}}, {'feeType': 'FINAL_VALUE_FEE_FIXED_PER_ORDER', 'amount': {'value': '0.44', 'currency': 'USD'}}, {'feeType': 'INTERNATIONAL_FEE', 'amount': {'value': '2.11', 'currency': 'USD'}, 'feeMemo': 'Charged because the delivery address is in United States. Final amount: $141.92.'}]}]",pinkbronxmama,131.26,USD,22.37,USD,10.66,USD
FEE-7604655969919_11,7401044275,0,NON_SALE_CHARGE,DEBIT,2026-03-18T16:55:17.353Z,PAYOUT,Promoted Listings - General fee,eBay Commerce Inc.,"[{'referenceId': '358327575703', 'referenceType': 'ITEM_ID'}, {'referenceId': '04-14391-51444', 'referenceType': 'ORDER_ID'}]",AD_FEE,17.31,USD,,,,,,,,,
04-14391-51444,7411642027,0,SALE,CREDIT,2026-03-18T16:49:34.515Z,PAYOUT,,eBay Commerce Inc.,,,265.7,USD,04-14391-51444,"[{'lineItemId': '10079975934504', 'feeBasisAmount': {'value': '314.79', 'currency': 'USD'}, 'marketplaceFees': [{'feeType': 'FINAL_VALUE_FEE', 'amount': {'value': '43.98', 'currency': 'USD'}}, {'feeType': 'FINAL_VALUE_FEE_FIXED_PER_ORDER', 'amount': {'value': '0.44', 'currency': 'USD'}}, {'feeType': 'INTERNATIONAL_FEE', 'amount': {'value': '4.67', 'currency': 'USD'}, 'feeMemo': 'Charged because the delivery address is in Canada. Final amount: $314.79.'}]}]",blaze_82,314.79,USD,49.09,USD,,
FEE-7604157766019_11,7401044275,0,NON_SALE_CHARGE,DEBIT,2026-03-18T13:36:40.682Z,PAYOUT,Promoted Listings - General fee,eBay Commerce Inc.,"[{'referenceId': '358282179827', 'referenceType': 'ITEM_ID'}, {'referenceId': '15-14370-28316', 'referenceType': 'ORDER_ID'}]",AD_FEE,19.51,USD,,,,,,,,,
FEE-10103918663_42,7401044275,0,NON_SALE_CHARGE,CREDIT,2026-03-18T00:45:43.100Z,PAYOUT,Promoted Listings - General fee,eBay Commerce Inc.,"[{'referenceId': '358308942243', 'referenceType': 'ITEM_ID'}, {'referenceId': '02-14372-43274', 'referenceType': 'ORDER_ID'}]",AD_FEE,11.37,USD,,,,,,,,,
RRP-6659733342-CCM_CHARGE,7401044275,0,REFUND,DEBIT,2026-03-18T00:38:02.680Z,PAYOUT,,eBay Commerce Inc.,"[{'referenceId': '5433508574', 'referenceType': 'CANCELLATION_ID'}]",,157.8,USD,02-14372-43274,"[{'lineItemId': '10079560005402', 'feeBasisAmount': {'value': '206.85', 'currency': 'USD'}, 'marketplaceFees': [{'feeType': 'INTERNATIONAL_FEE', 'amount': {'value': '3.07', 'currency': 'USD'}}, {'feeType': 'FINAL_VALUE_FEE', 'amount': {'value': '28.9', 'currency': 'USD'}}, {'feeType': 'FINAL_VALUE_FEE_FIXED_PER_ORDER', 'amount': {'value': '0.44', 'currency': 'USD'}}]}]",vene_76,190.21,USD,32.41,USD,16.64,USD
15-14370-28316,7411642027,0,SALE,CREDIT,2026-03-17T14:17:31.864Z,PAYOUT,,eBay Commerce Inc.,,,270.63,USD,15-14370-28316,"[{'lineItemId': '10080378798415', 'feeBasisAmount': {'value': '354.85', 'currency': 'USD'}, 'marketplaceFees': [{'feeType': 'FINAL_VALUE_FEE', 'amount': {'value': '49.58', 'currency': 'USD'}}, {'feeType': 'FINAL_VALUE_FEE_FIXED_PER_ORDER', 'amount': {'value': '0.44', 'currency': 'USD'}}, {'feeType': 'INTERNATIONAL_FEE', 'amount': {'value': '5.27', 'currency': 'USD'}, 'feeMemo': 'Charged because the delivery address is in United States. Final amount: $354.85.'}]}]",serlo_4311,325.92,USD,55.29,USD,28.93,USD
27-14352-22588,7407708883,0,SALE,CREDIT,2026-03-17T07:51:27.895Z,PAYOUT,,eBay Commerce Inc.,,,189.62,USD,27-14352-22588,"[{'lineItemId': '10083539600727', 'feeBasisAmount': {'value': '251.89', 'currency': 'USD'}, 'marketplaceFees': [{'feeType': 'FINAL_VALUE_FEE', 'amount': {'value': '35.19', 'currency': 'USD'}}, {'feeType': 'FINAL_VALUE_FEE_FIXED_PER_ORDER', 'amount': {'value': '0.44', 'currency': 'USD'}}, {'feeType': 'INTERNATIONAL_FEE', 'amount': {'value': '3.74', 'currency': 'USD'}, 'feeMemo': 'Charged because the delivery address is in Australia. Final amount: $251.89.'}]}]",stocchero123,228.99,USD,39.37,USD,22.9,USD
11-14372-68148,7411642027,0,SALE,CREDIT,2026-03-16T19:15:55.216Z,PAYOUT,,eBay Commerce Inc.,,,131.86,USD,11-14372-68148,"[{'lineItemId': '10080443352911', 'feeBasisAmount': {'value': '173.19', 'currency': 'USD'}, 'marketplaceFees': [{'feeType': 'FINAL_VALUE_FEE', 'amount': {'value': '24.2', 'currency': 'USD'}}, {'feeType': 'FINAL_VALUE_FEE_FIXED_PER_ORDER', 'amount': {'value': '0.44', 'currency': 'USD'}}, {'feeType': 'INTERNATIONAL_FEE', 'amount': {'value': '2.57', 'currency': 'USD'}, 'feeMemo': 'Charged because the delivery address is in United States. Final amount: $173.19.'}]}]",mah78598,159.07,USD,27.21,USD,14.12,USD
FEE-7598762197919_11,7397876083,0,NON_SALE_CHARGE,DEBIT,2026-03-16T16:56:36.456Z,PAYOUT,Promoted Listings - General fee,eBay Commerce Inc.,"[{'referenceId': '358255408606', 'referenceType': 'ITEM_ID'}, {'referenceId': '05-14381-10346', 'referenceType': 'ORDER_ID'}]",AD_FEE,12.66,USD,,,,,,,,,
05-14381-10346,7404158659,0,SALE,CREDIT,2026-03-16T16:51:09.125Z,PAYOUT,,eBay Commerce Inc.,,,177.56,USD,05-14381-10346,"[{'lineItemId': '10079570927705', 'feeBasisAmount': {'value': '230.12', 'currency': 'USD'}, 'marketplaceFees': [{'feeType': 'FINAL_VALUE_FEE', 'amount': {'value': '32.15', 'currency': 'USD'}}, {'feeType': 'FINAL_VALUE_FEE_FIXED_PER_ORDER', 'amount': {'value': '0.44', 'currency': 'USD'}}, {'feeType': 'INTERNATIONAL_FEE', 'amount': {'value': '3.42', 'currency': 'USD'}, 'feeMemo': 'Charged because the delivery address is in United States. Final amount: $230.12.'}]}]",renemull,213.57,USD,36.01,USD,16.55,USD
FEE-7595470770019_11,7397876083,0,NON_SALE_CHARGE,DEBIT,2026-03-15T13:01:58.622Z,PAYOUT,Promoted Listings - General fee,eBay Commerce Inc.,"[{'referenceId': '358308966509', 'referenceType': 'ITEM_ID'}, {'referenceId': '11-14363-12954', 'referenceType': 'ORDER_ID'}]",AD_FEE,13.59,USD,,,,,,,,,
11-14363-12954,7413926323,0,SALE,CREDIT,2026-03-14T18:36:29.046Z,PAYOUT,,eBay Commerce Inc.,,,208.34,USD,11-14363-12954,"[{'lineItemId': '10080387354511', 'feeBasisAmount': {'value': '246.94', 'currency': 'USD'}, 'marketplaceFees': [{'feeType': 'FINAL_VALUE_FEE', 'amount': {'value': '34.5', 'currency': 'USD'}}, {'feeType': 'FINAL_VALUE_FEE_FIXED_PER_ORDER', 'amount': {'value': '0.44', 'currency': 'USD'}}, {'feeType': 'INTERNATIONAL_FEE', 'amount': {'value': '3.66', 'currency': 'USD'}, 'feeMemo': 'Charged because the delivery address is in Germany. Final amount: $246.94.'}]}]",m.r.business,246.94,USD,38.6,USD,,
FEE-7592897236719_11,7397876083,0,NON_SALE_CHARGE,DEBIT,2026-03-14T14:45:30.061Z,PAYOUT,Promoted Listings - General fee,eBay Commerce Inc.,"[{'referenceId': '358313705390', 'referenceType': 'ITEM_ID'}, {'referenceId': '13-14359-60394', 'referenceType': 'ORDER_ID'}]",AD_FEE,9.24,USD,,,,,,,,,
13-14359-60394,7404158659,0,SALE,CREDIT,2026-03-14T14:41:03.251Z,PAYOUT,,eBay Commerce Inc.,,,141.56,USD,13-14359-60394,"[{'lineItemId': '10081603535513', 'feeBasisAmount': {'value': '167.96', 'currency': 'USD'}, 'marketplaceFees': [{'feeType': 'FINAL_VALUE_FEE', 'amount': {'value': '23.46', 'currency': 'USD'}}, {'feeType': 'FINAL_VALUE_FEE_FIXED_PER_ORDER', 'amount': {'value': '0.44', 'currency': 'USD'}}, {'feeType': 'INTERNATIONAL_FEE', 'amount': {'value': '2.5', 'currency': 'USD'}, 'feeMemo': 'Charged because the delivery address is in United States. Final amount: $167.96.'}]}]",sersakh-73,167.96,USD,26.4,USD,,
FEE-7590561368119_11,7390451827,0,NON_SALE_CHARGE,DEBIT,2026-03-13T19:07:09.449Z,PAYOUT,Promoted Listings - General fee,eBay Commerce Inc.,"[{'referenceId': '358308942243', 'referenceType': 'ITEM_ID'}, {'referenceId': '02-14372-43274', 'referenceType': 'ORDER_ID'}]",AD_FEE,11.37,USD,,,,,,,,,
02-14372-43274,7401044275,0,SALE,CREDIT,2026-03-13T19:03:10.792Z,PAYOUT,,eBay Commerce Inc.,,,157.8,USD,02-14372-43274,"[{'lineItemId': '10079560005402', 'feeBasisAmount': {'value': '206.85', 'currency': 'USD'}, 'marketplaceFees': [{'feeType': 'FINAL_VALUE_FEE', 'amount': {'value': '28.9', 'currency': 'USD'}}, {'feeType': 'FINAL_VALUE_FEE_FIXED_PER_ORDER', 'amount': {'value': '0.44', 'currency': 'USD'}}, {'feeType': 'INTERNATIONAL_FEE', 'amount': {'value': '3.07', 'currency': 'USD'}, 'feeMemo': 'Charged because the delivery address is in United States. Final amount: $206.85.'}]}]",vene_76,190.21,USD,32.41,USD,16.64,USD
FEE-7589661044919_11,7390451827,0,NON_SALE_CHARGE,DEBIT,2026-03-13T12:48:44.187Z,PAYOUT,Promoted Listings - General fee,eBay Commerce Inc.,"[{'referenceId': '358281987561', 'referenceType': 'ITEM_ID'}, {'referenceId': '21-14338-38305', 'referenceType': 'ORDER_ID'}]",AD_FEE,28.88,USD,,,,,,,,,
FEE-7589629011819_11,7390451827,0,NON_SALE_CHARGE,DEBIT,2026-03-13T12:33:47.215Z,PAYOUT,Promoted Listings - General fee,eBay Commerce Inc.,"[{'referenceId': '358322484211', 'referenceType': 'ITEM_ID'}, {'referenceId': '18-14346-65284', 'referenceType': 'ORDER_ID'}]",AD_FEE,8.75,USD,,,,,,,,,
18-14346-65284,7401044275,0,SALE,CREDIT,2026-03-13T05:18:38.086Z,PAYOUT,,eBay Commerce Inc.,,,122.91,USD,18-14346-65284,"[{'lineItemId': '10083268289618', 'feeBasisAmount': {'value': '159.02', 'currency': 'USD'}, 'marketplaceFees': [{'feeType': 'FINAL_VALUE_FEE', 'amount': {'value': '22.22', 'currency': 'USD'}}, {'feeType': 'INTERNATIONAL_FEE', 'amount': {'value': '2.36', 'currency': 'USD'}, 'feeMemo': 'Charged because the delivery address is in United States. Final amount: $159.02.'}, {'feeType': 'FINAL_VALUE_FEE_FIXED_PER_ORDER', 'amount': {'value': '0.44', 'currency': 'USD'}}]}]",pzfc9-0,147.93,USD,25.02,USD,11.09,USD
21-14338-38305,7401044275,0,SALE,CREDIT,2026-03-12T12:28:27.393Z,PAYOUT,,eBay Commerce Inc.,,,443.41,USD,21-14338-38305,"[{'lineItemId': '10084400992921', 'feeBasisAmount': {'value': '525.0', 'currency': 'USD'}, 'marketplaceFees': [{'feeType': 'FINAL_VALUE_FEE', 'amount': {'value': '73.35', 'currency': 'USD'}}, {'feeType': 'FINAL_VALUE_FEE_FIXED_PER_ORDER', 'amount': {'value': '0.44', 'currency': 'USD'}}, {'feeType': 'INTERNATIONAL_FEE', 'amount': {'value': '7.8', 'currency': 'USD'}, 'feeMemo': 'Charged because the delivery address is in Korea, South. Final amount: $525.00.'}]}]",xtjdg-306,525.0,USD,81.59,USD,,
FEE-7584122663619_11,7386462331,0,NON_SALE_CHARGE,DEBIT,2026-03-11T15:58:49.373Z,PAYOUT,Promoted Listings - General fee,eBay Commerce Inc.,"[{'referenceId': '358255874705', 'referenceType': 'ITEM_ID'}, {'referenceId': '15-14339-01018', 'referenceType': 'ORDER_ID'}]",AD_FEE,10.22,USD,,,,,,,,,
15-14339-01018,7397876083,0,SALE,CREDIT,2026-03-10T16:20:06.026Z,PAYOUT,,eBay Commerce Inc.,,,156.61,USD,15-14339-01018,"[{'lineItemId': '10080199554415', 'feeBasisAmount': {'value': '185.76', 'currency': 'USD'}, 'marketplaceFees': [{'feeType': 'FINAL_VALUE_FEE', 'amount': {'value': '25.95', 'currency': 'USD'}}, {'feeType': 'FINAL_VALUE_FEE_FIXED_PER_ORDER', 'amount': {'value': '0.44', 'currency': 'USD'}}, {'feeType': 'INTERNATIONAL_FEE', 'amount': {'value': '2.76', 'currency': 'USD'}, 'feeMemo': 'Charged because the delivery address is in United Kingdom. Final amount: $185.76.'}]}]",tylertoby123craig,185.76,USD,29.15,USD,,
18-14320-10927,7390451827,0,SALE,CREDIT,2026-03-07T13:42:36.468Z,PAYOUT,,eBay Commerce Inc.,,,104.33,USD,18-14320-10927,"[{'lineItemId': '10083116628018', 'feeBasisAmount': {'value': '133.94', 'currency': 'USD'}, 'marketplaceFees': [{'feeType': 'FINAL_VALUE_FEE', 'amount': {'value': '18.71', 'currency': 'USD'}}, {'feeType': 'FINAL_VALUE_FEE_FIXED_PER_ORDER', 'amount': {'value': '0.44', 'currency': 'USD'}}, {'feeType': 'INTERNATIONAL_FEE', 'amount': {'value': '1.99', 'currency': 'USD'}, 'feeMemo': 'Charged because the delivery address is in United States. Final amount: $133.94.'}]}]",paty088,125.47,USD,21.14,USD,8.47,USD
FEE-7571239264119_11,7386462331,0,NON_SALE_CHARGE,DEBIT,2026-03-07T10:22:03.031Z,PAYOUT,Promoted Listings - General fee,eBay Commerce Inc.,"[{'referenceId': '358230887946', 'referenceType': 'ITEM_ID'}, {'referenceId': '05-14338-75132', 'referenceType': 'ORDER_ID'}]",AD_FEE,10.15,USD,,,,,,,,,
05-14338-75132,7390451827,0,SALE,CREDIT,2026-03-07T10:18:25.142Z,PAYOUT,,eBay Commerce Inc.,,,141.21,USD,05-14338-75132,"[{'lineItemId': '10079327151305', 'feeBasisAmount': {'value': '184.66', 'currency': 'USD'}, 'marketplaceFees': [{'feeType': 'FINAL_VALUE_FEE', 'amount': {'value': '25.8', 'currency': 'USD'}}, {'feeType': 'FINAL_VALUE_FEE_FIXED_PER_ORDER', 'amount': {'value': '0.44', 'currency': 'USD'}}, {'feeType': 'INTERNATIONAL_FEE', 'amount': {'value': '2.74', 'currency': 'USD'}, 'feeMemo': 'Charged because the delivery address is in United States. Final amount: $184.66.'}]}]",pattyi-4,170.19,USD,28.98,USD,14.47,USD
22-14303-62552,7386462331,0,SALE,CREDIT,2026-03-05T00:36:03.295Z,PAYOUT,,eBay Commerce Inc.,,,83.74,USD,22-14303-62552,"[{'lineItemId': '10079291319522', 'feeBasisAmount': {'value': '110.2', 'currency': 'USD'}, 'marketplaceFees': [{'feeType': 'FINAL_VALUE_FEE', 'amount': {'value': '15.4', 'currency': 'USD'}}, {'feeType': 'FINAL_VALUE_FEE_FIXED_PER_ORDER', 'amount': {'value': '0.44', 'currency': 'USD'}}, {'feeType': 'INTERNATIONAL_FEE', 'amount': {'value': '1.64', 'currency': 'USD'}, 'feeMemo': 'Charged because the delivery address is in United States. Final amount: $110.20.'}]}]",adelnel_0,101.22,USD,17.48,USD,8.98,USD
FEE-7561165096919_11,7386462331,0,NON_SALE_CHARGE,DEBIT,2026-03-04T01:25:11.046Z,PAYOUT,Promoted Listings - General fee,eBay Commerce Inc.,"[{'referenceId': '358267509933', 'referenceType': 'ITEM_ID'}, {'referenceId': '27-14291-97935', 'referenceType': 'ORDER_ID'}]",AD_FEE,22.92,USD,,,,,,,,,
27-14291-97935,7388448091,0,SALE,CREDIT,2026-03-04T01:22:14.993Z,PAYOUT,,eBay Commerce Inc.,,,325.58,USD,27-14291-97935,"[{'lineItemId': '10083194226427', 'feeBasisAmount': {'value': '416.78', 'currency': 'USD'}, 'marketplaceFees': [{'feeType': 'FINAL_VALUE_FEE', 'amount': {'value': '58.22', 'currency': 'USD'}}, {'feeType': 'FINAL_VALUE_FEE_FIXED_PER_ORDER', 'amount': {'value': '0.44', 'currency': 'USD'}}, {'feeType': 'INTERNATIONAL_FEE', 'amount': {'value': '6.19', 'currency': 'USD'}, 'feeMemo': 'Charged because the delivery address is in United States. Final amount: $416.78.'}]}]",alina7656,390.43,USD,64.85,USD,26.35,USD
INVOICE-886a8dc85624071448350fab4423e9bf_182,7371076699,0,ADJUSTMENT,CREDIT,2026-03-01T23:42:35.332Z,PAYOUT,TAX Only Credit,,,,0.01,USD,,,,,,,,,
23570519347,7371076699,0,TRANSFER,CREDIT,2026-03-01T21:16:46.000Z,PAYOUT,TRANSFER_FROM,,,,65.95,USD,,,,,,,,,
INVOICE-7553868066619_11,7371076699,0,NON_SALE_CHARGE,DEBIT,2026-03-01T17:28:16.606Z,PAYOUT,2026-02-28 - 2026-03-30,,,OTHER_FEES,65.95,USD,,,,,,,,,
FEE-7533081845319_11,7365977707,0,NON_SALE_CHARGE,DEBIT,2026-02-23T23:02:52.774Z,PAYOUT,Promoted Listings - General fee,eBay Commerce Inc.,"[{'referenceId': '358160840578', 'referenceType': 'ITEM_ID'}, {'referenceId': '12-14275-50149', 'referenceType': 'ORDER_ID'}]",AD_FEE,5.51,USD,,,,,,,,,
12-14275-50149,7365977707,0,SALE,CREDIT,2026-02-23T22:59:14.495Z,PAYOUT,,eBay Commerce Inc.,,,78.62,USD,12-14275-50149,"[{'lineItemId': '10079857795912', 'feeBasisAmount': {'value': '100.23', 'currency': 'USD'}, 'marketplaceFees': [{'feeType': 'FINAL_VALUE_FEE', 'amount': {'value': '14.0', 'currency': 'USD'}}, {'feeType': 'FINAL_VALUE_FEE_FIXED_PER_ORDER', 'amount': {'value': '0.44', 'currency': 'USD'}}, {'feeType': 'INTERNATIONAL_FEE', 'amount': {'value': '1.49', 'currency': 'USD'}, 'feeMemo': 'Charged because the delivery address is in United States. Final amount: $100.23.'}]}]",kt8920,94.55,USD,15.93,USD,5.68,USD
20-14256-99684,7367565547,0,SALE,CREDIT,2026-02-22T16:24:43.763Z,PAYOUT,,eBay Commerce Inc.,,,138.01,USD,20-14256-99684,"[{'lineItemId': '10078747003320', 'feeBasisAmount': {'value': '203.96', 'currency': 'USD'}, 'marketplaceFees': [{'feeType': 'FINAL_VALUE_FEE', 'amount': {'value': '28.49', 'currency': 'USD'}}, {'feeType': 'FINAL_VALUE_FEE_FIXED_PER_ORDER', 'amount': {'value': '0.44', 'currency': 'USD'}}, {'feeType': 'INTERNATIONAL_FEE', 'amount': {'value': '3.03', 'currency': 'USD'}, 'feeMemo': 'Charged because the delivery address is in United Kingdom. Final amount: $203.96.'}]}]",josh10239,169.97,USD,31.96,USD,33.99,USD
DISPUTE_HOLD_REVERSE-6637206433-6486301725,7324454491,0,CREDIT,CREDIT,2026-02-04T18:23:59.172Z,PAYOUT,,eBay Commerce Inc.,"[{'referenceId': '5311751172', 'referenceType': 'RETURN_ID'}]",,140.0,USD,11-14148-68050,,gcmpj,,,,,,
DISPUTE_HOLD-6637206433,7324454491,0,DISPUTE,DEBIT,2026-02-04T17:13:21.438Z,PAYOUT,,eBay Commerce Inc.,"[{'referenceId': '5311751172', 'referenceType': 'RETURN_ID'}]",,140.0,USD,11-14148-68050,,gcmpj,,,,,,
INVOICE-dc47b7ea55e26701a84e3adb096bae58_182,7320336499,0,ADJUSTMENT,CREDIT,2026-02-01T23:39:48.142Z,PAYOUT,TAX Only Credit,,,,0.04,USD,,,,,,,,,
INVOICE-7470327254119_11,7320336499,0,NON_SALE_CHARGE,DEBIT,2026-02-01T17:15:44.715Z,PAYOUT,2026-01-31 - 2026-02-27,,,OTHER_FEES,65.95,USD,,,,,,,,,
FEE-7463734989519_11,7320336499,0,NON_SALE_CHARGE,DEBIT,2026-01-30T01:12:18.365Z,PAYOUT,Promoted Listings - General fee,eBay Commerce Inc.,"[{'referenceId': '358124201859', 'referenceType': 'ITEM_ID'}, {'referenceId': '10-14167-79468', 'referenceType': 'ORDER_ID'}]",AD_FEE,9.17,USD,,,,,,,,,
10-14167-79468,7324454491,0,SALE,CREDIT,2026-01-30T01:08:53.765Z,PAYOUT,,eBay Commerce Inc.,,,125.06,USD,10-14167-79468,"[{'lineItemId': '10079201504710', 'feeBasisAmount': {'value': '166.79', 'currency': 'USD'}, 'marketplaceFees': [{'feeType': 'FINAL_VALUE_FEE', 'amount': {'value': '23.3', 'currency': 'USD'}}, {'feeType': 'FINAL_VALUE_FEE_FIXED_PER_ORDER', 'amount': {'value': '0.44', 'currency': 'USD'}}, {'feeType': 'INTERNATIONAL_FEE', 'amount': {'value': '2.48', 'currency': 'USD'}, 'feeMemo': 'Charged because the delivery address is in United States. Final amount: $166.79.'}]}]",altanise,151.28,USD,26.22,USD,15.51,USD
FEE-7453840454719_11,7320336499,0,NON_SALE_CHARGE,DEBIT,2026-01-26T14:22:18.721Z,PAYOUT,Promoted Listings - General fee,eBay Commerce Inc.,"[{'referenceId': '358155006243', 'referenceType': 'ITEM_ID'}, {'referenceId': '25-14128-91953', 'referenceType': 'ORDER_ID'}]",AD_FEE,5.92,USD,,,,,,,,,
25-14128-91953,7320336499,0,SALE,CREDIT,2026-01-26T03:19:26.213Z,PAYOUT,,eBay Commerce Inc.,,,84.14,USD,25-14128-91953,"[{'lineItemId': '10077889657825', 'feeBasisAmount': {'value': '107.65', 'currency': 'USD'}, 'marketplaceFees': [{'feeType': 'FINAL_VALUE_FEE', 'amount': {'value': '15.04', 'currency': 'USD'}}, {'feeType': 'FINAL_VALUE_FEE_FIXED_PER_ORDER', 'amount': {'value': '0.44', 'currency': 'USD'}}, {'feeType': 'INTERNATIONAL_FEE', 'amount': {'value': '1.6', 'currency': 'USD'}, 'feeMemo': 'Charged because the delivery address is in United States. Final amount: $107.65.'}]}]",carla11898,101.22,USD,17.08,USD,6.43,USD
11-14148-68050,7322898931,0,SALE,CREDIT,2026-01-26T03:18:24.097Z,PAYOUT,,eBay Commerce Inc.,,,116.42,USD,11-14148-68050,"[{'lineItemId': '10079148879411', 'feeBasisAmount': {'value': '149.8', 'currency': 'USD'}, 'marketplaceFees': [{'feeType': 'FINAL_VALUE_FEE', 'amount': {'value': '20.92', 'currency': 'USD'}}, {'feeType': 'FINAL_VALUE_FEE_FIXED_PER_ORDER', 'amount': {'value': '0.44', 'currency': 'USD'}}, {'feeType': 'INTERNATIONAL_FEE', 'amount': {'value': '2.22', 'currency': 'USD'}, 'feeMemo': 'Charged because the delivery address is in United States. Final amount: $149.80.'}]}]",gcmpj,140.0,USD,23.58,USD,9.8,USD
FEE-7426271967019_11,7298081587,0,NON_SALE_CHARGE,DEBIT,2026-01-16T17:57:14.091Z,PAYOUT,Promoted Listings - General fee,eBay Commerce Inc.,"[{'referenceId': '358088040068', 'referenceType': 'ITEM_ID'}, {'referenceId': '07-14108-70350', 'referenceType': 'ORDER_ID'}]",AD_FEE,5.89,USD,,,,,,,,,
FEE-7423900102919_11,7298081587,0,NON_SALE_CHARGE,DEBIT,2026-01-15T23:40:45.200Z,PAYOUT,Promoted Listings - General fee,eBay Commerce Inc.,"[{'referenceId': '358091510206', 'referenceType': 'ITEM_ID'}, {'referenceId': '19-14093-34990', 'referenceType': 'ORDER_ID'}]",AD_FEE,7.66,USD,,,,,,,,,
19-14093-34990,7301847451,0,SALE,CREDIT,2026-01-15T23:37:59.826Z,PAYOUT,,eBay Commerce Inc.,,,109.31,USD,19-14093-34990,"[{'lineItemId': '10078757376519', 'feeBasisAmount': {'value': '139.14', 'currency': 'USD'}, 'marketplaceFees': [{'feeType': 'FINAL_VALUE_FEE', 'amount': {'value': '19.44', 'currency': 'USD'}}, {'feeType': 'FINAL_VALUE_FEE_FIXED_PER_ORDER', 'amount': {'value': '0.44', 'currency': 'USD'}}, {'feeType': 'INTERNATIONAL_FEE', 'amount': {'value': '2.07', 'currency': 'USD'}, 'feeMemo': 'Charged because the delivery address is in United States. Final amount: $139.14.'}]}]",reesee420,131.26,USD,21.95,USD,7.88,USD
07-14108-70350,7299591595,0,SALE,CREDIT,2026-01-15T16:32:57.986Z,PAYOUT,,eBay Commerce Inc.,,,80.91,USD,07-14108-70350,"[{'lineItemId': '10082900831707', 'feeBasisAmount': {'value': '107.04', 'currency': 'USD'}, 'marketplaceFees': [{'feeType': 'FINAL_VALUE_FEE', 'amount': {'value': '14.95', 'currency': 'USD'}}, {'feeType': 'FINAL_VALUE_FEE_FIXED_PER_ORDER', 'amount': {'value': '0.44', 'currency': 'USD'}}, {'feeType': 'INTERNATIONAL_FEE', 'amount': {'value': '1.59', 'currency': 'USD'}, 'feeMemo': 'Charged because the delivery address is in United States. Final amount: $107.04.'}]}]",beart-24,97.89,USD,16.98,USD,9.15,USD
FEE-7412252954619_11,7286217979,0,NON_SALE_CHARGE,DEBIT,2026-01-11T19:21:30.065Z,PAYOUT,Promoted Listings - General fee,eBay Commerce Inc.,"[{'referenceId': '358050211283', 'referenceType': 'ITEM_ID'}, {'referenceId': '15-14079-59712', 'referenceType': 'ORDER_ID'}]",AD_FEE,6.61,USD,,,,,,,,,
15-14079-59712,7298081587,0,SALE,CREDIT,2026-01-11T19:16:55.547Z,PAYOUT,,eBay Commerce Inc.,,,101.12,USD,15-14079-59712,"[{'lineItemId': '10078685131415', 'feeBasisAmount': {'value': '120.13', 'currency': 'USD'}, 'marketplaceFees': [{'feeType': 'FINAL_VALUE_FEE', 'amount': {'value': '16.79', 'currency': 'USD'}}, {'feeType': 'FINAL_VALUE_FEE_FIXED_PER_ORDER', 'amount': {'value': '0.44', 'currency': 'USD'}}, {'feeType': 'INTERNATIONAL_FEE', 'amount': {'value': '1.78', 'currency': 'USD'}, 'feeMemo': 'Charged because the delivery address is in Canada. Final amount: $120.13.'}]}]",jessca.jxfxu,120.13,USD,19.01,USD,,
FEE-7409131418719_11,7280898979,0,NON_SALE_CHARGE,DEBIT,2026-01-10T17:27:31.594Z,PAYOUT,Promoted Listings - General fee,eBay Commerce Inc.,"[{'referenceId': '358034274340', 'referenceType': 'ITEM_ID'}, {'referenceId': '11-14080-79699', 'referenceType': 'ORDER_ID'}]",AD_FEE,6.68,USD,,,,,,,,,
11-14080-79699,7299591595,0,SALE,CREDIT,2026-01-10T17:22:35.167Z,PAYOUT,,eBay Commerce Inc.,,,95.37,USD,11-14080-79699,"[{'lineItemId': '10078738968111', 'feeBasisAmount': {'value': '121.44', 'currency': 'USD'}, 'marketplaceFees': [{'feeType': 'FINAL_VALUE_FEE', 'amount': {'value': '16.96', 'currency': 'USD'}}, {'feeType': 'FINAL_VALUE_FEE_FIXED_PER_ORDER', 'amount': {'value': '0.44', 'currency': 'USD'}}, {'feeType': 'INTERNATIONAL_FEE', 'amount': {'value': '1.8', 'currency': 'USD'}, 'feeMemo': 'Charged because the delivery address is in United States. Final amount: $121.44.'}]}]",blasko8866,114.57,USD,19.2,USD,6.87,USD
FEE-7406919958119_11,7280898979,0,NON_SALE_CHARGE,DEBIT,2026-01-10T00:05:54.933Z,PAYOUT,Promoted Listings - General fee,eBay Commerce Inc.,"[{'referenceId': '358069422477', 'referenceType': 'ITEM_ID'}, {'referenceId': '01-14092-89129', 'referenceType': 'ORDER_ID'}]",AD_FEE,5.68,USD,,,,,,,,,
01-14092-89129,7301847451,0,SALE,CREDIT,2026-01-10T00:02:22.478Z,PAYOUT,,eBay Commerce Inc.,,,86.84,USD,01-14092-89129,"[{'lineItemId': '10077746884501', 'feeBasisAmount': {'value': '103.23', 'currency': 'USD'}, 'marketplaceFees': [{'feeType': 'FINAL_VALUE_FEE', 'amount': {'value': '14.42', 'currency': 'USD'}}, {'feeType': 'FINAL_VALUE_FEE_FIXED_PER_ORDER', 'amount': {'value': '0.44', 'currency': 'USD'}}, {'feeType': 'INTERNATIONAL_FEE', 'amount': {'value': '1.53', 'currency': 'USD'}, 'feeMemo': 'Charged because the delivery address is in United States. Final amount: $103.23.'}]}]",pres_419,103.23,USD,16.39,USD,,
FEE-7398209296119_11,7279427995,0,NON_SALE_CHARGE,DEBIT,2026-01-06T19:16:31.483Z,PAYOUT,Promoted Listings - General fee,eBay Commerce Inc.,"[{'referenceId': '358034020829', 'referenceType': 'ITEM_ID'}, {'referenceId': '12-14063-12548', 'referenceType': 'ORDER_ID'}]",AD_FEE,8.88,USD,,,,,,,,,
12-14063-12548,7286217979,0,SALE,CREDIT,2026-01-06T19:10:20.062Z,PAYOUT,,eBay Commerce Inc.,,,123.67,USD,12-14063-12548,"[{'lineItemId': '10078603430012', 'feeBasisAmount': {'value': '161.35', 'currency': 'USD'}, 'marketplaceFees': [{'feeType': 'FINAL_VALUE_FEE', 'amount': {'value': '22.54', 'currency': 'USD'}}, {'feeType': 'FINAL_VALUE_FEE_FIXED_PER_ORDER', 'amount': {'value': '0.44', 'currency': 'USD'}}, {'feeType': 'INTERNATIONAL_FEE', 'amount': {'value': '2.4', 'currency': 'USD'}, 'feeMemo': 'Charged because the delivery address is in United States. Final amount: $161.35.'}]}]",weedud1969,149.05,USD,25.38,USD,12.3,USD
FEE-7393368462919_11,7279427995,0,NON_SALE_CHARGE,DEBIT,2026-01-05T00:33:03.743Z,PAYOUT,Promoted Listings - General fee,eBay Commerce Inc.,"[{'referenceId': '358056510697', 'referenceType': 'ITEM_ID'}, {'referenceId': '18-14046-45747', 'referenceType': 'ORDER_ID'}]",AD_FEE,9.31,USD,,,,,,,,,
18-14046-45747,7279427995,0,SALE,CREDIT,2026-01-05T00:27:17.509Z,PAYOUT,,eBay Commerce Inc.,,,132.26,USD,18-14046-45747,"[{'lineItemId': '10081508612918', 'feeBasisAmount': {'value': '169.16', 'currency': 'USD'}, 'marketplaceFees': [{'feeType': 'FINAL_VALUE_FEE', 'amount': {'value': '23.63', 'currency': 'USD'}}, {'feeType': 'FINAL_VALUE_FEE_FIXED_PER_ORDER', 'amount': {'value': '0.44', 'currency': 'USD'}}, {'feeType': 'INTERNATIONAL_FEE', 'amount': {'value': '2.51', 'currency': 'USD'}, 'feeMemo': 'Charged because the delivery address is in United States. Final amount: $169.16.'}]}]",soto1802,158.84,USD,26.58,USD,10.32,USD
19-14036-39837,7280898979,0,SALE,CREDIT,2026-01-02T22:33:56.206Z,PAYOUT,,eBay Commerce Inc.,,,226.01,USD,19-14036-39837,"[{'lineItemId': '10078407878619', 'feeBasisAmount': {'value': '267.85', 'currency': 'USD'}, 'marketplaceFees': [{'feeType': 'FINAL_VALUE_FEE', 'amount': {'value': '37.42', 'currency': 'USD'}}, {'feeType': 'FINAL_VALUE_FEE_FIXED_PER_ORDER', 'amount': {'value': '0.44', 'currency': 'USD'}}, {'feeType': 'INTERNATIONAL_FEE', 'amount': {'value': '3.98', 'currency': 'USD'}, 'feeMemo': 'Charged because the delivery address is in Spain. Final amount: $267.85.'}]}]",thecollectorarchetype,267.85,USD,41.84,USD,,
INVOICE-80bfca3526944a7869328a51098adeb7_182,7265627923,0,ADJUSTMENT,CREDIT,2026-01-02T10:38:31.454Z,PAYOUT,TAX Only Credit,,,,0.01,USD,,,,,,,,,
22923209995,7265627923,0,TRANSFER,CREDIT,2026-01-01T22:00:56.000Z,PAYOUT,TRANSFER_FROM,,,,65.95,USD,,,,,,,,,
INVOICE-7383498799019_11,7265627923,0,NON_SALE_CHARGE,DEBIT,2026-01-01T17:16:42.449Z,PAYOUT,2025-12-31 - 2026-01-30,,,OTHER_FEES,65.95,USD,,,,,,,,,
FEE-7370732586319_11,7259504371,0,NON_SALE_CHARGE,DEBIT,2025-12-27T18:23:02.917Z,PAYOUT,Promoted Listings - General fee,eBay Commerce Inc.,"[{'referenceId': '358053282795', 'referenceType': 'ITEM_ID'}, {'referenceId': '26-14000-61222', 'referenceType': 'ORDER_ID'}]",AD_FEE,12.6,USD,,,,,,,,,
26-14000-61222,7261404379,0,SALE,CREDIT,2025-12-27T18:15:58.324Z,PAYOUT,,eBay Commerce Inc.,,,177.73,USD,26-14000-61222,"[{'lineItemId': '10077160934126', 'feeBasisAmount': {'value': '229.05', 'currency': 'USD'}, 'marketplaceFees': [{'feeType': 'FINAL_VALUE_FEE', 'amount': {'value': '32.0', 'currency': 'USD'}}, {'feeType': 'FINAL_VALUE_FEE_FIXED_PER_ORDER', 'amount': {'value': '0.44', 'currency': 'USD'}}, {'feeType': 'INTERNATIONAL_FEE', 'amount': {'value': '3.4', 'currency': 'USD'}, 'feeMemo': 'Charged because the delivery address is in United States. Final amount: $229.05.'}]}]",lee.07,213.57,USD,35.84,USD,15.48,USD
RRP-6615939136-CCM_CHARGE,7259504371,0,REFUND,DEBIT,2025-12-25T21:10:55.909Z,PAYOUT,,eBay Commerce Inc.,"[{'referenceId': '5424221823', 'referenceType': 'CANCELLATION_ID'}]",,133.75,USD,10-14015-99693,"[{'lineItemId': '10078279444310', 'feeBasisAmount': {'value': '173.96', 'currency': 'USD'}, 'marketplaceFees': [{'feeType': 'INTERNATIONAL_FEE', 'amount': {'value': '2.58', 'currency': 'USD'}}, {'feeType': 'FINAL_VALUE_FEE', 'amount': {'value': '24.3', 'currency': 'USD'}}, {'feeType': 'FINAL_VALUE_FEE_FIXED_PER_ORDER', 'amount': {'value': '0.44', 'currency': 'USD'}}]}]",coogrei0,161.07,USD,27.32,USD,12.89,USD
10-14015-99693,7259504371,0,SALE,CREDIT,2025-12-25T18:30:36.717Z,PAYOUT,,eBay Commerce Inc.,,,133.75,USD,10-14015-99693,"[{'lineItemId': '10078279444310', 'feeBasisAmount': {'value': '173.96', 'currency': 'USD'}, 'marketplaceFees': [{'feeType': 'FINAL_VALUE_FEE', 'amount': {'value': '24.3', 'currency': 'USD'}}, {'feeType': 'FINAL_VALUE_FEE_FIXED_PER_ORDER', 'amount': {'value': '0.44', 'currency': 'USD'}}, {'feeType': 'INTERNATIONAL_FEE', 'amount': {'value': '2.58', 'currency': 'USD'}, 'feeMemo': 'Charged because the delivery address is in United States. Final amount: $173.96.'}]}]",coogrei0,161.07,USD,27.32,USD,12.89,USD
FEE-7352218253319_11,7251235363,0,NON_SALE_CHARGE,DEBIT,2025-12-20T18:58:10.207Z,PAYOUT,Promoted Listings - General fee,eBay Commerce Inc.,"[{'referenceId': '358031115406', 'referenceType': 'ITEM_ID'}, {'referenceId': '08-14002-27641', 'referenceType': 'ORDER_ID'}]",AD_FEE,6.99,USD,,,,,,,,,
08-14002-27641,7259504371,0,SALE,CREDIT,2025-12-20T18:51:58.518Z,PAYOUT,,eBay Commerce Inc.,,,95.63,USD,08-14002-27641,"[{'lineItemId': '10077256557608', 'feeBasisAmount': {'value': '126.96', 'currency': 'USD'}, 'marketplaceFees': [{'feeType': 'FINAL_VALUE_FEE', 'amount': {'value': '17.73', 'currency': 'USD'}}, {'feeType': 'FINAL_VALUE_FEE_FIXED_PER_ORDER', 'amount': {'value': '0.44', 'currency': 'USD'}}, {'feeType': 'INTERNATIONAL_FEE', 'amount': {'value': '1.88', 'currency': 'USD'}, 'feeMemo': 'Charged because the delivery address is in United States. Final amount: $126.96.'}]}]",badbabybaird59,115.68,USD,20.05,USD,11.28,USD
FEE-7350154049719_11,7251235363,0,NON_SALE_CHARGE,DEBIT,2025-12-20T00:15:48.981Z,PAYOUT,Promoted Listings - General fee,eBay Commerce Inc.,"[{'referenceId': '358033137300', 'referenceType': 'ITEM_ID'}, {'referenceId': '14-13991-70803', 'referenceType': 'ORDER_ID'}]",AD_FEE,6.01,USD,,,,,,,,,
14-13991-70803,7251235363,0,SALE,CREDIT,2025-12-20T00:11:23.397Z,PAYOUT,,eBay Commerce Inc.,,,82.22,USD,14-13991-70803,"[{'lineItemId': '10078124669814', 'feeBasisAmount': {'value': '109.27', 'currency': 'USD'}, 'marketplaceFees': [{'feeType': 'FINAL_VALUE_FEE', 'amount': {'value': '15.27', 'currency': 'USD'}}, {'feeType': 'FINAL_VALUE_FEE_FIXED_PER_ORDER', 'amount': {'value': '0.44', 'currency': 'USD'}}, {'feeType': 'INTERNATIONAL_FEE', 'amount': {'value': '1.63', 'currency': 'USD'}, 'feeMemo': 'Charged because the delivery address is in United States. Final amount: $109.27.'}]}]",ralstar,99.56,USD,17.34,USD,9.71,USD
FEE-9774320555_42,7242183763,0,NON_SALE_CHARGE,CREDIT,2025-12-19T16:08:42.618Z,PAYOUT,Promoted Listings - General fee,eBay Commerce Inc.,"[{'referenceId': '357984154101', 'referenceType': 'ITEM_ID'}, {'referenceId': '03-13967-27466', 'referenceType': 'ORDER_ID'}]",AD_FEE,5.48,USD,,,,,,,,,
RRP-6613080313-CCM_CHARGE,7242183763,0,REFUND,DEBIT,2025-12-19T16:01:58.741Z,PAYOUT,,eBay Commerce Inc.,"[{'referenceId': '5423636202', 'referenceType': 'CANCELLATION_ID'}]",,83.75,USD,03-13967-27466,"[{'lineItemId': '10077845849403', 'feeBasisAmount': {'value': '99.56', 'currency': 'USD'}, 'marketplaceFees': [{'feeType': 'INTERNATIONAL_FEE', 'amount': {'value': '1.47', 'currency': 'USD'}}, {'feeType': 'FINAL_VALUE_FEE', 'amount': {'value': '13.9', 'currency': 'USD'}}, {'feeType': 'FINAL_VALUE_FEE_FIXED_PER_ORDER', 'amount': {'value': '0.44', 'currency': 'USD'}}]}]",ralstar,99.56,USD,15.81,USD,,
FEE-7324854069819_11,7232194147,0,NON_SALE_CHARGE,DEBIT,2025-12-11T07:02:32.587Z,PAYOUT,Promoted Listings - General fee,eBay Commerce Inc.,"[{'referenceId': '357984154101', 'referenceType': 'ITEM_ID'}, {'referenceId': '03-13967-27466', 'referenceType': 'ORDER_ID'}]",AD_FEE,5.48,USD,,,,,,,,,
03-13967-27466,7242183763,0,SALE,CREDIT,2025-12-11T06:56:35.158Z,PAYOUT,,eBay Commerce Inc.,,,83.75,USD,03-13967-27466,"[{'lineItemId': '10077845849403', 'feeBasisAmount': {'value': '99.56', 'currency': 'USD'}, 'marketplaceFees': [{'feeType': 'FINAL_VALUE_FEE', 'amount': {'value': '13.9', 'currency': 'USD'}}, {'feeType': 'FINAL_VALUE_FEE_FIXED_PER_ORDER', 'amount': {'value': '0.44', 'currency': 'USD'}}, {'feeType': 'INTERNATIONAL_FEE', 'amount': {'value': '1.47', 'currency': 'USD'}, 'feeMemo': 'Charged because the delivery address is in United States. Final amount: $99.56.'}]}]",ralstar,99.56,USD,15.81,USD,,
FEE-7321759606819_11,7232194147,0,NON_SALE_CHARGE,DEBIT,2025-12-10T04:32:17.894Z,PAYOUT,Promoted Listings - General fee,eBay Commerce Inc.,"[{'referenceId': '357926068886', 'referenceType': 'ITEM_ID'}, {'referenceId': '03-13962-01304', 'referenceType': 'ORDER_ID'}]",AD_FEE,6.36,USD,,,,,,,,,
03-13962-01304,7239161083,0,SALE,CREDIT,2025-12-10T04:27:35.608Z,PAYOUT,,eBay Commerce Inc.,,,88.48,USD,03-13962-01304,"[{'lineItemId': '10077816209203', 'feeBasisAmount': {'value': '115.6', 'currency': 'USD'}, 'marketplaceFees': [{'feeType': 'FINAL_VALUE_FEE', 'amount': {'value': '16.15', 'currency': 'USD'}}, {'feeType': 'FINAL_VALUE_FEE_FIXED_PER_ORDER', 'amount': {'value': '0.44', 'currency': 'USD'}}, {'feeType': 'INTERNATIONAL_FEE', 'amount': {'value': '1.72', 'currency': 'USD'}, 'feeMemo': 'Charged because the delivery address is in United States. Final amount: $115.60.'}]}]",myzerryn,106.79,USD,18.31,USD,8.81,USD
FEE-7318905287319_11,7225870843,0,NON_SALE_CHARGE,DEBIT,2025-12-09T04:52:54.212Z,PAYOUT,Promoted Listings - General fee,eBay Commerce Inc.,"[{'referenceId': '357994507280', 'referenceType': 'ITEM_ID'}, {'referenceId': '25-13926-37055', 'referenceType': 'ORDER_ID'}]",AD_FEE,5.42,USD,,,,,,,,,
25-13926-37055,7240763107,0,SALE,CREDIT,2025-12-09T04:48:40.548Z,PAYOUT,,eBay Commerce Inc.,,,75.55,USD,25-13926-37055,"[{'lineItemId': '10076732354025', 'feeBasisAmount': {'value': '98.51', 'currency': 'USD'}, 'marketplaceFees': [{'feeType': 'FINAL_VALUE_FEE', 'amount': {'value': '13.76', 'currency': 'USD'}}, {'feeType': 'FINAL_VALUE_FEE_FIXED_PER_ORDER', 'amount': {'value': '0.44', 'currency': 'USD'}}, {'feeType': 'INTERNATIONAL_FEE', 'amount': {'value': '1.46', 'currency': 'USD'}, 'feeMemo': 'Charged because the delivery address is in United States. Final amount: $98.51.'}]}]",iamquali5,91.21,USD,15.66,USD,7.3,USD
FEE-7313259636219_11,7225870843,0,NON_SALE_CHARGE,DEBIT,2025-12-07T03:39:20.796Z,PAYOUT,Promoted Listings - General fee,eBay Commerce Inc.,"[{'referenceId': '357967288643', 'referenceType': 'ITEM_ID'}, {'referenceId': '13-13932-55640', 'referenceType': 'ORDER_ID'}]",AD_FEE,8.64,USD,,,,,,,,,
13-13932-55640,7232194147,0,SALE,CREDIT,2025-12-07T03:33:13.406Z,PAYOUT,,eBay Commerce Inc.,,,119.88,USD,13-13932-55640,"[{'lineItemId': '10079059527413', 'feeBasisAmount': {'value': '157.06', 'currency': 'USD'}, 'marketplaceFees': [{'feeType': 'FINAL_VALUE_FEE', 'amount': {'value': '21.94', 'currency': 'USD'}}, {'feeType': 'FINAL_VALUE_FEE_FIXED_PER_ORDER', 'amount': {'value': '0.44', 'currency': 'USD'}}, {'feeType': 'INTERNATIONAL_FEE', 'amount': {'value': '2.33', 'currency': 'USD'}, 'feeMemo': 'Charged because the delivery address is in United States. Final amount: $157.06.'}]}]",nat_57048,144.59,USD,24.71,USD,12.47,USD
FEE-7313235065819_11,7225870843,0,NON_SALE_CHARGE,DEBIT,2025-12-07T03:26:45.823Z,PAYOUT,Promoted Listings - General fee,eBay Commerce Inc.,"[{'referenceId': '357951894420', 'referenceType': 'ITEM_ID'}, {'referenceId': '22-13919-73010', 'referenceType': 'ORDER_ID'}]",AD_FEE,5.43,USD,,,,,,,,,
22-13919-73010,7235721091,0,SALE,CREDIT,2025-12-07T03:20:59.372Z,PAYOUT,,eBay Commerce Inc.,,,75.5,USD,22-13919-73010,"[{'lineItemId': '10077093633222', 'feeBasisAmount': {'value': '98.83', 'currency': 'USD'}, 'marketplaceFees': [{'feeType': 'FINAL_VALUE_FEE', 'amount': {'value': '13.81', 'currency': 'USD'}}, {'feeType': 'FINAL_VALUE_FEE_FIXED_PER_ORDER', 'amount': {'value': '0.44', 'currency': 'USD'}}, {'feeType': 'INTERNATIONAL_FEE', 'amount': {'value': '1.46', 'currency': 'USD'}, 'feeMemo': 'Charged because the delivery address is in United States. Final amount: $98.83.'}]}]",frankimurriet0,91.21,USD,15.71,USD,7.62,USD
FEE-9716381273_42,7225870843,0,NON_SALE_CHARGE,CREDIT,2025-12-05T21:14:22.461Z,PAYOUT,Promoted Listings - General fee,eBay Commerce Inc.,"[{'referenceId': '357963554952', 'referenceType': 'ITEM_ID'}, {'referenceId': '20-13914-41515', 'referenceType': 'ORDER_ID'}]",AD_FEE,7.28,USD,,,,,,,,,
RRP-6604940434-CCM_CHARGE,7225870843,0,REFUND,DEBIT,2025-12-05T21:03:17.327Z,PAYOUT,,eBay Commerce Inc.,"[{'referenceId': '5421820637', 'referenceType': 'CANCELLATION_ID'}]",,101.45,USD,20-13914-41515,"[{'lineItemId': '10076784771220', 'feeBasisAmount': {'value': '132.45', 'currency': 'USD'}, 'marketplaceFees': [{'feeType': 'INTERNATIONAL_FEE', 'amount': {'value': '1.97', 'currency': 'USD'}}, {'feeType': 'FINAL_VALUE_FEE', 'amount': {'value': '18.5', 'currency': 'USD'}}, {'feeType': 'FINAL_VALUE_FEE_FIXED_PER_ORDER', 'amount': {'value': '0.44', 'currency': 'USD'}}]}]",weedud1969,122.36,USD,20.91,USD,10.09,USD
FEE-7308628746619_11,7225870843,0,NON_SALE_CHARGE,DEBIT,2025-12-05T10:26:08.171Z,PAYOUT,Promoted Listings - General fee,eBay Commerce Inc.,"[{'referenceId': '357963554952', 'referenceType': 'ITEM_ID'}, {'referenceId': '20-13914-41515', 'referenceType': 'ORDER_ID'}]",AD_FEE,7.28,USD,,,,,,,,,
20-13914-41515,7225870843,0,SALE,CREDIT,2025-12-05T10:19:12.290Z,PAYOUT,,eBay Commerce Inc.,,,101.45,USD,20-13914-41515,"[{'lineItemId': '10076784771220', 'feeBasisAmount': {'value': '132.45', 'currency': 'USD'}, 'marketplaceFees': [{'feeType': 'FINAL_VALUE_FEE', 'amount': {'value': '18.5', 'currency': 'USD'}}, {'feeType': 'FINAL_VALUE_FEE_FIXED_PER_ORDER', 'amount': {'value': '0.44', 'currency': 'USD'}}, {'feeType': 'INTERNATIONAL_FEE', 'amount': {'value': '1.97', 'currency': 'USD'}, 'feeMemo': 'Charged because the delivery address is in United States. Final amount: $132.45.'}]}]",weedud1969,122.36,USD,20.91,USD,10.09,USD
FEE-7301817030419_11,7215507355,0,NON_SALE_CHARGE,DEBIT,2025-12-03T00:49:19.402Z,PAYOUT,Promoted Listings - General fee,eBay Commerce Inc.,"[{'referenceId': '357955712028', 'referenceType': 'ITEM_ID'}, {'referenceId': '05-13924-68579', 'referenceType': 'ORDER_ID'}]",AD_FEE,6.97,USD,,,,,,,,,
05-13924-68579,7225870843,0,SALE,CREDIT,2025-12-03T00:42:58.807Z,PAYOUT,,eBay Commerce Inc.,,,85.64,USD,05-13924-68579,"[{'lineItemId': '10076956466505', 'feeBasisAmount': {'value': '126.8', 'currency': 'USD'}, 'marketplaceFees': [{'feeType': 'FINAL_VALUE_FEE', 'amount': {'value': '17.71', 'currency': 'USD'}}, {'feeType': 'FINAL_VALUE_FEE_FIXED_PER_ORDER', 'amount': {'value': '0.44', 'currency': 'USD'}}, {'feeType': 'INTERNATIONAL_FEE', 'amount': {'value': '1.88', 'currency': 'USD'}, 'feeMemo': 'Charged because the delivery address is in United Kingdom. Final amount: $126.80.'}]}]",lyndsayturner1509,105.67,USD,20.03,USD,21.13,USD
INVOICE-d625a92cc9497f37b301f32a5eefae1d_182,7215507355,0,ADJUSTMENT,CREDIT,2025-12-01T23:28:14.571Z,PAYOUT,TAX Only Credit,,,,0.01,USD,,,,,,,,,
INVOICE-7298011141619_11,7215507355,0,NON_SALE_CHARGE,DEBIT,2025-12-01T17:28:13.272Z,PAYOUT,2025-11-30 - 2025-12-30,,,OTHER_FEES,65.95,USD,,,,,,,,,
INVOICE-7273916822419_11,7215507355,0,NON_SALE_CHARGE,DEBIT,2025-11-23T09:43:46.583Z,PAYOUT,2025-11-22 - 2025-11-29,,,OTHER_FEES,17.59,USD,,,,,,,,,
INVOICE-679203277_20251123_0941_12,7215507355,0,ADJUSTMENT,CREDIT,2025-11-23T09:43:07.433Z,PAYOUT,Store (Basic): Subscription Fee,,,,6.44,USD,,,,,,,,,
FEE-7272885043019_11,7215507355,0,NON_SALE_CHARGE,DEBIT,2025-11-22T23:24:06.303Z,PAYOUT,Promoted Listings - General fee,eBay Commerce Inc.,"[{'referenceId': '357934073114', 'referenceType': 'ITEM_ID'}, {'referenceId': '12-13867-35026', 'referenceType': 'ORDER_ID'}]",AD_FEE,7.28,USD,,,,,,,,,
12-13867-35026,7215507355,0,SALE,CREDIT,2025-11-22T23:19:28.196Z,PAYOUT,,eBay Commerce Inc.,,,111.47,USD,12-13867-35026,"[{'lineItemId': '10077389999412', 'feeBasisAmount': {'value': '132.37', 'currency': 'USD'}, 'marketplaceFees': [{'feeType': 'FINAL_VALUE_FEE', 'amount': {'value': '18.49', 'currency': 'USD'}}, {'feeType': 'FINAL_VALUE_FEE_FIXED_PER_ORDER', 'amount': {'value': '0.44', 'currency': 'USD'}}, {'feeType': 'INTERNATIONAL_FEE', 'amount': {'value': '1.97', 'currency': 'USD'}, 'feeMemo': 'Charged because the delivery address is in United States. Final amount: $132.37.'}]}]",countrygall182,132.37,USD,20.9,USD,,
INVOICE-7262110871119_11,7215507355,0,NON_SALE_CHARGE,DEBIT,2025-11-18T23:04:44.734Z,PAYOUT,2025-11-18 - 2025-11-29,,,OTHER_FEES,10.46,USD,,,,,,,,,
INVOICE-678842351_20251118_2303_12,7215507355,0,ADJUSTMENT,CREDIT,2025-11-18T23:04:29.959Z,PAYOUT,Starter Store Subscription: Subscription Fee,,,,2.36,USD,,,,,,,,,
RRP-6592547587-CCM_CHARGE,7215507355,0,REFUND,DEBIT,2025-11-13T01:48:08.555Z,PAYOUT,,eBay Commerce Inc.,"[{'referenceId': '5175269232', 'referenceType': 'REFUND_ID'}]",,71.21,USD,13-13463-49118,"[{'lineItemId': '10076144188913', 'feeBasisAmount': {'value': '107.0', 'currency': 'USD'}, 'marketplaceFees': [{'feeType': 'INTERNATIONAL_FEE', 'amount': {'value': '1.24', 'currency': 'USD'}}, {'feeType': 'FINAL_VALUE_FEE', 'amount': {'value': '11.55', 'currency': 'USD'}}]}]",sopmil_1040,84.0,USD,12.79,USD,,
REFUND_CHARGE-6592547587,7215507355,0,TRANSFER,CREDIT,2025-11-13T01:48:08.195Z,PAYOUT,TRANSFER_FROM,,,,71.21,USD,,,,,,,,,
22330392019,7215507355,0,TRANSFER,CREDIT,2025-11-09T00:01:08.000Z,PAYOUT,TRANSFER_FROM,,,,5.45,USD,,,,,,,,,
INVOICE-7212895702619_11,7215507355,0,NON_SALE_CHARGE,DEBIT,2025-11-01T17:17:40.175Z,PAYOUT,2025-10-31 - 2025-11-29,,,OTHER_FEES,5.45,USD,,,,,,,,,
DISPUTE_HOLD_REVERSE-6575816689-6410565626,7215507355,0,CREDIT,CREDIT,2025-10-14T00:01:09.422Z,PAYOUT,,eBay Commerce Inc.,"[{'referenceId': '5303028429', 'referenceType': 'RETURN_ID'}]",,107.0,USD,13-13463-49118,,sopmil_1040,,,,,,
DISPUTE_HOLD-6575816689,7215507355,0,DISPUTE,DEBIT,2025-10-10T20:39:13.386Z,PAYOUT,,eBay Commerce Inc.,"[{'referenceId': '5303028429', 'referenceType': 'RETURN_ID'}]",,107.0,USD,13-13463-49118,,sopmil_1040,,,,,,
21995960371,7215507355,0,TRANSFER,CREDIT,2025-10-08T22:04:51.000Z,PAYOUT,TRANSFER_FROM,,,,5.44,USD,,,,,,,,,
DISPUTE_HOLD_REVERSE-6568946254-6407391258,7215507355,0,CREDIT,CREDIT,2025-10-08T15:57:31.628Z,PAYOUT,,eBay Commerce Inc.,"[{'referenceId': '5365373610', 'referenceType': 'CASE_ID'}]",,107.0,USD,13-13463-49118,,sopmil_1040,,,,,,
INVOICE-453d1a35cdf7d28677ecf95d4c26ea25_182,7215507355,0,ADJUSTMENT,CREDIT,2025-10-01T21:43:41.582Z,PAYOUT,TAX Only Credit,,,,0.01,USD,,,,,,,,,
INVOICE-7126977310119_11,7215507355,0,NON_SALE_CHARGE,DEBIT,2025-10-01T07:34:58.983Z,PAYOUT,2025-09-30 - 2025-10-30,,,OTHER_FEES,5.45,USD,,,,,,,,,
DISPUTE_HOLD-6568946254,7215507355,0,DISPUTE,DEBIT,2025-09-27T00:51:17.042Z,PAYOUT,,eBay Commerce Inc.,"[{'referenceId': '5365373610', 'referenceType': 'CASE_ID'}]",,107.0,USD,13-13463-49118,,sopmil_1040,,,,,,
FEE-7088206375319_11,7090786219,0,NON_SALE_CHARGE,DEBIT,2025-09-17T01:47:21.223Z,PAYOUT,Subscription early termination fee,,,STORE_SUBSCRIPTION_EARLY_TERMINATION_FEE,43.96,USD,,,,,,,,,
INVOICE-3f702d01e2f09830557d32f0d68ee299_182,7066990243,0,ADJUSTMENT,CREDIT,2025-09-02T04:18:23.139Z,PAYOUT,TAX Only Credit,,,,0.02,USD,,,,,,,,,
INVOICE-7046134207119_11,7066990243,0,NON_SALE_CHARGE,DEBIT,2025-09-01T17:06:11.522Z,PAYOUT,2025-08-31 - 2025-09-29,,,OTHER_FEES,65.95,USD,,,,,,,,,
FEE-9361560872_42,7066990243,0,NON_SALE_CHARGE,CREDIT,2025-09-01T04:11:08.991Z,PAYOUT,Promoted Listings - General fee,eBay Commerce Inc.,"[{'referenceId': '357500395515', 'referenceType': 'ITEM_ID'}, {'referenceId': '02-13497-46704', 'referenceType': 'ORDER_ID'}]",AD_FEE,10.78,USD,,,,,,,,,
RRP-6555544685-CCM_CHARGE,7066990243,0,REFUND,DEBIT,2025-09-01T04:02:04.997Z,PAYOUT,,eBay Commerce Inc.,"[{'referenceId': '5411339717', 'referenceType': 'CANCELLATION_ID'}]",,150.28,USD,02-13497-46704,"[{'lineItemId': '10074555325402', 'feeBasisAmount': {'value': '195.93', 'currency': 'USD'}, 'marketplaceFees': [{'feeType': 'INTERNATIONAL_FEE', 'amount': {'value': '2.91', 'currency': 'USD'}}, {'feeType': 'FINAL_VALUE_FEE', 'amount': {'value': '27.37', 'currency': 'USD'}}, {'feeType': 'FINAL_VALUE_FEE_FIXED_PER_ORDER', 'amount': {'value': '0.44', 'currency': 'USD'}}]}]",suz-989355,181.0,USD,30.72,USD,14.93,USD
10-13491-09275,7057134115,0,SALE,CREDIT,2025-08-24T21:19:13.931Z,PAYOUT,,eBay Commerce Inc.,,,225.1,USD,10-13491-09275,"[{'lineItemId': '10075018195610', 'feeBasisAmount': {'value': '300.56', 'currency': 'USD'}, 'marketplaceFees': [{'feeType': 'FINAL_VALUE_FEE', 'amount': {'value': '41.99', 'currency': 'USD'}}, {'feeType': 'FINAL_VALUE_FEE_FIXED_PER_ORDER', 'amount': {'value': '0.44', 'currency': 'USD'}}, {'feeType': 'INTERNATIONAL_FEE', 'amount': {'value': '4.47', 'currency': 'USD'}, 'feeMemo': 'Charged because the delivery address is in United States. Final amount: $300.56.'}]}]",mattmc-56,272.0,USD,46.9,USD,28.56,USD
19-13477-36465,7066990243,0,SALE,CREDIT,2025-08-24T13:24:51.152Z,PAYOUT,,eBay Commerce Inc.,,,78.57,USD,19-13477-36465,"[{'lineItemId': '10074933070419', 'feeBasisAmount': {'value': '103.43', 'currency': 'USD'}, 'marketplaceFees': [{'feeType': 'FINAL_VALUE_FEE', 'amount': {'value': '14.45', 'currency': 'USD'}}, {'feeType': 'FINAL_VALUE_FEE_FIXED_PER_ORDER', 'amount': {'value': '0.44', 'currency': 'USD'}}, {'feeType': 'INTERNATIONAL_FEE', 'amount': {'value': '1.54', 'currency': 'USD'}, 'feeMemo': 'Charged because the delivery address is in United States. Final amount: $103.43.'}]}]",commandercup,95.0,USD,16.43,USD,8.43,USD
FEE-7023710028619_11,7054198051,0,NON_SALE_CHARGE,DEBIT,2025-08-23T16:09:07.536Z,PAYOUT,Promoted Listings - General fee,eBay Commerce Inc.,"[{'referenceId': '357500395515', 'referenceType': 'ITEM_ID'}, {'referenceId': '02-13497-46704', 'referenceType': 'ORDER_ID'}]",AD_FEE,10.78,USD,,,,,,,,,
02-13497-46704,7066990243,0,SALE,CREDIT,2025-08-23T16:02:56.108Z,PAYOUT,,eBay Commerce Inc.,,,150.28,USD,02-13497-46704,"[{'lineItemId': '10074555325402', 'feeBasisAmount': {'value': '195.93', 'currency': 'USD'}, 'marketplaceFees': [{'feeType': 'FINAL_VALUE_FEE', 'amount': {'value': '27.37', 'currency': 'USD'}}, {'feeType': 'FINAL_VALUE_FEE_FIXED_PER_ORDER', 'amount': {'value': '0.44', 'currency': 'USD'}}, {'feeType': 'INTERNATIONAL_FEE', 'amount': {'value': '2.91', 'currency': 'USD'}, 'feeMemo': 'Charged because the delivery address is in United States. Final amount: $195.93.'}]}]",suz-989355,181.0,USD,30.72,USD,14.93,USD
FEE-7021947030619_11,7054198051,0,NON_SALE_CHARGE,DEBIT,2025-08-23T00:27:40.695Z,PAYOUT,Promoted Listings - General fee,eBay Commerce Inc.,"[{'referenceId': '357455965075', 'referenceType': 'ITEM_ID'}, {'referenceId': '27-13461-72581', 'referenceType': 'ORDER_ID'}]",AD_FEE,12.82,USD,,,,,,,,,
27-13461-72581,7055730571,0,SALE,CREDIT,2025-08-23T00:22:21.860Z,PAYOUT,,eBay Commerce Inc.,,,196.55,USD,27-13461-72581,"[{'lineItemId': '10078445774127', 'feeBasisAmount': {'value': '233.0', 'currency': 'USD'}, 'marketplaceFees': [{'feeType': 'FINAL_VALUE_FEE', 'amount': {'value': '32.55', 'currency': 'USD'}}, {'feeType': 'FINAL_VALUE_FEE_FIXED_PER_ORDER', 'amount': {'value': '0.44', 'currency': 'USD'}}, {'feeType': 'INTERNATIONAL_FEE', 'amount': {'value': '3.46', 'currency': 'USD'}, 'feeMemo': 'Charged because the delivery address is in United Kingdom. Final amount: $233.00.'}]}]",marsilvago_0,233.0,USD,36.45,USD,,
04-13485-16813,7054198051,0,SALE,CREDIT,2025-08-21T05:19:49.796Z,PAYOUT,,eBay Commerce Inc.,,,252.83,USD,04-13485-16813,"[{'lineItemId': '10074790945204', 'feeBasisAmount': {'value': '334.74', 'currency': 'USD'}, 'marketplaceFees': [{'feeType': 'FINAL_VALUE_FEE', 'amount': {'value': '46.76', 'currency': 'USD'}}, {'feeType': 'FINAL_VALUE_FEE_FIXED_PER_ORDER', 'amount': {'value': '0.44', 'currency': 'USD'}}, {'feeType': 'INTERNATIONAL_FEE', 'amount': {'value': '4.97', 'currency': 'USD'}, 'feeMemo': 'Charged because the delivery address is in United States. Final amount: $334.74.'}]}]",stealthwon,305.0,USD,52.17,USD,29.74,USD
13-13463-49118,7090786219,0,SALE,CREDIT,2025-08-18T21:55:47.548Z,PAYOUT,,eBay Commerce Inc.,,,90.26,USD,13-13463-49118,"[{'lineItemId': '10076144188913', 'feeBasisAmount': {'value': '107.0', 'currency': 'USD'}, 'marketplaceFees': [{'feeType': 'FINAL_VALUE_FEE', 'amount': {'value': '14.72', 'currency': 'USD'}}, {'feeType': 'FINAL_VALUE_FEE_FIXED_PER_ORDER', 'amount': {'value': '0.44', 'currency': 'USD'}}, {'feeType': 'INTERNATIONAL_FEE', 'amount': {'value': '1.58', 'currency': 'USD'}, 'feeMemo': 'Charged because the delivery address is in Brazil. Final amount: $107.00.'}]}]",sopmil_1040,107.0,USD,16.74,USD,,
FEE-6992523413919_11,7031936851,0,NON_SALE_CHARGE,DEBIT,2025-08-11T23:35:21.183Z,PAYOUT,Promoted Listings - General fee,eBay Commerce Inc.,"[{'referenceId': '357440899334', 'referenceType': 'ITEM_ID'}, {'referenceId': '07-13442-65917', 'referenceType': 'ORDER_ID'}]",AD_FEE,6.27,USD,,,,,,,,,
07-13442-65917,7039947787,0,SALE,CREDIT,2025-08-11T23:31:33.064Z,PAYOUT,,eBay Commerce Inc.,,,95.94,USD,07-13442-65917,"[{'lineItemId': '10079098656207', 'feeBasisAmount': {'value': '114.0', 'currency': 'USD'}, 'marketplaceFees': [{'feeType': 'INTERNATIONAL_FEE', 'amount': {'value': '1.69', 'currency': 'USD'}, 'feeMemo': 'Charged because the delivery address is in United States. Final amount: $114.00.'}, {'feeType': 'FINAL_VALUE_FEE_FIXED_PER_ORDER', 'amount': {'value': '0.44', 'currency': 'USD'}}, {'feeType': 'FINAL_VALUE_FEE', 'amount': {'value': '15.93', 'currency': 'USD'}}]}]",pinkstock2005,114.0,USD,18.06,USD,,
08-13436-07563,7041694267,0,SALE,CREDIT,2025-08-10T22:59:47.840Z,PAYOUT,,eBay Commerce Inc.,,,111.39,USD,08-13436-07563,"[{'lineItemId': '10074025511108', 'feeBasisAmount': {'value': '156.4', 'currency': 'USD'}, 'marketplaceFees': [{'feeType': 'FINAL_VALUE_FEE', 'amount': {'value': '21.85', 'currency': 'USD'}}, {'feeType': 'FINAL_VALUE_FEE_FIXED_PER_ORDER', 'amount': {'value': '0.44', 'currency': 'USD'}}, {'feeType': 'INTERNATIONAL_FEE', 'amount': {'value': '2.32', 'currency': 'USD'}, 'feeMemo': 'Charged because the delivery address is in New Zealand. Final amount: $156.40.'}]}]",sa51425,136.0,USD,24.61,USD,20.4,USD
11-13421-72857,7033605499,0,SALE,CREDIT,2025-08-08T07:54:41.978Z,PAYOUT,,eBay Commerce Inc.,,,88.51,USD,11-13421-72857,"[{'lineItemId': '10074647085011', 'feeBasisAmount': {'value': '129.71', 'currency': 'USD'}, 'marketplaceFees': [{'feeType': 'FINAL_VALUE_FEE', 'amount': {'value': '18.12', 'currency': 'USD'}}, {'feeType': 'FINAL_VALUE_FEE_FIXED_PER_ORDER', 'amount': {'value': '0.44', 'currency': 'USD'}}, {'feeType': 'INTERNATIONAL_FEE', 'amount': {'value': '1.93', 'currency': 'USD'}, 'feeMemo': 'Charged because the delivery address is in Germany. Final amount: $129.71.'}]}]",greenhighmountain,109.0,USD,20.49,USD,20.71,USD
FEE-6968238048519_11,7031936851,0,NON_SALE_CHARGE,DEBIT,2025-08-03T14:05:52.437Z,PAYOUT,Promoted Listings - General fee,eBay Commerce Inc.,"[{'referenceId': '357357110002', 'referenceType': 'ITEM_ID'}, {'referenceId': '15-13395-03109', 'referenceType': 'ORDER_ID'}]",AD_FEE,14.19,USD,,,,,,,,,
15-13395-03109,7031936851,0,SALE,CREDIT,2025-08-03T14:02:05.586Z,PAYOUT,,eBay Commerce Inc.,,,217.68,USD,15-13395-03109,"[{'lineItemId': '10074434176115', 'feeBasisAmount': {'value': '258.0', 'currency': 'USD'}, 'marketplaceFees': [{'feeType': 'FINAL_VALUE_FEE', 'amount': {'value': '36.05', 'currency': 'USD'}}, {'feeType': 'FINAL_VALUE_FEE_FIXED_PER_ORDER', 'amount': {'value': '0.44', 'currency': 'USD'}}, {'feeType': 'INTERNATIONAL_FEE', 'amount': {'value': '3.83', 'currency': 'USD'}, 'feeMemo': 'Charged because the delivery address is in United Kingdom. Final amount: $258.00.'}]}]",abdulrahmanhamaalthan0,258.0,USD,40.32,USD,,
INVOICE-f801fc2c0efc0774e53b0b4c9714f393_182,7011500179,0,ADJUSTMENT,CREDIT,2025-08-01T19:30:04.393Z,PAYOUT,TAX Only Credit,,,,0.01,USD,,,,,,,,,
INVOICE-6963329956819_11,7011500179,0,NON_SALE_CHARGE,DEBIT,2025-08-01T17:21:42.618Z,PAYOUT,2025-07-31 - 2025-08-30,,,OTHER_FEES,65.95,USD,,,,,,,,,
FEE-9243572421_42,7011060331,0,NON_SALE_CHARGE,CREDIT,2025-07-29T22:27:15.734Z,PAYOUT,Promoted Listings - General fee,eBay Commerce Inc.,"[{'referenceId': '357313246230', 'referenceType': 'ITEM_ID'}, {'referenceId': '19-13367-56077', 'referenceType': 'ORDER_ID'}]",AD_FEE,9.77,USD,,,,,,,,,
RRP-6539440368-CCM_CHARGE,7011060331,0,REFUND,DEBIT,2025-07-29T22:17:19.128Z,PAYOUT,,eBay Commerce Inc.,"[{'referenceId': '5407823334', 'referenceType': 'CANCELLATION_ID'}]",,138.1,USD,19-13367-56077,"[{'lineItemId': '10074254658319', 'feeBasisAmount': {'value': '177.62', 'currency': 'USD'}, 'marketplaceFees': [{'feeType': 'INTERNATIONAL_FEE', 'amount': {'value': '2.64', 'currency': 'USD'}}, {'feeType': 'FINAL_VALUE_FEE', 'amount': {'value': '24.82', 'currency': 'USD'}}, {'feeType': 'FINAL_VALUE_FEE_FIXED_PER_ORDER', 'amount': {'value': '0.44', 'currency': 'USD'}}]}]",priceypastime,166.0,USD,27.9,USD,11.62,USD
FEE-6954403061419_11,7011060331,0,NON_SALE_CHARGE,DEBIT,2025-07-29T01:32:42.582Z,PAYOUT,Promoted Listings - General fee,eBay Commerce Inc.,"[{'referenceId': '357313246230', 'referenceType': 'ITEM_ID'}, {'referenceId': '19-13367-56077', 'referenceType': 'ORDER_ID'}]",AD_FEE,9.77,USD,,,,,,,,,
19-13367-56077,7011060331,0,SALE,CREDIT,2025-07-29T01:28:36.937Z,PAYOUT,,eBay Commerce Inc.,,,138.1,USD,19-13367-56077,"[{'lineItemId': '10074254658319', 'feeBasisAmount': {'value': '177.62', 'currency': 'USD'}, 'marketplaceFees': [{'feeType': 'FINAL_VALUE_FEE', 'amount': {'value': '24.82', 'currency': 'USD'}}, {'feeType': 'FINAL_VALUE_FEE_FIXED_PER_ORDER', 'amount': {'value': '0.44', 'currency': 'USD'}}, {'feeType': 'INTERNATIONAL_FEE', 'amount': {'value': '2.64', 'currency': 'USD'}, 'feeMemo': 'Charged because the delivery address is in United States. Final amount: $177.62.'}]}]",priceypastime,166.0,USD,27.9,USD,11.62,USD
14-13359-47569,7011060331,0,SALE,CREDIT,2025-07-25T13:38:59.422Z,PAYOUT,,eBay Commerce Inc.,,,142.37,USD,14-13359-47569,"[{'lineItemId': '10074200220514', 'feeBasisAmount': {'value': '182.33', 'currency': 'USD'}, 'marketplaceFees': [{'feeType': 'FINAL_VALUE_FEE', 'amount': {'value': '25.48', 'currency': 'USD'}}, {'feeType': 'FINAL_VALUE_FEE_FIXED_PER_ORDER', 'amount': {'value': '0.44', 'currency': 'USD'}}, {'feeType': 'INTERNATIONAL_FEE', 'amount': {'value': '2.71', 'currency': 'USD'}, 'feeMemo': 'Charged because the delivery address is in United States. Final amount: $182.33.'}]}]",majfree61,171.0,USD,28.63,USD,11.33,USD
FEE-6944624513919_11,7005832579,0,NON_SALE_CHARGE,DEBIT,2025-07-25T07:02:35.112Z,PAYOUT,Promoted Listings - General fee,eBay Commerce Inc.,"[{'referenceId': '357287130629', 'referenceType': 'ITEM_ID'}, {'referenceId': '18-13353-25376', 'referenceType': 'ORDER_ID'}]",AD_FEE,9.38,USD,,,,,,,,,
18-13353-25376,7011500179,0,SALE,CREDIT,2025-07-25T06:59:15.499Z,PAYOUT,,eBay Commerce Inc.,,,136.18,USD,18-13353-25376,"[{'lineItemId': '10077200773418', 'feeBasisAmount': {'value': '170.68', 'currency': 'USD'}, 'marketplaceFees': [{'feeType': 'FINAL_VALUE_FEE', 'amount': {'value': '23.85', 'currency': 'USD'}}, {'feeType': 'FINAL_VALUE_FEE_FIXED_PER_ORDER', 'amount': {'value': '0.44', 'currency': 'USD'}}, {'feeType': 'INTERNATIONAL_FEE', 'amount': {'value': '2.53', 'currency': 'USD'}, 'feeMemo': 'Charged because the delivery address is in United States. Final amount: $170.68.'}]}]",marysoft,163.0,USD,26.82,USD,7.68,USD
FEE-6944298079119_11,7005832579,0,NON_SALE_CHARGE,DEBIT,2025-07-25T03:36:01.563Z,PAYOUT,Promoted Listings - General fee,eBay Commerce Inc.,"[{'referenceId': '357339452468', 'referenceType': 'ITEM_ID'}, {'referenceId': '27-13341-05431', 'referenceType': 'ORDER_ID'}]",AD_FEE,6.24,USD,,,,,,,,,
27-13341-05431,7011500179,0,SALE,CREDIT,2025-07-25T03:32:46.322Z,PAYOUT,,eBay Commerce Inc.,,,85.05,USD,27-13341-05431,"[{'lineItemId': '10077758352527', 'feeBasisAmount': {'value': '113.3', 'currency': 'USD'}, 'marketplaceFees': [{'feeType': 'FINAL_VALUE_FEE', 'amount': {'value': '15.83', 'currency': 'USD'}}, {'feeType': 'FINAL_VALUE_FEE_FIXED_PER_ORDER', 'amount': {'value': '0.44', 'currency': 'USD'}}, {'feeType': 'INTERNATIONAL_FEE', 'amount': {'value': '1.68', 'currency': 'USD'}, 'feeMemo': 'Charged because the delivery address is in Australia. Final amount: $113.30.'}]}]",me-717495,103.0,USD,17.95,USD,10.3,USD
20-13329-48996,6998782267,0,SALE,CREDIT,2025-07-20T06:32:03.870Z,PAYOUT,,eBay Commerce Inc.,,,156.9,USD,20-13329-48996,"[{'lineItemId': '10073444649720', 'feeBasisAmount': {'value': '204.83', 'currency': 'USD'}, 'marketplaceFees': [{'feeType': 'FINAL_VALUE_FEE', 'amount': {'value': '28.61', 'currency': 'USD'}}, {'feeType': 'FINAL_VALUE_FEE_FIXED_PER_ORDER', 'amount': {'value': '0.44', 'currency': 'USD'}}, {'feeType': 'INTERNATIONAL_FEE', 'amount': {'value': '3.05', 'currency': 'USD'}, 'feeMemo': 'Charged because the delivery address is in United States. Final amount: $204.83.'}]}]",ladi7431,189.0,USD,32.1,USD,15.83,USD
07-13346-26708,7005832579,0,SALE,CREDIT,2025-07-20T00:07:11.700Z,PAYOUT,,eBay Commerce Inc.,,,110.34,USD,07-13346-26708,"[{'lineItemId': '10078546798307', 'feeBasisAmount': {'value': '163.19', 'currency': 'USD'}, 'marketplaceFees': [{'feeType': 'FINAL_VALUE_FEE', 'amount': {'value': '22.8', 'currency': 'USD'}}, {'feeType': 'FINAL_VALUE_FEE_FIXED_PER_ORDER', 'amount': {'value': '0.44', 'currency': 'USD'}}, {'feeType': 'INTERNATIONAL_FEE', 'amount': {'value': '2.42', 'currency': 'USD'}, 'feeMemo': 'Charged because the delivery address is in United Kingdom. Final amount: $163.19.'}]}]",label_room,136.0,USD,25.66,USD,27.19,USD
06-13346-09560,6996430579,0,SALE,CREDIT,2025-07-19T15:29:31.100Z,PAYOUT,,eBay Commerce Inc.,,,169.5,USD,06-13346-09560,"[{'lineItemId': '10074339339206', 'feeBasisAmount': {'value': '201.0', 'currency': 'USD'}, 'marketplaceFees': [{'feeType': 'FINAL_VALUE_FEE', 'amount': {'value': '28.08', 'currency': 'USD'}}, {'feeType': 'FINAL_VALUE_FEE_FIXED_PER_ORDER', 'amount': {'value': '0.44', 'currency': 'USD'}}, {'feeType': 'INTERNATIONAL_FEE', 'amount': {'value': '2.98', 'currency': 'USD'}, 'feeMemo': 'Charged because the delivery address is in United States. Final amount: $201.00.'}]}]",606orangutan,201.0,USD,31.5,USD,,
RRP-6533126176-CCM_CHARGE,6985208995,0,REFUND,DEBIT,2025-07-16T22:03:12.833Z,PAYOUT,,eBay Commerce Inc.,"[{'referenceId': '5406477130', 'referenceType': 'CANCELLATION_ID'}]",,94.04,USD,24-13309-59335,"[{'lineItemId': '10073289899224', 'feeBasisAmount': {'value': '139.2', 'currency': 'USD'}, 'marketplaceFees': [{'feeType': 'INTERNATIONAL_FEE', 'amount': {'value': '2.07', 'currency': 'USD'}}, {'feeType': 'FINAL_VALUE_FEE', 'amount': {'value': '19.45', 'currency': 'USD'}}, {'feeType': 'FINAL_VALUE_FEE_FIXED_PER_ORDER', 'amount': {'value': '0.44', 'currency': 'USD'}}]}]",design4yourhome,116.0,USD,21.96,USD,23.2,USD
15-13309-20615,6998782267,0,SALE,CREDIT,2025-07-13T15:38:23.472Z,PAYOUT,,eBay Commerce Inc.,,,103.55,USD,15-13309-20615,"[{'lineItemId': '10073901859315', 'feeBasisAmount': {'value': '123.0', 'currency': 'USD'}, 'marketplaceFees': [{'feeType': 'FINAL_VALUE_FEE', 'amount': {'value': '17.18', 'currency': 'USD'}}, {'feeType': 'FINAL_VALUE_FEE_FIXED_PER_ORDER', 'amount': {'value': '0.44', 'currency': 'USD'}}, {'feeType': 'INTERNATIONAL_FEE', 'amount': {'value': '1.83', 'currency': 'USD'}, 'feeMemo': 'Charged because the delivery address is in Peru. Final amount: $123.00.'}]}]",pe2015.fabr,123.0,USD,19.45,USD,,
24-13309-59335,6985208995,0,SALE,CREDIT,2025-07-12T20:12:40.114Z,PAYOUT,,eBay Commerce Inc.,,,94.04,USD,24-13309-59335,"[{'lineItemId': '10073289899224', 'feeBasisAmount': {'value': '139.2', 'currency': 'USD'}, 'marketplaceFees': [{'feeType': 'FINAL_VALUE_FEE', 'amount': {'value': '19.45', 'currency': 'USD'}}, {'feeType': 'FINAL_VALUE_FEE_FIXED_PER_ORDER', 'amount': {'value': '0.44', 'currency': 'USD'}}, {'feeType': 'INTERNATIONAL_FEE', 'amount': {'value': '2.07', 'currency': 'USD'}, 'feeMemo': 'Charged because the delivery address is in France. Final amount: $139.20.'}]}]",design4yourhome,116.0,USD,21.96,USD,23.2,USD
FEE-6909462218719_11,6982102675,0,NON_SALE_CHARGE,DEBIT,2025-07-12T04:22:09.329Z,PAYOUT,Promoted Listings - General fee,eBay Commerce Inc.,"[{'referenceId': '357249121112', 'referenceType': 'ITEM_ID'}, {'referenceId': '17-13301-87930', 'referenceType': 'ORDER_ID'}]",AD_FEE,15.04,USD,,,,,,,,,
17-13301-87930,6985208995,0,SALE,CREDIT,2025-07-12T04:18:51.698Z,PAYOUT,,eBay Commerce Inc.,,,215.3,USD,17-13301-87930,"[{'lineItemId': '10073868358717', 'feeBasisAmount': {'value': '273.48', 'currency': 'USD'}, 'marketplaceFees': [{'feeType': 'FINAL_VALUE_FEE', 'amount': {'value': '38.2', 'currency': 'USD'}}, {'feeType': 'FINAL_VALUE_FEE_FIXED_PER_ORDER', 'amount': {'value': '0.44', 'currency': 'USD'}}, {'feeType': 'INTERNATIONAL_FEE', 'amount': {'value': '4.06', 'currency': 'USD'}, 'feeMemo': 'Charged because the delivery address is in United States. Final amount: $273.48.'}]}]",lizawinters,258.0,USD,42.7,USD,15.48,USD
20-13297-38059,6989099275,0,SALE,CREDIT,2025-07-12T00:02:21.774Z,PAYOUT,,eBay Commerce Inc.,,,86.74,USD,20-13297-38059,"[{'lineItemId': '10073261114320', 'feeBasisAmount': {'value': '115.24', 'currency': 'USD'}, 'marketplaceFees': [{'feeType': 'FINAL_VALUE_FEE', 'amount': {'value': '16.1', 'currency': 'USD'}}, {'feeType': 'FINAL_VALUE_FEE_FIXED_PER_ORDER', 'amount': {'value': '0.44', 'currency': 'USD'}}, {'feeType': 'INTERNATIONAL_FEE', 'amount': {'value': '1.72', 'currency': 'USD'}, 'feeMemo': 'Charged because the delivery address is in United States. Final amount: $115.24.'}]}]",audretaya_0,105.0,USD,18.26,USD,10.24,USD
FEE-6908462508219_11,6982102675,0,NON_SALE_CHARGE,DEBIT,2025-07-11T18:15:04.529Z,PAYOUT,Promoted Listings - General fee,eBay Commerce Inc.,"[{'referenceId': '357225128837', 'referenceType': 'ITEM_ID'}, {'referenceId': '22-13293-74584', 'referenceType': 'ORDER_ID'}]",AD_FEE,15.87,USD,,,,,,,,,
22-13293-74584,6990484843,0,SALE,CREDIT,2025-07-11T18:11:06.980Z,PAYOUT,,eBay Commerce Inc.,,,223.98,USD,22-13293-74584,"[{'lineItemId': '10073519124822', 'feeBasisAmount': {'value': '288.5', 'currency': 'USD'}, 'marketplaceFees': [{'feeType': 'FINAL_VALUE_FEE', 'amount': {'value': '40.3', 'currency': 'USD'}}, {'feeType': 'FINAL_VALUE_FEE_FIXED_PER_ORDER', 'amount': {'value': '0.44', 'currency': 'USD'}}, {'feeType': 'INTERNATIONAL_FEE', 'amount': {'value': '4.28', 'currency': 'USD'}, 'feeMemo': 'Charged because the delivery address is in United States. Final amount: $288.50.'}]}]",gongoraconstruction-8,269.0,USD,45.02,USD,19.5,USD
05-13289-00168,6982102675,0,SALE,CREDIT,2025-07-04T20:09:46.853Z,PAYOUT,,eBay Commerce Inc.,,,95.45,USD,05-13289-00168,"[{'lineItemId': '10073324645505', 'feeBasisAmount': {'value': '123.63', 'currency': 'USD'}, 'marketplaceFees': [{'feeType': 'FINAL_VALUE_FEE', 'amount': {'value': '17.27', 'currency': 'USD'}}, {'feeType': 'FINAL_VALUE_FEE_FIXED_PER_ORDER', 'amount': {'value': '0.44', 'currency': 'USD'}}, {'feeType': 'INTERNATIONAL_FEE', 'amount': {'value': '1.84', 'currency': 'USD'}, 'feeMemo': 'Charged because the delivery address is in United States. Final amount: $123.63.'}]}]",239dena3362,115.0,USD,19.55,USD,8.63,USD
20976809875,6982102675,0,TRANSFER,CREDIT,2025-07-02T04:33:13.000Z,PAYOUT,TRANSFER_FROM,,,,65.95,USD,,,,,,,,,
INVOICE-6879982403319_11,6982102675,0,NON_SALE_CHARGE,DEBIT,2025-07-01T17:08:11.763Z,PAYOUT,2025-06-30 - 2025-07-30,,,OTHER_FEES,65.95,USD,,,,,,,,,
DISPUTE_HOLD_REVERSE-6518576621-6339531481,6946924051,0,CREDIT,CREDIT,2025-06-23T16:52:22.854Z,PAYOUT,,eBay Commerce Inc.,"[{'referenceId': '5294386264', 'referenceType': 'RETURN_ID'}]",,221.0,USD,21-13151-10071,,divysh-73,,,,,,
RRP-6521787646-CCM_CHARGE,6946924051,0,REFUND,DEBIT,2025-06-23T16:42:06.253Z,PAYOUT,,eBay Commerce Inc.,"[{'referenceId': '5359822555', 'referenceType': 'CASE_ID'}]",,221.0,USD,21-13151-10071,,divysh-73,,,,,,
FEE-6855931676119_11,6946924051,0,NON_SALE_CHARGE,DEBIT,2025-06-23T01:22:56.279Z,PAYOUT,Promoted Listings - General fee,eBay Commerce Inc.,"[{'referenceId': '357104214900', 'referenceType': 'ITEM_ID'}, {'referenceId': '09-13235-51714', 'referenceType': 'ORDER_ID'}]",AD_FEE,2.53,USD,,,,,,,,,
09-13235-51714,6958465339,0,SALE,CREDIT,2025-06-23T01:18:25.548Z,PAYOUT,,eBay Commerce Inc.,,,96.78,USD,09-13235-51714,"[{'lineItemId': '10072816272109', 'feeBasisAmount': {'value': '115.0', 'currency': 'USD'}, 'marketplaceFees': [{'feeType': 'FINAL_VALUE_FEE', 'amount': {'value': '16.07', 'currency': 'USD'}}, {'feeType': 'FINAL_VALUE_FEE_FIXED_PER_ORDER', 'amount': {'value': '0.44', 'currency': 'USD'}}, {'feeType': 'INTERNATIONAL_FEE', 'amount': {'value': '1.71', 'currency': 'USD'}, 'feeMemo': 'Charged because the delivery address is in Canada. Final amount: $115.00.'}]}]",mintchoco_ykc,115.0,USD,18.22,USD,,
DISPUTE_HOLD-6518576621,6938198347,0,DISPUTE,DEBIT,2025-06-16T20:47:56.959Z,PAYOUT,,eBay Commerce Inc.,"[{'referenceId': '5294386264', 'referenceType': 'RETURN_ID'}]",,221.0,USD,21-13151-10071,,divysh-73,,,,,,
10-13208-96476,6946924051,0,SALE,CREDIT,2025-06-16T13:37:57.117Z,PAYOUT,,eBay Commerce Inc.,,,122.14,USD,10-13208-96476,"[{'lineItemId': '10073266531110', 'feeBasisAmount': {'value': '145.0', 'currency': 'USD'}, 'marketplaceFees': [{'feeType': 'FINAL_VALUE_FEE', 'amount': {'value': '20.26', 'currency': 'USD'}}, {'feeType': 'FINAL_VALUE_FEE_FIXED_PER_ORDER', 'amount': {'value': '0.44', 'currency': 'USD'}}, {'feeType': 'INTERNATIONAL_FEE', 'amount': {'value': '2.16', 'currency': 'USD'}, 'feeMemo': 'Charged because the delivery address is in United States. Final amount: $145.00.'}]}]",boucheron100,145.0,USD,22.86,USD,,
FEE-6827115037219_11,6932083459,0,NON_SALE_CHARGE,DEBIT,2025-06-12T06:36:51.603Z,PAYOUT,Promoted Listings - General fee,eBay Commerce Inc.,"[{'referenceId': '357055733187', 'referenceType': 'ITEM_ID'}, {'referenceId': '06-13198-35063', 'referenceType': 'ORDER_ID'}]",AD_FEE,6.42,USD,,,,,,,,,
06-13198-35063,6938198347,0,SALE,CREDIT,2025-06-12T06:33:19.023Z,PAYOUT,,eBay Commerce Inc.,,,220.44,USD,06-13198-35063,"[{'lineItemId': '10073494361806', 'feeBasisAmount': {'value': '291.94', 'currency': 'USD'}, 'marketplaceFees': [{'feeType': 'FINAL_VALUE_FEE', 'amount': {'value': '40.79', 'currency': 'USD'}}, {'feeType': 'FINAL_VALUE_FEE_FIXED_PER_ORDER', 'amount': {'value': '0.44', 'currency': 'USD'}}, {'feeType': 'INTERNATIONAL_FEE', 'amount': {'value': '4.33', 'currency': 'USD'}, 'feeMemo': 'Charged because the delivery address is in United States. Final amount: $291.94.'}]}]",glubglub,266.0,USD,45.56,USD,25.94,USD
FEE-9066894597_42,6932083459,0,NON_SALE_CHARGE,CREDIT,2025-06-09T05:42:08.053Z,PAYOUT,Promoted Listings - General fee,eBay Commerce Inc.,"[{'referenceId': '357055731352', 'referenceType': 'ITEM_ID'}, {'referenceId': '27-13153-88621', 'referenceType': 'ORDER_ID'}]",AD_FEE,4.58,USD,,,,,,,,,
RRP-6514598362-CCM_CHARGE,6932083459,0,REFUND,DEBIT,2025-06-09T05:33:44.068Z,PAYOUT,,eBay Commerce Inc.,"[{'referenceId': '5402565322', 'referenceType': 'CANCELLATION_ID'}]",,156.43,USD,27-13153-88621,"[{'lineItemId': '10076687156227', 'feeBasisAmount': {'value': '207.9', 'currency': 'USD'}, 'marketplaceFees': [{'feeType': 'INTERNATIONAL_FEE', 'amount': {'value': '3.09', 'currency': 'USD'}}, {'feeType': 'FINAL_VALUE_FEE', 'amount': {'value': '29.04', 'currency': 'USD'}}, {'feeType': 'FINAL_VALUE_FEE_FIXED_PER_ORDER', 'amount': {'value': '0.44', 'currency': 'USD'}}]}]",greeneliasmiles,189.0,USD,32.57,USD,18.9,USD
FEE-6815692759919_11,6932083459,0,NON_SALE_CHARGE,DEBIT,2025-06-08T06:55:18.725Z,PAYOUT,Promoted Listings - General fee,eBay Commerce Inc.,"[{'referenceId': '357055731352', 'referenceType': 'ITEM_ID'}, {'referenceId': '27-13153-88621', 'referenceType': 'ORDER_ID'}]",AD_FEE,4.58,USD,,,,,,,,,
27-13153-88621,6932083459,0,SALE,CREDIT,2025-06-08T06:50:48.743Z,PAYOUT,,eBay Commerce Inc.,,,156.43,USD,27-13153-88621,"[{'lineItemId': '10076687156227', 'feeBasisAmount': {'value': '207.9', 'currency': 'USD'}, 'marketplaceFees': [{'feeType': 'FINAL_VALUE_FEE', 'amount': {'value': '29.04', 'currency': 'USD'}}, {'feeType': 'FINAL_VALUE_FEE_FIXED_PER_ORDER', 'amount': {'value': '0.44', 'currency': 'USD'}}, {'feeType': 'INTERNATIONAL_FEE', 'amount': {'value': '3.09', 'currency': 'USD'}, 'feeMemo': 'Charged because the delivery address is in Australia. Final amount: $207.90.'}]}]",greeneliasmiles,189.0,USD,32.57,USD,18.9,USD
FEE-9063024249_42,6932083459,0,NON_SALE_CHARGE,CREDIT,2025-06-07T22:31:09.745Z,PAYOUT,Promoted Listings - General fee,eBay Commerce Inc.,"[{'referenceId': '357003412973', 'referenceType': 'ITEM_ID'}, {'referenceId': '27-13139-40228', 'referenceType': 'ORDER_ID'}]",AD_FEE,4.53,USD,,,,,,,,,
RRP-6514244785-CCM_CHARGE,6932083459,0,REFUND,DEBIT,2025-06-07T22:23:42.217Z,PAYOUT,,eBay Commerce Inc.,"[{'referenceId': '5402401302', 'referenceType': 'CANCELLATION_ID'}]",,159.73,USD,27-13139-40228,"[{'lineItemId': '10076605038127', 'feeBasisAmount': {'value': '205.92', 'currency': 'USD'}, 'marketplaceFees': [{'feeType': 'INTERNATIONAL_FEE', 'amount': {'value': '3.06', 'currency': 'USD'}}, {'feeType': 'FINAL_VALUE_FEE', 'amount': {'value': '28.77', 'currency': 'USD'}}, {'feeType': 'FINAL_VALUE_FEE_FIXED_PER_ORDER', 'amount': {'value': '0.44', 'currency': 'USD'}}]}]",mcdlib,192.0,USD,32.27,USD,13.92,USD
FEE-6808357957719_11,6932083459,0,NON_SALE_CHARGE,DEBIT,2025-06-05T15:40:41.862Z,PAYOUT,Promoted Listings - General fee,eBay Commerce Inc.,"[{'referenceId': '356980254242', 'referenceType': 'ITEM_ID'}, {'referenceId': '21-13151-10071', 'referenceType': 'ORDER_ID'}]",AD_FEE,5.28,USD,,,,,,,,,
21-13151-10071,6938198347,0,SALE,CREDIT,2025-06-05T15:37:12.852Z,PAYOUT,,eBay Commerce Inc.,,,183.46,USD,21-13151-10071,"[{'lineItemId': '10077613333421', 'feeBasisAmount': {'value': '240.06', 'currency': 'USD'}, 'marketplaceFees': [{'feeType': 'FINAL_VALUE_FEE', 'amount': {'value': '33.54', 'currency': 'USD'}}, {'feeType': 'FINAL_VALUE_FEE_FIXED_PER_ORDER', 'amount': {'value': '0.44', 'currency': 'USD'}}, {'feeType': 'INTERNATIONAL_FEE', 'amount': {'value': '3.56', 'currency': 'USD'}, 'feeMemo': 'Charged because the delivery address is in United States. Final amount: $240.06.'}]}]",divysh-73,221.0,USD,37.54,USD,19.06,USD
FEE-6805563434019_11,6932083459,0,NON_SALE_CHARGE,DEBIT,2025-06-04T15:19:59.398Z,PAYOUT,Promoted Listings - General fee,eBay Commerce Inc.,"[{'referenceId': '357003412973', 'referenceType': 'ITEM_ID'}, {'referenceId': '27-13139-40228', 'referenceType': 'ORDER_ID'}]",AD_FEE,4.53,USD,,,,,,,,,
27-13139-40228,6932083459,0,SALE,CREDIT,2025-06-04T15:15:45.552Z,PAYOUT,,eBay Commerce Inc.,,,159.73,USD,27-13139-40228,"[{'lineItemId': '10076605038127', 'feeBasisAmount': {'value': '205.92', 'currency': 'USD'}, 'marketplaceFees': [{'feeType': 'FINAL_VALUE_FEE', 'amount': {'value': '28.77', 'currency': 'USD'}}, {'feeType': 'FINAL_VALUE_FEE_FIXED_PER_ORDER', 'amount': {'value': '0.44', 'currency': 'USD'}}, {'feeType': 'INTERNATIONAL_FEE', 'amount': {'value': '3.06', 'currency': 'USD'}, 'feeMemo': 'Charged because the delivery address is in United States. Final amount: $205.92.'}]}]",mcdlib,192.0,USD,32.27,USD,13.92,USD
FEE-6803145165319_11,6932083459,0,NON_SALE_CHARGE,DEBIT,2025-06-03T17:35:47.340Z,PAYOUT,Promoted Listings - General fee,eBay Commerce Inc.,"[{'referenceId': '356955529072', 'referenceType': 'ITEM_ID'}, {'referenceId': '16-13149-78113', 'referenceType': 'ORDER_ID'}]",AD_FEE,14.85,USD,,,,,,,,,
16-13149-78113,6932083459,0,SALE,CREDIT,2025-06-03T17:33:04.626Z,PAYOUT,,eBay Commerce Inc.,,,570.24,USD,16-13149-78113,"[{'lineItemId': '10072915663916', 'feeBasisAmount': {'value': '675.0', 'currency': 'USD'}, 'marketplaceFees': [{'feeType': 'FINAL_VALUE_FEE', 'amount': {'value': '94.3', 'currency': 'USD'}}, {'feeType': 'FINAL_VALUE_FEE_FIXED_PER_ORDER', 'amount': {'value': '0.44', 'currency': 'USD'}}, {'feeType': 'INTERNATIONAL_FEE', 'amount': {'value': '10.02', 'currency': 'USD'}, 'feeMemo': 'Charged because the delivery address is in United Arab Emirates. Final amount: $675.00.'}]}]",msj_93,675.0,USD,104.76,USD,,
INVOICE-51c4c287b5f3620503d9fd32ec1a29ed_182,6915069067,0,ADJUSTMENT,CREDIT,2025-06-02T19:17:21.558Z,PAYOUT,TAX Only Credit,,,,0.02,USD,,,,,,,,,
INVOICE-6797871384019_11,6915069067,0,NON_SALE_CHARGE,DEBIT,2025-06-01T17:25:01.531Z,PAYOUT,2025-05-31 - 2025-06-29,,,OTHER_FEES,65.95,USD,,,,,,,,,
FEE-6786717758819_11,6915069067,0,NON_SALE_CHARGE,DEBIT,2025-05-28T03:52:25.496Z,PAYOUT,Promoted Listings - General fee,eBay Commerce Inc.,"[{'referenceId': '356955528374', 'referenceType': 'ITEM_ID'}, {'referenceId': '03-13139-30931', 'referenceType': 'ORDER_ID'}]",AD_FEE,3.51,USD,,,,,,,,,
03-13139-30931,6915069067,0,SALE,CREDIT,2025-05-28T03:47:46.393Z,PAYOUT,,eBay Commerce Inc.,,,119.9,USD,03-13139-30931,"[{'lineItemId': '10073114560003', 'feeBasisAmount': {'value': '159.5', 'currency': 'USD'}, 'marketplaceFees': [{'feeType': 'FINAL_VALUE_FEE', 'amount': {'value': '22.29', 'currency': 'USD'}}, {'feeType': 'FINAL_VALUE_FEE_FIXED_PER_ORDER', 'amount': {'value': '0.44', 'currency': 'USD'}}, {'feeType': 'INTERNATIONAL_FEE', 'amount': {'value': '2.37', 'currency': 'USD'}, 'feeMemo': 'Charged because the delivery address is in Australia. Final amount: $159.50.'}]}]",bimboshop,145.0,USD,25.1,USD,14.5,USD
FEE-6783717673819_11,6915069067,0,NON_SALE_CHARGE,DEBIT,2025-05-27T00:59:52.289Z,PAYOUT,Promoted Listings - General fee,eBay Commerce Inc.,"[{'referenceId': '356941874846', 'referenceType': 'ITEM_ID'}, {'referenceId': '19-13113-93339', 'referenceType': 'ORDER_ID'}]",AD_FEE,6.96,USD,,,,,,,,,
19-13113-93339,6915069067,0,SALE,CREDIT,2025-05-27T00:56:00.406Z,PAYOUT,,eBay Commerce Inc.,,,237.65,USD,19-13113-93339,"[{'lineItemId': '10072675317619', 'feeBasisAmount': {'value': '316.42', 'currency': 'USD'}, 'marketplaceFees': [{'feeType': 'FINAL_VALUE_FEE', 'amount': {'value': '44.21', 'currency': 'USD'}}, {'feeType': 'FINAL_VALUE_FEE_FIXED_PER_ORDER', 'amount': {'value': '0.44', 'currency': 'USD'}}, {'feeType': 'INTERNATIONAL_FEE', 'amount': {'value': '4.7', 'currency': 'USD'}, 'feeMemo': 'Charged because the delivery address is in United States. Final amount: $316.42.'}]}]",linfos6997,287.0,USD,49.35,USD,29.42,USD
RRP-6504030571-CCM_CHARGE,6899240227,0,REFUND,DEBIT,2025-05-18T23:15:09.038Z,PAYOUT,,eBay Commerce Inc.,"[{'referenceId': '5400319084', 'referenceType': 'CANCELLATION_ID'}]",,121.62,USD,02-13101-81432,"[{'lineItemId': '10072292265302', 'feeBasisAmount': {'value': '161.33', 'currency': 'USD'}, 'marketplaceFees': [{'feeType': 'INTERNATIONAL_FEE', 'amount': {'value': '2.4', 'currency': 'USD'}}, {'feeType': 'FINAL_VALUE_FEE', 'amount': {'value': '22.54', 'currency': 'USD'}}, {'feeType': 'FINAL_VALUE_FEE_FIXED_PER_ORDER', 'amount': {'value': '0.44', 'currency': 'USD'}}]}]",sdtnyc,147.0,USD,25.38,USD,14.33,USD
02-13101-81432,6899240227,0,SALE,CREDIT,2025-05-18T15:10:23.583Z,PAYOUT,,eBay Commerce Inc.,,,121.62,USD,02-13101-81432,"[{'lineItemId': '10072292265302', 'feeBasisAmount': {'value': '161.33', 'currency': 'USD'}, 'marketplaceFees': [{'feeType': 'FINAL_VALUE_FEE', 'amount': {'value': '22.54', 'currency': 'USD'}}, {'feeType': 'FINAL_VALUE_FEE_FIXED_PER_ORDER', 'amount': {'value': '0.44', 'currency': 'USD'}}, {'feeType': 'INTERNATIONAL_FEE', 'amount': {'value': '2.4', 'currency': 'USD'}, 'feeMemo': 'Charged because the delivery address is in United States. Final amount: $161.33.'}]}]",sdtnyc,147.0,USD,25.38,USD,14.33,USD
14-13038-97200,6884606803,0,SALE,CREDIT,2025-05-06T15:27:27.654Z,PAYOUT,,eBay Commerce Inc.,,,254.04,USD,14-13038-97200,"[{'lineItemId': '10072201568514', 'feeBasisAmount': {'value': '301.0', 'currency': 'USD'}, 'marketplaceFees': [{'feeType': 'FINAL_VALUE_FEE', 'amount': {'value': '42.05', 'currency': 'USD'}}, {'feeType': 'FINAL_VALUE_FEE_FIXED_PER_ORDER', 'amount': {'value': '0.44', 'currency': 'USD'}}, {'feeType': 'INTERNATIONAL_FEE', 'amount': {'value': '4.47', 'currency': 'USD'}, 'feeMemo': 'Charged because the delivery address is in United States. Final amount: $301.00.'}]}]",lisco-ny,301.0,USD,46.96,USD,,
RRP-6497161405-CCM_CHARGE,6884606803,0,REFUND,DEBIT,2025-05-05T04:08:36.144Z,PAYOUT,,eBay Commerce Inc.,"[{'referenceId': '5398873634', 'referenceType': 'CANCELLATION_ID'}]",,242.9,USD,01-13046-71985,"[{'lineItemId': '10071769440301', 'feeBasisAmount': {'value': '327.81', 'currency': 'USD'}, 'marketplaceFees': [{'feeType': 'INTERNATIONAL_FEE', 'amount': {'value': '4.87', 'currency': 'USD'}}, {'feeType': 'FINAL_VALUE_FEE', 'amount': {'value': '45.79', 'currency': 'USD'}}, {'feeType': 'FINAL_VALUE_FEE_FIXED_PER_ORDER', 'amount': {'value': '0.44', 'currency': 'USD'}}]}]",mive-11,294.0,USD,51.1,USD,33.81,USD
01-13046-71985,6884606803,0,SALE,CREDIT,2025-05-04T15:52:05.259Z,PAYOUT,,eBay Commerce Inc.,,,242.9,USD,01-13046-71985,"[{'lineItemId': '10071769440301', 'feeBasisAmount': {'value': '327.81', 'currency': 'USD'}, 'marketplaceFees': [{'feeType': 'FINAL_VALUE_FEE', 'amount': {'value': '45.79', 'currency': 'USD'}}, {'feeType': 'FINAL_VALUE_FEE_FIXED_PER_ORDER', 'amount': {'value': '0.44', 'currency': 'USD'}}, {'feeType': 'INTERNATIONAL_FEE', 'amount': {'value': '4.87', 'currency': 'USD'}, 'feeMemo': 'Charged because the delivery address is in Puerto Rico. Final amount: $327.81.'}]}]",mive-11,294.0,USD,51.1,USD,33.81,USD
FEE-6721221563319_11,6884606803,0,NON_SALE_CHARGE,DEBIT,2025-05-03T11:22:53.862Z,PAYOUT,Promoted Listings - General fee,eBay Commerce Inc.,"[{'referenceId': '356822336611', 'referenceType': 'ITEM_ID'}, {'referenceId': '19-13019-23264', 'referenceType': 'ORDER_ID'}]",AD_FEE,5.06,USD,,,,,,,,,
19-13019-23264,6887673691,0,SALE,CREDIT,2025-05-03T11:19:14.650Z,PAYOUT,,eBay Commerce Inc.,,,194.01,USD,19-13019-23264,"[{'lineItemId': '10072077294119', 'feeBasisAmount': {'value': '230.0', 'currency': 'USD'}, 'marketplaceFees': [{'feeType': 'FINAL_VALUE_FEE', 'amount': {'value': '32.13', 'currency': 'USD'}}, {'feeType': 'FINAL_VALUE_FEE_FIXED_PER_ORDER', 'amount': {'value': '0.44', 'currency': 'USD'}}, {'feeType': 'INTERNATIONAL_FEE', 'amount': {'value': '3.42', 'currency': 'USD'}, 'feeMemo': 'Charged because the delivery address is in United Kingdom. Final amount: $230.00.'}]}]",asereth1025,230.0,USD,35.99,USD,,
FEE-8936918231_42,6884606803,0,NON_SALE_CHARGE,CREDIT,2025-05-03T06:40:57.928Z,PAYOUT,Promoted Listings - General fee,eBay Commerce Inc.,"[{'referenceId': '356788911215', 'referenceType': 'ITEM_ID'}, {'referenceId': '16-13001-45937', 'referenceType': 'ORDER_ID'}]",AD_FEE,4.73,USD,,,,,,,,,
RRP-6496590682-CCM_CHARGE,6884606803,0,REFUND,DEBIT,2025-05-03T06:31:43.424Z,PAYOUT,,eBay Commerce Inc.,"[{'referenceId': '5398695583', 'referenceType': 'CANCELLATION_ID'}]",,181.33,USD,16-13001-45937,"[{'lineItemId': '10071982992016', 'feeBasisAmount': {'value': '215.0', 'currency': 'USD'}, 'marketplaceFees': [{'feeType': 'INTERNATIONAL_FEE', 'amount': {'value': '3.19', 'currency': 'USD'}}, {'feeType': 'FINAL_VALUE_FEE', 'amount': {'value': '30.04', 'currency': 'USD'}}, {'feeType': 'FINAL_VALUE_FEE_FIXED_PER_ORDER', 'amount': {'value': '0.44', 'currency': 'USD'}}]}]",asereth1025,215.0,USD,33.67,USD,,
REFUND_CHARGE-6496590682,6884606803,0,TRANSFER,CREDIT,2025-05-03T06:31:43.135Z,PAYOUT,TRANSFER_FROM,,,,181.33,USD,,,,,,,,,
INVOICE-6716797101219_11,6884606803,0,NON_SALE_CHARGE,DEBIT,2025-05-01T17:29:55.536Z,PAYOUT,2025-04-30 - 2025-05-30,,,OTHER_FEES,65.95,USD,,,,,,,,,
09-13018-09363,6884606803,0,SALE,CREDIT,2025-04-29T22:44:16.446Z,PAYOUT,,eBay Commerce Inc.,,,118.26,USD,09-13018-09363,"[{'lineItemId': '10071570377509', 'feeBasisAmount': {'value': '176.66', 'currency': 'USD'}, 'marketplaceFees': [{'feeType': 'FINAL_VALUE_FEE', 'amount': {'value': '24.68', 'currency': 'USD'}}, {'feeType': 'FINAL_VALUE_FEE_FIXED_PER_ORDER', 'amount': {'value': '0.44', 'currency': 'USD'}}, {'feeType': 'INTERNATIONAL_FEE', 'amount': {'value': '2.62', 'currency': 'USD'}, 'feeMemo': 'Charged because the delivery address is in Netherlands. Final amount: $176.66.'}]}]",zh191185,146.0,USD,27.74,USD,30.66,USD
FEE-6710568188919_11,6865898083,0,NON_SALE_CHARGE,DEBIT,2025-04-29T18:53:26.251Z,PAYOUT,Promoted Listings - General fee,eBay Commerce Inc.,"[{'referenceId': '356826376169', 'referenceType': 'ITEM_ID'}, {'referenceId': '03-13024-86563', 'referenceType': 'ORDER_ID'}]",AD_FEE,4.73,USD,,,,,,,,,
03-13024-86563,6899240227,0,SALE,CREDIT,2025-04-29T18:48:11.842Z,PAYOUT,,eBay Commerce Inc.,,,181.33,USD,03-13024-86563,"[{'lineItemId': '10072458180103', 'feeBasisAmount': {'value': '215.0', 'currency': 'USD'}, 'marketplaceFees': [{'feeType': 'FINAL_VALUE_FEE', 'amount': {'value': '30.04', 'currency': 'USD'}}, {'feeType': 'FINAL_VALUE_FEE_FIXED_PER_ORDER', 'amount': {'value': '0.44', 'currency': 'USD'}}, {'feeType': 'INTERNATIONAL_FEE', 'amount': {'value': '3.19', 'currency': 'USD'}, 'feeMemo': 'Charged because the delivery address is in United States. Final amount: $215.00.'}]}]",nimukham0,215.0,USD,33.67,USD,,
FEE-6706526487819_11,6865898083,0,NON_SALE_CHARGE,DEBIT,2025-04-28T05:26:55.579Z,PAYOUT,Promoted Listings - General fee,eBay Commerce Inc.,"[{'referenceId': '356788911215', 'referenceType': 'ITEM_ID'}, {'referenceId': '16-13001-45937', 'referenceType': 'ORDER_ID'}]",AD_FEE,4.73,USD,,,,,,,,,
16-13001-45937,6865898083,0,SALE,CREDIT,2025-04-28T05:23:13.505Z,PAYOUT,,eBay Commerce Inc.,,,181.33,USD,16-13001-45937,"[{'lineItemId': '10071982992016', 'feeBasisAmount': {'value': '215.0', 'currency': 'USD'}, 'marketplaceFees': [{'feeType': 'FINAL_VALUE_FEE', 'amount': {'value': '30.04', 'currency': 'USD'}}, {'feeType': 'FINAL_VALUE_FEE_FIXED_PER_ORDER', 'amount': {'value': '0.44', 'currency': 'USD'}}, {'feeType': 'INTERNATIONAL_FEE', 'amount': {'value': '3.19', 'currency': 'USD'}, 'feeMemo': 'Charged because the delivery address is in United Kingdom. Final amount: $215.00.'}]}]",asereth1025,215.0,USD,33.67,USD,,
RRP-6492414771-CCM_CHARGE,6865898083,0,REFUND,DEBIT,2025-04-24T13:59:10.380Z,PAYOUT,,eBay Commerce Inc.,"[{'referenceId': '5397806165', 'referenceType': 'CANCELLATION_ID'}]",,181.9,USD,06-12954-36776,"[{'lineItemId': '10072094073706', 'feeBasisAmount': {'value': '237.25', 'currency': 'USD'}, 'marketplaceFees': [{'feeType': 'INTERNATIONAL_FEE', 'amount': {'value': '3.52', 'currency': 'USD'}}, {'feeType': 'FINAL_VALUE_FEE', 'amount': {'value': '33.14', 'currency': 'USD'}}, {'feeType': 'FINAL_VALUE_FEE_FIXED_PER_ORDER', 'amount': {'value': '0.44', 'currency': 'USD'}}]}]",apoketavern,219.0,USD,37.1,USD,18.25,USD
REFUND_CHARGE-6492414771,6865898083,0,TRANSFER,CREDIT,2025-04-24T13:59:10.028Z,PAYOUT,TRANSFER_FROM,,,,181.9,USD,,,,,,,,,
21-12955-51038,6850959643,0,SALE,CREDIT,2025-04-17T23:12:13.045Z,PAYOUT,,eBay Commerce Inc.,,,288.05,USD,21-12955-51038,"[{'lineItemId': '10076491432521', 'feeBasisAmount': {'value': '365.7', 'currency': 'USD'}, 'marketplaceFees': [{'feeType': 'FINAL_VALUE_FEE', 'amount': {'value': '51.08', 'currency': 'USD'}}, {'feeType': 'FINAL_VALUE_FEE_FIXED_PER_ORDER', 'amount': {'value': '0.44', 'currency': 'USD'}}, {'feeType': 'INTERNATIONAL_FEE', 'amount': {'value': '5.43', 'currency': 'USD'}, 'feeMemo': 'Charged because the delivery address is in United States. Final amount: $365.70.'}]}]",jaimzv,345.0,USD,56.95,USD,20.7,USD
