item-name	item-description	listing-id	seller-sku	price	quantity	open-date	image-url	item-is-marketplace	product-id-type	zshop-shipping-fee	item-note	item-condition	zshop-category1	zshop-browse-path	zshop-storefront-feature	asin1	asin2	asin3	will-ship-internationally	expedited-shipping	zshop-boldface	product-id	bid-for-featured-placement	add-delete	pending-quantity	fulfillment-channel	merchant-shipping-group	status
Handel: Organ Concertos, Opp. 4 & 7 [Audio CD]		0129HM7WJ8G	B000000SKA	116.77	1	2026-01-28 16:24:46 PST		y	1			11				B000000SKA						B000000SKA			0	DEFAULT	Migrated Template	Active
Boccherini: String Quartets Op. 32 [Audio CD] Luigi Boccherini and Quartetto Esterhazy		0129HM825AR	B000000SON	80.3	1	2026-01-28 16:24:46 PST		y	1			11				B000000SON						B000000SON			0	DEFAULT	Migrated Template	Active
Beethoven: Missa Solemnis & Mass in C Major [Audio CD] Beethoven, Ludwig van; Carlo Maria Giulini; London Philharmonic Orchestra; New Philharmonia Orchestra; Janet Baker; Elly Ameling; Heather Harper; Robert Tear and Theo Altmeyer		0129HM8CVGF	B000006DEQ	66.86	1	2026-01-28 16:24:46 PST		y	1			11				B000006DEQ						B000006DEQ			0	DEFAULT	Migrated Template	Active
Neon Genesis Evangelion - Death [Audio CD]		0129HM60WA7	B000007VS7	50.13	1	2026-01-28 16:24:46 PST		y	1			11				B000007VS7						B000007VS7			0	DEFAULT	Migrated Template	Active
Motel Shot [Audio CD] Delaney & Bonnie		0120HSCYTTU	B0000088TA	73.72	1	2026-01-20 01:10:21 PST		y	1			11				B0000088TA						B0000088TA			0	DEFAULT	Migrated Template	Active
Birthday [Audio CD]		0129HM8GTTO	B00000I78Q	72.21	1	2026-01-28 16:24:46 PST		y	1			11				B00000I78Q						B00000I78Q			0	DEFAULT	Migrated Template	Active
Believe [Audio CD] HAREM SCAREM		0129HM3NQPV	B000026SWH	55.36	1	2026-01-28 16:24:46 PST		y	1			11				B000026SWH						B000026SWH			0	DEFAULT	Migrated Template	Active
Big Hits & Jetlags: 1991-1995 [Audio CD] PIZZICATO FIVE		0129HM8HYQ7	B000026WL6	83.66	1	2026-01-28 16:24:46 PST		y	1			11				B000026WL6						B000026WL6			0	DEFAULT	Migrated Template	Active
Genso Suikoden II 2 [Audio CD] Miki Higashino		0129HM855WX	B000026WP2	57.11	1	2026-01-28 16:24:46 PST		y	1			11				B000026WP2						B000026WP2			0	DEFAULT	Migrated Template	Active
Pocket Monster Sound Anime Collection [Audio CD] ANIMATION		0120HRR8SI0	B000034CKB	107.13	1	2026-01-20 01:10:21 PST		y	1			11				B000034CKB						B000034CKB			0	DEFAULT	Migrated Template	Active
Bali [Audio CD] Jalan Jalan		0129HM3ID06	B00003WG81	60.29	1	2026-01-28 16:24:46 PST		y	1			11				B00003WG81						B00003WG81			0	DEFAULT	Migrated Template	Active
Little Bit Of Something [Audio CD] GUERRERO,TOMMY		0131HVNX9GU	B00004SDQ6	82.43	1	2026-01-31 03:56:41 PST		y	1			11				B00004SDQ6						B00004SDQ6			0	DEFAULT	Migrated Template	Active
Turn A Gundam Original Soundtrack 3 [Audio CD] Japanimation and Yoko Kanno		0129HM8I4OI	B00004TZ88	62.54	1	2026-01-28 16:24:46 PST		y	1			11				B00004TZ88						B00004TZ88			0	DEFAULT	Migrated Template	Active
Verdi: Otello [Audio CD] Verdi, Giuseppe; Franco Capuana; Orchestra Sinfonica di Torino della RAI Radiotelevisione; RAI Symphony Ochestra, Turin; Alberto Albertini; Angelo Mercuriali; Carlos Guichandut; Cesy Broggini; Giuseppe Taddei; Marco Stefanoni; Rina Corsi and Tommaso Soley		0120HSGMIMU	B00004YYRG	65.09	1	2026-01-20 01:52:46 PST		y	1			11				B00004YYRG						B00004YYRG			0	DEFAULT	Migrated Template	Active
Music [Audio CD] Madonna		1218FX8VJO9	B000051T35	80.32	1	2025-12-17 16:39:18 PST		y	1			11				B000051T35						B000051T35			0	DEFAULT	Venesplo_2601	Active
Vic's Boston Story [Audio CD]		0129HM5VSQB	B00005632R	80.8	1	2026-01-28 16:24:46 PST		y	1			11				B00005632R						B00005632R			0	DEFAULT	Migrated Template	Active
Gp [Audio CD]		0120HRRC4SD	B0000565XH	83.14	1	2026-01-20 01:10:21 PST		y	1			11				B0000565XH						B0000565XH			0	DEFAULT	Migrated Template	Active
Makita 9404 4" x 24" Belt Sander, with Variable Speed , Blue		0120HSF70DX	B000056NOA	442.81	1	2026-01-20 01:52:46 PST		y	1			11				B000056NOA						B000056NOA			0	DEFAULT	Migrated Template	Active
End of Evangelion [Audio CD]		0129HM5E7MB	B000058A78	82.01	1	2026-01-28 16:24:46 PST		y	1			11				B000058A78						B000058A78			0	DEFAULT	Migrated Template	Active
Oro-Akira Ifukube Science Fiction Symphony Fantasy [Audio CD] 日本フィルハーモニー交響楽団; 伊福部昭 and 広上淳一		0120HSC1NTW	B00005F6IN	57.17	1	2026-01-20 01:10:21 PST		y	1			11				B00005F6IN						B00005F6IN			0	DEFAULT	Migrated Template	Active
Rurouni Kenshin "Tsuioku Hen Special Edition" [DVD]		0129HM602L4	B00005GAIE	103.88	1	2026-01-28 16:24:46 PST		y	1			11				B00005GAIE						B00005GAIE			0	DEFAULT	Migrated Template	Active
Steal Napoleon's Dictionary - Lupin III TV Special Vol. 3 (DVD) [DVD]		0120HSE4IF1	B00005H09K	73.7	1	2026-01-20 01:10:21 PST		y	1			11				B00005H09K						B00005H09K			0	DEFAULT	Migrated Template	Active
Soundtrack Collection by Yasujiro Ozu [Audio CD] 映画主題歌 and サントラ		0129HM3NJKD	B00005H0I7	57.76	1	2026-01-28 16:24:46 PST		y	1			11				B00005H0I7						B00005H0I7			0	DEFAULT	Migrated Template	Active
Banzai Attack [Audio CD] Jitterin Jinn		0129HM6BQ23	B00005HNA6	81.84	1	2026-01-28 16:24:46 PST		y	1			11				B00005HNA6						B00005HNA6			0	DEFAULT	Migrated Template	Active
Kaishu Katsu, DVD [DVD]		0129HM7YO47	B00005HP9W	84.12	1	2026-01-28 16:24:46 PST		y	1			11				B00005HP9W						B00005HP9W			0	DEFAULT	Migrated Template	Active
Loudness: Eurobounds [Region 2] [DVD]		0129HM9BKMR	B00005HQQU	66.69	1	2026-01-28 16:24:46 PST		y	1			11				B00005HQQU						B00005HQQU			0	DEFAULT	Migrated Template	Active
once upon a time in Yokohama ~B'z LIVE-GYM'99 "Brotherhood" ~ DVD [DVD]		0129HM6BQ5A	B00005HVFU	71.77	1	2026-01-28 16:24:46 PST		y	1			11				B00005HVFU						B00005HVFU			0	DEFAULT	Migrated Template	Active
Transfer Student DVD [DVD]		0129HM7UQN1	B00005HXBN	72.17	1	2026-01-28 16:24:46 PST		y	1			11				B00005HXBN						B00005HXBN			0	DEFAULT	Migrated Template	Active
Straight News Vol. 1 DVD [DVD]		0120HSBX0LS	B00005HXBQ	71.12	1	2026-01-20 01:10:21 PST		y	1			11				B00005HXBQ						B00005HXBQ			0	DEFAULT	Migrated Template	Active
Nobuhiko Obayashi Youth Memoirs DVD Special Edition [DVD]		0120HSMMCA6	B00005HYXO	88.13	1	2026-01-20 01:52:46 PST		y	1			11				B00005HYXO						B00005HYXO			0	DEFAULT	Migrated Template	Active
Summer Vacation in 1999 (DVD) [DVD]		0129HM6AOU3	B00005LPF5	77.44	1	2026-01-28 16:24:46 PST		y	1			11				B00005LPF5						B00005LPF5			0	DEFAULT	Migrated Template	Active
Kindaichi Shonen Case Files (DVD) [DVD]		0120HSOLL4S	B00005NJWZ	69.56	1	2026-01-20 01:52:46 PST		y	1			11				B00005NJWZ						B00005NJWZ			0	DEFAULT	Migrated Template	Active
Kiyoshi Hikawa Challenge Stage in Nakano Sunplaza DVD [DVD]		0120HSU8GOV	B00005OLLK	65.64	1	2026-01-20 01:52:46 PST		y	1			11				B00005OLLK						B00005OLLK			0	DEFAULT	Migrated Template	Active
Makita PV7001C 7'' Vertical Polisher , Blue		0227H2A2MPV	B00005Q7CH	333.92	1	2026-02-26 19:40:56 PST		y	1			11				B00005Q7CH						B00005Q7CH			0	DEFAULT	Migrated Template	Active
VAP YEARS 1982~1984 [Audio CD] PINK CLOUD; 加部正義; ジョニー吉長; 竹中尚人 and 金子マリ		0129HM7NYI8	B00005QWOW	96.12	1	2026-01-28 16:24:46 PST		y	1			11				B00005QWOW						B00005QWOW			0	DEFAULT	Migrated Template	Active
Phoenix Hibari Misora in Tokyo Dome [DVD]		0129HM847AH	B00005RUTF	64.07	1	2026-01-28 16:24:46 PST		y	1			11				B00005RUTF						B00005RUTF			0	DEFAULT	Migrated Template	Active
Dead or Alive 3 [Japan Import] [video game]		0131HVPNZ1Y	B00005V8XH	62.16	1	2026-01-31 03:56:41 PST		y	1			11				B00005V8XH						B00005V8XH			0	DEFAULT	Migrated Template	Active
Very Best of Harem Scarem [Audio CD] HAREM SCAREM		0129HM7N80N	B00005YX0M	73.98	1	2026-01-28 16:24:46 PST		y	1			11				B00005YX0M						B00005YX0M			0	DEFAULT	Migrated Template	Active
Makita 9032 3/8" x 21" Belt Sander , Blue		0227H2EDC6C	B0000614UT	265.52	1	2026-02-26 19:40:56 PST		y	1			11				B0000614UT						B0000614UT			0	DEFAULT	Migrated Template	Active
Let's Go! Anpanman Dinosaur Nossey's Great Adventure DVD [DVD]		1224FGI6QP9	B000063EGP	56.92	1	2025-12-23 17:14:44 PST		y	1			11				B000063EGP						B000063EGP			0	DEFAULT	Venesplo_2601	Active
Elnard (The 7th Saga), Super Famicom (Super NES Japanese Import) [video game]		0303HH11XF6	B000068HWI	142.16	1	2026-03-02 18:51:29 PST		y	1			11				B000068HWI						B000068HWI			0	DEFAULT	Migrated Template	Active
Slayers Royal [Japan Import] [video game]		0129HM7SMQ9	B000069URM	159.4	1	2026-01-28 16:24:46 PST		y	1			11				B000069URM						B000069URM			0	DEFAULT	Migrated Template	Active
Mach Go Go Go Music File Round-2 [Audio CD] Koshibe Nobuyoshi		0129HM5CA63	B00006GJGF	59.15	1	2026-01-28 16:24:46 PST		y	1			11				B00006GJGF						B00006GJGF			0	DEFAULT	Migrated Template	Active
Thank you,my twilight [Audio CD] the pillows		0129HM5BL9L	B00006JLEQ	83.36	1	2026-01-28 16:24:46 PST		y	1			11				B00006JLEQ						B00006JLEQ			0	DEFAULT	Migrated Template	Active
Let's Go! Anpanman Ousubiman DVD [DVD]		0129HM7PWS8	B00007JMLK	61.72	1	2026-01-28 16:24:46 PST		y	1			11				B00007JMLK						B00007JMLK			0	DEFAULT	Migrated Template	Active
WWE Smack Down! 4: Shut your mouth [Japan Import] [video game]		0131HVPU37J	B00007KWIS	79.98	1	2026-01-31 03:56:41 PST		y	1			11				B00007KWIS						B00007KWIS			0	DEFAULT	Migrated Template	Active
Let's Go! Anpanman Baikinman and 3 Bai Punch DVD [DVD]		0120HSOUMHS	B000083OEH	59.14	1	2026-01-20 01:52:46 PST		y	1			11				B000083OEH						B000083OEH			0	DEFAULT	Migrated Template	Active
Ziggy Stardust & The Spiders From Mars - The Motion Picture [DVD]		0129HM7319K	B00008DDIS	86.74	1	2026-01-28 16:24:46 PST		y	1			11				B00008DDIS						B00008DDIS			0	DEFAULT	Migrated Template	Active
It's Da New Best-Da Covers [Audio CD] INNER CIRCLE		0129HM9BW7W	B00009PN5P	78.37	1	2026-01-28 16:24:46 PST		y	1			11				B00009PN5P						B00009PN5P			0	DEFAULT	Migrated Template	Active
Let's Go! Anpanman Mermaid Princess Namida DVD [DVD]		0120HSFOWPP	B00009SF78	58.33	1	2026-01-20 01:52:46 PST		y	1			11				B00009SF78						B00009SF78			0	DEFAULT	Migrated Template	Active
Untitled [Audio CD]		0131HVPB1A2	B00009WASC	84.43	1	2026-01-31 03:56:41 PST		y	1			11				B00009WASC						B00009WASC			0	DEFAULT	Migrated Template	Active
MARILLION - RECITAL OF THE SCRIPT [DVD]		0129HM480F6	B0000A14WC	67.18	1	2026-01-28 16:24:46 PST		y	1			11				B0000A14WC						B0000A14WC			0	DEFAULT	Migrated Template	Active
Dovolzark: Complete Symphony Collection (Analog Recording) [Audio CD] チェコ・フィルハーモニー管弦楽団 and ノイマン		0129HM5AHJK	B0000C9VO7	72.83	1	2026-01-28 16:24:46 PST		y	1			11				B0000C9VO7						B0000C9VO7			0	DEFAULT	Migrated Template	Active
SPACE PIRATE CAPTAIN HERLOCK OUTSIDE LEGEND ~The Endless Odyssey~11th VOYAGE 震える宇宙 [DVD] [DVD]		0120HSMWHET	B0000C9VQC	79.35	1	2026-01-20 01:52:46 PST		y	1			11				B0000C9VQC						B0000C9VQC			0	DEFAULT	Migrated Template	Active
Timing Is Everything [Audio CD] Randy Waldman Trio		0129HM60O5K	B0000CBC4K	80.3	1	2026-01-28 16:24:46 PST		y	1			11				B0000CBC4K						B0000CBC4K			0	DEFAULT	Migrated Template	Active
Stormwatch [Audio CD] Jethro Tull		0120HS5HG5R	B0000D8RVO	117.65	1	2026-01-20 01:10:21 PST		y	1			11				B0000D8RVO						B0000D8RVO			0	DEFAULT	Migrated Template	Active
Panufnik: Angels Sing [Audio CD] VARIOUS ARTISTS		0129HM5SALI	B0000D9PKE	66.44	1	2026-01-28 16:24:46 PST		y	1			11				B0000D9PKE						B0000D9PKE			0	DEFAULT	Migrated Template	Active
The Movie Neon Genesis Evangelion - Death (True) 2:air / to You the Sincerity [Dvd] [DVD]		0129HM5DX45	B0000DJ299	78.16	1	2026-01-28 16:24:46 PST		y	1			11				B0000DJ299						B0000DJ299			0	DEFAULT	Migrated Template	Active
それいけ!アンパンマンのひらがなあそび はじめてのあいうえお [DVD] [DVD]		0129HM6A33F	B0000DJWL3	134.28	1	2026-01-28 16:24:46 PST		y	1			11				B0000DJWL3						B0000DJWL3			0	DEFAULT	Migrated Template	Active
Sacred Steel: The Steel Guitar Tradition of the House of God Churches [DVD]		0131HVS682A	B0000DJYOS	68.62	1	2026-01-31 03:56:41 PST		y	1			11				B0000DJYOS						B0000DJYOS			0	DEFAULT	Migrated Template	Active
R.O.D -THE TV- vol.3 [DVD] [DVD]		0120HS5MYDO	B0000W3RWG	50.73	1	2026-01-20 01:10:21 PST		y	1			11				B0000W3RWG						B0000W3RWG			0	DEFAULT	Migrated Template	Active
R.O.D -THE TV- vol.4 [DVD] [DVD]		0120HSDCKUW	B000136TV0	58.29	1	2026-01-20 01:10:21 PST		y	1			11				B000136TV0						B000136TV0			0	DEFAULT	Migrated Template	Active
Chasm [Audio CD] Sakamoto, Ryuichi		0129HM7Z60Z	B00015BL2K	58.69	1	2026-01-28 16:24:46 PST		y	1			11				B00015BL2K						B00015BL2K			0	DEFAULT	Migrated Template	Active
Strange Generation [Audio CD] Dirty Americans		0120HSG0CYA	B000197I6E	63.41	1	2026-01-20 01:52:46 PST		y	1			11				B000197I6E						B000197I6E			0	DEFAULT	Migrated Template	Active
Submarine 707R/MISSION: 02 DVD [DVD]		0120HSCK0R7	B0001N1L0Y	87.97	1	2026-01-20 01:10:21 PST		y	1			11				B0001N1L0Y						B0001N1L0Y			0	DEFAULT	Migrated Template	Active
Spaced [DVD]		0131HVS22RE	B0001Y9YV6	351.19	1	2026-01-31 03:56:41 PST		y	1			11				B0001Y9YV6						B0001Y9YV6			0	DEFAULT	Migrated Template	Active
Live History Part1 [DVD]		0129HM5W8GM	B000244RSU	67.21	1	2026-01-28 16:24:46 PST		y	1			11				B000244RSU						B000244RSU			0	DEFAULT	Migrated Template	Active
Tokyo Trial DVD [DVD]		0129HM5ZJZV	B0002B58KY	67.01	1	2026-01-28 16:24:46 PST		y	1			11				B0002B58KY						B0002B58KY			0	DEFAULT	Migrated Template	Active
GREGORY HORROR SHOW VOL.2-THE SECOND GUEST- [DVD] [DVD]		0129HM54DMY	B0002I879G	70.44	1	2026-01-28 16:24:46 PST		y	1			11				B0002I879G						B0002I879G			0	DEFAULT	Migrated Template	Active
Whisper of the Heart: Image Album (Original Soundtrack) [Audio CD] Japanimation (Joe Hisaishi)		0129HM3OFIK	B0002RN9AY	58.3	1	2026-01-28 16:24:46 PST		y	1			11				B0002RN9AY						B0002RN9AY			0	DEFAULT	Migrated Template	Active
Dick's Picks, Vol. 20: Landover, Maryland and Syracuse, New York, 9/25/76, 9/28/76 [Audio CD] Grateful Dead		0129HM6CIS9	B0002VETIQ	139.5	1	2026-01-28 16:24:46 PST		y	1			11				B0002VETIQ						B0002VETIQ			0	DEFAULT	Migrated Template	Active
Dick's Picks, Vol. 21: Richmond, Virginia, 11/1/85 [Audio CD] Grateful Dead		0129HM6AOUC	B0002VETJ0	117.65	1	2026-01-28 16:24:46 PST		y	1			11				B0002VETJ0						B0002VETJ0			0	DEFAULT	Migrated Template	Active
Let's Go! Anpanman Nyany, Dream Cat Country DVD [DVD]		0129HM7J71D	B000657MP0	57.3	1	2026-01-28 16:24:46 PST		y	1			11				B000657MP0						B000657MP0			0	DEFAULT	Migrated Template	Active
It's Raining [Audio CD] Rain		0129HM6BMN1	B0006N2FMC	75.83	1	2026-01-28 16:24:46 PST		y	1			11				B0006N2FMC						B0006N2FMC			0	DEFAULT	Migrated Template	Active
D1 Grand Prix [Japan Import] [video game]		0131HVLYFYH	B0006ZL2CY	123.46	1	2026-01-31 03:56:41 PST		y	1			11				B0006ZL2CY						B0006ZL2CY			0	DEFAULT	Migrated Template	Active
1986 OMEGA TRIBE CARLOS TOSHIKI&OMEGA TRIBE COMPLETE BOX“Our Graduation” [Audio CD] 1986 OMEGA TRIBE,CARLOS TOSHIKI&OMEGA TRIBE and カルロス・トシキ&オメガトライブ		0129HM8LEQR	B00077D8TQ	237.86	1	2026-01-28 16:24:46 PST		y	1			11				B00077D8TQ						B00077D8TQ			0	DEFAULT	Migrated Template	Active
Armored Trooper Votoms Total Music Collection [Audio CD] TVサントラ; TETSU and 川浪葉子		0129HM3NDYF	B00078RSDM	80.83	1	2026-01-28 16:24:46 PST		y	1			11				B00078RSDM						B00078RSDM			0	DEFAULT	Migrated Template	Active
Way Up [Audio CD] Metheny, Pat Group		0129HM658ZA	B0007Q1PWO	109.95	1	2026-01-28 16:24:46 PST		y	1			11				B0007Q1PWO						B0007Q1PWO			0	DEFAULT	Migrated Template	Active
Makita 794383-5 Nylon Brush Wheel, 240 Grit, Fine		0120HSCLMWT	B00080BZC4	212.64	1	2026-01-20 01:10:21 PST		y	1			11				B00080BZC4						B00080BZC4			0	DEFAULT	Migrated Template	Active
Complete Momoe Kaiki [Audio CD] Momoe Yamaguchi		0120HSFY4TD	B00092QTXG	61.38	1	2026-01-20 01:52:46 PST		y	1			11				B00092QTXG						B00092QTXG			0	DEFAULT	Migrated Template	Active
Kagero 2: Dark Illusion [Japan Import] [video game]		0131HVMOKPS	B00097D9CA	130.5	1	2026-01-31 03:56:41 PST		y	1			11				B00097D9CA						B00097D9CA			0	DEFAULT	Migrated Template	Active
Movie [DVD]		0120HSPAZA9	B0009FJN72	56.94	1	2026-01-20 01:52:46 PST		y	1			11				B0009FJN72						B0009FJN72			0	DEFAULT	Migrated Template	Active
PRO-WRESTLING NOAH DESTINY2005 7.18東京ドーム大会 全試合収録版 [DVD] [DVD]		0120HSG08BI	B000A0H54Y	90.53	1	2026-01-20 01:52:46 PST		y	1			11				B000A0H54Y						B000A0H54Y			0	DEFAULT	Migrated Template	Active
05 [Audio CD] Sakamoto, Ryuichi		0120HS9PMZW	B000AA2B9I	62.26	1	2026-01-20 01:10:21 PST		y	1			11				B000AA2B9I						B000AA2B9I			0	DEFAULT	Migrated Template	Active
Maximum the Hormone: Debu Vs Debu [DVD]		0129HM3MP3Z	B000AHQGOM	65.59	1	2026-01-28 16:24:46 PST		y	1			11				B000AHQGOM						B000AHQGOM			0	DEFAULT	Migrated Template	Active
Matsuken Samba Special Live Concert ~Ken Matsudaira Review ~ DVD [DVD]		0120HS9NCBE	B000ALJ26M	76.4	1	2026-01-20 01:10:21 PST		y	1			11				B000ALJ26M						B000ALJ26M			0	DEFAULT	Migrated Template	Active
Live At Royal Albert Hall 2005 [Audio CD] CREAM		0120HSTZ8GC	B000ARXAUA	132.08	1	2026-01-20 01:52:46 PST		y	1			11				B000ARXAUA						B000ARXAUA			0	DEFAULT	Migrated Template	Active
Queen's Classroom DVD-Box [DVD]		0120HSGPO2D	B000BHZ0KM	203.78	1	2026-01-20 01:52:46 PST		y	1			11				B000BHZ0KM						B000BHZ0KM			0	DEFAULT	Migrated Template	Active
Tetris: The Grandmaster Ace [Japan Import] [video game]		0131HVO94T9	B000BPJTLA	67.07	1	2026-01-31 03:56:41 PST		y	1			11				B000BPJTLA						B000BPJTLA			0	DEFAULT	Migrated Template	Active
Wrestle Kingdom [Japan Import] [video game]		0131HVO5W8F	B000BPJTMO	102.75	1	2026-01-31 03:56:41 PST		y	1			11				B000BPJTMO						B000BPJTMO			0	DEFAULT	Migrated Template	Active
ALWAYS 三丁目の夕日 豪華版 [DVD] [DVD]		0120HSD1UOV	B000C5PNTG	69.28	1	2026-01-20 01:10:21 PST		y	1			11				B000C5PNTG						B000C5PNTG			0	DEFAULT	Migrated Template	Active
Linda Linda Linda [DVD] [DVD]		0129HM61UTQ	B000CDW8AA	76.13	1	2026-01-28 16:24:46 PST		y	1			11				B000CDW8AA						B000CDW8AA			0	DEFAULT	Migrated Template	Active
Nil [Audio CD] Gazette		0129HM5ADXY	B000CETVY0	68.96	1	2026-01-28 16:24:46 PST		y	1			11				B000CETVY0						B000CETVY0			0	DEFAULT	Migrated Template	Active
Falling in Between [Audio CD] Toto		0129HM9BKN2	B000CFWPTM	91.8	1	2026-01-28 16:24:46 PST		y	1			11				B000CFWPTM						B000CFWPTM			0	DEFAULT	Migrated Template	Active
Exciting Pro Wrestling 7 - Smackdown! vs. Raw 2006 [Japan Import] [video game]		0131HVPM3I1	B000CMLUQE	94.26	1	2026-01-31 03:56:41 PST		y	1			11				B000CMLUQE						B000CMLUQE			0	DEFAULT	Migrated Template	Active
Legend of Fighting Tiles Akagi DVD Box I Awakening Chapter [DVD]		0129HM6ZPW6	B000CST6XW	232.23	1	2026-01-28 16:24:46 PST		y	1			11				B000CST6XW						B000CST6XW			0	DEFAULT	Migrated Template	Active
終戦六十年スペシャルドラマ 火垂るの墓 [DVD] [DVD]		0120HRR9EK5	B000DZ96EI	79.35	1	2026-01-20 01:10:21 PST		y	1			11				B000DZ96EI						B000DZ96EI			0	DEFAULT	Migrated Template	Active
BGM Collection [Audio CD] Shunsuke Kikuchi and Kageyama Hironobu		0129HM6XYYA	B000DZJKF8	71.84	1	2026-01-28 16:24:46 PST		y	1			11				B000DZJKF8						B000DZJKF8			0	DEFAULT	Migrated Template	Active
Let's Go! Anpanman Pika Pika Collection Kaetto Aka-chan Man DVD [DVD]		0120HSBH8Y8	B000E0VPU0	61.72	1	2026-01-20 01:10:21 PST		y	1			11				B000E0VPU0						B000E0VPU0			0	DEFAULT	Migrated Template	Active
カルメン・フラメンコ [DVD] [DVD]		0120HSCPT82	B000E6G1DK	62.8	1	2026-01-20 01:10:21 PST		y	1			11				B000E6G1DK						B000E6G1DK			0	DEFAULT	Migrated Template	Active
まだまだあぶない刑事 デラックス [DVD] [DVD]		0129HM68U1C	B000EDRGUU	97.1	1	2026-01-28 16:24:46 PST		y	1			11				B000EDRGUU						B000EDRGUU			0	DEFAULT	Migrated Template	Active
Tales of the Abyss Original Soundtrack [Audio CD] ゲーム・ミュージック and Tear		0120HS5JPJ3	B000EIF4WM	70.03	1	2026-01-20 01:10:21 PST		y	1			11				B000EIF4WM						B000EIF4WM			0	DEFAULT	Migrated Template	Active
Kamome Shokudou [DVD]		0129HM7Z74F	B000ELGLDA	73.56	1	2026-01-28 16:24:46 PST		y	1			11				B000ELGLDA						B000ELGLDA			0	DEFAULT	Migrated Template	Active
ALWAYS 三丁目の夕日 通常版 [DVD] [DVD]		0120HRXTRPQ	B000EPE77S	65.82	1	2026-01-20 01:10:21 PST		y	1			11				B000EPE77S						B000EPE77S			0	DEFAULT	Migrated Template	Active
Ace Combat Zero: The Belkan War [Audio CD] Tetsukazu Nakanishi; Keiki Kobayashi; Hirishi Okubo and Junichi Nakatsuru		1224FGKGK7Y	B000EPFQG4	61.85	1	2025-12-23 17:14:44 PST		y	1			11				B000EPFQG4						B000EPFQG4			0	DEFAULT	Venesplo_2601	Active
Legend of Fighting Tiles Akagi DVD Box Chapter of Razaku [DVD]		0129HM46N0R	B000F1IP7O	226.73	1	2026-01-28 16:24:46 PST		y	1			11				B000F1IP7O						B000F1IP7O			0	DEFAULT	Migrated Template	Active
THE BLUE HEARTS NO DEKOBOKO CHINDOCHU [DVD]		0120HSFHJOJ	B000FDF3WC	59.5	1	2026-01-20 01:52:46 PST		y	1			11				B000FDF3WC						B000FDF3WC			0	DEFAULT	Migrated Template	Active
Wrestle Kingdom [Japan Import] [video game]		0131HVRYU59	B000FGPHLG	76.66	1	2026-01-31 03:56:41 PST		y	1			11				B000FGPHLG						B000FGPHLG			0	DEFAULT	Migrated Template	Active
Eli Eli Lema Sabakutani Regular Edition DVD [DVD]		0120HSE0QAP	B000FQWH14	79.63	1	2026-01-20 01:10:21 PST		y	1			11				B000FQWH14						B000FQWH14			0	DEFAULT	Migrated Template	Active
Ouran High School Host Club Soundtrack & Carathon Collection Part 1 [Audio CD] Ouran Koko Host Club Santora & Charason Shu Zenpen		0129HM63IF6	B000FUU1CW	58.06	1	2026-01-28 16:24:46 PST		y	1			11				B000FUU1CW						B000FUU1CW			0	DEFAULT	Migrated Template	Active
Sumo Jinku "Jinku" "Wrestler Edition" [Audio CD] 呼出し永男 and 国錦		0129HM3JTZ8	B000H30GOU	60.75	1	2026-01-28 16:24:46 PST		y	1			11				B000H30GOU						B000H30GOU			0	DEFAULT	Migrated Template	Active
Let's start with Anpanman! Hiragana Edition Play with Words (DVD) [DVD]		1224FGFFC2Q	B000H6SX8I	59.14	1	2025-12-23 17:14:44 PST		y	1			11				B000H6SX8I						B000H6SX8I			0	DEFAULT	Venesplo_2601	Active
Let's start with Anpanman! Song and Hand Play Edition Play Together DVD [DVD]		0120HSFVD69	B000H6SX8S	57.3	1	2026-01-20 01:52:46 PST		y	1			11				B000H6SX8S						B000H6SX8S			0	DEFAULT	Migrated Template	Active
Live for Rebirth [+Bonus Dvd] [DVD]		0120HS9CIY4	B000IU4L6G	69.02	1	2026-01-20 01:10:21 PST		y	1			11				B000IU4L6G						B000IU4L6G			0	DEFAULT	Migrated Template	Active
Mobile Battleship Nadesico - The Prince of Darkness (DVD) [DVD]		0120HSA8FQ3	B000KEZPNI	72.62	1	2026-01-20 01:10:21 PST		y	1			11				B000KEZPNI						B000KEZPNI			0	DEFAULT	Migrated Template	Active
Let's start with Anpanman! English Edition Irukana ABC DVD [DVD]		0120HSBT40A	B000KQGMS8	57.3	1	2026-01-20 01:10:21 PST		y	1			11				B000KQGMS8						B000KQGMS8			0	DEFAULT	Migrated Template	Active
Station to Station [Audio CD] Bowie, David		0129HM7T6JY	B000LZ52XY	104.62	1	2026-01-28 16:24:46 PST		y	1			11				B000LZ52XY						B000LZ52XY			0	DEFAULT	Migrated Template	Active
Death Note 2: The Last Name [DVD]		0129HM5XCG5	B000MGBOKW	73.18	1	2026-01-28 16:24:46 PST		y	1			11				B000MGBOKW						B000MGBOKW			0	DEFAULT	Migrated Template	Active
Ridge Racers Direct Audio (Original Soundtrack) [Audio CD] Various Artists		0129HM68CEU	B000MTFDSS	64.06	1	2026-01-28 16:24:46 PST		y	1			11				B000MTFDSS						B000MTFDSS			0	DEFAULT	Migrated Template	Active
Hajime no Ippo Revolution [Japan Import] [video game]		0131HVNDG60	B000OA197O	79.98	1	2026-01-31 03:56:41 PST		y	1			11				B000OA197O						B000OA197O			0	DEFAULT	Migrated Template	Active
Haken no Hinkaku DVD-BOX [DVD]		0129HM7Y1DU	B000PISZRM	147.51	1	2026-01-28 16:24:46 PST		y	1			11				B000PISZRM						B000PISZRM			0	DEFAULT	Migrated Template	Active
Doubutsu No Mori [DVD]		0129HM7XASF	B000R17JKQ	66.86	1	2026-01-28 16:24:46 PST		y	1			11				B000R17JKQ						B000R17JKQ			0	DEFAULT	Migrated Template	Active
Selmer Paris Alto Sax Mouthpiece S90 180		0303HH11ZDJ	B000RVYNBE	299.65	1	2026-03-02 18:51:29 PST		y	1			11				B000RVYNBE						B000RVYNBE			0	DEFAULT	Migrated Template	Active
Bec Saxophone Tenor Selmer s90 180 hard rubber		0303HGYO1VM	B000RVYQJS	356.53	1	2026-03-02 18:51:29 PST		y	1			11				B000RVYQJS						B000RVYQJS			0	DEFAULT	Migrated Template	Active
Bec Selmer S90 200 in ebonite baritone saxophone		0303HH22AQQ	B000RVZUV6	467.29	1	2026-03-02 18:51:29 PST		y	1			11				B000RVZUV6						B000RVZUV6			0	DEFAULT	Migrated Template	Active
Selmer Paris Baritone Sax Mouthpiece S80 D		0303HH1UJ6E	B000RW1MDU	474.63	1	2026-03-02 18:51:29 PST		y	1			11				B000RW1MDU						B000RW1MDU			0	DEFAULT	Migrated Template	Active
Bec Selmer Soloist C hard rubber tenor saxophone		0303HGYO1W0	B000RW1SWK	396.77	1	2026-03-02 18:51:29 PST		y	1			11				B000RW1SWK						B000RW1SWK			0	DEFAULT	Migrated Template	Active
Ibanez TS – 808/Tube Screamer		0129HM88084	B000RW31ES	228.37	1	2026-01-28 16:24:46 PST		y	1			11				B000RW31ES						B000RW31ES			0	DEFAULT	Migrated Template	Active
Bec Saxophone Alto Selmer soloist e hard rubber		0303HGWS0H2	B000RW3GEI	354.44	1	2026-03-02 18:51:29 PST		y	1			11				B000RW3GEI						B000RW3GEI			0	DEFAULT	Migrated Template	Active
Selmer Paris Soprano Saxophone Mouthpiece Super Session E		0303HH51PM6	B000RW8076	394.16	1	2026-03-02 18:51:29 PST		y	1			11				B000RW8076						B000RW8076			0	DEFAULT	Migrated Template	Active
Suzumiya Haruhi no Gekidou [DX Pack] [Japan Import] [video game]		0129HM8VXU0	B000T0PCL8	92.27	1	2026-01-28 16:24:46 PST		y	1			11				B000T0PCL8						B000T0PCL8			0	DEFAULT	Migrated Template	Active
Ibanez TS808 Original Tube Screamer Overdrive Pedal		1224FGNE5SR	B000T4SI1K	211.89	1	2025-12-23 17:14:44 PST		y	1			11				B000T4SI1K						B000T4SI1K			0	DEFAULT	Venesplo_2601	Active
Monster Farm DS [Japan Import] [video game]		0131HVQHOZG	B000T568RA	66.94	1	2026-01-31 03:56:41 PST		y	1			11				B000T568RA						B000T568RA			0	DEFAULT	Migrated Template	Active
Idolmaster XENOGLASSIA Character Album Vol. 2 "Hot Chant! Giant (Sunrise) Robot Anime Song Arashi [Audio CD] 天海春香(井口裕香); 水瀬伊織(田村ゆかり); 高槻やよい(小清水亜美); 萩原雪歩(堀江由衣); 双海真美(斎藤桃子); TVサントラ and 三浦あずさ(櫻井智)		0120HSN8H3Z	B000UAL9NM	57.93	1	2026-01-20 01:52:46 PST		y	1			11				B000UAL9NM						B000UAL9NM			0	DEFAULT	Migrated Template	Active
Tokyo Tower Okan and Me and Sometimes Oton (Set of 2) [DVD] [DVD]		0129HM7T6L5	B000V97JF4	56.92	1	2026-01-28 16:24:46 PST		y	1			11				B000V97JF4						B000V97JF4			0	DEFAULT	Migrated Template	Active
Vocaloid2 Character Vocal Series 01: Hatsune Miku		0303HGZA9LA	B000VCZ75A	204.9	1	2026-03-02 18:51:29 PST		y	1			11				B000VCZ75A						B000VCZ75A			0	DEFAULT	Migrated Template	Active
Anata o Yurusanai [Japan Import] [video game]		0131HVLZSXW	B000VJ3DK4	65.84	1	2026-01-31 03:56:41 PST		y	1			11				B000VJ3DK4						B000VJ3DK4			0	DEFAULT	Migrated Template	Active
Sore Ike!Anpan Man Otomodachi Series [DVD]		0120HSKCL9T	B000W74DTA	61.72	1	2026-01-20 01:52:46 PST		y	1			11				B000W74DTA						B000W74DTA			0	DEFAULT	Migrated Template	Active
Sore Ike!Anpan Man Otomodachi Series [DVD]		0120HSMMC2J	B000W74DTK	59.08	1	2026-01-20 01:52:46 PST		y	1			11				B000W74DTK						B000W74DTK			0	DEFAULT	Migrated Template	Active
Sore Ike!Anpan Man Otomodachi Series [DVD]		0120HSJNKT5	B000W74DUE	61.37	1	2026-01-20 01:52:46 PST		y	1			11				B000W74DUE						B000W74DUE			0	DEFAULT	Migrated Template	Active
Sore Ike!Anpan Man Otomodachi Series [DVD]		0120HSKAE7R	B000W74DUO	61.72	1	2026-01-20 01:52:46 PST		y	1			11				B000W74DUO						B000W74DUO			0	DEFAULT	Migrated Template	Active
Audio Check SACD [Audio CD] オムニバス(クラシック)		0129HM7KNVM	B000WC7JR8	63.98	1	2026-01-28 16:24:46 PST		y	1			11				B000WC7JR8						B000WC7JR8			0	DEFAULT	Migrated Template	Active
Aretha Live at Fillmore West (Deluxe Edition) [Audio CD] アレサ・フランクリン		0129HM9BKM9	B000WPP9EU	60.56	1	2026-01-28 16:24:46 PST		y	1			11				B000WPP9EU						B000WPP9EU			0	DEFAULT	Migrated Template	Active
Just Go! Anpanman Friends Series / Nakayoshi Anpanman and Gentle Baikinman DVD [DVD]		0129HM719CA	B000XJJMG6	58.38	1	2026-01-28 16:24:46 PST		y	1			11				B000XJJMG6						B000XJJMG6			0	DEFAULT	Migrated Template	Active
KIRINJI Premium Live 2007 at Hibiya Outdoor Music Hall DVD [DVD]		0120HSDDS0F	B000XQ9I90	71.53	1	2026-01-20 01:10:21 PST		y	1			11				B000XQ9I90						B000XQ9I90			0	DEFAULT	Migrated Template	Active
Gintama Original Soundtrack 2 [Audio CD] Audio Highs and 灰津尾出男		0120HSGL8RQ	B0011EUIPG	62.71	1	2026-01-20 01:52:46 PST		y	1			11				B0011EUIPG						B0011EUIPG			0	DEFAULT	Migrated Template	Active
ALWAYS 続・三丁目の夕日[DVD豪華版] [DVD]		0120HRR71QF	B0014IMRNU	83.64	1	2026-01-20 01:10:21 PST		y	1			11				B0014IMRNU						B0014IMRNU			0	DEFAULT	Migrated Template	Active
ENSON [Audio CD] 遠藤正明		0129HM7LOSP	B0016HCFA4	59.96	1	2026-01-28 16:24:46 PST		y	1			11				B0016HCFA4						B0016HCFA4			0	DEFAULT	Migrated Template	Active
Phantasia [Audio CD] LITE		0131HVL4PA3	B0016HQ9BA	57.41	1	2026-01-31 03:56:41 PST		y	1			11				B0016HQ9BA						B0016HQ9BA			0	DEFAULT	Migrated Template	Active
Killer Show [Audio CD] NIGHTMARE		0120HSGMAPY	B0016OL3FK	60.33	1	2026-01-20 01:52:46 PST		y	1			11				B0016OL3FK						B0016OL3FK			0	DEFAULT	Migrated Template	Active
Bully: Scholarship Edition [Japan Import] [video game]		0227H2ALEMA	B0018B59TW	181.37	1	2026-02-26 19:40:56 PST		y	1			11				B0018B59TW						B0018B59TW			0	DEFAULT	Migrated Template	Active
Dororo Complete Box [DVD]		0129HM5TTRB	B001A35TNO	102.19	1	2026-01-28 16:24:46 PST		y	1			11				B001A35TNO						B001A35TNO			0	DEFAULT	Migrated Template	Active
Selmer Paris Alto Sax Mouthpiece S80 D		0131HVQDPEY	B001AZHUE8	304.25	1	2026-01-31 03:56:41 PST		y	1			11				B001AZHUE8						B001AZHUE8			0	DEFAULT	Migrated Template	Active
Selmer Paris Soprano Saxophone Mouthpiece Super Session G		0303HGZ18R0	B001AZMGBA	394.16	1	2026-03-02 18:51:29 PST		y	1			11				B001AZMGBA						B001AZMGBA			0	DEFAULT	Migrated Template	Active
Anpanman Akachanman to Meron Pannna [DVD]		0129HM814FA	B001B1RHIK	60.64	1	2026-01-28 16:24:46 PST		y	1			11				B001B1RHIK						B001B1RHIK			0	DEFAULT	Migrated Template	Active
Vocaloid2 Character Vocal Series 02: Kagamine Rin/Len		0303HH4T08X	B001BIXLOC	204.9	1	2026-03-02 18:51:29 PST		y	1			11				B001BIXLOC						B001BIXLOC			0	DEFAULT	Migrated Template	Active
The Elder Scrolls IV: Oblivion (Game of the Year Edition) [Japan Import] [video game]		0227H2BBJQN	B001C3MNC2	188.47	1	2026-02-26 19:40:56 PST		y	1			11				B001C3MNC2						B001C3MNC2			0	DEFAULT	Migrated Template	Active
KINTO 8308 UNITEA Teapot, 15.2 fl oz (450 ml), Stainless Steel, Dishwasher Safe, Heat-resistant Glass		0129HM3OQGZ	B001E5JL8C	73.49	1	2026-01-28 16:24:46 PST		y	1			11				B001E5JL8C						B001E5JL8C			0	DEFAULT	Migrated Template	Active
KINTO 8309 UNITEA Teapot, 24.0 fl oz (680 ml), Stainless Steel, Dishwasher Safe, Heat-resistant Glass		0129HM6U7M0	B001E5N9Q2	78.04	1	2026-01-28 16:24:46 PST		y	1			11				B001E5N9Q2						B001E5N9Q2			0	DEFAULT	Migrated Template	Active
Lupin III: Sweet Lost Night - Magic Lamp is a Nightmare Premonition - Normal Edition DVD [DVD]		0120HRRCP6A	B001E7TRTI	78.73	1	2026-01-20 01:10:21 PST		y	1			11				B001E7TRTI						B001E7TRTI			0	DEFAULT	Migrated Template	Active
それいけ!アンパンマン アンパンマンのクリスマスショー [DVD] [DVD]		0129HM3NY03	B001EK8J7G	59.14	1	2026-01-28 16:24:46 PST		y	1			11				B001EK8J7G						B001EK8J7G			0	DEFAULT	Migrated Template	Active
Ibanez Electric Guitar, Right, Black (GRG170DXBKN)		0129HM74YFH	B001EM180O	493.45	1	2026-01-28 16:24:46 PST		y	1			11				B001EM180O						B001EM180O			0	DEFAULT	Migrated Template	Active
Sailor Fountain Pen Professional gear silver 112037420 Middle Point		0129HM4U6WD	B001G5Z698	461.11	1	2026-01-28 16:24:46 PST		y	1			11				B001G5Z698						B001G5Z698			0	DEFAULT	Migrated Template	Active
Lupin III first-TV. BD Box [Blu-ray] [Blu-ray]		0120HRRBCO3	B001GC15EQ	183.24	1	2026-01-20 01:10:21 PST		y	1			11				B001GC15EQ						B001GC15EQ			0	DEFAULT	Migrated Template	Active
[A Full Production Limited Edition] Theater Version "Kara No Kyoukai" Inconsistency Spiral [DVD]		0120HS5LVHU	B001HVWMAC	84.58	1	2026-01-20 01:10:21 PST		y	1			11				B001HVWMAC						B001HVWMAC			0	DEFAULT	Migrated Template	Active
Yuki Kajiura LIVE 2008.07.31 [DVD] [DVD]		0129HM5XFN9	B001IEG6MS	85.25	1	2026-01-28 16:24:46 PST		y	1			11				B001IEG6MS						B001IEG6MS			0	DEFAULT	Migrated Template	Active
それいけ!アンパンマン だいすきキャラクターシリーズ/やきそばパンマン「やきそばパンマン流れ旅」 [DVD] [DVD]		0120HSOTDW9	B001IVWLMK	61.72	1	2026-01-20 01:52:46 PST		y	1			11				B001IVWLMK						B001IVWLMK			0	DEFAULT	Migrated Template	Active
トランスフォーメーション [Audio CD] タル・ウィルケンフェルド		0129HM5ELPZ	B001LWK272	59.8	1	2026-01-28 16:24:46 PST		y	1			11				B001LWK272						B001LWK272			0	DEFAULT	Migrated Template	Active
それいけ!アンパンマン だいすきキャラクターシリーズ/ハンバーガーキッド「ハンバーガーキッドとコロッケキッド」 [DVD] [DVD]		0120HSED2VP	B001MD0JY6	58.48	1	2026-01-20 01:10:21 PST		y	1			11				B001MD0JY6						B001MD0JY6			0	DEFAULT	Migrated Template	Active
Suggoi! Arcana Heart 2 [Japan Import] [video game]		0131HVL8PTX	B001MYKLLQ	97.19	1	2026-01-31 03:56:41 PST		y	1			11				B001MYKLLQ						B001MYKLLQ			0	DEFAULT	Migrated Template	Active
Zoku Natsume's Book of Friends Music Collection Ito Ruwashikimono [Audio CD] TVサントラ; 夏目貴志(神谷浩史); 中孝介; LONG SHOT PARTY and 高鈴		0120HRXXYGY	B001O0HWCO	59.77	1	2026-01-20 01:10:21 PST		y	1			11				B001O0HWCO						B001O0HWCO			0	DEFAULT	Migrated Template	Active
Misty Fire - Nine Maidens Scattered at Karafuto/Moka Post Office [DVD] [DVD]		0120HSBVAOK	B001O6W9VC	68.8	1	2026-01-20 01:10:21 PST		y	1			11				B001O6W9VC						B001O6W9VC			0	DEFAULT	Migrated Template	Active
Foolish Behaviour [Audio CD] ROD STEWART		0129HM7DRQN	B001O771Z0	109.07	1	2026-01-28 16:24:46 PST		y	1			11				B001O771Z0						B001O771Z0			0	DEFAULT	Migrated Template	Active
Really? Really! DS [Japan Import] [video game]		0129HM5FUHN	B001OC6X6S	75.91	1	2026-01-28 16:24:46 PST		y	1			11				B001OC6X6S						B001OC6X6S			0	DEFAULT	Migrated Template	Active
ONE OUTS-One Now-DVD-Box First [DVD]		0129HM60W9E	B001P4DEKI	231.46	1	2026-01-28 16:24:46 PST		y	1			11				B001P4DEKI						B001P4DEKI			0	DEFAULT	Migrated Template	Active
araitento su-pa-raito・tuxeruto 1 370100		0227H2AU4FL	B001P4ZR6C	156.59	1	2026-02-26 19:40:56 PST		y	1			11				B001P4ZR6C						B001P4ZR6C			0	DEFAULT	Migrated Template	Active
Live from Ashes/10th Anniversary Rise [DVD]		0120HSN24O8	B001Q9ACCU	77.12	1	2026-01-20 01:52:46 PST		y	1			11				B001Q9ACCU						B001Q9ACCU			0	DEFAULT	Migrated Template	Active
Tomomi Nishimoto New World Symphony Live in Budapest DVD [DVD]		0129HM3N1OO	B001QA2XA8	81.01	1	2026-01-28 16:24:46 PST		y	1			11				B001QA2XA8						B001QA2XA8			0	DEFAULT	Migrated Template	Active
Selmer Paris Alto Sax Mouthpiece S90 170		0303HGZOP9X	B001SEWS48	264.68	1	2026-03-02 18:51:29 PST		y	1			11				B001SEWS48						B001SEWS48			0	DEFAULT	Migrated Template	Active
Scrap Teacher Play DVD-Box [DVD]		0120HSMHR3N	B001TH2SM6	93.74	1	2026-01-20 01:52:46 PST		y	1			11				B001TH2SM6						B001TH2SM6			0	DEFAULT	Migrated Template	Active
Sailor 11-1219-120 Pro Fit Standard Fountain Pen, Black, Extra Fine		0303HH1JQOJ	B001TICCDU	492.43	1	2026-03-02 18:51:29 PST		y	1			11				B001TICCDU						B001TICCDU			0	DEFAULT	Migrated Template	Active
Misono Molybdenum Steel Santoku Knife (Tubanashi) No. 680/14cm		0120HS9M0VI	B001TPJ9CU	105.95	1	2026-01-20 01:10:21 PST		y	1			11				B001TPJ9CU						B001TPJ9CU			0	DEFAULT	Migrated Template	Active
16024-10 Maru nouvelle omelette de cuivre de type Kansai 24cm 6011ah (Japon import / Le paquet et le manuel sont ?crites en japonais)		0303HH52RA4	B001U000X6	199.74	1	2026-03-02 18:51:29 PST		y	1			11				B001U000X6						B001U000X6			0	DEFAULT	Migrated Template	Active
遠藤商事 16024-09 Maru Shinko Egg Ware Kansai Type, 8.9 inches (22.5 cm), 6010ah		0303HGYO1WY	B001U02282	174.74	1	2026-03-02 18:51:29 PST		y	1			11				B001U02282						B001U02282			0	DEFAULT	Migrated Template	Active
Dengeki Gakuen RPG: Cross of Venus [Japan Import] [video game]		0129HM7ZO76	B001UQ602A	59.27	1	2026-01-28 16:24:46 PST		y	1			11				B001UQ602A						B001UQ602A			0	DEFAULT	Migrated Template	Active
Evangelion: 2.22 You Can (Not) Advance. (Rebuild of Evangelion: Ha) [DVD] [DVD]		0129HM8IDZQ	B001V9KBQM	54.32	1	2026-01-28 16:24:46 PST		y	1			11				B001V9KBQM						B001V9KBQM			0	DEFAULT	Migrated Template	Active
ヱヴァンゲリヲン新劇場版:序 (EVANGELION:1.11) [Blu-ray] [Blu-ray]		0129HM8C7YL	B001VNCVTI	72.25	1	2026-01-28 16:24:46 PST		y	1			11				B001VNCVTI						B001VNCVTI			0	DEFAULT	Migrated Template	Active
Queen's Blade Ruro no Senshi Vol.5 [Blu-ray] [Blu-ray]		0129HM7XBRJ	B001W9QQLK	53.06	1	2026-01-28 16:24:46 PST		y	1			11				B001W9QQLK						B001W9QQLK			0	DEFAULT	Migrated Template	Active
Pirastro Obligato Series Cello G String 4/4 Size		0303HGWKOW0	B0023LFEI2	176.98	1	2026-03-02 18:51:29 PST		y	1			11				B0023LFEI2						B0023LFEI2			0	DEFAULT	Migrated Template	Active
PIRASTRO Bass FLEXOCOR 341420 E-Wire Contrabus String		0303HGWQE8S	B0023LO5SW	256.35	1	2026-03-02 18:51:29 PST		y	1			11				B0023LO5SW						B0023LO5SW			0	DEFAULT	Migrated Template	Active
PIRASTRO Bass FLEXOCOR 341320 A-Wire Contrabass String		0303HH1WMGM	B0023LQ0DA	219.64	1	2026-03-02 18:51:29 PST		y	1			11				B0023LQ0DA						B0023LQ0DA			0	DEFAULT	Migrated Template	Active
PIRASTRO Bass FLEXOCOR 341220 D-Wire Contrabass String		0303HH540LP	B0023LQ0JO	179.6	1	2026-03-02 18:51:29 PST		y	1			11				B0023LQ0JO						B0023LQ0JO			0	DEFAULT	Migrated Template	Active
World Heritage Site, Egypt Edition, Ancient City Thebes and Its Cemetery Ruins I/II (Blu-ray) [Blu-ray]		0120HSCQXL8	B00251MKGE	80.22	1	2026-01-20 01:10:21 PST		y	1			11				B00251MKGE						B00251MKGE			0	DEFAULT	Migrated Template	Active
Yessongs (SHM-CD) (Paper Sleeve) [Audio CD] Yes		0129HM47DV4	B0026A5TPS	100.91	1	2026-01-28 16:24:46 PST		y	1			11				B0026A5TPS						B0026A5TPS			0	DEFAULT	Migrated Template	Active
Tormato (SHM-CD) (Paper Sleeve) [Audio CD] Yes		0129HM3O9U7	B0026A5TQW	55.2	1	2026-01-28 16:24:46 PST		y	1			11				B0026A5TQW						B0026A5TQW			0	DEFAULT	Migrated Template	Active
Drama (SHM-CD) (Paper Sleeve) [Audio CD] Yes		0129HM6CD92	B0026A5TR6	78.3	1	2026-01-28 16:24:46 PST		y	1			11				B0026A5TR6						B0026A5TR6			0	DEFAULT	Migrated Template	Active
アイダ Trombone Stand (TB-98)		0303HH1W2SI	B0026FICZC	206.06	1	2026-03-02 18:51:29 PST		y	1			11				B0026FICZC						B0026FICZC			0	DEFAULT	Migrated Template	Active
Cupro [Audio CD] フレネシ		0131HVLVDYC	B0026J7GZ0	57.19	1	2026-01-31 03:56:41 PST		y	1			11				B0026J7GZ0						B0026J7GZ0			0	DEFAULT	Migrated Template	Active
Gintama 3 [Audio CD] unknown author		0120HSK1XOM	B0027BECHC	60.03	1	2026-01-20 01:52:46 PST		y	1			11				B0027BECHC						B0027BECHC			0	DEFAULT	Migrated Template	Active
Lupin III VS Detective Conan DVD [DVD]		0120HSKDA9G	B00287Z2D8	79.35	1	2026-01-20 01:52:46 PST		y	1			11				B00287Z2D8						B00287Z2D8			0	DEFAULT	Migrated Template	Active
TRUSCO Y-350-R Mountain Tool Box, 14.8 x 6.4 x 4.8 inches (373 x 164 x 124 mm), Red		1218FX5Y114	B002A5TOY6	61.17	1	2025-12-17 16:39:18 PST		y	1			11				B002A5TOY6						B002A5TOY6			0	DEFAULT	Venesplo_2601	Active
TRUSCO GL-600-B 2-Tier Tool Box, 23.6 x 8.7 x 12.0 x 12.0 inches (600 x 220 x 305 mm), Blue		0303HH1KBIC	B002A5U36E	308.14	1	2026-03-02 18:51:29 PST		y	1			11				B002A5U36E						B002A5U36E			0	DEFAULT	Migrated Template	Active
TRUSCO Y-410-B Mountain Tool Box, 17.1 x 6.6 x 6.8 inches (433 x 168 x 173.5 cm), Blue		1218FX4K6PQ	B002A5U39G	69.02	1	2025-12-17 16:39:18 PST		y	1			11				B002A5U39G						B002A5U39G			0	DEFAULT	Venesplo_2601	Active
TRUSCO TH-38 Tap Handle, 1.5 inches (38 mm)		0303HH4OO74	B002A5VXQ8	264.47	1	2026-03-02 18:51:29 PST		y	1			11				B002A5VXQ8						B002A5VXQ8			0	DEFAULT	Migrated Template	Active
Korg Ds-10 Plus [Dsi Enhanced] [Japan Import] [video game]		0131HVPAC2J	B002EL47B6	136.72	1	2026-01-31 03:56:41 PST		y	1			11				B002EL47B6						B002EL47B6			0	DEFAULT	Migrated Template	Active
KORG DS-10 Plus [Limited Edition] [DSi Enhanced] [Japan Import] [video game]		0131HVLWSMD	B002EQAZ2G	133.81	1	2026-01-31 03:56:41 PST		y	1			11				B002EQAZ2G						B002EQAZ2G			0	DEFAULT	Migrated Template	Active
Lucky Star: Net Idol Meister [Japan Import] [video game]		0129HM6A0JR	B002FL43D2	83.91	1	2026-01-28 16:24:46 PST		y	1			11				B002FL43D2						B002FL43D2			0	DEFAULT	Migrated Template	Active
Grand Theft Auto: Chinatown Wars [Japan Import] [video game]		0131HVPMM24	B002G9UYFE	136.93	1	2026-01-31 03:56:41 PST		y	1			11				B002G9UYFE						B002G9UYFE			0	DEFAULT	Migrated Template	Active
Evangelion: 2.22 You Can (Not) Advance. (Rebuild of Evangelion: Ha) [Blu-ray] [Blu-ray]		0129HM825BD	B002HK3HWE	61.9	1	2026-01-28 16:24:46 PST		y	1			11				B002HK3HWE						B002HK3HWE			0	DEFAULT	Migrated Template	Active
EVH Frankenstein Humbucker Pickup		0227H28QIA8	B002IGT0VY	211.18	1	2026-02-26 19:40:56 PST		y	1			11				B002IGT0VY						B002IGT0VY			0	DEFAULT	Migrated Template	Active
Panduit PW50F-T20 Pan-Wrap Split Harness Wrap, 0.50" Wide, Polyethylene, Black (200-Foot)		0120HSK7XM9	B002P8JAO2	133.99	1	2026-01-20 01:52:46 PST		y	1			11				B002P8JAO2						B002P8JAO2			0	DEFAULT	Migrated Template	Active
Let's Go! Anpanman Dadandan and Twin Stars DVD [DVD]		0129HM5XFMW	B002PS4AD8	56.92	1	2026-01-28 16:24:46 PST		y	1			11				B002PS4AD8						B002PS4AD8			0	DEFAULT	Migrated Template	Active
the GazettE TOUR09-DIM SCENE-FINAL AT SAITAMA SUPER ARENA (Limited Edition) [Japan DVD] [DVD]		0129HM8JAZ3	B002QD2ROQ	108.28	1	2026-01-28 16:24:46 PST		y	1			11				B002QD2ROQ						B002QD2ROQ			0	DEFAULT	Migrated Template	Active
Samurai High School DVD-Box [DVD]		0129HM3NOY2	B002QMMIAK	168.64	1	2026-01-28 16:24:46 PST		y	1			11				B002QMMIAK						B002QMMIAK			0	DEFAULT	Migrated Template	Active
Gokusen The Movie DVD [DVD]		0129HM9MRMP	B002U9LS6Y	62.63	1	2026-01-28 16:24:46 PST		y	1			11				B002U9LS6Y						B002U9LS6Y			0	DEFAULT	Migrated Template	Active
Gokusen 2002 DVD-Box [DVD]		0129HM3O10B	B002U9LS78	138.28	1	2026-01-28 16:24:46 PST		y	1			11				B002U9LS78						B002U9LS78			0	DEFAULT	Migrated Template	Active
Sticky & Sweet Tour Live [Audio CD] Madonna		0129HM7574A	B002UMFOCU	136.72	1	2026-01-28 16:24:46 PST		y	1			11				B002UMFOCU						B002UMFOCU			0	DEFAULT	Migrated Template	Active
The Disappearance of Haruhi Suzumiya [Audio CD] Satoru Kosaki		0129HM7DIDR	B002WQSV1A	60.95	1	2026-01-28 16:24:46 PST		y	1			11				B002WQSV1A						B002WQSV1A			0	DEFAULT	Migrated Template	Active
20th Century Boys DVD Set (Main Volume Dvd3-disc) ※ Limited(japan Bd) [DVD]		0129HM6AOUD	B002XTKB7I	119.21	1	2026-01-28 16:24:46 PST		y	1			11				B002XTKB7I						B002XTKB7I			0	DEFAULT	Migrated Template	Active
Summer Wars DVD [Region Free] [DVD]		0129HM62UAH	B0030680TY	69.79	1	2026-01-28 16:24:46 PST		y	1			11				B0030680TY						B0030680TY			0	DEFAULT	Migrated Template	Active
Dead or Alive Paradise [Himitsu no Rakuen Box] [Japan Import] [video game]		0131HVN0Y89	B00313IMQM	169.57	1	2026-01-31 03:56:41 PST		y	1			11				B00313IMQM						B00313IMQM			0	DEFAULT	Migrated Template	Active
Lee San DVD-Box II [DVD]		0120HSAT9X3	B0032CB9TO	151.98	1	2026-01-20 01:10:21 PST		y	1			11				B0032CB9TO						B0032CB9TO			0	DEFAULT	Migrated Template	Active
Katanagatari Vol.2 Zanto Namakura [w/ CD, Limited Release] [Blu-ray] [Blu-ray]		0120HSBP4BO	B0037FDUNO	105.83	1	2026-01-20 01:10:21 PST		y	1			11				B0037FDUNO						B0037FDUNO			0	DEFAULT	Migrated Template	Active
Ibanez ST101 Foldable Guitar and Bass Guitar Stand, Black		0129HM7MY7Q	B00389VPY0	73.44	1	2026-01-28 16:24:46 PST		y	1			11				B00389VPY0						B00389VPY0			0	DEFAULT	Migrated Template	Active
stitch museum [Audio CD] yozuca*		0129HM3NHKV	B0038K9C5S	64.32	1	2026-01-28 16:24:46 PST		y	1			11				B0038K9C5S						B0038K9C5S			0	DEFAULT	Migrated Template	Active
G-Tough Stainless Steel Dutch Oven 10"		0303HGTQ882	B003BYW6J0	272.92	1	2026-03-02 18:51:29 PST		y	1			11				B003BYW6J0						B003BYW6J0			0	DEFAULT	Migrated Template	Active
SOTO ST-910HF Dutch Oven, Stainless Steel, No Seasoning Required, Cleaning Rack (Dishwasher, Detergent OK), High Heat Storage, Versatile, Durable, Rust Resistant, Shock Resistant, Shallow Type,		0303HGZUV0R	B003C51AW2	274.03	1	2026-03-02 18:51:29 PST		y	1			11				B003C51AW2						B003C51AW2			0	DEFAULT	Migrated Template	Active
nitiban Tape No. (A Little Bit Of... 405 18 X 70 40518x70		0131HVQB2E1	B003CF4W18	70.54	1	2026-01-31 03:56:41 PST		y	1			11				B003CF4W18						B003CF4W18			0	DEFAULT	Migrated Template	Active
Panduit PLT3I-C0 Pan-Ty Cable Tie, Weather Resistant Nylon 6.6, Intermediate Cross Section, Curved Tip, 40lbs Min Tensile Strength, 3.0" Max Bundle Diameter, 0.052" Thickness, 0.145" Width, 11.4" Length, Black (Pack of 100)		0120HSGPO94	B003D8C5B8	56.33	1	2026-01-20 01:52:46 PST		y	1			11				B003D8C5B8						B003D8C5B8			0	DEFAULT	Migrated Template	Active
SOTO ST-908 Dutch Oven, Stainless Steel, No Seasoning Required, Cleaning Rack (Dishwasher, Detergent OK), High Heat Storage, Versatile, Durable, Rust Resistant, Impact Resistant, Deep, Outdoor,		0303HH1WY23	B003DTLT1E	276.39	1	2026-03-02 18:51:29 PST		y	1			11				B003DTLT1E						B003DTLT1E			0	DEFAULT	Migrated Template	Active
SOTO ST-912 Stainless Steel Dutch Oven (12 inch)		0303HH4IGQT	B003DTLT1Y	378.22	1	2026-03-02 18:51:29 PST		y	1			11				B003DTLT1Y						B003DTLT1Y			0	DEFAULT	Migrated Template	Active
Nichiban Cellotape Large Roll Plant Series No.405 0.5 in (12 mm x 50 m) 405-12 x 50 Pack of 10		0131HVQGD06	B003DXUBOQ	54.7	1	2026-01-31 03:56:41 PST		y	1			11				B003DXUBOQ						B003DXUBOQ			0	DEFAULT	Migrated Template	Active
Hasten Down Wind (Paper Sleeve) [Audio CD] Linda Ronstadt		0129HM6B2FZ	B003JEHCUK	57.07	1	2026-01-28 16:24:46 PST		y	1			11				B003JEHCUK						B003JEHCUK			0	DEFAULT	Migrated Template	Active
American Idiot (Broadway Musical Cast Version) 2CD Complete Edition [Audio CD] グリーン・デイ		0129HM8D2O3	B003JEHD40	62.54	1	2026-01-28 16:24:46 PST		y	1			11				B003JEHD40						B003JEHD40			0	DEFAULT	Migrated Template	Active
Bandage 2-Disc Set (Main Edition BD + Bonus DVD) (Blu-ray) [Blu-ray]		0120HS9KVMW	B003KZ23WU	92.4	1	2026-01-20 01:10:21 PST		y	1			11				B003KZ23WU						B003KZ23WU			0	DEFAULT	Migrated Template	Active
WATANABE KAZUMI EARLY YEARS BOX(15HQCD+DVD)(paper-sleeve) [Audio CD] KAZUMI WATANABE		0129HM3NJKR	B003M13XMQ	223.87	1	2026-01-28 16:24:46 PST		y	1			11				B003M13XMQ						B003M13XMQ			0	DEFAULT	Migrated Template	Active
The Melancholy of Haruhi Suzumiya Chan & Nyoron Churuya San (English Subtitles) Blu-ray Box [Limited Release] [Blu-ray]		0129HM8HR8O	B003O9G508	73.6	1	2026-01-28 16:24:46 PST		y	1			11				B003O9G508						B003O9G508			0	DEFAULT	Migrated Template	Active
Just Go! Anpanman Daisuki Character Series / Kokin-chan Anpanman and Kokin-chan DVD [DVD]		0120HS9EXQA	B003POKJTU	57.3	1	2026-01-20 01:10:21 PST		y	1			11				B003POKJTU						B003POKJTU			0	DEFAULT	Migrated Template	Active
The Disappearance of Haruhi Suzumiya Limited Edition Limited Amazon.co.jp (Limited Edition / with steel book) [Blu-ray] [Blu-ray]		0131HVO8N49	B003RITZ0I	151.87	1	2026-01-31 03:56:41 PST		y	1			11				B003RITZ0I						B003RITZ0I			0	DEFAULT	Migrated Template	Active
Lupin III: Green Vs. Red [Blu-ray] [Blu-ray]		0129HM814F4	B003SSM9Z0	75.74	1	2026-01-28 16:24:46 PST		y	1			11				B003SSM9Z0						B003SSM9Z0			0	DEFAULT	Migrated Template	Active
Magic of David Foster & Friends [Audio CD]		0129HM3O890	B003TYKGZS	126.81	1	2026-01-28 16:24:46 PST		y	1			11				B003TYKGZS						B003TYKGZS			0	DEFAULT	Migrated Template	Active
Bec Selmer S90 190 ebonite baritone saxophone		0303HGTPC9W	B003UB2UN6	467.29	1	2026-03-02 18:51:29 PST		y	1			11				B003UB2UN6						B003UB2UN6			0	DEFAULT	Migrated Template	Active
みつどもえ 3 【完全生産限定版】 [Blu-ray] [Blu-ray]		0120HRRD9GN	B003UK2PFA	116.21	1	2026-01-20 01:10:21 PST		y	1			11				B003UK2PFA						B003UK2PFA			0	DEFAULT	Migrated Template	Active
Ruokala Lokki [Blu-ray]		0129HM8P8ZS	B003VR3254	89.06	1	2026-01-28 16:24:46 PST		y	1			11				B003VR3254						B003VR3254			0	DEFAULT	Migrated Template	Active
Megane [Blu-ray]		0129HM57FVM	B003VR325E	86.82	1	2026-01-28 16:24:46 PST		y	1			11				B003VR325E						B003VR325E			0	DEFAULT	Migrated Template	Active
Smooth [Audio CD] Keiko Lee		0129HM8HR8T	B003WMI5WI	58.53	1	2026-01-28 16:24:46 PST		y	1			11				B003WMI5WI						B003WMI5WI			0	DEFAULT	Migrated Template	Active
E.W.S. Volume Controller Subtle Volume Control		0227H2CU1KQ	B003XKOJYC	169.01	1	2026-02-26 19:40:56 PST		y	1			11				B003XKOJYC						B003XKOJYC			0	DEFAULT	Migrated Template	Active
みつどもえ 4 【完全生産限定版】 [Blu-ray] [Blu-ray]		0120HSDJB8N	B003Z8VI0U	116.21	1	2026-01-20 01:10:21 PST		y	1			11				B003Z8VI0U						B003Z8VI0U			0	DEFAULT	Migrated Template	Active
MITSUDOMOE 5 [w/ CD, Limited Release] [Blu-ray] [Blu-ray]		0120HS7BBIE	B003Z8VI1O	116.21	1	2026-01-20 01:10:21 PST		y	1			11				B003Z8VI1O						B003Z8VI1O			0	DEFAULT	Migrated Template	Active
Magical Girl Lyrical Nanoha The MOVIE 1st [Regular Edition] w/English Subtitles [Blu-ray]		0129HM68W3L	B0042RVJV6	63.52	1	2026-01-28 16:24:46 PST		y	1			11				B0042RVJV6						B0042RVJV6			0	DEFAULT	Migrated Template	Active
Mobile Police Patlabor Tv+New Ova 20th Anniversary [Audio CD] Kenji Kawai		0120HRXVIUK	B0042ZWQII	98.06	1	2026-01-20 01:10:21 PST		y	1			11				B0042ZWQII						B0042ZWQII			0	DEFAULT	Migrated Template	Active
LIVE IN THE MOMENT OF THE RESURRECTION(2DVD) [DVD]		0120HRR85NB	B00466IPGU	74.31	1	2026-01-20 01:10:21 PST		y	1			11				B00466IPGU						B00466IPGU			0	DEFAULT	Migrated Template	Active
Panty&Stocking with Garterbelt Vol.5 [Special Edition] [Blu-ray+DVD] [Blu-ray]		0129HM694AP	B00470O44W	184.19	1	2026-01-28 16:24:46 PST		y	1			11				B00470O44W						B00470O44W			0	DEFAULT	Migrated Template	Active
Mobile Police Patlabor Tv+New Ova 20th Anniversary [Audio CD] Kenji Kawai		0129HM87VOT	B0047R1Z2Y	87.72	1	2026-01-28 16:24:46 PST		y	1			11				B0047R1Z2Y						B0047R1Z2Y			0	DEFAULT	Migrated Template	Active
Mizushima Hiro - Beck (2 Blu-Ray) [Edizione: Giappone] [Blu-ray]		0129HM31029	B004CFBNBO	71.57	1	2026-01-28 16:24:46 PST		y	1			11				B004CFBNBO						B004CFBNBO			0	DEFAULT	Migrated Template	Active
ロッチ単独ライブ 「PELO PELO PELOTTi」 [DVD] [DVD]		0120HRR6DO3	B004EBUJ8O	63.73	1	2026-01-20 01:10:21 PST		y	1			11				B004EBUJ8O						B004EBUJ8O			0	DEFAULT	Migrated Template	Active
JIN Japanese TV Series Blu-ray Box 7 Disc [Blu-ray]		0131HVNX9AQ	B004F9QR5O	289.55	1	2026-01-31 03:56:41 PST		y	1			11				B004F9QR5O						B004F9QR5O			0	DEFAULT	Migrated Template	Active
NDS SMS4 up six times the speed of backup to save data from PC (es EMS 4) DS software [video game]		0131HVPZK7B	B004FBIZC0	83.39	1	2026-01-31 03:56:41 PST		y	1			11				B004FBIZC0						B004FBIZC0			0	DEFAULT	Migrated Template	Active
Just Go! Anpanman Friends Series / Nakayoshi Roll Panna and Gomilla DVD [DVD]		0129HM60O5P	B004GSP0TI	58.4	1	2026-01-28 16:24:46 PST		y	1			11				B004GSP0TI						B004GSP0TI			0	DEFAULT	Migrated Template	Active
Michel Poiccard (Includes 4 Bonus Tracks / Domestic Edition) (BRC283) [Audio CD] THE DEATH SET and ザ・デス・セット		0131HVMQV55	B004GXL9T8	57.71	1	2026-01-31 03:56:41 PST		y	1			11				B004GXL9T8						B004GXL9T8			0	DEFAULT	Migrated Template	Active
Delivered to You Secret Party ~ Kitahoro High School Festival Another Side [Audio CD] Kimi Ni Todoke Secret Party - Kitahoro Koukou Gakk		0129HM7CEGT	B004HGYIKQ	52.08	1	2026-01-28 16:24:46 PST		y	1			11				B004HGYIKQ						B004HGYIKQ			0	DEFAULT	Migrated Template	Active
Puella Magi Madoka Magica vol.1 [DVD]		0120HRR99YI	B004INGZLS	85.27	1	2026-01-20 01:10:21 PST		y	1			11				B004INGZLS						B004INGZLS			0	DEFAULT	Migrated Template	Active
Animelo Summer Live 2010 -evolution- 8.29 [Blu-ray] [Blu-ray]		0120HS9CJ4S	B004JKG7TA	115.73	1	2026-01-20 01:10:21 PST		y	1			11				B004JKG7TA						B004JKG7TA			0	DEFAULT	Migrated Template	Active
WRC: FIA World Rally Championship [Japan Import] [video game]		0131HVO6MTO	B004JQOW8M	72.68	1	2026-01-31 03:56:41 PST		y	1			11				B004JQOW8M						B004JQOW8M			0	DEFAULT	Migrated Template	Active
Nichiban NWBB-K10 Double-Sided Tape, Knife Tack (Strong), 12 Rolls, 0.4 inches (10 mm) x 59.9 feet (18 m)		0131HVP6GSW	B004NQZLME	76.61	1	2026-01-31 03:56:41 PST		y	1			11				B004NQZLME						B004NQZLME			0	DEFAULT	Migrated Template	Active
Panduit TM3S8-C Cable Tie Mount, Screw Applied, #8 Screw Mounting Method, 0.32" Counterbore Diameter, 0.37" Height, 0.61" Width, 0.86" Length (Pack of 100)		0120HRXRU59	B004OCMN2I	77.19	1	2026-01-20 01:10:21 PST		y	1			11				B004OCMN2I						B004OCMN2I			0	DEFAULT	Migrated Template	Active
Panduit T50F-C0 Weather Resistant Polyethylene Spiral Wrap, 100-Feet, Black		0120HSK6IVV	B004OQY8HM	268.13	1	2026-01-20 01:52:46 PST		y	1			11				B004OQY8HM						B004OQY8HM			0	DEFAULT	Migrated Template	Active
Kadokawa Shoten Steins Gate for PSP [Japan Import] [video game]		0129HM5AHJW	B004RJW0OY	80.31	1	2026-01-28 16:24:46 PST		y	1			11				B004RJW0OY						B004RJW0OY			0	DEFAULT	Migrated Template	Active
Live at Donington 1990 - Deluxe Edition [First Press Limited Edition/Japanese Subtitles] [DVD] [DVD]		0129HM5CA55	B004W1BS7M	97.45	1	2026-01-28 16:24:46 PST		y	1			11				B004W1BS7M						B004W1BS7M			0	DEFAULT	Migrated Template	Active
Level E 5 DVD [DVD]		0120HSE5P5S	B004WXEV7E	88.49	1	2026-01-20 01:10:21 PST		y	1			11				B004WXEV7E						B004WXEV7E			0	DEFAULT	Migrated Template	Active
Misawa Tiger Legend ~ Tiger Mask 7 Years Roar ~ DVD-Box [DVD]		0120HSGOSWO	B004X7PY4I	190.84	1	2026-01-20 01:52:46 PST		y	1			11				B004X7PY4I						B004X7PY4I			0	DEFAULT	Migrated Template	Active
Kei Ichiyanagi ~ 1960's & 1990's / Kei Ichiyanagi Universe III [Audio CD] オムニバス(クラシック); 一柳慧 and 岩城宏之		0131HVNEERW	B005644Z10	64.24	1	2026-01-31 03:56:41 PST		y	1			11				B005644Z10						B005644Z10			0	DEFAULT	Migrated Template	Active
夏目友人帳　参 3 【完全生産限定版】 [Blu-ray] [Blu-ray]		0120HSKCX07	B005BOG09K	108.47	1	2026-01-20 01:52:46 PST		y	1			11				B005BOG09K						B005BOG09K			0	DEFAULT	Migrated Template	Active
Kimi ni Todoke 1st Season Blu-ray Box [Blu-ray] [Blu-ray]		0129HM5OXXX	B005C36FP4	251.97	1	2026-01-28 16:24:46 PST		y	1			11				B005C36FP4						B005C36FP4			0	DEFAULT	Migrated Template	Active
Kimi ni Todoke 2nd Season Blu-ray Box [Blu-ray] [Blu-ray]		0129HM9K8N0	B005C39HQS	165.59	1	2026-01-28 16:24:46 PST		y	1			11				B005C39HQS						B005C39HQS			0	DEFAULT	Migrated Template	Active
Symphonic Suite Dragon Quest Bamen Betsu 1-4 (Original Soundtrack) [Audio CD] Koichi Sugiyama		0129HM6BMKX	B005DIBIFK	171	1	2026-01-28 16:24:46 PST		y	1			11				B005DIBIFK						B005DIBIFK			0	DEFAULT	Migrated Template	Active
Haydn: 3 String Quartets [Audio CD] VIENNA,ARTIS QUARTET		0131HVLY2PC	B005ET25JG	64.24	1	2026-01-31 03:56:41 PST		y	1			11				B005ET25JG						B005ET25JG			0	DEFAULT	Migrated Template	Active
王冠化学工業所 Gondola Pastel α100 Color Set		0131HVNUKGQ	B005EVN9QM	164.52	1	2026-01-31 03:56:41 PST		y	1			11				B005EVN9QM						B005EVN9QM			0	DEFAULT	Migrated Template	Active
Japanese Movie - Hotaru No Hikari (Movie) Regular Edition [Japan DVD] VPBT-13726 [DVD]		0129HM753WY	B005FTXVXO	61.32	1	2026-01-28 16:24:46 PST		y	1			11				B005FTXVXO						B005FTXVXO			0	DEFAULT	Migrated Template	Active
Hatsune MIKU Live party 2011 Blu-ray mikupa LIMITED EDITION Japan Import [Blu-ray]		0129HM5TTRR	B005GYS8RC	106.71	1	2026-01-28 16:24:46 PST		y	1			11				B005GYS8RC						B005GYS8RC			0	DEFAULT	Migrated Template	Active
Future (Shinseiki) GPX Cyber Formula ALL ROUNDS COLLECTION [Blu-ray] [Blu-ray]		0129HM6BKOD	B005IUTCBK	354.65	1	2026-01-28 16:24:46 PST		y	1			11				B005IUTCBK						B005IUTCBK			0	DEFAULT	Migrated Template	Active
Japanese Movie - Genji Monogatari (The Tale Of Genji) (1951) [Japan DVD] DABA-818 [DVD]		0129HM5RPSQ	B005K2OZRW	73.39	1	2026-01-28 16:24:46 PST		y	1			11				B005K2OZRW						B005K2OZRW			0	DEFAULT	Migrated Template	Active
MASTER KEATON Blu-ray Box 8 Disc [Blu-ray]		0120HSE5P64	B005O2TFD2	387.8	1	2026-01-20 01:10:21 PST		y	1			11				B005O2TFD2						B005O2TFD2			0	DEFAULT	Migrated Template	Active
All about Caterina Valente [Audio CD] カテリーナ・ヴァレンテ		0129HM7UVB0	B005QIUQ6Y	122.77	1	2026-01-28 16:24:46 PST		y	1			11				B005QIUQ6Y						B005QIUQ6Y			0	DEFAULT	Migrated Template	Active
Panduit BSN14-C Butt Splice, Nylon Insulated, 16 - 14 AWG Wire Range, 1.15-Inch Length, Blue (100-Pack)		0120HSGMQB7	B005T57JP0	68.42	1	2026-01-20 01:52:46 PST		y	1			11				B005T57JP0						B005T57JP0			0	DEFAULT	Migrated Template	Active
Panduit BSN10-L Butt Splice, Nylon Insulated, 12 - 10 AWG Wire Range, Yellow (50-Pack)		0120HSMZJSF	B005T57KEA	58.24	1	2026-01-20 01:52:46 PST		y	1			11				B005T57KEA						B005T57KEA			0	DEFAULT	Migrated Template	Active
Panduit PLT7LH-L Cable Tie, Light-Heavy, Nylon 6.6, 24.7-Inch Length, Natural (50-Pack)		0120HSG2Q3A	B005T5K0H4	121.14	1	2026-01-20 01:52:46 PST		y	1			11				B005T5K0H4						B005T5K0H4			0	DEFAULT	Migrated Template	Active
Panduit ABM2S-AT-D0 Cable Tie Mount, Adhesive Backed, High Temperature, 4-Way, Weather Resistant ABS, Black (500-Pack)		0120HSG9BN1	B005T64TDY	201.8	1	2026-01-20 01:52:46 PST		y	1			11				B005T64TDY						B005T64TDY			0	DEFAULT	Migrated Template	Active
Panduit PLT1M-M6 Cable Tie, Miniature, Nylon 6.6, 3.9-Inch Length, Blue (1,000-Pack)		0120HSK9M58	B005T6BPN6	79.16	1	2026-01-20 01:52:46 PST		y	1			11				B005T6BPN6						B005T6BPN6			0	DEFAULT	Migrated Template	Active
Panduit R100X225V1C P1 Cassette Turn-Tell Self-Laminated Label, Vinyl, White		0120HSFX88Y	B005T7HKC0	117.16	1	2026-01-20 01:52:46 PST		y	1			11				B005T7HKC0						B005T7HKC0			0	DEFAULT	Migrated Template	Active
Panduit SST1M-M0 Cable Tie, 2-Piece, Miniature, Weather Resistant Nylon 6.6, 4.0-Inch Length, Black (1,000-Pack)		0120HS9I98L	B005T7JGI6	141.11	1	2026-01-20 01:10:21 PST		y	1			11				B005T7JGI6						B005T7JGI6			0	DEFAULT	Migrated Template	Active
Panduit PLT2S-M30 Cable Tie, Standard, Heat Stabilized Nylon 6.6, 7.4-Inch Length, Black (1,000-Pack)		0120HS9NN5W	B005T7JYSI	138.51	1	2026-01-20 01:10:21 PST		y	1			11				B005T7JYSI						B005T7JYSI			0	DEFAULT	Migrated Template	Active
Panduit PLT1M-M8 Cable Tie, Miniature, Nylon 6.6, 3.9-Inch Length, Gray (1,000-Pack)		0120HSGIEUP	B005T7QH0Q	79.16	1	2026-01-20 01:52:46 PST		y	1			11				B005T7QH0Q						B005T7QH0Q			0	DEFAULT	Migrated Template	Active
Panduit PLT3H-TL Cable Tie, Light-Heavy, Nylon 6.6, 11.4-Inch Length, Natural (250-Pack)		0120HSRT0JB	B005T986Z8	96.69	1	2026-01-20 01:52:46 PST		y	1			11				B005T986Z8						B005T986Z8			0	DEFAULT	Migrated Template	Active
The Walking Dead DVD-Box [DVD]		0129HM7TQKL	B0068CDQ46	110.61	1	2026-01-28 16:24:46 PST		y	1			11				B0068CDQ46						B0068CDQ46			0	DEFAULT	Migrated Template	Active
Wangan Midnight MAXIMUMTUNE4 Original Soundtrack [Audio CD] ゲーム・ミュージック; AUBREY ASHBURN and Emi Evans		0129HM5XNH1	B0068JWHXU	90.79	1	2026-01-28 16:24:46 PST		y	1			11				B0068JWHXU						B0068JWHXU			0	DEFAULT	Migrated Template	Active
Japanese TV Series - Ranma 1 / 2 (TV Drama) [Japan DVD] VPBX-13670 [DVD]		0120HSGL83K	B006FEJ0UG	69.19	1	2026-01-20 01:52:46 PST		y	1			11				B006FEJ0UG						B006FEJ0UG			0	DEFAULT	Migrated Template	Active
Japanese TV Series - Ranma 1 / 2 (TV Drama)[Japan BD] VPXX-71192 [Blu-ray]		0129HM3MY6Z	B006FELTLO	77.07	1	2026-01-28 16:24:46 PST		y	1			11				B006FELTLO						B006FELTLO			0	DEFAULT	Migrated Template	Active
Japanese TV Series - Kaseifu No Mita DVD Box (6DVDS) [Japan DVD] VPBX-14968 [DVD]		0129HM602L1	B006J42K5O	165.07	1	2026-01-28 16:24:46 PST		y	1			11				B006J42K5O						B006J42K5O			0	DEFAULT	Migrated Template	Active
DJ Max Portable: Black Square [Japan Import] [video game]		0131HVQJI6G	B006JW4J6Y	83.91	1	2026-01-31 03:56:41 PST		y	1			11				B006JW4J6Y						B006JW4J6Y			0	DEFAULT	Migrated Template	Active
FAMOUS by KIWAYA FS-1G Soprano Ukulele with gig bag Made in Japan		0227H2GJZ1M	B006JW7WVI	295.87	1	2026-02-26 19:40:56 PST		y	1			11				B006JW7WVI						B006JW7WVI			0	DEFAULT	Migrated Template	Active
FAMOUS Ukulele, Braun (FS-5G)		0227H2KHM4G	B006JW7YJI	405.03	1	2026-02-26 19:40:56 PST		y	1			11				B006JW7YJI						B006JW7YJI			0	DEFAULT	Migrated Template	Active
Animation - Kimi To Boku. Vol.5 (DVD+CD+BOOKLET) [Japan LTD DVD] ANZB-9639 [DVD]		0120HS9C78S	B006L99H44	86.27	1	2026-01-20 01:10:21 PST		y	1			11				B006L99H44						B006L99H44			0	DEFAULT	Migrated Template	Active
Galneryus - Phoenix Living In The Rising Sun (2DVDS+CD) [Japan DVD] VPBQ-19072 [DVD]		0120HSBL9PD	B006WWNWA0	77.12	1	2026-01-20 01:10:21 PST		y	1			11				B006WWNWA0						B006WWNWA0			0	DEFAULT	Migrated Template	Active
TVアニメ Another キャラソンアルバム(DVD付) [Audio CD] 未定		0129HM79IUB	B006YR3W8K	64.32	1	2026-01-28 16:24:46 PST		y	1			11				B006YR3W8K						B006YR3W8K			0	DEFAULT	Migrated Template	Active
Tomomi Nishimoto New Year Concert 2004 in Moscow (Blu-ray) [Blu-ray]		0129HM6SGRT	B007007VBY	79.87	1	2026-01-28 16:24:46 PST		y	1			11				B007007VBY						B007007VBY			0	DEFAULT	Migrated Template	Active
Art of Tea [Audio CD] Franks, Michael		0129HM5R04L	B00751DTXC	95.48	1	2026-01-28 16:24:46 PST		y	1			11				B00751DTXC						B00751DTXC			0	DEFAULT	Migrated Template	Active
Tomohisa Yamashita - Yamashita Tomohisa Route 66 Tatta Hitori No America DVD Box Director's Cut Edition (5DVDS) [Japan DVD] VPBF-14967 [DVD]		0120HSMCE4B	B0076H51MC	130.95	1	2026-01-20 01:52:46 PST		y	1			11				B0076H51MC						B0076H51MC			0	DEFAULT	Migrated Template	Active
Tomohisa Yamashita - Yamashita Tomohisa Route 66 Tatta Hitori No America Blu-Ray Box Director's Cut Edition (5BDS) [Japan BD] VPXF-71929 [Blu-ray]		0129HM6355S	B0076H5R6C	143.57	1	2026-01-28 16:24:46 PST		y	1			11				B0076H5R6C						B0076H5R6C			0	DEFAULT	Migrated Template	Active
Buck-Tick - The Day In Question 2011 [Japan DVD] TKBA-1158 [DVD]		0129HM5WF5Y	B007C88QJK	82.52	1	2026-01-28 16:24:46 PST		y	1			11				B007C88QJK						B007C88QJK			0	DEFAULT	Migrated Template	Active
Mame Goma Yoi Ko Marui Ko Genkina Ko! [Japan Import] by Nippon Columbia [video game]		0129HM7Y1F3	B007CEK87C	115.81	1	2026-01-28 16:24:46 PST		y	1			11				B007CEK87C						B007CEK87C			0	DEFAULT	Migrated Template	Active
Animation - Berserk Golden Age Arc I: Egg Of The Supreme Ruler (Ogon Jidai Hen I Haoh No Tamago) (BD+CD) [Japan BD] VPXV-71219 [Blu-ray]		0129HM7EG20	B007HHAHNE	81.83	1	2026-01-28 16:24:46 PST		y	1			11				B007HHAHNE						B007HHAHNE			0	DEFAULT	Migrated Template	Active
Rikio Ankle Ninja Boot Outdoor Tabi - AIR TABI FIT, 5 Clips - 27.0cm JP, Black		0131HVL8PLX	B007HHIE52	74.61	1	2026-01-31 03:56:41 PST		y	1			11				B007HHIE52						B007HHIE52			0	DEFAULT	Migrated Template	Active
Rikio Ankle Ninja Boot Outdoor Tabi - AIR TABI FIT, 5 Clips - 28.0cm JP, Black		0131HVMMGZT	B007HHIE7A	83.44	1	2026-01-31 03:56:41 PST		y	1			11				B007HHIE7A						B007HHIE7A			0	DEFAULT	Migrated Template	Active
Rikio Ankle Ninja Boot Outdoor Tabi - AIR TABI FIT, 5 Clips - 23.5cm JP, Black		0131HVLXEDN	B007HHIE8Y	79.02	1	2026-01-31 03:56:41 PST		y	1			11				B007HHIE8Y						B007HHIE8Y			0	DEFAULT	Migrated Template	Active
Rikio Ankle Ninja Boot Outdoor Tabi - AIR TABI FIT, 5 Clips - 23.5cm JP, White		0131HVLO8KO	B007HTTZ94	79.02	1	2026-01-31 03:56:41 PST		y	1			11				B007HTTZ94						B007HTTZ94			0	DEFAULT	Migrated Template	Active
Rikio Ankle Ninja Boot Outdoor Tabi - AIR TABI FIT, 5 Clips - 28.0cm JP, White		0131HVO84JC	B007HTTZAI	75.69	1	2026-01-31 03:56:41 PST		y	1			11				B007HTTZAI						B007HTTZAI			0	DEFAULT	Migrated Template	Active
Rikio Ankle Ninja Boot Outdoor Tabi - AIR TABI FIT, 5 Clips - 26.0cm JP, White		0131HVQ8XBQ	B007HTTZCQ	75.99	1	2026-01-31 03:56:41 PST		y	1			11				B007HTTZCQ						B007HTTZCQ			0	DEFAULT	Migrated Template	Active
Rikio Ankle Ninja Boot Outdoor Tabi - AIR TABI FIT, 5 Clips - 24.0cm JP, White		0131HVLX821	B007HTTZDA	75.99	1	2026-01-31 03:56:41 PST		y	1			11				B007HTTZDA						B007HTTZDA			0	DEFAULT	Migrated Template	Active
Rikio Ankle Ninja Boot Outdoor Tabi - AIR TABI FIT, 5 Clips - 26.5cm JP, White		0131HVNUTT1	B007HTTZM6	75.99	1	2026-01-31 03:56:41 PST		y	1			11				B007HTTZM6						B007HTTZM6			0	DEFAULT	Migrated Template	Active
Japanese Movie - Kaibutsu-Kun (Movie) 3D&2D (2BDS) [Japan BD] VPXT-71222 [Blu-ray]		0129HM8RIF1	B007KHIK9Y	73.29	1	2026-01-28 16:24:46 PST		y	1			11				B007KHIK9Y						B007KHIK9Y			0	DEFAULT	Migrated Template	Active
Ibanez ifs2u Footswitch		1224FGMJJ6L	B007POK7ZW	85.51	1	2025-12-23 17:14:44 PST		y	1			11				B007POK7ZW						B007POK7ZW			0	DEFAULT	Venesplo_2601	Active
Japanese Movie - Ryujin Mabuyer The Movie Nanatsu No Mabui [Japan DVD] VPBT-15615 [DVD]		0120HSCMONP	B007T4MXA0	72.27	1	2026-01-20 01:10:21 PST		y	1			11				B007T4MXA0						B007T4MXA0			0	DEFAULT	Migrated Template	Active
TV Anime Medaka Box Original Soundtrack Vol. 1 [Audio CD] 加藤達也 and TVサントラ		0129HM5UVGR	B007V4YPAE	69.34	1	2026-01-28 16:24:46 PST		y	1			11				B007V4YPAE						B007V4YPAE			0	DEFAULT	Migrated Template	Active
TV Series - The Fierce Wife Uncut Edition DVD-Box 2 (6DVDS) [Japan DVD] VPBU-15996 [DVD]		0120HRRAYZ8	B007VC3EMG	186.88	1	2026-01-20 01:10:21 PST		y	1			11				B007VC3EMG						B007VC3EMG			0	DEFAULT	Migrated Template	Active
Hatsune Miku - Hatsune Miku Miku No Hi Daikanshasai Hatsune Miku Live Party 2012 (Mikupa) [Japan BD] HSB-217 [Blu-ray]		0129HM7J71H	B007WRV526	93.32	1	2026-01-28 16:24:46 PST		y	1			11				B007WRV526						B007WRV526			0	DEFAULT	Migrated Template	Active
Mission Engineering Inc EP1-L6 Expression Pedal for Line 6 Product - Black Finish		0227H29SL6L	B007XT2SCY	375.27	1	2026-02-26 19:40:56 PST		y	1			11				B007XT2SCY						B007XT2SCY			0	DEFAULT	Migrated Template	Active
Kobitodsukan Kobito Kansatsu Set [Japan Import] by Nippon Columbia [video game]		0129HM6CH5I	B0081XM8Q2	70	1	2026-01-28 16:24:46 PST		y	1			11				B0081XM8Q2						B0081XM8Q2			0	DEFAULT	Migrated Template	Active
Japanese Movie - Always Sanchome No Yuhi '64 (Deluxe Edition) (2DVDS) [Japan DVD] VPBT-15618 [DVD]		0129HM3N5EZ	B0081ZBVHC	107.22	1	2026-01-28 16:24:46 PST		y	1			11				B0081ZBVHC						B0081ZBVHC			0	DEFAULT	Migrated Template	Active
"ALWAYS Sanchome no Yuhi / Zoku Sanchome no Yuhi / "Sanchome no Yuhi '64" Set Blu-ray Box [Blu-ray]		0129HM636R7	B0081ZFS9E	168.36	1	2026-01-28 16:24:46 PST		y	1			11				B0081ZFS9E						B0081ZFS9E			0	DEFAULT	Migrated Template	Active
Makita DF330DWSP Rechargeable Driver Drill with 10.8 V LED Light, Small, Equipped with 1 Battery Included		0227H2BB6OA	B00841B2QS	181.33	1	2026-02-26 19:40:56 PST		y	1			11				B00841B2QS						B00841B2QS			0	DEFAULT	Migrated Template	Active
Waking Up Tour 2012: Live at Blues Alley Japan [DVD]		0120HS5HOIY	B0084FSJ5G	81.25	1	2026-01-20 01:10:21 PST		y	1			11				B0084FSJ5G						B0084FSJ5G			0	DEFAULT	Migrated Template	Active
Z.O.E - Zone Of The Enders Z.O.E 2167 Idolo (BD+BOOKLET) [Japan BD] VPXV-71229 [Blu-ray]		0129HM9851P	B0085Q2R3O	79.58	1	2026-01-28 16:24:46 PST		y	1			11				B0085Q2R3O						B0085Q2R3O			0	DEFAULT	Migrated Template	Active
Selmer Tenor Saxophone Cap Lacquered		0131HVNH19K	B0085RMGXO	91.37	1	2026-01-31 03:56:41 PST		y	1			11				B0085RMGXO						B0085RMGXO			0	DEFAULT	Migrated Template	Active
Japanese Movie - Gyakuten Saiban (Ace Attorney) (2DVDS) [Japan DVD] VPBT-13707 [DVD]		0129HM6XHU6	B008BDW4ZC	52.43	1	2026-01-28 16:24:46 PST		y	1			11				B008BDW4ZC						B008BDW4ZC			0	DEFAULT	Migrated Template	Active
ROBOTICS;NOTES Original Soundtrack [Audio CD] Game Music		0120HSDTZPB	B008EQ88S8	62.39	1	2026-01-20 01:10:21 PST		y	1			11				B008EQ88S8						B008EQ88S8			0	DEFAULT	Migrated Template	Active
SHM KOKUGA [Japan Import] [video game]		0131HVMS1ND	B008F4MHI6	71.7	1	2026-01-31 03:56:41 PST		y	1			11				B008F4MHI6						B008F4MHI6			0	DEFAULT	Migrated Template	Active
Seiji Ozawa - New Year Concert 2002 [Japan BD] KIXM-70 [Blu-ray]		0129HM7FZLM	B008NCZEPI	77.8	1	2026-01-28 16:24:46 PST		y	1			11				B008NCZEPI						B008NCZEPI			0	DEFAULT	Migrated Template	Active
3D Curse Box of Sadako 3-pack (Limited to 4,444 Sets) [Japan Import] [Blu-ray]		0129HM86WGO	B008O0YOFK	84.95	1	2026-01-28 16:24:46 PST		y	1			11				B008O0YOFK						B008O0YOFK			0	DEFAULT	Migrated Template	Active
Lisa - Live Is Smile Always Lover's'mile In Hibiya Yagai Daiongakudou [Japan DVD] ANSB-3707 [DVD]		0120HS9R6BQ	B008OJ7RW8	75.37	1	2026-01-20 01:10:21 PST		y	1			11				B008OJ7RW8						B008OJ7RW8			0	DEFAULT	Migrated Template	Active
GPX Cyber Formula BD ALL ROUNDS OVA Series Blu-ray BOX [Japan Import] [Blu-ray]		0129HM7G8JW	B008PL25F4	356.21	1	2026-01-28 16:24:46 PST		y	1			11				B008PL25F4						B008PL25F4			0	DEFAULT	Migrated Template	Active
(Definitive Edition) Enka Big Hit Complete Collection [Audio CD] V.A.		0129HM7L53Y	B008VURI8I	66.84	1	2026-01-28 16:24:46 PST		y	1			11				B008VURI8I						B008VURI8I			0	DEFAULT	Migrated Template	Active
Japanese Movie - Iron Girl [Japan DVD] VPBT-13717 [DVD]		0129HM6AI0W	B008XCIVPS	72.21	1	2026-01-28 16:24:46 PST		y	1			11				B008XCIVPS						B008XCIVPS			0	DEFAULT	Migrated Template	Active
ARU KOROSHI YA [DVD]		0129HM79ITP	B0092X45O8	53.06	1	2026-01-28 16:24:46 PST		y	1			11				B0092X45O8						B0092X45O8			0	DEFAULT	Migrated Template	Active
Panduit TA1S8-M0 4-Way Tie Anchor Mount, Screw Applied, Weather Resistant Nylon 6.6, Outdoors Environment, #8 Screw Mounting Method, Black, 0.17" Hole Diameter (Pack of 1000)		0120HSGOHB4	B0094JFAIU	285.52	1	2026-01-20 01:52:46 PST		y	1			11				B0094JFAIU						B0094JFAIU			0	DEFAULT	Migrated Template	Active
Sailor 16-0344-220 Multi-functional Fountain Pen, 2 Colors + Sharp, Yumi Maki-e, Weeping Cherry Blossoms, Black		0120HSU0Q18	B0095PUE5C	67.3	1	2026-01-20 01:52:46 PST		y	1			11				B0095PUE5C						B0095PUE5C			0	DEFAULT	Migrated Template	Active
Animation - Soreike! Anpanman Yomigaere Banana To [Japan DVD] VPBE-13720 [DVD]		0120HSDTZR8	B0099JVK8O	56.83	1	2026-01-20 01:10:21 PST		y	1			11				B0099JVK8O						B0099JVK8O			0	DEFAULT	Migrated Template	Active
Rent-A-Cat [Blu-ray]		0129HM6CH29	B0099LEJ4E	86.82	1	2026-01-28 16:24:46 PST		y	1			11				B0099LEJ4E						B0099LEJ4E			0	DEFAULT	Migrated Template	Active
Berserk Golden Age II Cheats Dorudorei hen DVD [Japan Import] [DVD]		0120HRR6DNG	B0099LTZFW	78.87	1	2026-01-20 01:10:21 PST		y	1			11				B0099LTZFW						B0099LTZFW			0	DEFAULT	Migrated Template	Active
Love Live! ʁfs First LoveLive! [Blu-ray] [Blu-ray]		0129HM7EG2K	B009AYB3JE	61.55	1	2026-01-28 16:24:46 PST		y	1			11				B009AYB3JE						B009AYB3JE			0	DEFAULT	Migrated Template	Active
Panduit ABM100-AT-D Cable Tie Mount, Adhesive Backed, High Temperature, 4-Way, Nylon 6.6, White (500-Pack)		0120HSG120J	B009DHMTYG	323.87	1	2026-01-20 01:52:46 PST		y	1			11				B009DHMTYG						B009DHMTYG			0	DEFAULT	Migrated Template	Active
Panduit MP250-C Harness Identification Marker Plate, Nylon 6.6, 2.50 by 0.75-Inch, White (100-Pack)		0120HSGQ0JY	B009DHP218	84.58	1	2026-01-20 01:52:46 PST		y	1			11				B009DHP218						B009DHP218			0	DEFAULT	Migrated Template	Active
Kodai, Goltmark, R. Strauss: Cello Sonata [Audio CD] タマーシュ・ヴァルガ、フェレンツ・ボーグナー		0131HVOA4II	B009HA5CPW	64.24	1	2026-01-31 03:56:41 PST		y	1			11				B009HA5CPW						B009HA5CPW			0	DEFAULT	Migrated Template	Active
Daiwa Landing Pole 2 500		0303HH2DNUI	B009KK3LMU	186.33	1	2026-03-02 18:51:29 PST		y	1			11				B009KK3LMU						B009KK3LMU			0	DEFAULT	Migrated Template	Active
Daiwa Ball Pattern Landing Pole 2 600		0303HH5FOZT	B009KK3M0Q	175.97	1	2026-03-02 18:51:29 PST		y	1			11				B009KK3M0Q						B009KK3M0Q			0	DEFAULT	Migrated Template	Active
Idolm@Ster - 7Th Anniversary 765 Pro Allstars Minna To Isshoni! 120623 [Japan BD] COXC-1051 [Blu-ray]		0120HSG0P90	B009LI1510	88.91	1	2026-01-20 01:52:46 PST		y	1			11				B009LI1510						B009LI1510			0	DEFAULT	Migrated Template	Active
Idolm@Ster - 7Th Anniversary 765 Pro Allstars Minna To Isshoni! 120624 [Japan BD] COXC-1052 [Blu-ray]		0120HSGRTJO	B009LI154M	103.49	1	2026-01-20 01:52:46 PST		y	1			11				B009LI154M						B009LI154M			0	DEFAULT	Migrated Template	Active
Blood-C - Movie (Last Dark) [Japan DVD] ANSB-6895 [DVD]		0120HSCASPF	B009NRHGUI	81	1	2026-01-20 01:10:21 PST		y	1			11				B009NRHGUI						B009NRHGUI			0	DEFAULT	Migrated Template	Active
HAYATE NO GOTOKU! CANT TAKE MY EYES OFF YOU ORIGINAL SOUNDTRACK [Audio CD] AYUMU MAEGUCHI		0129HM7Y8RU	B009RJ3YBM	62.66	1	2026-01-28 16:24:46 PST		y	1			11				B009RJ3YBM						B009RJ3YBM			0	DEFAULT	Migrated Template	Active
ももクロ夏のバカ騒ぎ SUMMER DIVE 2012 西武ドーム大会 LIVE BD [Blu-ray] [Blu-ray]		0120HSOSF41	B009SASPZ0	95.05	1	2026-01-20 01:52:46 PST		y	1			11				B009SASPZ0						B009SASPZ0			0	DEFAULT	Migrated Template	Active
Robotics;Notes - 1 (DVD+CD) [Japan LTD DVD] ANZB-6181 [DVD]		0120HSBVAP4	B009VV2Y80	101.61	1	2026-01-20 01:10:21 PST		y	1			11				B009VV2Y80						B009VV2Y80			0	DEFAULT	Migrated Template	Active
KINTO 22910 UNITEA Teapot, 24.0 fl oz (680 ml), Plastic, Dishwasher Safe, Heat-resistant Glass		0129HM4PAS3	B009W06FX0	62.11	1	2026-01-28 16:24:46 PST		y	1			11				B009W06FX0						B009W06FX0			0	DEFAULT	Migrated Template	Active
Nonaka Boeki Plastic Lead Case for Nonaka B♭ Clarinet with Selmer Logo, 12 Pieces, Color: Pearl White		0131HVQ12N3	B00A01O3N4	70.32	1	2026-01-31 03:56:41 PST		y	1			11				B00A01O3N4						B00A01O3N4			0	DEFAULT	Migrated Template	Active
Nonaka Boeki Nonaka Alto Saxophone Plastic Lead Case with Selmer Logo, 10 Pieces, Color: Pastel Blue		0131HVO4XNE	B00A01O3O8	62.72	1	2026-01-31 03:56:41 PST		y	1			11				B00A01O3O8						B00A01O3O8			0	DEFAULT	Migrated Template	Active
Nonaka B™ Clarinet Plastic Reed Case with Selmer Logo, 12 Count, Orange Gold		0131HVJ0DHM	B00A01U39C	57.98	1	2026-01-31 03:56:41 PST		y	1			11				B00A01U39C						B00A01U39C			0	DEFAULT	Migrated Template	Active
Nonaka Boeki Plastic Lead Case for Nonaka B Clarinet with Selmer Logo, 12 Pieces, Color: Pastel Blue		0131HVPY211	B00A01U3BU	67.14	1	2026-01-31 03:56:41 PST		y	1			11				B00A01U3BU						B00A01U3BU			0	DEFAULT	Migrated Template	Active
Nonaka Boeki Plastic Lead Case for Nonaka B♭ Clarinet with Selmer Logo, 12 Pieces, Color: Sakura Pink		0131HVNWKB9	B00A01U3DI	67.14	1	2026-01-31 03:56:41 PST		y	1			11				B00A01U3DI						B00A01U3DI			0	DEFAULT	Migrated Template	Active
Nonaka Boeki Plastic Lead Case for Nonaka B♭ Clarinet with Selmer Logo, 12 Pieces, Color: Black		0131HVMYPCS	B00A01U3FQ	68.59	1	2026-01-31 03:56:41 PST		y	1			11				B00A01U3FQ						B00A01U3FQ			0	DEFAULT	Migrated Template	Active
Combat Wings: The Great Battles of WWII [Japan Import] [video game]		0303HGYXI94	B00A0FO00Q	95.1	1	2026-03-02 18:51:29 PST		y	1			11				B00A0FO00Q						B00A0FO00Q			0	DEFAULT	Migrated Template	Active
Smile [Audio CD] Moriyama Takeo Quartet and Takeo Moriyama		0120HSK9R1U	B00A3R02YE	56.15	1	2026-01-20 01:52:46 PST		y	1			11				B00A3R02YE						B00A3R02YE			0	DEFAULT	Migrated Template	Active
Kamisama Dolls: Complete Collection [Blu-ray] [Blu-ray]		0131HVPK1ZW	B00A8306AI	90.92	1	2026-01-31 03:56:41 PST		y	1			11				B00A8306AI						B00A8306AI			0	DEFAULT	Migrated Template	Active
Buck-Tick - Buck-Tick Fest 2012 On Parade (2DVDS) [Japan DVD] TKBA-1165 [DVD]		0129HM62A09	B00A9XXLJK	88.34	1	2026-01-28 16:24:46 PST		y	1			11				B00A9XXLJK						B00A9XXLJK			0	DEFAULT	Migrated Template	Active
Robotics; Notes - 3 (DVD+CD+BOX) [Japan LTD DVD] ANZB-6185 [DVD]		0120HSB87HM	B00AA69ALO	91.64	1	2026-01-20 01:10:21 PST		y	1			11				B00AA69ALO						B00AA69ALO			0	DEFAULT	Migrated Template	Active
Toe - 8 Days DVD Toe Eu Tour 2012 [Japan DVD] XQIF-2003 [DVD]		0131HVLREK3	B00ADR5GF4	55.35	1	2026-01-31 03:56:41 PST		y	1			11				B00ADR5GF4						B00ADR5GF4			0	DEFAULT	Migrated Template	Active
Panduit PLT1M-M1 Cable Tie, Miniature, Nylon 6.6, 3.9-Inch Length, Brown (1,000-Pack)		0120HSU0CBE	B00AFVXX4O	78.78	1	2026-01-20 01:52:46 PST		y	1			11				B00AFVXX4O						B00AFVXX4O			0	DEFAULT	Migrated Template	Active
Panduit PLT1M-M3 Cable Tie, Miniature, Nylon 6.6, 3.9-Inch Length, Orange (1,000-Pack)		0120HSN4KPW	B00AFVXYRK	82.02	1	2026-01-20 01:52:46 PST		y	1			11				B00AFVXYRK						B00AFVXYRK			0	DEFAULT	Migrated Template	Active
Panduit PLT1M-M5 Cable Tie, Miniature, Nylon 6.6, 3.9-Inch Length, Green (1,000-Pack)		0120HSMSPAV	B00AFVXZ3S	95.28	1	2026-01-20 01:52:46 PST		y	1			11				B00AFVXZ3S						B00AFVXZ3S			0	DEFAULT	Migrated Template	Active
Panduit PLT1M-M7 Cable Tie, Miniature, Nylon 6.6, 3.9-Inch Length, Purple (1,000-Pack)		0120HSG1TLD	B00AFVY0Y6	72.31	1	2026-01-20 01:52:46 PST		y	1			11				B00AFVY0Y6						B00AFVY0Y6			0	DEFAULT	Migrated Template	Active
Be My Slave (Watashi no Dorei ni Narinasai) [Blu-ray]		0129HM3OI1J	B00AK48EI6	81.2	1	2026-01-28 16:24:46 PST		y	1			11				B00AK48EI6						B00AK48EI6			0	DEFAULT	Migrated Template	Active
Baby I'm Yours [Audio CD] LEWIS,BARBARA		0129HM8UWY2	B00AY1NXUY	72.51	1	2026-01-28 16:24:46 PST		y	1			11				B00AY1NXUY						B00AY1NXUY			0	DEFAULT	Migrated Template	Active
Japanese Movie - Kazoku No Kuni (Our Homeland) [Japan BD] DAXA-4358 [Blu-ray]		0120HSB1I4M	B00AYCRLFQ	73.98	1	2026-01-20 01:10:21 PST		y	1			11				B00AYCRLFQ						B00AYCRLFQ			0	DEFAULT	Migrated Template	Active
Love Letter [Blu-ray] [Blu-ray]		0129HMAZ7N3	B00B109QNA	74.38	1	2026-01-28 16:24:46 PST		y	1			11				B00B109QNA						B00B109QNA			0	DEFAULT	Migrated Template	Active
Vividred Operation - Vol.1 (DVD+CD) [Japan LTD DVD] ANZB-9021 [DVD]		0120HSGAETA	B00B1PFGXY	61.42	1	2026-01-20 01:52:46 PST		y	1			11				B00B1PFGXY						B00B1PFGXY			0	DEFAULT	Migrated Template	Active
Lyrical Nanoha - Movie 2Nd A's Tokusou Ban (2BDS+BOX+BOOKLET) [Japan LTD BD] KIXA-90284 [Blu-ray]		0129HM80DYS	B00B1YTMYE	65.08	1	2026-01-28 16:24:46 PST		y	1			11				B00B1YTMYE						B00B1YTMYE			0	DEFAULT	Migrated Template	Active
Lyrical Nanoha - Movie 2Nd A's [Japan BD] KIXA-281 [Blu-ray]		0129HM7NCAX	B00B1YVGG6	77.91	1	2026-01-28 16:24:46 PST		y	1			11				B00B1YVGG6						B00B1YVGG6			0	DEFAULT	Migrated Template	Active
Ibanez UTA20 Ultralite Tremolo Arm for Ibanez Edge-style Tremolo Units		1224FGM2RVZ	B00B49QJU6	90.56	1	2025-12-23 17:14:44 PST		y	1			11				B00B49QJU6						B00B49QJU6			0	DEFAULT	Venesplo_2601	Active
MAGI SOUNDTRACK~Up to the volume on Balbad~ [Audio CD] TVサントラ		0120HSGMAVO	B00B4G20FC	65.92	1	2026-01-20 01:52:46 PST		y	1			11				B00B4G20FC						B00B4G20FC			0	DEFAULT	Migrated Template	Active
TRUSCO TMS-14S Combination Spanner (Standard) Set (14-Piece Set)		0303HH1VZMQ	B00B4T8KD0	178.39	1	2026-03-02 18:51:29 PST		y	1			11				B00B4T8KD0						B00B4T8KD0			0	DEFAULT	Migrated Template	Active
Panduit ABMM-AT-D0 Cable Tie Mount, Adhesive Backed, High Temperature, 4-Way, Weather Resistant ABS, Black (500-Pack)		0120HSRC874	B00B4TN9QI	197.12	1	2026-01-20 01:52:46 PST		y	1			11				B00B4TN9QI						B00B4TN9QI			0	DEFAULT	Migrated Template	Active
Panduit PLT6LH-C Cable Tie, Light-Heavy, Nylon 6.6, 21.9-Inch Length, Natural (100-Pack)		0120HSOMIJW	B00B4TNIUA	96.92	1	2026-01-20 01:52:46 PST		y	1			11				B00B4TNIUA						B00B4TNIUA			0	DEFAULT	Migrated Template	Active
Panduit PLT7LH-C Cable Tie, Light-Heavy, Nylon 6.6, 24.7-Inch Length, Natural (100-Pack)		0120HSGLP7Q	B00B4TNJUO	136.72	1	2026-01-20 01:52:46 PST		y	1			11				B00B4TNJUO						B00B4TNJUO			0	DEFAULT	Migrated Template	Active
Panduit PLT8LH-C Cable Tie, Light-Heavy, Nylon 6.6, 27.6-Inch Length, Natural (100-Pack)		0120HSK8238	B00B4TNMII	166.98	1	2026-01-20 01:52:46 PST		y	1			11				B00B4TNMII						B00B4TNMII			0	DEFAULT	Migrated Template	Active
Panduit PLT9LH-C Cable Tie, Light-Heavy, Nylon 6.6, 30.5-Inch Length, Natural (100-Pack)		0120HSKBCGC	B00B4TNNAK	266.96	1	2026-01-20 01:52:46 PST		y	1			11				B00B4TNNAK						B00B4TNNAK			0	DEFAULT	Migrated Template	Active
Panduit TM3S25-M Cable Tie Mount, .61", 1/4 Screw, Nylon (Pack of 1000)		0120HSK02LE	B00B4TNSY6	106.89	1	2026-01-20 01:52:46 PST		y	1			11				B00B4TNSY6						B00B4TNSY6			0	DEFAULT	Migrated Template	Active
Panduit KP-506A Cable Tie Kit, Plastic Box, Cable Ties, Mounts, Nylon 6.6		0120HSMRRKH	B00B4TP416	123.55	1	2026-01-20 01:52:46 PST		y	1			11				B00B4TP416						B00B4TP416			0	DEFAULT	Migrated Template	Active
Panduit KP-506A-0 Cable Tie Kit, Plastic Box, Cable Ties, Mounts, Weather Resistant Nylon 6.6		0120HSU2GH7	B00B4TP4UC	163.48	1	2026-01-20 01:52:46 PST		y	1			11				B00B4TP4UC						B00B4TP4UC			0	DEFAULT	Migrated Template	Active
Panduit PLT2H-TL Cable Tie, Light-Heavy, Nylon 6.6, 8.1-Inch Length, Natural (250-Pack)		0120HSPB3LF	B00B4TPLXW	147.65	1	2026-01-20 01:52:46 PST		y	1			11				B00B4TPLXW						B00B4TPLXW			0	DEFAULT	Migrated Template	Active
Panduit ABM1M-AT-C Cable Tie Mount, Adhesive Backed, High Temperature, 4-Way Mount, Nylon 6.6, White (100-Pack)		0120HS5LETS	B00B4TPVFK	62.94	1	2026-01-20 01:10:21 PST		y	1			11				B00B4TPVFK						B00B4TPVFK			0	DEFAULT	Migrated Template	Active
Panduit ABM3H-S6-T Adhesive Backed Cable Tie Mount, 4-Way Mount, Screw/User-Supplied Adhesive, Indoors Environment, Nylon 6.6, #6 Screw Mounting Method, White (Pack of 200)		0120HSCDDTB	B00B4TQ8SY	222.01	1	2026-01-20 01:10:21 PST		y	1			11				B00B4TQ8SY						B00B4TQ8SY			0	DEFAULT	Migrated Template	Active
Sailor Pen Professional Gear Imperial Black ballpoint pen 16-1028-620 (japan import)		0129HM6R8YD	B00B51UOT0	157.62	1	2026-01-28 16:24:46 PST		y	1			11				B00B51UOT0						B00B51UOT0			0	DEFAULT	Migrated Template	Active
Panduit PLT4H-TL100 Pan-Ty Cable Tie, Weather Resistant Polypropylene, Light-Heavy Cross Section, Straight Tip, 50lbs Min Tensile Strength, 4" Max Bundle Diameter, .075" Thickness, .300" Width, 14.5" Length (Pack of 250)		0120HSK4F1L	B00B5L8FYQ	208	1	2026-01-20 01:52:46 PST		y	1			11				B00B5L8FYQ						B00B5L8FYQ			0	DEFAULT	Migrated Template	Active
Panduit PLM4S-C Marker Cable Tie, Wrap, Standard, Nylon 6.6, 14.6-Inch Length, Natural (100-Pack)		0120HS9GCYM	B00B5LBDF4	100.89	1	2026-01-20 01:10:21 PST		y	1			11				B00B5LBDF4						B00B5LBDF4			0	DEFAULT	Migrated Template	Active
Panduit PL2M2S-L Marker Cable Tie, Wrap, Standard, Nylon 6.6, 7.4-Inch Length, Natural (50-Pack)		0120HRR8SON	B00B5LBEDA	67.89	1	2026-01-20 01:10:21 PST		y	1			11				B00B5LBEDA						B00B5LBEDA			0	DEFAULT	Migrated Template	Active
Panduit HLSP5S-X12 Tak-Ty Hook And Loop Cable Tie, UL Listed Strip Tie, Maroon, 50lbs Min Tensile Strength, 5.00" Max Bundle Diameter, 0.750" Width, 18.0" Length (Pack of 10)		0120HRXU009	B00B5LJLF8	61.44	1	2026-01-20 01:10:21 PST		y	1			11				B00B5LJLF8						B00B5LJLF8			0	DEFAULT	Migrated Template	Active
Panduit HLSP5S-X0 Tak-Ty Hook And Loop Cable Tie, UL Listed Strip Tie, Black, 50lbs Min Tensile Strength, 5.00" Max Bundle Diameter, 0.750" Width, 18.0" Length (Pack of 10)		0120HSC6M9T	B00B5LJNBU	62.75	1	2026-01-20 01:10:21 PST		y	1			11				B00B5LJNBU						B00B5LJNBU			0	DEFAULT	Migrated Template	Active
Panduit ABMT-S6-C Tak-Ty Hook And Loop Cable Tie Mount, Nylon 6.6, #6 Screw Mounting Method, Natural (Pack of 100)		0120HSP54TU	B00B5LKN46	225.96	1	2026-01-20 01:52:46 PST		y	1			11				B00B5LKN46						B00B5LKN46			0	DEFAULT	Migrated Template	Active
Panduit MPMS25-C0 Pan-Ty Masonry Push Mount, Weather Resistant Nylon 6.6, Indoor/Outdoor Environment, Fir Tree Hole Mount, Black, 0.25" Hole Diameter, 0.27" Height, 0.97" Grip Length (Pack of 100)		0120HS38GKP	B00B5LNGS6	132.21	1	2026-01-20 01:10:21 PST		y	1			11				B00B5LNGS6						B00B5LNGS6			0	DEFAULT	Migrated Template	Active
Panduit MP175-C Harness Identification Marker Plate, Nylon 6.6, 1.75 by 0.75-Inch, White (100-Pack)		0120HSK73J7	B00B5LOGZI	81.01	1	2026-01-20 01:52:46 PST		y	1			11				B00B5LOGZI						B00B5LOGZI			0	DEFAULT	Migrated Template	Active
Panduit MP350-C Marker Plates Loose Piece, Nylon 6.6, Indoor Environment, Cable Ties Mounting Method, White, 3.03" Hole Spacing, 0.75" Width, 3.5" Length (Pack of 100)		0120HSAT9S8	B00B5LOI5G	90.56	1	2026-01-20 01:10:21 PST		y	1			11				B00B5LOI5G						B00B5LOI5G			0	DEFAULT	Migrated Template	Active
Panduit FSD76-12-D Insulated Ferrule, Single Wire, 18 AWG (.75mm²), 0.47-Inch Pin Length, Gray DIN End Sleeve (500-Pack)		0120HSKAM7I	B00B5MSTFU	177.04	1	2026-01-20 01:52:46 PST		y	1			11				B00B5MSTFU						B00B5MSTFU			0	DEFAULT	Migrated Template	Active
Panduit FSD87-25-Q Insulated Ferrule, Single Wire, 1 AWG (50.0mm²), 0.98-Inch Pin Length, Blue DIN End Sleeve (25-Pack)		0120HSJR45A	B00B5MTABM	160.03	1	2026-01-20 01:52:46 PST		y	1			11				B00B5MTABM						B00B5MTABM			0	DEFAULT	Migrated Template	Active
Panduit LCD6-14B-L Code Conductor Copper Compression Lug, 2 Hole, #6 AWG, 1/4-Inch Stud, .75-Inch Hole Spacing		0120HS9J0U2	B00B5NLJ5Q	184.63	1	2026-01-20 01:10:21 PST		y	1			11				B00B5NLJ5Q						B00B5NLJ5Q			0	DEFAULT	Migrated Template	Active
Panduit LCD4-14B-L Code Conductor Lug, Two Hole, Standard Barrel With Window, #4 - #3 AWG STR/#2 AWG SOL Copper Conductor Size, Gray Color Code, 1/4" Stud Hole Size, 0.75" Stud Hole Spacing, 7/8" Wire Strip Length, 0.09" Tongue Thickness, 0.55" Tongue Width, 0.81" Neck Length, 2.38" Overall Length		0120HRRBGY2	B00B5NLROY	247.74	1	2026-01-20 01:10:21 PST		y	1			11				B00B5NLROY						B00B5NLROY			0	DEFAULT	Migrated Template	Active
Panduit LCD4/0-38D-X Code Conductor Copper Compression Lug, 2 Hole, 4/0 AWG, 3/8-Inch Stud, 1-Inch Hole Spacing		0120HSB8G9V	B00B5NMLG2	263.66	1	2026-01-20 01:10:21 PST		y	1			11				B00B5NMLG2						B00B5NMLG2			0	DEFAULT	Migrated Template	Active
Phi-Brain: Season 1 - Collection 2 [Blu-ray] [Blu-ray]		0131HVN87CB	B00B6DTFX8	140.48	1	2026-01-31 03:56:41 PST		y	1			11				B00B6DTFX8						B00B6DTFX8			0	DEFAULT	Migrated Template	Active
Vividred Operation - Vol.2 (DVD+CD) [Japan LTD DVD] ANZB-9023 [DVD]		0120HSU0C8G	B00B8A1ZQY	87.65	1	2026-01-20 01:52:46 PST		y	1			11				B00B8A1ZQY						B00B8A1ZQY			0	DEFAULT	Migrated Template	Active
「So long!」 Blu-ray BOX豪華版 Team Bパッケージ ver.<初回生産限定4枚組> [Blu-ray]		0120HS9CJ01	B00BETUFLA	145.28	1	2026-01-20 01:10:21 PST		y	1			11				B00BETUFLA						B00BETUFLA			0	DEFAULT	Migrated Template	Active
Animation - Gokujyo. Gokuraku Jyoshikoryo Monogatari Blu-Ray Box (2BDS) [Japan BD] VPXY-75920 [Blu-ray]		0120HS5IOI1	B00BH71J14	108.76	1	2026-01-20 01:10:21 PST		y	1			11				B00BH71J14						B00BH71J14			0	DEFAULT	Migrated Template	Active
tokyo.sora [Blu-ray]		0129HM7LDBK	B00BH75UUK	70.44	1	2026-01-28 16:24:46 PST		y	1			11				B00BH75UUK						B00BH75UUK			0	DEFAULT	Migrated Template	Active
Evangelion New Movie Edition - Q Evangelion:3.33 You Can (Not) Redo. (BD+CD) [Japan BD] [Blu-ray]		0129HM634FJ	B00BHO70L0	68.37	1	2026-01-28 16:24:46 PST		y	1			11				B00BHO70L0						B00BHO70L0			0	DEFAULT	Migrated Template	Active
RDG (Red Data Girl) Vol.3 - Anime w/ Bonus CD [Blu-ray]		0120HSC50VZ	B00BHQ6D66	101.67	1	2026-01-20 01:10:21 PST		y	1			11				B00BHQ6D66						B00BHQ6D66			0	DEFAULT	Migrated Template	Active
Nonaka Boeki Nonaka Plastic Lead Case for Tenor Saxophone Bass Clarinet with Selmer Logo, 10 Pieces, Color: Pearl White		0131HVNKCC4	B00BJANI3Q	63.64	1	2026-01-31 03:56:41 PST		y	1			11				B00BJANI3Q						B00BJANI3Q			0	DEFAULT	Migrated Template	Active
AAZV Nonaka Boeki Nonaka Plastic Lead Case for Tenor Saxophone Bass Clarinet with Selmer Logo, 10 Pieces, Color: Black		0131HVMTBQK	B00BJANI72	59.18	1	2026-01-31 03:56:41 PST		y	1			11				B00BJANI72						B00BJANI72			0	DEFAULT	Migrated Template	Active
Nonaka Boeki Nonaka Plastic Lead Case for Tenor Saxophone Bass Clarinet with Selmer Logo, 10 Pieces, Color: Pastel Blue		0131HVLVM2J	B00BJANI8Q	63.36	1	2026-01-31 03:56:41 PST		y	1			11				B00BJANI8Q						B00BJANI8Q			0	DEFAULT	Migrated Template	Active
Nonaka Tenor Saxophone Bass Clarinet Plastic Reed Case with Selmer Logo, 10 Count, Color: Orange Gold		0131HVNOMVU	B00BJANII6	63.64	1	2026-01-31 03:56:41 PST		y	1			11				B00BJANII6						B00BJANII6			0	DEFAULT	Migrated Template	Active
Buck-Tick - Tour Yumemiru Uchuu [Japan DVD] TKBA-1176 [DVD]		0129HM7YO48	B00BJOFUDS	81.31	1	2026-01-28 16:24:46 PST		y	1			11				B00BJOFUDS						B00BJOFUDS			0	DEFAULT	Migrated Template	Active
DAIWA 666TMLRB Raving Bass Rod Triple Bee Fishing Rod Black		0303HH4BFTC	B00BNKUULU	193.59	1	2026-03-02 18:51:29 PST		y	1			11				B00BNKUULU						B00BNKUULU			0	DEFAULT	Migrated Template	Active
DAIWA TRIPLE B B.B.B 666TLFS		0303HH1706V	B00BNKUVL4	193.59	1	2026-03-02 18:51:29 PST		y	1			11				B00BNKUVL4						B00BNKUVL4			0	DEFAULT	Migrated Template	Active
Makita JS3201 10 Gauge Shear		0120HRXWQ1A	B00BRBTZ7K	386.96	1	2026-01-20 01:10:21 PST		y	1			11				B00BRBTZ7K						B00BRBTZ7K			0	DEFAULT	Migrated Template	Active
Animation - 009 Re:Cyborg Regular Edition DVD Box [Japan DVD] VPBV-13775 [DVD]		0120HRRAIFD	B00BT5GTFK	73.98	1	2026-01-20 01:10:21 PST		y	1			11				B00BT5GTFK						B00BT5GTFK			0	DEFAULT	Migrated Template	Active
Hibari Misora - Geino Seikatsu 35 Shunen Ricital Budokan Live Soshu Hen [Japan DVD] COBA-6439 [DVD]		0129HMAVJBK	B00BUKFIGA	68.21	1	2026-01-28 16:24:46 PST		y	1			11				B00BUKFIGA						B00BUKFIGA			0	DEFAULT	Migrated Template	Active
Animation - Magi: The Labyrinth Of Magic 10 +Bonus (DVD+CD) [Japan LTD DVD] ANZB-6929 [DVD]		0120HSC65CC	B00C44O452	74.18	1	2026-01-20 01:10:21 PST		y	1			11				B00C44O452						B00C44O452			0	DEFAULT	Migrated Template	Active
映画 妖怪人間ベム 【DVD通常版】<本編ディスクのみ> [DVD]		0129HM87P1I	B00CD20W1K	66.2	1	2026-01-28 16:24:46 PST		y	1			11				B00CD20W1K						B00CD20W1K			0	DEFAULT	Migrated Template	Active
Berserk Golden Age Arc III: Descent - Anime [Blu-ray]		0129HM7KVYU	B00CDH9VEE	89.84	1	2026-01-28 16:24:46 PST		y	1			11				B00CDH9VEE						B00CDH9VEE			0	DEFAULT	Migrated Template	Active
Uta no Prince-sama Maji LOVE 2000% Vol.1 - w/ Bonus CD Anime [Blu-ray]		0129HM7FZMC	B00CDJ99NK	50.13	1	2026-01-28 16:24:46 PST		y	1			11				B00CDJ99NK						B00CDJ99NK			0	DEFAULT	Migrated Template	Active
Hatsune Miku Live Party 2013 in Kansai (Mikupa) [Blu-ray] (2013) [Blu-ray]		0129HM6CT88	B00CHJG4ES	99.59	1	2026-01-28 16:24:46 PST		y	1			11				B00CHJG4ES						B00CHJG4ES			0	DEFAULT	Migrated Template	Active
Saint Seiya: Movies 1 and 2 [DVD]		0131HVLZXUW	B00CMG9P4M	73.56	1	2026-01-31 03:56:41 PST		y	1			11				B00CMG9P4M						B00CMG9P4M			0	DEFAULT	Migrated Template	Active
FINAL BURNING in Budokan 小橋建太引退記念試合 [DVD] [DVD]		0120HSAGF7W	B00CPHABK0	121.02	1	2026-01-20 01:10:21 PST		y	1			11				B00CPHABK0						B00CPHABK0			0	DEFAULT	Migrated Template	Active
Makita DC18SF 18V Lithium-Ion Rapid Optimum 4-Port Charger, 1-Pack		0227H2KGHYG	B00CUSS052	319.73	1	2026-02-26 19:40:56 PST		y	1			11				B00CUSS052						B00CUSS052			0	DEFAULT	Migrated Template	Active
Selmer Soprano Saxophone Ligature Silver Plated Finish [For Metal Mouthpiece]		0131HVLXPYS	B00D82XK2C	112.41	1	2026-01-31 03:56:41 PST		y	1			11				B00D82XK2C						B00D82XK2C			0	DEFAULT	Migrated Template	Active
Panduit ABM100-A-D Cable Tie Mount, Adhesive Backed, 4-Way, Nylon 6.6, White (500-Pack)		0120HSK7JCY	B00DED5TNS	244.03	1	2026-01-20 01:52:46 PST		y	1			11				B00DED5TNS						B00DED5TNS			0	DEFAULT	Migrated Template	Active
讐 ~ ADA ~Horror Hen First Part [Blu-ray](japan Bd) [Blu-ray]		0129HM3N3LY	B00DH62QSS	89.06	1	2026-01-28 16:24:46 PST		y	1			11				B00DH62QSS						B00DH62QSS			0	DEFAULT	Migrated Template	Active
Japanese Movie - Ada Chapter 2: Zetsubo Hen (BD+DVD) [Japan BD] VPXT-71273 [Blu-ray]		0129HM7WKAD	B00DH6EU28	90.53	1	2026-01-28 16:24:46 PST		y	1			11				B00DH6EU28						B00DH6EU28			0	DEFAULT	Migrated Template	Active
Kokoro Connect: TV Collection [Blu-ray] [Blu-ray]		0131HVM2BON	B00DPH7Q9S	63.2	1	2026-01-31 03:56:41 PST		y	1			11				B00DPH7Q9S						B00DPH7Q9S			0	DEFAULT	Migrated Template	Active
Animation - Fantastic Planet [Japan LTD BD] DAXA-4504 [Blu-ray]		0129HM92UM7	B00DQNOVVW	74.77	1	2026-01-28 16:24:46 PST		y	1			11				B00DQNOVVW						B00DQNOVVW			0	DEFAULT	Migrated Template	Active
Animation - Full Metal Panic! (English Audio) Blu-Ray Box All Stories (10BDS+2CDS) [Japan BD] KAXA-9803 [Blu-ray]		0227H2E170L	B00DQRO7K8	377.96	1	2026-02-26 19:40:56 PST		y	1			11				B00DQRO7K8						B00DQRO7K8			0	DEFAULT	Migrated Template	Active
Animation - Watamote No Matter How I Look At It, It's You Guys' Fault I'm Not Popular! Vol.5 (BD+CD) [Japan BD] ZMXZ-8865 [Blu-ray]		0129HM3P11D	B00DTV0ZE8	97.88	1	2026-01-28 16:24:46 PST		y	1			11				B00DTV0ZE8						B00DTV0ZE8			0	DEFAULT	Migrated Template	Active
SELMER CONCEPT Saxophone Alto saxophone mouthpiece		0303HGYXWKF	B00DUWMRYW	356.53	1	2026-03-02 18:51:29 PST		y	1			11				B00DUWMRYW						B00DUWMRYW			0	DEFAULT	Migrated Template	Active
TV Anime Fate/kaleid liner Prisma Illya Original Soundtrack [Audio CD] Tatsuya Kato		0129HM9MRLU	B00DWI11W8	68.14	1	2026-01-28 16:24:46 PST		y	1			11				B00DWI11W8						B00DWI11W8			0	DEFAULT	Migrated Template	Active
Animation - Fighting Spirit (Hajime No Ippo) New Challenger DVD Box (5DVDS) [Japan DVD] VPBY-10946 [DVD]		0129HMAO2AI	B00DZFZX04	208.49	1	2026-01-28 16:24:46 PST		y	1			11				B00DZFZX04						B00DZFZX04			0	DEFAULT	Migrated Template	Active
Chisato Moritaka - Moritaka Land Tour 1990.3.3 At Nhk Hall (BD+2CDS) [Japan BD] WPZL-90027 [Blu-ray]		0129HM8EZEL	B00E3PR6XW	82.59	1	2026-01-28 16:24:46 PST		y	1			11				B00E3PR6XW						B00E3PR6XW			0	DEFAULT	Migrated Template	Active
LSP [Audio CD] Larval Stage Planning		0120HSDDS2K	B00EHK8NW6	64.32	1	2026-01-20 01:10:21 PST		y	1			11				B00EHK8NW6						B00EHK8NW6			0	DEFAULT	Migrated Template	Active
Daiwa INTERLINE Regal #1.5-53 Spinning Fishing Rod		0303HH19C9R	B00EP1OLLE	142.86	1	2026-03-02 18:51:29 PST		y	1			11				B00EP1OLLE						B00EP1OLLE			0	DEFAULT	Migrated Template	Active
Daiwa Interline Regal 4-52 Long-cast from Japan		0303HH1IELG	B00EP1OP56	180.54	1	2026-03-02 18:51:29 PST		y	1			11				B00EP1OP56						B00EP1OP56			0	DEFAULT	Migrated Template	Active
Daiwa INTERLINE Regal Long Cast #3-45		0303HGYGFHB	B00ES86RX4	164.6	1	2026-03-02 18:51:29 PST		y	1			11				B00ES86RX4						B00ES86RX4			0	DEFAULT	Migrated Template	Active
Magical Play: Complete Collection [DVD]		0131HVUM6XG	B00EZ225QQ	58.24	1	2026-01-31 03:56:41 PST		y	1			11				B00EZ225QQ						B00EZ225QQ			0	DEFAULT	Migrated Template	Active
Btooom! Complete Collection [Blu-ray] [Blu-ray]		0131HVQ1FYJ	B00EZ228VS	140.48	1	2026-01-31 03:56:41 PST		y	1			11				B00EZ228VS						B00EZ228VS			0	DEFAULT	Migrated Template	Active
Yui Horie - Horie Yui Wo Meguru Boken Iv Pirates Of Yui 3013 (2DVDS+CD) [Japan DVD] KIZB-150 [DVD]		0120HSN08NA	B00EZW6MPQ	76.44	1	2026-01-20 01:52:46 PST		y	1			11				B00EZW6MPQ						B00EZW6MPQ			0	DEFAULT	Migrated Template	Active
V.A. - True Tears X Hanasaku Iroha X Taritari Joint Festival Live Bd (BD+CD) [Japan LTD BD] LABX-38046 [Blu-ray]		0120HRXWALR	B00F55D0K2	150.72	1	2026-01-20 01:10:21 PST		y	1			11				B00F55D0K2						B00F55D0K2			0	DEFAULT	Migrated Template	Active
komi- Flat Convex Function Mirror FF Mirror Car Exit Adhesive Type F33		0303HH4IGPM	B00F5P2B48	292.94	1	2026-03-02 18:51:29 PST		y	1			11				B00F5P2B48						B00F5P2B48			0	DEFAULT	Migrated Template	Active
コミー Komy F15 Safety Mirror, Flat Convex Function Mirror, FF Mirror, Car Exit, Adhesive Type		0303HGTRQ8J	B00F5P2B66	195.07	1	2026-03-02 18:51:29 PST		y	1			11				B00F5P2B66						B00F5P2B66			0	DEFAULT	Migrated Template	Active
Space Brothers Original SOUNDTRACK [Audio CD] Watanabe Toshiyuki		0120HSG0XSN	B00F93N8CU	102.86	1	2026-01-20 01:52:46 PST		y	1			11				B00F93N8CU						B00F93N8CU			0	DEFAULT	Migrated Template	Active
Animation - Soreike! Anpanman Tobase! Kibo No Handkerchief [Japan DVD] VPBE-13809 [DVD]		0129HM8JDMV	B00F9Q8XCW	56.83	1	2026-01-28 16:24:46 PST		y	1			11				B00F9Q8XCW						B00F9Q8XCW			0	DEFAULT	Migrated Template	Active
ラブライブ!μ’s 3rd Anniversary LoveLive! Blu-ray [Blu-ray]		0120HSFXWF7	B00FEKXRE2	58.59	1	2026-01-20 01:52:46 PST		y	1			11				B00FEKXRE2						B00FEKXRE2			0	DEFAULT	Migrated Template	Active
Angel Sing Christmas in Ireland [Audio CD] Robert Prizeman and Libera		0120HRXTRPG	B00FJ8ZTKE	64.09	1	2026-01-20 01:10:21 PST		y	1			11				B00FJ8ZTKE						B00FJ8ZTKE			0	DEFAULT	Migrated Template	Active
Daiwa Hinata Mountain Stream Rod, 9 Shaku Fishing Rod		0303HH4CIPU	B00FKOLHFS	131.84	1	2026-03-02 18:51:29 PST		y	1			11				B00FKOLHFS						B00FKOLHFS			0	DEFAULT	Migrated Template	Active
Misono AMSM501 440PH Santoku Knife No.081 7.1 inches (18 cm)		0120HS5HOKA	B00FRCA1EQ	236.85	1	2026-01-20 01:10:21 PST		y	1			11				B00FRCA1EQ						B00FRCA1EQ			0	DEFAULT	Migrated Template	Active
初音ミク HATSUNE Appearance 夏祭初音鑑 [Blu-ray] [Blu-ray]		0120HSBQPCP	B00FZEHF4K	98.99	1	2026-01-20 01:10:21 PST		y	1			11				B00FZEHF4K						B00FZEHF4K			0	DEFAULT	Migrated Template	Active
Japanese TV Series - Pan To Soup To Nekobiyori (Bread And Soup And Cat Weather) DVD Box (3DVDS) [Japan DVD] VPBX-10959 [DVD]		0120HS9LGUO	B00GH44LU8	106.36	1	2026-01-20 01:10:21 PST		y	1			11				B00GH44LU8						B00GH44LU8			0	DEFAULT	Migrated Template	Active
Hiroshi Itsuki Performing Arts 50th Anniversary Complete Works - Live Selection 2 [Audio CD] 五木ひろし		0120HSV9WO0	B00GSWCFTI	96.98	1	2026-01-20 01:52:46 PST		y	1			11				B00GSWCFTI						B00GSWCFTI			0	DEFAULT	Migrated Template	Active
TV Anime WHITE ALBUM2 Original Soundtrack [Audio CD] TVサントラ and 上原れな		0129HM60W9M	B00GSWCFW0	63.1	1	2026-01-28 16:24:46 PST		y	1			11				B00GSWCFW0						B00GSWCFW0			0	DEFAULT	Migrated Template	Active
Animation - Anohana: The Flower We Saw That Day (Movie) (3DVDS+CD) [Japan LTD DVD] ANZB-11101 [DVD]		0120HSCP2PA	B00GTKH774	71.48	1	2026-01-20 01:10:21 PST		y	1			11				B00GTKH774						B00GTKH774			0	DEFAULT	Migrated Template	Active
アラジン・セイン [Audio CD] デヴィッド･ボウイ		0129HM7WQ40	B00GZ3RO0A	69.48	1	2026-01-28 16:24:46 PST		y	1			11				B00GZ3RO0A						B00GZ3RO0A			0	DEFAULT	Migrated Template	Active
Behold the Mighty Army [Audio CD] NEW BIRTH FEAT. LESLIE WILSON		0129HM7CPPU	B00GZ3RR3O	65.9	1	2026-01-28 16:24:46 PST		y	1			11				B00GZ3RR3O						B00GZ3RR3O			0	DEFAULT	Migrated Template	Active
THE IDOLM@STER 8th ANNIVERSARY HOP! STEP!! FESTIV@L!! Blu-ray 3-Disc Box Complete First Press Limited Production [Blu-ray]		0120HRRCVP7	B00HA2D0SK	57.76	1	2026-01-20 01:10:21 PST		y	1			11				B00HA2D0SK						B00HA2D0SK			0	DEFAULT	Migrated Template	Active
Kill La Kill 5 (Complete Production Limited Edition) DVD [DVD]		0120HSBI348	B00HFEVWLK	76.16	1	2026-01-20 01:10:21 PST		y	1			11				B00HFEVWLK						B00HFEVWLK			0	DEFAULT	Migrated Template	Active
Animation - Kill La Kill 9 [Japan DVD] ANSB-9297 [DVD]		0120HSBBNGS	B00HFEVWMY	88.49	1	2026-01-20 01:10:21 PST		y	1			11				B00HFEVWMY						B00HFEVWMY			0	DEFAULT	Migrated Template	Active
Panduit S200X225VA1Y Thermal Transfer Self-Laminated Label, Vinyl, 1-Inch Core, White (500-Pack)		0120HSGGW6Q	B00HKJYW0I	228.42	1	2026-01-20 01:52:46 PST		y	1			11				B00HKJYW0I						B00HKJYW0I			0	DEFAULT	Migrated Template	Active
TRUSCO TWM15-600 Wide Monkey Wrench, 15° Type, 23.6 inches (600 mm)		0303HGZX8FD	B00HLBRJBO	231.28	1	2026-03-02 18:51:29 PST		y	1			11				B00HLBRJBO						B00HLBRJBO			0	DEFAULT	Migrated Template	Active
Panduit PLT3S-M30 Cable Tie, Standard, Heat Stabilized Nylon 6.6, 11.5-Inch Length, Black (1,000-Pack)		0120HSD3GYJ	B00HPRZ6VY	357.65	1	2026-01-20 01:10:21 PST		y	1			11				B00HPRZ6VY						B00HPRZ6VY			0	DEFAULT	Migrated Template	Active
Shouta Aoi - Persona 3 The Weird Masquerade Ao No Kakusei (2DVDS) [Japan LTD DVD] ANSB-3188 [DVD]		0120HS5J790	B00HQOTDHO	109.27	1	2026-01-20 01:10:21 PST		y	1			11				B00HQOTDHO						B00HQOTDHO			0	DEFAULT	Migrated Template	Active
TV Anime WHITE ALBUM2 VOCAL COLLECTION [Audio CD] 上原れな,津田朱里,小木曽雪菜(米澤円); 小木曽雪菜(米澤円); 上原れな and 津田朱里		0129HM8CVGG	B00HYHTU8A	59.06	1	2026-01-28 16:24:46 PST		y	1			11				B00HYHTU8A						B00HYHTU8A			0	DEFAULT	Migrated Template	Active
Panduit PLT10LH-C Cable Tie, Light-Heavy, Nylon 6.6, 34.3-Inch Length, Natural (100-Pack)		0120HSFKBEV	B00HYQI8C0	302.61	1	2026-01-20 01:52:46 PST		y	1			11				B00HYQI8C0						B00HYQI8C0			0	DEFAULT	Migrated Template	Active
Variety - Shuden Gohan - Onaka Ippai Complete Edition - (2DVDS) [Japan DVD] VPBF-15641 [DVD]		0120HRXTD2Z	B00HYZ4MI0	79.35	1	2026-01-20 01:10:21 PST		y	1			11				B00HYZ4MI0						B00HYZ4MI0			0	DEFAULT	Migrated Template	Active
Arch Enemy - Tyrants Of The Rising Sun Live In Japan [Japan DVD] QATE-90005 [DVD]		0129HM3O7Z6	B00I88WTGO	63.82	1	2026-01-28 16:24:46 PST		y	1			11				B00I88WTGO						B00I88WTGO			0	DEFAULT	Migrated Template	Active
Daiwa Prime SURF T #27-425-W		0303HGZRDFC	B00INFFERS	147.3	1	2026-03-02 18:51:29 PST		y	1			11				B00INFFERS						B00INFFERS			0	DEFAULT	Migrated Template	Active
Daiwa Prime SURF T #30-425-W		0303HH13N9L	B00INFFIE2	151.65	1	2026-03-02 18:51:29 PST		y	1			11				B00INFFIE2						B00INFFIE2			0	DEFAULT	Migrated Template	Active
Daiwa Prime SURF T #30-450-W		0303HGWQJF2	B00INFFJRI	151.55	1	2026-03-02 18:51:29 PST		y	1			11				B00INFFJRI						B00INFFJRI			0	DEFAULT	Migrated Template	Active
Daiwa Prime SURF T #33-405-W		0303HH13FSL	B00INFFL76	147.21	1	2026-03-02 18:51:29 PST		y	1			11				B00INFFL76						B00INFFL76			0	DEFAULT	Migrated Template	Active
Daiwa Prime SURF T #33-425-W		0303HGYT5C9	B00INFFMQQ	159.83	1	2026-03-02 18:51:29 PST		y	1			11				B00INFFMQQ						B00INFFMQQ			0	DEFAULT	Migrated Template	Active
Daiwa Prime SURF T #25-450L-W		0303HGWS0J1	B00INFFO8W	148.02	1	2026-03-02 18:51:29 PST		y	1			11				B00INFFO8W						B00INFFO8W			0	DEFAULT	Migrated Template	Active
Selmer Paris Bass Clarinet Mouthpiece Focus		0303HGZX57E	B00ITJ7A0C	440.72	1	2026-03-02 18:51:29 PST		y	1			11				B00ITJ7A0C						B00ITJ7A0C			0	DEFAULT	Migrated Template	Active
Selmer Paris Bass Clarinet Mouthpiece Concept		0131HVM1DFK	B00ITJ7CCI	388.12	1	2026-01-31 03:56:41 PST		y	1			11				B00ITJ7CCI						B00ITJ7CCI			0	DEFAULT	Migrated Template	Active
Hinode Eagle Eraser, NMM-100-B, White, Pack of 20		0131HVS267B	B00IWMRO16	57.82	1	2026-01-31 03:56:41 PST		y	1			11				B00IWMRO16						B00IWMRO16			0	DEFAULT	Migrated Template	Active
HINODEWASHI Co. Ltd. Hinodeeeele Eraser, Kirakiramaru Kun MMP-100-B, White, 20 Pieces		0131HVNMPTM	B00IWMRP42	59.49	1	2026-01-31 03:56:41 PST		y	1			11				B00IWMRP42						B00IWMRP42			0	DEFAULT	Migrated Template	Active
Coldrain - Evolve (DVD+CD) [Japan DVD] VPBQ-19090 [DVD]		0120HSMX6T8	B00J4JEA68	71.32	1	2026-01-20 01:52:46 PST		y	1			11				B00J4JEA68						B00J4JEA68			0	DEFAULT	Migrated Template	Active
Panduit HLM-15R4 Hook and Loop Miniature Roll Cable Tie, 15-Foot Length, Yellow		0120HS5KID7	B00J7S7QO4	50.08	1	2026-01-20 01:10:21 PST		y	1			11				B00J7S7QO4						B00J7S7QO4			0	DEFAULT	Migrated Template	Active
Magical Girl Lyrical Nanoha Strikers Blu-ray Box [Blu-ray]		0227H2D9I2Q	B00J90CFK0	380.05	1	2026-02-26 19:40:56 PST		y	1			11				B00J90CFK0						B00J90CFK0			0	DEFAULT	Migrated Template	Active
Akina Nakamori - 8th Anniversary Akina East Live Index-23 (5.1 Version) [Japan BD] WPXL-90075 [Blu-ray]		0129HM6CIS3	B00JBJWHDO	73.39	1	2026-01-28 16:24:46 PST		y	1			11				B00JBJWHDO						B00JBJWHDO			0	DEFAULT	Migrated Template	Active
Live in '87, A HUNDRED Days, 5.1 Version, Blu-ray (English Language Not Guaranteed) [Blu-ray]		0129HM5HUM1	B00JBJWK6I	75.18	1	2026-01-28 16:24:46 PST		y	1			11				B00JBJWK6I						B00JBJWK6I			0	DEFAULT	Migrated Template	Active
The Irregular at Magic High School Original Soundtrack 1 [Audio CD] (アニメーション)		0120HSOL5RC	B00JOOEMB6	60.58	1	2026-01-20 01:52:46 PST		y	1			11				B00JOOEMB6						B00JOOEMB6			0	DEFAULT	Migrated Template	Active
Horst: Planet [Audio CD] Holst / Boult, Adrian		0129HM8OON4	B00JP1W2W4	62.33	1	2026-01-28 16:24:46 PST		y	1			11				B00JP1W2W4						B00JP1W2W4			0	DEFAULT	Migrated Template	Active
KUMANO BRUSH SET for cosmetic		0303HH8ZNSV	B00JQV650S	156.59	1	2026-03-02 18:51:29 PST		y	1			11				B00JQV650S						B00JQV650S			0	DEFAULT	Migrated Template	Active
Hiroshi Itsuki - Itsuki Hiroshi Geino Seikatsu 50 Shunen Kinen Concert In Budokan Arigato Kono Uta Wo Arigato Anata Ni (2DVDS) [Japan DVD] FKBM-17 [DVD]		0120HSBFY1B	B00JSWQQCW	79.04	1	2026-01-20 01:10:21 PST		y	1			11				B00JSWQQCW						B00JSWQQCW			0	DEFAULT	Migrated Template	Active
Mushishi, Second Chapter 3 (Complete Production Limited Edition) (Blu-ray) [Blu-ray]		0120HSC4VL6	B00JTOK1ZC	143.63	1	2026-01-20 01:10:21 PST		y	1			11				B00JTOK1ZC						B00JTOK1ZC			0	DEFAULT	Migrated Template	Active
Panduit S100X400VA1Y Thermal Transfer Self-Laminated Label, Vinyl, 1-Inch Core, White (1,000-Pack)		0120HSFD3LP	B00JVETOVW	283.82	1	2026-01-20 01:52:46 PST		y	1			11				B00JVETOVW						B00JVETOVW			0	DEFAULT	Migrated Template	Active
Panduit S100X225VA1Y Thermal Transfer Self-Laminated Label, Vinyl, 1-Inch Core, White (1,500-Pack)		0120HSK2K6K	B00JVETZSE	274.68	1	2026-01-20 01:52:46 PST		y	1			11				B00JVETZSE						B00JVETZSE			0	DEFAULT	Migrated Template	Active
Musical - Musical Pretty Guardian Sailormoon La Reconquista (2DVDS+BOOKLET) [Japan DVD] KIBM-446 [DVD]		0129HM53TWQ	B00JZ5IBKM	115.29	1	2026-01-28 16:24:46 PST		y	1			11				B00JZ5IBKM						B00JZ5IBKM			0	DEFAULT	Migrated Template	Active
Love Live M's Next Lovelive 2014-Endless Parade [Blu-ray] [Blu-ray]		0129HM5UVMY	B00JZWVO68	50.58	1	2026-01-28 16:24:46 PST		y	1			11				B00JZWVO68						B00JZWVO68			0	DEFAULT	Migrated Template	Active
Golden Time: Collection 1 [Blu-ray] [Blu-ray]		0131HVO2RU7	B00KH57V2I	140.48	1	2026-01-31 03:56:41 PST		y	1			11				B00KH57V2I						B00KH57V2I			0	DEFAULT	Migrated Template	Active
K-On: Season 1 - The Complete Collection [DVD]		0131HVPABUR	B00KH57V46	115.18	1	2026-01-31 03:56:41 PST		y	1			11				B00KH57V46						B00KH57V46			0	DEFAULT	Migrated Template	Active
Metal Mad [Audio CD] LOUDNESS		0129HMBCOUH	B00KHZ8NCA	56.48	1	2026-01-28 16:24:46 PST		y	1			11				B00KHZ8NCA						B00KHZ8NCA			0	DEFAULT	Migrated Template	Active
Everlasting-Konsoukuon [Audio CD] LOUDNESS		0129HM7AHDM	B00KHZ8NMK	56.48	1	2026-01-28 16:24:46 PST		y	1			11				B00KHZ8NMK						B00KHZ8NMK			0	DEFAULT	Migrated Template	Active
Matthew Bourne - Swan Lake [Japan BD] WPXS-90001 [Blu-ray]		0129HM6CH25	B00KN2QK5E	73.01	1	2026-01-28 16:24:46 PST		y	1			11				B00KN2QK5E						B00KN2QK5E			0	DEFAULT	Migrated Template	Active
Ballet - Matthew Bourne's Swan Lake [Japan DVD] WPBS-90268 [DVD]		0120HSC6R82	B00KN2QL4Y	64.33	1	2026-01-20 01:10:21 PST		y	1			11				B00KN2QL4Y						B00KN2QL4Y			0	DEFAULT	Migrated Template	Active
Hypnotic Eye [Audio CD] PETTY,TOM & THE HEARTBREAKERS		0129HM8478A	B00KN2QMB6	56.12	1	2026-01-28 16:24:46 PST		y	1			11				B00KN2QMB6						B00KN2QMB6			0	DEFAULT	Migrated Template	Active
Japanese Movie - Suo Masayuki Kantoku 4K Scanning Blu-Ray Box (3BDS+DVD) [Japan LTD BD] DAXA-4649 [Blu-ray]		0129HM3ONF4	B00KWWZB0K	161.49	1	2026-01-28 16:24:46 PST		y	1			11				B00KWWZB0K						B00KWWZB0K			0	DEFAULT	Migrated Template	Active
Animation - Hajime No Ippo: Rising DVD Box Part Ii (4DVDS) [Japan DVD] VPBY-10966 [DVD]		0120HSMCE2O	B00L3WET6A	177.25	1	2026-01-20 01:52:46 PST		y	1			11				B00L3WET6A						B00L3WET6A			0	DEFAULT	Migrated Template	Active
Yngwie Malmsteen - Yngwie Malmsteen's Live 2013 In Orlando, Florida [Japan DVD] KIBM-455 [DVD]		0129HM7UVBO	B00L4H8BC2	77.44	1	2026-01-28 16:24:46 PST		y	1			11				B00L4H8BC2						B00L4H8BC2			0	DEFAULT	Migrated Template	Active
The Irregular at Magic High School Original Soundtrack 2 [Audio CD] (アニメーション)		0120HSGPIJT	B00L4XEEU4	60.11	1	2026-01-20 01:52:46 PST		y	1			11				B00L4XEEU4						B00L4XEEU4			0	DEFAULT	Migrated Template	Active
Strut [Vinyl] Lenny Kravitz		0131HVNCBLF	B00L8DB64W	89.07	1	2026-01-31 03:56:41 PST		y	1			11				B00L8DB64W						B00L8DB64W			0	DEFAULT	Migrated Template	Active
Kill Me Baby: Complete Collection [Blu-ray] [Blu-ray]		0131HVL6BDC	B00LBU7DZI	124.38	1	2026-01-31 03:56:41 PST		y	1			11				B00LBU7DZI						B00LBU7DZI			0	DEFAULT	Migrated Template	Active
David Bowie - Best Of Bowie (2DVDS) [Japan LTD DVD] WPBR-90788 [DVD]		0129HM7WJ8O	B00LFVN7JY	69.34	1	2026-01-28 16:24:46 PST		y	1			11				B00LFVN7JY						B00LFVN7JY			0	DEFAULT	Migrated Template	Active
Nichiban Masking Tape, 2.0 inches (50 mm) x 6.1 ft (18 m), 20 Rolls, 222H-50 Box, Mint Green		0131HVLXM4W	B00LGBHO2O	113.14	1	2026-01-31 03:56:41 PST		y	1			11				B00LGBHO2O						B00LGBHO2O			0	DEFAULT	Migrated Template	Active
Makita High Pressure Slip Slim Hose, A-51758		0227H2JW8OG	B00LLSP5X2	174.36	1	2026-02-26 19:40:56 PST		y	1			11				B00LLSP5X2						B00LLSP5X2			0	DEFAULT	Migrated Template	Active
Animation - Kuroshitsuji (Black Butler) Book Of Circus Ii [Japan LTD DVD] ANSB-11343 [DVD]		0120HSBLLOY	B00LOY1NXY	79.29	1	2026-01-20 01:10:21 PST		y	1			11				B00LOY1NXY						B00LOY1NXY			0	DEFAULT	Migrated Template	Active
Gintama Blu-ray Box Season No. 4 (Complete Limited Production Edition) [Blu-ray]		0120HSRHEXW	B00LWLZJFW	269.47	1	2026-01-20 01:52:46 PST		y	1			11				B00LWLZJFW						B00LWLZJFW			0	DEFAULT	Migrated Template	Active
Tari Tari: Complete Collection [Blu-ray] [Blu-ray]		0131HVPY210	B00M3TK89Y	83.91	1	2026-01-31 03:56:41 PST		y	1			11				B00M3TK89Y						B00M3TK89Y			0	DEFAULT	Migrated Template	Active
Stella Women's Academy: Complete Collection [Blu-ray] [Blu-ray]		0131HVPN2TU	B00M3TK92K	83.91	1	2026-01-31 03:56:41 PST		y	1			11				B00M3TK92K						B00M3TK92K			0	DEFAULT	Migrated Template	Active
VETELGYUS (First Edition CD+Blu-ray) [Audio CD] GALNERYUS(ガルネリウス)		0120HRR89DN	B00M3ZU8S4	70.96	1	2026-01-20 01:10:21 PST		y	1			11				B00M3ZU8S4						B00M3ZU8S4			0	DEFAULT	Migrated Template	Active
Houses of the Holy [Audio CD] LED ZEPPELIN		0120HSFW8AX	B00M889ZWG	52.87	1	2026-01-20 01:52:46 PST		y	1			11				B00M889ZWG						B00M889ZWG			0	DEFAULT	Migrated Template	Active
HANNIBAL Blu-ray Box [Blu-ray]		0227H2CWK3V	B00MGFQQ82	141.01	1	2026-02-26 19:40:56 PST		y	1			11				B00MGFQQ82						B00MGFQQ82			0	DEFAULT	Migrated Template	Active
Animation - Lupin The 3Rd Jigen Daisuke No Bohyo (Lupin III Daisuke Jigen's Gravestone) [Japan BD] KAXA-7160 [Blu-ray]		0120HSK1FPY	B00MHNEP2C	109.07	1	2026-01-20 01:52:46 PST		y	1			11				B00MHNEP2C						B00MHNEP2C			0	DEFAULT	Migrated Template	Active
YAWARA! Blu-ray BOX2 [Blu-ray]		0129HM62RD2	B00MU502RO	420.04	1	2026-01-28 16:24:46 PST		y	1			11				B00MU502RO						B00MU502RO			0	DEFAULT	Migrated Template	Active
YAWARA! Blu-ray BOX3 [Blu-ray]		0129HM6SGRR	B00MU504GI	474.07	1	2026-01-28 16:24:46 PST		y	1			11				B00MU504GI						B00MU504GI			0	DEFAULT	Migrated Template	Active
TETSURO ODA LIVE TOUR 2013「ソロデビュー三十周年大感謝!されどいまだ未熟者、先は長いっす。」 [DVD] [DVD]		0120HRRB38F	B00MV5IHZ2	85.21	1	2026-01-20 01:10:21 PST		y	1			11				B00MV5IHZ2						B00MV5IHZ2			0	DEFAULT	Migrated Template	Active
Japanese Movie - The Torture Club (Chotto Kawaii Iron Maiden) Director's Long Version Blu-Ray Box (BD+2DVDS) [Japan BD] DAXA-4730 [Blu-ray]		0129HM7ME8R	B00MWKCQYE	96.19	1	2026-01-28 16:24:46 PST		y	1			11				B00MWKCQYE						B00MWKCQYE			0	DEFAULT	Migrated Template	Active
Animation - Aldnoah.Zero 4 (DVD+CD) [Japan LTD DVD] ANZB-11407 [DVD]		0120HSRX5BU	B00N091SOU	102.06	1	2026-01-20 01:52:46 PST		y	1			11				B00N091SOU						B00N091SOU			0	DEFAULT	Migrated Template	Active
Rossini: Il Barbiere de Siviglia [Audio CD] Maria Callas		0120HSG31AM	B00N44784K	77.34	1	2026-01-20 01:52:46 PST		y	1			11				B00N44784K						B00N44784K			0	DEFAULT	Migrated Template	Active
Puccini: Tosca [Audio CD] Maria Callas		0120HSD7ELF	B00N447994	77.22	1	2026-01-20 01:10:21 PST		y	1			11				B00N447994						B00N447994			0	DEFAULT	Migrated Template	Active
THE IDOLM@STER MILLION LIVE! 1stLIVE HAPPY☆PERFORM@NCE!! Blu-ray "COMPLETE THE@TER"(完全生産限定) [Blu-ray]		0120HS9H9V4	B00NHL2PXO	235.01	1	2026-01-20 01:10:21 PST		y	1			11				B00NHL2PXO						B00NHL2PXO			0	DEFAULT	Migrated Template	Active
Animation - Expelled From Paradise (BD+CD) [Japan LTD BD] ANZX-11791 [Blu-ray]		0120HRXWKPD	B00NHU4UK6	110.17	1	2026-01-20 01:10:21 PST		y	1			11				B00NHU4UK6						B00NHU4UK6			0	DEFAULT	Migrated Template	Active
Japanese TV Series - Kindaichi Shonen No Jikenbo N (Neo) (The Files Of Young Kindaichi Neo) Director's Cut Edition DVD Box (6DVDS) [Japan DVD] VPBX-29903 [DVD]		0120HSDCKSH	B00NN2Z1OW	181.76	1	2026-01-20 01:10:21 PST		y	1			11				B00NN2Z1OW						B00NN2Z1OW			0	DEFAULT	Migrated Template	Active
Denpa Onna To Seishun Otoko Fabric Wall Scroll Poster (32" x 18") Inches [MP]- Denpa Onna-33 (L) [DVD]		0129HM61UTD	B00NNL3RWG	58.99	1	2026-01-28 16:24:46 PST		y	1			11				B00NNL3RWG						B00NNL3RWG			0	DEFAULT	Migrated Template	Active
Nikko Nikko Metronome with Large Letters, White, 261		0131HVLYFVA	B00NOJZR4S	97.1	1	2026-01-31 03:56:41 PST		y	1			11				B00NOJZR4S						B00NOJZR4S			0	DEFAULT	Migrated Template	Active
Japanese TV Series - Yowakutemo Katemasu Aoshi Sensei To Heppoko Koko Kyuji No Yabo DVD Box (6DVDS) [Japan DVD] VPBX-29911 [DVD]		0120HSB66V4	B00NPLN4SQ	207.1	1	2026-01-20 01:10:21 PST		y	1			11				B00NPLN4SQ						B00NPLN4SQ			0	DEFAULT	Migrated Template	Active
Sailor 10-3051-320 Fountain Pen, Koshu Inden, Sheath Shape, Medium Point		0120HSKB3X1	B00NW6E4H4	459.4	1	2026-01-20 01:52:46 PST		y	1			11				B00NW6E4H4						B00NW6E4H4			0	DEFAULT	Migrated Template	Active
Amagami: Complete Collection [Blu-ray] [Blu-ray]		0131HVQ8ZGN	B00NW6KPCM	130.03	1	2026-01-31 03:56:41 PST		y	1			11				B00NW6KPCM						B00NW6KPCM			0	DEFAULT	Migrated Template	Active
Non Non Biyori [DVD]		0131HVN1XUN	B00NW6KW5C	94.89	1	2026-01-31 03:56:41 PST		y	1			11				B00NW6KW5C						B00NW6KW5C			0	DEFAULT	Migrated Template	Active
Act of Killing Original Full Length Version 2-Disc Set (1 Card + Bonus DVD) with Japanese Subtitles (Blu-ray) [Blu-ray]		0129HM929EI	B00O271AW4	82.34	1	2026-01-28 16:24:46 PST		y	1			11				B00O271AW4						B00O271AW4			0	DEFAULT	Migrated Template	Active
Hades:The other world(DVD付) [Audio CD] 妖精帝國		0129HM8DN6T	B00OHVCTM0	65.09	1	2026-01-28 16:24:46 PST		y	1			11				B00OHVCTM0						B00OHVCTM0			0	DEFAULT	Migrated Template	Active
Momoko Kikuchi - 30Th Anniversary Kikuchi Momoko In Top Ten Nihon TV Hizo Eizo Shu (2DVDS) [Japan DVD] VPBQ-29915 [DVD]		0120HSMX1RE	B00OOCAHUS	102.86	1	2026-01-20 01:52:46 PST		y	1			11				B00OOCAHUS						B00OOCAHUS			0	DEFAULT	Migrated Template	Active
Coldplay - Ghost Stories Live 2014 (DVD+CD) [Japan DVD] WPZR-90083 [DVD]		0129HM3MOYD	B00OOM7FJY	78.01	1	2026-01-28 16:24:46 PST		y	1			11				B00OOM7FJY						B00OOM7FJY			0	DEFAULT	Migrated Template	Active
APPLESEED ALPHA ORIGINAL SOUNDTRACK COMPLETE EDITION(初回限定盤)(DVD付) [Audio CD] Various Artists		0120HSORGKW	B00OUHLXYQ	64.77	1	2026-01-20 01:52:46 PST		y	1			11				B00OUHLXYQ						B00OUHLXYQ			0	DEFAULT	Migrated Template	Active
Makita TL061DZ Rechargeable Angle Impact Driver, 18 V, Battery, Charger, Case Sold Separately		0227H27SLTP	B00OZD3TJ2	276.21	1	2026-02-26 19:40:56 PST		y	1			11				B00OZD3TJ2						B00OZD3TJ2			0	DEFAULT	Migrated Template	Active
RS Berkeley Clarinet Barrel Freedom		0303HGTMIL6	B00P6346MY	237.32	1	2026-03-02 18:51:29 PST		y	1			11				B00P6346MY						B00P6346MY			0	DEFAULT	Migrated Template	Active
劇場版ペルソナ3 #2Midsummer Knight's Dream【完全生産限定版】 [Blu-ray] [Blu-ray]		1224FGLYT15	B00P8ZPNB8	102.93	1	2025-12-23 17:14:44 PST		y	1			11				B00P8ZPNB8						B00P8ZPNB8			0	DEFAULT	Venesplo_2601	Active
Hiroyuki Sawano BEST OF VOCAL WORKS [nZk] [Audio CD] 澤野弘之 and SawanoHiroyuki[nZk]:mizuki		0129HM5W92I	B00PCOU3NI	118.67	1	2026-01-28 16:24:46 PST		y	1			11				B00PCOU3NI						B00PCOU3NI			0	DEFAULT	Migrated Template	Active
Japanese Movie - Hot Road (2BDS) [Japan BD] VPXT-71368 [Blu-ray]		0120HSD1UPX	B00PU64HYY	70.37	1	2026-01-20 01:10:21 PST		y	1			11				B00PU64HYY						B00PU64HYY			0	DEFAULT	Migrated Template	Active
Shining Resonance Music Coll / O.S.T. [Audio CD] Game Music		0129HM6CISJ	B00PV0BEC2	68.06	1	2026-01-28 16:24:46 PST		y	1			11				B00PV0BEC2						B00PV0BEC2			0	DEFAULT	Migrated Template	Active
Animation - Theatrical Feature & Ova Slayers Digitally Remastered Blu-Ray Box (3BDS) [Japan BD] KAXA-9815 [Blu-ray]		0129HM6SR4C	B00PVKN0G0	383.57	1	2026-01-28 16:24:46 PST		y	1			11				B00PVKN0G0						B00PVKN0G0			0	DEFAULT	Migrated Template	Active
Brahms: Piano Quartets [Audio CD] Renaud Capucon & Gautier; Gérard Caussé; Gautier Capuçon and Nicholas Angelich		0129HM86SQZ	B00QFNUBMS	67.06	1	2026-01-28 16:24:46 PST		y	1			11				B00QFNUBMS						B00QFNUBMS			0	DEFAULT	Migrated Template	Active
V.A. - Animelo Summer Live 2014 -Oneness- 8.29 (2BDS) [Japan BD] LABX-8075 [Blu-ray]		0129HM87Z74	B00QMVV0FK	82.61	1	2026-01-28 16:24:46 PST		y	1			11				B00QMVV0FK						B00QMVV0FK			0	DEFAULT	Migrated Template	Active
V.A. - Animelo Summer Live 2014 -Oneness- 8.31 (2BDS) [Japan BD] LABX-8079 [Blu-ray]		0129HM79ITZ	B00QMVV28K	73.48	1	2026-01-28 16:24:46 PST		y	1			11				B00QMVV28K						B00QMVV28K			0	DEFAULT	Migrated Template	Active
Nostalgia (Blu-ray) [Blu-ray]		0129HM75QE8	B00QTCUGF2	79.39	1	2026-01-28 16:24:46 PST		y	1			11				B00QTCUGF2						B00QTCUGF2			0	DEFAULT	Migrated Template	Active
Space Brothers Collection 2 [Blu-ray] [Blu-ray]		0131HVO98VV	B00R9O4U3I	82.56	1	2026-01-31 03:56:41 PST		y	1			11				B00R9O4U3I						B00R9O4U3I			0	DEFAULT	Migrated Template	Active
Animation - Strike Witches Operation Victory Arrow Vol.2 Age Kai No Megami (BD+CD) [Japan LTD BD] KAXA-7121 [Blu-ray]		0129HM6RJ78	B00RX5C6UW	66.24	1	2026-01-28 16:24:46 PST		y	1			11				B00RX5C6UW						B00RX5C6UW			0	DEFAULT	Migrated Template	Active
D.BONADE Bonard B Clarinet Ligature Reverse Fastening Pink Gold Plate Finish (2250UPG)		0227H2GGD6F	B00SQX42DO	282.89	1	2026-02-26 19:40:56 PST		y	1			11				B00SQX42DO						B00SQX42DO			0	DEFAULT	Migrated Template	Active
PIRASTRO OLIVE 4/4 (M) G #2114 Vn String Package		0303HGWKFIE	B00ST0KRF6	185.58	1	2026-03-02 18:51:29 PST		y	1			11				B00ST0KRF6						B00ST0KRF6			0	DEFAULT	Migrated Template	Active
DAIWA B.B.B 636TMLRB		0303HGWCDJS	B00SW9BG9A	193.59	1	2026-03-02 18:51:29 PST		y	1			11				B00SW9BG9A						B00SW9BG9A			0	DEFAULT	Migrated Template	Active
DAIWA B.B.B 6106TMLFS		0303HH4T2ZU	B00SW9BHNU	200.83	1	2026-03-02 18:51:29 PST		y	1			11				B00SW9BHNU						B00SW9BHNU			0	DEFAULT	Migrated Template	Active
Daiwa B.B.B 666TMRB Black 1.98m High Tension Casting Fishing Rod		0303HGTMLU1	B00SW9CMFC	197.21	1	2026-03-02 18:51:29 PST		y	1			11				B00SW9CMFC						B00SW9CMFC			0	DEFAULT	Migrated Template	Active
Daiwa B.B.B 636TLFS		0303HGTNXF9	B00SW9CNYC	193.59	1	2026-03-02 18:51:29 PST		y	1			11				B00SW9CNYC						B00SW9CNYC			0	DEFAULT	Migrated Template	Active
Daiwa Liberty Club SURF T Telescopic Surf Casting Rod T30-450・K		0303HGWB8EA	B00T4954UO	145.46	1	2026-03-02 18:51:29 PST		y	1			11				B00T4954UO						B00T4954UO			0	DEFAULT	Migrated Template	Active
Motis: Chamorro Big Band [Audio CD] CHAMORRO,JOAN & ANDREA M		0131HVO9R6Q	B00TE0WFKU	71.57	1	2026-01-31 03:56:41 PST		y	1			11				B00TE0WFKU						B00TE0WFKU			0	DEFAULT	Migrated Template	Active
Ibanez IEGS9 Regular Light Electric Guitar String Set (9 – Nickel Wound – Code 009 090)		0129HM93NGI	B00TKW4YTM	53.69	1	2026-01-28 16:24:46 PST		y	1			11				B00TKW4YTM						B00TKW4YTM			0	DEFAULT	Migrated Template	Active
Kylie Minogue - Kiss Me Once Live At The Sse Hydro (BD+2CDS) +Bonus [Japan BD] WPZR-90090 [Blu-ray]		0129HM563FG	B00U5XFB88	92.4	1	2026-01-28 16:24:46 PST		y	1			11				B00U5XFB88						B00U5XFB88			0	DEFAULT	Migrated Template	Active
Kylie Minogue - Kiss Me Once Live At The Sse Hydro (DVD+2CDS) +Bonus [Japan DVD] WPZR-90087 [DVD]		0120HSRDQOA	B00U5XFBEC	83.7	1	2026-01-20 01:52:46 PST		y	1			11				B00U5XFBEC						B00U5XFBEC			0	DEFAULT	Migrated Template	Active
バッハ:マタイ受難曲(SACDハイブリッド) [Audio CD] クレンペラー(オットー)		0120HSM7L0L	B00U6DW6MQ	91.5	1	2026-01-20 01:52:46 PST		y	1			11				B00U6DW6MQ						B00U6DW6MQ			0	DEFAULT	Migrated Template	Active
ASADA VP150 Rechargeable Vacuum Pump 1.5CFM-BN (No Battery)		0303HGWUCUC	B00V43GFTM	360.99	1	2026-03-02 18:51:29 PST		y	1			11				B00V43GFTM						B00V43GFTM			0	DEFAULT	Migrated Template	Active
Makita HR2631F 1" AVT Rotary Hammer		0227H26TP8P	B00V656V9M	365.84	1	2026-02-26 19:40:56 PST		y	1			11				B00V656V9M						B00V656V9M			0	DEFAULT	Migrated Template	Active
Atelier Escha & Logy: Alchemists of the Dusk Sky [Blu-ray] [Blu-ray]		0131HVO3O41	B00V7ORLGO	83.91	1	2026-01-31 03:56:41 PST		y	1			11				B00V7ORLGO						B00V7ORLGO			0	DEFAULT	Migrated Template	Active
Bellini: La Sonnambula [Audio CD] Maria Callas		0120HS8059N	B00VGPRI9E	72.75	1	2026-01-20 01:10:21 PST		y	1			11				B00VGPRI9E						B00VGPRI9E			0	DEFAULT	Migrated Template	Active
Animation - Plastic Memories 4 (BD+CD+BOOK) [Japan LTD BD] ANZX-11327 [Blu-ray]		0120HS9LWCS	B00VWX66IO	180.37	1	2026-01-20 01:10:21 PST		y	1			11				B00VWX66IO						B00VWX66IO			0	DEFAULT	Migrated Template	Active
Animation - Plastic Memories 3 (DVD+CD) [Japan LTD DVD] ANZB-11325 [DVD]		0120HRR7U15	B00VWX69GS	92.47	1	2026-01-20 01:10:21 PST		y	1			11				B00VWX69GS						B00VWX69GS			0	DEFAULT	Migrated Template	Active
SHADOW CORPS[e](シャドウ コヲプス)(DVD付) [Audio CD] 妖精帝國		0129HM8I0YO	B00W0H6LEA	67.06	1	2026-01-28 16:24:46 PST		y	1			11				B00W0H6LEA						B00W0H6LEA			0	DEFAULT	Migrated Template	Active
TV Anime High School DxD BorN Original Soundtrack [Audio CD] Ryosuke Nakanishi		0129HM61UTL	B00W5HTLLK	65.92	1	2026-01-28 16:24:46 PST		y	1			11				B00W5HTLLK						B00W5HTLLK			0	DEFAULT	Migrated Template	Active
Animation - Punch Line 1 (DVD+CD) [Japan LTD DVD] ANZB-11461 [DVD]		0120HS9J7BJ	B00W6W63PQ	106.76	1	2026-01-20 01:10:21 PST		y	1			11				B00W6W63PQ						B00W6W63PQ			0	DEFAULT	Migrated Template	Active
Panduit PLT1M-M4Y Cable Tie, Miniature, Nylon 6.6, 3.9-Inch Length, Yellow (1,000-Pack)		0120HSN5EC7	B00WDV3B28	79.16	1	2026-01-20 01:52:46 PST		y	1			11				B00WDV3B28						B00WDV3B28			0	DEFAULT	Migrated Template	Active
Panduit PRT2S-M4Y Cable Tie, Releasable, Standard, Nylon 6.6, 7.4-Inch Length, Yellow (1,000-Pack)		0120HS6XTPJ	B00WDV3IA8	382.13	1	2026-01-20 01:10:21 PST		y	1			11				B00WDV3IA8						B00WDV3IA8			0	DEFAULT	Migrated Template	Active
Panduit PLM4S-D Marker Cable Tie, Wrap, Standard, Nylon 6.6, 14.6-Inch Length, Natural (500-Pack)		0120HSBDN7P	B00WDV6KTE	342.41	1	2026-01-20 01:10:21 PST		y	1			11				B00WDV6KTE						B00WDV6KTE			0	DEFAULT	Migrated Template	Active
Panduit PRT2S-M2 Cable Tie, Releasable, Standard, Nylon 6.6, 7.4-Inch Length, Red (1,000-Pack)		0120HSDTV34	B00WDV7ZSE	264.85	1	2026-01-20 01:10:21 PST		y	1			11				B00WDV7ZSE						B00WDV7ZSE			0	DEFAULT	Migrated Template	Active
TV anime "Hibike! Euphonium" Original Soundtrack Omoide Music [Audio CD] 松田彬人		0129HM5BL96	B00WFA2DOO	65.1	1	2026-01-28 16:24:46 PST		y	1			11				B00WFA2DOO						B00WFA2DOO			0	DEFAULT	Migrated Template	Active
Panduit PL2M2S-D Marker Cable Tie, Wrap, Standard, Nylon 6.6, 7.4-Inch Length, Natural (500-Pack)		0120HSBXA2O	B00WUMU07O	422.21	1	2026-01-20 01:10:21 PST		y	1			11				B00WUMU07O						B00WUMU07O			0	DEFAULT	Migrated Template	Active
Debut [Audio CD] Kobayashi, Aimi		0120HS5K4QE	B00WV0KWMS	56.6	1	2026-01-20 01:10:21 PST		y	1			11				B00WV0KWMS						B00WV0KWMS			0	DEFAULT	Migrated Template	Active
Stampede [Audio CD] DOOBIE BROTHERS		0129HM46N0S	B00WV0KXH2	66.86	1	2026-01-28 16:24:46 PST		y	1			11				B00WV0KXH2						B00WV0KXH2			0	DEFAULT	Migrated Template	Active
Nichiban Cloth Tape, 2.0 inches (50 mm) x 86.5 ft (25 m), 30 Rolls, 102N7-50AZ30P, Ochre		0227H2ANBQ3	B00WYNWN1A	271.34	1	2026-02-26 19:40:56 PST		y	1			11				B00WYNWN1A						B00WYNWN1A			0	DEFAULT	Migrated Template	Active
CUTE [Audio CD] TOWA TEI		0131HVNKCC2	B00XL01PQO	63.99	1	2026-01-31 03:56:41 PST		y	1			11				B00XL01PQO						B00XL01PQO			0	DEFAULT	Migrated Template	Active
The Blue Hearts - The Blue Hearts's Blu-Ray Vol. 2 2 [Japan BD] WPXL-90102 [Blu-ray]		0129HM88086	B00XWC8DEI	92.88	1	2026-01-28 16:24:46 PST		y	1			11				B00XWC8DEI						B00XWC8DEI			0	DEFAULT	Migrated Template	Active
Hamatora the Animation [Blu-ray] [Blu-ray]		0131HVNYQ0Z	B00XZZMW08	60.59	1	2026-01-31 03:56:41 PST		y	1			11				B00XZZMW08						B00XZZMW08			0	DEFAULT	Migrated Template	Active
In Through The Out Door [Audio CD] LED ZEPPELIN		0129HM7Z5VQ	B00YSJD8TY	61.9	1	2026-01-28 16:24:46 PST		y	1			11				B00YSJD8TY						B00YSJD8TY			0	DEFAULT	Migrated Template	Active
Music Punch [Audio CD] yozuca*		0129HM5GMKR	B00Z7LKBY2	65.92	1	2026-01-28 16:24:46 PST		y	1			11				B00Z7LKBY2						B00Z7LKBY2			0	DEFAULT	Migrated Template	Active
Ibanez HF10 OFC Core Wire High End Guitar/Bass Cable 10ft (3.05m) Straight to Straight Plug		0129HM7WNO7	B00ZCIU8K2	99.59	1	2026-01-28 16:24:46 PST		y	1			11				B00ZCIU8K2						B00ZCIU8K2			0	DEFAULT	Migrated Template	Active
Brahms:Complete Symphonies & Orchest [Audio CD] Otto Klemperer		0129HM73UOR	B010ODP3B8	91.48	1	2026-01-28 16:24:46 PST		y	1			11				B010ODP3B8						B010ODP3B8			0	DEFAULT	Migrated Template	Active
WORKING!!! 7 (Complete Production Limited Edition) (Blu-ray) [Blu-ray]		0120HS384KA	B010UBXFH8	101.13	1	2026-01-20 01:10:21 PST		y	1			11				B010UBXFH8						B010UBXFH8			0	DEFAULT	Migrated Template	Active
Animation - The Seven Deadly Sins Fes Maihama Fight Festival / Grand Finale (2DVDS) [Japan DVD] ANSB-10021 [DVD]		0120HSGIEU7	B0126EB8TE	91.89	1	2026-01-20 01:52:46 PST		y	1			11				B0126EB8TE						B0126EB8TE			0	DEFAULT	Migrated Template	Active
LARSEN STRINGS G Steel/Tungsten Wound for Cello		0227H2APD7Z	B012C4E7F0	144.25	1	2026-02-26 19:40:56 PST		y	1			11				B012C4E7F0						B012C4E7F0			0	DEFAULT	Migrated Template	Active
LARSEN STRINGS String C Steel/Tungsten Wound for Cello		0227H2GYLF9	B012C4ERXM	171.44	1	2026-02-26 19:40:56 PST		y	1			11				B012C4ERXM						B012C4ERXM			0	DEFAULT	Migrated Template	Active
Milva & Astor Piazzolla - Milva & Astor Piazzolla Live In Tokyo 1988 [Japan DVD] DDBB-13001 [DVD]		0131HVMT9FE	B012XZULKS	80.92	1	2026-01-31 03:56:41 PST		y	1			11				B012XZULKS						B012XZULKS			0	DEFAULT	Migrated Template	Active
Gintama ° 5 [DVD] [DVD]		0120HSGPWPU	B013FG64SW	87.39	1	2026-01-20 01:52:46 PST		y	1			11				B013FG64SW						B013FG64SW			0	DEFAULT	Migrated Template	Active
Japanese Movie - Kaze Ni Tatsu Lion (2DVDS) [Japan DVD] VPBT-14455 [DVD]		0120HSK9QXB	B013GJAEOI	76.13	1	2026-01-20 01:52:46 PST		y	1			11				B013GJAEOI						B013GJAEOI			0	DEFAULT	Migrated Template	Active
Threat To Survival [Audio CD] SHINEDOWN		0120HRR75BJ	B013IYBN8M	56.77	1	2026-01-20 01:10:21 PST		y	1			11				B013IYBN8M						B013IYBN8M			0	DEFAULT	Migrated Template	Active
Azusa Tadokoro - Tadokoro Azusa Oneman Live 2014 Beyond Myself! Live Blu-Ray Disc [Japan BD] LABX-8087 [Blu-ray]		0120HSFQX1J	B013PRSYIE	86.24	1	2026-01-20 01:52:46 PST		y	1			11				B013PRSYIE						B013PRSYIE			0	DEFAULT	Migrated Template	Active
Shimanto River DVD [DVD]		0129HM7YLMQ	B01448L4E4	77.56	1	2026-01-28 16:24:46 PST		y	1			11				B01448L4E4						B01448L4E4			0	DEFAULT	Migrated Template	Active
TVアニメ「シドニアの騎士」コンプリート・サウンドトラック(BDM) [Blu-ray] [Blu-ray]		0129HM8JDMX	B0148ADWPW	77.44	1	2026-01-28 16:24:46 PST		y	1			11				B0148ADWPW						B0148ADWPW			0	DEFAULT	Migrated Template	Active
Idolmaster - Idolm@Ster Cinderella Girls 2Ndlive Party M@Gic!! Blu-Ray Box (3BDS) [Japan LTD BD] COXC-1151 [Blu-ray]		0129HM94JZO	B014GWKUWK	120.45	1	2026-01-28 16:24:46 PST		y	1			11				B014GWKUWK						B014GWKUWK			0	DEFAULT	Migrated Template	Active
Majestic Prince [Blu-ray] [Blu-ray]		0131HVM06M2	B014KEPB5A	115.81	1	2026-01-31 03:56:41 PST		y	1			11				B014KEPB5A						B014KEPB5A			0	DEFAULT	Migrated Template	Active
KINTO SCS 27656 Coffee Jug, 4 Cups, Graduated, Heat-resistant Glass, Microwave and Dishwasher Safe, Gift		0129HM3OLOJ	B014VOLN4M	51.87	1	2026-01-28 16:24:46 PST		y	1			11				B014VOLN4M						B014VOLN4M			0	DEFAULT	Migrated Template	Active
Maaya Sakamoto - Sakamoto Maaya 20Th Anniversary Live Follow Me At Saitama Super Arena [Japan BD] VTXL-25 [Blu-ray]		0129HM8MZIW	B014YB8FC0	100.6	1	2026-01-28 16:24:46 PST		y	1			11				B014YB8FC0						B014YB8FC0			0	DEFAULT	Migrated Template	Active
Makita TD149DZL Impact Driver TD149 (18 V) Lime, 165 Nm Torque, Batteries Sold Separately		0227H2CZ7GT	B0156FJACC	300.32	1	2026-02-26 19:40:56 PST		y	1			11				B0156FJACC						B0156FJACC			0	DEFAULT	Migrated Template	Active
KING SUPER LIVE 2015 [Blu-ray] [Blu-ray]		0120HSRM1SP	B015AQIN1G	97.19	1	2026-01-20 01:52:46 PST		y	1			11				B015AQIN1G						B015AQIN1G			0	DEFAULT	Migrated Template	Active
Maximum The Hormone - Deka Vs Deka (3DVDS+BD+CD) [Japan DVD] VPBQ-19093 [DVD]		0129HM3OCA8	B015IBCV0M	103.77	1	2026-01-28 16:24:46 PST		y	1			11				B015IBCV0M						B015IBCV0M			0	DEFAULT	Migrated Template	Active
Sailor Moon Musical - Un Nouveau Voyage (DVD) [DVD]		0129HM8CP4T	B015J34PN0	103.49	1	2026-01-28 16:24:46 PST		y	1			11				B015J34PN0						B015J34PN0			0	DEFAULT	Migrated Template	Active
Hanayamata [Blu-ray] [Blu-ray]		0131HVN87CA	B015UBO5NG	73.56	1	2026-01-31 03:56:41 PST		y	1			11				B015UBO5NG						B015UBO5NG			0	DEFAULT	Migrated Template	Active
Melody of Little Love (Blu-ray) [Blu-ray]		0120HRXVIP0	B015Z9O87G	71.6	1	2026-01-20 01:10:21 PST		y	1			11				B015Z9O87G						B015Z9O87G			0	DEFAULT	Migrated Template	Active
Bruckner: Symphony No.6 in a [Audio CD] Otto Klemperer		0120HSKD5PT	B01606Z7K0	64.06	1	2026-01-20 01:52:46 PST		y	1			11				B01606Z7K0						B01606Z7K0			0	DEFAULT	Migrated Template	Active
Chisato Moritaka UHQCD THE FIRST BEST SELECTION '87-'92 [Audio CD] 森高千里		0129HM5DX3F	B01606Z7X2	58.01	1	2026-01-28 16:24:46 PST		y	1			11				B01606Z7X2						B01606Z7X2			0	DEFAULT	Migrated Template	Active
劇場版「空の境界」 俯瞰風景3D [Blu-ray] [Blu-ray]		0120HS9N2KB	B0169GVBCY	82.52	1	2026-01-20 01:10:21 PST		y	1			11				B0169GVBCY						B0169GVBCY			0	DEFAULT	Migrated Template	Active
Bluenote Cafe [Audio CD] YOUNG,NEIL		0120HS9E1O3	B016N6TSVG	62.26	1	2026-01-20 01:10:21 PST		y	1			11				B016N6TSVG						B016N6TSVG			0	DEFAULT	Migrated Template	Active
Seventh Dragon III Code: VFD Original Soundtrack & Songs [Audio CD] Koshiro, Yuzo / Sasakure.UK		0131HVQ4X4Q	B016YRZRBE	62.08	1	2026-01-31 03:56:41 PST		y	1			11				B016YRZRBE						B016YRZRBE			0	DEFAULT	Migrated Template	Active
Makita - HS301DZ CXT Circular Saw 10.8 Volt Bare Unit		0227H27NB5S	B017AQXYO0	161.34	1	2026-02-26 19:40:56 PST		y	1			11				B017AQXYO0						B017AQXYO0			0	DEFAULT	Migrated Template	Active
Debussy: La Mer / 3 Nocturnes / Ravel [Audio CD] Carlo Maria Giulini		0120HSKCWYH	B017BZVMG2	62.16	1	2026-01-20 01:52:46 PST		y	1			11				B017BZVMG2						B017BZVMG2			0	DEFAULT	Migrated Template	Active
Theatrical Version Date A Live Manyuri Judgment [Blu-ray] JAPANESE EDITION [Blu-ray]		0129HM6P5K8	B017H6ICYK	103.77	1	2026-01-28 16:24:46 PST		y	1			11				B017H6ICYK						B017H6ICYK			0	DEFAULT	Migrated Template	Active
F [Audio CD] PUSHIM		0129HM5I8N5	B017HRBGZG	59.45	1	2026-01-28 16:24:46 PST		y	1			11				B017HRBGZG						B017HRBGZG			0	DEFAULT	Migrated Template	Active
Girls Und Panzer Orchestra Concert Herbst Musikfest 2015 (Original Soundtrack) [Audio CD] Girls Und Panzer Orchestra Concert Herbst Musikfes		0129HMAQ9JH	B017JCSFOO	74.87	1	2026-01-28 16:24:46 PST		y	1			11				B017JCSFOO						B017JCSFOO			0	DEFAULT	Migrated Template	Active
Arch Enemy - War Eternal Tour : Tokyo Sacrifice [Japan BD] QATE-80001 [Blu-ray]		0129HM9A9U4	B017VXINHA	77.98	1	2026-01-28 16:24:46 PST		y	1			11				B017VXINHA						B017VXINHA			0	DEFAULT	Migrated Template	Active
Arch Enemy - War Eternal Tour : Tokyo Sacrifice [Japan DVD] QATE-90011 [DVD]		0129HM3MZSI	B017VXINI4	63.94	1	2026-01-28 16:24:46 PST		y	1			11				B017VXINI4						B017VXINI4			0	DEFAULT	Migrated Template	Active
March of the Empire (Fully Production Limited Edition) [Blu-ray] [Blu-ray]		0120HSUD9T3	B017WEWMPC	92.23	1	2026-01-20 01:52:46 PST		y	1			11				B017WEWMPC						B017WEWMPC			0	DEFAULT	Migrated Template	Active
Knives Of Sakamoto [Vinyl] SAKAMOTO,RYUICHI		0129HM7N7ZZ	B0188G0BGK	79.26	1	2026-01-28 16:24:46 PST		y	1			11				B0188G0BGK						B0188G0BGK			0	DEFAULT	Migrated Template	Active
Ghostlights [Audio CD] TOBIAS SAMMET's AVANTASIA		0131HVP9D8S	B018GVWWBO	68.8	1	2026-01-31 03:56:41 PST		y	1			11				B018GVWWBO						B018GVWWBO			0	DEFAULT	Migrated Template	Active
Zebra SB21-C-NVG Multi-functional Pen, Sharbo X, Premium TS10, Navy Gold, Product Size: 5.6 x 0.6 x 0.6 inches (142.9 x 15.5 x 11.8 mm), 0.9 oz (26.0 g)		0120HS9WH99	B018PZLZVO	113.11	1	2026-01-20 01:10:21 PST		y	1			11				B018PZLZVO						B018PZLZVO			0	DEFAULT	Migrated Template	Active
Verdi: Requiem, Chant 4 (SACD Hybrid) [Audio CD] ジュリーニ(カルロ・マリア); フィルハーモニア合唱団; ギャウロフ(ニコライ); ヴェルディ and フィルハーモニア管弦楽団		0120HSOOKN9	B018RA8ZCE	77.65	1	2026-01-20 01:52:46 PST		y	1			11				B018RA8ZCE						B018RA8ZCE			0	DEFAULT	Migrated Template	Active
Dezolve [Audio CD] DEZOLVE		0131HVNDG5E	B0195X00X4	60.31	1	2026-01-31 03:56:41 PST		y	1			11				B0195X00X4						B0195X00X4			0	DEFAULT	Migrated Template	Active
JAPANESE TV DRAMA Special drama Kurosaki-kun can't be accused [DVD] (JAPANESE AUDIO , NO ENGLISH SUB.) [DVD]		0120HSGLPG1	B019GGUZRQ	67.92	1	2026-01-20 01:52:46 PST		y	1			11				B019GGUZRQ						B019GGUZRQ			0	DEFAULT	Migrated Template	Active
Gugure Kokkuri-San [Blu-ray]		0131HVLXY53	B019KDX7UW	83.91	1	2026-01-31 03:56:41 PST		y	1			11				B019KDX7UW						B019KDX7UW			0	DEFAULT	Migrated Template	Active
Mission Engineering Inc Helix Expression Pedal W Toe Switch - Black Finish		0227H24FP8I	B019WJ0BS0	388.75	1	2026-02-26 19:40:56 PST		y	1			11				B019WJ0BS0						B019WJ0BS0			0	DEFAULT	Migrated Template	Active
Lupine the 3rd Italian Game [DVD] JAPANESE EDITION [DVD]		0120HSC3RN5	B01A8G6QC6	67.65	1	2026-01-20 01:10:21 PST		y	1			11				B01A8G6QC6						B01A8G6QC6			0	DEFAULT	Migrated Template	Active
Fate/Stay Night Original Soundtrack&Drama Cd Garden Of Avalon - Glorious.After Im (Original Soundtrack) [Audio CD] Fate/Stay Night Original Soundtrack&Drama CD Garde		0120HS5JPJ5	B01AN9QLCS	66.81	1	2026-01-20 01:10:21 PST		y	1			11				B01AN9QLCS						B01AN9QLCS			0	DEFAULT	Migrated Template	Active
Daiwa Lille Leo Blitz S500		0129HM7D95Z	B01AU35NVC	431.6	1	2026-01-28 16:24:46 PST		y	1			11				B01AU35NVC						B01AU35NVC			0	DEFAULT	Migrated Template	Active
Daiwa Triple Bee Bus Rod: Casting Bass Fishing Rod, 7.5 ft (2.08 m), 6 Pieces, Heavy Power, Fast Action		0303HH1AXMS	B01AX8DAZ0	199.33	1	2026-03-02 18:51:29 PST		y	1			11				B01AX8DAZ0						B01AX8DAZ0			0	DEFAULT	Migrated Template	Active
Ibanez SI20L Cable Audio - Guitar Accessories		0129HM86K2Q	B01BGSDMK4	61.22	1	2026-01-28 16:24:46 PST		y	1			11				B01BGSDMK4						B01BGSDMK4			0	DEFAULT	Migrated Template	Active
Ibanez SI10 Standard Guitar Bass Cable for Musical Instruments 10ft Straight to Straight Plug		1224FGMCR39	B01BGSDMTK	57.3	1	2025-12-23 17:14:44 PST		y	1			11				B01BGSDMTK						B01BGSDMTK			0	DEFAULT	Venesplo_2601	Active
Harrison Hurtz A3 Ligature for Harrison Hearts Alto Saxophone Pink Gold Plated Finish		0227H24FGPT	B01BL91YI0	169.01	1	2026-02-26 19:40:56 PST		y	1			11				B01BL91YI0						B01BL91YI0			0	DEFAULT	Migrated Template	Active
Harrison Hearts Alto Saxophone Ligature A3 Gold Plated Finish		0227H2H1OW0	B01BL91YV2	139.13	1	2026-02-26 19:40:56 PST		y	1			11				B01BL91YV2						B01BL91YV2			0	DEFAULT	Migrated Template	Active
Fetty Wap [Audio CD] フェティ・ワップ		0129HM5XNGM	B01BOQ2VLY	53.65	1	2026-01-28 16:24:46 PST		y	1			11				B01BOQ2VLY						B01BOQ2VLY			0	DEFAULT	Migrated Template	Active
Guilty Crown Blu-ray Box (Fully Production Limited Edition) [Blu-ray]		0120HSDTUY3	B01BOS6B0O	292.38	1	2026-01-20 01:10:21 PST		y	1			11				B01BOS6B0O						B01BOS6B0O			0	DEFAULT	Migrated Template	Active
1966 Quartet Best of Best Cuddle [Audio CD] 1966カルテット		0129HM8MUJL	B01BT3IWU6	61.75	1	2026-01-28 16:24:46 PST		y	1			11				B01BT3IWU6						B01BT3IWU6			0	DEFAULT	Migrated Template	Active
Lupin the 3rd: Jigen's Gravestone Blu Ray [DVD]		0131HVLXNPP	B01BW8OXV0	80.46	1	2026-01-31 03:56:41 PST		y	1			11				B01BW8OXV0						B01BW8OXV0			0	DEFAULT	Migrated Template	Active
Theatrical version "Last Exile-Silver Wings Fam-Over The Wishes" DVD JAPANESE EDITION [DVD]		0129HM5EBRS	B01BY2O3EQ	91.13	1	2026-01-28 16:24:46 PST		y	1			11				B01BY2O3EQ						B01BY2O3EQ			0	DEFAULT	Migrated Template	Active
C.C. Shiny Case II Flute Case CC2-FL-AQ Aqua		0227H24AROK	B01C05F228	233.24	1	2026-02-26 19:40:56 PST		y	1			11				B01C05F228						B01C05F228			0	DEFAULT	Migrated Template	Active
C.C. Shiny Case II Flute Case CC2-FL-BL Blue		0227H2CHBAZ	B01C05F3KO	221.74	1	2026-02-26 19:40:56 PST		y	1			11				B01C05F3KO						B01C05F3KO			0	DEFAULT	Migrated Template	Active
C.C. Shiny Case II Flute Case CC2-FL-HPK Hot Pink		0227H2D688J	B01C05F4BM	222.76	1	2026-02-26 19:40:56 PST		y	1			11				B01C05F4BM						B01C05F4BM			0	DEFAULT	Migrated Template	Active
C.C. Shiny Case II Flute Case CC2-FL-LBL Light Blue		0227H2C2MWU	B01C05F534	211.28	1	2026-02-26 19:40:56 PST		y	1			11				B01C05F534						B01C05F534			0	DEFAULT	Migrated Template	Active
C.C. Shiny Case II Flute Case CC2-FL-LV Lavender		0227H2AR0K5	B01C05F5SY	222.78	1	2026-02-26 19:40:56 PST		y	1			11				B01C05F5SY						B01C05F5SY			0	DEFAULT	Migrated Template	Active
C.C. Shiny Case II Flute Case CC2-FL-PBL Pastel Blue		0227H2GRVPL	B01C05F6JW	222.78	1	2026-02-26 19:40:56 PST		y	1			11				B01C05F6JW						B01C05F6JW			0	DEFAULT	Migrated Template	Active
C.C. Shiny Case II Flute Case CC2-FL-PG Pastel Green		0227H2CQRG9	B01C05F79Q	221.74	1	2026-02-26 19:40:56 PST		y	1			11				B01C05F79Q						B01C05F79Q			0	DEFAULT	Migrated Template	Active
C.C. Shiny Case II Flute Case CC2-FL-PWBK Powder Black		0227H27VFVU	B01C05F9SA	233.24	1	2026-02-26 19:40:56 PST		y	1			11				B01C05F9SA						B01C05F9SA			0	DEFAULT	Migrated Template	Active
C.C. Shiny Case II Flute Case CC2-FL-PWRD Powder Red		0227H27PTEI	B01C05FC8M	126.29	1	2026-02-26 19:40:56 PST		y	1			11				B01C05FC8M						B01C05FC8M			0	DEFAULT	Migrated Template	Active
C.C. Shiny Case II Flute Case CC2-FL-PY Pastel Yellow		0227H2BBOTM	B01C05FCZU	223.83	1	2026-02-26 19:40:56 PST		y	1			11				B01C05FCZU						B01C05FCZU			0	DEFAULT	Migrated Template	Active
C.C. Shiny Case II Flute Case CC2-FL-SPK Salmon Pink		0227H2G5024	B01C05FEO4	233.24	1	2026-02-26 19:40:56 PST		y	1			11				B01C05FEO4						B01C05FEO4			0	DEFAULT	Migrated Template	Active
C.C. Shiny Case II Flute Case CC2-FL-WH White		0227H24BHIP	B01C05FFJI	234.29	1	2026-02-26 19:40:56 PST		y	1			11				B01C05FFJI						B01C05FFJI			0	DEFAULT	Migrated Template	Active
C.C. Shiny Case II Flute Case CC2-FL-WS Wisteria		0227H2GX1LK	B01C05FGEC	225.92	1	2026-02-26 19:40:56 PST		y	1			11				B01C05FGEC						B01C05FGEC			0	DEFAULT	Migrated Template	Active
Time & Again: Ultimate A-Ha [Audio CD] A-HA		1224FGN53IW	B01CDCS44Q	64.98	1	2025-12-23 17:14:44 PST		y	1			11				B01CDCS44Q						B01CDCS44Q			0	DEFAULT	Venesplo_2601	Active
C.C. Shiny Case II Trumpet Case Aero CC2-ATP-HPK Hot Pink		0227H2ABPSF	B01CWM0SW8	343.7	1	2026-02-26 19:40:56 PST		y	1			11				B01CWM0SW8						B01CWM0SW8			0	DEFAULT	Migrated Template	Active
C.C. Shiny Case II Clarinet Lavender CC2-CLA-LV		0227H26V0F9	B01D1ESSGE	269.54	1	2026-02-26 19:40:56 PST		y	1			11				B01D1ESSGE						B01D1ESSGE			0	DEFAULT	Migrated Template	Active
C.C. Shiny Case II for Clarinet White CC2-CLA-WH		0227H2CRFOG	B01D1ET4TO	283.13	1	2026-02-26 19:40:56 PST		y	1			11				B01D1ET4TO						B01D1ET4TO			0	DEFAULT	Migrated Template	Active
C.C. Shiny Case II for Clarinet Black CC2-CLA-BK		0227H2G43A4	B01D1ET9VW	282.09	1	2026-02-26 19:40:56 PST		y	1			11				B01D1ET9VW						B01D1ET9VW			0	DEFAULT	Migrated Template	Active
C.C. Shiny Case II for Clarinet Red CC2-CLA-RD		0227H27MXE1	B01D1EUK24	202.55	1	2026-02-26 19:40:56 PST		y	1			11				B01D1EUK24						B01D1EUK24			0	DEFAULT	Migrated Template	Active
Love Songs For You [Audio CD] MAHYA,GRACE		0120HSCYTSD	B01D1MPLIE	63.82	1	2026-01-20 01:10:21 PST		y	1			11				B01D1MPLIE						B01D1MPLIE			0	DEFAULT	Migrated Template	Active
BLOOMING [Audio CD] The Winking Owl		0129HM3OSPF	B01D4NGXDC	57.19	1	2026-01-28 16:24:46 PST		y	1			11				B01D4NGXDC						B01D4NGXDC			0	DEFAULT	Migrated Template	Active
Classmate (Limited Edition) [DVD] JAPANESE EDITION [DVD]		1224FGI74Y8	B01DDDRUG2	117.11	1	2025-12-23 17:14:44 PST		y	1			11				B01DDDRUG2						B01DDDRUG2			0	DEFAULT	Venesplo_2601	Active
Makita - TM30DZ CXT Multi-Tool 10.8 Volt Bare Unit		0227H2KB6WU	B01DDIPOGK	172.71	1	2026-02-26 19:40:56 PST		y	1			11				B01DDIPOGK						B01DDIPOGK			0	DEFAULT	Migrated Template	Active
KINGSGLAIVE FINAL FANTASY XV [Blu-ray] [Blu-ray]		0120HSE1PUO	B01DKGAQWW	72.83	1	2026-01-20 01:10:21 PST		y	1			11				B01DKGAQWW						B01DKGAQWW			0	DEFAULT	Migrated Template	Active
Berserk The Golden Age Episode) Blu-ray Box [Blu-ray]		0129HM6AH4L	B01DNXLKG8	155.6	1	2026-01-28 16:24:46 PST		y	1			11				B01DNXLKG8						B01DNXLKG8			0	DEFAULT	Migrated Template	Active
日工 メトロノーム 木製レギュラー ゴールド 104		0131HVQHVCH	B01DQI7QJA	237.48	1	2026-01-31 03:56:41 PST		y	1			11				B01DQI7QJA						B01DQI7QJA			0	DEFAULT	Migrated Template	Active
Re: Zero to start Alien World Life 7 [Blu-ray] [Blu-ray]		0129HM7UVB6	B01DRX2SGU	88.25	1	2026-01-28 16:24:46 PST		y	1			11				B01DRX2SGU						B01DRX2SGU			0	DEFAULT	Migrated Template	Active
Re:ゼロから始める異世界生活 5 [Blu-ray] [Blu-ray]		0120HS5K0SH	B01DRX3BD4	104.88	1	2026-01-20 01:10:21 PST		y	1			11				B01DRX3BD4						B01DRX3BD4			0	DEFAULT	Migrated Template	Active
The Complete Soundtrack of Haruhi Suzumiya [Audio CD] TVサントラ; アニメ・サントラ; 涼宮ハルヒ(平野綾); 長門有希(茅原実里) and 朝比奈みくる(後藤邑子)		0129HM3JTZP	B01EZ27CEK	74.82	1	2026-01-28 16:24:46 PST		y	1			11				B01EZ27CEK						B01EZ27CEK			0	DEFAULT	Migrated Template	Active
KPP BEST (Normal Edition) [Audio CD] きゃりーぱみゅぱみゅ		0120HSKBPK7	B01FTUB1RG	62.79	1	2026-01-20 01:52:46 PST		y	1			11				B01FTUB1RG						B01FTUB1RG			0	DEFAULT	Migrated Template	Active
London Phil Plays Symphonic Suite Dragon Quest I-VII [Audio CD] Koichi Sugiyama		0129HM6C2PS	B01FUJN3UY	106.79	1	2026-01-28 16:24:46 PST		y	1			11				B01FUJN3UY						B01FUJN3UY			0	DEFAULT	Migrated Template	Active
App Game "IDOLiSH7" IDOLiSH7 1st Full Album "i7" (Normal Edition) [Audio CD] IDOLiSH7		0120HS9EN1Q	B01G46G08O	59.92	1	2026-01-20 01:10:21 PST		y	1			11				B01G46G08O						B01G46G08O			0	DEFAULT	Migrated Template	Active
DAIWA 3-270 Liberty Club Kosugi Fishing Rod		0303HH4XRNE	B01GKK58G4	136.54	1	2026-03-02 18:51:29 PST		y	1			11				B01GKK58G4						B01GKK58G4			0	DEFAULT	Migrated Template	Active
Waves Horizon Bundle (Digital Download Version)		0303HH27193	B01GWGC74W	446.47	1	2026-03-02 18:51:29 PST		y	1			11				B01GWGC74W						B01GWGC74W			0	DEFAULT	Migrated Template	Active
Lupin the 3rd: Voyage to Danger DVD/BD [DVD]		0131HVLTYJ2	B01H0W5RUI	83.91	1	2026-01-31 03:56:41 PST		y	1			11				B01H0W5RUI						B01H0W5RUI			0	DEFAULT	Migrated Template	Active
Breakout [Audio CD] HAMMOND,JOHNNY		0129HM86WG9	B01H5JT018	66.24	1	2026-01-28 16:24:46 PST		y	1			11				B01H5JT018						B01H5JT018			0	DEFAULT	Migrated Template	Active
Descendants of the Sun Original Soundtrack (2CD + DVD Compound) [Japanese Version] [Audio CD] ユン・ミレ; Davichi; GUMMY; Mad Clown; K.will; LYn; SG WANNABE; M.C THE MAX and XIA		0120HSK6IPO	B01H5JT12Q	65.48	1	2026-01-20 01:52:46 PST		y	1			11				B01H5JT12Q						B01H5JT12Q			0	DEFAULT	Migrated Template	Active
EVAH PIRAZZI GOLD Eva Pilazzi Gold Violin String Set (G Wire Gold) (E Wire Loop End)		0303HGTP4FK	B01HHUY6VY	280.72	1	2026-03-02 18:51:29 PST		y	1			11				B01HHUY6VY						B01HHUY6VY			0	DEFAULT	Migrated Template	Active
EVAH PIRAZZI GOLD Eva Pilazzi Gold Violin String Set (G Wire Gold) (E Wire Ball End)		0303HGTLYYD	B01HHUY6X2	277.06	1	2026-03-02 18:51:29 PST		y	1			11				B01HHUY6X2						B01HHUY6X2			0	DEFAULT	Migrated Template	Active
Love Live! Ê's Final LoveLive! - Ê'sic Fore Ver. ô ô ô ô ô ô ô ô ô- DVD Day1 [DVD]		0120HSAGUBC	B01HNORGLQ	104.09	1	2026-01-20 01:10:21 PST		y	1			11				B01HNORGLQ						B01HNORGLQ			0	DEFAULT	Migrated Template	Active
LoveLive! μ's Final LoveLive! ~μ'sic Forever♪♪♪♪♪♪♪♪♪~ Blu-ray Memorial Box [Blu-ray]		0129HM68W57	B01HNORGS4	170.39	1	2026-01-28 16:24:46 PST		y	1			11				B01HNORGS4						B01HNORGS4			0	DEFAULT	Migrated Template	Active
Makita A-60545 Mac Pack, Type 1 to 4 Set, Blue		0227H27M6OA	B01HO40U0O	197.11	1	2026-02-26 19:40:56 PST		y	1			11				B01HO40U0O						B01HO40U0O			0	DEFAULT	Migrated Template	Active
Complete Trio Collection (Remastered) [Audio CD] TRIO: PARTON,DOLLY/RONSTADT,LINDA/HARRIS,EMMYLOU		0129HM5K2K7	B01HSFOZHS	70.11	1	2026-01-28 16:24:46 PST		y	1			11				B01HSFOZHS						B01HSFOZHS			0	DEFAULT	Migrated Template	Active
Thunderbolt Fantasy Yuuki Higashii 1 Blu-ray [Blu-ray]		1224FGFFGI8	B01I2VI1YA	91.76	1	2025-12-23 17:14:44 PST		y	1			11				B01I2VI1YA						B01I2VI1YA			0	DEFAULT	Venesplo_2601	Active
Ultra Q Ultraman Kaiju Booska: The World of Kuniro Miyauchi [Audio CD] 音楽:宮内国郎		0120HSB8KNS	B01INUMKD8	148.8	1	2026-01-20 01:10:21 PST		y	1			11				B01INUMKD8						B01INUMKD8			0	DEFAULT	Migrated Template	Active
PIRASTRO PASSIONE Violin Strings, 4/4, Set of 4 (E Wire: Ball)		0303HH13FSA	B01IUIUS0U	266.02	1	2026-03-02 18:51:29 PST		y	1			11				B01IUIUS0U						B01IUIUS0U			0	DEFAULT	Migrated Template	Active
Pirastro Passione Violin Strings, 4/4, Set of 4 (E Wire: Loop)		0303HH2AK1R	B01IUJ9FB2	267.36	1	2026-03-02 18:51:29 PST		y	1			11				B01IUJ9FB2						B01IUJ9FB2			0	DEFAULT	Migrated Template	Active
Art Of Tea [Audio CD] FRANKS,MICHAEL		0129HM861N0	B01JEZ32CO	67.18	1	2026-01-28 16:24:46 PST		y	1			11				B01JEZ32CO						B01JEZ32CO			0	DEFAULT	Migrated Template	Active
JAPANESE GRAVURE IDOL NOGIBINGO! 6 DVD-BOX [First edition limited] [DVD]		0120HSBE9IQ	B01JI0T698	99.27	1	2026-01-20 01:10:21 PST		y	1			11				B01JI0T698						B01JI0T698			0	DEFAULT	Migrated Template	Active
Makita ML106 12V Max CXT Lithium-Ion Cordless Adjustable Beam L.E.D. Flashlight, Only		0120HS96RKE	B01KUSOBQA	90.32	1	2026-01-20 01:10:21 PST		y	1			11				B01KUSOBQA						B01KUSOBQA			0	DEFAULT	Migrated Template	Active
Makita TD022DSHXW Pen Impact Driver TD022 (7.2V) White, 25 Nm Torque, 2 x 1.5 Ah Batteries, Charger Included		0227H2AHA6U	B01KYQV9U4	244.51	1	2026-02-26 19:40:56 PST		y	1			11				B01KYQV9U4						B01KYQV9U4			0	DEFAULT	Migrated Template	Active
DAIWA Area Trout Rod Iprimi 60XUL-4 Fishing Rod		0303HGTMLUM	B01KYU2JLS	161.28	1	2026-03-02 18:51:29 PST		y	1			11				B01KYU2JLS						B01KYU2JLS			0	DEFAULT	Migrated Template	Active
Chaplin Short Stories 2 Short Films of Chaplin 2 [Blu-ray] [Blu-ray]		0129HM7XSEJ	B01LB9D5A0	64.27	1	2026-01-28 16:24:46 PST		y	1			11				B01LB9D5A0						B01LB9D5A0			0	DEFAULT	Migrated Template	Active
Crusher Joe Blu-ray Box [Blu-ray]		0129HM6B16H	B01LC8EF04	190.42	1	2026-01-28 16:24:46 PST		y	1			11				B01LC8EF04						B01LC8EF04			0	DEFAULT	Migrated Template	Active
St -L- [Audio CD] PAY MONEY TO MY PAIN		0120HSCMS94	B01LTHKZAC	240.28	1	2026-01-20 01:10:21 PST		y	1			11				B01LTHKZAC						B01LTHKZAC			0	DEFAULT	Migrated Template	Active
FLCL Blu-ray BOX [Blu-ray]		0129HM88ACZ	B01LTHMZGY	117.45	1	2026-01-28 16:24:46 PST		y	1			11				B01LTHMZGY						B01LTHMZGY			0	DEFAULT	Migrated Template	Active
Legacy (Shm) [Audio CD] BOWIE,DAVID		0129HM3P11I	B01LXOHK7F	63.14	1	2026-01-28 16:24:46 PST		y	1			11				B01LXOHK7F						B01LXOHK7F			0	DEFAULT	Migrated Template	Active
Suzumiya Haruhi no Taisei - Super Blu-ray BOX - (English Subtitles) [Limited Release] [Blu-ray]		0120HRRB75C	B01LY3A18I	246.17	1	2026-01-20 01:10:21 PST		y	1			11				B01LY3A18I						B01LY3A18I			0	DEFAULT	Migrated Template	Active
STROLL AND ROLL BAND 2016.07.22 at Zepp Tokyo "STROLL AND ROLL TOUR" [DVD] [DVD]		1224FGJO4PJ	B01LZIRTYW	100.52	1	2025-12-23 17:14:44 PST		y	1			11				B01LZIRTYW						B01LZIRTYW			0	DEFAULT	Venesplo_2601	Active
Kinto Stainless Unitea One Touch Teapot 720 Milliliter (24.35 Fl. Oz.) - Heat-resistant Glass Teapot with Stainless Steel Strainer in Lid (Japan Import)		1224FGI6G3I	B01M09PT88	66.66	1	2025-12-23 17:14:44 PST		y	1			11				B01M09PT88						B01M09PT88			0	DEFAULT	Venesplo_2601	Active
Kinto ONE TOUCH Teapot 460ml		0129HM8ADPY	B01M1URK12	64.39	1	2026-01-28 16:24:46 PST		y	1			11				B01M1URK12						B01M1URK12			0	DEFAULT	Migrated Template	Active
ザ・ビートルズ EIGHT DAYS A WEEK -The Touring Years Blu-ray コレクターズ・エディション(初回限定生産) [Blu-ray]		0129HM3NHLC	B01M6YW8VB	126.06	1	2026-01-28 16:24:46 PST		y	1			11				B01M6YW8VB						B01M6YW8VB			0	DEFAULT	Migrated Template	Active
Oishinbo Blu-ray Box 2 [Blu-ray]		0129HM6ZSRW	B01MDLFC27	420.04	1	2026-01-28 16:24:46 PST		y	1			11				B01MDLFC27						B01MDLFC27			0	DEFAULT	Migrated Template	Active
Flip Flappers (Original Soundtrack) Welcome To Pure Illusion [Audio CD] To-Mas		0129HM7FZLN	B01MDMAQEL	69.28	1	2026-01-28 16:24:46 PST		y	1			11				B01MDMAQEL						B01MDMAQEL			0	DEFAULT	Migrated Template	Active
Copic Wallet Storage Boxes, Bags & Tubes, 72 Count		0129HM6740R	B01MG3C1D1	96.27	1	2026-01-28 16:24:46 PST		y	1			11				B01MG3C1D1						B01MG3C1D1			0	DEFAULT	Migrated Template	Active
BD – Box "Hyperdimension Neptunia Re; Birth" and Box... [Limited Production] [Blu-ray] [Blu-ray]		0129HM8CCC6	B01MQR0PE8	430.46	1	2026-01-28 16:24:46 PST		y	1			11				B01MQR0PE8						B01MQR0PE8			0	DEFAULT	Migrated Template	Active
Daiwa Clearstream X 54 Hard Tone Mountain Stream Rod, Fishing Rod		0303HGVCZRF	B01MSJNJVD	144.26	1	2026-03-02 18:51:29 PST		y	1			11				B01MSJNJVD						B01MSJNJVD			0	DEFAULT	Migrated Template	Active
TV anime "Miss Kobayashi's Maidagon" Original soundtrack "Mr. Kobayashi's Ishkan Music" [Audio CD] 伊藤真澄		0129HM94K00	B01MT8GPRV	61.58	1	2026-01-28 16:24:46 PST		y	1			11				B01MT8GPRV						B01MT8GPRV			0	DEFAULT	Migrated Template	Active
Daiwa Clearstream X 64 Hard Tone Mountain Stream Rod, Fishing Rod		0303HH1G1H8	B01MTL4V3R	149.37	1	2026-03-02 18:51:29 PST		y	1			11				B01MTL4V3R						B01MTL4V3R			0	DEFAULT	Migrated Template	Active
Senki Zessho Symphogear Blu-ray Box [First Limited Edition] [Blu-ray]		0227H2JX4FV	B01MYAS965	176.54	1	2026-02-26 19:40:56 PST		y	1			11				B01MYAS965						B01MYAS965			0	DEFAULT	Migrated Template	Active
Farewell Tour (Live) (2016 Remaster) [Audio CD] DOOBIE BROTHERS		0129HM480F3	B01MYE5BXH	61.38	1	2026-01-28 16:24:46 PST		y	1			11				B01MYE5BXH						B01MYE5BXH			0	DEFAULT	Migrated Template	Active
KONOSUBA. 2 1 ND Roll Limited Edition [Blu-ray] [Blu-ray]		0129HM8TE6H	B01N1TV14I	78.36	1	2026-01-28 16:24:46 PST		y	1			11				B01N1TV14I						B01N1TV14I			0	DEFAULT	Migrated Template	Active
Ibanez Bass Workshop Strap BWS90, Black		1224FGLJ2FZ	B01N35FPYC	59.97	1	2025-12-23 17:14:44 PST		y	1			11				B01N35FPYC						B01N35FPYC			0	DEFAULT	Venesplo_2601	Active
Daiwa Kogei Mountain Stream X Hard 42 Fishing Rod		0303HGZ7ZD8	B01N8PS75N	148.21	1	2026-03-02 18:51:29 PST		y	1			11				B01N8PS75N						B01N8PS75N			0	DEFAULT	Migrated Template	Active
PIRASTRO OLIV Olive Violin String Set (E Wire Ball End)		0303HH14TBF	B01NA0938A	339.83	1	2026-03-02 18:51:29 PST		y	1			11				B01NA0938A						B01NA0938A			0	DEFAULT	Migrated Template	Active
VESSEL 1/4"sq (6.35mm) Non-Slip handle Wood-Compo Ratchet Handle HRH2W (1/4"sq Ratchet Handle)		0120HS5JTTZ	B01NAIOM3R	65.9	1	2026-01-20 01:10:21 PST		y	1			11				B01NAIOM3R						B01NAIOM3R			0	DEFAULT	Migrated Template	Active
"Knights of Sidonia" "Knights of Sidonia Dai Kyu Wakusei Seneki" Blu-ray Box [Blu-ray]		0129HM7UQMZ	B06X9GWP6H	256.27	1	2026-01-28 16:24:46 PST		y	1			11				B06X9GWP6H						B06X9GWP6H			0	DEFAULT	Migrated Template	Active
Ibanez Powerpad IUBC541 Concert Ukulele Gig Bag - Navy Blue		0129HM7KVYN	B06XB1RGBJ	65.84	1	2026-01-28 16:24:46 PST		y	1			11				B06XB1RGBJ						B06XB1RGBJ			0	DEFAULT	Migrated Template	Active
Ibanez IUBC541BE POWERPAD Concert Ukulele Gig Bag, Beige		0129HM8HILX	B06XB1T9ZQ	73.86	1	2026-01-28 16:24:46 PST		y	1			11				B06XB1T9ZQ						B06XB1T9ZQ			0	DEFAULT	Migrated Template	Active
- Hikawa Special Concert 2016 Kiyoshi time this evening Vol.16 ~ Christmas is over [DVD] [DVD]		0120HSK2T4R	B06XCPN2DX	82.89	1	2026-01-20 01:52:46 PST		y	1			11				B06XCPN2DX						B06XCPN2DX			0	DEFAULT	Migrated Template	Active
Ibanez PF12MHCE PF Acoustic/Electric Guitar, Open Pore Natural		0129HM638E9	B06XP2WCXH	348.68	1	2026-01-28 16:24:46 PST		y	1			11				B06XP2WCXH						B06XP2WCXH			0	DEFAULT	Migrated Template	Active
DAIWA 3-360 Liberty Club Kosugi Fishing Rod		0303HH18LJ3	B06Y4ZX8TG	148.02	1	2026-03-02 18:51:29 PST		y	1			11				B06Y4ZX8TG						B06Y4ZX8TG			0	DEFAULT	Migrated Template	Active
Daiwa 2-360 Liberty Club Kosugi Iso Rod		0303HGZUUZE	B06Y5BGR8C	142.6	1	2026-03-02 18:51:29 PST		y	1			11				B06Y5BGR8C						B06Y5BGR8C			0	DEFAULT	Migrated Template	Active
DAIWA 3-300 Liberty Club Kosugi Fishing Rod		0303HH1WY2D	B06Y5DCTZD	141.74	1	2026-03-02 18:51:29 PST		y	1			11				B06Y5DCTZD						B06Y5DCTZD			0	DEFAULT	Migrated Template	Active
Do You Have What The End? Are You Busy? Shall You Save Xxx? O.S.T. [Audio CD] DO YOU HAVE WHAT THE END? ARE YOU BUSY? SHALL YOU SAVE XXX? O.S.T.		0120HS9E9EW	B06Y5SY754	62.31	1	2026-01-20 01:10:21 PST		y	1			11				B06Y5SY754						B06Y5SY754			0	DEFAULT	Migrated Template	Active
2 [Audio CD] 西村ケント [Kent Nishimura]		0129HM7ZFEV	B0711PW214	58.26	1	2026-01-28 16:24:46 PST		y	1			11				B0711PW214						B0711PW214			0	DEFAULT	Migrated Template	Active
"KanColle theatrical version" Blu-ray limited edition JAPANESE EDITION [Blu-ray]		0129HM7GWE7	B0714JXRRJ	67.39	1	2026-01-28 16:24:46 PST		y	1			11				B0714JXRRJ						B0714JXRRJ			0	DEFAULT	Migrated Template	Active
Crying End Roll[初回限定盤] [Audio CD] Indigo la End		0129HM86SPQ	B071F7BN5J	64.88	1	2026-01-28 16:24:46 PST		y	1			11				B071F7BN5J						B071F7BN5J			0	DEFAULT	Migrated Template	Active
Saiyuki RELOAD BLAST Volume 1 [Blu-ray] JAPANESE EDITION [Blu-ray]		0120HS72A7W	B071FR8T96	141.12	1	2026-01-20 01:10:21 PST		y	1			11				B071FR8T96						B071FR8T96			0	DEFAULT	Migrated Template	Active
Uta No Best-Anime Housou 10 Shuunen Kinen Ban- [Audio CD] LUCKY STAR		0129HM5J29F	B071HNPG8D	96.81	1	2026-01-28 16:24:46 PST		y	1			11				B071HNPG8D						B071HNPG8D			0	DEFAULT	Migrated Template	Active
Get Off Your Ass [Audio CD] AUTOGRAPH		0129HM3N5EW	B071XHWSHB	57.52	1	2026-01-28 16:24:46 PST		y	1			11				B071XHWSHB						B071XHWSHB			0	DEFAULT	Migrated Template	Active
JUNHO (From 2PM) Solo Tour 2016 “HYPER" [DVD] [DVD]		0131HVLUWAP	B072592QSJ	80.41	1	2026-01-31 03:56:41 PST		y	1			11				B072592QSJ						B072592QSJ			0	DEFAULT	Migrated Template	Active
Appli Game[Idolish7]Trigger 1St Full Album [Audio CD] TRIGGER		0120HSK9M9G	B07289G4MT	78.67	1	2026-01-20 01:52:46 PST		y	1			11				B07289G4MT						B07289G4MT			0	DEFAULT	Migrated Template	Active
King Kong (1976) [Blu-ray] [Blu-ray]		0129HM6C1I3	B072JC2F5P	76.13	1	2026-01-28 16:24:46 PST		y	1			11				B072JC2F5P						B072JC2F5P			0	DEFAULT	Migrated Template	Active
DECAYS LIVE TOUR 2016-2017 Baby who wanders Live at Akasaka BLITZ【完全生産限定盤】 [DVD] [DVD]		0129HM8808E	B072PQFS2Y	63.06	1	2026-01-28 16:24:46 PST		y	1			11				B072PQFS2Y						B072PQFS2Y			0	DEFAULT	Migrated Template	Active
Made in Abyss Blu-ray BOX second volume JAPANESE EDITION [Blu-ray]		0129HM57FVK	B073QTCWNP	190.78	1	2026-01-28 16:24:46 PST		y	1			11				B073QTCWNP						B073QTCWNP			0	DEFAULT	Migrated Template	Active
Made in Abyss Blu-ray BOX first volume JAPANESE EDITION [Blu-ray]		0129HM9979L	B073QVHQ4D	191.72	1	2026-01-28 16:24:46 PST		y	1			11				B073QVHQ4D						B073QVHQ4D			0	DEFAULT	Migrated Template	Active
Richell for Mugs Straw Set S-4		0131HVNE7WU	B073S4XSRY	52.02	1	2026-01-31 03:56:41 PST		y	1			11				B073S4XSRY						B073S4XSRY			0	DEFAULT	Migrated Template	Active
Fateless [Audio CD] COLDRAIN		0129HM5I8MV	B0748J3P8G	55.71	1	2026-01-28 16:24:46 PST		y	1			11				B0748J3P8G						B0748J3P8G			0	DEFAULT	Migrated Template	Active
Baka and Test – Summon the Beasts Complete Blu-ray Box [Blu-ray]		0227H2EY6A4	B0748KLQBK	328.85	1	2026-02-26 19:40:56 PST		y	1			11				B0748KLQBK						B0748KLQBK			0	DEFAULT	Migrated Template	Active
Fate/kaleid liner purizuma ☆ tuヴxai Iriya. & Hertz. Blu-ray Box [Blu-ray]		0227H2D5DBI	B0753DNDCY	282.8	1	2026-02-26 19:40:56 PST		y	1			11				B0753DNDCY						B0753DNDCY			0	DEFAULT	Migrated Template	Active
KINTO 20933 Travel Tumbler, 11.8 fl oz (350 ml), Red, Double Wall Vacuum Construction, Heat and Cold Retention		1218FX88N50	B075LN813Z	71.21	1	2025-12-17 16:39:18 PST		y	1			11				B075LN813Z						B075LN813Z			0	DEFAULT	Venesplo_2601	Active
KINTO 20932 Travel Tumbler, 11.8 fl oz (350 ml), White, Double Wall Vacuum Construction, Heat and Cold Retention		0129HM6AKIC	B075LP811R	71.21	1	2026-01-28 16:24:46 PST		y	1			11				B075LP811R						B075LP811R			0	DEFAULT	Migrated Template	Active
Panduit SGABM30-AT-C0 Super-Grip Adhesive Backed Cable Tie Mount, Pre-Installed Adhesive, Outdoor/High Temp, Weather Resistant Nylon 6.6, Acrylic Adhesive Mounting Method, Black (Pack of 100)		0120HSN4A9Z	B075NLY1P5	84.92	1	2026-01-20 01:52:46 PST		y	1			11				B075NLY1P5						B075NLY1P5			0	DEFAULT	Migrated Template	Active
Live In Yokohama [DVD]		0129HM6740K	B075RGKCVK	86.24	1	2026-01-28 16:24:46 PST		y	1			11				B075RGKCVK						B075RGKCVK			0	DEFAULT	Migrated Template	Active
Senri Kawaguchi Triangle: Live in Yokohama 2017 [Blu-ray]		0129HM7U5UU	B075RGYTMP	80.99	1	2026-01-28 16:24:46 PST		y	1			11				B075RGYTMP						B075RGYTMP			0	DEFAULT	Migrated Template	Active
イエロー&グリーン [Audio CD] ロン・カーター and CTI 50th Anniversary Special Collection		0129HM3OFHM	B075RNBGS9	61.83	1	2026-01-28 16:24:46 PST		y	1			11				B075RNBGS9						B075RNBGS9			0	DEFAULT	Migrated Template	Active
Panduit PLT8LH-L Pan-Ty Locking Tie, Light-Heavy, 27.6-Inch Length, Nylon 6.6, Natural (50-Pack)		0120HSGQIFM	B075SCQD91	146.95	1	2026-01-20 01:52:46 PST		y	1			11				B075SCQD91						B075SCQD91			0	DEFAULT	Migrated Template	Active
Panduit PLT2H-L Pan-Ty Locking Tie, Light-Heavy, 8.1-Inch Length, Nylon 6.6, Natural (50-Pack)		0120HSMWHLG	B075SGPPS9	79.42	1	2026-01-20 01:52:46 PST		y	1			11				B075SGPPS9						B075SGPPS9			0	DEFAULT	Migrated Template	Active
Panduit TM3S25-C0 Cable Tie Mount, .62-Inch, 1/4 Screw, Weather Resistant, Nylon, Black (100-Pack)		0120HSU2GH3	B075SGWM92	74.24	1	2026-01-20 01:52:46 PST		y	1			11				B075SGWM92						B075SGWM92			0	DEFAULT	Migrated Template	Active
Panduit PLT2.5S-M30 Pan-Ty Locking Tie, Standard, 9.8-Inch Length, Heat Stabilized Nylon 6.6, Black (1,000-Pack)		0120HS9EQS9	B075SH38PZ	309.97	1	2026-01-20 01:10:21 PST		y	1			11				B075SH38PZ						B075SH38PZ			0	DEFAULT	Migrated Template	Active
Panduit PLT10LH-L Pan-Ty Locking Tie, Light-Heavy, 34.3-Inch Length, Nylon 6.6, Natural (50-Pack)		0120HSG3M28	B075SKGYNL	168.2	1	2026-01-20 01:52:46 PST		y	1			11				B075SKGYNL						B075SKGYNL			0	DEFAULT	Migrated Template	Active
Victory [Audio CD] WISIN		0131HVPKF4I	B075TCV2SP	72.37	1	2026-01-31 03:56:41 PST		y	1			11				B075TCV2SP						B075TCV2SP			0	DEFAULT	Migrated Template	Active
Daiwa CN-901HP3 Professional Series Cross Needle SWR and Power Meter 1.8-200 MHz 3kW HF/VHF Bench Meter for Amateur Device Antenna Testing and Transmitter Tuning		0129HM9MRM1	B0761X2S2T	342.15	1	2026-01-28 16:24:46 PST		y	1			11				B0761X2S2T						B0761X2S2T			0	DEFAULT	Migrated Template	Active
Konohana Kitan (Original Soundtrack) [Audio CD] KIKUCHI HAJIME		0129HM3OLOY	B076D33JPC	63.79	1	2026-01-28 16:24:46 PST		y	1			11				B076D33JPC						B076D33JPC			0	DEFAULT	Migrated Template	Active
Fafner of the Azure EXODUS Blu-ray Box [First Limited Edition] [Blu-ray]		0227H24DIT4	B077BC988H	416.58	1	2026-02-26 19:40:56 PST		y	1			11				B077BC988H						B077BC988H			0	DEFAULT	Migrated Template	Active
Hatsune Miku Vocaloid Symphony Orchestra Live Blu-ray [Blu-ray]		0129HM7UQN3	B077HVL2MY	91.12	1	2026-01-28 16:24:46 PST		y	1			11				B077HVL2MY						B077HVL2MY			0	DEFAULT	Migrated Template	Active
Hatsune Miku Symphony Miku Symphony 2017 Orchestra Live Cd [Audio CD] VARIOUS ARTISTS		0129HM3OFI4	B077J12R9R	65.92	1	2026-01-28 16:24:46 PST		y	1			11				B077J12R9R						B077J12R9R			0	DEFAULT	Migrated Template	Active
Movie "No Game No Life Zero" Limited Edition (Event Ticket Priority Sales Ticket) [Blu-ray] JAPANESE EDITION [Blu-ray]		0129HM68U13	B077NZ4DXZ	121.21	1	2026-01-28 16:24:46 PST		y	1			11				B077NZ4DXZ						B077NZ4DXZ			0	DEFAULT	Migrated Template	Active
KINTO 20944 Travel Tumbler, 16.9 fl oz (500 ml), Khaki, Double Wall Vacuum Construction, Heat and Cold Retention		0129HM5SD4C	B077THG2R5	72.02	1	2026-01-28 16:24:46 PST		y	1			11				B077THG2R5						B077THG2R5			0	DEFAULT	Migrated Template	Active
KINTO 20942 Travel Tumbler, 16.9 fl oz (500 ml), White, Double Wall Vacuum Construction, Heat and Cold Retention		1218FX8P1C0	B077THGTGD	72.39	1	2025-12-17 16:39:18 PST		y	1			11				B077THGTGD						B077THGTGD			0	DEFAULT	Venesplo_2601	Active
Kinto 20941 Travel Tumbler, 16.9 fl oz (500 ml), Stainless Steel, Vacuum Double Wall Construction, Heat and Cold Retention		1218FX6QT9X	B077TKYGTN	73.49	1	2025-12-17 16:39:18 PST		y	1			11				B077TKYGTN						B077TKYGTN			0	DEFAULT	Venesplo_2601	Active
野中貿易(Nonaka Boeki) ando reed knife right hand		0227H24IFJQ	B0784TBVC6	199.17	1	2026-02-26 19:40:56 PST		y	1			11				B0784TBVC6						B0784TBVC6			0	DEFAULT	Migrated Template	Active
Magical Girl Lyrical Nanoha Reflection [Regular Edition] [Blu-ray]		0129HM5XNGO	B0788XWKJD	89.75	1	2026-01-28 16:24:46 PST		y	1			11				B0788XWKJD						B0788XWKJD			0	DEFAULT	Migrated Template	Active
魔法少女リリカルなのは Reflection(超特装版) [Blu-ray] [Blu-ray]		0129HM5E7JE	B07895XFDR	125.94	1	2026-01-28 16:24:46 PST		y	1			11				B07895XFDR						B07895XFDR			0	DEFAULT	Migrated Template	Active
Stage "Bungo Stray Dogs" [Blu-ray] JAPANESE EDITION [Blu-ray]		0129HM6BMKL	B078GQPL82	121.72	1	2026-01-28 16:24:46 PST		y	1			11				B078GQPL82						B078GQPL82			0	DEFAULT	Migrated Template	Active
Thunderbolt Fantasy 生死一劍(完全生産限定版) [DVD] [DVD]		0120HSD8BSM	B078SSZLQX	91.89	1	2026-01-20 01:10:21 PST		y	1			11				B078SSZLQX						B078SSZLQX			0	DEFAULT	Migrated Template	Active
Steins;Gate Complete Blu-ray Box, Standard Edition [Blu-ray]		0129HM60O5V	B079FGT23J	192.24	1	2026-01-28 16:24:46 PST		y	1			11				B079FGT23J						B079FGT23J			0	DEFAULT	Migrated Template	Active
Dragon Ball Super Vol.2 Ost [Audio CD] SUMITOMO NORIHITO		0129HM5XNH4	B079JGGX25	64.95	1	2026-01-28 16:24:46 PST		y	1			11				B079JGGX25						B079JGGX25			0	DEFAULT	Migrated Template	Active
Oga Grain Moisture Meter - Large LCD Display - Stainless Steel - Neutral Color - Counter Scale - Kilograms - Moisture Meter		0303HGZOT91	B079NSHWV8	282.39	1	2026-03-02 18:51:29 PST		y	1			11				B079NSHWV8						B079NSHWV8			0	DEFAULT	Migrated Template	Active
LEGO Education 45020 LEGO Basic Block Set		0227H2HEP6P	B079Q5Z79Y	221.74	1	2026-02-26 19:40:56 PST		y	1			11				B079Q5Z79Y						B079Q5Z79Y			0	DEFAULT	Migrated Template	Active
SCUD Epiphon Type Tailpiece Guitar Parts (TP-EPHGS)		0303HH1705N	B079W1QLZW	158.89	1	2026-03-02 18:51:29 PST		y	1			11				B079W1QLZW						B079W1QLZW			0	DEFAULT	Migrated Template	Active
SERVAMP - Servamp - Theatrical Release Commemorative Event DVD [DVD]		0129HM5O79G	B07BF9XQZ6	79.48	1	2026-01-28 16:24:46 PST		y	1			11				B07BF9XQZ6						B07BF9XQZ6			0	DEFAULT	Migrated Template	Active
24K Magic (Deluxe Edition/Bonus Track/Live At The Apollo Blu Ray) [Audio CD] MARS,BRUNO		0129HM7DTE6	B07BFH8RYQ	67.39	1	2026-01-28 16:24:46 PST		y	1			11				B07BFH8RYQ						B07BFH8RYQ			0	DEFAULT	Migrated Template	Active
Lightning Strikes [Vinyl] LOUDNESS		0129HM3NIVD	B07BL7GFT1	115.52	1	2026-01-28 16:24:46 PST		y	1			11				B07BL7GFT1						B07BL7GFT1			0	DEFAULT	Migrated Template	Active
Hurricane Eyes [Vinyl] LOUDNESS		0129HM771GR	B07BL88GP3	78.73	1	2026-01-28 16:24:46 PST		y	1			11				B07BL88GP3						B07BL88GP3			0	DEFAULT	Migrated Template	Active
Nichiban 184-50AZ30P Curing Tape Film Cloth Tape, 30 Rolls, 2.0 inches (50 mm) x 9.8 ft (25 m), Green		0227H2AHADU	B07BVLP6RB	219.32	1	2026-02-26 19:40:56 PST		y	1			11				B07BVLP6RB						B07BVLP6RB			0	DEFAULT	Migrated Template	Active
TVアニメ『フルメタル・パニック！Invisible Victory』オリジナル・サウンドトラック [Blu-ray]		0120HSC8DZ8	B07BZBD1SB	65.82	1	2026-01-20 01:10:21 PST		y	1			11				B07BZBD1SB						B07BZBD1SB			0	DEFAULT	Migrated Template	Active
Ibanez Powerpad IUBT2542 Double Tenor Ukulele Gig Bag - Navy Blue		0129HM5WVA7	B07C21N477	215.18	1	2026-01-28 16:24:46 PST		y	1			11				B07C21N477						B07C21N477			0	DEFAULT	Migrated Template	Active
Full Metal Panic! Invisible Victory (IV) Box 2 Blu-ray [Blu-ray]		0129HM7AVO9	B07C9G7296	144.81	1	2026-01-28 16:24:46 PST		y	1			11				B07C9G7296						B07C9G7296			0	DEFAULT	Migrated Template	Active
Ibanez List Of Ibanez Products Soprano Size Ukulele Phone Case Protective Cushion Equipment Both Shoulder Straps iubs542 – Be Beige		0129HM7Y8RW	B07CBVMB1K	72.4	1	2026-01-28 16:24:46 PST		y	1			11				B07CBVMB1K						B07CBVMB1K			0	DEFAULT	Migrated Template	Active
The idolm @ ster Cinderella Girls 5thlive Tour Serendipity Parade .@ Fukuoka [Blu-ray] [Blu-ray]		0120HSF70A4	B07CGSCQ4V	97.7	1	2026-01-20 01:52:46 PST		y	1			11				B07CGSCQ4V						B07CGSCQ4V			0	DEFAULT	Migrated Template	Active
映画「咲-Saki-阿知賀編 episode of side-A」 通常版 Blu-ray [Blu-ray]		0120HRXU8HL	B07CP61HXR	86.43	1	2026-01-20 01:10:21 PST		y	1			11				B07CP61HXR						B07CP61HXR			0	DEFAULT	Migrated Template	Active
Mazinger Z / INFINITY Normal Edition [Blu-ray] [Blu-ray]		0129HM8K0A2	B07CPWMT9M	85.25	1	2026-01-28 16:24:46 PST		y	1			11				B07CPWMT9M						B07CPWMT9M			0	DEFAULT	Migrated Template	Active
Welcome To The Blackout: Live London 78 [Audio CD] BOWIE,DAVID		0129HM61L8O	B07D512DJ5	59.75	1	2026-01-28 16:24:46 PST		y	1			11				B07D512DJ5						B07D512DJ5			0	DEFAULT	Migrated Template	Active
NSK Deep Groove Ball Bearing Open Type Radial Ball Bearing 6028		0227H2ERYD8	B07DHQXLJ2	247.17	1	2026-02-26 19:40:56 PST		y	1			11				B07DHQXLJ2						B07DHQXLJ2			0	DEFAULT	Migrated Template	Active
NSK Deep Groove Ball Bearing Open Type Radial Ball Bearing 6030		0227H2AMSDD	B07DHQXPP4	303.65	1	2026-02-26 19:40:56 PST		y	1			11				B07DHQXPP4						B07DHQXPP4			0	DEFAULT	Migrated Template	Active
Gekijou Ban The Seven Deadly Sins Tenkuu No Torawarebito (OriginalSoundtrack) [Audio CD] GEKIJOU BAN THE SEVEN DEADLY SNKUU NO TORAWAREBITO ORIGINAL (LIMITED)		0120HSM383K	B07DKMRM82	66.12	1	2026-01-20 01:52:46 PST		y	1			11				B07DKMRM82						B07DKMRM82			0	DEFAULT	Migrated Template	Active
Blade Strangers - PS4 [video game]		0131HVNF06S	B07DP2F8JL	83.07	1	2026-01-31 03:56:41 PST		y	1			11				B07DP2F8JL						B07DP2F8JL			0	DEFAULT	Migrated Template	Active
Afternoon In Paris [Vinyl] LEWIS,JOHN & SACHA DISTEL		0129HM7ZFF5	B07DV5NSPP	81.76	1	2026-01-28 16:24:46 PST		y	1			11				B07DV5NSPP						B07DV5NSPP			0	DEFAULT	Migrated Template	Active
シンフォギアライブ 2018 [Blu-ray] [Blu-ray]		0129HM48OK1	B07DV8WTD4	100.62	1	2026-01-28 16:24:46 PST		y	1			11				B07DV8WTD4						B07DV8WTD4			0	DEFAULT	Migrated Template	Active
Big Band Special: Karei Naru Big Band [Audio CD] KENICHI TSUNODA BIG		0129HM79IU4	B07DV93H3D	62.73	1	2026-01-28 16:24:46 PST		y	1			11				B07DV93H3D						B07DV93H3D			0	DEFAULT	Migrated Template	Active
Mellow Waves [Vinyl] CORNELIUS		0129HM7NEVF	B07DV9LWH1	71.21	1	2026-01-28 16:24:46 PST		y	1			11				B07DV9LWH1						B07DV9LWH1			0	DEFAULT	Migrated Template	Active
HARUKAZE Nora to Oujo to Noraneko Heart SONY PS4 PLAYSTATION 4 JAPANESE VERSION [video game]		0227H2JW9I2	B07F74DB4W	168.3	1	2026-02-26 19:40:56 PST		y	1			11				B07F74DB4W						B07F74DB4W			0	DEFAULT	Migrated Template	Active
Sumikko Gurashi Atsumare! Sumikkotown - Switch Japanese Ver. [video game]		1224FGMSJYR	B07F9Q9BGX	66.86	1	2025-12-23 17:14:44 PST		y	1			11				B07F9Q9BGX						B07F9Q9BGX			0	DEFAULT	Venesplo_2601	Active
happi-syuga-raihu Vol. 1 [Blu-ray] (Special Event Day Part priority Precedent Services Interested with Certificate) [Blu-ray]		0129HM70MRE	B07FDCQVT6	118.68	1	2026-01-28 16:24:46 PST		y	1			11				B07FDCQVT6						B07FDCQVT6			0	DEFAULT	Migrated Template	Active
Tchaikovsky: The Nutcraker [Audio CD] PREVIN,ANDRE		1218FX8E18H	B07FGCX1MT	77.46	1	2025-12-17 16:39:18 PST		y	1			11				B07FGCX1MT						B07FGCX1MT			0	DEFAULT	Venesplo_2601	Active
Ibanez DCS50-NB Designer Collection Strap - Navy Blue		0129HM3NBTV	B07FLLYRNB	50.57	1	2026-01-28 16:24:46 PST		y	1			11				B07FLLYRNB						B07FLLYRNB			0	DEFAULT	Migrated Template	Active
anjei・waida 's Resistance Trilogy Owner Blu-ray Box [Blu-ray]		0227H2B203Y	B07FP83ZW8	160.17	1	2026-02-26 19:40:56 PST		y	1			11				B07FP83ZW8						B07FP83ZW8			0	DEFAULT	Migrated Template	Active
Unheavenly Creatures [Audio CD] COHEED & CAMBRIA		1224FGM54LC	B07FQ326R3	53.65	1	2025-12-23 17:14:44 PST		y	1			11				B07FQ326R3						B07FQ326R3			0	DEFAULT	Venesplo_2601	Active
Schumann & Grieg: Piano Concertos [Audio CD] LIPATTI,DINU		0120HSCJ9ZE	B07FQCQT66	73.97	1	2026-01-20 01:10:21 PST		y	1			11				B07FQCQT66						B07FQCQT66			0	DEFAULT	Migrated Template	Active
Unlock [Audio CD] DAY6		0129HM6R8XV	B07G5FCR2F	58.01	1	2026-01-28 16:24:46 PST		y	1			11				B07G5FCR2F						B07G5FCR2F			0	DEFAULT	Migrated Template	Active
DAIWA LT5000D-CXH Spinning Reel 18 Legalis (2018 Model), Black		0303HGV1B1V	B07GC99NWY	267.11	1	2026-03-02 18:51:29 PST		y	1			11				B07GC99NWY						B07GC99NWY			0	DEFAULT	Migrated Template	Active
Coltrane Jazz [Vinyl] COLTRANE,JOHN		0120HSORWLV	B07GRV89TT	81.76	1	2026-01-20 01:52:46 PST		y	1			11				B07GRV89TT						B07GRV89TT			0	DEFAULT	Migrated Template	Active
Prinzessin Tutu Zenkyoku Shuu - Volle Musiksammlung - Limited (Original Soundtrack) [Audio CD] PRINCESS TUTU		0129HMAT8I2	B07GWSQJJD	96.55	1	2026-01-28 16:24:46 PST		y	1			11				B07GWSQJJD						B07GWSQJJD			0	DEFAULT	Migrated Template	Active
Ibanez Gio GSR105EX-MOL Mahogany Oil - 5-String Electric Bass		0129HM480FE	B07H3YBY2S	374.96	1	2026-01-28 16:24:46 PST		y	1			11				B07H3YBY2S						B07H3YBY2S			0	DEFAULT	Migrated Template	Active
Daiwa LT4000-CXH Spinning Reel 18 Blast (2018 Model)		0303HGZWOFJ	B07H9KQPB6	262.51	1	2026-03-02 18:51:29 PST		y	1			11				B07H9KQPB6						B07H9KQPB6			0	DEFAULT	Migrated Template	Active
Daiwa LT5000D-CXH Spinning Reel 18 Blast (2018 Model)		0303HH1JD8M	B07H9LDWNV	256.45	1	2026-03-02 18:51:29 PST		y	1			11				B07H9LDWNV						B07H9LDWNV			0	DEFAULT	Migrated Template	Active
Daiwa LT6000D-H Spinning Reel 18 Blast (2018 Model)		0303HGWB8DZ	B07H9LYZPQ	340.32	1	2026-03-02 18:51:29 PST		y	1			11				B07H9LYZPQ						B07H9LYZPQ			0	DEFAULT	Migrated Template	Active
Daiwa LT4000-CH 18 Blast Spinning Reel (2018 Model)		0303HGZVAEO	B07H9MS64S	258.75	1	2026-03-02 18:51:29 PST		y	1			11				B07H9MS64S						B07H9MS64S			0	DEFAULT	Migrated Template	Active
I like my sister but not my sister Vol.1 [Blu-ray] JAPANESE EDITION [Blu-ray]		0129HM8OJKK	B07HPYKGP3	85.81	1	2026-01-28 16:24:46 PST		y	1			11				B07HPYKGP3						B07HPYKGP3			0	DEFAULT	Migrated Template	Active
Bloom into You (1) DVD (Comes with Priority Sale Coupon for Event Tickets) (Blu-ray, English Language Not Guaranteed) [Blu-ray]		0120HS95WQJ	B07HZC6JHC	139.1	1	2026-01-20 01:10:21 PST		y	1			11				B07HZC6JHC						B07HZC6JHC			0	DEFAULT	Migrated Template	Active
Tsurune Kazemai Kouuudou Bu Ost [Audio CD] FUUKI,HARUMI		0129HM861MM	B07J5PDL2J	64.09	1	2026-01-28 16:24:46 PST		y	1			11				B07J5PDL2J						B07J5PDL2J			0	DEFAULT	Migrated Template	Active
ZO TP-10BK Plastic Trumpet, Color: Dark Blue (Black Trim)		0303HGVRUMM	B07J9RJMGL	317.56	1	2026-03-02 18:51:29 PST		y	1			11				B07J9RJMGL						B07J9RJMGL			0	DEFAULT	Migrated Template	Active
ZO TP-09 Plastic Trumpet, Color: Silver		0303HGTQG7I	B07JBYDPB5	376.54	1	2026-03-02 18:51:29 PST		y	1			11				B07JBYDPB5						B07JBYDPB5			0	DEFAULT	Migrated Template	Active
From Dusk Till Dawn: Season 3 [DVD]		0129HM7RTMN	B07JG442C4	81.5	1	2026-01-28 16:24:46 PST		y	1			11				B07JG442C4						B07JG442C4			0	DEFAULT	Migrated Template	Active
Senran Kagura Shinovi Master - Tokyo Yoma, Vol. 1 (Blu-ray) [Blu-ray]		0129HM3N1OJ	B07JHHD6FW	94.05	1	2026-01-28 16:24:46 PST		y	1			11				B07JHHD6FW						B07JHHD6FW			0	DEFAULT	Migrated Template	Active
Senran Kagura Shinovi Master - Tokyo Yoma, Vol. 4 (Blu-ray) [Blu-ray]		0129HM6Z13E	B07JJ8LV7D	103.26	1	2026-01-28 16:24:46 PST		y	1			11				B07JJ8LV7D						B07JJ8LV7D			0	DEFAULT	Migrated Template	Active
Senran Kagura Shinovi Master - Tokyo Yoma, Vol. 2 (Blu-ray) [Blu-ray]		0129HM61UTA	B07JJ8LYFT	120.26	1	2026-01-28 16:24:46 PST		y	1			11				B07JJ8LYFT						B07JJ8LYFT			0	DEFAULT	Migrated Template	Active
Senran Kagura Shinovi Master - Tokyo Yoma, Vol. 3 (Blu-ray) [Blu-ray]		0129HM68CEM	B07JJ9B9LW	120.26	1	2026-01-28 16:24:46 PST		y	1			11				B07JJ9B9LW						B07JJ9B9LW			0	DEFAULT	Migrated Template	Active
ZO TP-05BK Plastic Trumpet Color: Black (Black Trim)		0303HGWPO1D	B07JVZT8LX	317.56	1	2026-03-02 18:51:29 PST		y	1			11				B07JVZT8LX						B07JVZT8LX			0	DEFAULT	Migrated Template	Active
ZO TP-11BK Plastic Trumpet, Color: Orange (Black Trim)		0303HGTS0TT	B07JW14YS6	317.56	1	2026-03-02 18:51:29 PST		y	1			11				B07JW14YS6						B07JW14YS6			0	DEFAULT	Migrated Template	Active
Terminator 2 4K Restored Edition [Blu-ray]. [Blu-ray]		0129HM82KR6	B07K281H6K	64.64	1	2026-01-28 16:24:46 PST		y	1			11				B07K281H6K						B07K281H6K			0	DEFAULT	Migrated Template	Active
Date A Live Best Selection (Original Soundtrack) [Audio CD] DATE A LIVE SHUDAIKA BEST		0129HM5JKUS	B07KGZJYBP	58.57	1	2026-01-28 16:24:46 PST		y	1			11				B07KGZJYBP						B07KGZJYBP			0	DEFAULT	Migrated Template	Active
Ikki Tousen Western Wolves DVD [DVD]		0129HM3NIV3	B07KHMDF1J	114.42	1	2026-01-28 16:24:46 PST		y	1			11				B07KHMDF1J						B07KHMDF1J			0	DEFAULT	Migrated Template	Active
Become My Slave Trilogy Blu-ray BOX [Please Become My Slave] + "Please Call My Master" + "Depends on You" Total 3 Discs] JAPANESE EDITION [Blu-ray]		0129HM84G0V	B07KKG6TK4	182.82	1	2026-01-28 16:24:46 PST		y	1			11				B07KKG6TK4						B07KKG6TK4			0	DEFAULT	Migrated Template	Active
Area [Audio CD] DEZOLVE		0129HM7XBRR	B07KLPTW5F	63.82	1	2026-01-28 16:24:46 PST		y	1			11				B07KLPTW5F						B07KLPTW5F			0	DEFAULT	Migrated Template	Active
Vessel (Vessel) Electric bo-rugurippu Screwdriver Bits with 5 Power dorabo-ru 220usb – 5		1218FX85W0D	B07KS26Z67	95.19	1	2025-12-17 16:39:18 PST		y	1			11				B07KS26Z67						B07KS26Z67			0	DEFAULT	Venesplo_2601	Active
Emiya Sanchi's Today's Rice 4 (Limited Edition) [Blu-ray] JAPANESE EDITION [Blu-ray]		0120HSBL9RG	B07KWLJ1L3	77.32	1	2026-01-20 01:10:21 PST		y	1			11				B07KWLJ1L3						B07KWLJ1L3			0	DEFAULT	Migrated Template	Active
Legend Of Zelda Concert 2018 (Limited Edition) (Original Soundtrack) [Audio CD] LEGEND OF ZELDA (LTD)		0129HM62A1V	B07L45D4S5	181.36	1	2026-01-28 16:24:46 PST		y	1			11				B07L45D4S5						B07L45D4S5			0	DEFAULT	Migrated Template	Active
Anime "Space Battleship Yamato 2202: Warriors of Love" Original Soundtrack vol.2 [Audio CD] 宮川彬良		0129HM4Q39Z	B07L8DXJBJ	62.19	1	2026-01-28 16:24:46 PST		y	1			11				B07L8DXJBJ						B07L8DXJBJ			0	DEFAULT	Migrated Template	Active
Lupine The 3rd Lupine VS Duplicating Human [4K ULTRA HD] [Blu-ray] JAPANESE EDITION [Blu-ray]		0129HM5K2JU	B07LCT73DT	97.01	1	2026-01-28 16:24:46 PST		y	1			11				B07LCT73DT						B07LCT73DT			0	DEFAULT	Migrated Template	Active
Symphony Suite "Dragon Quest " Seeking the Passing Time Koichi Sugiyama [Analog] [Vinyl] Koichi Sugiyama		0129HM50ZPS	B07LDFDC1Y	129.89	1	2026-01-28 16:24:46 PST		y	1			11				B07LDFDC1Y						B07LDFDC1Y			0	DEFAULT	Migrated Template	Active
KINTO 20948 Travel Tumbler, 16.9 fl oz (500 ml), Silver, Double Wall Vacuum Construction, Heat and Cold Retention		0129HM7FZLK	B07MTGD78C	73.49	1	2026-01-28 16:24:46 PST		y	1			11				B07MTGD78C						B07MTGD78C			0	DEFAULT	Migrated Template	Active
KINTO 20947 Travel Tumbler, 16.9 fl oz (500 ml), Coyote, Vacuum Double Wall Construction, Heat and Cold Retention		0129HM8EZE8	B07MTH666G	73.49	1	2026-01-28 16:24:46 PST		y	1			11				B07MTH666G						B07MTH666G			0	DEFAULT	Migrated Template	Active
KINTO 20937 Travel Tumbler, 11.8 fl oz (350 ml), Coyote Vacuum Double Layer Construction, Heat and Cold Retention		1218FX8JA65	B07MTH698R	70.51	1	2025-12-17 16:39:18 PST		y	1			11				B07MTH698R						B07MTH698R			0	DEFAULT	Venesplo_2601	Active
Catch the Rainbow! [Normal Edition] [Audio CD] 水瀬いのり		0129HM3OFI2	B07N3NVVBZ	63.5	1	2026-01-28 16:24:46 PST		y	1			11				B07N3NVVBZ						B07N3NVVBZ			0	DEFAULT	Migrated Template	Active
Love Live! Sunshine !! Aqours 4th LoveLive! ~ Sailing to the Sunshine ~ Blu-ray DAY2 JAPANESE EDITION [Blu-ray]		0120HSMM4W2	B07NHJ6BKS	109.88	1	2026-01-20 01:52:46 PST		y	1			11				B07NHJ6BKS						B07NHJ6BKS			0	DEFAULT	Migrated Template	Active
The Complete Bearsville & Warner Brothers Singles [Audio CD] RUNDGREN,TODD		0129HM5VZ95	B07NTGVWL3	64.17	1	2026-01-28 16:24:46 PST		y	1			11				B07NTGVWL3						B07NTGVWL3			0	DEFAULT	Migrated Template	Active
NANA MIZUKI LIVE GRACE -OPUS III-×ISLAND×ISLAND [Blu-ray] JAPANESE EDITION [Blu-ray]		0129HM6SR4D	B07NVFXRD1	116.38	1	2026-01-28 16:24:46 PST		y	1			11				B07NVFXRD1						B07NVFXRD1			0	DEFAULT	Migrated Template	Active
Re:Zero-Starting Life in Another World Memory Snow Limited Edition (Event Ticket Priority Ticket) [Blu-ray] JAPANESE EDITION [Blu-ray]		0129HM8CVGS	B07NZX2GT4	66.33	1	2026-01-28 16:24:46 PST		y	1			11				B07NZX2GT4						B07NZX2GT4			0	DEFAULT	Migrated Template	Active
Chikai No Finaleost [Audio CD] SOUND! EUPHONIUM		0120HSDBMK4	B07PKBB52T	59.24	1	2026-01-20 01:10:21 PST		y	1			11				B07PKBB52T						B07PKBB52T			0	DEFAULT	Migrated Template	Active
The Great Yokai War [3 DVDs with bonus DVD] [Blu-ray] JAPANESE EDITION [Blu-ray]		0129HM8DFUL	B07PM74T34	83.7	1	2026-01-28 16:24:46 PST		y	1			11				B07PM74T34						B07PM74T34			0	DEFAULT	Migrated Template	Active
Dreaming Time Again (Deluxe Japan Edition) [Audio CD] Corey Hart		0129HM8ZUDV	B07PM7SLV5	55.56	1	2026-01-28 16:24:46 PST		y	1			11				B07PM7SLV5						B07PM7SLV5			0	DEFAULT	Migrated Template	Active
Magical Girl Lyrical Nanoha Detonation [Special Edition] [Blu-ray] JAPANESE EDITION [Blu-ray]		0129HM93NFN	B07Q4521H5	102.27	1	2026-01-28 16:24:46 PST		y	1			11				B07Q4521H5						B07Q4521H5			0	DEFAULT	Migrated Template	Active
Richell Peanut Collection Outing Straw Mug 320ml		0131HVQ5L6M	B07QPRYPSC	61.85	1	2026-01-31 03:56:41 PST		y	1			11				B07QPRYPSC						B07QPRYPSC			0	DEFAULT	Migrated Template	Active
Goldo Les Trem TLT1C Tremolo Unit for LP Type Guitar Round Lever Arm Chrome		0303HH4AL6B	B07QXW8QQ6	255.61	1	2026-03-02 18:51:29 PST		y	1			11				B07QXW8QQ6						B07QXW8QQ6			0	DEFAULT	Migrated Template	Active
One Take Man 2 [Audio CD] Makoto Miyazaki		0129HM8ERA3	B07RQ3V5FD	64.65	1	2026-01-28 16:24:46 PST		y	1			11				B07RQ3V5FD						B07RQ3V5FD			0	DEFAULT	Migrated Template	Active
Astral Weeks (Japanese UHQCD x MQA Pressing) [Audio CD] Van Morrison		0129HM861N3	B07RX2GWPL	62.26	1	2026-01-28 16:24:46 PST		y	1			11				B07RX2GWPL						B07RX2GWPL			0	DEFAULT	Migrated Template	Active
DAIWA PE Line UVF Soltiga SJ Dura Sensor x 8+ Si2, No. 1.2, 1,200 m, 5 Colors (with Color Marking)		0303HH27PKO	B07RYQ43QY	154.06	1	2026-03-02 18:51:29 PST		y	1			11				B07RYQ43QY						B07RYQ43QY			0	DEFAULT	Migrated Template	Active
Rapture (Japanese UHQCD x MQA Pressing) [Audio CD] Anita Baker		0129HM5Q7DX	B07S5L4L5S	57.39	1	2026-01-28 16:24:46 PST		y	1			11				B07S5L4L5S						B07S5L4L5S			0	DEFAULT	Migrated Template	Active
Ibanez Prestige Nut File Set for El.Guitar (.009/.011/.016/.024/.032/.042)		0129HM7B5EU	B07SDF5JR8	158.36	1	2026-01-28 16:24:46 PST		y	1			11				B07SDF5JR8						B07SDF5JR8			0	DEFAULT	Migrated Template	Active
Ibanez Prestige Nut File Set for El.Guitar (.010/.013/.017/.026/.036/.046)		0129HM658ZB	B07SDF6X5V	169.01	1	2026-01-28 16:24:46 PST		y	1			11				B07SDF6X5V						B07SDF6X5V			0	DEFAULT	Migrated Template	Active
Neon Genesis Evangelion Blu-ray STANDARD EDITION Vol.4 JAPANESE EDITION [Blu-ray]		0129HM5WF59	B07SFJ738V	70.47	1	2026-01-28 16:24:46 PST		y	1			11				B07SFJ738V						B07SFJ738V			0	DEFAULT	Migrated Template	Active
舞台 「 文豪ストレイドッグス 三社鼎立 」 [Blu-ray] [Blu-ray]		0120HRR85MO	B07SQ7DKND	116.01	1	2026-01-20 01:10:21 PST		y	1			11				B07SQ7DKND						B07SQ7DKND			0	DEFAULT	Migrated Template	Active
Ibanez Prestige Nut File Set for Ac.Guitar (.012/.016/.024/.032/.042/.053)		0129HM5WVAU	B07T146V4H	169.01	1	2026-01-28 16:24:46 PST		y	1			11				B07T146V4H						B07T146V4H			0	DEFAULT	Migrated Template	Active
Wet My Novel (Normal Edition) [Audio CD] indigo la End		0129HM8EZEF	B07TNQZJX5	60.04	1	2026-01-28 16:24:46 PST		y	1			11				B07TNQZJX5						B07TNQZJX5			0	DEFAULT	Migrated Template	Active
KINTO 20375 Play Tumbler, Turquoise, 10.1 fl oz (300 ml)		0129HM3NQPI	B07TSP8FBH	68.8	1	2026-01-28 16:24:46 PST		y	1			11				B07TSP8FBH						B07TSP8FBH			0	DEFAULT	Migrated Template	Active
KINTO 20372 Play Tumbler, Purple, 10.1 fl oz (300 ml)		0129HM717KF	B07TVT775C	68.8	1	2026-01-28 16:24:46 PST		y	1			11				B07TVT775C						B07TVT775C			0	DEFAULT	Migrated Template	Active
KINTO 20373 Play Tumbler, Red, 10.1 fl oz (300 ml)		0129HM7Y471	B07TZ4YNW1	68.8	1	2026-01-28 16:24:46 PST		y	1			11				B07TZ4YNW1						B07TZ4YNW1			0	DEFAULT	Migrated Template	Active
日工 Pendulum Standard Light Metronome (711)		0131HVL8PEJ	B07V22RD7J	83.74	1	2026-01-31 03:56:41 PST		y	1			11				B07V22RD7J						B07V22RD7J			0	DEFAULT	Migrated Template	Active
日工 Pendulum Standard Light Metronome (713)		0131HVO8LBQ	B07V22RRGL	83.64	1	2026-01-31 03:56:41 PST		y	1			11				B07V22RRGL						B07V22RRGL			0	DEFAULT	Migrated Template	Active
日工 Pendulum Standard Light Metronome (712)		0131HVNH19O	B07V23SQML	85.36	1	2026-01-31 03:56:41 PST		y	1			11				B07V23SQML						B07V23SQML			0	DEFAULT	Migrated Template	Active
Nikko Pendulum Metronome Standard Light Aquamarine 714		0131HVO8OZ6	B07V23SVG4	83.17	1	2026-01-31 03:56:41 PST		y	1			11				B07V23SVG4						B07V23SVG4			0	DEFAULT	Migrated Template	Active
Daiwa Light SW X IC L Bait Reel with Counter		0303HH4VLW7	B07VL1RS28	158.97	1	2026-03-02 18:51:29 PST		y	1			11				B07VL1RS28						B07VL1RS28			0	DEFAULT	Migrated Template	Active
Daiwa Light SW X IC R Bait Reel with Counter		0303HGTP0NR	B07VL1WQ6C	153.96	1	2026-03-02 18:51:29 PST		y	1			11				B07VL1WQ6C						B07VL1WQ6C			0	DEFAULT	Migrated Template	Active
Shadowbringers: Final Fantasy 14 (Game Soundtrack) [Blu-ray Audio] Final Fantasy		1218FX5TDJM	B07W6C9R31	73.11	1	2025-12-17 16:39:18 PST		y	1			11				B07W6C9R31						B07W6C9R31			0	DEFAULT	Venesplo_2601	Active
LIHIT LAB. PuniLabo Stand Up Pen Case (Pen Holder) Frog A7712-13		0120HSDZ5LJ	B07X5THK3M	68.75	1	2026-01-20 01:10:21 PST		y	1			11				B07X5THK3M						B07X5THK3M			0	DEFAULT	Migrated Template	Active
Love Live! Sunshine!! Aqours 5th LoveLive! ~Next SPARKLING!!~ Blu-ray Memorial BOX (Full production limited) [Blu-ray]		0129HM7AVOA	B07Y1Y6SLV	80.97	1	2026-01-28 16:24:46 PST		y	1			11				B07Y1Y6SLV						B07Y1Y6SLV			0	DEFAULT	Migrated Template	Active
それいけ! アンパンマン きらめけ! アイスの国のバニラ姫 [DVD] [DVD]		0129HM7L0JQ	B07Y22XM58	58.71	1	2026-01-28 16:24:46 PST		y	1			11				B07Y22XM58						B07Y22XM58			0	DEFAULT	Migrated Template	Active
Fate / Grand Order-Absolute Demon Beast Front Babylonia-2 (Limited Edition) [Blu-ray] JAPANESE EDITION [Blu-ray]		0120HSDRYMI	B07Y3HMDYL	88.08	1	2026-01-20 01:10:21 PST		y	1			11				B07Y3HMDYL						B07Y3HMDYL			0	DEFAULT	Migrated Template	Active
AAUXX iRing Pocket2 UMS-IR03PKRD2 Eye Ring Pocket 2, Smartphone Drop Prevention, Safety Grip & Portable Stand, Red		0131HVNVH23	B07YXJRLYB	59.75	1	2026-01-31 03:56:41 PST		y	1			11				B07YXJRLYB						B07YXJRLYB			0	DEFAULT	Migrated Template	Active
Makita A-69032 Grinding Wheel, 60 Grit (Coarse)		0120HSAL0VE	B07ZLDYFVH	130.46	1	2026-01-20 01:10:21 PST		y	1			11				B07ZLDYFVH						B07ZLDYFVH			0	DEFAULT	Migrated Template	Active
Loudness Japan Tour 2019 Hurricane Eyes + Jealousy Live at Zepp Tokyo 31 May, 2019 [Audio CD] Loudness		0129HM8P90G	B07ZLKT9SV	100.61	1	2026-01-28 16:24:46 PST		y	1			11				B07ZLKT9SV						B07ZLKT9SV			0	DEFAULT	Migrated Template	Active
Makita A-69054 Grinding Wheel, 6, 000 Grit (Fine)		0120HSCK0MD	B07ZPPYSVJ	142.23	1	2026-01-20 01:10:21 PST		y	1			11				B07ZPPYSVJ						B07ZPPYSVJ			0	DEFAULT	Migrated Template	Active
JUNHO (From 2PM) Last Concert "JUNHO THE BEST" (Normal Edition/DVD) [DVD]		0131HVO44Q0	B07ZW8VWRY	86.77	1	2026-01-31 03:56:41 PST		y	1			11				B07ZW8VWRY						B07ZW8VWRY			0	DEFAULT	Migrated Template	Active
MAKITA 40V MAX XGT Rapid Optimum Charger (DC40RA)		1224FGKGMXP	B0816M5HKP	195.28	1	2025-12-23 17:14:44 PST		y	1			11				B0816M5HKP						B0816M5HKP			0	DEFAULT	Venesplo_2601	Active
A Momentary Lapse Of Reason Tour 1987 King Biscuit Flower Hour [Audio CD] Pink Floyd		0131HVMPCL2	B0819W1HSR	84.27	1	2026-01-31 03:56:41 PST		y	1			11				B0819W1HSR						B0819W1HSR			0	DEFAULT	Migrated Template	Active
Gabriel Dropout Blu-ray BOX JAPANESE EDITION [Blu-ray]		0227H27QTLJ	B081ZHL7X4	243.45	1	2026-02-26 19:40:56 PST		y	1			11				B081ZHL7X4						B081ZHL7X4			0	DEFAULT	Migrated Template	Active
DAIWA Casting Bait Reel 20 TATULA SV TW 103H (2020 Model)		0129HM7KVZG	B082354FNL	295.67	1	2026-01-28 16:24:46 PST		y	1			11				B082354FNL						B082354FNL			0	DEFAULT	Migrated Template	Active
Makita CL280FDZC Cordless Vacuum Cleaner, Blue Capsule Type & Cyclone, 18 V Battery Charger Sold Separately		0227H2F084D	B082BY19V2	251.18	1	2026-02-26 19:40:56 PST		y	1			11				B082BY19V2						B082BY19V2			0	DEFAULT	Migrated Template	Active
Makita DF001GZ Rechargeable Screwdriver Drill, 40 Vmax Battery, Charger, Case Sold Separately		0227H2DAJWJ	B082HTJ8TL	422.28	1	2026-02-26 19:40:56 PST		y	1			11				B082HTJ8TL						B082HTJ8TL			0	DEFAULT	Migrated Template	Active
Love Live! Nijigasaki Gakuen School Idol Club First Live “with You” Blu-ray Memorial BOX (Full production limited) [Blu-ray]		0129HM7CEGK	B082PQKC61	87.88	1	2026-01-28 16:24:46 PST		y	1			11				B082PQKC61						B082PQKC61			0	DEFAULT	Migrated Template	Active
TWICE DOME TOUR 2019 "#Dreamday" in Tokyo Dome (Normal DVD) [DVD]		0129HM7LOSV	B08338MS12	75.98	1	2026-01-28 16:24:46 PST		y	1			11				B08338MS12						B08338MS12			0	DEFAULT	Migrated Template	Active
TWICE DOME TOUR 2019 "#Dreamday" in Tokyo Dome (Normal Edition, Blu-ray) [Blu-ray]		0129HM7LOSS	B08338XRP2	88.52	1	2026-01-28 16:24:46 PST		y	1			11				B08338XRP2						B08338XRP2			0	DEFAULT	Migrated Template	Active
Re: Zero ? Starting Life in Another World Limited Edition [Blu-ray] [Blu-ray]		0129HM6AH4K	B0834JKKPF	73.91	1	2026-01-28 16:24:46 PST		y	1			11				B0834JKKPF						B0834JKKPF			0	DEFAULT	Migrated Template	Active
EVANGELION FINALLY Limited Edition [Audio CD] アニメ		0129HM563F3	B08353T2FY	61.55	1	2026-01-28 16:24:46 PST		y	1			11				B08353T2FY						B08353T2FY			0	DEFAULT	Migrated Template	Active
Neon Genesis Evangelion Soundtrack 25Th Anniversary Box (Original Soundtrack) [Audio CD] Various		0129HM5DX3O	B08353XTZ2	122.44	1	2026-01-28 16:24:46 PST		y	1			11				B08353XTZ2						B08353XTZ2			0	DEFAULT	Migrated Template	Active
In/Spectre Volume 2 (Blu-ray) [Blu-ray]		0129HM7WA5D	B0837297CN	100.57	1	2026-01-28 16:24:46 PST		y	1			11				B0837297CN						B0837297CN			0	DEFAULT	Migrated Template	Active
HANNIBAL/ハンニバル Blu-ray-BOX フルコース Edition [Blu-ray]		0129HM8VMTN	B083M8FRX5	162.3	1	2026-01-28 16:24:46 PST		y	1			11				B083M8FRX5						B083M8FRX5			0	DEFAULT	Migrated Template	Active
Daiwa LT2000S-XH Spinning Reel 20 Rubius FC (2020 Model)		0303HH215D7	B083QH2JFK	339.27	1	2026-03-02 18:51:29 PST		y	1			11				B083QH2JFK						B083QH2JFK			0	DEFAULT	Migrated Template	Active
Daiwa LT4000-CXH 20 Luvias Spinning Reel (2020 Model)		0303HH4H2UY	B083QHF443	348.68	1	2026-03-02 18:51:29 PST		y	1			11				B083QHF443						B083QHF443			0	DEFAULT	Migrated Template	Active
Daiwa 666TLS Blazon Mobile Bass Fishing Rod		0303HGZVQVW	B083QHLN52	151.55	1	2026-03-02 18:51:29 PST		y	1			11				B083QHLN52						B083QHLN52			0	DEFAULT	Migrated Template	Active
Daiwa LT3000 2020 Luvias Spinning Reel		0303HH1DTOU	B083QHMNP4	352.97	1	2026-03-02 18:51:29 PST		y	1			11				B083QHMNP4						B083QHMNP4			0	DEFAULT	Migrated Template	Active
Daiwa LT2500S Rubius FC Spinning Reel 20 (2020 Model)		0303HGWRQ9E	B083QHP6B3	412.47	1	2026-03-02 18:51:29 PST		y	1			11				B083QHP6B3						B083QHP6B3			0	DEFAULT	Migrated Template	Active
DAIWA LT2500 Spinning Reel 20 (2020 Model)		0303HH13FRE	B083QHPMD2	458.44	1	2026-03-02 18:51:29 PST		y	1			11				B083QHPMD2						B083QHPMD2			0	DEFAULT	Migrated Template	Active
Daiwa 646TLS Blazon Mobile Bass Fishing Rod		0303HH4VLVP	B083QHVD7J	151.55	1	2026-03-02 18:51:29 PST		y	1			11				B083QHVD7J						B083QHVD7J			0	DEFAULT	Migrated Template	Active
Daiwa LT3000-C Spinning Reel 20 Rubius (2020 Model)		0303HH291EI	B083QJ39XW	415.61	1	2026-03-02 18:51:29 PST		y	1			11				B083QJ39XW						B083QJ39XW			0	DEFAULT	Migrated Template	Active
Daiwa LT2000S Rubias FC General Spinning Reel 2020 Model		0303HGTRQ97	B083QJJZZN	368.34	1	2026-03-02 18:51:29 PST		y	1			11				B083QJJZZN						B083QJJZZN			0	DEFAULT	Migrated Template	Active
Daiwa Crossbeat Sw 836TML Swing Lure Rod, Casting, Fishing Rod, 2.51m, Black		0303HGY6MBU	B083SDW3HL	145.28	1	2026-03-02 18:51:29 PST		y	1			11				B083SDW3HL						B083SDW3HL			0	DEFAULT	Migrated Template	Active
Daiwa CROSSBEAT SW 967TMH Swing Lure Rod - 2.9m Fast Action - Black & Silver - Luar Fishing - Fishing Rods		0303HGWQE7Z	B083SF4J2S	160.34	1	2026-03-02 18:51:29 PST		y	1			11				B083SF4J2S						B083SF4J2S			0	DEFAULT	Migrated Template	Active
Daiwa CROSSBEAT SW 907TM Swing Lure Rod		0303HGZWOE1	B083SFJQG9	153	1	2026-03-02 18:51:29 PST		y	1			11				B083SFJQG9						B083SFJQG9			0	DEFAULT	Migrated Template	Active
Daiwa GU2400 Light Trunk α Cooler Box, Red, Fishing, 5.3 gal (24 L)		0303HGYVOLV	B083WG4BL3	164.39	1	2026-03-02 18:51:29 PST		y	1			11				B083WG4BL3						B083WG4BL3			0	DEFAULT	Migrated Template	Active
Daiwa GU3200 Light Trunk α Cooler Box, Red, Fishing, 7.9 gal (32 L)		0303HGZ4ADU	B083WGJM7D	190.97	1	2026-03-02 18:51:29 PST		y	1			11				B083WGJM7D						B083WGJM7D			0	DEFAULT	Migrated Template	Active
DAIWA S2400 Light Trunk Cooler Box, Red, Fishing, 24 Liters, Styrofoam		0303HGTPRBF	B083WGN21L	140.14	1	2026-03-02 18:51:29 PST		y	1			11				B083WGN21L						B083WGN21L			0	DEFAULT	Migrated Template	Active
DAIWA ZSS2400 Cooler Box, Light Trunk α, Champagne Gold, Fishing, 24 Liters		0303HGWT9CA	B083WGNNKS	349.67	1	2026-03-02 18:51:29 PST		y	1			11				B083WGNNKS						B083WGNNKS			0	DEFAULT	Migrated Template	Active
DAIWA S3200 Light Trunk Cooler Box, Blue, Fishing, 32 Liters, Styrofoam		0303HH1IELF	B083WGRWJP	150.98	1	2026-03-02 18:51:29 PST		y	1			11				B083WGRWJP						B083WGRWJP			0	DEFAULT	Migrated Template	Active
Daiwa S2400 Light Trunk α Cooler Box, Blue, Fishing, 6.5 gal (24 L), Styrofoam		0303HH4ATWL	B083WGVNXT	140.58	1	2026-03-02 18:51:29 PST		y	1			11				B083WGVNXT						B083WGVNXT			0	DEFAULT	Migrated Template	Active
Daiwa SU3200 Light Trunk Cooler Box, Ice Blue, 9.8 gal (32 L), 11.2 lbs		0303HGVZQDI	B083WGW59M	279.61	1	2026-03-02 18:51:29 PST		y	1			11				B083WGW59M						B083WGW59M			0	DEFAULT	Migrated Template	Active
Daiwa GU3200 Light Trunk α Cooler Box, Blue, Fishing, 7.9 gal (32 L)		0303HGWPO14	B083WGXYBM	191.31	1	2026-03-02 18:51:29 PST		y	1			11				B083WGXYBM						B083WGXYBM			0	DEFAULT	Migrated Template	Active
Daiwa S3200 Light Trunk α Cooler Box, Red, Fishing, 7.9 gal (32 L), Styrofoam		0303HH4XRMX	B083WGZZ7W	161.52	1	2026-03-02 18:51:29 PST		y	1			11				B083WGZZ7W						B083WGZZ7W			0	DEFAULT	Migrated Template	Active
DAIWA GU2400 Light Trunk Cooler Box, Blue, Fishing, 24 Liters		0303HH93BQN	B083WH1BM7	165.62	1	2026-03-02 18:51:29 PST		y	1			11				B083WH1BM7						B083WH1BM7			0	DEFAULT	Migrated Template	Active
DAIWA SU2400 Light Trunk Cooler Box, Ice Blue, Fishing, 24 Liters		0303HGTQQ9O	B083WHFCKK	225.23	1	2026-03-02 18:51:29 PST		y	1			11				B083WHFCKK						B083WHFCKK			0	DEFAULT	Migrated Template	Active
KINTO 20285 Active Tumbler, 20.1 fl oz (600 ml), Blue Gray		0129HM7NEWC	B0845WL4DN	80.32	1	2026-01-28 16:24:46 PST		y	1			11				B0845WL4DN						B0845WL4DN			0	DEFAULT	Migrated Template	Active
Kinto 20282 Active Tumbler, 20.3 fl oz (600 ml), Black		0129HM5XCH6	B0845XQQBP	80.32	1	2026-01-28 16:24:46 PST		y	1			11				B0845XQQBP						B0845XQQBP			0	DEFAULT	Migrated Template	Active
Ibanez PowerPad Ultra IGB724 Electric Guitar Gig Bag - Black		0129HM7CGNP	B084GF2XRQ	294.91	1	2026-01-28 16:24:46 PST		y	1			11				B084GF2XRQ						B084GF2XRQ			0	DEFAULT	Migrated Template	Active
Ibanez PowerPad Ultra IGB724 Electric Guitar Gig Bag - Charcoal Gray		0129HM4PARV	B084GFQ7K3	281.37	1	2026-01-28 16:24:46 PST		y	1			11				B084GFQ7K3						B084GFQ7K3			0	DEFAULT	Migrated Template	Active
IBANEZ Powerpad® IBB724-BK Ultra Gig Bag for Electric Bass Black		0129HM7Y1DK	B084GFVFZ9	363.13	1	2026-01-28 16:24:46 PST		y	1			11				B084GFVFZ9						B084GFVFZ9			0	DEFAULT	Migrated Template	Active
Re: Zero ? Starting Life in Another World New Edition Blu-ray BOX [Blu-ray]		0129HM9ATMV	B084LFG1MN	246.2	1	2026-01-28 16:24:46 PST		y	1			11				B084LFG1MN						B084LFG1MN			0	DEFAULT	Migrated Template	Active
Skater SDPV5-A Children's Stainless Steel Water Bottle, Direct Drinking, 16.2 fl oz (480 ml), Super Mario, Kid-friendly Lightweight Type, For Boys, Cold Insulation, 3D Printed Water Bottle, Sports		1224FGI6U5S	B084MZHHX1	70.27	1	2025-12-23 17:14:44 PST		y	1			11				B084MZHHX1						B084MZHHX1			0	DEFAULT	Venesplo_2601	Active
Kinto 20283 Active Tumbler, 20.3 fl oz (600 ml), Sand Beige		0129HM8IPEZ	B084WYD51L	80.32	1	2026-01-28 16:24:46 PST		y	1			11				B084WYD51L						B084WYD51L			0	DEFAULT	Migrated Template	Active
The Idolmaster Cinderella Girls Theater Blu-ray BOX [Blu-ray]		0129HM3N62U	B084ZJYYKV	141.42	1	2026-01-28 16:24:46 PST		y	1			11				B084ZJYYKV						B084ZJYYKV			0	DEFAULT	Migrated Template	Active
the pillows 30th Anniversary Movie "Be King" First Press Limited Edition (1 Blu-ray + 2 DVDs/3 Disc Set) [Blu-ray]		0120HRR94LP	B084ZYWVV6	93.01	1	2026-01-20 01:10:21 PST		y	1			11				B084ZYWVV6						B084ZYWVV6			0	DEFAULT	Migrated Template	Active
KINTO 29228 201_ Plant Pot, 6.5 inches (140 mm), Black Hanging Planter, Hanging Pot, Flower Pot, Interior Decoration		0120HSPAG8D	B0856YWSRT	65.52	1	2026-01-20 01:52:46 PST		y	1			11				B0856YWSRT						B0856YWSRT			0	DEFAULT	Migrated Template	Active
KINTO 29230 Plant Pot, 7.9 inches (201 mm), 6.8 inches (174 mm), Black Hanging Planter, Hanging Pot, Flower Pot, Interior Decoration		0120HSDEDTI	B0857751CN	71.21	1	2026-01-20 01:10:21 PST		y	1			11				B0857751CN						B0857751CN			0	DEFAULT	Migrated Template	Active
Ibanez Flanger Mini Pedal		0129HM69R9P	B085GHYSM7	165.89	1	2026-01-28 16:24:46 PST		y	1			11				B085GHYSM7						B085GHYSM7			0	DEFAULT	Migrated Template	Active
YUI ASAKA 35th Anniversary〜君がずっと見ている〜【4枚組BOX:Blu-ray+3CD+35周年スペシャル・ブックレット】 [Blu-ray]		0120HSNBYZ3	B0862SKSKJ	161.52	1	2026-01-20 01:52:46 PST		y	1			11				B0862SKSKJ						B0862SKSKJ			0	DEFAULT	Migrated Template	Active
Lupin the Third THE FIRST [Blu-ray Normal Edition] [Blu-ray]		0129HM6AXE7	B08646LF1R	75.37	1	2026-01-28 16:24:46 PST		y	1			11				B08646LF1R						B08646LF1R			0	DEFAULT	Migrated Template	Active
Lupin the Third THE FIRST [Blu-ray Deluxe Edition (Bresson Diary Edition)] [Blu-ray]		0129HM5PFFK	B08646WX9N	109.25	1	2026-01-28 16:24:46 PST		y	1			11				B08646WX9N						B08646WX9N			0	DEFAULT	Migrated Template	Active
世界一初恋~プロポーズ編~ [Blu-ray] [Blu-ray]		0120HSFZN4T	B086NLC4TC	97.68	1	2026-01-20 01:52:46 PST		y	1			11				B086NLC4TC						B086NLC4TC			0	DEFAULT	Migrated Template	Active
THE BEST OF “IP MAN" ORIGINAL SOUNDTRACK [Audio CD] 川井憲次		0129HM7MY67	B086PSP1WR	58.57	1	2026-01-28 16:24:46 PST		y	1			11				B086PSP1WR						B086PSP1WR			0	DEFAULT	Migrated Template	Active
Love Live! Sunshine!! Aqours CHRONICLE (2015-2017) (Normal Edition) [Audio CD] Aqours		0129HM8CVGQ	B086RFJVFQ	81.94	1	2026-01-28 16:24:46 PST		y	1			11				B086RFJVFQ						B086RFJVFQ			0	DEFAULT	Migrated Template	Active
Daiwa 68L-S/R Gekkabijin Ajing Fishing Rod		0303HGV1AXM	B088GVB1D8	169.91	1	2026-03-02 18:51:29 PST		y	1			11				B088GVB1D8						B088GVB1D8			0	DEFAULT	Migrated Template	Active
DAIWA 510UL-S R Aging Rod Tsukinobijin		0303HGTN13O	B088GYYL51	153	1	2026-03-02 18:51:29 PST		y	1			11				B088GYYL51						B088GYYL51			0	DEFAULT	Migrated Template	Active
Hypnosis MIC -Division Rap Battle- 5th LIVE@AbemaTV ?SIX SHOTS UNTIL THE DOME? Blu-ray [Blu-ray]		0129HM7RTML	B088RFCQWB	61.11	1	2026-01-28 16:24:46 PST		y	1			11				B088RFCQWB						B088RFCQWB			0	DEFAULT	Migrated Template	Active
Moira (Re:Master Production) (No Bonus) [Audio CD] Sound Horizon		0120HRXT3OS	B088ZJ32PW	63.15	1	2026-01-20 01:10:21 PST		y	1			11				B088ZJ32PW						B088ZJ32PW			0	DEFAULT	Migrated Template	Active
Movie version "Made in Abyss Dawn of the Deep Soul" Normal version [Blu-ray] [Blu-ray]		0129HM3102I	B089M1ZR5W	73.98	1	2026-01-28 16:24:46 PST		y	1			11				B089M1ZR5W						B089M1ZR5W			0	DEFAULT	Migrated Template	Active
劇場版「メイドインアビス 深き魂の黎明」限定版 [Blu-ray] [Blu-ray]		0129HM6ZVYE	B089M2WDT6	131.46	1	2026-01-28 16:24:46 PST		y	1			11				B089M2WDT6						B089M2WDT6			0	DEFAULT	Migrated Template	Active
Daiwa Light SW X IC SS L Bait Reel with Counter		0303HGW7RGX	B089NBWFM1	149.37	1	2026-03-02 18:51:29 PST		y	1			11				B089NBWFM1						B089NBWFM1			0	DEFAULT	Migrated Template	Active
Daiwa Light SW X IC SS R Bait Reel with Counter		0303HGYRWSU	B089NJ8B4F	149.37	1	2026-03-02 18:51:29 PST		y	1			11				B089NJ8B4F						B089NJ8B4F			0	DEFAULT	Migrated Template	Active
Uzaki-chan Wants to Hang Out! Volume 1 << Character design drawn by Manabu Kurihara Uzaki-chan arm pillow Dakimakura cover "SUGOI BABUMI" with complete limited edition[Blu-ray] [Blu-ray]		0129HM80DYM	B08B227TCG	339.42	1	2026-01-28 16:24:46 PST		y	1			11				B08B227TCG						B08B227TCG			0	DEFAULT	Migrated Template	Active
Movie version High School Fleet (Limited Edition) [DVD] [DVD]		0120HS8UGDV	B08BGBQB88	120.3	1	2026-01-20 01:10:21 PST		y	1			11				B08BGBQB88						B08BGBQB88			0	DEFAULT	Migrated Template	Active
The Misfit of Demon King 2 (Limited Edition) [DVD] [DVD]		0120HSC1ROQ	B08C86GN4F	62.37	1	2026-01-20 01:10:21 PST		y	1			11				B08C86GN4F						B08C86GN4F			0	DEFAULT	Migrated Template	Active
The Misfit of Demon King 3 (Limited Edition) [DVD] [DVD]		0120HRXWKN2	B08C88KQPD	64.12	1	2026-01-20 01:10:21 PST		y	1			11				B08C88KQPD						B08C88KQPD			0	DEFAULT	Migrated Template	Active
GRANRODEO Singles Collection "RODEO BEAT SHAKE" (Normal Edition) [Audio CD] GRANRODEO		0129HM9NO7U	B08CS535L4	68.16	1	2026-01-28 16:24:46 PST		y	1			11				B08CS535L4						B08CS535L4			0	DEFAULT	Migrated Template	Active
Fate / kaleid liner Prisma Illya Dry !! Blu-ray BOX [Blu-ray]		0129HM7ANKD	B08D1JBG9N	255.9	1	2026-01-28 16:24:46 PST		y	1			11				B08D1JBG9N						B08D1JBG9N			0	DEFAULT	Migrated Template	Active
KINTO 20061 Togo Bottle, 12.2 fl oz (360 ml), White, Includes Straw, Lightweight, Water Bottle, Dishwasher Safe, Double Wall Construction		0120HSD93ND	B08DCQQGBX	58.55	1	2026-01-20 01:10:21 PST		y	1			11				B08DCQQGBX						B08DCQQGBX			0	DEFAULT	Migrated Template	Active
SOLDIER OF FORTUNE 30th ANNIVERSARY LIMITED EDITION (特典なし) [Audio CD] LOUDNESS		0129HM814ES	B08DDR34ZW	110.58	1	2026-01-28 16:24:46 PST		y	1			11				B08DDR34ZW						B08DDR34ZW			0	DEFAULT	Migrated Template	Active
Toru Takemitsu Orchestra Works [Audio CD] オムニバス(クラシック); 武満徹; 沼尻竜典 and 東京都交響楽団		0129HM7XEQR	B08FNMPJT4	78.45	1	2026-01-28 16:24:46 PST		y	1			11				B08FNMPJT4						B08FNMPJT4			0	DEFAULT	Migrated Template	Active
Latest Ultraman Theme Song Collection Ultraman Z [Audio CD] 遠藤正明; 玉置成実; 寺島拓篤; 佐咲紗花; スフィア; Bentham; オーイシマサヨシ; 三森すずこ and ボイジャー		0129HM67DM8	B08G4YFSTX	56.54	1	2026-01-28 16:24:46 PST		y	1			11				B08G4YFSTX						B08G4YFSTX			0	DEFAULT	Migrated Template	Active
souvenir the movie 〜MARIYA TAKEUCHI Theater Live〜 [Special Edition Blu-ray] [Blu-ray]		0129HM5608B	B08GT6PDQY	114	1	2026-01-28 16:24:46 PST		y	1			11				B08GT6PDQY						B08GT6PDQY			0	DEFAULT	Migrated Template	Active
souvenir the movie ~MARIYA TAKEUCHI Theater Live ~ [Special Edition DVD] (Bonus: No Tote Bag) [DVD]		0129HM6AI0Y	B08GT7GDD3	106.59	1	2026-01-28 16:24:46 PST		y	1			11				B08GT7GDD3						B08GT7GDD3			0	DEFAULT	Migrated Template	Active
ドゲンジャーズ Blu-ray 通常版 [Blu-ray]		0120HSN0F12	B08HJRCL2P	133.58	1	2026-01-20 01:52:46 PST		y	1			11				B08HJRCL2P						B08HJRCL2P			0	DEFAULT	Migrated Template	Active
Zebra SB41 Multi-Functional Pen Sharbo X TF12 with Refill		0303HGTMCF6	B08KJRS111	169.01	1	2026-03-02 18:51:29 PST		y	1			11				B08KJRS111						B08KJRS111			0	DEFAULT	Migrated Template	Active
Disco (Japan Bonus Track Edition) [Audio CD] Kylie Minogue		0120HS9FM1K	B08L6S8C4D	84.43	1	2026-01-20 01:10:21 PST		y	1			11				B08L6S8C4D						B08L6S8C4D			0	DEFAULT	Migrated Template	Active
Hatsune Miku Symphony 2020 Orchestra Live CD [Audio CD] 東京フィルハーモニー交響楽団		0129HM6U7M6	B08L6V4XD4	59.54	1	2026-01-28 16:24:46 PST		y	1			11				B08L6V4XD4						B08L6V4XD4			0	DEFAULT	Migrated Template	Active
Forward to the Sky Forward To The Sky - Switch		0131HVPHJ1P	B08M134TLM	75.02	1	2026-01-31 03:56:41 PST		y	1			11				B08M134TLM						B08M134TLM			0	DEFAULT	Migrated Template	Active
DAIWA Alphas SV TW 800XH Right Handle (Bait Reel) [2021 Model]		0303HH2KOTK	B08NNYXQ34	276.58	1	2026-03-02 18:51:29 PST		y	1			11				B08NNYXQ34						B08NNYXQ34			0	DEFAULT	Migrated Template	Active
DAIWA Bait Reel Zillion SV TW 1000XH Right Handle (2021 Model)		0129HM7BL61	B08NNZ2VT1	360.33	1	2026-01-28 16:24:46 PST		y	1			11				B08NNZ2VT1						B08NNZ2VT1			0	DEFAULT	Migrated Template	Active
DAIWA Bait Reel Zillion SV TW 1000L Left Handle (2021 Model)		0129HM8CCBX	B08NP1WDHM	361.37	1	2026-01-28 16:24:46 PST		y	1			11				B08NP1WDHM						B08NP1WDHM			0	DEFAULT	Migrated Template	Active
DAIWA Bait Reel Zillion SV TW 1000P Right Handle (2021 Model)		0129HM5R04D	B08NP21Q2D	377.45	1	2026-01-28 16:24:46 PST		y	1			11				B08NP21Q2D						B08NP21Q2D			0	DEFAULT	Migrated Template	Active
DAIWA Bait Reel Zillion SV TW 1000PL Left Handle (2021 Model)		0129HM3MOYR	B08NP23D9S	378.75	1	2026-01-28 16:24:46 PST		y	1			11				B08NP23D9S						B08NP23D9S			0	DEFAULT	Migrated Template	Active
DAIWA Bait Reel Zillion SV TW 1000HL Left Handle (2021 Model)		0303HGWS8J0	B08NP3DZQJ	360.33	1	2026-03-02 18:51:29 PST		y	1			11				B08NP3DZQJ						B08NP3DZQJ			0	DEFAULT	Migrated Template	Active
DAIWA Bait Reel Zillion SV TW 1000H Right Handle (2021 Model)		0129HM5Q7DU	B08NP3F5MV	360.33	1	2026-01-28 16:24:46 PST		y	1			11				B08NP3F5MV						B08NP3F5MV			0	DEFAULT	Migrated Template	Active
DAIWA Alphas SV TW 800HL Left Handle (Bait Reel) [2021 Model] Black, Gray		0303HH17051	B08NP56N2T	276.58	1	2026-03-02 18:51:29 PST		y	1			11				B08NP56N2T						B08NP56N2T			0	DEFAULT	Migrated Template	Active
Daiwa Zillion SV TW 1000 Bait Reel Right Handle (2021 Model)		0129HM28S4A	B08NP6PKZM	385.46	1	2026-01-28 16:24:46 PST		y	1			11				B08NP6PKZM						B08NP6PKZM			0	DEFAULT	Migrated Template	Active
DAIWA Bait Reel Zillion SV TW 1000XHL Left Handle (2021 Model)		0129HM6CSWK	B08NP8RFWZ	358.47	1	2026-01-28 16:24:46 PST		y	1			11				B08NP8RFWZ						B08NP8RFWZ			0	DEFAULT	Migrated Template	Active
DAIWA Alphas SV TW 800H Right Handle (Bait Reel) [2021 Model]		0303HGTOZUL	B08NPDZ251	276.58	1	2026-03-02 18:51:29 PST		y	1			11				B08NPDZ251						B08NPDZ251			0	DEFAULT	Migrated Template	Active
Sailor 11-3059-302 Fountain Pen, Four Seasons Weave, Rain Sound, Medium Point		0303HH5B3IM	B08NX7CP4V	479.93	1	2026-03-02 18:51:29 PST		y	1			11				B08NX7CP4V						B08NX7CP4V			0	DEFAULT	Migrated Template	Active
Tom Crown GEM-BB Straight Mute for Trumpet, Gemini GEMINI All Brass		0303HGWTPCP	B08P774GHF	157.06	1	2026-03-02 18:51:29 PST		y	1			11				B08P774GHF						B08P774GHF			0	DEFAULT	Migrated Template	Active
Tom Crown GEM-B Straight Mute for Trumpet, Gemini GEMINI Brass End		0303HH4A386	B08P7771WN	182.73	1	2026-03-02 18:51:29 PST		y	1			11				B08P7771WN						B08P7771WN			0	DEFAULT	Migrated Template	Active
Tom Crown GEM-A Straight Mute for Trumpet, Gemini GEMINI All Aluminum		0303HH1DGX9	B08P77HWQ2	175.37	1	2026-03-02 18:51:29 PST		y	1			11				B08P77HWQ2						B08P77HWQ2			0	DEFAULT	Migrated Template	Active
Lawn Generation [Audio CD] フィーバー333		0129HM7CGO6	B08PCJMX7M	51.7	1	2026-01-28 16:24:46 PST		y	1			11				B08PCJMX7M						B08PCJMX7M			0	DEFAULT	Migrated Template	Active
TV Anime Uma Musume Pretty Derby Season 2 Vol. 3 Original Sound Track [Audio CD] Utamaro Movement		0129HM587PE	B08SRFPFLW	58.49	1	2026-01-28 16:24:46 PST		y	1			11				B08SRFPFLW						B08SRFPFLW			0	DEFAULT	Migrated Template	Active
七つの大罪 憤怒の審判 DVD-BOX II [DVD]		0129HM7Y46Z	B08SRG9GHL	171.22	1	2026-01-28 16:24:46 PST		y	1			11				B08SRG9GHL						B08SRG9GHL			0	DEFAULT	Migrated Template	Active
R-TYPE FINAL 2 - PS4 [video game]		0131HVNWKB8	B08V5YY37V	107.97	1	2026-01-31 03:56:41 PST		y	1			11				B08V5YY37V						B08V5YY37V			0	DEFAULT	Migrated Template	Active
Daiwa C610MH-2 21 Blazon Baitcasting Model		0303HH1PMN4	B08VCZH2FX	179.09	1	2026-03-02 18:51:29 PST		y	1			11				B08VCZH2FX						B08VCZH2FX			0	DEFAULT	Migrated Template	Active
Daiwa C70XH-2 21 Blazon Baitcasting Model		0303HGTM8OX	B08VCZH2FZ	195.69	1	2026-03-02 18:51:29 PST		y	1			11				B08VCZH2FZ						B08VCZH2FZ			0	DEFAULT	Migrated Template	Active
Daiwa 21 Blaze C64L-2 BF 2-Piece Baitcasting Model		0303HGWUGDO	B08VD7B9Z7	165.32	1	2026-03-02 18:51:29 PST		y	1			11				B08VD7B9Z7						B08VD7B9Z7			0	DEFAULT	Migrated Template	Active
Daiwa LT5000-CXH 21 Freams		0303HH1JQL9	B08VD7MCPB	187.64	1	2026-03-02 18:51:29 PST		y	1			11				B08VD7MCPB						B08VD7MCPB			0	DEFAULT	Migrated Template	Active
Daiwa C66ML-2 21 Blazon Baitcasting Model		0303HH4VLVS	B08VD7NPZP	170.39	1	2026-03-02 18:51:29 PST		y	1			11				B08VD7NPZP						B08VD7NPZP			0	DEFAULT	Migrated Template	Active
Daiwa 21 Black Label Travel C66M-5 Medium Heavy Bass Fishing Rod, Casting, 5.8 ft (1.98 m), 16 Pieces, Carbon Fiber, 8-16 lb Line, Fast Action		0303HGTRTT5	B08VD7XVXK	388.93	1	2026-03-02 18:51:29 PST		y	1			11				B08VD7XVXK						B08VD7XVXK			0	DEFAULT	Migrated Template	Active
Daiwa LT2000S-H 21 Caldia FC		0303HH25TGH	B08VD8MS3J	246.2	1	2026-03-02 18:51:29 PST		y	1			11				B08VD8MS3J						B08VD8MS3J			0	DEFAULT	Migrated Template	Active
Daiwa LT4000-C 21 Freams		0303HH1DVI8	B08VDCJBF7	181.36	1	2026-03-02 18:51:29 PST		y	1			11				B08VDCJBF7						B08VDCJBF7			0	DEFAULT	Migrated Template	Active
Daiwa C72H-2 21 Blazon Baitcasting Model		0303HGZ90UD	B08VDCRSJX	176.57	1	2026-03-02 18:51:29 PST		y	1			11				B08VDCRSJX						B08VDCRSJX			0	DEFAULT	Migrated Template	Active
Daiwa C73H-5 21 Black Label Travel		0303HGWOR7Z	B08VDD5C6R	404.23	1	2026-03-02 18:51:29 PST		y	1			11				B08VDD5C6R						B08VDD5C6R			0	DEFAULT	Migrated Template	Active
Daiwa Caldia FC LT1000S Spinning 21		0303HGWOR7F	B08VDDCQ6Q	234.7	1	2026-03-02 18:51:29 PST		y	1			11				B08VDDCQ6Q						B08VDDCQ6Q			0	DEFAULT	Migrated Template	Active
Daiwa 21 Tierra A IC 150-DH		0303HGWUU9P	B08VDGLWJB	337.28	1	2026-03-02 18:51:29 PST		y	1			11				B08VDGLWJB						B08VDGLWJB			0	DEFAULT	Migrated Template	Active
DAIWA Jigging 21 Tierra A IC 150H-DH		0303HH2EKSZ	B08VDGNG6D	412.6	1	2026-03-02 18:51:29 PST		y	1			11				B08VDGNG6D						B08VDGNG6D			0	DEFAULT	Migrated Template	Active
Daiwa C611H-2 21 Blazon SB Baitcasting Model		0303HGWT9CD	B08VDGV5NS	181.27	1	2026-03-02 18:51:29 PST		y	1			11				B08VDGV5NS						B08VDGV5NS			0	DEFAULT	Migrated Template	Active
Daiwa 21 Black Label Travel C61XXH-5/SB Bass Fishing Rod, Casting, Heavy Power, 1.85m (5.9ft), 16 Pieces, Graphite/Carbon Fiber, Black		0303HH93F1C	B08VDH21T4	427.67	1	2026-03-02 18:51:29 PST		y	1			11				B08VDH21T4						B08VDH21T4			0	DEFAULT	Migrated Template	Active
Daiwa LT2500S-XH 21 Caldia		0303HGYXWJD	B08VDHK8FS	277.36	1	2026-03-02 18:51:29 PST		y	1			11				B08VDHK8FS						B08VDHK8FS			0	DEFAULT	Migrated Template	Active
Daiwa LT2500S 21 Caldia		0303HH2AB8C	B08VDKFCF2	212.53	1	2026-03-02 18:51:29 PST		y	1			11				B08VDKFCF2						B08VDKFCF2			0	DEFAULT	Migrated Template	Active
Daiwa Caldia LT3000-CXH Spinning 21		0303HH1KP3P	B08VDKPRKW	283.45	1	2026-03-02 18:51:29 PST		y	1			11				B08VDKPRKW						B08VDKPRKW			0	DEFAULT	Migrated Template	Active
Daiwa LT4000-CXH Spinning 21 Freams		0303HGZ9QS3	B08VDKTC5T	223.19	1	2026-03-02 18:51:29 PST		y	1			11				B08VDKTC5T						B08VDKTC5T			0	DEFAULT	Migrated Template	Active
Daiwa LT3000-C 21 Freams		0303HH215CW	B08VDL5LL2	157.31	1	2026-03-02 18:51:29 PST		y	1			11				B08VDL5LL2						B08VDL5LL2			0	DEFAULT	Migrated Template	Active
Daiwa C610M-2 21 Blazon Baitcasting Model		0303HH1VZMP	B08VDM2F7Q	170.05	1	2026-03-02 18:51:29 PST		y	1			11				B08VDM2F7Q						B08VDM2F7Q			0	DEFAULT	Migrated Template	Active
Daiwa 21 Caldia FC LT2000S		0303HGTNL5A	B08VDMZTKL	220.05	1	2026-03-02 18:51:29 PST		y	1			11				B08VDMZTKL						B08VDMZTKL			0	DEFAULT	Migrated Template	Active
Daiwa LT2500-XH 21 Freams		0303HH2B6ID	B08VDQYH9H	152.39	1	2026-03-02 18:51:29 PST		y	1			11				B08VDQYH9H						B08VDQYH9H			0	DEFAULT	Migrated Template	Active
Daiwa 21 Tierra A IC 150HL		0303HGZWOF0	B08VDR19X1	340.72	1	2026-03-02 18:51:29 PST		y	1			11				B08VDR19X1						B08VDR19X1			0	DEFAULT	Migrated Template	Active
Daiwa 21 Tierra A IC 150H		0303HGYXWKW	B08VDSPZ7H	333.3	1	2026-03-02 18:51:29 PST		y	1			11				B08VDSPZ7H						B08VDSPZ7H			0	DEFAULT	Migrated Template	Active
Daiwa LT2500S 21 Caldia FC		0303HGVCZOE	B08VDT7GJW	235.59	1	2026-03-02 18:51:29 PST		y	1			11				B08VDT7GJW						B08VDT7GJW			0	DEFAULT	Migrated Template	Active
DAIWA 21 Tiera A IC 150L-DH		0303HGT4562	B08VDT844H	412.6	1	2026-03-02 18:51:29 PST		y	1			11				B08VDT844H						B08VDT844H			0	DEFAULT	Migrated Template	Active
Daiwa 21 Freams FC LT2000S		0303HH533JW	B08VDWSF5P	152.08	1	2026-03-02 18:51:29 PST		y	1			11				B08VDWSF5P						B08VDWSF5P			0	DEFAULT	Migrated Template	Active
Daiwa 21 Emeraldas X Squid Metal Fishing Rod, Casting, 5.9 ft (1.91 m), 6 Pieces, 2.8 oz (77 g), Green, Medium Tension		0303HGTAUA7	B08VDX8M55	198.94	1	2026-03-02 18:51:29 PST		y	1			11				B08VDX8M55						B08VDX8M55			0	DEFAULT	Migrated Template	Active
Daiwa 21 Braison C68L-2 BF 2-Piece Baitcasting Model		0303HGY28FK	B08VDX9VFZ	167.5	1	2026-03-02 18:51:29 PST		y	1			11				B08VDX9VFZ						B08VDX9VFZ			0	DEFAULT	Migrated Template	Active
Daiwa S66L-5 21 Black Label Travel		0303HGVRULZ	B08VDZ999M	388.93	1	2026-03-02 18:51:29 PST		y	1			11				B08VDZ999M						B08VDZ999M			0	DEFAULT	Migrated Template	Active
Daiwa S63UL-2 ST 21 Blazon Spinning Model		0303HGWQ0S6	B08VDZR54P	167.15	1	2026-03-02 18:51:29 PST		y	1			11				B08VDZR54P						B08VDZR54P			0	DEFAULT	Migrated Template	Active
Daiwa Fune XT 150PL-OP		0303HH1LNIC	B08VF2CTNQ	167.5	1	2026-03-02 18:51:29 PST		y	1			11				B08VF2CTNQ						B08VF2CTNQ			0	DEFAULT	Migrated Template	Active
Daiwa Provider Trunk HD II S 3500 Cooler Box, Blue, 9.8 gal (35 L), Styrofoam		0303HH15XLL	B08W567TB1	239.94	1	2026-03-02 18:51:29 PST		y	1			11				B08W567TB1						B08W567TB1			0	DEFAULT	Migrated Template	Active
Daiwa HD II GU 3500 Provider Trunk Cooler Box, Red, 9.8 gal (35 L), Fishing		0303HGTLWBK	B08W56N7R3	282.9	1	2026-03-02 18:51:29 PST		y	1			11				B08W56N7R3						B08W56N7R3			0	DEFAULT	Migrated Template	Active
TRUSCO Aluminum Work Platform WTDB-5430		0303HGTKS00	B08W8D5D72	160.59	1	2026-03-02 18:51:29 PST		y	1			11				B08W8D5D72						B08W8D5D72			0	DEFAULT	Migrated Template	Active
TRUSCO Aluminum Work Platform WTDB-6625		0303HH2A8KZ	B08W8DMF3S	215.35	1	2026-03-02 18:51:29 PST		y	1			11				B08W8DMF3S						B08W8DMF3S			0	DEFAULT	Migrated Template	Active
TRUSCO Aluminum Work Platform WTDBC-5450		0303HGTNBFG	B08W8G1DPL	213.94	1	2026-03-02 18:51:29 PST		y	1			11				B08W8G1DPL						B08W8G1DPL			0	DEFAULT	Migrated Template	Active
TRUSCO Aluminum Work Platform WTDBC-6625		0303HGZ90UR	B08W8Y1QCD	405.92	1	2026-03-02 18:51:29 PST		y	1			11				B08W8Y1QCD						B08W8Y1QCD			0	DEFAULT	Migrated Template	Active
TRUSCO Aluminum Work Platform WTDBC-6430		0303HGWAHMU	B08W9F139P	219.93	1	2026-03-02 18:51:29 PST		y	1			11				B08W9F139P						B08W9F139P			0	DEFAULT	Migrated Template	Active
TRUSCO Aluminum Work Platform WTDB-6430		0303HGPXHE4	B08W9JTXWQ	169.22	1	2026-03-02 18:51:29 PST		y	1			11				B08W9JTXWQ						B08W9JTXWQ			0	DEFAULT	Migrated Template	Active
TRUSCO Aluminum Work Platform WTDB-6425		0303HGYXI3X	B08W9NF6KD	354.8	1	2026-03-02 18:51:29 PST		y	1			11				B08W9NF6KD						B08W9NF6KD			0	DEFAULT	Migrated Template	Active
TRUSCO Aluminum Work Platform WTDB-5450		0303HH1UN8G	B08W9NJ8JC	192.35	1	2026-03-02 18:51:29 PST		y	1			11				B08W9NJ8JC						B08W9NJ8JC			0	DEFAULT	Migrated Template	Active
TRUSCO Aluminum Work Platform WTDB-6630		0303HH1578E	B08W9PHSFQ	221.1	1	2026-03-02 18:51:29 PST		y	1			11				B08W9PHSFQ						B08W9PHSFQ			0	DEFAULT	Migrated Template	Active
TRUSCO Aluminum Work Platform WTDBC-6425		0303HGYNWJW	B08W9PPPZT	392.58	1	2026-03-02 18:51:29 PST		y	1			11				B08W9PPPZT						B08W9PPPZT			0	DEFAULT	Migrated Template	Active
Anime Girls und Panzer Final Chapter Original Soundtrack "GIRLS und PANZER das FINALE Episode 1 ~ Episode 3 OST" [Audio CD] Shiro Hamaguchi		0129HMBAYZH	B08WDGWXG4	61.2	1	2026-01-28 16:24:46 PST		y	1			11				B08WDGWXG4						B08WDGWXG4			0	DEFAULT	Migrated Template	Active
Marantz Professional MPM-4000U Podcast Mic - USB Condenser Microphone With Mixer and Headphone Output for Podcasting, Live Streaming, YouTube Projects		0227H2G0RDQ	B08WGC4KB8	154.76	1	2026-02-26 19:40:56 PST		y	1			11				B08WGC4KB8						B08WGC4KB8			0	DEFAULT	Migrated Template	Active
Disaster Area Designs MIDI Baby3		0227H2EY6NC	B08X1QPDYW	322.33	1	2026-02-26 19:40:56 PST		y	1			11				B08X1QPDYW						B08X1QPDYW			0	DEFAULT	Migrated Template	Active
Go Sega: 60th Anniversary Album / Various [Audio CD] Various Artists		0131HVP75HN	B08X8FF8TQ	96.42	1	2026-01-31 03:56:41 PST		y	1			11				B08X8FF8TQ						B08X8FF8TQ			0	DEFAULT	Migrated Template	Active
Makita DF002GZ 40V Max Li-ion XGT Brushless Drill Driver, without Battery & Charger		0227H27T7MJ	B08XTG4N72	249.02	1	2026-02-26 19:40:56 PST		y	1			11				B08XTG4N72						B08XTG4N72			0	DEFAULT	Migrated Template	Active
Daiwa Bait Reel Fune XT 150P-OP with PE3 Thread		0303HGY6GXE	B08XWV2GTQ	175.91	1	2026-03-02 18:51:29 PST		y	1			11				B08XWV2GTQ						B08XWV2GTQ			0	DEFAULT	Migrated Template	Active
Jose and the Tiger and the Fish Limited Edition (Blu-ray) [Blu-ray]		0129HM5B3TR	B0913FNY13	100.32	1	2026-01-28 16:24:46 PST		y	1			11				B0913FNY13						B0913FNY13			0	DEFAULT	Migrated Template	Active
月姫 -A piece of blue glass moon- 初回限定版【同梱物】武内崇描き下ろし特装化粧箱 & 設定資料集「月姫マテリアルI -material of blue glass moon-」 - PS4		1224FGLLMG6	B091CM3GD5	124.37	1	2025-12-23 17:14:44 PST		y	1			11				B091CM3GD5						B091CM3GD5			0	DEFAULT	Venesplo_2601	Active
Skater STBC3F-A Vacuum Stainless Steel Insulated Coffee Tumbler, Small, 11.8 fl oz (350 ml), Disney Winnie the Pooh		1224FGNJCDB	B091JR294T	66.33	1	2025-12-23 17:14:44 PST		y	1			11				B091JR294T						B091JR294T			0	DEFAULT	Venesplo_2601	Active
Skater STBC3F-A Vacuum Stainless Steel Insulated Coffee Tumbler, Small, 11.8 fl oz (350 ml), Disney Mickey Mouse		1224FGMORMR	B091JRD7PH	65.56	1	2025-12-23 17:14:44 PST		y	1			11				B091JRD7PH						B091JRD7PH			0	DEFAULT	Venesplo_2601	Active
Thunderbolt Fantasy 東離劍遊紀 3 4(完全生産限定版) [DVD] [DVD]		0120HSJJ908	B091LPVDQJ	91.63	1	2026-01-20 01:52:46 PST		y	1			11				B091LPVDQJ						B091LPVDQJ			0	DEFAULT	Migrated Template	Active
Thunderbolt Fantasy 東離劍遊紀 3 3(完全生産限定版) [DVD] [DVD]		0120HSOUMM7	B091LQDNCM	84.79	1	2026-01-20 01:52:46 PST		y	1			11				B091LQDNCM						B091LQDNCM			0	DEFAULT	Migrated Template	Active
Thunderbolt Fantasy 東離劍遊紀 3 1 (完全生産限定版) [DVD] [DVD]		0120HSC6E8Z	B091N1DMDM	77.98	1	2026-01-20 01:10:21 PST		y	1			11				B091N1DMDM						B091N1DMDM			0	DEFAULT	Migrated Template	Active
GRANRODEO Live Session "Rodeo Note" Vol. 1 (First Press Limited Edition (CD+BD) [Audio CD] GRANRODEO		0129HM7F0EX	B0922GG8FP	78.94	1	2026-01-28 16:24:46 PST		y	1			11				B0922GG8FP						B0922GG8FP			0	DEFAULT	Migrated Template	Active
舞台「文豪ストレイドッグス DEAD APPLE」 [Blu-ray] [Blu-ray]		0120HRR6DHY	B092F8VGTW	128.67	1	2026-01-20 01:10:21 PST		y	1			11				B092F8VGTW						B092F8VGTW			0	DEFAULT	Migrated Template	Active
Legend of Heroes - The Erebonian Civil War- (Non-US Version) [video game]		0131HVNTB2V	B092JSHF4H	67.37	1	2026-01-31 03:56:41 PST		y	1			11				B092JSHF4H						B092JSHF4H			0	DEFAULT	Migrated Template	Active
86 - Eighty Six 4 (Complete Production Limited Edition) [DVD] [DVD]		0120HS9TKHS	B092K55PVS	96.19	1	2026-01-20 01:10:21 PST		y	1			11				B092K55PVS						B092K55PVS			0	DEFAULT	Migrated Template	Active
劇場版「美少女戦士セーラームーンEternal」(通常版Blu-ray) [Blu-ray]		0129HM99BQM	B093C1BH1B	120.41	1	2026-01-28 16:24:46 PST		y	1			11				B093C1BH1B						B093C1BH1B			0	DEFAULT	Migrated Template	Active
劇場版「美少女戦士セーラームーンEternal」(通常版DVD) [DVD]		0129HM5HEX7	B093C1CSG6	105.31	1	2026-01-28 16:24:46 PST		y	1			11				B093C1CSG6						B093C1CSG6			0	DEFAULT	Migrated Template	Active
劇場版「美少女戦士セーラームーンEternal」(初回限定版Blu-ray) [Blu-ray]		0227H2JURSH	B093C2BXMR	201.01	1	2026-02-26 19:40:56 PST		y	1			11				B093C2BXMR						B093C2BXMR			0	DEFAULT	Migrated Template	Active
スーパーカブ Blu-ray BOX [Blu-ray]		0129HM70L8W	B093CDF44W	262.93	1	2026-01-28 16:24:46 PST		y	1			11				B093CDF44W						B093CDF44W			0	DEFAULT	Migrated Template	Active
Gintama The Final (Complete Production Limited Edition) (Blu-ray) [Blu-ray]		0120HS9O120	B093LW88ZC	119.56	1	2026-01-20 01:10:21 PST		y	1			11				B093LW88ZC						B093LW88ZC			0	DEFAULT	Migrated Template	Active
Sailor Fountain Pen Profit Casual Gold Trim Black Music 11-0570-920		0120HSK9QY7	B093PMYP6W	140.29	1	2026-01-20 01:52:46 PST		y	1			11				B093PMYP6W						B093PMYP6W			0	DEFAULT	Migrated Template	Active
Perfect World (Version A) (incl. DVD) [Audio CD] TWICE		0129HM8HIM3	B09533Q5CP	70.69	1	2026-01-28 16:24:46 PST		y	1			11				B09533Q5CP						B09533Q5CP			0	DEFAULT	Migrated Template	Active
Makita 40V Max Xgt 13 inches Cordless Fan Bare Tool		0227H2ASIIY	B0969584DV	168.14	1	2026-02-26 19:40:56 PST		y	1			11				B0969584DV						B0969584DV			0	DEFAULT	Migrated Template	Active
Daiwa 21 Emeraldas MX 711MLM-S/N		0303HH1199E	B096H134W1	286.38	1	2026-03-02 18:51:29 PST		y	1			11				B096H134W1						B096H134W1			0	DEFAULT	Migrated Template	Active
Daiwa MX 86MH/N 21 Emeraldas Rod		0303HGZSEC5	B096H6YJND	266.08	1	2026-03-02 18:51:29 PST		y	1			11				B096H6YJND						B096H6YJND			0	DEFAULT	Migrated Template	Active
Daiwa MX 83ML/N 21 Emeraldas Rod		0303HGTK6VR	B096H72W1Q	289.87	1	2026-03-02 18:51:29 PST		y	1			11				B096H72W1Q						B096H72W1Q			0	DEFAULT	Migrated Template	Active
Daiwa MX 89M/N 21 Emeraldas Rod		0303HH15NEX	B096H72W2Y	268.95	1	2026-03-02 18:51:29 PST		y	1			11				B096H72W2Y						B096H72W2Y			0	DEFAULT	Migrated Template	Active
Daiwa 21 Emeraldas MX 86M-S/N		0303HH14TB7	B096H79CFV	288.27	1	2026-03-02 18:51:29 PST		y	1			11				B096H79CFV						B096H79CFV			0	DEFAULT	Migrated Template	Active
Daiwa MX IL 83MH/N 21 Emeraldas Rod		0303HH1610C	B096H8FCZ9	290.37	1	2026-03-02 18:51:29 PST		y	1			11				B096H8FCZ9						B096H8FCZ9			0	DEFAULT	Migrated Template	Active
Daiwa MX IL 83M/N 21 Emeraldas Rod		0303HH2LRVU	B096HBS666	266.15	1	2026-03-02 18:51:29 PST		y	1			11				B096HBS666						B096HBS666			0	DEFAULT	Migrated Template	Active
Daiwa Emeraldas MX IL 21 Rod, 83ML/N		0303HH1XHJQ	B096HDRSTJ	402.17	1	2026-03-02 18:51:29 PST		y	1			11				B096HDRSTJ						B096HDRSTJ			0	DEFAULT	Migrated Template	Active
Daiwa MX 83M/N 21 Emeraldas Rod		0303HH14TAD	B096HJ1Q7Z	281.47	1	2026-03-02 18:51:29 PST		y	1			11				B096HJ1Q7Z						B096HJ1Q7Z			0	DEFAULT	Migrated Template	Active
Daiwa MX 75MMH-S N 21 Emeraldas Rod		0303HGZVHUJ	B096HJ5VY9	268.95	1	2026-03-02 18:51:29 PST		y	1			11				B096HJ5VY9						B096HJ5VY9			0	DEFAULT	Migrated Template	Active
Daiwa MX 86ML/N 21 Emeraldas Rod		0303HH4ATWP	B096HLJFSG	287.36	1	2026-03-02 18:51:29 PST		y	1			11				B096HLJFSG						B096HLJFSG			0	DEFAULT	Migrated Template	Active
Daiwa Emeraldas MX IL 21 Rod, 86ML/N		0303HGZOY17	B096HX75Q9	284.25	1	2026-03-02 18:51:29 PST		y	1			11				B096HX75Q9						B096HX75Q9			0	DEFAULT	Migrated Template	Active
Daiwa EMERALDAS X BOAT 65MLS-S		0303HGXUO3L	B097CPJWGW	181.96	1	2026-03-02 18:51:29 PST		y	1			11				B097CPJWGW						B097CPJWGW			0	DEFAULT	Migrated Template	Active
Daiwa EMERALDAS X BOAT 70MLS-S		0303HGZOP9O	B097CPW7J6	181.01	1	2026-03-02 18:51:29 PST		y	1			11				B097CPW7J6						B097CPW7J6			0	DEFAULT	Migrated Template	Active
Daiwa EMERALDAS X BOAT 511MLS-S		0303HGWT9CJ	B097CQ3HZQ	177.26	1	2026-03-02 18:51:29 PST		y	1			11				B097CQ3HZQ						B097CQ3HZQ			0	DEFAULT	Migrated Template	Active
"Magia Record Puella Magi Madoka Magica Gaiden" Music Collection 2 (First Press Limited Edition) [Audio CD] マギアレコード 魔法少女まどか☆マギカ外伝		0120HSCFK7A	B097Y4XFGV	67.77	1	2026-01-20 01:10:21 PST		y	1			11				B097Y4XFGV						B097Y4XFGV			0	DEFAULT	Migrated Template	Active
TV anime "Miss Kobayashi's Dragon S" original soundtrack [Audio CD] Ito, Masumi / Kondo, Kenji / Kotringo		0129HM317SL	B098TR138B	63.06	1	2026-01-28 16:24:46 PST		y	1			11				B098TR138B						B098TR138B			0	DEFAULT	Migrated Template	Active
32 [Audio CD] DIMENSION		0131HVNOMUY	B09BTGLGM2	59.49	1	2026-01-31 03:56:41 PST		y	1			11				B09BTGLGM2						B09BTGLGM2			0	DEFAULT	Migrated Template	Active
Makita MP001GZ compressor 11.1 bar 40V max. (without battery and charger), petrol		0227H27QLQO	B09F6KYFYS	208.5	1	2026-02-26 19:40:56 PST		y	1			11				B09F6KYFYS						B09F6KYFYS			0	DEFAULT	Migrated Template	Active
Daiwa LT1000S-P Presso Reel 21		0303HGTLPTC	B09F6NQ7K8	408.18	1	2026-03-02 18:51:29 PST		y	1			11				B09F6NQ7K8						B09F6NQ7K8			0	DEFAULT	Migrated Template	Active
Daiwa LT2000SS-P Presso Reel 21		0303HGZVXFW	B09F6P8TF3	413.17	1	2026-03-02 18:51:29 PST		y	1			11				B09F6P8TF3						B09F6P8TF3			0	DEFAULT	Migrated Template	Active
Sailor Fountain Pen Pro Fit Light Gold Trim Shining Blue Bold 11-1038-640		0129HM638E5	B09FJP5ZTC	192.35	1	2026-01-28 16:24:46 PST		y	1			11				B09FJP5ZTC						B09FJP5ZTC			0	DEFAULT	Migrated Template	Active
Sailor Fountain Pen Pro Fit Light Silver Trim Black Music 11-1039-920		0120HSN5E9C	B09FJQ7PBL	189.72	1	2026-01-20 01:52:46 PST		y	1			11				B09FJQ7PBL						B09FJQ7PBL			0	DEFAULT	Migrated Template	Active
Future Past (Deluxe Edition) (incl. Japan-only bonus track) [Audio CD] Duran Duran		0129HM5AHJ8	B09FLRW1BK	86.21	1	2026-01-28 16:24:46 PST		y	1			11				B09FLRW1BK						B09FLRW1BK			0	DEFAULT	Migrated Template	Active
ONE OK ROCK 2020 Field of Wonder at Stadium (DVD) [DVD]		0129HM7RZLB	B09FPQSYJX	89.84	1	2026-01-28 16:24:46 PST		y	1			11				B09FPQSYJX						B09FPQSYJX			0	DEFAULT	Migrated Template	Active
Sanei Boeki Goodra S Pokémon All Star Collection		0129HM8DZKI	B09G6LCQ3W	62.68	1	2026-01-28 16:24:46 PST		y	1			11				B09G6LCQ3W						B09G6LCQ3W			0	DEFAULT	Migrated Template	Active
Inbal 85th Anniversary Box Berlioz Work Collection [Audio CD] エリアフ・インバル指揮フランクフルト放送交響楽団、他		0129HM7M9B5	B09G7JVY4N	188.63	1	2026-01-28 16:24:46 PST		y	1			11				B09G7JVY4N						B09G7JVY4N			0	DEFAULT	Migrated Template	Active
見える子ちゃん 第2巻 [Blu-ray] [Blu-ray]		0120HSK6AT6	B09H7HRC46	150.9	1	2026-01-20 01:52:46 PST		y	1			11				B09H7HRC46						B09H7HRC46			0	DEFAULT	Migrated Template	Active
舞台「文豪ストレイドッグス 太宰、中也、十五歳」 [Blu-ray] [Blu-ray]		0120HSDDS21	B09HLXYGZK	127.44	1	2026-01-20 01:10:21 PST		y	1			11				B09HLXYGZK						B09HLXYGZK			0	DEFAULT	Migrated Template	Active
86 - 8 (Complete Production Limited Edition) (DVD) [DVD]		0120HSRDFG0	B09HN9R2MD	96.19	1	2026-01-20 01:52:46 PST		y	1			11				B09HN9R2MD						B09HN9R2MD			0	DEFAULT	Migrated Template	Active
Daiwa Gekkabijin MX AJING N 710ML-S N Black		0303HH4AQJQ	B09JF8D4QM	293.24	1	2026-03-02 18:51:29 PST		y	1			11				B09JF8D4QM						B09JF8D4QM			0	DEFAULT	Migrated Template	Active
Kaneshotouki 008193 Doraemon Vacuum Insulated Stainless Steel Tumbler, M, 13.5 fl oz (400 ml), Blue		0120HS38JSQ	B09JSQ2V6H	63.08	1	2026-01-20 01:10:21 PST		y	1			11				B09JSQ2V6H						B09JSQ2V6H			0	DEFAULT	Migrated Template	Active
Kaneshotouki 403191 Dick Bruna Miffy Vacuum Insulated Stainless Steel Tumbler, M, 13.5 fl oz (400 ml)		0120HS3817Z	B09JSQQ117	60.22	1	2026-01-20 01:10:21 PST		y	1			11				B09JSQQ117						B09JSQQ117			0	DEFAULT	Migrated Template	Active
Daiwa TW HD 1000HL Baitcasting Reel 22 Gillion		0303HH1KP3Y	B09LQY6S62	438.74	1	2026-03-02 18:51:29 PST		y	1			11				B09LQY6S62						B09LQY6S62			0	DEFAULT	Migrated Template	Active
Daiwa Baitcasting Reel 22 Gillion TW HD 1000XHL		0303HGTOZP6	B09LQYDJW7	442.46	1	2026-03-02 18:51:29 PST		y	1			11				B09LQYDJW7						B09LQYDJW7			0	DEFAULT	Migrated Template	Active
Daiwa Baitcasting Reel 22 Gillion TW HD 1000XH		0303HH4XRO9	B09LQYPVDT	442.59	1	2026-03-02 18:51:29 PST		y	1			11				B09LQYPVDT						B09LQYPVDT			0	DEFAULT	Migrated Template	Active
Daiwa Baitcasting Reel 22 Gillion TW HD 1000H		0303HGWHMCV	B09LQYXKGX	443.3	1	2026-03-02 18:51:29 PST		y	1			11				B09LQYXKGX						B09LQYXKGX			0	DEFAULT	Migrated Template	Active
Wet Leg [歌詞・解説書封入 / ボーナストラック2曲追加収録 / 国内盤CD] (BRC694) [Audio CD] Wet Leg and ウェット・レッグ		0129HM3N63C	B09MW6347C	61.32	1	2026-01-28 16:24:46 PST		y	1			11				B09MW6347C						B09MW6347C			0	DEFAULT	Migrated Template	Active
ライブ・スペクタクル「NARUTO-ナルト-」~うずまきナルト物語~(完全生産限定版) [DVD] [DVD]		0120HSE5P50	B09MZG74C5	118.43	1	2026-01-20 01:10:21 PST		y	1			11				B09MZG74C5						B09MZG74C5			0	DEFAULT	Migrated Template	Active
Anime "Violet Evergarden" Piano Album [Audio CD] Various Artists		1224FGKHLWG	B09N9D2YQT	64.35	1	2025-12-23 17:14:44 PST		y	1			11				B09N9D2YQT						B09N9D2YQT			0	DEFAULT	Venesplo_2601	Active
ミュージカル「ヘタリア~The world is wonderful~」 [Blu-ray] [Blu-ray]		0120HRR7U1Q	B09NNV8KGF	122.63	1	2026-01-20 01:10:21 PST		y	1			11				B09NNV8KGF						B09NNV8KGF			0	DEFAULT	Migrated Template	Active
Sasaki and Miyano Vol. 2 [DVD] [DVD]		0129HM6WKOU	B09NQW3ZDQ	78.37	1	2026-01-28 16:24:46 PST		y	1			11				B09NQW3ZDQ						B09NQW3ZDQ			0	DEFAULT	Migrated Template	Active
Sasaki and Miyano Vol. 2 (Blu-ray) [Blu-ray]		0120HS9E1NM	B09NQWDGJ7	119.21	1	2026-01-20 01:10:21 PST		y	1			11				B09NQWDGJ7						B09NQWDGJ7			0	DEFAULT	Migrated Template	Active
[Amazon.co.jp Exclusive] Movie Version "Kin-iro Mosaic Thank You!! Deluxe Edition (Early Booking Bonus: Includes A3 Clear Poster with Illustrations Drawn by Yui Hara) (Purchase Bonus: A4 Clear File with Illustrations Drawn by Anime) (Blu-ray) [Blu-ray]		0120HSGOWQ8	B09NXCHFB2	69.64	1	2026-01-20 01:52:46 PST		y	1			11				B09NXCHFB2						B09NXCHFB2			0	DEFAULT	Migrated Template	Active
Daiwa SLP Works RCSB SV Boost 1000 G1 Red		0303HGYFPHO	B09PTKX5YM	160.18	1	2026-03-02 18:51:29 PST		y	1			11				B09PTKX5YM						B09PTKX5YM			0	DEFAULT	Migrated Template	Active
Demon Slayer Yukaku Hen 5 (Complete Production Limited Edition) (Blu-ray) [Blu-ray]		0120HSK2KAK	B09QSLCGQM	85.65	1	2026-01-20 01:52:46 PST		y	1			11				B09QSLCGQM						B09QSLCGQM			0	DEFAULT	Migrated Template	Active
Senki Zessho Symphogear Character Song Complete Box (Limited Edition) [Audio CD] V.A. and 戦姫絶唱シンフォギア		0129HM7OPU4	B09QWSLXZL	183.76	1	2026-01-28 16:24:46 PST		y	1			11				B09QWSLXZL						B09QWSLXZL			0	DEFAULT	Migrated Template	Active
Daiwa Spinning Reel 22 Cardia SW 6000S-H (2022 Model)		0303HGZV7BK	B09R1WN2NN	311.95	1	2026-03-02 18:51:29 PST		y	1			11				B09R1WN2NN						B09R1WN2NN			0	DEFAULT	Migrated Template	Active
Daiwa Caldia SW 6000D-H Spinning Reel 22 (2022 Model)		0303HGWS0I0	B09R1WW87D	315.52	1	2026-03-02 18:51:29 PST		y	1			11				B09R1WW87D						B09R1WW87D			0	DEFAULT	Migrated Template	Active
Daiwa 22 Light Game IC Double Axis Reel, 200L (2022 Model)		0303HGZMXFI	B09R1XBQS1	287.37	1	2026-03-02 18:51:29 PST		y	1			11				B09R1XBQS1						B09R1XBQS1			0	DEFAULT	Migrated Template	Active
Daiwa 22 Light Game IC 150 Double Axis Reel, 2022 Model		0303HH5FUZC	B09R1XCF72	262.74	1	2026-03-02 18:51:29 PST		y	1			11				B09R1XCF72						B09R1XCF72			0	DEFAULT	Migrated Template	Active
Daiwa Caldia SW 8000-H Spinning Reel, 2022 Model		0303HH155O6	B09R1XFHKN	332.83	1	2026-03-02 18:51:29 PST		y	1			11				B09R1XFHKN						B09R1XFHKN			0	DEFAULT	Migrated Template	Active
Daiwa 22 Light Game IC 200 Double Axis Reel, 2022 Model		0303HH2F57M	B09R1XR97P	302.29	1	2026-03-02 18:51:29 PST		y	1			11				B09R1XR97P						B09R1XR97P			0	DEFAULT	Migrated Template	Active
Daiwa Caldia SW 10000-H Spinning Reel, 2022 Model		0303HH4G1SP	B09R1Y61ST	330.12	1	2026-03-02 18:51:29 PST		y	1			11				B09R1Y61ST						B09R1Y61ST			0	DEFAULT	Migrated Template	Active
Daiwa Caldia SW 4000-CXH 22 Spinning Reel (2022 Model)		0303HGPXHDW	B09R1Y77TW	263.83	1	2026-03-02 18:51:29 PST		y	1			11				B09R1Y77TW						B09R1Y77TW			0	DEFAULT	Migrated Template	Active
Daiwa 18000 Cardia SW Spinning Reel 22 (2022 Model)		0303HGWSCCV	B09R1YDBJC	366.09	1	2026-03-02 18:51:29 PST		y	1			11				B09R1YDBJC						B09R1YDBJC			0	DEFAULT	Migrated Template	Active
Daiwa Spinning Reel, 22, Cardia SW 5000D-CXH (2022 Model)		0303HH1UN8Y	B09R1YFK65	285.83	1	2026-03-02 18:51:29 PST		y	1			11				B09R1YFK65						B09R1YFK65			0	DEFAULT	Migrated Template	Active
Daiwa Caldia SW 14000-H 22 Spinning Reel, 2022 Model		0303HGWQMIU	B09R1YFXJF	332.83	1	2026-03-02 18:51:29 PST		y	1			11				B09R1YFXJF						B09R1YFXJF			0	DEFAULT	Migrated Template	Active
Daiwa 22 Light Game IC Double Axis Reel, 150L (2022 Model)		0303HH1ZNVJ	B09R1YKLSY	262.74	1	2026-03-02 18:51:29 PST		y	1			11				B09R1YKLSY						B09R1YKLSY			0	DEFAULT	Migrated Template	Active
Daiwa Caldia SW 4000D-CXH 22 Spinning Reel (2022 Model)		0303HH2LH8V	B09R1YZSN1	263.98	1	2026-03-02 18:51:29 PST		y	1			11				B09R1YZSN1						B09R1YZSN1			0	DEFAULT	Migrated Template	Active
Daiwa IC 150-DH 22 Light Game Double Axis Reel, 2022 Model		0303HGZJ7IK	B09R1ZG6RD	276.2	1	2026-03-02 18:51:29 PST		y	1			11				B09R1ZG6RD						B09R1ZG6RD			0	DEFAULT	Migrated Template	Active
DAIWA Tylaba Rod, Red Fang X 69HB-S, Black		0303HH14TAO	B09R4C625Y	145.76	1	2026-03-02 18:51:29 PST		y	1			11				B09R4C625Y						B09R4C625Y			0	DEFAULT	Migrated Template	Active
Daiwa 90CH Metal α Light Holder		0303HH25TFZ	B09R94ZQ3D	211.4	1	2026-03-02 18:51:29 PST		y	1			11				B09R94ZQ3D						B09R94ZQ3D			0	DEFAULT	Migrated Template	Active
Daiwa Light Holder Metal α 160CH Gun Metal/Red		0303HGYI5HA	B09R98XT51	231.14	1	2026-03-02 18:51:29 PST		y	1			11				B09R98XT51						B09R98XT51			0	DEFAULT	Migrated Template	Active
Daiwa Light Holder Metal α 160CH Gun Metal/Blue		0303HGWR6QM	B09R99VNJT	229.81	1	2026-03-02 18:51:29 PST		y	1			11				B09R99VNJT						B09R99VNJT			0	DEFAULT	Migrated Template	Active
Daiwa Light Holder Metal α 90CH Gun Metal/Red		0303HGWUCT4	B09R9KY7RH	221.8	1	2026-03-02 18:51:29 PST		y	1			11				B09R9KY7RH						B09R9KY7RH			0	DEFAULT	Migrated Template	Active
ARTinoise Re.corder Hybrid Acoustic and Electronic Recorder - White		0227H2AP0L3	B09RSKFCMZ	171.64	1	2026-02-26 19:40:56 PST		y	1			11				B09RSKFCMZ						B09RSKFCMZ			0	DEFAULT	Migrated Template	Active
ARTinoise Re.corder Hybrid Acoustic and Electronic Recorder - Black		0227H24JKH4	B09RSKZCBM	173	1	2026-02-26 19:40:56 PST		y	1			11				B09RSKZCBM						B09RSKZCBM			0	DEFAULT	Migrated Template	Active
ARTinoise Re.corder Hybrid Acoustic and Electronic Recorder - Red		0227H2DAIQ7	B09RSWV65X	185.55	1	2026-02-26 19:40:56 PST		y	1			11				B09RSWV65X						B09RSWV65X			0	DEFAULT	Migrated Template	Active
ONE OK ROCK 2021 Day to Night Acoustic Sessions (Normal Edition, DVD) [DVD]		0129HM3D1OX	B09SHK94CW	80.42	1	2026-01-28 16:24:46 PST		y	1			11				B09SHK94CW						B09SHK94CW			0	DEFAULT	Migrated Template	Active
ラブライブ! 虹ヶ咲学園スクールアイドル同好会 4th Live! ~Love the Life We Live~ Blu-ray Memorial BOX [Blu-ray]		0120HRXYIEJ	B09TDQDGQ7	78.04	1	2026-01-20 01:10:21 PST		y	1			11				B09TDQDGQ7						B09TDQDGQ7			0	DEFAULT	Migrated Template	Active
ウマ娘 プリティーダービー 2nd EVENT「Sound Fanfare! 」Blu-ray [Blu-ray]		0129HM86WGG	B09TWGDF5R	126.57	1	2026-01-28 16:24:46 PST		y	1			11				B09TWGDF5R						B09TWGDF5R			0	DEFAULT	Migrated Template	Active
ウマ娘 プリティーダービー 3rd EVENT WINNING DREAM STAGE Blu-ray [Blu-ray]		0129HM5VZ8S	B09TWH667Y	122.08	1	2026-01-28 16:24:46 PST		y	1			11				B09TWH667Y						B09TWH667Y			0	DEFAULT	Migrated Template	Active
ネイルの島 [Audio CD] さらさ		0129HM5XCG1	B09V5PJXHB	51.76	1	2026-01-28 16:24:46 PST		y	1			11				B09V5PJXHB						B09V5PJXHB			0	DEFAULT	Migrated Template	Active
Kaneshotouki 008159 Doraemon Soba Bokokuchi Soba Noodles, Choco, Approx. 3.1 inches (8 cm), Kutani Ware, Shosan-style Colored Gold Handle, Made in Japan		0129HM8OOMK	B09VT1L4GB	75.23	1	2026-01-28 16:24:46 PST		y	1			11				B09VT1L4GB						B09VT1L4GB			0	DEFAULT	Migrated Template	Active
Kaneshotouki 008156 Doraemon Soba Boaguchi Soba Choko, Approx. 3.1 inches (8 cm), Kutani Yaki, Wooden Rice Style, Plum Flowers, Made in Japan		0129HM7B5ES	B09VT31YYW	66.52	1	2026-01-28 16:24:46 PST		y	1			11				B09VT31YYW						B09VT31YYW			0	DEFAULT	Migrated Template	Active
Ibanez WS1 Guitar Wireless System		0129HM5ZJZP	B09VTJP7VH	226.99	1	2026-01-28 16:24:46 PST		y	1			11				B09VTJP7VH						B09VTJP7VH			0	DEFAULT	Migrated Template	Active
Love Live! Super Star!! Liella! First LoveLive! Tour ~ Starlines ~ Blu-ray Memorial Box (Complete Production Limited) [Blu-ray]		0129HM7GSXO	B09XJ66PVP	87.25	1	2026-01-28 16:24:46 PST		y	1			11				B09XJ66PVP						B09XJ66PVP			0	DEFAULT	Migrated Template	Active
Daiwa SLP Works SLPW EX LT Spool 2 3000S		0303HH1R6JH	B09ZX9FK8B	199.64	1	2026-03-02 18:51:29 PST		y	1			11				B09ZX9FK8B						B09ZX9FK8B			0	DEFAULT	Migrated Template	Active
Daiwa SLP Works SLPW EX LT Spool 2 4000S		0303HGTN11S	B09ZXGKBVL	206.22	1	2026-03-02 18:51:29 PST		y	1			11				B09ZXGKBVL						B09ZXGKBVL			0	DEFAULT	Migrated Template	Active
Daiwa SLP Works SLPW EX LT Spool 2 2000SS		0303HGZOP9R	B09ZXHRH12	196.31	1	2026-03-02 18:51:29 PST		y	1			11				B09ZXHRH12						B09ZXHRH12			0	DEFAULT	Migrated Template	Active
Daiwa SLP Works SLPW EX LT Spool 2 1000SS		0303HH250HR	B09ZXJKSKZ	196.31	1	2026-03-02 18:51:29 PST		y	1			11				B09ZXJKSKZ						B09ZXJKSKZ			0	DEFAULT	Migrated Template	Active
Daiwa SLP Works SLPW EX LT Spool 2 2500SS		0303HGWSV9Z	B09ZXK7FKK	194.79	1	2026-03-02 18:51:29 PST		y	1			11				B09ZXK7FKK						B09ZXK7FKK			0	DEFAULT	Migrated Template	Active
Daiwa SLP Works SLPW EX LT Spool 2 5000S		0303HH1AXLN	B09ZXM3Y1V	205.76	1	2026-03-02 18:51:29 PST		y	1			11				B09ZXM3Y1V						B09ZXM3Y1V			0	DEFAULT	Migrated Template	Active
Daiwa SLP Works SLPW EX LT Spool 2 2500S		0303HH530BU	B09ZXVXSPP	196.31	1	2026-03-02 18:51:29 PST		y	1			11				B09ZXVXSPP						B09ZXVXSPP			0	DEFAULT	Migrated Template	Active
EGO APARTMENT [Audio CD]		0129HM7PWSO	B0B1LNL8LD	65.74	1	2026-01-28 16:24:46 PST		y	1			11				B0B1LNL8LD						B0B1LNL8LD			0	DEFAULT	Migrated Template	Active
The Movie Version "Kindaichi Shonen Case File: Legend of the Fishmen" DVD [DVD]		0120HSK866F	B0B29G83KN	69.07	1	2026-01-20 01:52:46 PST		y	1			11				B0B29G83KN						B0B29G83KN			0	DEFAULT	Migrated Template	Active
DAIWA TW800S-XH ALPHAS SV Bath Bait Reel		0303HH1578L	B0B2NRSPSH	276.58	1	2026-03-02 18:51:29 PST		y	1			11				B0B2NRSPSH						B0B2NRSPSH			0	DEFAULT	Migrated Template	Active
DAIWA TW800S-H ALPHAS SV Bath Bait Reel		0303HGZ7ZC5	B0B2NSG5DW	276.58	1	2026-03-02 18:51:29 PST		y	1			11				B0B2NSG5DW						B0B2NSG5DW			0	DEFAULT	Migrated Template	Active
DAIWA TW800S-XHL ALPHAS SV Bath Bait Reel, Silver		0303HGTLPSF	B0B2NZ1YCZ	276.58	1	2026-03-02 18:51:29 PST		y	1			11				B0B2NZ1YCZ						B0B2NZ1YCZ			0	DEFAULT	Migrated Template	Active
VISUAL PRISON 1st GIG -RED MOON-(完全生産限定版) [Blu-ray] [Blu-ray]		0120HS7U2OI	B0B3CFQ2CL	105.55	1	2026-01-20 01:10:21 PST		y	1			11				B0B3CFQ2CL						B0B3CFQ2CL			0	DEFAULT	Migrated Template	Active
VISUAL PRISON 1st GIG -RED MOON-(完全生産限定版) [DVD] [DVD]		0120HS9HJNG	B0B3CVMBFN	95.67	1	2026-01-20 01:10:21 PST		y	1			11				B0B3CVMBFN						B0B3CVMBFN			0	DEFAULT	Migrated Template	Active
Bungo Stray Dogs STORM BRINGER (Blu-ray) [Blu-ray]		0129HM6UF6J	B0B45JXTGB	121.72	1	2026-01-28 16:24:46 PST		y	1			11				B0B45JXTGB						B0B45JXTGB			0	DEFAULT	Migrated Template	Active
ようこそ実力至上主義の教室へ 2nd Season 第1巻 [DVD] [DVD]		0129HM480FA	B0B4DTYJMN	105.31	1	2026-01-28 16:24:46 PST		y	1			11				B0B4DTYJMN						B0B4DTYJMN			0	DEFAULT	Migrated Template	Active
舞台「文豪ストレイドッグス STORM BRINGER」 [DVD] [DVD]		0120HSGM5PG	B0B4J8RMBP	118.44	1	2026-01-20 01:52:46 PST		y	1			11				B0B4J8RMBP						B0B4J8RMBP			0	DEFAULT	Migrated Template	Active
Harlem in the Labyrinth of Another World DVD Box First Volume "Normal Edition" [DVD]		0129HM5Z0W6	B0B4WFWYZY	181.89	1	2026-01-28 16:24:46 PST		y	1			11				B0B4WFWYZY						B0B4WFWYZY			0	DEFAULT	Migrated Template	Active
Harem in the Labyrinth of Another World, Blu-ray Box, Volume 2 [Blu-ray]		0129HM7L54D	B0B4WFZ7BZ	196.49	1	2026-01-28 16:24:46 PST		y	1			11				B0B4WFZ7BZ						B0B4WFZ7BZ			0	DEFAULT	Migrated Template	Active
Luminous Witches Vol. 3 DVD [DVD]		0129HM3NSZO	B0B52BWWCT	109.88	1	2026-01-28 16:24:46 PST		y	1			11				B0B52BWWCT						B0B52BWWCT			0	DEFAULT	Migrated Template	Active
Luminous Witches Vol. 1 DVD [DVD]		0129HM86WGR	B0B52D8SZC	84.43	1	2026-01-28 16:24:46 PST		y	1			11				B0B52D8SZC						B0B52D8SZC			0	DEFAULT	Migrated Template	Active
ラブライブ！サンシャイン!! Aqours 6th LoveLive! ～KU-RU-KU-RU Rock 'n' Roll TOUR～ ＜OCEAN STAGE＞ Blu-ray Memorial BOX [Blu-ray]		0129HM52825	B0B56DQ5BL	139.91	1	2026-01-28 16:24:46 PST		y	1			11				B0B56DQ5BL						B0B56DQ5BL			0	DEFAULT	Migrated Template	Active
リコリス・リコイル 5(完全生産限定版) [DVD] [DVD]		0120HSFRMMH	B0B5DB9T7G	84.43	1	2026-01-20 01:52:46 PST		y	1			11				B0B5DB9T7G						B0B5DB9T7G			0	DEFAULT	Migrated Template	Active
BLEACH Blu-ray Disc BOX 破面篇セレクション2＋死神代行消失篇(完全生産限定版) [Blu-ray]		0120HS94B2H	B0B5DD5WMR	374.45	1	2026-01-20 01:10:21 PST		y	1			11				B0B5DD5WMR						B0B5DD5WMR			0	DEFAULT	Migrated Template	Active
Engage Kiss 6(完全生産限定版) [Blu-ray] [Blu-ray]		0120HS5IR6K	B0B5DXX6RP	101.08	1	2026-01-20 01:10:21 PST		y	1			11				B0B5DXX6RP						B0B5DXX6RP			0	DEFAULT	Migrated Template	Active
Dinosaur Jr. / Freak Scene (Blu-ray) [Blu-ray]		0129HM5E7JG	B0B5L1R8YV	78.26	1	2026-01-28 16:24:46 PST		y	1			11				B0B5L1R8YV						B0B5L1R8YV			0	DEFAULT	Migrated Template	Active
Extreme Hearts Blu-ray vol.2 [Blu-ray]		0120HSOO07D	B0B5WJ9BHR	141.68	1	2026-01-20 01:52:46 PST		y	1			11				B0B5WJ9BHR						B0B5WJ9BHR			0	DEFAULT	Migrated Template	Active
Daiwa S1500X LS Cooler Box, Fishing, Outdoor/Camping, 22 Coolline α, Magenta, 3.0 gal (15 L)		0303HH1ZNVU	B0B7KSNMY1	286.27	1	2026-03-02 18:51:29 PST		y	1			11				B0B7KSNMY1						B0B7KSNMY1			0	DEFAULT	Migrated Template	Active
Daiwa S1500X LS Cooler Box, Fishing, Outdoor/Camping, 22 Cool Line α, Green, 3.2 gal (15 L)		0303HGZTEEY	B0B7KT1M2P	286.27	1	2026-03-02 18:51:29 PST		y	1			11				B0B7KT1M2P						B0B7KT1M2P			0	DEFAULT	Migrated Template	Active
Daiwa GU1000X LS Cooler Box, Fishing, Outdoors, Camping, 22 Coolline α, Beige		0303HH215CZ	B0B7KTQTMR	271.45	1	2026-03-02 18:51:29 PST		y	1			11				B0B7KTQTMR						B0B7KTQTMR			0	DEFAULT	Migrated Template	Active
Daiwa GU1500X LS Cooler Box, Fishing, Outdoors, Camping, 22 Coolline α, Gray		0303HGTQG7E	B0B7KV1144	309.36	1	2026-03-02 18:51:29 PST		y	1			11				B0B7KV1144						B0B7KV1144			0	DEFAULT	Migrated Template	Active
Private Lesson (4K Remastered Version) [DVD] [DVD]		0129HMAVJBB	B0B873YKQX	117.26	1	2026-01-28 16:24:46 PST		y	1			11				B0B873YKQX						B0B873YKQX			0	DEFAULT	Migrated Template	Active
Delfonics Water Repellent Inner Carrying Case: 10-1/2 in. x 7-1/4 in. (Dark Green) / medium		0129HM6ZSRO	B0B8CNPW5C	80.09	1	2026-01-28 16:24:46 PST		y	1			11				B0B8CNPW5C						B0B8CNPW5C			0	DEFAULT	Migrated Template	Active
The IDOLM@STER MILLION LIVE! 8th Live Twelw@ve Live Blu-ray Complete THE@TER (Complete Limited Production Edition) [Blu-ray]		0120HS7BBIS	B0B8QCJX7S	240.55	1	2026-01-20 01:10:21 PST		y	1			11				B0B8QCJX7S						B0B8QCJX7S			0	DEFAULT	Migrated Template	Active
戦国自衛隊 4Kデジタル修復 Ultra HD Blu-ray 【HDR版】 （4K Ultra HD Blu-ray＋Blu-ray+特典Blu-ray+CD 計4枚組） [Blu-ray] [Blu-ray]		0120HSGNIIH	B0B8ZRXFK9	239.31	1	2026-01-20 01:52:46 PST		y	1			11				B0B8ZRXFK9						B0B8ZRXFK9			0	DEFAULT	Migrated Template	Active
“爱生活！Sunshine!!”Guilty Kiss 2nd LoveLive!～Return To Love♡Kiss Kiss Kiss～蓝光纪念盒 [Blu-ray]		0120HSRN3VW	B0B949BYDJ	129.08	1	2026-01-20 01:52:46 PST		y	1			11				B0B949BYDJ						B0B949BYDJ			0	DEFAULT	Migrated Template	Active
オールドファッションカップケーキ Blu-ray [Blu-ray]		0129HM7BL6D	B0BB21Z3M7	118.07	1	2026-01-28 16:24:46 PST		y	1			11				B0BB21Z3M7						B0BB21Z3M7			0	DEFAULT	Migrated Template	Active
Anpanman Dolorin and Bucket Carnival Blu-ray [Blu-ray]		0129HM62TXT	B0BCVZ5RV2	68.97	1	2026-01-28 16:24:46 PST		y	1			11				B0BCVZ5RV2						B0BCVZ5RV2			0	DEFAULT	Migrated Template	Active
Daiwa SLP Works SLPW EX LT Spool 2 2500		0303HGWT5MN	B0BDL2BB6L	193.47	1	2026-03-02 18:51:29 PST		y	1			11				B0BDL2BB6L						B0BDL2BB6L			0	DEFAULT	Migrated Template	Active
NeverAwake Premium Edition - PS4 (Amazon.co.jp Exclusive) Set of 2 Tin Badges & Bonus: Original Soundtrack CD, Original Art Book, Magnetic Hook Included [video game]		0303HH24X9C	B0BDRPQ581	238.48	1	2026-03-02 18:51:29 PST		y	1			11				B0BDRPQ581						B0BDRPQ581			0	DEFAULT	Migrated Template	Active
Kaneshotouki 242107 Dick Bruna Miffy Dish, Divider Plate, Lunch Plate, Children's Dishes, Dishwasher Safe, Microwave Safe, Tableware, Miffy Goods, 9.1 inches (23 cm), Apple Pattern, Made in Japan		0129HM5H3KW	B0BG49G1HD	55.4	1	2026-01-28 16:24:46 PST		y	1			11				B0BG49G1HD						B0BG49G1HD			0	DEFAULT	Migrated Template	Active
Shin Evangelion Movie Version 3.0 + 1.11 THRICE UPON A TIME (First Press Limited Edition) (Blu-ray + 4K Ultra HD Blu-Ray) [Blu-ray]		0129HM7LNQ3	B0BGS8238K	122.28	1	2026-01-28 16:24:46 PST		y	1			11				B0BGS8238K						B0BGS8238K			0	DEFAULT	Migrated Template	Active
VESSEL 220USB-S1DR Electric Ball Grip, Driver, Limited Color, Dull Red, 1 Bit Included, Electric Ball Ball, High Speed (Low Reverse)		1218FX4S46V	B0BH3VLF2Y	85.99	1	2025-12-17 16:39:18 PST		y	1			11				B0BH3VLF2Y						B0BH3VLF2Y			0	DEFAULT	Venesplo_2601	Active
ラブライブ！スーパースター!! Liella! 2nd LoveLive! ～What a Wonderful Dream!!～ Blu-ray Memorial BOX [Blu-ray]		0129HM9A1LY	B0BHKH63GX	185.29	1	2026-01-28 16:24:46 PST		y	1			11				B0BHKH63GX						B0BHKH63GX			0	DEFAULT	Migrated Template	Active
Live In Philadelphia 1980 King Biscuit Flower Hour [Audio CD] The Beach Boys		0131HVUM6XB	B0BL2S3DCC	86.12	1	2026-01-31 03:56:41 PST		y	1			11				B0BL2S3DCC						B0BL2S3DCC			0	DEFAULT	Migrated Template	Active
ウマ娘 プリティーダービー 4th EVENT SPECIAL DREAMERS!! Blu-ray [Blu-ray]		0120HRRADZ3	B0BLG9PY98	344.25	1	2026-01-20 01:10:21 PST		y	1			11				B0BLG9PY98						B0BLG9PY98			0	DEFAULT	Migrated Template	Active
Daiwa SLP Works 50mm Carbon Light Handle, Gold		0303HGZUE4Y	B0BLTS111K	245.4	1	2026-03-02 18:51:29 PST		y	1			11				B0BLTS111K						B0BLTS111K			0	DEFAULT	Migrated Template	Active
ラブライブ！サンシャイン!! Aqours 6th LoveLive! ～KU-RU-KU-RU Rock 'n' Roll TOUR～ ＜WINDY STAGE＞ Blu-ray Memorial BOX [Blu-ray]		0129HM7Z5W1	B0BLZ5822F	193.22	1	2026-01-28 16:24:46 PST		y	1			11				B0BLZ5822F						B0BLZ5822F			0	DEFAULT	Migrated Template	Active
Tranquility Base Hotel + Casino - UHQCD [Audio CD] Arctic Monkeys		0131HVQ3QVG	B0BMSV5MLR	55.03	1	2026-01-31 03:56:41 PST		y	1			11				B0BMSV5MLR						B0BMSV5MLR			0	DEFAULT	Migrated Template	Active
Live In London 1973 [Audio CD] Elton John		0131HVLWEI9	B0BMSV6XM1	84.42	1	2026-01-31 03:56:41 PST		y	1			11				B0BMSV6XM1						B0BMSV6XM1			0	DEFAULT	Migrated Template	Active
CoMOVE [Audio CD] DEZOLVE		0129HM9K8N4	B0BMSZRJG3	60.89	1	2026-01-28 16:24:46 PST		y	1			11				B0BMSZRJG3						B0BMSZRJG3			0	DEFAULT	Migrated Template	Active
ジョウブレイカー／ドント・ブレイク・ダウン [Blu-ray] [Blu-ray]		0129HM5K2JG	B0BN1LXQVV	55.35	1	2026-01-28 16:24:46 PST		y	1			11				B0BN1LXQVV						B0BN1LXQVV			0	DEFAULT	Migrated Template	Active
Live In Germany ’81 [Audio CD] The Who		0131HVPABUG	B0BN277DML	83.38	1	2026-01-31 03:56:41 PST		y	1			11				B0BN277DML						B0BN277DML			0	DEFAULT	Migrated Template	Active
Live In New York 1996 [Audio CD] The Who		0131HVNP5TB	B0BN8P75BJ	86.12	1	2026-01-31 03:56:41 PST		y	1			11				B0BN8P75BJ						B0BN8P75BJ			0	DEFAULT	Migrated Template	Active
Cracker Island - incl. Bonus Track [Audio CD] Gorillaz		0129HM86WH1	B0BPSFWV7C	60.09	1	2026-01-28 16:24:46 PST		y	1			11				B0BPSFWV7C						B0BPSFWV7C			0	DEFAULT	Migrated Template	Active
Ibanez Pentatone Preamp and Equalizer Pedal		0129HM8DON6	B0BQFLGC2W	277.94	1	2026-01-28 16:24:46 PST		y	1			11				B0BQFLGC2W						B0BQFLGC2W			0	DEFAULT	Migrated Template	Active
転生王女と天才令嬢の魔法革命 DVD BOX 下巻 [DVD] [DVD]		0120HRR99XP	B0BQHM1V53	193.49	1	2026-01-20 01:10:21 PST		y	1			11				B0BQHM1V53						B0BQHM1V53			0	DEFAULT	Migrated Template	Active
Makita TD003GZ 40V Max Li-ion XGT Brushless Impact Driver – Batteries and Charger Not Included		0227H2BTQO5	B0BRQ6YWPC	243.29	1	2026-02-26 19:40:56 PST		y	1			11				B0BRQ6YWPC						B0BRQ6YWPC			0	DEFAULT	Migrated Template	Active
14.4V Lithium‑Ion 3.0Ah Battery		0227H2C1POW	B0BRSZVFWF	202.19	1	2026-02-26 19:40:56 PST		y	1			11				B0BRSZVFWF						B0BRSZVFWF			0	DEFAULT	Migrated Template	Active
Lines Draw Me Normal Edition DVD [DVD]		0120HSC7RGQ	B0BS3TB2M1	65.28	1	2026-01-20 01:10:21 PST		y	1			11				B0BS3TB2M1						B0BS3TB2M1			0	DEFAULT	Migrated Template	Active
The Captain And Me - UHQCD x MQA-CD [Audio CD] Grammy Winning Artist		0129HM7319J	B0BSL76RQ4	60.34	1	2026-01-28 16:24:46 PST		y	1			11				B0BSL76RQ4						B0BSL76RQ4			0	DEFAULT	Migrated Template	Active
Livin' On The Fault Line - UHQCD x MQA-CD [Audio CD] Grammy Winning Artist		0129HM4Q3A4	B0BSL8LM56	60.96	1	2026-01-28 16:24:46 PST		y	1			11				B0BSL8LM56						B0BSL8LM56			0	DEFAULT	Migrated Template	Active
Trusco Nakayama CT-260-OD Trunk Tool Box, OD W 10.6 x D 5.7 x H 2.8 inches (270 x 145 x 70 mm)		0120HSMPJC0	B0BSL8VKV6	73.16	1	2026-01-20 01:52:46 PST		y	1			11				B0BSL8VKV6						B0BSL8VKV6			0	DEFAULT	Migrated Template	Active
Daiwa FCLT2500SSQD Spinning Reel 23 Tattoo		0303HH25TFG	B0BSTLXZFT	242.84	1	2026-03-02 18:51:29 PST		y	1			11				B0BSTLXZFT						B0BSTLXZFT			0	DEFAULT	Migrated Template	Active
Daiwa Spinning Reel 23BG SW 8000-H		1218FX4GV1R	B0BSTM33R6	257.96	1	2025-12-17 16:39:18 PST		y	1			11				B0BSTM33R6						B0BSTM33R6			0	DEFAULT	Venesplo_2601	Active
Daiwa 14000-H Spinning Reel 23BG SW		0129HM8ZUCE	B0BSTM5Y6P	236.81	1	2026-01-28 16:24:46 PST		y	1			11				B0BSTM5Y6P						B0BSTM5Y6P			0	DEFAULT	Migrated Template	Active
Daiwa Spinning Reel 23BG SW 6000D-H		0129HM61L7Y	B0BSTMPM66	195.17	1	2026-01-28 16:24:46 PST		y	1			11				B0BSTMPM66						B0BSTMPM66			0	DEFAULT	Migrated Template	Active
DAIWA 8000-P Spinning Reel 23BG SW		0129HM7RTMM	B0BSTN5F7J	227.24	1	2026-01-28 16:24:46 PST		y	1			11				B0BSTN5F7J						B0BSTN5F7J			0	DEFAULT	Migrated Template	Active
Daiwa FCLT2500SSHQD Spinning Reel 23 Tattoo		0303HH188LI	B0BSTN6XK1	236.05	1	2026-03-02 18:51:29 PST		y	1			11				B0BSTN6XK1						B0BSTN6XK1			0	DEFAULT	Migrated Template	Active
Daiwa LT2500S-XH-QD Spinning Reel 23 Tattoo		0303HGWKOVN	B0BSTN785Z	253.01	1	2026-03-02 18:51:29 PST		y	1			11				B0BSTN785Z						B0BSTN785Z			0	DEFAULT	Migrated Template	Active
DAIWA Spinning Reel 23BG SW 18000		0129HM3MOYC	B0BSTN98D6	248.03	1	2026-01-28 16:24:46 PST		y	1			11				B0BSTN98D6						B0BSTN98D6			0	DEFAULT	Migrated Template	Active
DAIWA Shore Jigging Spinning Reel 23BG SW 5000D-CXH		1224FGMPZEB	B0BSTNHCS8	185.75	1	2025-12-23 17:14:44 PST		y	1			11				B0BSTNHCS8						B0BSTNHCS8			0	DEFAULT	Venesplo_2601	Active
DAIWA Shore Jigging Spinning Reel 23BG SW 4000D-CXH		1218FX4RJ23	B0BSTNMF2Z	191.7	1	2025-12-17 16:39:18 PST		y	1			11				B0BSTNMF2Z						B0BSTNMF2Z			0	DEFAULT	Venesplo_2601	Active
Kaneshotouki Snoopy & Woodstock 623750 Pair Mug, White Ceramic, 9.5 oz (280 ml), Set of 2, Everyday Use, Heat Resistant, Made in Japan		0129HM7JITX	B0BWHJ9STY	57.7	1	2026-01-28 16:24:46 PST		y	1			11				B0BWHJ9STY						B0BWHJ9STY			0	DEFAULT	Migrated Template	Active
ＳＬＰＷＯＲＫＳ Daiwa SLP Works 23 RCSB Carbon Crank Handle 95mm		0303HH59IF6	B0BX3KCFX2	168.93	1	2026-03-02 18:51:29 PST		y	1			11				B0BX3KCFX2						B0BX3KCFX2			0	DEFAULT	Migrated Template	Active
ＳＬＰＷＯＲＫＳ Daiwa SLP Works 23 RCSB Carbon Crank Handle 85mm		0303HGZRDG2	B0BX3TJHY3	158.88	1	2026-03-02 18:51:29 PST		y	1			11				B0BX3TJHY3						B0BX3TJHY3			0	DEFAULT	Migrated Template	Active
ＳＬＰＷＯＲＫＳ Daiwa SLP Works 23 RCSB Carbon Crank Handle 3.9 inches (100 mm)		0303HGZVXFC	B0BX3X8XKB	179.8	1	2026-03-02 18:51:29 PST		y	1			11				B0BX3X8XKB						B0BX3X8XKB			0	DEFAULT	Migrated Template	Active
Daiwa SLP Works 23 RCSB Carbon Crank Handle 90mm		0303HGV119F	B0BX4498Y5	172.67	1	2026-03-02 18:51:29 PST		y	1			11				B0BX4498Y5						B0BX4498Y5			0	DEFAULT	Migrated Template	Active
KINTO 20929 Travel Tumbler, 11.8 fl oz (350 ml), Sand Beige, Vacuum Double Layer Structure, Heat and Cold Retention		0129HM5ME0I	B0BX8X66KY	71.21	1	2026-01-28 16:24:46 PST		y	1			11				B0BX8X66KY						B0BX8X66KY			0	DEFAULT	Migrated Template	Active
MTV Unplugged Presents: LoveLive! Superstar!! Liella! [Blu-ray] [Blu-ray]		0129HM99BRE	B0BXK7YJSK	96.15	1	2026-01-28 16:24:46 PST		y	1			11				B0BXK7YJSK						B0BXK7YJSK			0	DEFAULT	Migrated Template	Active
AIMYON TOUR 2022 “ま・あ・る” IN PIA ARENA MM [通常盤 Blu-ray] (特典なし) [Blu-ray] [Blu-ray]		0120HSCMKSH	B0BY26WRBD	89.18	1	2026-01-20 01:10:21 PST		y	1			11				B0BY26WRBD						B0BY26WRBD			0	DEFAULT	Migrated Template	Active
AIMYON TOUR 2022 “ま・あ・る” IN PIA ARENA MM [初回限定盤 Blu-ray] (特典なし) [Blu-ray] [Blu-ray]		0129HM8CVGH	B0BY28J78R	105.88	1	2026-01-28 16:24:46 PST		y	1			11				B0BY28J78R						B0BY28J78R			0	DEFAULT	Migrated Template	Active
Berlin 1995 [Audio CD] Paul Weller		0131HVQIWO2	B0BYSLNMSY	86.12	1	2026-01-31 03:56:41 PST		y	1			11				B0BYSLNMSY						B0BYSLNMSY			0	DEFAULT	Migrated Template	Active
Live In New York & Tokyo '84 [Audio CD] The Style Council		0131HVQ163X	B0BYSMF1YQ	87.35	1	2026-01-31 03:56:41 PST		y	1			11				B0BYSMF1YQ						B0BYSMF1YQ			0	DEFAULT	Migrated Template	Active
Live At The Hollywood Bowl [Audio CD] Sting		0131HVS9BW3	B0BYZ61P88	86.77	1	2026-01-31 03:56:41 PST		y	1			11				B0BYZ61P88						B0BYZ61P88			0	DEFAULT	Migrated Template	Active
Live In Virginia 1996 [Audio CD] Steely Dan		0131HVMSY2O	B0BYZBK1QR	86.12	1	2026-01-31 03:56:41 PST		y	1			11				B0BYZBK1QR						B0BYZBK1QR			0	DEFAULT	Migrated Template	Active
Daiwa Slp Works 23 Saltiga Shallow Spool, Gold, 5000 15-300		0303HGYX0I5	B0BZBCC7WK	229.06	1	2026-03-02 18:51:29 PST		y	1			11				B0BZBCC7WK						B0BZBCC7WK			0	DEFAULT	Migrated Template	Active
シンフォギアライブ 2020→2022 [Blu-ray] [Blu-ray]		0129HM5TRNU	B0BZWKYP5Z	96.19	1	2026-01-28 16:24:46 PST		y	1			11				B0BZWKYP5Z						B0BZWKYP5Z			0	DEFAULT	Migrated Template	Active
Teranishi Chemical Industry GLAA-BL Guitar Glass Pen with Cap Aurora Ice Blue		0131HVJ0DHE	B0C149TRDC	71.41	1	2026-01-31 03:56:41 PST		y	1			11				B0C149TRDC						B0C149TRDC			0	DEFAULT	Migrated Template	Active
Vessel Electric Ball Grip Screwdriver Electric Drill Ball 220USB		0129HM4Z049	B0C1FCQ4T3	73.66	1	2026-01-28 16:24:46 PST		y	1			11				B0C1FCQ4T3						B0C1FCQ4T3			0	DEFAULT	Migrated Template	Active
【推しの子】1 [Blu-ray] [Blu-ray]		0129HM7XBRN	B0C1KRH573	108.47	1	2026-01-28 16:24:46 PST		y	1			11				B0C1KRH573						B0C1KRH573			0	DEFAULT	Migrated Template	Active
English Horn Lead Man Double Reed Products [MDR-EH]		0131HVQFNLZ	B0C281TG6Y	73.9	1	2026-01-31 03:56:41 PST		y	1			11				B0C281TG6Y						B0C281TG6Y			0	DEFAULT	Migrated Template	Active
鉄道にっぽん！路線たびＥＸ 清流運転 長良川鉄道編 - Switch		0131HVPP323	B0C2PG2WSS	133.85	1	2026-01-31 03:56:41 PST		y	1			11				B0C2PG2WSS						B0C2PG2WSS			0	DEFAULT	Migrated Template	Active
Live 1971（+4） [Audio CD] The Jeff Beck Group		0131HVLTZLY	B0C2PXH8KZ	77.1	1	2026-01-31 03:56:41 PST		y	1			11				B0C2PXH8KZ						B0C2PXH8KZ			0	DEFAULT	Migrated Template	Active
St Louis 1995 [Audio CD] Jeff Beck		0131HVP7KCB	B0C2PYQP7S	78.01	1	2026-01-31 03:56:41 PST		y	1			11				B0C2PYQP7S						B0C2PYQP7S			0	DEFAULT	Migrated Template	Active
Live In Chicago 2007（+2） [Audio CD] Jeff Beck		0131HVO2RU9	B0C2PYZZD1	76.92	1	2026-01-31 03:56:41 PST		y	1			11				B0C2PYZZD1						B0C2PYZZD1			0	DEFAULT	Migrated Template	Active
コアとマーラの5人の海賊 -PS5		0131HVLQ0Z0	B0C4XNF773	59.27	1	2026-01-31 03:56:41 PST		y	1			11				B0C4XNF773						B0C4XNF773			0	DEFAULT	Migrated Template	Active
Sound! Euphonium: Special Feature -Ensemble Contest- (Original Soundtrack) Catch Y [Audio CD] Akito Matsuda		0129HMBAYZI	B0C52Q5QRH	71.07	1	2026-01-28 16:24:46 PST		y	1			11				B0C52Q5QRH						B0C52Q5QRH			0	DEFAULT	Migrated Template	Active
鬼滅の刃　刀鍛冶の里編　5(完全生産限定版) [DVD] [DVD]		0120HSCBHZ9	B0C6K5YNWR	82.52	1	2026-01-20 01:10:21 PST		y	1			11				B0C6K5YNWR						B0C6K5YNWR			0	DEFAULT	Migrated Template	Active
Daiwa 23EMERALDAS RX LT2500 Egging Reel		0303HH4VLW4	B0C6S7QLKN	271.85	1	2026-03-02 18:51:29 PST		y	1			11				B0C6S7QLKN						B0C6S7QLKN			0	DEFAULT	Migrated Template	Active
Daiwa 23EMERALDAS RX LT2500-XH-DH Egging Reel		0303HGTMEHF	B0C6SBTBTL	283.45	1	2026-03-02 18:51:29 PST		y	1			11				B0C6SBTBTL						B0C6SBTBTL			0	DEFAULT	Migrated Template	Active
Daiwa LT2500S 23EMERALDAS RX FC Egging Reel		0303HGWTLJB	B0C6SC175S	271.85	1	2026-03-02 18:51:29 PST		y	1			11				B0C6SC175S						B0C6SC175S			0	DEFAULT	Migrated Template	Active
Live In Sydney 1980 [Audio CD] Black Sabbath		0131HVKZKZ5	B0C7C8BND4	73.97	1	2026-01-31 03:56:41 PST		y	1			11				B0C7C8BND4						B0C7C8BND4			0	DEFAULT	Migrated Template	Active
Live In London 1977 1/19 [Audio CD] Rory Gallagher		0131HVLZBOB	B0C7QDXSZD	84.42	1	2026-01-31 03:56:41 PST		y	1			11				B0C7QDXSZD						B0C7QDXSZD			0	DEFAULT	Migrated Template	Active
ラブライブ！スーパースター!! Liella! 3rd LoveLive! Tour ～WE WILL!!～ Blu-ray Memorial BOX [Blu-ray]		0129HM5WVAE	B0C7R8499L	201.56	1	2026-01-28 16:24:46 PST		y	1			11				B0C7R8499L						B0C7R8499L			0	DEFAULT	Migrated Template	Active
Makita A-76037 Ridge Trimmer Attachment		0227H2ELYJY	B0C7VPZY87	363.69	1	2026-02-26 19:40:56 PST		y	1			11				B0C7VPZY87						B0C7VPZY87			0	DEFAULT	Migrated Template	Active
Back To The Water Below - incl. Bonus Track [Audio CD] Royal Blood		0120HSD3GWS	B0C8HRZFM3	58.48	1	2026-01-20 01:10:21 PST		y	1			11				B0C8HRZFM3						B0C8HRZFM3			0	DEFAULT	Migrated Template	Active
Daiwa LT6000D-H Spinning Reel 23 Regza (Lexa)		0303HGWRM14	B0C9LZLKHH	226.19	1	2026-03-02 18:51:29 PST		y	1			11				B0C9LZLKHH						B0C9LZLKHH			0	DEFAULT	Migrated Template	Active
Daiwa LT4000-C Spinning Reel 23 Regza (Lexa)		0303HH1RM0D	B0C9LZTV6T	215.33	1	2026-03-02 18:51:29 PST		y	1			11				B0C9LZTV6T						B0C9LZTV6T			0	DEFAULT	Migrated Template	Active
Daiwa LT5000-C Spinning Reel 23 Lexa		0303HGZANEN	B0C9M17DFN	218.95	1	2026-03-02 18:51:29 PST		y	1			11				B0C9M17DFN						B0C9M17DFN			0	DEFAULT	Migrated Template	Active
Daiwa LT3000S-C Spinning Reel 23 Lexa		0303HGWQ0T5	B0C9M28BFP	197.05	1	2026-03-02 18:51:29 PST		y	1			11				B0C9M28BFP						B0C9M28BFP			0	DEFAULT	Migrated Template	Active
DAIWA LT5000-CXH Shore Jigging Spinning Reel, 23 Lexa		0303HGWQMHO	B0C9M2CT6H	216.15	1	2026-03-02 18:51:29 PST		y	1			11				B0C9M2CT6H						B0C9M2CT6H			0	DEFAULT	Migrated Template	Active
DAIWA LT2500S Spinning Reel 23 Lexa		0303HH4D3NQ	B0C9M2P6NS	201.55	1	2026-03-02 18:51:29 PST		y	1			11				B0C9M2P6NS						B0C9M2P6NS			0	DEFAULT	Migrated Template	Active
Daiwa LT2500 Lexa Spinning Reel 23		0303HGPWXJF	B0C9M4L4TK	199.14	1	2026-03-02 18:51:29 PST		y	1			11				B0C9M4L4TK						B0C9M4L4TK			0	DEFAULT	Migrated Template	Active
Manchester Apollo 1978 [Audio CD] Van Halen		0131HVNE7YY	B0CBBSS328	78.07	1	2026-01-31 03:56:41 PST		y	1			11				B0CBBSS328						B0CBBSS328			0	DEFAULT	Migrated Template	Active
Japan 1992 [Audio CD] Skid Row		0131HVPM3HZ	B0CBJT4RTD	74.08	1	2026-01-31 03:56:41 PST		y	1			11				B0CBJT4RTD						B0CBJT4RTD			0	DEFAULT	Migrated Template	Active
Live In Tokyo 1991 [Audio CD] Winger		0131HVMM3JE	B0CBJTNV2W	69.64	1	2026-01-31 03:56:41 PST		y	1			11				B0CBJTNV2W						B0CBJTNV2W			0	DEFAULT	Migrated Template	Active
Live In Tokyo 1984（+3） [Audio CD] Queensryche		0131HVN56XJ	B0CBJVVDCQ	84.22	1	2026-01-31 03:56:41 PST		y	1			11				B0CBJVVDCQ						B0CBJVVDCQ			0	DEFAULT	Migrated Template	Active
Live In Japan 1999 [Audio CD] Def Leppard		0131HVPL7KL	B0CBKBXPCM	92.74	1	2026-01-31 03:56:41 PST		y	1			11				B0CBKBXPCM						B0CBKBXPCM			0	DEFAULT	Migrated Template	Active
Sheffield Arena, England 1996 [Audio CD] Def Leppard		0131HVKUI2Z	B0CBKC5SXJ	81.09	1	2026-01-31 03:56:41 PST		y	1			11				B0CBKC5SXJ						B0CBKC5SXJ			0	DEFAULT	Migrated Template	Active
Live In Tokyo 1979 [Audio CD] Bob Marley		0131HVLZF8U	B0CBLXGNS9	80.05	1	2026-01-31 03:56:41 PST		y	1			11				B0CBLXGNS9						B0CBLXGNS9			0	DEFAULT	Migrated Template	Active
ウマ娘 プリティーダービー 4th EVENT SPECIAL DREAMERS!! EXTRA STAGE Blu-ray [Blu-ray]		0129HM8HILS	B0CBVJKXNF	251.64	1	2026-01-28 16:24:46 PST		y	1			11				B0CBVJKXNF						B0CBVJKXNF			0	DEFAULT	Migrated Template	Active
Daiwa LT1000S Spinning Reel 23 Monthly Beauty		0303HH14MVY	B0CCN5F68N	246.18	1	2026-03-02 18:51:29 PST		y	1			11				B0CCN5F68N						B0CCN5F68N			0	DEFAULT	Migrated Template	Active
Daiwa LT3000D-C Spinning Reel, 23 Legalis		1218FX94E61	B0CCN5FCTS	131.13	1	2025-12-17 16:39:18 PST		y	1			11				B0CCN5FCTS						B0CCN5FCTS			0	DEFAULT	Venesplo_2601	Active
Daiwa LT2500D Spinning Reel 23 Regalis		0129HM63IET	B0CCN5FKJG	131.59	1	2026-01-28 16:24:46 PST		y	1			11				B0CCN5FKJG						B0CCN5FKJG			0	DEFAULT	Migrated Template	Active
Daiwa LT2000S Spinning Reel 23 Monthly Beauty		0303HGWQ0TG	B0CCN5L6F6	249.31	1	2026-03-02 18:51:29 PST		y	1			11				B0CCN5L6F6						B0CCN5L6F6			0	DEFAULT	Migrated Template	Active
DAIWA 3000XH-LBD 23 Signus Lever Brake Reel for Iso		0303HH2CRAE	B0CCN5Q3F7	288.01	1	2026-03-02 18:51:29 PST		y	1			11				B0CCN5Q3F7						B0CCN5Q3F7			0	DEFAULT	Migrated Template	Active
23 SALTIST TW 100XHL PE Special		0303HGYFNVM	B0CCN5R7ZW	283.45	1	2026-03-02 18:51:29 PST		y	1			11				B0CCN5R7ZW						B0CCN5R7ZW			0	DEFAULT	Migrated Template	Active
DAIWA Bait Reel 23SALTIST SV TW 80XHL PE Special		0303HH4KJ3C	B0CCN5SG33	272.96	1	2026-03-02 18:51:29 PST		y	1			11				B0CCN5SG33						B0CCN5SG33			0	DEFAULT	Migrated Template	Active
23 SALTIST SV TW 80XH PE Special		0303HH203PE	B0CCN69MV5	272.96	1	2026-03-02 18:51:29 PST		y	1			11				B0CCN69MV5						B0CCN69MV5			0	DEFAULT	Migrated Template	Active
DAIWA LT5000-CXH Shore Jigging Spinning Reel, 23 Legalis		1218FX5FIFM	B0CCN6CCFV	138.31	1	2025-12-17 16:39:18 PST		y	1			11				B0CCN6CCFV						B0CCN6CCFV			0	DEFAULT	Venesplo_2601	Active
23 SALTIST TW 300XH PE Special		0303HH1X87X	B0CCN6MCQ5	365.56	1	2026-03-02 18:51:29 PST		y	1			11				B0CCN6MCQ5						B0CCN6MCQ5			0	DEFAULT	Migrated Template	Active
DAIWA LT2000S-H Azing, Mebaling, Spinning Reel, 23 Monthly Beauty		0303HGTQK2F	B0CCN6NFCF	245.99	1	2026-03-02 18:51:29 PST		y	1			11				B0CCN6NFCF						B0CCN6NFCF			0	DEFAULT	Migrated Template	Active
DAIWA 3000H-LBD 23 Signus Lever Brake Reel for Iso		0303HH1DGY3	B0CCN76JFX	274.21	1	2026-03-02 18:51:29 PST		y	1			11				B0CCN76JFX						B0CCN76JFX			0	DEFAULT	Migrated Template	Active
One Ok Rock 2023 Luxury Disease Japan Tour [BD] [BLU-Ray] [Blu-ray]		0129HM5CA4Q	B0CCY9XFQT	98.6	1	2026-01-28 16:24:46 PST		y	1			11				B0CCY9XFQT						B0CCY9XFQT			0	DEFAULT	Migrated Template	Active
One Ok Rock 2023 Luxury Disease Japan Tour [DVD] [DVD] [DVD]		0129HM5BGTB	B0CCYBQLKQ	90.85	1	2026-01-28 16:24:46 PST		y	1			11				B0CCYBQLKQ						B0CCYBQLKQ			0	DEFAULT	Migrated Template	Active
ŹOOĻ LIVE LEGACY "APOŹ"Blu-ray BOX -Limited Edition-【数量限定生産】 [Blu-ray]		0129HM7IXP9	B0CCYKN8MD	188.2	1	2026-01-28 16:24:46 PST		y	1			11				B0CCYKN8MD						B0CCYKN8MD			0	DEFAULT	Migrated Template	Active
DIGMODEL Toy Gamaru Explosive Combined Gangimaru -Reonga Kami- Total Height Approx. 2.9 inches (73 mm), Non-scale, Pre-painted Plastic Assembly Kit [video game]		0131HVLUMUS	B0CDPCQJJB	53.89	1	2026-01-31 03:56:41 PST		y	1			11				B0CDPCQJJB						B0CDPCQJJB			0	DEFAULT	Migrated Template	Active
Kaguya-sama: Love is War 1/7 statuette PVC Ver1.1a 2B Normal Version 18 cm [video game]		1224FGFG7DZ	B0CDTQX5ZY	231.87	1	2025-12-23 17:14:44 PST		y	1			11				B0CDTQX5ZY						B0CDTQX5ZY			0	DEFAULT	Venesplo_2601	Active
Zebra P-JJ56-20TH-WGO Sarasa Grand 20th Anniversary Model 0.5mm White Gold Axis Black Ink Gel Ballpoint Pen		0120HSK6Y5X	B0CF4L5TKW	58.5	1	2026-01-20 01:52:46 PST		y	1			11				B0CF4L5TKW						B0CF4L5TKW			0	DEFAULT	Migrated Template	Active
Sailor Fountain Pen, Profit Junior + 10 mizutama Twitter, Medium Point, 10-0582-302		0129HM6B2FR	B0CG1B1FS5	84.3	1	2026-01-28 16:24:46 PST		y	1			11				B0CG1B1FS5						B0CG1B1FS5			0	DEFAULT	Migrated Template	Active
Live At The Hammersmith Odeon [Audio CD] Paul McCartney & Wings		0131HVS60Q0	B0CG2JMPZ3	61.17	1	2026-01-31 03:56:41 PST		y	1			11				B0CG2JMPZ3						B0CG2JMPZ3			0	DEFAULT	Migrated Template	Active
Live In The UK 1973 [Audio CD] Paul McCartney & Wings		0131HVKHOMQ	B0CG2JMPZ9	78.79	1	2026-01-31 03:56:41 PST		y	1			11				B0CG2JMPZ9						B0CG2JMPZ9			0	DEFAULT	Migrated Template	Active
Live In New Orleans [Audio CD] Robert Plant/Jimmy Page		0131HVN9ODF	B0CG2JVD9W	85.36	1	2026-01-31 03:56:41 PST		y	1			11				B0CG2JVD9W						B0CG2JVD9W			0	DEFAULT	Migrated Template	Active
Top Boy (Score from the Original Series) - UHQCD [Audio CD] Brian Eno		0131HVQEMK5	B0CGFMDYXM	60.82	1	2026-01-31 03:56:41 PST		y	1			11				B0CGFMDYXM						B0CGFMDYXM			0	DEFAULT	Migrated Template	Active
ダイワ(DAIWA) Unisex-Adult S Boots, Black		0303HGZA9AW	B0CHRF91V6	242.95	1	2026-03-02 18:51:29 PST		y	1			11				B0CHRF91V6						B0CHRF91V6			0	DEFAULT	Migrated Template	Active
ダイワ(DAIWA) Unisex-Adult M Boots, Black		0303HH2KYMI	B0CHRGHYWB	217.1	1	2026-03-02 18:51:29 PST		y	1			11				B0CHRGHYWB						B0CHRGHYWB			0	DEFAULT	Migrated Template	Active
ダイワ(DAIWA) Unisex-Adult M Boots, Dark Brown		0303HGTP0OZ	B0CHRHHGMN	222.7	1	2026-03-02 18:51:29 PST		y	1			11				B0CHRHHGMN						B0CHRHHGMN			0	DEFAULT	Migrated Template	Active
ダイワ(DAIWA) Unisex-Adult M Boots, Dark Brown		0303HGZ1WUM	B0CHRJJNB9	202.5	1	2026-03-02 18:51:29 PST		y	1			11				B0CHRJJNB9						B0CHRJJNB9			0	DEFAULT	Migrated Template	Active
Camping Stove Wood Burning Stove (Gray)		0227H24FR5J	B0CJ96W5RJ	248.52	1	2026-02-26 19:40:56 PST		y	1			11				B0CJ96W5RJ						B0CJ96W5RJ			0	DEFAULT	Migrated Template	Active
Goldenhead - Blue Archive - Arona 1/7 PVC Figure Limited Ami Ami Version		0131HVQ7F3T	B0CJQFDFM7	266.9	1	2026-01-31 03:56:41 PST		y	1			11				B0CJQFDFM7						B0CJQFDFM7			0	DEFAULT	Migrated Template	Active
Live In Yokohama '96 [Audio CD] Bon Jovi		0131HVS7772	B0CKF6DRPF	80.24	1	2026-01-31 03:56:41 PST		y	1			11				B0CKF6DRPF						B0CKF6DRPF			0	DEFAULT	Migrated Template	Active
Daiwa 24TATULA TW 100HL Bait Reel		1218FX8E1AG	B0CKHM84DZ	201.21	1	2025-12-17 16:39:18 PST		y	1			11				B0CKHM84DZ						B0CKHM84DZ			0	DEFAULT	Venesplo_2601	Active
DAIWA Bait Reel 24TATULA TW 100XHL		0129HM6AXF2	B0CKHMMYYM	205.91	1	2026-01-28 16:24:46 PST		y	1			11				B0CKHMMYYM						B0CKHMMYYM			0	DEFAULT	Migrated Template	Active
DAIWA Bait Reel 24TATULA TW 100XH		1218FX6TJWN	B0CKHMXDBQ	198.62	1	2025-12-17 16:39:18 PST		y	1			11				B0CKHMXDBQ						B0CKHMXDBQ			0	DEFAULT	Venesplo_2601	Active
Daiwa 24TATULA TW 100H Bait Reel		1218FX8A262	B0CKHNDNMJ	205.91	1	2025-12-17 16:39:18 PST		y	1			11				B0CKHNDNMJ						B0CKHNDNMJ			0	DEFAULT	Venesplo_2601	Active
DAIWA Bait Reel 24TATULA TW 100L		1218FX4RKC7	B0CKHNN17L	201.21	1	2025-12-17 16:39:18 PST		y	1			11				B0CKHNN17L						B0CKHNN17L			0	DEFAULT	Venesplo_2601	Active
Daiwa 24TATULA TW 100 Bait Reel		1218FX95DN8	B0CKHNQ74G	201.21	1	2025-12-17 16:39:18 PST		y	1			11				B0CKHNQ74G						B0CKHNQ74G			0	DEFAULT	Venesplo_2601	Active
VESSEL 220USB-P1RE Electric Ball Grip Screwdriver Plus Premium 3-Level Switching Mode, Limited Color (Red) with 1 Bit		0129HM3MNU3	B0CLL5NXDZ	119.66	1	2026-01-28 16:24:46 PST		y	1			11				B0CLL5NXDZ						B0CLL5NXDZ			0	DEFAULT	Migrated Template	Active
Ibanez TWP10 Twin Peaks Wah Pedal		1224FGI53ND	B0CLVSHGGP	231.99	1	2025-12-23 17:14:44 PST		y	1			11				B0CLVSHGGP						B0CLVSHGGP			0	DEFAULT	Venesplo_2601	Active
Ibanez AAM50CE Advanced Acoustic Auditorium Acoustic-electric Guitar - Open Pore Natural		0129HM3P111	B0CLYQXPP9	438.74	1	2026-01-28 16:24:46 PST		y	1			11				B0CLYQXPP9						B0CLYQXPP9			0	DEFAULT	Migrated Template	Active
Live In Switzerland 1994 [Audio CD] Deep Purple		0131HVSB90A	B0CM3BVB23	90.98	1	2026-01-31 03:56:41 PST		y	1			11				B0CM3BVB23						B0CM3BVB23			0	DEFAULT	Migrated Template	Active
Live In Syracuse, New York 1976 King Biscuit Flower Hour [Audio CD] Black Sabbath		0131HVOA4IQ	B0CM3FT53R	71.98	1	2026-01-31 03:56:41 PST		y	1			11				B0CM3FT53R						B0CM3FT53R			0	DEFAULT	Migrated Template	Active
Live... Germany 1986 [Audio CD] Gary Moore		0131HVPTTFP	B0CM69TV49	77.78	1	2026-01-31 03:56:41 PST		y	1			11				B0CM69TV49						B0CM69TV49			0	DEFAULT	Migrated Template	Active
Live... 2001 [Audio CD] Gary Moore		0131HVLVM3Y	B0CM6BGH5W	75.01	1	2026-01-31 03:56:41 PST		y	1			11				B0CM6BGH5W						B0CM6BGH5W			0	DEFAULT	Migrated Template	Active
Makita A-76043 Hedge Trimmer Attachment		0227H2DUF21	B0CMCH54NW	291.98	1	2026-02-26 19:40:56 PST		y	1			11				B0CMCH54NW						B0CMCH54NW			0	DEFAULT	Migrated Template	Active
Wembley Arena, London June 8th 1984 [Audio CD] Billy Joel		0131HVLZ86R	B0CN95NQHB	61.17	1	2026-01-31 03:56:41 PST		y	1			11				B0CN95NQHB						B0CN95NQHB			0	DEFAULT	Migrated Template	Active
Palm Beach, Florida 1979 [Audio CD] Van Halen		0131HVLZZZ7	B0CN96ZF7J	79.01	1	2026-01-31 03:56:41 PST		y	1			11				B0CN96ZF7J						B0CN96ZF7J			0	DEFAULT	Migrated Template	Active
ARTinoise Re.corder Hybrid Acoustic and Electronic Recorder - Yellow		0227H2CZ67F	B0CPX8FP78	200.97	1	2026-02-26 19:40:56 PST		y	1			11				B0CPX8FP78						B0CPX8FP78			0	DEFAULT	Migrated Template	Active
ARTinoise Re.corder Hybrid Acoustic and Electronic Recorder - Pink		0227H2CEY2W	B0CPX8SPRZ	173	1	2026-02-26 19:40:56 PST		y	1			11				B0CPX8SPRZ						B0CPX8SPRZ			0	DEFAULT	Migrated Template	Active
Daiwa FCLT2500S-XH Spinning Reel, 24-Celte (2024 Model)		0129HM6AKIQ	B0CQJB36JP	499.69	1	2026-01-28 16:24:46 PST		y	1			11				B0CQJB36JP						B0CQJB36JP			0	DEFAULT	Migrated Template	Active
BEHOLGAR -PS5		0131HVNUTM5	B0CQLLN774	60.59	1	2026-01-31 03:56:41 PST		y	1			11				B0CQLLN774						B0CQLLN774			0	DEFAULT	Migrated Template	Active
DAIWA Tungsten Jig TG Bait 180 Mirror Natural Bait		0120HRR7PML	B0CRKNGQ36	112.82	1	2026-01-20 01:10:21 PST		y	1			11				B0CRKNGQ36						B0CRKNGQ36			0	DEFAULT	Migrated Template	Active
DAIWA Tungsten Jigs TG Bait 80 FH Glow Edge Silver		0120HS38JSB	B0CRKNGXQR	62.49	1	2026-01-20 01:10:21 PST		y	1			11				B0CRKNGXQR						B0CRKNGXQR			0	DEFAULT	Migrated Template	Active
DAIWA Tungsten Jig TG Bait 100 FH Tropical Zebra		0120HS9IOIS	B0CRKNVKNM	68.54	1	2026-01-20 01:10:21 PST		y	1			11				B0CRKNVKNM						B0CRKNVKNM			0	DEFAULT	Migrated Template	Active
DAIWA Tungsten Jig TG Bait 30 Mirror Natural Bait		0120HSBJ2GQ	B0CRKNXV4D	61.01	1	2026-01-20 01:10:21 PST		y	1			11				B0CRKNXV4D						B0CRKNXV4D			0	DEFAULT	Migrated Template	Active
DAIWA Tungsten Jigs TG Bait 180 PH Keimura Cotton Candy		0120HRR9NFH	B0CRKNY5QF	101.38	1	2026-01-20 01:10:21 PST		y	1			11				B0CRKNY5QF						B0CRKNY5QF			0	DEFAULT	Migrated Template	Active
DAIWA Tungsten Jig TG Bait 100 Mirror Natural Bait		0120HSC0FDG	B0CRKPCY2C	89.48	1	2026-01-20 01:10:21 PST		y	1			11				B0CRKPCY2C						B0CRKPCY2C			0	DEFAULT	Migrated Template	Active
DAIWA Tungsten Jigs TG Bait 100 PH Gun Meta Globerry		0120HSBL9QM	B0CRKPLBCS	69.64	1	2026-01-20 01:10:21 PST		y	1			11				B0CRKPLBCS						B0CRKPLBCS			0	DEFAULT	Migrated Template	Active
DAIWA Tungsten Jig TG Bait 120 FH Glow Edge Silver		0120HSU0C94	B0CRKPXFHC	98.59	1	2026-01-20 01:52:46 PST		y	1			11				B0CRKPXFHC						B0CRKPXFHC			0	DEFAULT	Migrated Template	Active
DAIWA Tungsten Jig TG Bait 80 FH Tropical Zebra		0120HS7K9SE	B0CRKQ3193	66.83	1	2026-01-20 01:10:21 PST		y	1			11				B0CRKQ3193						B0CRKQ3193			0	DEFAULT	Migrated Template	Active
DAIWA Tungsten Jigs TG Bait 150 FH Glow Edge Silver		0120HSAHNLC	B0CRKQCNJJ	107.7	1	2026-01-20 01:10:21 PST		y	1			11				B0CRKQCNJJ						B0CRKQCNJJ			0	DEFAULT	Migrated Template	Active
DAIWA Tungsten Jigs TG Bait 80 PH Keimura Cotton Candy		0120HSBLLPF	B0CRKQGD5T	81.5	1	2026-01-20 01:10:21 PST		y	1			11				B0CRKQGD5T						B0CRKQGD5T			0	DEFAULT	Migrated Template	Active
DAIWA Tungsten Jigs TG Bait 180 FH Glow Edge Silver		0120HS5JC0H	B0CRKQPKQH	91.53	1	2026-01-20 01:10:21 PST		y	1			11				B0CRKQPKQH						B0CRKQPKQH			0	DEFAULT	Migrated Template	Active
DAIWA Tungsten Jigs TG Bait 100 FH Glow Edge Silver		0120HS9EXQH	B0CRKQQSCC	89.48	1	2026-01-20 01:10:21 PST		y	1			11				B0CRKQQSCC						B0CRKQQSCC			0	DEFAULT	Migrated Template	Active
DAIWA Tungsten Jig TG Bait 180 FH Tropical Zebra		0120HSAK6YI	B0CRKQXZFQ	87.26	1	2026-01-20 01:10:21 PST		y	1			11				B0CRKQXZFQ						B0CRKQXZFQ			0	DEFAULT	Migrated Template	Active
DAIWA Tungsten Jigs TG Bait 120 PH Pearl Back Gold		0120HSCG399	B0CRKR53M6	72.16	1	2026-01-20 01:10:21 PST		y	1			11				B0CRKR53M6						B0CRKR53M6			0	DEFAULT	Migrated Template	Active
DAIWA Tungsten Jigs TG Bait 180 PH Pearl Back Gold		0120HSD27YU	B0CRKR6KVD	87.26	1	2026-01-20 01:10:21 PST		y	1			11				B0CRKR6KVD						B0CRKR6KVD			0	DEFAULT	Migrated Template	Active
DAIWA Tungsten Jigs TG Baits 100 PH Keimura Cotton Candy		0120HSBLLNS	B0CRKR9JC2	89.48	1	2026-01-20 01:10:21 PST		y	1			11				B0CRKR9JC2						B0CRKR9JC2			0	DEFAULT	Migrated Template	Active
Daiwa ADMIRA A150XH Boat-Axle Reel 24		0303HGZ8A3B	B0CRSMK3YS	323.14	1	2026-03-02 18:51:29 PST		y	1			11				B0CRSMK3YS						B0CRSMK3YS			0	DEFAULT	Migrated Template	Active
Daiwa ADMIRA A150HL Boat-Axle Reel 24		0303HGTLPSW	B0CRSVJC92	307.74	1	2026-03-02 18:51:29 PST		y	1			11				B0CRSVJC92						B0CRSVJC92			0	DEFAULT	Migrated Template	Active
Daiwa ADMIRA A150P Boat-Axle Reel 24		0303HGWU9PS	B0CRSVR55T	300.8	1	2026-03-02 18:51:29 PST		y	1			11				B0CRSVR55T						B0CRSVR55T			0	DEFAULT	Migrated Template	Active
Daiwa ADMIRA A150XHL Boat-Axle Reel 24		0303HGYNWJU	B0CRTKQLNW	343.01	1	2026-03-02 18:51:29 PST		y	1			11				B0CRTKQLNW						B0CRTKQLNW			0	DEFAULT	Migrated Template	Active
Daiwa ADMIRA A150H Boat-Axle Reel 24		0303HGYMP8U	B0CRTT9NH3	343.01	1	2026-03-02 18:51:29 PST		y	1			11				B0CRTT9NH3						B0CRTT9NH3			0	DEFAULT	Migrated Template	Active
Detroit 1991 [Audio CD] Lynch Mob		0131HVOAEEN	B0CRVCLFCX	79.85	1	2026-01-31 03:56:41 PST		y	1			11				B0CRVCLFCX						B0CRVCLFCX			0	DEFAULT	Migrated Template	Active
Live In Japan 1984 [Audio CD] Vandenberg		0131HVPUKD3	B0CRVFNMX6	84.24	1	2026-01-31 03:56:41 PST		y	1			11				B0CRVFNMX6						B0CRVFNMX6			0	DEFAULT	Migrated Template	Active
Live In Tokyo 1985 [Audio CD] Stryper		0131HVLYIXF	B0CRVG7562	79.85	1	2026-01-31 03:56:41 PST		y	1			11				B0CRVG7562						B0CRVG7562			0	DEFAULT	Migrated Template	Active
DAIWA LT1000S-P Spinning Reel 24 Tsukiyobijin X		0303HH4CIQN	B0CSXQ5VBV	186.07	1	2026-03-02 18:51:29 PST		y	1			11				B0CSXQ5VBV						B0CSXQ5VBV			0	DEFAULT	Migrated Template	Active
Daiwa Light GAME X IC 150-DH Bait Reel with Counter		0303HGYQB8E	B0CSXRSGPM	158.8	1	2026-03-02 18:51:29 PST		y	1			11				B0CSXRSGPM						B0CSXRSGPM			0	DEFAULT	Migrated Template	Active
Daiwa Light Game X IC 150L-DH Bait Reel with Counter		0303HH203PZ	B0CSXRT6XZ	156.11	1	2026-03-02 18:51:29 PST		y	1			11				B0CSXRT6XZ						B0CSXRT6XZ			0	DEFAULT	Migrated Template	Active
Daiwa Multi-Landing Pole 600 Kosugitama Pattern		0303HGWSVAB	B0CSYHR683	183.33	1	2026-03-02 18:51:29 PST		y	1			11				B0CSYHR683						B0CSYHR683			0	DEFAULT	Migrated Template	Active
Daiwa 500 Kosugitama Pattern Multi Landing Pole		0303HGYL9BY	B0CSYNFJKD	178.15	1	2026-03-02 18:51:29 PST		y	1			11				B0CSYNFJKD						B0CSYNFJKD			0	DEFAULT	Migrated Template	Active
DAIWA 300 Kosugitama Pattern Multi Landing Pole		0303HGTNL4O	B0CSYNSJV2	157.14	1	2026-03-02 18:51:29 PST		y	1			11				B0CSYNSJV2						B0CSYNSJV2			0	DEFAULT	Migrated Template	Active
Azumanga-Daioh (Original Soundtrack) [Audio CD] Oranges & Lemons / Kuricorder Pops Orchestra		0129HM68CFA	B0CTMBPVZY	81.57	1	2026-01-28 16:24:46 PST		y	1			11				B0CTMBPVZY						B0CTMBPVZY			0	DEFAULT	Migrated Template	Active
Ready To Be - In Japan - 5th World Tour - Limited Edition [Blu-ray]		0129HM7F0F4	B0CV3LHC5X	101.48	1	2026-01-28 16:24:46 PST		y	1			11				B0CV3LHC5X						B0CV3LHC5X			0	DEFAULT	Migrated Template	Active
Live in Santiago 2008 [Audio CD] Queen and Paul Rodgers		0131HVLZ2WK	B0CVMRHSBP	86.12	1	2026-01-31 03:56:41 PST		y	1			11				B0CVMRHSBP						B0CVMRHSBP			0	DEFAULT	Migrated Template	Active
Live In Brussels 1982 [Audio CD] XTC		0131HVLW4E9	B0CVN1CDB9	77.97	1	2026-01-31 03:56:41 PST		y	1			11				B0CVN1CDB9						B0CVN1CDB9			0	DEFAULT	Migrated Template	Active
Montreux Jazz Festival 1982 [Audio CD] Talking Heads		0131HVMGXZE	B0CVN8Q8J2	81.09	1	2026-01-31 03:56:41 PST		y	1			11				B0CVN8Q8J2						B0CVN8Q8J2			0	DEFAULT	Migrated Template	Active
Sunsmile Rail Cube Deluxe Set		0303HH23GEH	B0CVZPB5Q5	175.42	1	2026-03-02 18:51:29 PST		y	1			11				B0CVZPB5Q5						B0CVZPB5Q5			0	DEFAULT	Migrated Template	Active
Ibanez AAM50CE Advanced Acoustic Auditorium Acoustic-electric Guitar - Sapphire Blue Burst		0129HM6ZVY7	B0CWTW4SGH	462.95	1	2026-01-28 16:24:46 PST		y	1			11				B0CWTW4SGH						B0CWTW4SGH			0	DEFAULT	Migrated Template	Active
Hard Rock Live... Florida 2008 [Audio CD] Bad Company		0131HVLXY5B	B0CXDV94LP	65.41	1	2026-01-31 03:56:41 PST		y	1			11				B0CXDV94LP						B0CXDV94LP			0	DEFAULT	Migrated Template	Active
FINE ART [Audio CD] KNEECAP		0131HVLWEI0	B0CXRDK7KS	58.84	1	2026-01-31 03:56:41 PST		y	1			11				B0CXRDK7KS						B0CXRDK7KS			0	DEFAULT	Migrated Template	Active
Live... Paris 1986 [Audio CD] Iron Maiden		0131HVNCBKV	B0CYC6DFC9	65.41	1	2026-01-31 03:56:41 PST		y	1			11				B0CYC6DFC9						B0CYC6DFC9			0	DEFAULT	Migrated Template	Active
Live in Japan 1980 [Audio CD] Whitesnake		0131HVO6VWN	B0CYCCGXXN	62.26	1	2026-01-31 03:56:41 PST		y	1			11				B0CYCCGXXN						B0CYCCGXXN			0	DEFAULT	Migrated Template	Active
CHIZEHO Telescope for Kids and Adults, Astronomical Telescope with Over 150x Magnification (up to 333x) Suitable for Beginners		0227H2GYLSM	B0CZQQPRN9	158.68	1	2026-02-26 19:40:56 PST		y	1			11				B0CZQQPRN9						B0CZQQPRN9			0	DEFAULT	Migrated Template	Active
Kaiju No. 8 (Original Soundtrack) [Audio CD] Yuta Bandoh		0120HRXTI7C	B0D1H4XF9K	65.3	1	2026-01-20 01:10:21 PST		y	1			11				B0D1H4XF9K						B0D1H4XF9K			0	DEFAULT	Migrated Template	Active
カラオケ行こ！ Blu-ray豪華版（特典DVD付） [Blu-ray] [Blu-ray]		0120HS9IJJ5	B0D2QG1WRC	92.87	1	2026-01-20 01:10:21 PST		y	1			11				B0D2QG1WRC						B0D2QG1WRC			0	DEFAULT	Migrated Template	Active
【Amazon.co.jp限定】アイドリッシュセブン VISIBLIVE TOUR "Good 4 You" Blu-ray -Limited Edition-(L判ブロマイド4種セット) [Blu-ray]		0120HS90UA2	B0D548WQ2K	87.38	1	2026-01-20 01:10:21 PST		y	1			11				B0D548WQ2K						B0D548WQ2K			0	DEFAULT	Migrated Template	Active
Fillmore East 1969 [Audio CD] Janis Joplin		0131HVNGX7E	B0D73GDHSV	81.09	1	2026-01-31 03:56:41 PST		y	1			11				B0D73GDHSV						B0D73GDHSV			0	DEFAULT	Migrated Template	Active
Live In Los Angeles 1975 [Audio CD] Eric Carmen		0131HVLZOK5	B0D73J7PHC	79.85	1	2026-01-31 03:56:41 PST		y	1			11				B0D73J7PHC						B0D73J7PHC			0	DEFAULT	Migrated Template	Active
Live In California 2002 [Audio CD] Crosby, Stills, Nash & Young		0131HVS8CME	B0D73KNGNX	82.33	1	2026-01-31 03:56:41 PST		y	1			11				B0D73KNGNX						B0D73KNGNX			0	DEFAULT	Migrated Template	Active
Live Kansas 1972 [Audio CD] Badfinger		0131HVNZMG3	B0D73LQYPF	78.24	1	2026-01-31 03:56:41 PST		y	1			11				B0D73LQYPF						B0D73LQYPF			0	DEFAULT	Migrated Template	Active
Daiwa LT2500S Spinning Reel 24L UVIAS		0303HGTPF6X	B0D868HLSJ	382.73	1	2026-03-02 18:51:29 PST		y	1			11				B0D868HLSJ						B0D868HLSJ			0	DEFAULT	Migrated Template	Active
Daiwa LT4000-XH Spinning Reel 24L UVIAS		0303HGZANDJ	B0D869D261	393.52	1	2026-03-02 18:51:29 PST		y	1			11				B0D869D261						B0D869D261			0	DEFAULT	Migrated Template	Active
DAIWA LT5000D-CXH Spinning Reel 24L UVIAS		0303HGWSDV3	B0D869JM6X	357.05	1	2026-03-02 18:51:29 PST		y	1			11				B0D869JM6X						B0D869JM6X			0	DEFAULT	Migrated Template	Active
Daiwa LT3000-H Spinning Reel 24L UVIAS		0303HH2JUKR	B0D86C68KF	400.12	1	2026-03-02 18:51:29 PST		y	1			11				B0D86C68KF						B0D86C68KF			0	DEFAULT	Migrated Template	Active
Daiwa LT3000 PC Spinning Reel 24L UVIAS		0303HH223M2	B0D86CHL9V	405.51	1	2026-03-02 18:51:29 PST		y	1			11				B0D86CHL9V						B0D86CHL9V			0	DEFAULT	Migrated Template	Active
Daiwa LT2500S-XH Spinning Reel 24L UVIAS		0303HGTOI1M	B0D86GFKWL	378.69	1	2026-03-02 18:51:29 PST		y	1			11				B0D86GFKWL						B0D86GFKWL			0	DEFAULT	Migrated Template	Active
Daiwa LT2500-H Spinning Reel 24L UVIAS PC		0303HGTMLSB	B0D86HJBZX	391.43	1	2026-03-02 18:51:29 PST		y	1			11				B0D86HJBZX						B0D86HJBZX			0	DEFAULT	Migrated Template	Active
Daiwa LT3000-XH Spinning Reel 24L UVIAS PC		0303HH188MQ	B0D86LFFN3	408.82	1	2026-03-02 18:51:29 PST		y	1			11				B0D86LFFN3						B0D86LFFN3			0	DEFAULT	Migrated Template	Active
Daiwa LT2000S-P Spinning Reel 24L UVIAS		0303HGW9VMY	B0D86Q1TZ5	375.48	1	2026-03-02 18:51:29 PST		y	1			11				B0D86Q1TZ5						B0D86Q1TZ5			0	DEFAULT	Migrated Template	Active
Daiwa LT2500 PC Spinning Reel 24L UVIAS		0303HGYYXKZ	B0D86QD3TD	391.43	1	2026-03-02 18:51:29 PST		y	1			11				B0D86QD3TD						B0D86QD3TD			0	DEFAULT	Migrated Template	Active
Daiwa LT2500S-DH Spinning Reel 24L UVIAS		0303HH175F7	B0D86S61S8	403.13	1	2026-03-02 18:51:29 PST		y	1			11				B0D86S61S8						B0D86S61S8			0	DEFAULT	Migrated Template	Active
Flow [Analog] [Vinyl] Nao Yoshioka		0131HVLZOK2	B0D86TLX8F	80.19	1	2026-01-31 03:56:41 PST		y	1			11				B0D86TLX8F						B0D86TLX8F			0	DEFAULT	Migrated Template	Active
Daiwa LT2000S-H Spinning Reel 24L UVIAS		0303HH2CLVC	B0D87178P3	375.48	1	2026-03-02 18:51:29 PST		y	1			11				B0D87178P3						B0D87178P3			0	DEFAULT	Migrated Template	Active
Live In Tampa, Florida 1994 [Audio CD] Aerosmith		0131HVRXLDM	B0D8KTT3TR	86.12	1	2026-01-31 03:56:41 PST		y	1			11				B0D8KTT3TR						B0D8KTT3TR			0	DEFAULT	Migrated Template	Active
Live In Maryland 1977 King Biscuit Flower Hour [Audio CD] Aerosmith		0131HVQ5JLX	B0D8KV37QL	93.28	1	2026-01-31 03:56:41 PST		y	1			11				B0D8KV37QL						B0D8KV37QL			0	DEFAULT	Migrated Template	Active
Live In London 1990 [Audio CD] Level 42		0131HVLUSFL	B0D8VZSFCV	56.9	1	2026-01-31 03:56:41 PST		y	1			11				B0D8VZSFCV						B0D8VZSFCV			0	DEFAULT	Migrated Template	Active
DAIWA Bait Reel 23SALTIST BF TW 8.1L PE SP		0303HH2KOTG	B0DCK5YVQ9	307.06	1	2026-03-02 18:51:29 PST		y	1			11				B0DCK5YVQ9						B0DCK5YVQ9			0	DEFAULT	Migrated Template	Active
DAIWA Bait Reel 23SALTIST TW 400XHL PE SP		0303HGYT0MR	B0DCK7MG7T	385.36	1	2026-03-02 18:51:29 PST		y	1			11				B0DCK7MG7T						B0DCK7MG7T			0	DEFAULT	Migrated Template	Active
DAIWA Light Game RX IC Bi-Axis Reel with Counter, 150L		0303HH2HHZO	B0DCK8XC94	208	1	2026-03-02 18:51:29 PST		y	1			11				B0DCK8XC94						B0DCK8XC94			0	DEFAULT	Migrated Template	Active
DAIWA Bait Reel 23SALTIST TW 150XH PE SP		0303HH4QOCS	B0DCK8Y6MW	348.6	1	2026-03-02 18:51:29 PST		y	1			11				B0DCK8Y6MW						B0DCK8Y6MW			0	DEFAULT	Migrated Template	Active
DAIWA Bait Reel 23SALTIST TW 150XHL PE SP		0303HGWAHM8	B0DCK8YB8Q	348.6	1	2026-03-02 18:51:29 PST		y	1			11				B0DCK8YB8Q						B0DCK8YB8Q			0	DEFAULT	Migrated Template	Active
DAIWA Bait Reel 23SALTIST BF TW 8.1R PE SP		0303HH1PMOG	B0DCK96YT2	264.67	1	2026-03-02 18:51:29 PST		y	1			11				B0DCK96YT2						B0DCK96YT2			0	DEFAULT	Migrated Template	Active
DAIWA Light Game RX IC 150 Biaxial Reel with Counter		0303HGZQMW3	B0DCKB2KVF	208	1	2026-03-02 18:51:29 PST		y	1			11				B0DCKB2KVF						B0DCKB2KVF			0	DEFAULT	Migrated Template	Active
Daiwa Light Game RX IC 150L-DH Bi-Axle Reel with Counter		0303HGZO0Y2	B0DCKBP15V	204.77	1	2026-03-02 18:51:29 PST		y	1			11				B0DCKBP15V						B0DCKBP15V			0	DEFAULT	Migrated Template	Active
DAIWA Bait Reel 23SALTIST TW 400XH PE SP		0303HH13FRC	B0DCKCS85T	385.47	1	2026-03-02 18:51:29 PST		y	1			11				B0DCKCS85T						B0DCKCS85T			0	DEFAULT	Migrated Template	Active
STORIA Magnetic Gaming Keyboard Mercury 65 Rapid Trigger, White, Transparent Keycap, 65%, Polling Rate 8000Hz		0303HH2I8EP	B0DF2F6V6H	178.57	1	2026-03-02 18:51:29 PST		y	1			11				B0DF2F6V6H						B0DF2F6V6H			0	DEFAULT	Migrated Template	Active
VESSEL 400ER3 Cordless Electric Slim Ratchet		1218FX5S8GX	B0DFLZ1NWJ	140.3	1	2025-12-17 16:39:18 PST		y	1			11				B0DFLZ1NWJ						B0DFLZ1NWJ			0	DEFAULT	Venesplo_2601	Active
Vessel 400ER3-1M Cordless Electric Slim Ratchet Set with 31 Socket Bits		0129HM6U7LZ	B0DFLZRR7F	210.76	1	2026-01-28 16:24:46 PST		y	1			11				B0DFLZRR7F						B0DFLZRR7F			0	DEFAULT	Migrated Template	Active
Flipping [Audio CD] CANDY		0131HVQ5YXO	B0DHXHVM46	52.85	1	2026-01-31 03:56:41 PST		y	1			11				B0DHXHVM46						B0DHXHVM46			0	DEFAULT	Migrated Template	Active
Live Montreal 1974 [Audio CD] Eric Clapton		0131HVMNDYH	B0DK3KHKGH	89.06	1	2026-01-31 03:56:41 PST		y	1			11				B0DK3KHKGH						B0DK3KHKGH			0	DEFAULT	Migrated Template	Active
Live In Rotterdam 2006 [Audio CD] Jeff Beck		0131HVQA8U8	B0DK3MP1HM	76.07	1	2026-01-31 03:56:41 PST		y	1			11				B0DK3MP1HM						B0DK3MP1HM			0	DEFAULT	Migrated Template	Active
Live In Cleveland 88 [Audio CD] Jimmy Page		0131HVN71N1	B0DK3NYW6H	56.92	1	2026-01-31 03:56:41 PST		y	1			11				B0DK3NYW6H						B0DK3NYW6H			0	DEFAULT	Migrated Template	Active
Live In California 1985 [Audio CD] The Firm		0131HVLYQGD	B0DK3QBBGX	65.41	1	2026-01-31 03:56:41 PST		y	1			11				B0DK3QBBGX						B0DK3QBBGX			0	DEFAULT	Migrated Template	Active
DAIWA Bait Reel 25TATULA SV TW 100H		0303HGYW9VI	B0DMDZYC18	244.64	1	2026-03-02 18:51:29 PST		y	1			11				B0DMDZYC18						B0DMDZYC18			0	DEFAULT	Migrated Template	Active
DAIWA Bait Reel 25TATULA SV TW 100HL		0303HH1KBH8	B0DMF4VZW6	247.78	1	2026-03-02 18:51:29 PST		y	1			11				B0DMF4VZW6						B0DMF4VZW6			0	DEFAULT	Migrated Template	Active
DAIWA Baitfinesse 25ALPHAS BF TW 6.3L		0303HGW3AAO	B0DMF5D7XY	398.15	1	2026-03-02 18:51:29 PST		y	1			11				B0DMF5D7XY						B0DMF5D7XY			0	DEFAULT	Migrated Template	Active
DAIWA Baitfinesse 25ALPHAS BF TW 8.5L		0303HGTNXE0	B0DMF6S6V9	408.16	1	2026-03-02 18:51:29 PST		y	1			11				B0DMF6S6V9						B0DMF6S6V9			0	DEFAULT	Migrated Template	Active
DAIWA Bait Reel 25TATULA SV TW 100L		0303HGTNUZE	B0DMF73N4G	249.87	1	2026-03-02 18:51:29 PST		y	1			11				B0DMF73N4G						B0DMF73N4G			0	DEFAULT	Migrated Template	Active
Daiwa 25TATULA Bait Reel SV TW 100		0303HGTNOK4	B0DMF84V4Z	227.07	1	2026-03-02 18:51:29 PST		y	1			11				B0DMF84V4Z						B0DMF84V4Z			0	DEFAULT	Migrated Template	Active
DAIWA Bait Reel 25TATULA SV TW 100XH		0303HH2KYM9	B0DMFBSTJ8	256.66	1	2026-03-02 18:51:29 PST		y	1			11				B0DMFBSTJ8						B0DMFBSTJ8			0	DEFAULT	Migrated Template	Active
DAIWA Bait Reel 25TATULA SV TW 100XHL		0303HGZL93R	B0DMFBWN4Q	265.02	1	2026-03-02 18:51:29 PST		y	1			11				B0DMFBWN4Q						B0DMFBWN4Q			0	DEFAULT	Migrated Template	Active
Earls Court London '76 [Audio CD] The Rolling Stones		0131HVLWUM1	B0DMSJBVJK	84.42	1	2026-01-31 03:56:41 PST		y	1			11				B0DMSJBVJK						B0DMSJBVJK			0	DEFAULT	Migrated Template	Active
Live London 1976 [Audio CD] Queen		0131HVN56X7	B0DMSNW3Q4	79.85	1	2026-01-31 03:56:41 PST		y	1			11				B0DMSNW3Q4						B0DMSNW3Q4			0	DEFAULT	Migrated Template	Active
Milton Keynes National Bowl 1990 [Audio CD] David Bowie		0131HVSCOOY	B0DMSPGXPW	59.47	1	2026-01-31 03:56:41 PST		y	1			11				B0DMSPGXPW						B0DMSPGXPW			0	DEFAULT	Migrated Template	Active
Detroit '86 [Audio CD] Prince		0131HVSCOOV	B0DMSVDB3R	60.23	1	2026-01-31 03:56:41 PST		y	1			11				B0DMSVDB3R						B0DMSVDB3R			0	DEFAULT	Migrated Template	Active
Paisley Park '94 [Audio CD] Prince		0131HVPWR0Z	B0DMSWLWTX	56.9	1	2026-01-31 03:56:41 PST		y	1			11				B0DMSWLWTX						B0DMSWLWTX			0	DEFAULT	Migrated Template	Active
Mechanical Keyboard (Industry Original Development in 2025, Japanese Layout and Kana Printing) 75% Gasket Gaming Keyboard Wired Detachable Customized Keyboard USB C / /A Dual Use, 82 Keys, PBT Key		0227H2AL0PN	B0DP9STWJN	166.94	1	2026-02-26 19:40:56 PST		y	1			11				B0DP9STWJN						B0DP9STWJN			0	DEFAULT	Migrated Template	Active
Live At The Budokan 1993 [Audio CD] The Doobie Brothers		0131HVQI3A6	B0DRCQ73Q6	77.1	1	2026-01-31 03:56:41 PST		y	1			11				B0DRCQ73Q6						B0DRCQ73Q6			0	DEFAULT	Migrated Template	Active
ROSE TECHNICS DISTANT MOUNTAIN Toyama Distant Mountain Wired On-Ear Headphones, Portable, Semi-Open, Semi-Open Type, Retro Vintage Design, Headphones, Headset (Brown)		0303HGTR3E2	B0DSBLS49W	159.21	1	2026-03-02 18:51:29 PST		y	1			11				B0DSBLS49W						B0DSBLS49W			0	DEFAULT	Migrated Template	Active
Live In Arizona 1979 [Audio CD] Van Halen		0131HVLSHMI	B0DT17M9C8	88.58	1	2026-01-31 03:56:41 PST		y	1			11				B0DT17M9C8						B0DT17M9C8			0	DEFAULT	Migrated Template	Active
Live The Ritz New York 1988 [Audio CD] White Lion		0131HVLSHM3	B0DT19JFPB	67.02	1	2026-01-31 03:56:41 PST		y	1			11				B0DT19JFPB						B0DT19JFPB			0	DEFAULT	Migrated Template	Active
Live In Berlin 1982 [Audio CD] Tangerine Dream		0131HVMYPD6	B0DTY75QBP	101.08	1	2026-01-31 03:56:41 PST		y	1			11				B0DTY75QBP						B0DTY75QBP			0	DEFAULT	Migrated Template	Active
DAIWA ST SF2500SS-H Spinning Reel, 24 LUVIAS		0303HH203PD	B0DTY9571V	382.43	1	2026-03-02 18:51:29 PST		y	1			11				B0DTY9571V						B0DTY9571V			0	DEFAULT	Migrated Template	Active
DAIWA ST SF2000SS-P Spinning Reel, 24 LUVIAS		0303HH5AF5P	B0DTYWXM4S	442.8	1	2026-03-02 18:51:29 PST		y	1			11				B0DTYWXM4S						B0DTYWXM4S			0	DEFAULT	Migrated Template	Active
SLPWORKS 25 RCS Machine Cut Black Handle 55mm		0303HGV119Q	B0DVY4YJG4	133.84	1	2026-03-02 18:51:29 PST		y	1			11				B0DVY4YJG4						B0DVY4YJG4			0	DEFAULT	Migrated Template	Active
Live In Europe 1967 [Audio CD] Jimi Hendrix		0131HVPK1ZD	B0DZH78WBW	81.1	1	2026-01-31 03:56:41 PST		y	1			11				B0DZH78WBW						B0DZH78WBW			0	DEFAULT	Migrated Template	Active
Live In California 1969 [Audio CD] Jimi Hendrix		0131HVQ7F3H	B0DZH9WD5P	77.4	1	2026-01-31 03:56:41 PST		y	1			11				B0DZH9WD5P						B0DZH9WD5P			0	DEFAULT	Migrated Template	Active
Gothenburg, Sweden 1969 [Audio CD] Blind Faith		0131HVLA1XU	B0DZHD9JZS	56.66	1	2026-01-31 03:56:41 PST		y	1			11				B0DZHD9JZS						B0DZHD9JZS			0	DEFAULT	Migrated Template	Active
ATOTOEXCEL 10.1'' Double DIN Android Car Stereo, 1280x720 IPS Touchscreen Radio with Wireless CarPlay & Android Auto, Built-in GPS Navigation, 24-Band EQ, DSP Amplifier, 2G+32G, FM/AM		0227H2DS9XE	B0F24H59P1	365.73	1	2026-02-26 19:40:56 PST		y	1			11				B0F24H59P1						B0F24H59P1			0	DEFAULT	Migrated Template	Active
BNCF [2025 New Android 15] 8.7" Tablet, Unisoc T615 (8 Core), HD IPS 800x1340, 90Hz Reflex, 350Nit, Widevine L1, 5MP Camera, 4G LTE, 2.4G/5G WiFi, BT5.0, 5500mAh, PD18W, 8GB+128GB(1TB TF)		0227H2GFNV0	B0F26JGMS3	171.63	1	2026-02-26 19:40:56 PST		y	1			11				B0F26JGMS3						B0F26JGMS3			0	DEFAULT	Migrated Template	Active
mVm Trash Can Separation, Vertical Type, 2 Levels and 3 Compartments, 20.6 gal (60 L), Dust Box, Lid Included, Large Capacity, Stainless Steel, Drawer-Type, Can Store Plastic Bottles and Cans, Silver		0227H27WSIE	B0F3JL58YQ	218.21	1	2026-02-26 19:40:56 PST		y	1			11				B0F3JL58YQ						B0F3JL58YQ			0	DEFAULT	Migrated Template	Active
Zebra Sarasa Nano Gel Ballpoint Pen 0.38mm Snoopy Smoke Ochre 10pcs B-JJX72-SN2-BK3		0129HM5DC90	B0F4WJZV9H	60.89	1	2026-01-28 16:24:46 PST		y	1			11				B0F4WJZV9H						B0F4WJZV9H			0	DEFAULT	Migrated Template	Active
NearStream 4-Pack Professional XLR/USB Condenser Microphones		0227H2ALYXZ	B0F62LW84S	175.87	1	2026-02-26 19:40:56 PST		y	1			11				B0F62LW84S						B0F62LW84S			0	DEFAULT	Migrated Template	Active
ATOTOOUT CarPlay AI Box (8GB+128GB),Wireless CarPlay and Android Auto		0227H2CTXHO	B0F742DRYB	430.45	1	2026-02-26 19:40:56 PST		y	1			11				B0F742DRYB						B0F742DRYB			0	DEFAULT	Migrated Template	Active
Live In Ireland 1983 [Audio CD] Thin Lizzy		0131HVNI7YO	B0F7RCBQFM	81.01	1	2026-01-31 03:56:41 PST		y	1			11				B0F7RCBQFM						B0F7RCBQFM			0	DEFAULT	Migrated Template	Active
San Antonio 1986 [Audio CD] Black Sabbath		0131HVP75GU	B0F7RH5T7L	60.23	1	2026-01-31 03:56:41 PST		y	1			11				B0F7RH5T7L						B0F7RH5T7L			0	DEFAULT	Migrated Template	Active
Paris 1992 [Audio CD] Guns N' Roses		0131HVM1QCO	B0F7RJGSV5	90.99	1	2026-01-31 03:56:41 PST		y	1			11				B0F7RJGSV5						B0F7RJGSV5			0	DEFAULT	Migrated Template	Active
NearStream RGB Gaming Microphone with Boom Arm (Silver)		0227H2HG6SD	B0F7VRLKC9	175.87	1	2026-02-26 19:40:56 PST		y	1			11				B0F7VRLKC9						B0F7VRLKC9			0	DEFAULT	Migrated Template	Active
Live In New Jersey 1977 King Biscuit Flower Hour [Audio CD] Sea Level		0131HVLTHR6	B0F8BS12MS	60.23	1	2026-01-31 03:56:41 PST		y	1			11				B0F8BS12MS						B0F8BS12MS			0	DEFAULT	Migrated Template	Active
Philadelphia 1978 King Biscuit Flower Hour [Audio CD] Mark-Almond		0131HVNKV66	B0F8BWY6KF	60.23	1	2026-01-31 03:56:41 PST		y	1			11				B0F8BWY6KF						B0F8BWY6KF			0	DEFAULT	Migrated Template	Active
琉球レアグルーヴ Crossover - Okinawa Jazz Funk 1964-1984 [Audio CD] V.A.		0120HSGL1AM	B0F8D9VXXG	63.39	1	2026-01-20 01:52:46 PST		y	1			11				B0F8D9VXXG						B0F8D9VXXG			0	DEFAULT	Migrated Template	Active
Live In Holland 1982 [Audio CD] Japan		0131HVPU30V	B0FC2SM4QS	60.23	1	2026-01-31 03:56:41 PST		y	1			11				B0FC2SM4QS						B0FC2SM4QS			0	DEFAULT	Migrated Template	Active
BNCF 11 inch Android 15 Tablet, Helio G100 Octa-Core 8GB+128GB (1TB TF) Bpad 11 FHD 1920×1200 IPS 90Hz Widevine L1,7000mAh PD 18W 5MP+8MP Camera, 4G LTE+2.4G/5G WiFi+BT5.0+GPS with Protective Case		0227H2EQXTR	B0FCFQS25H	227.74	1	2026-02-26 19:40:56 PST		y	1			11				B0FCFQS25H						B0FCFQS25H			0	DEFAULT	Migrated Template	Active
Live In Los Angeles 1986 [Audio CD] New Order		0131HVLLVLS	B0FCFVG3RD	61.32	1	2026-01-31 03:56:41 PST		y	1			11				B0FCFVG3RD						B0FCFVG3RD			0	DEFAULT	Migrated Template	Active
Lihit Lab A3577-9 Single Book Stand Bookend A4 Brown Limited Color		0120HSGPFOD	B0FCM61W2S	60.86	1	2026-01-20 01:52:46 PST		y	1			11				B0FCM61W2S						B0FCM61W2S			0	DEFAULT	Venesplo_2601	Active
DesArt DA36 Dessert Colored Pencils, Set of 36		0227H27SMI8	B0FCXFKBY8	146.61	1	2026-02-26 19:40:56 PST		y	1			11				B0FCXFKBY8						B0FCXFKBY8			0	DEFAULT	Migrated Template	Active
[Delphonics Notebook 2026 Version/Starts October 2025] Rollbahn Diary XL Schedule Notebook Monthly (Light Blue)		0120HSOTJAT	B0FFGL6LFL	61.52	1	2026-01-20 01:52:46 PST		y	1			11				B0FFGL6LFL						B0FFGL6LFL			0	DEFAULT	Migrated Template	Active
BNCF [2025 New Android 15 8.7" Tablet, Unisoc T615 (Octa Core), HD IPS 800x1340, 90Hz Reflex, Widevine L1, 5MP Camera, 4G LTE, 2.4G/5G WiFi, BT5.0, 5500mAh, PD18W, 16GB+64GB (1TB TF)		0227H2EZVYL	B0FLXNXF73	161.27	1	2026-02-26 19:40:56 PST		y	1			11				B0FLXNXF73						B0FLXNXF73			0	DEFAULT	Migrated Template	Active
mVm Garbage Bin Separation, Vertical Type, 2 Tiers, 3 Dividers, 1.9 gal (60 L), Dust Box with Lid, Large Capacity, Stainless Steel, Drawout Type, Can Store Plastic Bottles and Cans, Black		0227H2K44YQ	B0FPL7929P	218.21	1	2026-02-26 19:40:56 PST		y	1			11				B0FPL7929P						B0FPL7929P			0	DEFAULT	Migrated Template	Active
mVm Garbage Bin Separation, Vertical Type, 2 Tiers, 3 Dividers, 1.9 gal (60 L), Dust Box with Lid, Large Capacity, Stainless Steel, Drawout Type, Can Store Plastic Bottles and Cans, White		0227H2GB6UJ	B0FQN8GT9B	218.21	1	2026-02-26 19:40:56 PST		y	1			11				B0FQN8GT9B						B0FQN8GT9B			0	DEFAULT	Migrated Template	Active
BNCF 8.4" Tablet, Mediatek Dimensity 7300 Octa-core 8GB RAM 256GB ROM 2TB TF, Android 15 Tablet Bpad Mini Ultra, 90Hz 1920×1200 FHD, 4G LTE & WiFi 6E, Quad-GPS & BT5.4, 5MP+20MP Camera, 6050mAh		0227H27V2UP	B0FSRCYCSG	336.25	1	2026-02-26 19:40:56 PST		y	1			11				B0FSRCYCSG						B0FSRCYCSG			0	DEFAULT	Migrated Template	Active
ディー・ブレイン [数量限定紙ジャケット仕様] - アルティエ・メスティエリ [Audio CD] アルティエ・メスティエリ		1224FGN2W9I	B0FV84JXCJ	78.94	1	2025-12-23 17:14:44 PST		y	1			11				B0FV84JXCJ						B0FV84JXCJ			0	DEFAULT	Venesplo_2601	Active
ATOTOMOVE A5L 10.1" QLED Android Single & Double Din Car Stereo with OBD2 Scanner, 2G+32G Wireless CarPlay Android Auto Car Radio with Floating QLED Button Screen, Built-in AI Chat, WiFi/Bluetooth		0227H25CYJG	B0FXFD29ZQ	453.67	1	2026-02-26 19:40:56 PST		y	1			11				B0FXFD29ZQ						B0FXFD29ZQ			0	DEFAULT	Migrated Template	Active
Kuretake Gansai Tambi Set Of 12		1211BKDQZ8N	09-7GP8-21X5	16.35		2024-12-10 17:23:14 PST		y	1			11				B0032WE8H4						B0032WE8H4				AMAZON_NA	Venesplo_2601	Inactive
Zebra Gel Ballpoint Pen, Sarasa Grand 0.5mm Vintage Color, Bordeaux Purple (P-JJ56-VBP)		1126BF7JCFC	0J-DX77-W8JF	14.57		2024-11-25 18:43:37 PST		y	1			11				B084TBXWCT						B084TBXWCT				AMAZON_NA	Venesplo_2601	Inactive
FRTEC Dragon Ball Z Thumb Grips '4 Stars' for PS4, Xbox One, PS3, Xbox 360, Wii, WiiU - Silicone Material [video game]		1126BFDNEML	0Q-T6MK-MCID	13.14		2024-11-25 18:44:13 PST		y	1			11				B0166YAUM6						B0166YAUM6				AMAZON_NA	Venesplo_2601	Inactive
Hallmark Snoopy 2025 Calendar Tabletop 834-807		1211BK7SRO1	0R-2RGC-HKJZ	21.18		2024-12-10 17:36:07 PST		y	1			11				B0D5HNFX8T						B0D5HNFX8T				AMAZON_NA	Venesplo_2601	Inactive
BAKUMA Nail puller Kajiya 280 (Japan Import)		1126BEW5I28	0R-8KT3-LXNZ	16		2024-11-25 16:49:58 PST		y	1			11				B003M576PC						B003M576PC				AMAZON_NA	Venesplo_2601	Inactive
Uni Kuru Toga Dive Mechanical Pencil, High Performance Model, Auto Lead Rotation and Adjustable Auto Lead Advancement Mechanism, 0.5 mm, Abyss Blue, M5-50001PA.33		1212BNFG0TP	12-GXTN-ORJX	108.34		2024-12-11 18:28:33 PST		y	1			11				B0BY27S6YK						B0BY27S6YK				AMAZON_NA	Venesplo_2601	Inactive
Nippon Kodo - 258 - Seiun Chrysanthemum Incense Sticks - 16 x 8 x 3 cm - Blue		1126BEVOSXW	1U-1RHN-H3UH	12.15		2024-11-25 16:52:44 PST		y	1			11				B001B6ALHY						B001B6ALHY				AMAZON_NA	Venesplo_2601	Inactive
KITACO Super throttle pipe GROM / PCX125 / 150 (JF56 / KF18) 901-1432900		0904B5SLFHE	240904-003	12.2		2024-09-03 19:16:12 PDT		y	1			11				B00ME1SUIW						B00ME1SUIW				AMAZON_NA	Venesplo_2601	Inactive
Inner Carrying sizeS CA82 DARK BLUE		0904B5SV66D	240904-004	26.24		2024-09-03 19:25:35 PDT		y	1			11				B01EH67154						B01EH67154				AMAZON_NA	Venesplo_2601	Inactive
Chaco Paper MC-1 Design Copy Paper, Super Chaco Paper for Cloths, Single Sided Hanger Type, 1 Bag, Width 17.3 x Height 11.8 inches (440 mm) x Height 11.8 inches (300 mm), Blue		0904B5SMMPU	240904-005	9.99		2024-09-03 19:17:50 PDT		y	1			11				B00QEUP8WA						B00QEUP8WA				AMAZON_NA	Venesplo_2601	Inactive
NITTO DENKO CORPORATION NTape Kinesiology Tape		1211BKEZEQ0	25-FO34-N9OV	18.99		2024-12-10 17:32:56 PST		y	1			11				B00SYN9DQW						B00SYN9DQW				AMAZON_NA	Venesplo_2601	Inactive
Hobonichi Notebook, Tomitaro Makino/Hobonichi Grid Notebook (A6), Yamazakura, 0.1 inch (3.7 mm) Grid, 240 Pages, 4 Colors, Notebook Accessories		1126BEZKKGF	2B-4EOL-7107	17.94		2024-11-25 18:33:48 PST		y	1			11				B0BQ3H68X4						B0BQ3H68X4				AMAZON_NA	Venesplo_2601	Inactive
Kaneshotouki 140164 Pokemon Gengar Glass Cup Tumbler, 3.1 inches (8 cm), Cut Picture Touch		1211BK6D8C2	2O-FZMQ-BT5D	18.96		2024-12-10 17:34:13 PST		y	1			11				B09FPHZLGQ						B09FPHZLGQ				AMAZON_NA	Venesplo_2601	Inactive
Supacaz Super Sticky Kush - Star Fade - Oil Slick + Oil Slick Star Plugz		1211BJPTRSN	2Q-LXAZ-KEXQ	49.99		2024-12-10 17:32:17 PST		y	1			11				B08Z3H5834						B08Z3H5834				AMAZON_NA	Venesplo_2601	Inactive
Yamato Memoc Roll Tape, Self-Stick Memo Paper Tape, with Tape Dispenser, 50mm x 10m, Lime, 1 ea. (RK-50CH-LI)		1220BAWNO3Z	2V-KV91-UT9P	9.3		2024-12-19 19:07:39 PST		y	1			11				B0177SAMO6						B0177SAMO6				AMAZON_NA	Venesplo_2601	Inactive
Zebra Wkt7-10C Fluorescent Pen, Mild Liner, 10 Colours		1126BEWEB91	35-CSPF-4SQS	14.9		2024-11-25 16:47:14 PST		y	1			11				B07HB6QBMK						B07HB6QBMK				AMAZON_NA	Venesplo_2601	Inactive
Medicom UDF Ultra Detail Figure No. 425 Aardman Animation Shaun the Sheep 73mm Pre-Painted PVC Figure		1208BC02XJQ	35-YTCP-9ZR2	44.23		2024-12-07 18:07:12 PST		y	1			11				B079Z2CKMT						B079Z2CKMT				AMAZON_NA	Venesplo_2601	Inactive
Yamato Memoc Roll Tape, Self-Stick Memo Paper Tape, with Tape Dispenser, 50mm x 10m, Lemon, 1 ea. (RK-50CH-LE)		1211BK61NIO	38-K4SA-CLT8	4.5		2024-12-10 17:25:16 PST		y	1			11				B0177SAN40						B0177SAN40				AMAZON_NA	Venesplo_2601	Inactive
ELECOM Gamepad Converter for Wii Controllers, Support Wii Game Classic Controller and Classic Controller Pro, Only Compatible with Windows PC 39 inch Cable Length (JC-W01UWH)		1211BK673SL	3D-BHUE-3N1E	23.59		2024-12-10 17:35:32 PST		y	1			11				B009PDK6EI						B009PDK6EI				AMAZON_NA	Venesplo_2601	Inactive
Endo Shoji BHK7501 Brush and Paint Brush, Commercial Use, Bamboo Pattern, Sushi Brush (Horse Hair), 0.4 inches (10 mm), Made in China		0117FHA7ITZ	3K-66TB-37MK	8.56		2025-01-16 16:26:34 PST		y	1			11				B00201N0MC						B00201N0MC				AMAZON_NA	Venesplo_2601	Inactive
Zebra Wkt7-10C Fluorescent Pen, Mild Liner, 10 Colours		1126BF9UDVC	3M-V145-51BA	14.24		2024-11-25 18:42:27 PST		y	1			11				B07HB6QBMK						B07HB6QBMK				AMAZON_NA	Venesplo_2601	Inactive
2025 Hyokkori Schedule/mofusand Calendar No. 174		1211BK72X59	3N-JVHE-2YAY	18		2024-12-10 17:18:24 PST		y	1			11				B0D1736J2T						B0D1736J2T				AMAZON_NA	Venesplo_2601	Inactive
Palestrina: Missa Pro Defunctis; Motets [Audio CD] Giovanni Pierluigi da Palestrina and Chanticleer		0129HM3NRHU	B000000SNJ	58.33	0	2026-01-28 16:24:46 PST		y	1			11				B000000SNJ						B000000SNJ			0	DEFAULT	Migrated Template	Inactive
Piano Music [Audio CD] Cowell, Henry		0131HVO6MS9	B000001DM0	122.77	1	2026-01-31 03:56:41 PST		y	1			11				B000001DM0						B000001DM0			0	DEFAULT	Migrated Template	Inactive
Tevin Campbell [Audio CD] Campbell, Tevin		0129HM6ZVY9	B00000I0ZJ	61.84	0	2026-01-28 16:24:46 PST		y	1			11				B00000I0ZJ						B00000I0ZJ			0	DEFAULT	Migrated Template	Inactive
Twins Live in Japan 1982 [Audio CD] Pastorius, Jaco		0129HM8820F	B00002SWIF	71.82	0	2026-01-28 16:24:46 PST		y	1			11				B00002SWIF						B00002SWIF			0	DEFAULT	Migrated Template	Inactive
Beethoven: The Symphonies [Audio CD] Ludwig van Beethoven; Daniel Barenboim; Berliner Staatskapelle; Soile Isokoski; Rosemarie Lang; Robert Gambill; Rene Pape and Chor der Deutschen Staatsoper Berlin		0129HM7KNVB	B00004S1EV	79.09	0	2026-01-28 16:24:46 PST		y	1			11				B00004S1EV						B00004S1EV			0	DEFAULT	Migrated Template	Inactive
Other Life: Azure Dreams [Japan Import] [video game]		0129HM3MNV3	B00004TNCH	129.4	1	2026-01-28 16:24:46 PST		y	1			11				B00004TNCH						B00004TNCH			0	DEFAULT	Migrated Template	Inactive
Mississippi Delta Bluesman [Audio CD] David Honeyboy Edwards and Chester Burnett		0131HVLUWBH	B000056CA8	108.93	1	2026-01-31 03:56:41 PST		y	1			11				B000056CA8						B000056CA8			0	DEFAULT	Migrated Template	Inactive
Makita GD0800C 1/4" SJS™ Die Grinder, Teal		0319H54AFTX	B000056NOU	397.25	0	2026-03-18 17:11:50 PDT		y	1			11				B000056NOU						B000056NOU			0	DEFAULT	Migrated Template	Inactive
東京日和 [DVD] [DVD]		0319H52JI8L	B00005F5WT	185.1	0	2026-03-18 17:11:50 PDT		y	1			11				B00005F5WT						B00005F5WT			0	DEFAULT	Migrated Template	Inactive
Jackson Browne - The Very Best of Jackson Browne (CD) [Audio CD] JACKSON BROWNE		0129HM6Z5JS	B00005HE64	85.04	0	2026-01-28 16:24:46 PST		y	1			11				B00005HE64						B00005HE64			0	DEFAULT	Migrated Template	Inactive
Neon Genesis GPX Cyber Formula Double One Vol. 1 DVD [DVD]		0120HSRMMJX	B00005HYXQ	77.88	0	2026-01-20 01:52:46 PST		y	1			11				B00005HYXQ						B00005HYXQ			0	DEFAULT	Migrated Template	Inactive
Gran Turismo 3 [Audio CD] Iggy Pop and Lenny Kravitz		0129HM7FW2S	B00005J90Q	57.87	1	2026-01-28 16:24:46 PST		y	1			11				B00005J90Q						B00005J90Q			0	DEFAULT	Migrated Template	Inactive
F-1 GRAND PRIX WORLD [Audio CD] T-SQUARE		0129HM587OS	B00005O5T4	58.65	1	2026-01-28 16:24:46 PST		y	1			11				B00005O5T4						B00005O5T4			0	DEFAULT	Migrated Template	Inactive
Dance Dance Revolution 4th Mix [Japan Import] [video game]		0129HM5K2K5	B00005QBK5	92.6	0	2026-01-28 16:24:46 PST		y	1			11				B00005QBK5						B00005QBK5			0	DEFAULT	Migrated Template	Inactive
Dance Dance Revolution Extra Mix [Japan Import] [video game]		0129HM4U6VO	B00005QBKE	185.56	1	2026-01-28 16:24:46 PST		y	1			11				B00005QBKE						B00005QBKE			0	DEFAULT	Migrated Template	Inactive
Tokimeki Memorial: Forever With You [Limited Edition] [Japan Import] [video game]		0129HM8AMZV	B00005QBKL	175.62	0	2026-01-28 16:24:46 PST		y	1			11				B00005QBKL						B00005QBKL			0	DEFAULT	Migrated Template	Inactive
Z.O.E.: Zone of the Enders [Japan Import] [video game]		0129HM9BVWO	B00005QBLX	89.39	1	2026-01-28 16:24:46 PST		y	1			11				B00005QBLX						B00005QBLX			0	DEFAULT	Migrated Template	Inactive
Game Controller for Para Para Paradise [video game]		0129HM5JACJ	B00005QBM7	169.06	0	2026-01-28 16:24:46 PST		y	1			11				B00005QBM7						B00005QBM7			0	DEFAULT	Migrated Template	Inactive
Genso Suikoden II - (PS1) PlayStation 1 (Japanese Import) [Pre-Owned] [video game]		0129HM602QA	B00005QBMN	78.51	0	2026-01-28 16:24:46 PST		y	1			11				B00005QBMN						B00005QBMN			0	DEFAULT	Migrated Template	Inactive
Tokimeki Memorial 2 [Japan Import] [video game]		0129HM8V3QF	B00005QBMY	93.76	0	2026-01-28 16:24:46 PST		y	1			11				B00005QBMY						B00005QBMY			0	DEFAULT	Migrated Template	Inactive
Silent Hill [Japan Import] [video game]		0129HM7KNWQ	B00005QBND	116.6	0	2026-01-28 16:24:46 PST		y	1			11				B00005QBND						B00005QBND			0	DEFAULT	Migrated Template	Inactive
Dance Dance Revolution 2nd ReMIX [Japan Import] [video game]		0129HM6VCLR	B00005QBNY	110	1	2026-01-28 16:24:46 PST		y	1			11				B00005QBNY						B00005QBNY			0	DEFAULT	Migrated Template	Inactive
Metal Gear Solid 2: Sons of Liberty - (PS2) PlayStation 2 [Pre-Owned] [video game]		0129HM84G48	B00005UF1S	72.09	1	2026-01-28 16:24:46 PST		y	1			11				B00005UF1S						B00005UF1S			0	DEFAULT	Migrated Template	Inactive
Tokimeki Memorial 3 [Japan Import] [video game]		0129HM7MED0	B00005UF65	66.52	1	2026-01-28 16:24:46 PST		y	1			11				B00005UF65						B00005UF65			0	DEFAULT	Migrated Template	Inactive
DDRMAX Dance Dance Revolution 6th Mix [Japan Import] [video game]		0129HM7XATE	B000063J2O	164.87	1	2026-01-28 16:24:46 PST		y	1			11				B000063J2O						B000063J2O			0	DEFAULT	Migrated Template	Inactive
Genso Suikoden III [Japan Import] [video game]		0129HM7YO8K	B000067OWL	85.31	0	2026-01-28 16:24:46 PST		y	1			11				B000067OWL						B000067OWL			0	DEFAULT	Migrated Template	Inactive
Soreyuke Ebisumaru Karakuri: Meiro Kieta Goemon no Nazo - (SFC) Super Famicom [Pre-Owned] (Japanese Import) [video game]		0129HM8C3RP	B000068HX7	214.63	1	2026-01-28 16:24:46 PST		y	1			11				B000068HX7						B000068HX7			0	DEFAULT	Migrated Template	Inactive
Silent Hill 2 [Japan Import] [video game]		0129HM4Q3E8	B000069RXF	143.6	1	2026-01-28 16:24:46 PST		y	1			11				B000069RXF						B000069RXF			0	DEFAULT	Migrated Template	Inactive
Bomberman Wars [video game]		0319H5539JA	B000069U54	125.94	0	2026-03-18 17:11:50 PDT		y	1			11				B000069U54						B000069U54			0	DEFAULT	Migrated Template	Inactive
The Document of Metal Gear Solid 2 [Japan Import] [video game]		0129HM88WZF	B00006B0HV	101.24	0	2026-01-28 16:24:46 PST		y	1			11				B00006B0HV						B00006B0HV			0	DEFAULT	Migrated Template	Inactive
Silent Hill 3 [Japan Import] [video game]		0129HM69RFV	B00006D2DP	168.09	1	2026-01-28 16:24:46 PST		y	1			11				B00006D2DP						B00006D2DP			0	DEFAULT	Migrated Template	Inactive
This Is Unity Music [Audio CD] COMMON RIDER		0131HVS5SNB	B00006IJ5A	293.83	1	2026-01-31 03:56:41 PST		y	1			11				B00006IJ5A						B00006IJ5A			0	DEFAULT	Migrated Template	Inactive
Dancing Blade: Katteni Momotenshi! [Japan Import] [video game]		0129HM7J71C	B00006LJV6	121.45	1	2026-01-28 16:24:46 PST		y	1			11				B00006LJV6						B00006LJV6			0	DEFAULT	Migrated Template	Inactive
Makita 3707FC 1/4" Fixed Base Laminate Trimmer, with LED Light		0319H547XOD	B0000789HM	260.26	0	2026-03-18 17:11:50 PDT		y	1			11				B0000789HM						B0000789HM			0	DEFAULT	Migrated Template	Inactive
Z.O.E.: Zone of the Enders (PlayStation2 the Best) [Japan Import] [video game]		0129HM5JAHT	B00007G79K	73.97	1	2026-01-28 16:24:46 PST		y	1			11				B00007G79K						B00007G79K			0	DEFAULT	Migrated Template	Inactive
Tenchi Muyo! GXP Vol. 8 DVD [DVD]		0120HSKCWUF	B000083OF4	78.53	0	2026-01-20 01:52:46 PST		y	1			11				B000083OF4						B000083OF4			0	DEFAULT	Migrated Template	Inactive
The Dock Of The Bay [Vinyl] Otis Redding		1224FGN7AHB	B0000BVME4	137.96	1	2025-12-23 17:14:44 PST		y	1			11				B0000BVME4						B0000BVME4			0	DEFAULT	Venesplo_2601	Inactive
Castlevania: Lament of Innocence [Japan Import] [video game]		0129HM3OJSY	B0000CE7HW	151.2	1	2026-01-28 16:24:46 PST		y	1			11				B0000CE7HW						B0000CE7HW			0	DEFAULT	Migrated Template	Inactive
NANA MIZUKI LIVE SKIPPER THE DVD and more [DVD]		0120HSFT8VO	B00019256C	82.57	0	2026-01-20 01:52:46 PST		y	1			11				B00019256C						B00019256C			0	DEFAULT	Migrated Template	Inactive
In the Zone (+ Bonus CD) [DVD]		1224FGLC975	B0001BXYUG	91.38	1	2025-12-23 17:14:44 PST		y	1			11				B0001BXYUG						B0001BXYUG			0	DEFAULT	Venesplo_2601	Inactive
Winning Eleven 8 [Japan Import] [video game]		0129HM98SXL	B00028EV14	78.83	0	2026-01-28 16:24:46 PST		y	1			11				B00028EV14						B00028EV14			0	DEFAULT	Migrated Template	Inactive
Ibanez GSR205BK 5-String Electric Bass (Black)		0129HM861O9	B0002DV88I	390.09	0	2026-01-28 16:24:46 PST		y	1			11				B0002DV88I						B0002DV88I			0	DEFAULT	Migrated Template	Inactive
DDR Festival Dance Dance Revolution [Japan Import] [video game]		0129HM3NTVH	B0002ZCKLA	167.81	1	2026-01-28 16:24:46 PST		y	1			11				B0002ZCKLA						B0002ZCKLA			0	DEFAULT	Migrated Template	Inactive
beatmania IIDX 8th Style [Japan Import] [video game]		0129HMAT8JP	B0002ZCLY6	93	1	2026-01-28 16:24:46 PST		y	1			11				B0002ZCLY6						B0002ZCLY6			0	DEFAULT	Migrated Template	Inactive
Guilty Gear Xx Drama Cd Night Of Knives Vol.1 [Audio CD] Original Game Soundtrack		1218FX6VMWQ	B0002ZEZ2C	62.26	1	2025-12-17 16:39:18 PST		y	1			11				B0002ZEZ2C						B0002ZEZ2C			0	DEFAULT	Venesplo_2601	Inactive
Rumble Roses [Japan Import] [video game]		0129HM77UDM	B0006NGLFY	106.02	0	2026-01-28 16:24:46 PST		y	1			11				B0006NGLFY						B0006NGLFY			0	DEFAULT	Migrated Template	Inactive
beatmania IIDX 9th Style [Japan Import] [video game]		0129HM8I456	B00076YLXY	145.3	1	2026-01-28 16:24:46 PST		y	1			11				B00076YLXY						B00076YLXY			0	DEFAULT	Migrated Template	Inactive
MONSTER DVD-BOX Chapter 2 [DVD]		0319H54QB6L	B00077DA26	271.01	0	2026-03-18 17:11:50 PDT		y	1			11				B00077DA26						B00077DA26			0	DEFAULT	Migrated Template	Inactive
Tibet: Nada Himalaya, Vol. 2 [Audio CD] DEUTER		0131HVNZSFW	B000784XDK	82.87	1	2026-01-31 03:56:41 PST		y	1			11				B000784XDK						B000784XDK			0	DEFAULT	Migrated Template	Inactive
Nanostray - Nintendo DS [video game]		0313HJWBK1Y	B0007ULFFC	294.66	0	2026-03-12 19:50:44 PDT		y	1			11				B0007ULFFC						B0007ULFFC			0	DEFAULT	Migrated Template	Inactive
Silent Hill 3 (Konami Palace Selection) [Japan Import] [video game]		0129HM92UNC	B0008KLKMY	84.95	0	2026-01-28 16:24:46 PST		y	1			11				B0008KLKMY						B0008KLKMY			0	DEFAULT	Migrated Template	Inactive
Jikkyou Powerful Pro Yakyuu 12 [Japan Import] [video game]		0129HM6B6B5	B0009IEASG	110.53	0	2026-01-28 16:24:46 PST		y	1			11				B0009IEASG						B0009IEASG			0	DEFAULT	Migrated Template	Inactive
Pop'n Music 11 [Japan Import] [video game]		0129HM1TR42	B0009IEATK	91.29	0	2026-01-28 16:24:46 PST		y	1			11				B0009IEATK						B0009IEATK			0	DEFAULT	Migrated Template	Inactive
Let's start with Anpanman! Life Edition Step 2 Courage Rinrin! Everyone 1 Chichi DVD [DVD]		0120HSP1SAB	B0009RJF5K	51.88	0	2026-01-20 01:52:46 PST		y	1			11				B0009RJF5K						B0009RJF5K			0	DEFAULT	Migrated Template	Inactive
Metal Gear Solid 4: Guns of the Patriots (Limited Edition) - (PS3) PlayStation 3 [Pre-Owned] (Japanese Import) [video game]		0129HM5BQ42	B0009RQKUI	152.08	1	2026-01-28 16:24:46 PST		y	1			11				B0009RQKUI						B0009RQKUI			0	DEFAULT	Migrated Template	Inactive
Gallop Racer 8: Live Horse Racing [Japan Import] [video game]		0131HVNP5TA	B000BBODN8	76.31	0	2026-01-31 03:56:41 PST		y	1			11				B000BBODN8						B000BBODN8			0	DEFAULT	Migrated Template	Inactive
Kiso Craft Hitsu, Handmade, Bending Ring, Made in Japan, Wood, Cypress, Sawara, Sakura, 3 Cups, Microwave Safe		0131HVNIX5V	B000BHJQ48	139.77	0	2026-01-31 03:56:41 PST		y	1			11				B000BHJQ48						B000BHJQ48			0	DEFAULT	Migrated Template	Inactive
それいけ!アンパンマン ぴかぴかコレクション バタコさんのたんじょうび [DVD] [DVD]		0120HSFY9D7	B000BV7SJY	54.88	0	2026-01-20 01:52:46 PST		y	1			11				B000BV7SJY						B000BV7SJY			0	DEFAULT	Migrated Template	Inactive
Let's Go! Anpanman The Best Komusubiman and Katsubushiman DVD [DVD]		0120HSU1926	B000BV7SK8	55.88	0	2026-01-20 01:52:46 PST		y	1			11				B000BV7SK8						B000BV7SK8			0	DEFAULT	Migrated Template	Inactive
八代亜紀 DVDコレクション [DVD]		0120HSXX75O	B000CEK4AA	50.88	0	2026-01-20 01:52:46 PST		y	1			11				B000CEK4AA						B000CEK4AA			0	DEFAULT	Migrated Template	Inactive
Dance Dance Revolution Strike [Japan Import] [video game]		0129HM8DYMA	B000COEKLE	134.84	1	2026-01-28 16:24:46 PST		y	1			11				B000COEKLE						B000COEKLE			0	DEFAULT	Migrated Template	Inactive
東京事変 DVD映像作品集 ADULT VIDEO [DVD]		0120HS9NC9X	B000E5LIRA	61.91	1	2026-01-20 01:10:21 PST		y	1			11				B000E5LIRA						B000E5LIRA			0	DEFAULT	Migrated Template	Inactive
Jikkyou Powerful Pro Major League [Japan Import] [video game]		0129HM5MEKF	B000EOVRZY	123.83	0	2026-01-28 16:24:46 PST		y	1			11				B000EOVRZY						B000EOVRZY			0	DEFAULT	Migrated Template	Inactive
Jikkyou Powerful Pro Yakyuu 13 [Japan Import] [video game]		0129HM560AL	B000FIIELE	54.93	0	2026-01-28 16:24:46 PST		y	1			11				B000FIIELE						B000FIIELE			0	DEFAULT	Migrated Template	Inactive
Legend of Jazz Piano [DVD]		0129HM9BKN4	B000FJHFHW	74.87	1	2026-01-28 16:24:46 PST		y	1			11				B000FJHFHW						B000FJHFHW			0	DEFAULT	Migrated Template	Inactive
ARS LA-180ZR203 4-to-7-Feet Long Reach Pruner		0120HS9J0RD	B000GBAGRU	128.19	1	2026-01-20 01:10:21 PST		y	1			11				B000GBAGRU						B000GBAGRU			0	DEFAULT	Migrated Template	Inactive
the GazettE 3 DVD Nameless Liberty.Six Guns.. 1st Press Limited Edition!!! JAPAN [DVD]		0319H524IIE	B000GG4CRU	140.01	0	2026-03-18 17:11:50 PDT		y	1			11				B000GG4CRU						B000GG4CRU			0	DEFAULT	Migrated Template	Inactive
Zaidan Houjin Nippon Kanji Nouryoku Kentei Kyoukai Koushiki Soft: 200 Mannin no KanKen: Tokoton Kanji Nou [Japan Import] [video game]		0131HVQEMQV	B000HCFJHK	64.67	0	2026-01-31 03:56:41 PST		y	1			11				B000HCFJHK						B000HCFJHK			0	DEFAULT	Migrated Template	Inactive
Tokimeki Memorial: Girl's Side 1st Love [Japan Import] [video game]		0129HM7Y8RY	B000HDLV0I	60.17	1	2026-01-28 16:24:46 PST		y	1			11				B000HDLV0I						B000HDLV0I			0	DEFAULT	Migrated Template	Inactive
Death Note: Kira Game (Japanese Version) [video game]		0129HM756QO	B000HDTCT0	63.73	1	2026-01-28 16:24:46 PST		y	1			11				B000HDTCT0						B000HDTCT0			0	DEFAULT	Migrated Template	Inactive
beatmania IIDX 12 Happy Sky [Japan Import] [video game]		0129HM7FNYC	B000HQUNFE	172.01	1	2026-01-28 16:24:46 PST		y	1			11				B000HQUNFE						B000HQUNFE			0	DEFAULT	Migrated Template	Inactive
Legend of Jazz Live at Blue Note Tokyo (Blu-ray) [Blu-ray]		0129HM5VHO7	B000I5XMN4	104.89	1	2026-01-28 16:24:46 PST		y	1			11				B000I5XMN4						B000I5XMN4			0	DEFAULT	Migrated Template	Inactive
Mitsubishi Electric high concentration thermal roll paper K65HM-CE (japan import)		0319H558ETG	B000I5XOYQ	203.74	0	2026-03-18 17:11:50 PDT		y	1			11				B000I5XOYQ						B000I5XOYQ			0	DEFAULT	Migrated Template	Inactive
Look of Love [Audio CD] Mahya, Grace		0129HM4O1MA	B000I6BMC6	62.26	1	2026-01-28 16:24:46 PST		y	1			11				B000I6BMC6						B000I6BMC6			0	DEFAULT	Migrated Template	Inactive
Genso Suikoden V (PlayStation2 the Best) [Japan Import] [video game]		0129HM3N5GL	B000IDGFZI	96.43	1	2026-01-28 16:24:46 PST		y	1			11				B000IDGFZI						B000IDGFZI			0	DEFAULT	Migrated Template	Inactive
Rumble Roses XX (Platinum Collection) [Japan Import] [video game]		0129HM7VIMP	B000IM7MPG	87.26	1	2026-01-28 16:24:46 PST		y	1			11				B000IM7MPG						B000IM7MPG			0	DEFAULT	Migrated Template	Inactive
Dance Dance Revolution SuperNOVA [Japan Import] [video game]		0129HM84G4D	B000IU8XUG	133.81	1	2026-01-28 16:24:46 PST		y	1			11				B000IU8XUG						B000IU8XUG			0	DEFAULT	Migrated Template	Inactive
Shine on (Japan Tour Edition) [Audio CD] Jet		0129HM5FU9U	B000LZ53MY	95.3	1	2026-01-28 16:24:46 PST		y	1			11				B000LZ53MY						B000LZ53MY			0	DEFAULT	Migrated Template	Inactive
D.Gray-Man: Kami no Shitotachi [Japan Import] [video game]		0129HM6SR6Y	B000M45I3S	133.81	1	2026-01-28 16:24:46 PST		y	1			11				B000M45I3S						B000M45I3S			0	DEFAULT	Migrated Template	Inactive
Death Note: L o Tsugu Mono - (NDS) Nintendo DS [Pre-Owned] (Japanese Import) [video game]		0129HM7CGUX	B000P05014	123.46	1	2026-01-28 16:24:46 PST		y	1			11				B000P05014						B000P05014			0	DEFAULT	Migrated Template	Inactive
Vol. 1-Magical Girl Lyrical Nanoha Striker S [DVD]		0129HM7D95V	B000PMG30O	57.37	0	2026-01-28 16:24:46 PST		y	1			11				B000PMG30O						B000PMG30O			0	DEFAULT	Migrated Template	Inactive
Jikkyou Powerful Pro Yakyuu 14 [Japan Import] [video game]		0129HM66KE7	B000QHPSB8	84.08	0	2026-01-28 16:24:46 PST		y	1			11				B000QHPSB8						B000QHPSB8			0	DEFAULT	Migrated Template	Inactive
beatmania IIDX 13 DistorteD [Japan Import] [video game]		0129HM5ZXW5	B000RSVVIK	146.78	0	2026-01-28 16:24:46 PST		y	1			11				B000RSVVIK						B000RSVVIK			0	DEFAULT	Migrated Template	Inactive
Selmer Paris Tenor Saxophone Mouthpiece S80 D		0131HVNU13B	B000RW1MPS	283.21	0	2026-01-31 03:56:41 PST		y	1			11				B000RW1MPS						B000RW1MPS			0	DEFAULT	Migrated Template	Inactive
Metal Gear Solid Portable Ops [Japan Import] [video game]		0129HM71U4N	B000TUQYHE	53.27	1	2026-01-28 16:24:46 PST		y	1			11				B000TUQYHE						B000TUQYHE			0	DEFAULT	Migrated Template	Inactive
Yu-Gi-Oh! World Championship 2008 [Japan Import] [video game]		0129HM7ZYC7	B000VGUOPE	128.66	0	2026-01-28 16:24:46 PST		y	1			11				B000VGUOPE						B000VGUOPE			0	DEFAULT	Migrated Template	Inactive
Canon N50LTDK N50LTDK Tilt Torque Driver		0313HJX075Z	B000W9C3WC	253.49	0	2026-03-12 19:50:44 PDT		y	1			11				B000W9C3WC						B000W9C3WC			0	DEFAULT	Migrated Template	Inactive
Nakamura Seisakusho Kanon N6LTDK N6LTDK Idling Torque Screwdriver		0313HK2OJ08	B000W9H9KI	181.07	0	2026-03-12 19:50:44 PDT		y	1			11				B000W9H9KI						B000W9H9KI			0	DEFAULT	Migrated Template	Inactive
Jikkyou Powerful Pro Yakyuu 14 Chou Ketteiban [Japan Import] [video game]		0129HM28C9F	B000WTP5EK	100.38	0	2026-01-28 16:24:46 PST		y	1			11				B000WTP5EK						B000WTP5EK			0	DEFAULT	Migrated Template	Inactive
TC Electronic ND-1 Nova Delay Guitar Pedal		0131HVNXPLT	B000X1WD56	470.26	0	2026-01-31 03:56:41 PST		y	1			11				B000X1WD56						B000X1WD56			0	DEFAULT	Migrated Template	Inactive
Utawarerumono Blu-ray Disc Box 6 Disc [Limited Release] [Blu-ray]		0319H54PMZT	B000XJJMHA	380.95	0	2026-03-18 17:11:50 PDT		y	1			11				B000XJJMHA						B000XJJMHA			0	DEFAULT	Migrated Template	Inactive
Misono Stainless Molybdenum Steel Santoku Knife 180 mm		0120HSCDDVR	B000XT1BFG	139.04	1	2026-01-20 01:10:21 PST		y	1			11				B000XT1BFG						B000XT1BFG			0	DEFAULT	Migrated Template	Inactive
Misono 440 Gyu Knife No. 811/18 cm		0120HS384N9	B000XT4GKS	200.18	1	2026-01-20 01:10:21 PST		y	1			11				B000XT4GKS						B000XT4GKS			0	DEFAULT	Migrated Template	Inactive
Misono 440 Gyuto No. 813/24cm		0120HSDDS9O	B000XT4GLC	246.46	1	2026-01-20 01:10:21 PST		y	1			11				B000XT4GLC						B000XT4GLC			0	DEFAULT	Migrated Template	Inactive
Tokimeki Memorial Girl's Side 2nd Season [Japan Import] [video game]		0129HM8EZJ3	B000Y9GHRM	100.33	1	2026-01-28 16:24:46 PST		y	1			11				B000Y9GHRM						B000Y9GHRM			0	DEFAULT	Migrated Template	Inactive
Winning Eleven Ubiquitous Evolution 2008 [Japan Import] [video game]		0129HM5BLAT	B000YKCI4M	110	1	2026-01-28 16:24:46 PST		y	1			11				B000YKCI4M						B000YKCI4M			0	DEFAULT	Migrated Template	Inactive
Shugo Chara! 3-tsu no Tamagoto Koisuru Joker [Japan Import] [video game]		0129HM73V4I	B0012AU8OU	145.3	1	2026-01-28 16:24:46 PST		y	1			11				B0012AU8OU						B0012AU8OU			0	DEFAULT	Migrated Template	Inactive
Pro Yakyuu Spirits 5 [Japan Import] [video game]		0129HM5QYHN	B0013EYCIS	72.96	0	2026-01-28 16:24:46 PST		y	1			11				B0013EYCIS						B0013EYCIS			0	DEFAULT	Migrated Template	Inactive
Hounen Kihan noodle making set with instructional DVD for Soba and Udon		0313HK3U0NS	B0014D80OK	178.91	0	2026-03-12 19:50:44 PDT		y	1			11				B0014D80OK						B0014D80OK			0	DEFAULT	Migrated Template	Inactive
ALWAYS 続・三丁目の夕日[二作品収納版] [DVD] [DVD]		0120HSK1L78	B0014IMRO4	85.81	0	2026-01-20 01:52:46 PST		y	1			11				B0014IMRO4						B0014IMRO4			0	DEFAULT	Migrated Template	Inactive
KORG DS-10 Synthesizer [Japan Import] [video game]		0131HVQHOV8	B0015PSKV0	82.59	0	2026-01-31 03:56:41 PST		y	1			11				B0015PSKV0						B0015PSKV0			0	DEFAULT	Migrated Template	Inactive
グレステン(GLESTAIN) Gresten AGL09730 T-Type Muscle Pull, 11.8 inches (30 cm), 730TSK Blade, Glesten Steel, Handle, Laminated Reinforced Wood, Japan		0313HJWPOAI	B0016YBNQY	348.82	0	2026-03-12 19:50:44 PDT		y	1			11				B0016YBNQY						B0016YBNQY			0	DEFAULT	Migrated Template	Inactive
Pleiades: Tribute to Maynard Ferguson [Audio CD] Eric Miyashiro		0129HM6OJRS	B00172RN5U	58.22	1	2026-01-28 16:24:46 PST		y	1			11				B00172RN5U						B00172RN5U			0	DEFAULT	Migrated Template	Inactive
One Piece: Neo 5 Portraits of Pirates Soge King Action Figure [1/8 Scale]		0120HS9GD28	B00177744U	151.87	1	2026-01-20 01:10:21 PST		y	1			11				B00177744U						B00177744U			0	DEFAULT	Migrated Template	Inactive
Soreike!Anpn Man Daisuki Character S [DVD]		0120HSFXECJ	B00183C0H4	52.88	0	2026-01-20 01:52:46 PST		y	1			11				B00183C0H4						B00183C0H4			0	DEFAULT	Migrated Template	Inactive
Jikkyou Powerful Pro Yakyuu 15 [Japan Import] [video game]		0129HM8C7XO	B00197NWFS	176.4	0	2026-01-28 16:24:46 PST		y	1			11				B00197NWFS						B00197NWFS			0	DEFAULT	Migrated Template	Inactive
W3 Complete Box [DVD]		0120HSG31GD	B001A35TMA	152.76	0	2026-01-20 01:52:46 PST		y	1			11				B001A35TMA						B001A35TMA			0	DEFAULT	Migrated Template	Inactive
Yu-Gi-Oh! Duel Monsters GX: Tag Force 3 [Japan Import] [video game]		0129HM6Z5LU	B001BP1MOG	74.18	1	2026-01-28 16:24:46 PST		y	1			11				B001BP1MOG						B001BP1MOG			0	DEFAULT	Migrated Template	Inactive
Tongari Boushi no Mahou no 365 Nichi [Japan Import] [video game]		0129HM8VXWL	B001G61196	88.72	1	2026-01-28 16:24:46 PST		y	1			11				B001G61196						B001G61196			0	DEFAULT	Migrated Template	Inactive
Sid Meier's Civilization Revolution [Japan Import] [video game]		0131HVM01SA	B001GIPGMW	127.62	0	2026-01-31 03:56:41 PST		y	1			11				B001GIPGMW						B001GIPGMW			0	DEFAULT	Migrated Template	Inactive
Sid Meier's Civilization Revolution [Japan Import] [video game]		0131HVNY0BO	B001GIPGNG	166.58	0	2026-01-31 03:56:41 PST		y	1			11				B001GIPGNG						B001GIPGNG			0	DEFAULT	Migrated Template	Inactive
beatmania IIDX 15 DJ Troopers [Japan Import] [video game]		0129HM880PN	B001GS8KMA	159.39	0	2026-01-28 16:24:46 PST		y	1			11				B001GS8KMA						B001GS8KMA			0	DEFAULT	Migrated Template	Inactive
Elebits: Adventures of Kai & Zero [Japan Import] [video game]		0129HM885VA	B001GS8O26	132.78	1	2026-01-28 16:24:46 PST		y	1			11				B001GS8O26						B001GS8O26			0	DEFAULT	Migrated Template	Inactive
Daiwa Boat 429757 Rod Holder, Power Holder, Fast		0319H57ADZ2	B001HY9JKU	284.92	0	2026-03-18 17:11:50 PDT		y	1			11				B001HY9JKU						B001HY9JKU			0	DEFAULT	Migrated Template	Inactive
Daiwa Rod Holder Power Holder Haste 160CH Red		0319H55LJRJ	B001HYV57K	323.67	0	2026-03-18 17:11:50 PDT		y	1			11				B001HYV57K						B001HYV57K			0	DEFAULT	Migrated Template	Inactive
HONDEX PS-7 Portable Ultrasonic Depth Meter		0319H54BM4S	B001HYVLYM	209.63	0	2026-03-18 17:11:50 PDT		y	1			11				B001HYVLYM						B001HYVLYM			0	DEFAULT	Migrated Template	Inactive
EF - A TALE OF MELODIES. OST -ELEGIA- [Audio CD]		0129HM3N7ZV	B001IAPDSK	75.13	0	2026-01-28 16:24:46 PST		y	1			11				B001IAPDSK						B001IAPDSK			0	DEFAULT	Migrated Template	Inactive
Distance [Audio CD] ROUND TABLE and Nino		0129HM3NBXW	B001IK934A	65.36	0	2026-01-28 16:24:46 PST		y	1			11				B001IK934A						B001IK934A			0	DEFAULT	Migrated Template	Inactive
That's it! Anpanman Daisuki Character Series / Melon Panna "Melon Panna is Oosogashi" DVD [DVD]		0120HSK5LRK	B001IVWLMA	53.88	0	2026-01-20 01:52:46 PST		y	1			11				B001IVWLMA						B001IVWLMA			0	DEFAULT	Migrated Template	Inactive
JUNON スーパーボーイ 秋元龍太朗 [DVD] [DVD]		0120HSKD5QN	B001O6W9TY	57.88	0	2026-01-20 01:52:46 PST		y	1			11				B001O6W9TY						B001O6W9TY			0	DEFAULT	Migrated Template	Inactive
Jikkyou Powerful Pro Yakyuu 2009 [Japan Import] [video game]		0129HM7GWRE	B001P81IK2	71.32	0	2026-01-28 16:24:46 PST		y	1			11				B001P81IK2						B001P81IK2			0	DEFAULT	Migrated Template	Inactive
Ringo EXPO 08 [DVD] [DVD]		0120HSG12VN	B001PAA04K	63.52	1	2026-01-20 01:52:46 PST		y	1			11				B001PAA04K						B001PAA04K			0	DEFAULT	Migrated Template	Inactive
TC Electronic Level Pilot, High Resolution Computer-Independent Analog Level Control		0131HVLTZMZ	B001PGMNRG	157.31	1	2026-01-31 03:56:41 PST		y	1			11				B001PGMNRG						B001PGMNRG			0	DEFAULT	Migrated Template	Inactive
Megabass Vision Oneten Table Lock SP Lure, 110.5mm, 1/2 oz., 14g, 1 pc		0120HSCSY9S	B001Q4HF8E	54.88	1	2026-01-20 01:10:21 PST		y	1			11				B001Q4HF8E						B001Q4HF8E			0	DEFAULT	Migrated Template	Inactive
Sunday x Magazine: Taisen Action [Japan Import] [video game]		0129HM6BQD0	B001QTWN7M	73.42	1	2026-01-28 16:24:46 PST		y	1			11				B001QTWN7M						B001QTWN7M			0	DEFAULT	Migrated Template	Inactive
Jikkyou Powerful Major League 2009 [Japan Import] [video game]		0129HM5Z19B	B001RNNHCC	105.55	0	2026-01-28 16:24:46 PST		y	1			11				B001RNNHCC						B001RNNHCC			0	DEFAULT	Migrated Template	Inactive
遠藤商事(Endo Shoji) Endoshoji AAG09042 Professional Thick Plate Frying Pot, 16.5 inches (42 cm), Iron, Made in Japan		0319H4WN08A	B001T1699U	232.14	0	2026-03-18 17:11:50 PDT		y	1			11				B001T1699U						B001T1699U			0	DEFAULT	Migrated Template	Inactive
遠藤商事(Endo Shoji) Endoshoji ATY03054 Professional Wok, 21.3 inches (54 cm), Iron, Made in Japan		0319H54C1M0	B001T1FJZU	149.6	0	2026-03-18 17:11:50 PDT		y	1			11				B001T1FJZU						B001T1FJZU			0	DEFAULT	Migrated Template	Inactive
Sailor Profit 21 Fountain Pen, Black, Bold 11-2021-620		0120HSFTX6J	B001TGWU5C	215	0	2026-01-20 01:52:46 PST		y	1			11				B001TGWU5C						B001TGWU5C			0	DEFAULT	Migrated Template	Inactive
Sailor Profit Standard 21 Fountain Pen Zoom Nib Black		0129HM8GHG7	B001TIB380	254	0	2026-01-28 16:24:46 PST		y	1			11				B001TIB380						B001TIB380			0	DEFAULT	Migrated Template	Inactive
Sailor Fountain Pen Profit Standard 21 Black Music 11-1521-920		0129HM3NSZN	B001TIEBMU	256.97	0	2026-01-28 16:24:46 PST		y	1			11				B001TIEBMU						B001TIEBMU			0	DEFAULT	Migrated Template	Inactive
Guresuten (GLESTAIN)		0313HJZDACJ	B001TPA8ZM	153.21	0	2026-03-12 19:50:44 PDT		y	1			11				B001TPA8ZM						B001TPA8ZM			0	DEFAULT	Migrated Template	Inactive
Glestain Indented-Blade Honesuki 5.9 (15cm)		0313HK0NFA2	B001TPA942	223.16	0	2026-03-12 19:50:44 PDT		y	1			11				B001TPA942						B001TPA942			0	DEFAULT	Migrated Template	Inactive
Misono Molybdenum Steel Santoku Knife No. 681/18 cm		0120HRXXYGC	B001TPC7VU	116.89	1	2026-01-20 01:10:21 PST		y	1			11				B001TPC7VU						B001TPC7VU			0	DEFAULT	Migrated Template	Inactive
Misono Molybdenum Steel Santoku Knife No. 580/14cm		0120HRXSNPZ	B001TPFR9E	134.53	1	2026-01-20 01:10:21 PST		y	1			11				B001TPFR9E						B001TPFR9E			0	DEFAULT	Migrated Template	Inactive
グレステン(GLESTAIN) Gresten AGL09733 T-Type Muscle Pull, 13.0 inches (33 cm), Blade - Gresten Steel, Handle, Laminated Reinforced Wood, Japan		0313HK0GUT0	B001TPJ8SU	456.08	0	2026-03-12 19:50:44 PDT		y	1			11				B001TPJ8SU						B001TPJ8SU			0	DEFAULT	Migrated Template	Inactive
Misono Molybdenum Steel Santoku Knife No.583/16cm		0120HSDGVG1	B001TPJ99S	131.79	1	2026-01-20 01:10:21 PST		y	1			11				B001TPJ99S						B001TPJ99S			0	DEFAULT	Migrated Template	Inactive
Makita DC18SE 18 Volt Li-ion Nickel Metal Hydride Optimum Automotive Charger, Blue		1224FGN9UMT	B001UGMC9U	184.76	0	2025-12-23 17:14:44 PST		y	1			11				B001UGMC9U						B001UGMC9U			0	DEFAULT	Venesplo_2601	Inactive
Pirastro 332380 Evah Pirazzi Soloist Cello String G-Wire		0319H54XEYG	B0023L9OF6	217.42	0	2026-03-18 17:11:50 PDT		y	1			11				B0023L9OF6						B0023L9OF6			0	DEFAULT	Migrated Template	Inactive
Narumikk Weda Seisakusho A-217 Mochi Cutter (Large)		0313HJX9SNT	B0024DN1C0	246.09	0	2026-03-12 19:50:44 PDT		y	1			11				B0024DN1C0						B0024DN1C0			0	DEFAULT	Migrated Template	Inactive
Love Plus [Japan Import] [video game]		0129HM8VXTJ	B00266QNYI	65.31	1	2026-01-28 16:24:46 PST		y	1			11				B00266QNYI						B00266QNYI			0	DEFAULT	Migrated Template	Inactive
Pro Yakyuu Spirits 6 [Japan Import] [video game]		0129HM6D0FF	B0026RH68O	114.86	1	2026-01-28 16:24:46 PST		y	1			11				B0026RH68O						B0026RH68O			0	DEFAULT	Migrated Template	Inactive
TRUSCO EXS-1826 Extractor Set, Lacen Shape, Set of 10, Wooden Box Included		0319H57V9LQ	B002A5OEP0	289.64	0	2026-03-18 17:11:50 PDT		y	1			11				B002A5OEP0						B002A5OEP0			0	DEFAULT	Migrated Template	Inactive
Metal Gear Solid Peace Walker [Japan Import] [video game]		0129HM5QZ0H	B002C1ARG2	84.12	1	2026-01-28 16:24:46 PST		y	1			11				B002C1ARG2						B002C1ARG2			0	DEFAULT	Migrated Template	Inactive
Pirastro Evah Pirazzi 3/4 Size Double Bass Strings 3/4 Size G String		0319H4WOF9J	B002C4OXAK	145.86	0	2026-03-18 17:11:50 PDT		y	1			11				B002C4OXAK						B002C4OXAK			0	DEFAULT	Migrated Template	Inactive
Photomatix Pro 6		0227H2D8K4Q	B002CIP12U	218.71	1	2026-02-26 19:40:56 PST		y	1			11				B002CIP12U						B002CIP12U			0	DEFAULT	Migrated Template	Inactive
Art Color Anime Punch Machine, Yellow, 9.6 x 2.6 x 3.9 inches		0313HJZ9MIC	B002EL46HG	340.94	0	2026-03-12 19:50:44 PDT		y	1			11				B002EL46HG						B002EL46HG			0	DEFAULT	Migrated Template	Inactive
Yu-Gi-Oh! 5D's Tag Force 4 [Japan Import] [video game]		0129HM6AUPR	B002FL42Z6	117.26	1	2026-01-28 16:24:46 PST		y	1			11				B002FL42Z6						B002FL42Z6			0	DEFAULT	Migrated Template	Inactive
Undead Knights [Japan Import] [video game]		0131HVO4WJY	B002GWVC3Y	80.88	0	2026-01-31 03:56:41 PST		y	1			11				B002GWVC3Y						B002GWVC3Y			0	DEFAULT	Migrated Template	Inactive
Genso Suikoden I&II (Konami the Best) [Japan Import] [video game]		0129HM3PBBB	B002OB4WP2	84.91	1	2026-01-28 16:24:46 PST		y	1			11				B002OB4WP2						B002OB4WP2			0	DEFAULT	Migrated Template	Inactive
Darksiders: Shinpan no Toki [Japan Import] [video game]		0129HM90JRX	B002PK0KQC	76.61	0	2026-01-28 16:24:46 PST		y	1			11				B002PK0KQC						B002PK0KQC			0	DEFAULT	Migrated Template	Inactive
Power Pro-Kun Pocket 12 [DSi Enhanced] [Japan Import] [video game]		0129HM60OPE	B002QQ754U	80.88	0	2026-01-28 16:24:46 PST		y	1			11				B002QQ754U						B002QQ754U			0	DEFAULT	Migrated Template	Inactive
Shappell JSR Jet Sled Jr Upsable, 21 x 43 x 8-Inch		0303HGWP1GW	B002RWBPRQ	241.81	1	2026-03-02 18:51:29 PST		y	1			11				B002RWBPRQ						B002RWBPRQ			0	DEFAULT	Migrated Template	Inactive
Tengen Toppa Gurren Lagann The Movie [Complete Limited Production Limited Edition] [DVD] [DVD]		1224FGM9U6Z	B002TEYRT0	84.15	0	2025-12-23 17:14:44 PST		y	1			11				B002TEYRT0						B002TEYRT0			0	DEFAULT	Venesplo_2601	Inactive
Pop'n Music Portable [Japan Import] [video game]		0129HMAXSDT	B002XQ2HR8	78.99	0	2026-01-28 16:24:46 PST		y	1			11				B002XQ2HR8						B002XQ2HR8			0	DEFAULT	Migrated Template	Inactive
20th Century Boys (Final Chapter) Our Flag Deluxe Edition (1 Main DVD + 1 Bonus Disc DVD) *Limited Production [DVD]		0120HSN4OXG	B002XTKB6O	86.24	1	2026-01-20 01:52:46 PST		y	1			11				B002XTKB6O						B002XTKB6O			0	DEFAULT	Migrated Template	Inactive
Tokimeki Memorial Girl's Side 3rd Story [Japan Import] [video game]		0129HM7DRVS	B002XUM5PS	95.1	1	2026-01-28 16:24:46 PST		y	1			11				B002XUM5PS						B002XUM5PS			0	DEFAULT	Migrated Template	Inactive
Castlevania Best Music Collections Box (DVD Included) [Audio CD] ゲーム・ミュージック		0129HM90OVL	B00317CP1Q	217.03	1	2026-01-28 16:24:46 PST		y	1			11				B00317CP1Q						B00317CP1Q			0	DEFAULT	Migrated Template	Inactive
MOLZA Beauty Paper Workshop ZA-01 Washi Paper, A4 Size, Crafts, Paper Strainer, Can Be Used at Home, Various Arrangements, Made in Japan		0313HK5MOXI	B0033JS34A	177.21	0	2026-03-12 19:50:44 PDT		y	1			11				B0033JS34A						B0033JS34A			0	DEFAULT	Migrated Template	Inactive
Daiwa 707039 Rod Holder, Power Holder, Haste, Boat-CH Red		0319H54UPTI	B0038Z434S	301.2	0	2026-03-18 17:11:50 PDT		y	1			11				B0038Z434S						B0038Z434S			0	DEFAULT	Migrated Template	Inactive
Panduit PLT2I-M20 Cable Tie, Intermediate, Nylon 6.6, 8.0-Inch Length, Black (1,000-Pack)		0319H4WOT2A	B003D8C586	248.83	0	2026-03-18 17:11:50 PDT		y	1			11				B003D8C586						B003D8C586			0	DEFAULT	Migrated Template	Inactive
Clannad: Complete Collection [DVD]		0131HVNBK25	B003E51VUQ	328.64	0	2026-01-31 03:56:41 PST		y	1			11				B003E51VUQ						B003E51VUQ			0	DEFAULT	Migrated Template	Inactive
Metal Gear Solid: Snake Eater 3D [Japan Import] [video game]		0129HM51ZEQ	B003T9VDGO	104.51	1	2026-01-28 16:24:46 PST		y	1			11				B003T9VDGO						B003T9VDGO			0	DEFAULT	Migrated Template	Inactive
Allways With Bill Charlap [Audio CD] NEW YORK TRIO		0120HSFD3OX	B003V4HNIO	50.71	0	2026-01-20 01:52:46 PST		y	1			11				B003V4HNIO						B003V4HNIO			0	DEFAULT	Migrated Template	Inactive
Dario Argento (Suspiria, Inferno, Mother Of Tears) Blu-ray BOX [Limited Release] [Blu-ray] [Blu-ray]		0319H52I8MO	B003YCKYXY	264.34	0	2026-03-18 17:11:50 PDT		y	1			11				B003YCKYXY						B003YCKYXY			0	DEFAULT	Migrated Template	Inactive
Tongari Boushi to Mahou no Otana [Japan Import] [video game]		0129HM64UAH	B0041Q3AYM	115.81	1	2026-01-28 16:24:46 PST		y	1			11				B0041Q3AYM						B0041Q3AYM			0	DEFAULT	Migrated Template	Inactive
World Soccer Winning Eleven 2011 [Japan Import] [video game]		0129HM7K6QB	B00422MD7U	61.64	1	2026-01-28 16:24:46 PST		y	1			11				B00422MD7U						B00422MD7U			0	DEFAULT	Migrated Template	Inactive
World Soccer Winning Eleven 2011 [Japan Import] [video game]		0129HM7CEH9	B00422MD8O	93.01	1	2026-01-28 16:24:46 PST		y	1			11				B00422MD8O						B00422MD8O			0	DEFAULT	Migrated Template	Inactive
Power Pro Kun Pocket 13 [Japan Import] [video game]		0129HM3NTUY	B0043229ZK	115.23	0	2026-01-28 16:24:46 PST		y	1			11				B0043229ZK						B0043229ZK			0	DEFAULT	Migrated Template	Inactive
Richell baby guard outlet full cover 2 stations		0131HVPZK7U	B0044R7ETA	89.42	0	2026-01-31 03:56:41 PST		y	1			11				B0044R7ETA						B0044R7ETA			0	DEFAULT	Migrated Template	Inactive
Cannibal [Audio CD] Ke$ha		1224FGNDOY7	B0046M14RG	83.06	1	2025-12-23 17:14:44 PST		y	1			11				B0046M14RG						B0046M14RG			0	DEFAULT	Venesplo_2601	Inactive
Shuffle! (with English Audio) Blu-ray Box 8 Disc [Limited Release] [Blu-ray]		0319H52J7XK	B0046ZS430	391.59	0	2026-03-18 17:11:50 PDT		y	1			11				B0046ZS430						B0046ZS430			0	DEFAULT	Migrated Template	Inactive
Panduit PLT2M-M20 Cable Tie, Miniature, Nylon 6.6, 8.0-Inch Length, Black (1,000-Pack)		0319H57IKFJ	B0047Y9EM0	208.96	0	2026-03-18 17:11:50 PDT		y	1			11				B0047Y9EM0						B0047Y9EM0			0	DEFAULT	Migrated Template	Inactive
TC Electronics Singles VoiceTone D1 Vocal Effects Processor		0131HVO2RVC	B004EBC64O	232.93	0	2026-01-31 03:56:41 PST		y	1			11				B004EBC64O						B004EBC64O			0	DEFAULT	Migrated Template	Inactive
エクリプス/トワイライト・サーガ　プレミアムBOX 【10,000セット限定】 [DVD] [DVD]		0129HM4HIPW	B004GXB9L6	98.88	0	2026-01-28 16:24:46 PST		y	1			11				B004GXB9L6						B004GXB9L6			0	DEFAULT	Migrated Template	Inactive
Powerful Golf [Japan Import] [video game]		0129HM7KTWE	B004GXC14A	59.27	1	2026-01-28 16:24:46 PST		y	1			11				B004GXC14A						B004GXC14A			0	DEFAULT	Migrated Template	Inactive
Metal Gear Solid Peace Walker (PSP the Best) [Japan Import] [video game]		0129HM5SAMM	B004I5A990	61.64	1	2026-01-28 16:24:46 PST		y	1			11				B004I5A990						B004I5A990			0	DEFAULT	Migrated Template	Inactive
Fairy Tail: Portable Guild 2 [Japan Import] [video game]		0129HM3OJS0	B004IPQV3I	123.46	1	2026-01-28 16:24:46 PST		y	1			11				B004IPQV3I						B004IPQV3I			0	DEFAULT	Migrated Template	Inactive
Sayonara Zetsubou Sensei Blu-ray BOX [Limited Pressing] [Blu-ray] [Blu-ray]		0319H4WP3IN	B004J16KYQ	214.8	0	2026-03-18 17:11:50 PDT		y	1			11				B004J16KYQ						B004J16KYQ			0	DEFAULT	Migrated Template	Inactive
Asphalt 3D: Nitro Racing [Japan Import] [video game]		0129HM719NZ	B004K6KMIA	104.09	1	2026-01-28 16:24:46 PST		y	1			11				B004K6KMIA						B004K6KMIA			0	DEFAULT	Migrated Template	Inactive
New Love Plus [Japan Import] [video game]		0129HM8B9BW	B004K6L0FY	124.5	1	2026-01-28 16:24:46 PST		y	1			11				B004K6L0FY						B004K6L0FY			0	DEFAULT	Migrated Template	Inactive
Pro Yakyuu Spirits 2011 [Japan Import] [video game]		0129HM9132S	B004L2K198	54.63	1	2026-01-28 16:24:46 PST		y	1			11				B004L2K198						B004L2K198			0	DEFAULT	Migrated Template	Inactive
Pro Yakyuu Spirits 2011 [Japan Import] [video game]		0129HM85NYD	B004MW3ZLS	135.67	1	2026-01-28 16:24:46 PST		y	1			11				B004MW3ZLS						B004MW3ZLS			0	DEFAULT	Migrated Template	Inactive
Sailor 11-1521-120 Pro Fit Standard 21 Fountain Pen, Black, Extra Fine		0129HM3OSQ2	B00511I1JK	228	0	2026-01-28 16:24:46 PST		y	1			11				B00511I1JK						B00511I1JK			0	DEFAULT	Migrated Template	Inactive
Soto SOD-371 MUKA Stove		0319H4WPD19	B005178Y64	188.2	0	2026-03-18 17:11:50 PDT		y	1			11				B005178Y64						B005178Y64			0	DEFAULT	Migrated Template	Inactive
Jikkyou Powerful Pro Yakyuu 2011 [Japan Import] [video game]		0129HM5VSS3	B0052IUCYY	62.6	0	2026-01-28 16:24:46 PST		y	1			11				B0052IUCYY						B0052IUCYY			0	DEFAULT	Migrated Template	Inactive
DUM SPIRO SPERO(2CD+DVD+2LP)(ltd.ed.) [Audio CD] DIR EN GREY		0313HJYAN3N	B0052PN74O	169.01	0	2026-03-12 19:50:44 PDT		y	1			11				B0052PN74O						B0052PN74O			0	DEFAULT	Migrated Template	Inactive
Pirastro Evah Pirazzi Viola String Set - 4/4 Size		0319H55IO4R	B0054RFLT4	272.17	0	2026-03-18 17:11:50 PDT		y	1			11				B0054RFLT4						B0054RFLT4			0	DEFAULT	Migrated Template	Inactive
DOG DAYS 5 【完全生産限定版】 [Blu-ray] [Blu-ray]		0120HSB0VHU	B005543ZUS	62.77	0	2026-01-20 01:10:21 PST		y	1			11				B005543ZUS						B005543ZUS			0	DEFAULT	Migrated Template	Inactive
Mayo Chiki! 3 [w/ CD, Limited Edition] [Blu-ray] [Blu-ray]		0129HM62TY9	B005DNQQHK	69.88	0	2026-01-28 16:24:46 PST		y	1			11				B005DNQQHK						B005DNQQHK			0	DEFAULT	Migrated Template	Inactive
Nurarihyon no Mago: Hyakki Ryouran Taisen - (PS3) PlayStation 3 [Pre-Owned] (Japanese Import) [video game]		0129HM6SGL3	B005GISH88	102.75	1	2026-01-28 16:24:46 PST		y	1			11				B005GISH88						B005GISH88			0	DEFAULT	Migrated Template	Inactive
Asphalt: Injection [Japan Import] [video game]		0129HM3O1H9	B005JA44GM	121.03	1	2026-01-28 16:24:46 PST		y	1			11				B005JA44GM						B005JA44GM			0	DEFAULT	Migrated Template	Inactive
Blades of Time [Japan Import] [video game]		0129HM4OMZ9	B005JA4ADY	119.11	0	2026-01-28 16:24:46 PST		y	1			11				B005JA4ADY						B005JA4ADY			0	DEFAULT	Migrated Template	Inactive
Penguin no Mondai: The Wars [Japan Import] [video game]		0129HM64UUQ	B005JA4EAI	66.31	1	2026-01-28 16:24:46 PST		y	1			11				B005JA4EAI						B005JA4EAI			0	DEFAULT	Migrated Template	Inactive
Pop'n Music Portable 2 [Japan Import] [video game]		0129HM6OKAS	B005JA4GUG	68.96	1	2026-01-28 16:24:46 PST		y	1			11				B005JA4GUG						B005JA4GUG			0	DEFAULT	Migrated Template	Inactive
Metal Gear Solid: Peace Walker HD Edition [Japan Import] [video game]		0129HM3NP42	B005JA4U2K	100.49	1	2026-01-28 16:24:46 PST		y	1			11				B005JA4U2K						B005JA4U2K			0	DEFAULT	Migrated Template	Inactive
Daiwa 691758 Rod Holder Power Holder Fast 160CH-E Red		0319H53R418	B005LX6JJM	258.69	0	2026-03-18 17:11:50 PDT		y	1			11				B005LX6JJM						B005LX6JJM			0	DEFAULT	Migrated Template	Inactive
To the Forest of Firefire [Regular Edition] [DVD] [DVD]		0120HSKDAC4	B005NGP2JK	74.63	0	2026-01-20 01:52:46 PST		y	1			11				B005NGP2JK						B005NGP2JK			0	DEFAULT	Migrated Template	Inactive
Panduit PLT4S-M30 Cable Tie, Standard, Heat Stabilized Nylon 6.6, 14.5-Inch Length, Black (1,000-Pack)		0120HS9JPKM	B005T6ATBK	420.79	0	2026-01-20 01:10:21 PST		y	1			11				B005T6ATBK						B005T6ATBK			0	DEFAULT	Migrated Template	Inactive
Panduit MP250W175-C Harness Identification Marker Plate, 2.50 by 1.75-Inch, White (100-Pack)		0120HRR9K81	B005T6TBUA	103.56	0	2026-01-20 01:10:21 PST		y	1			11				B005T6TBUA						B005T6TBUA			0	DEFAULT	Migrated Template	Inactive
Gradius Ultimate Collection (Original Soundtrack) [Audio CD] Game Music		0129HM8MUJO	B005Y2X6ZU	166.64	1	2026-01-28 16:24:46 PST		y	1			11				B005Y2X6ZU						B005Y2X6ZU			0	DEFAULT	Migrated Template	Inactive
Yasuda Hamono YG300 Kotetsu Seki Gold No. 10 Tsubatsuki Santoku Knife 7.1 inches (180 mm)		0313HK34J2H	B00601CABA	130.19	0	2026-03-12 19:50:44 PDT		y	1			11				B00601CABA						B00601CABA			0	DEFAULT	Migrated Template	Inactive
Softone Bass Trombone Mute Small		0319H5738MG	B0064S7J4M	163.05	0	2026-03-18 17:11:50 PDT		y	1			11				B0064S7J4M						B0064S7J4M			0	DEFAULT	Migrated Template	Inactive
Genso Suikoden: Tsumugareshi Hyakunen no Toki [Japan Import] [video game]		0129HM51Z6K	B006D7LIL4	66.71	1	2026-01-28 16:24:46 PST		y	1			11				B006D7LIL4						B006D7LIL4			0	DEFAULT	Migrated Template	Inactive
New Adventures - Matthew Bourne's Nutcracker! [Japan DVD] WPBS-91005 [DVD]		0129HM7CGNZ	B006UJREIQ	78.29	0	2026-01-28 16:24:46 PST		y	1			11				B006UJREIQ						B006UJREIQ			0	DEFAULT	Migrated Template	Inactive
Leonard Slatkin Conducts Tchaikovsky Ballets [Audio CD] Slatkin, Leonard		1224FGMQK2X	B006XOBFEM	77.5	0	2025-12-23 17:14:44 PST		y	1			11				B006XOBFEM						B006XOBFEM			0	DEFAULT	Venesplo_2601	Inactive
Hunter x Hunter Vol. 3 DVD [DVD]		0129HM3MR0W	B006Z4LFR2	61.47	0	2026-01-28 16:24:46 PST		y	1			11				B006Z4LFR2						B006Z4LFR2			0	DEFAULT	Migrated Template	Inactive
Danzai No Maria: La Campanella [Regular Edition] [Japan Import] [video game]		0129HM7QUTB	B0071HDWSC	77.84	0	2026-01-28 16:24:46 PST		y	1			11				B0071HDWSC						B0071HDWSC			0	DEFAULT	Migrated Template	Inactive
Professional Baseball Spirits (Pro Yakyuu Spirits) 2012 [video game]		0129HM1TR8Z	B0072B3EZI	56.13	0	2026-01-28 16:24:46 PST		y	1			11				B0072B3EZI						B0072B3EZI			0	DEFAULT	Migrated Template	Inactive
Sci-Fi Live Action - Ultra Seven 1994-2002 Perfect Collection DVD Box (16DVDS) [Japan DVD] VPBT-14966 [DVD]		0129HM9A9TS	B0079G0RV0	345.64	0	2026-01-28 16:24:46 PST		y	1			11				B0079G0RV0						B0079G0RV0			0	DEFAULT	Migrated Template	Inactive
Animation - Hunter X Hunter Vol.4 [Japan DVD] VPBY-13651 [DVD]		0129HM8B9AN	B0079WK728	59.79	0	2026-01-28 16:24:46 PST		y	1			11				B0079WK728						B0079WK728			0	DEFAULT	Migrated Template	Inactive
Chorda Violin String Set – Medium Tension, 11 1/2 Gauge E, Plain End		0319H52E419	B007B9AIXW	172.04	0	2026-03-18 17:11:50 PDT		y	1			11				B007B9AIXW						B007B9AIXW			0	DEFAULT	Migrated Template	Inactive
Metal Gear Solid HD Edition [Japan Import] [video game]		0129HM4J83Y	B007IEVIBQ	52.84	1	2026-01-28 16:24:46 PST		y	1			11				B007IEVIBQ						B007IEVIBQ			0	DEFAULT	Migrated Template	Inactive
Escent 513002 Drafting Paper, Pure Kent, 396.7 lbs (180 kg), A2, 100 Sheets		0313HK2P71C	B007TFPNRY	206.67	0	2026-03-12 19:50:44 PDT		y	1			11				B007TFPNRY						B007TFPNRY			0	DEFAULT	Migrated Template	Inactive
VISION ONETEN 110		0120HS5J788	B007TOWV7K	60.39	1	2026-01-20 01:10:21 PST		y	1			11				B007TOWV7K						B007TOWV7K			0	DEFAULT	Migrated Template	Inactive
Jikkyou Powerful Pro Yakyuu 2012 [Japan Import] [video game]		0129HM54DN8	B00840JT0A	53.11	0	2026-01-28 16:24:46 PST		y	1			11				B00840JT0A						B00840JT0A			0	DEFAULT	Migrated Template	Inactive
TOSHIDENSETSU NO ONNA BOX(5BLU-RAY) [Blu-ray]		0319H546K9S	B0089SPQ3G	227.96	0	2026-03-18 17:11:50 PDT		y	1			11				B0089SPQ3G						B0089SPQ3G			0	DEFAULT	Migrated Template	Inactive
Panduit LCD6-14A-L Code Conductor Copper Compression Lug, 2 Hole, #6 AWG, 1/4-Inch Stud, .63-Inch Hole Spacing		0120HSE301A	B008EKRRIG	184.63	1	2026-01-20 01:10:21 PST		y	1			11				B008EKRRIG						B008EKRRIG			0	DEFAULT	Migrated Template	Inactive
World Soccer Winning Eleven 2013 [Japan Import] [video game]		0129HM6RJ7I	B008OED754	68.04	0	2026-01-28 16:24:46 PST		y	1			11				B008OED754						B008OED754			0	DEFAULT	Migrated Template	Inactive
Panduit PLT3H-TL0 Cable Tie, Light-Heavy, Weather Resistant Nylon 6.6, 11.4-Inch Length, Black (250-Pack)		0319H54PQPP	B0094JF5R6	171.98	0	2026-03-18 17:11:50 PDT		y	1			11				B0094JF5R6						B0094JF5R6			0	DEFAULT	Migrated Template	Inactive
Panduit S100X225YAJ Laser Self-Laminated Label, Polyeseter, Clear/White (1,000-Pack)		0319H555KV6	B0094JFA1C	374.29	0	2026-03-18 17:11:50 PDT		y	1			11				B0094JFA1C						B0094JFA1C			0	DEFAULT	Migrated Template	Inactive
Sailor 11-3926-432 Fountain Pen, Professional Gear, Raro, Marun, Medium Point		0303HH4T304	B0095PTYZ8	358.79	0	2026-03-02 18:51:29 PST		y	1			11				B0095PTYZ8						B0095PTYZ8			0	DEFAULT	Migrated Template	Inactive
Fairy Tail: Portable Guild 2 (PSP the Best) [Japan Import] [video game]		0129HM8Z3HN	B00974WH9W	51.18	1	2026-01-28 16:24:46 PST		y	1			11				B00974WH9W						B00974WH9W			0	DEFAULT	Migrated Template	Inactive
Silent Hill: Downpour [video game]		0129HM8AN58	B00974WQAM	122.92	0	2026-01-28 16:24:46 PST		y	1			11				B00974WQAM						B00974WQAM			0	DEFAULT	Migrated Template	Inactive
Metal Gear Rising: Revengeance (Premium Package) - (PS3) PlayStation 3 (Japanese Import) [video game]		0129HM74YFJ	B009CKQI1E	151.67	0	2026-01-28 16:24:46 PST		y	1			11				B009CKQI1E						B009CKQI1E			0	DEFAULT	Migrated Template	Inactive
Panduit PLT2.5I-M0 Cable Tie, Intermediate, Weather Resistant Nylon 6.6, 9.7-Inch Length, Black (1,000-Pack)		0319H53S4SR	B009DHPG8C	187.7	0	2026-03-18 17:11:50 PDT		y	1			11				B009DHPG8C						B009DHPG8C			0	DEFAULT	Migrated Template	Inactive
Nonaka Boeki Nonaka Alto Saxophone Plastic Lead Case with Selmer Logo, 10 Pieces, Color: Sakura Pink		0131HVPDKSP	B00A01O3PC	58.98	0	2026-01-31 03:56:41 PST		y	1			11				B00A01O3PC						B00A01O3PC			0	DEFAULT	Migrated Template	Inactive
Nonaka Alto Saxophone Plastic Lead Case with Selmer Logo, 10 Pieces, Color: Ocean Blue		0131HVQFNLU	B00A01O3PW	58.38	0	2026-01-31 03:56:41 PST		y	1			11				B00A01O3PW						B00A01O3PW			0	DEFAULT	Migrated Template	Inactive
Nonaka B™ Clarinet Plastic Reed Case with Selmer Logo, 12 Count, Ocean Blue		0131HVO7Y4H	B00A01U3E2	55.95	0	2026-01-31 03:56:41 PST		y	1			11				B00A01U3E2						B00A01U3E2			0	DEFAULT	Migrated Template	Inactive
Nonaka B™ Clarinet Plastic Reed Case with Selmer Logo, 12 Count, Cherry Red		0131HVPPRDY	B00A01U3PG	58	0	2026-01-31 03:56:41 PST		y	1			11				B00A01U3PG						B00A01U3PG			0	DEFAULT	Migrated Template	Inactive
Nonaka Boeki Nonaka Alto Saxophone Plastic Lead Case with Selmer Logo, 10 Pieces, Color: Pearl White		0131HVNDT4P	B00A027VQY	59.65	0	2026-01-31 03:56:41 PST		y	1			11				B00A027VQY						B00A027VQY			0	DEFAULT	Migrated Template	Inactive
team A 3rd stage 誰かのために ~studio recordings コレクション~ [Electronics] AKB48		0129HM5HUM4	B00A70N93S	64.88	0	2026-01-28 16:24:46 PST		y	1			11				B00A70N93S						B00A70N93S			0	DEFAULT	Migrated Template	Inactive
Metal Gear Solid: Peace Walker HD Edition (PlayStation3 the Best Version) [Japan Import] [video game]		0129HM87ESZ	B00AAOX47C	112.44	0	2026-01-28 16:24:46 PST		y	1			11				B00AAOX47C						B00AAOX47C			0	DEFAULT	Migrated Template	Inactive
Panduit PLT1.5M-M1 Locking Cable Tie, Miniature, Nylon 6.6, 5.6-Inch Length, Brown (1,000-Pack)		0319H54EUKR	B00AFCUVS4	165.47	0	2026-03-18 17:11:50 PDT		y	1			11				B00AFCUVS4						B00AFCUVS4			0	DEFAULT	Migrated Template	Inactive
Panduit PLT1.5M-M2 Locking Cable Tie, Miniature, Nylon 6.6, 5.6-Inch Length, Red (1,000-Pack)		0319H4Z60RX	B00AFCUWDI	166.27	0	2026-03-18 17:11:50 PDT		y	1			11				B00AFCUWDI						B00AFCUWDI			0	DEFAULT	Migrated Template	Inactive
Panduit PLT2S-M3 Cable Tie, Standard, Nylon 6.6, 7.4-Inch Length, Orange (1,000-Pack)		0319H58072B	B00AFCUZ26	138.15	0	2026-03-18 17:11:50 PDT		y	1			11				B00AFCUZ26						B00AFCUZ26			0	DEFAULT	Migrated Template	Inactive
Panduit PLT2S-M55 Cable Tie, Standard, Nylon 6.6, 7.4-Inch Length, Fluorescent Green (1,000-Pack)		0319H58AZOY	B00AFCV00M	295.15	0	2026-03-18 17:11:50 PDT		y	1			11				B00AFCV00M						B00AFCV00M			0	DEFAULT	Migrated Template	Inactive
Panduit PLT3S-M2 Cable Tie, Standard, Nylon 6.6, 11.5" Length, Red (1,000-Pack)		0319H555KUW	B00AFCV3RC	275.31	0	2026-03-18 17:11:50 PDT		y	1			11				B00AFCV3RC						B00AFCV3RC			0	DEFAULT	Migrated Template	Inactive
Panduit PLT1.5M-M10 Locking Cable Tie, Miniature, Nylon 6.6, 5.6-Inch Length, White (1,000-Pack)		0319H555659	B00AHCNHY2	165.47	0	2026-03-18 17:11:50 PDT		y	1			11				B00AHCNHY2						B00AHCNHY2			0	DEFAULT	Migrated Template	Inactive
WORLD WONDER RING“STARDOM” [Audio CD] プロレス and ゆきの		0129HM8A4N8	B00AQLJIJM	87.04	0	2026-01-28 16:24:46 PST		y	1			11				B00AQLJIJM						B00AQLJIJM			0	DEFAULT	Migrated Template	Inactive
Printer Paper for Mitsubishi Electric Printers, Thermal Roll Paper, 4.3 inches (110 mm) x 70.9 ft (18 m), K95HG		0319H57XEYR	B00ATUHB4E	208.16	0	2026-03-18 17:11:50 PDT		y	1			11				B00ATUHB4E						B00ATUHB4E			0	DEFAULT	Migrated Template	Inactive
Pro Yakyuu Spirits 2013 [Japan Import] [video game]		0129HM1TR4U	B00B47PF7Q	55.76	0	2026-01-28 16:24:46 PST		y	1			11				B00B47PF7Q						B00B47PF7Q			0	DEFAULT	Migrated Template	Inactive
Panduit PLT2M-M2 Cable Tie, Miniature, Nylon 6.6, 8.0-Inch Length, Red (1,000-Pack)		0319H54AFSG	B00B4FFFF0	191.86	0	2026-03-18 17:11:50 PDT		y	1			11				B00B4FFFF0						B00B4FFFF0			0	DEFAULT	Migrated Template	Inactive
Frontier Gate Boost+[Japanese Version] [video game]		0129HM7YLNU	B00B4PANL6	73.98	1	2026-01-28 16:24:46 PST		y	1			11				B00B4PANL6						B00B4PANL6			0	DEFAULT	Migrated Template	Inactive
Panduit ABM1M-AT-M Cable Tie Mount, Adhesive Backed, High Temperature, 4-Way, Nylon 6.6, White (1,000-Pack)		0120HS8Y9AR	B00B4TPVZ0	301.43	0	2026-01-20 01:10:21 PST		y	1			11				B00B4TPVZ0						B00B4TPVZ0			0	DEFAULT	Migrated Template	Inactive
Panduit LCD8-14A-L Code Conductor Copper Compression Lug, 2 Hole, #8 AWG, 1/4-Inch Stud, .63-Inch Hole Spacing		0120HRRD97G	B00B5NLBA4	165.83	1	2026-01-20 01:10:21 PST		y	1			11				B00B5NLBA4						B00B5NLBA4			0	DEFAULT	Migrated Template	Inactive
Panduit LCD6-14D-L Code Conductor Copper Compression Lug, 2 Hole, #6 AWG, 1/4-Inch Stud, 1-Inch Hole Spacing		0120HRR7G3Z	B00B5NLJZG	184.63	1	2026-01-20 01:10:21 PST		y	1			11				B00B5NLJZG						B00B5NLJZG			0	DEFAULT	Migrated Template	Inactive
Panduit LCD4-14A-L Code Conductor Copper Compression Lug, 2 Hole, #4 - #3 AWG STR, #2 AWG SOL, 1/4-Inch Stud		0120HS95WP2	B00B5NLPWS	296.81	1	2026-01-20 01:10:21 PST		y	1			11				B00B5NLPWS						B00B5NLPWS			0	DEFAULT	Migrated Template	Inactive
Panduit LCD2-38D-Q Code Conductor Copper Compression Lug, 2 Hole, #2 AWG, 3/8-Inch Stud, 1-Inch Hole Spacing		0120HS5M5D6	B00B5NLZ3W	189.04	0	2026-01-20 01:10:21 PST		y	1			11				B00B5NLZ3W						B00B5NLZ3W			0	DEFAULT	Migrated Template	Inactive
Panduit LCD1-14B-E Code Conductor Copper Compression Lug, 2 Hole, #1 AWG, 1/4-Inch Stud, .75-Inch Hole Spacing		0120HS5M0JI	B00B5NM1EO	307.33	0	2026-01-20 01:10:21 PST		y	1			11				B00B5NM1EO						B00B5NM1EO			0	DEFAULT	Migrated Template	Inactive
Panduit LCD3/0-14B-X Code Conductor Copper Compression Lug, 2 Hole, 3/0 AWG, 1/4-Inch Stud, .75-Inch Hole Spacing		0120HSC6R73	B00B5NMHES	241.84	0	2026-01-20 01:10:21 PST		y	1			11				B00B5NMHES						B00B5NMHES			0	DEFAULT	Migrated Template	Inactive
Uzaki Nissin Rod Prospec 2-Way Tenkara 7:3 360		0319H52G651	B00B7YHVLO	176.84	0	2026-03-18 17:11:50 PDT		y	1			11				B00B7YHVLO						B00B7YHVLO			0	DEFAULT	Migrated Template	Inactive
Kiyoshi Hikawa - Special Concert 2012 Kiyoshi Kono Yoru Vol.12 [Japan DVD] COBA-6436 [DVD]		0129HM7TU2V	B00BEZSKLG	62	0	2026-01-28 16:24:46 PST		y	1			11				B00BEZSKLG						B00BEZSKLG			0	DEFAULT	Migrated Template	Inactive
Ro-Kyu-Bu! Himitsu no Otoshimono [Limited Edition] [Japan Import] [video game]		0131HVLGOTA	B00BH8MB9C	84.11	0	2026-01-31 03:56:41 PST		y	1			11				B00BH8MB9C						B00BH8MB9C			0	DEFAULT	Migrated Template	Inactive
中尾アルミ製作所 Nakao Aluminum Manufacturing King-Fron Stainless Steel Handle Frying Pan, 9.4 inches (24 cm)		0313HK2KQEJ	B00BQWJG3I	204.09	0	2026-03-12 19:50:44 PDT		y	1			11				B00BQWJG3I						B00BQWJG3I			0	DEFAULT	Migrated Template	Inactive
Japanese Movie - Taishibokei Tanita No Shain Shokudo (2DVDS) [Japan DVD] DABA-4476 [DVD]		0120HSMID9T	B00C4MSHXO	56.88	0	2026-01-20 01:52:46 PST		y	1			11				B00C4MSHXO						B00C4MSHXO			0	DEFAULT	Migrated Template	Inactive
All Of Me [Audio CD] TAKANAKA,MASAYOSHI		1218FX94FEB	B00CCTU7UA	55.62	1	2025-12-17 16:39:18 PST		y	1			11				B00CCTU7UA						B00CCTU7UA			0	DEFAULT	Venesplo_2601	Inactive
ミュージカル黒執事-The Most Beautiful DEATH in The World-千の魂と堕ちた死神【2013年上演】 [DVD] [DVD]		0120HSM9LUH	B00CTG7E4S	89.59	0	2026-01-20 01:52:46 PST		y	1			11				B00CTG7E4S						B00CTG7E4S			0	DEFAULT	Migrated Template	Inactive
This Boy Caught a Merman [Blu-ray]		0131HVQF8LC	B00D44IQ5U	55.41	0	2026-01-31 03:56:41 PST		y	1			11				B00D44IQ5U						B00D44IQ5U			0	DEFAULT	Migrated Template	Inactive
Koi Suru Fortune Cookie Type-Ii [Audio CD] AKB48		0120HSN2DWG	B00D9I9JSO	59.73	0	2026-01-20 01:52:46 PST		y	1			11				B00D9I9JSO						B00D9I9JSO			0	DEFAULT	Migrated Template	Inactive
Makita Screw Gun 6840, Black, 18V, 4700 RPM, 1/4" Chuck, Battery Powered		0319H53I20P	B00DH8V3B2	399.39	0	2026-03-18 17:11:50 PDT		y	1			11				B00DH8V3B2						B00DH8V3B2			0	DEFAULT	Migrated Template	Inactive
土佐刃物流通センター Tosa Knife, Black Uchi, Deba Knife, Blue Steel, No. 1, 5.3 inches (135 mm)		0313HK3C3OT	B00DLYHPFK	158.15	0	2026-03-12 19:50:44 PDT		y	1			11				B00DLYHPFK						B00DLYHPFK			0	DEFAULT	Migrated Template	Inactive
土佐刃物流通センター Tosa Knife, Black Uchi, Deba Knife, Blue Steel, No. 1, 7.1 inches (180 mm)		0313HK346RN	B00DLYHPQO	156.33	0	2026-03-12 19:50:44 PDT		y	1			11				B00DLYHPQO						B00DLYHPQO			0	DEFAULT	Migrated Template	Inactive
土佐刃物流通センター Tosa Knife, Black Uchi, Deba Knife, Blue Steel, No. 1, 7.7 inches (195 mm)		0313HK0NF9E	B00DLYHTQ0	191.89	0	2026-03-12 19:50:44 PDT		y	1			11				B00DLYHTQ0						B00DLYHTQ0			0	DEFAULT	Migrated Template	Inactive
土佐刃物流通センター Tosa Knife, Black Uchi, Deba Knife, Blue Steel, No. 1, 8.3 inches (210 mm)		0313HJX84YS	B00DLYHUBY	191.35	0	2026-03-12 19:50:44 PDT		y	1			11				B00DLYHUBY						B00DLYHUBY			0	DEFAULT	Migrated Template	Inactive
土佐刃物流通センター Tosa Knife, Black Uchi, Deba Knife, White Steel, No. 1, 7.1 inches (180 mm), Black, Beige		0313HK42PHD	B00DLYIJYG	312.4	0	2026-03-12 19:50:44 PDT		y	1			11				B00DLYIJYG						B00DLYIJYG			0	DEFAULT	Migrated Template	Inactive
World Soccer Winning Eleven 2014 - Sony PSP [Pre-Owned] (Japanese Import) [video game]		0129HM5ZY0R	B00E52TUW8	68.3	0	2026-01-28 16:24:46 PST		y	1			11				B00E52TUW8						B00E52TUW8			0	DEFAULT	Migrated Template	Inactive
Variety - Boogie Woogie Senmu DVD Vol.1 [Japan DVD] VPBF-15634 [DVD]		0120HSOUMS4	B00EJ95P3A	50.88	0	2026-01-20 01:52:46 PST		y	1			11				B00EJ95P3A						B00EJ95P3A			0	DEFAULT	Migrated Template	Inactive
Castlevania Lords of Shadow Collection [video game]		0129HM6A0IZ	B00ENWZAI8	187.7	1	2026-01-28 16:24:46 PST		y	1			11				B00ENWZAI8						B00ENWZAI8			0	DEFAULT	Migrated Template	Inactive
Daiwa INTERLINE Regal AORI #2-53		0319H575MCI	B00EP1LRDO	169.47	0	2026-03-18 17:11:50 PDT		y	1			11				B00EP1LRDO						B00EP1LRDO			0	DEFAULT	Migrated Template	Inactive
METAL GEAR SOLID HD EDITION PlayStation Vita the Best (Japanese Edition) [video game]		0129HM7S07B	B00EP4SDLK	90.92	1	2026-01-28 16:24:46 PST		y	1			11				B00EP4SDLK						B00EP4SDLK			0	DEFAULT	Migrated Template	Inactive
Talking Dreams [Audio CD] ECHOSMITH		0129HM79CXK	B00FJ8ZT4U	105.52	0	2026-01-28 16:24:46 PST		y	1			11				B00FJ8ZT4U						B00FJ8ZT4U			0	DEFAULT	Migrated Template	Inactive
Kokuyo Stapleless Stapler, Harinacs Handheld Staple-Free, Up to 10 Sheets No Staple Binding, Portable Compact Holeless Stapler, Light Blue, Japan Import (SLN-MSH110LB)		1224FGMV5Q8	B00FKNPRQE	67.23	1	2025-12-23 17:14:44 PST		y	1			11				B00FKNPRQE						B00FKNPRQE			0	DEFAULT	Venesplo_2601	Inactive
Hatsune Miku Magical Mirai 2013 LIMITED EDITION [JAPAN] [Blu-ray]		0227H2C6A5J	B00FWS2VS4	194.88	0	2026-02-26 19:40:56 PST		y	1			11				B00FWS2VS4						B00FWS2VS4			0	DEFAULT	Migrated Template	Inactive
Chibi Maruko-chan 127121 Grassland Face Mug, 9.1 fl oz (270 ml)		0129HM70MRS	B00GF1AJZO	50.23	0	2026-01-28 16:24:46 PST		y	1			11				B00GF1AJZO						B00GF1AJZO			0	DEFAULT	Migrated Template	Inactive
Sailor Fountain Pen Profit Black Raster Fine Point 11-3048-220		0120HS8XR9W	B00GMVVMT4	319.99	0	2026-01-20 01:10:21 PST		y	1			11				B00GMVVMT4						B00GMVVMT4			0	DEFAULT	Migrated Template	Inactive
Metal Gear Solid V: Ground Zeroes Standard Edition - PS4 [video game]		0129HM719VG	B00GNN1Y1M	59.87	0	2026-01-28 16:24:46 PST		y	1			11				B00GNN1Y1M						B00GNN1Y1M			0	DEFAULT	Migrated Template	Inactive
"Boundary of Empty" Movie Version Limited [Blu-ray]		0120HSGQTZI	B00GWGBZWS	132.47	0	2026-01-20 01:52:46 PST		y	1			11				B00GWGBZWS						B00GWGBZWS			0	DEFAULT	Migrated Template	Inactive
TK-414 Anti-Fire Charcoal Stove (Charcoal Grill) 17.7 inches (45 cm)		0319H55CIBW	B00GXYDUUY	230.84	0	2026-03-18 17:11:50 PDT		y	1			11				B00GXYDUUY						B00GXYDUUY			0	DEFAULT	Migrated Template	Inactive
Ridge Pilot Four Plus One 4+1 Multi-functional Writing Tool, BL (Black & Blue), Body Size: 5.5 x 0.5 inches (140 x 12.7 mm), 1.3 oz (33 g)		0313HK46NR5	B00GYRLDYA	160.86	0	2026-03-12 19:50:44 PDT		y	1			11				B00GYRLDYA						B00GYRLDYA			0	DEFAULT	Migrated Template	Inactive
Valtari [Audio CD] Sigur R s and Sigur Ros		0129HM4Q39M	B00GZ3RO1E	51.92	0	2026-01-28 16:24:46 PST		y	1			11				B00GZ3RO1E						B00GZ3RO1E			0	DEFAULT	Migrated Template	Inactive
MITSUBISHI FX3S-14MR/ES 4000 Steps Program Capacity, 6 OUTPUTS, 8 INPUTS, 8DC in / 6 Relay Out, AC Base Unit, ETHERNET, FX3S PLC CPU, MODBUS Networking		0319H51YH4E	B00H40ZFJK	263.63	0	2026-03-18 17:11:50 PDT		y	1			11				B00H40ZFJK						B00H40ZFJK			0	DEFAULT	Migrated Template	Inactive
はじめの一歩 Rising Blu-ray BOX partI [Blu-ray]		0120HSP9Y48	B00HFAURWO	181.55	0	2026-01-20 01:52:46 PST		y	1			11				B00HFAURWO						B00HFAURWO			0	DEFAULT	Migrated Template	Inactive
Animation - Manga Nihonshi (9) Sengoku Jidai [Japan DVD] VPBY-13819 [DVD]		0319H59ZCEG	B00HYLRY48	168.85	0	2026-03-18 17:11:50 PDT		y	1			11				B00HYLRY48						B00HYLRY48			0	DEFAULT	Migrated Template	Inactive
Deja Vu [Audio CD] Archie Shepp		0120HSN0KH8	B00I00B1ZK	74.28	1	2026-01-20 01:52:46 PST		y	1			11				B00I00B1ZK						B00I00B1ZK			0	DEFAULT	Migrated Template	Inactive
Don't Smoke in Bad [Audio CD] Eddie Higgins		0120HSDBML1	B00I00DON2	69.23	1	2026-01-20 01:10:21 PST		y	1			11				B00I00DON2						B00I00DON2			0	DEFAULT	Migrated Template	Inactive
Makita Corporation: Black Mushroom Grown For Drill DD2020		0319H4WPFTS	B00IU627L6	217.6	0	2026-03-18 17:11:50 PDT		y	1			11				B00IU627L6						B00IU627L6			0	DEFAULT	Migrated Template	Inactive
Hinode Eagle Eraser, Gold Matamaru-kun MG-100-B, White, Pack of 20		0131HVNQV2M	B00IWMRUZ6	60.12	0	2026-01-31 03:56:41 PST		y	1			11				B00IWMRUZ6						B00IWMRUZ6			0	DEFAULT	Migrated Template	Inactive
Irregular at Magic High School N Yuugakuhen 1 [Blu-ray] [Blu-ray]		0120HSK7RXD	B00JJGG33Y	57.88	0	2026-01-20 01:52:46 PST		y	1			11				B00JJGG33Y						B00JJGG33Y			0	DEFAULT	Migrated Template	Inactive
Animation - Mushishi (Mushi-Shi) 1 (BD+CD) [Japan LTD BD] ANZX-3561 [Blu-ray]		0120HSU6X8L	B00JTOAH3I	128.15	0	2026-01-20 01:52:46 PST		y	1			11				B00JTOAH3I						B00JTOAH3I			0	DEFAULT	Migrated Template	Inactive
蟲師 続章 二(完全生産限定版) [Blu-ray] [Blu-ray]		0120HSKCL4T	B00JTOGT5S	126.05	0	2026-01-20 01:52:46 PST		y	1			11				B00JTOGT5S						B00JTOGT5S			0	DEFAULT	Migrated Template	Inactive
Panduit S100X075YAJ Laser/Inkjet Self-Laminated Label, Polyester, Clear/ White (2,500-Pack)		0319H51S63X	B00JVEVFFU	246.52	0	2026-03-18 17:11:50 PDT		y	1			11				B00JVEVFFU						B00JVEVFFU			0	DEFAULT	Migrated Template	Inactive
Panduit S100X125YAJ Laser/Inkjet Self-Laminated Label, Polyester, Clear/ White (2,500-Pack)		0319H53S4SU	B00JVEVG8Q	377.51	0	2026-03-18 17:11:50 PDT		y	1			11				B00JVEVG8Q						B00JVEVG8Q			0	DEFAULT	Migrated Template	Inactive
Panduit HSTTVA100-48-5 Dual Wall Adhesive Lined Thin Wall Heat Shrink, 1-Inch (5-Pack)		0319H4Z85PO	B00JVWT0J0	395.13	0	2026-03-18 17:11:50 PDT		y	1			11				B00JVWT0J0						B00JVWT0J0			0	DEFAULT	Migrated Template	Inactive
Sibelius: Symphony No.4 [Audio CD] Herbert von Karajan		0129HM3NQPW	B00K0PDP84	60.68	0	2026-01-28 16:24:46 PST		y	1			11				B00K0PDP84						B00K0PDP84			0	DEFAULT	Migrated Template	Inactive
Total Eclipse [Audio CD] COBHAM,BILLY		0129HM7TU2Y	B00K0PDQ1U	72.62	1	2026-01-28 16:24:46 PST		y	1			11				B00K0PDQ1U						B00K0PDQ1U			0	DEFAULT	Migrated Template	Inactive
るろうに剣心 新京都編 特別版(Blu-ray Disc) [Blu-ray]		0120HSMU84A	B00K2DF9EM	100.29	0	2026-01-20 01:52:46 PST		y	1			11				B00K2DF9EM						B00K2DF9EM			0	DEFAULT	Migrated Template	Inactive
If Dreams Come True [Audio CD] HIGGINS,EDDIE TRIO		0120HSMNU80	B00L9J6J8S	79.05	1	2026-01-20 01:52:46 PST		y	1			11				B00L9J6J8S						B00L9J6J8S			0	DEFAULT	Migrated Template	Inactive
Sela SE 010 CaSela Pro Satin Nut Professional Cajon with Snare On/Off Mechanism		0313HJWDIUL	B00LHV80GM	492.61	0	2026-03-12 19:50:44 PDT		y	1			11				B00LHV80GM						B00LHV80GM			0	DEFAULT	Migrated Template	Inactive
Animation - Gintama Blu-Ray Box Season 3 (7BDS+5CDS) [Japan LTD BD] ANZX-11731 [Blu-ray]		0120HSFY0HL	B00LWLZJNY	192.04	0	2026-01-20 01:52:46 PST		y	1			11				B00LWLZJNY						B00LWLZJNY			0	DEFAULT	Migrated Template	Inactive
Animation - Aldnoah.Zero 1 [Japan LTD DVD] ANSB-11401 [DVD]		1224FGFGFCK	B00LXJWN3O	81.17	0	2025-12-23 17:14:44 PST		y	1			11				B00LXJWN3O						B00LXJWN3O			0	DEFAULT	Venesplo_2601	Inactive
TC Electronic POLYTUNE 2 Pedal Tuner		0131HVLS4L8	B00MZCECP0	213.91	0	2026-01-31 03:56:41 PST		y	1			11				B00MZCECP0						B00MZCECP0			0	DEFAULT	Migrated Template	Inactive
Ibanez Design Strap GSD50P6 Gsd50 Guitar Strap		0129HM3NHKX	B00ONPSJ9C	79.26	1	2026-01-28 16:24:46 PST		y	1			11				B00ONPSJ9C						B00ONPSJ9C			0	DEFAULT	Migrated Template	Inactive
Mushishi - Zokushou Vol.5 (BD+CD) [Japan LTD BD] ANZX-3569 [Blu-ray]		0120HSTYCMO	B00PMEYNT8	128.29	0	2026-01-20 01:52:46 PST		y	1			11				B00PMEYNT8						B00PMEYNT8			0	DEFAULT	Migrated Template	Inactive
Panduit S100X225YAJ-D Self Laminating Label for Laser Printers, White		0319H553WES	B00Q4PF550	228.47	0	2026-03-18 17:11:50 PDT		y	1			11				B00Q4PF550						B00Q4PF550			0	DEFAULT	Migrated Template	Inactive
PANDUIT PSL-DCJB-C BLOCKOUT, RJ45, X100 and Tool, RED		0319H5496UB	B00Q4PJKIS	155.35	0	2026-03-18 17:11:50 PDT		y	1			11				B00Q4PJKIS						B00Q4PJKIS			0	DEFAULT	Migrated Template	Inactive
Nakagawa Koupowder Japanese Painting Paint, Phoenix Rock Paint, Momoyama, 48 Color Set		0313HJYAMJL	B00Q7TASDW	293.57	0	2026-03-12 19:50:44 PDT		y	1			11				B00Q7TASDW						B00Q7TASDW			0	DEFAULT	Migrated Template	Inactive
nakagawa 胡粉 Japanese children paint 鳳凰 Rock Paint 天平 48 Color Set		0313HK11L3I	B00Q7TASF0	323.39	0	2026-03-12 19:50:44 PDT		y	1			11				B00Q7TASF0						B00Q7TASF0			0	DEFAULT	Migrated Template	Inactive
Nakagawa Gofun Paint for Japanese Painting Phoenix Rock Painting Heian 48 Color Set		0313HK2MV8Y	B00Q7TASG4	296.74	0	2026-03-12 19:50:44 PDT		y	1			11				B00Q7TASG4						B00Q7TASG4			0	DEFAULT	Migrated Template	Inactive
Nakagawa Gofu Japanese Painting Paint, Phoenix Rock Paint, Asuka 48 Color Set		0313HK150NV	B00Q7TATMC	292.09	0	2026-03-12 19:50:44 PDT		y	1			11				B00Q7TATMC						B00Q7TATMC			0	DEFAULT	Migrated Template	Inactive
Kiyoshi Hikawa - Hikawa Kiyoshi Tokusen Pv Shu (2DVDS) [Japan DVD] COBA-6740 [DVD]		0120HSRDFJD	B00R3WCA38	76.56	0	2026-01-20 01:52:46 PST		y	1			11				B00R3WCA38						B00R3WCA38			0	DEFAULT	Migrated Template	Inactive
V.A. - The Idolm@Ster 9Th Anniversary We Are M@Sterpiece!! Blu-Ray Perfect Box (5BDS) [Japan BD] LABX-38095 [Blu-ray]		0129HM6AUOS	B00RGB8KVC	310.37	1	2026-01-28 16:24:46 PST		y	1			11				B00RGB8KVC						B00RGB8KVC			0	DEFAULT	Migrated Template	Inactive
Durarara!! - *2 Shou Vol.2 (DVD+CD) [Japan LTD DVD] ANZB-11803 [DVD]		0120HSURDHM	B00S16DQHO	80.74	0	2026-01-20 01:52:46 PST		y	1			11				B00S16DQHO						B00S16DQHO			0	DEFAULT	Migrated Template	Inactive
Animation - Mushishi (Mushi-Shi) Zokusho 6 (BD+CD) [Japan LTD BD] ANZX-3571 [Blu-ray]		0120HSOM7XC	B00S769IIO	123.71	0	2026-01-20 01:52:46 PST		y	1			11				B00S769IIO						B00S769IIO			0	DEFAULT	Migrated Template	Inactive
(Daiwa) Daiwa Rod liberty Club isokaze 1.5 - 45 / K		0129HM7YO4C	B00T4951CU	150.47	0	2026-01-28 16:24:46 PST		y	1			11				B00T4951CU						B00T4951CU			0	DEFAULT	Migrated Template	Inactive
Ibanez IEGS61MK Super Light Electric Guitar Strings – Nickel Wound Strings 010-046)		0129HM3MG5G	B00TPWOHXA	53.45	0	2026-01-28 16:24:46 PST		y	1			11				B00TPWOHXA						B00TPWOHXA			0	DEFAULT	Migrated Template	Inactive
Daiwa / SP G-097 Hera Vise (Metal)		0319H53QB4D	B00TVQGGDY	149.56	0	2026-03-18 17:11:50 PDT		y	1			11				B00TVQGGDY						B00TVQGGDY			0	DEFAULT	Migrated Template	Inactive
Nogizaka 46 - Hoshino Minami No Oshi Doko [Japan DVD] SRBW-26 [DVD]		1224FGMYOKQ	B00U7Y21II	68.88	0	2025-12-23 17:14:44 PST		y	1			11				B00U7Y21II						B00U7Y21II			0	DEFAULT	Venesplo_2601	Inactive
Nogizaka 46 - Ikoma Rina No Oshi Doko [Japan DVD] SRBW-23 [DVD]		1224FGLJ2CQ	B00U7Y21T2	71.93	0	2025-12-23 17:14:44 PST		y	1			11				B00U7Y21T2						B00U7Y21T2			0	DEFAULT	Venesplo_2601	Inactive
Metal Gear Solid V: The Phantom Pain - Special Edition [Japan Import] [video game]		0129HM5HEYC	B00UA2AF44	75.9	1	2026-01-28 16:24:46 PST		y	1			11				B00UA2AF44						B00UA2AF44			0	DEFAULT	Migrated Template	Inactive
Metal Gear Solid V: The Phantom Pain - Special Edition [PS3] [video game]		0129HM28S6U	B00UA2AF94	102.93	1	2026-01-28 16:24:46 PST		y	1			11				B00UA2AF94						B00UA2AF94			0	DEFAULT	Migrated Template	Inactive
Metal Gear Solid V: The Phantom Pain - Standard Edition [PS3] [video game]		0129HM6C9ZE	B00UA2AF9O	55.15	1	2026-01-28 16:24:46 PST		y	1			11				B00UA2AF9O						B00UA2AF9O			0	DEFAULT	Migrated Template	Inactive
Xaphoon Bamboo Saxophone BAMBOO SAX (Key C)		0313HK3TXW8	B00UJ1C1K2	192.12	0	2026-03-12 19:50:44 PDT		y	1			11				B00UJ1C1K2						B00UJ1C1K2			0	DEFAULT	Migrated Template	Inactive
Free! Iwatobi Swim Club Season 1 English Subtitled [DVD]		0131HVLUHMC	B00UKO5EI4	75.79	0	2026-01-31 03:56:41 PST		y	1			11				B00UKO5EI4						B00UKO5EI4			0	DEFAULT	Migrated Template	Inactive
HATSUNE MIKU EXPO in New York Ltd. Blu-ray [Blu-ray]		0319H52IEVM	B00V5TQW98	159.62	0	2026-03-18 17:11:50 PDT		y	1			11				B00V5TQW98						B00V5TQW98			0	DEFAULT	Migrated Template	Inactive
Panduit PLT2M-M4Y Cable Tie, Miniature, Nylon 6.6, 8.0-Inch Length, Yellow (1,000-Pack)		0319H54QP8P	B00WDV3EZC	205.6	0	2026-03-18 17:11:50 PDT		y	1			11				B00WDV3EZC						B00WDV3EZC			0	DEFAULT	Migrated Template	Inactive
Panduit SST2I-M Cable Tie, 2 Piece, Intermediate, Nylon 6.6, 8.1-Inch Length, Natural (1,000-Pack)		0319H544X1D	B00WDV46H2	241.59	0	2026-03-18 17:11:50 PDT		y	1			11				B00WDV46H2						B00WDV46H2			0	DEFAULT	Migrated Template	Inactive
Panduit SST3I-M Cable Tie, 2 Piece, Intermediate, Nylon 6.611.0-Inch Length, Natural (1,000-Pack)		0319H4Z60RT	B00WDV4BR2	407.65	0	2026-03-18 17:11:50 PDT		y	1			11				B00WDV4BR2						B00WDV4BR2			0	DEFAULT	Migrated Template	Inactive
Panduit PLT4H-TL10 Cable Tie, Light-Heavy, Nylon 6.6, 14.5-Inch Length, White (250-Pack)		0319H58AZOP	B00WDV4P96	180.49	0	2026-03-18 17:11:50 PDT		y	1			11				B00WDV4P96						B00WDV4P96			0	DEFAULT	Migrated Template	Inactive
Panduit PLT13H-C3 Cable Tie, Heavy, Nylon 6.6, 43.3-Inch Length, Orange (100-Pack)		0319H52IP53	B00WDV55I6	291.19	0	2026-03-18 17:11:50 PDT		y	1			11				B00WDV55I6						B00WDV55I6			0	DEFAULT	Migrated Template	Inactive
Panduit PLT2I-M1 Cable Tie, Intermediate, Nylon 6.6, 8.0-Inch Length, Brown (1,000-Pack)		0319H53LVO1	B00WDV789K	210.06	0	2026-03-18 17:11:50 PDT		y	1			11				B00WDV789K						B00WDV789K			0	DEFAULT	Migrated Template	Inactive
Panduit PLT2I-M5 Cable Tie, Intermediate, Nylon 6.6, 8.0-Inch Length, Green (1,000-Pack)		0319H583X41	B00WDV7AOI	210.06	0	2026-03-18 17:11:50 PDT		y	1			11				B00WDV7AOI						B00WDV7AOI			0	DEFAULT	Migrated Template	Inactive
KANO ~ 1931 Koshien Beyond the Sea ~ DVD [DVD]		0120HS90U7L	B00WL4LDIQ	66.93	0	2026-01-20 01:10:21 PST		y	1			11				B00WL4LDIQ						B00WL4LDIQ			0	DEFAULT	Migrated Template	Inactive
Panduit PLT4H-TL20 Cable Tie, Light Heavy, Nylon 6.6, 14.5-Inch Length, Black (250-Pack)		0319H4WQ6OG	B00WUMSVLQ	188.95	0	2026-03-18 17:11:50 PDT		y	1			11				B00WUMSVLQ						B00WUMSVLQ			0	DEFAULT	Migrated Template	Inactive
TC Electronic GAUSS TAPE ECHO Super-Saturated Tape Echo Pedal with Mod Switch, Delay, Sustain and Volume Controls		0131HVLZXUN	B00X8JGKTA	191.82	1	2026-01-31 03:56:41 PST		y	1			11				B00X8JGKTA						B00X8JGKTA			0	DEFAULT	Migrated Template	Inactive
Animation - Joshiraku Blu-Ray Box (8BDS+2CDS+2DVDS) [Japan LTD BD] KIXA-90555 [Blu-ray]		0319H54T4EC	B00XUAE19S	249.79	0	2026-03-18 17:11:50 PDT		y	1			11				B00XUAE19S						B00XUAE19S			0	DEFAULT	Migrated Template	Inactive
Albinoni Adagio [Audio CD] Gary Karr		0129HM73UNM	B0100WQGZA	50.68	0	2026-01-28 16:24:46 PST		y	1			11				B0100WQGZA						B0100WQGZA			0	DEFAULT	Migrated Template	Inactive
Makita A-53914 Hedge Trimmer Attachment, Gray		0227H27WDP0	B010OY272A	314.2	0	2026-02-26 19:40:56 PST		y	1			11				B010OY272A						B010OY272A			0	DEFAULT	Migrated Template	Inactive
Winning Eleven 2016 PlayStation 3 Japanese Ver. [video game]		0129HM3JU3F	B0118KUTMO	94.98	0	2026-01-28 16:24:46 PST		y	1			11				B0118KUTMO						B0118KUTMO			0	DEFAULT	Migrated Template	Inactive
Let There Be Blood (incl. bonus track) [Audio CD] EXODUS		0129HM90JRO	B011W6NB2Y	50.74	0	2026-01-28 16:24:46 PST		y	1			11				B011W6NB2Y						B011W6NB2Y			0	DEFAULT	Migrated Template	Inactive
Premonition [Audio CD] FIREWIND		0129HMAVQJ2	B011W6NGSS	75.32	1	2026-01-28 16:24:46 PST		y	1			11				B011W6NGSS						B011W6NGSS			0	DEFAULT	Migrated Template	Inactive
Panduit HSTT200-48-5-4 Thin Wall Polyolefin Heat Shrink, Flame Retardant, 2-Inch, Yellow (5-Pack)		0319H54OFPS	B012IOROL8	132.8	0	2026-03-18 17:11:50 PDT		y	1			11				B012IOROL8						B012IOROL8			0	DEFAULT	Migrated Template	Inactive
Panduit HSTT400-48-2C Dry-Shrink Thin Wall Polyolefin Heat Shrink, Flame Retardant, 4-Inch, Clear (2-Pack)		0319H52JA0Y	B012IOS2LO	187.27	0	2026-03-18 17:11:50 PDT		y	1			11				B012IOS2LO						B012IOS2LO			0	DEFAULT	Migrated Template	Inactive
Panduit SE50PS-CLR0 Pan-Wrap, Braided Expandable Sleeving, Polyethylene Terephthalate, Black (150-Foot)		0120HRRBGX6	B012IOT3IK	421.97	0	2026-01-20 01:10:21 PST		y	1			11				B012IOT3IK						B012IOT3IK			0	DEFAULT	Migrated Template	Inactive
Panduit SE25PSFR-TR0 Pan-Wrap, Braided Expandable Sleeving, Flame Retardant, Polyethylene Terephthalate, Black (200-Foot)		0120HSCQ5XL	B012IOT8TE	489.74	0	2026-01-20 01:10:21 PST		y	1			11				B012IOT8TE						B012IOT8TE			0	DEFAULT	Migrated Template	Inactive
Life's Not Out to Get You (TG) [Audio CD] NECK DEEP		0131HVNIN8E	B013XTOTBU	97.7	1	2026-01-31 03:56:41 PST		y	1			11				B013XTOTBU						B013XTOTBU			0	DEFAULT	Migrated Template	Inactive
Persona 3 The Movie: No. 3, Falling Down [Unknown Binding]		1224FGFFWHQ	B014K8AWIW	96.79	0	2025-12-23 17:14:44 PST		y	1			11				B014K8AWIW						B014K8AWIW			0	DEFAULT	Venesplo_2601	Inactive
Wrestling (Genichiro Tenryu) - Tenryu Genichiro Intai Kinen Zen Nihon Pro Wrestling & Shin Nihon Pro Wrestling Gekito No Kiseki DVD Box (6DVDS) [Japan DVD] VPBH-29939 [DVD]		0120HS9MOSN	B014S8CV0Q	226.89	0	2026-01-20 01:10:21 PST		y	1			11				B014S8CV0Q						B014S8CV0Q			0	DEFAULT	Migrated Template	Inactive
Panduit Laser/Inkjet, Self-Laminating Turn-Tell Label		0319H52IWSA	B015Y3RP1O	365.51	0	2026-03-18 17:11:50 PDT		y	1			11				B015Y3RP1O						B015Y3RP1O			0	DEFAULT	Migrated Template	Inactive
Sanei SP01 Splatoon Series Female Inkling Stuffed Plush, 9"		0120HRXULBX	B016LRXUDE	84.53	0	2026-01-20 01:10:21 PST		y	1			11				B016LRXUDE						B016LRXUDE			0	DEFAULT	Migrated Template	Inactive
Selmer Paris B1 Clarinet Mouthpiece Focus		0319H54U0KV	B0177LXS4Y	214.2	0	2026-03-18 17:11:50 PDT		y	1			11				B0177LXS4Y						B0177LXS4Y			0	DEFAULT	Migrated Template	Inactive
Makita HP332DZ 12V Max Li-Ion CXT Brushless Combi Drill - No Batteries Included Black/Blue		0319H55BK09	B017AQXQBQ	189.76	0	2026-03-18 17:11:50 PDT		y	1			11				B017AQXQBQ						B017AQXQBQ			0	DEFAULT	Migrated Template	Inactive
Night on the Galactic Railroad [Blu-ray] [Blu-ray]		0131HVPQW8U	B0199YCCDU	199.99	0	2026-01-31 03:56:41 PST		y	1			11				B0199YCCDU						B0199YCCDU			0	DEFAULT	Migrated Template	Inactive
Disqualified heroine [DVD] JAPANESE EDITION [DVD]		0120HSMUSTU	B019FOS81O	72.72	0	2026-01-20 01:52:46 PST		y	1			11				B019FOS81O						B019FOS81O			0	DEFAULT	Migrated Template	Inactive
Ibanez Electric guitar, Right, Brown, Full (GRG121DX-WNF)		0129HM7XBRC	B01AAGCB00	415.75	0	2026-01-28 16:24:46 PST		y	1			11				B01AAGCB00						B01AAGCB00			0	DEFAULT	Migrated Template	Inactive
IBANEZ Analogue Delay Mini Effect Device - Made in Japan (ADMINI),Silver		1224FGFGUK9	B01AUOFSSO	201.07	0	2025-12-23 17:14:44 PST		y	1			11				B01AUOFSSO						B01AUOFSSO			0	DEFAULT	Venesplo_2601	Inactive
Fruit of Grisaia: Complete Collection [DVD]		0131HVLREKH	B01AZDMOI2	64.22	0	2026-01-31 03:56:41 PST		y	1			11				B01AZDMOI2						B01AZDMOI2			0	DEFAULT	Migrated Template	Inactive
アドバンスドア Advance Door HANAKO H-24 Fry Fry Pot, 9.4 inches (24 cm)		0313HK3BUOX	B01B2E3DFQ	184.05	0	2026-03-12 19:50:44 PDT		y	1			11				B01B2E3DFQ						B01B2E3DFQ			0	DEFAULT	Migrated Template	Inactive
Work EMOTION (emotion) center cap FLAT TYPE black 4 pieces 120186		0313HK0WM4A	B01BJTGXTW	166.93	0	2026-03-12 19:50:44 PDT		y	1			11				B01BJTGXTW						B01BJTGXTW			0	DEFAULT	Migrated Template	Inactive
Kpp Best [Audio CD] Kyary Pamyu Pamyu		0129HM7YIK0	B01CCNJXSW	97.88	0	2026-01-28 16:24:46 PST		y	1			11				B01CCNJXSW						B01CCNJXSW			0	DEFAULT	Migrated Template	Inactive
Nakabayashi LST-FB5WR Lifestyle Tool Storage Box File B5 Wine Red		0120HRR9VGO	B01CJ3OZVK	56.4	1	2026-01-20 01:10:21 PST		y	1			11				B01CJ3OZVK						B01CJ3OZVK			0	DEFAULT	Migrated Template	Inactive
Nakabayashi LST-FA4WR Lifestyle Tool Storage Box File A4 Wine Red		0120HSDTUZD	B01CJ3P00A	63.97	1	2026-01-20 01:10:21 PST		y	1			11				B01CJ3P00A						B01CJ3P00A			0	DEFAULT	Migrated Template	Inactive
Nakabayashi LST-FB5NV Lifestyle Tool, Storage Box, File B5, Navy		0120HRXWAJ3	B01CJ3P046	62.98	1	2026-01-20 01:10:21 PST		y	1			11				B01CJ3P046						B01CJ3P046			0	DEFAULT	Migrated Template	Inactive
Nakabayashi LST-B01WR Lifestyle Tool Small Storage Case Box S Wine Red		0120HS9MTMO	B01CJ3P2P8	53.61	0	2026-01-20 01:10:21 PST		y	1			11				B01CJ3P2P8						B01CJ3P2P8			0	DEFAULT	Migrated Template	Inactive
Makita LW1401 Cut-Off Saw, 14"		0319H57DHNC	B01CSAG6NE	301.53	0	2026-03-18 17:11:50 PDT		y	1			11				B01CSAG6NE						B01CSAG6NE			0	DEFAULT	Migrated Template	Inactive
C.C. Shiny Case II Trumpet Case Aero CC2-ATP-BK Black		0227H2EVROC	B01CWM0P4E	406.25	0	2026-02-26 19:40:56 PST		y	1			11				B01CWM0P4E						B01CWM0P4E			0	DEFAULT	Migrated Template	Inactive
C.C. Shiny Case II Trumpet Case Aero CC2-ATP-WH White		0227H2HFJGD	B01CWM0PN0	424.4	0	2026-02-26 19:40:56 PST		y	1			11				B01CWM0PN0						B01CWM0PN0			0	DEFAULT	Migrated Template	Inactive
C.C. Shiny Case II Trumpet Case Aero CC2-ATP-LV Lavender		0227H2K7ZB5	B01CWM0QIY	446.31	0	2026-02-26 19:40:56 PST		y	1			11				B01CWM0QIY						B01CWM0QIY			0	DEFAULT	Migrated Template	Inactive
C.C. Shiny Case II Trumpet Case Aero CC2-ATP-LBL Light Blue		0227H2GFNT2	B01CWM0QX4	428.5	0	2026-02-26 19:40:56 PST		y	1			11				B01CWM0QX4						B01CWM0QX4			0	DEFAULT	Migrated Template	Inactive
C.C. Shiny Case II Trumpet Case Aero CC2-ATP-PY Pastel Yellow		0227H2HNAT9	B01CWM0RN8	424.1	0	2026-02-26 19:40:56 PST		y	1			11				B01CWM0RN8						B01CWM0RN8			0	DEFAULT	Migrated Template	Inactive
C.C. Shiny Case II Trumpet Case Aero CC2-ATP-PWBL Powder Blue		0227H2APCFN	B01CWM0VC0	447.53	0	2026-02-26 19:40:56 PST		y	1			11				B01CWM0VC0						B01CWM0VC0			0	DEFAULT	Migrated Template	Inactive
C.C. Shiny Case II for Clarinet Purple CC2-CLA-PPL		0227H27XMW2	B01D1ESSGO	264.31	1	2026-02-26 19:40:56 PST		y	1			11				B01D1ESSGO						B01D1ESSGO			0	DEFAULT	Migrated Template	Inactive
C.C. Shiny Case II Clarinet Case Mini CC2-CLMC-PY Pastel Yellow		0319H54T7Z3	B01D1ESXK0	270.17	0	2026-03-18 17:11:50 PDT		y	1			11				B01D1ESXK0						B01D1ESXK0			0	DEFAULT	Migrated Template	Inactive
C.C. Shiny Case II for Clarinet Salmon Pink CC2-CLA-SPK		0227H2D8T4R	B01D1EWF3Q	262.75	0	2026-02-26 19:40:56 PST		y	1			11				B01D1EWF3Q						B01D1EWF3Q			0	DEFAULT	Migrated Template	Inactive
C.C. Shiny Case II for Clarinet Pastel Yellow CC2-CLA-PY		0227H2G97X8	B01D1EWUJA	238.96	0	2026-02-26 19:40:56 PST		y	1			11				B01D1EWUJA						B01D1EWUJA			0	DEFAULT	Migrated Template	Inactive
classmate (Fully Production Limited Edition) [Blu-ray] [Blu-ray]		0120HSJO88D	B01DDDRU58	107.57	0	2026-01-20 01:52:46 PST		y	1			11				B01DDDRU58						B01DDDRU58			0	DEFAULT	Migrated Template	Inactive
Rin-ne 1 [DVD]		0131HVNIX5O	B01DEQ91J2	64.22	0	2026-01-31 03:56:41 PST		y	1			11				B01DEQ91J2						B01DEQ91J2			0	DEFAULT	Migrated Template	Inactive
High School Fleet 3 (Limited Edition) [Blu-ray] JAPANESE EDITION [Blu-ray]		0120HSA13R3	B01F94YMZ0	100.88	0	2026-01-20 01:10:21 PST		y	1			11				B01F94YMZ0						B01F94YMZ0			0	DEFAULT	Migrated Template	Inactive
Vaughan Williams: Sinfonia Antartica [Audio CD] Vaughan Williams and Adrian Boult		0120HSOSF2B	B01GJXSPT4	51.58	0	2026-01-20 01:52:46 PST		y	1			11				B01GJXSPT4						B01GJXSPT4			0	DEFAULT	Migrated Template	Inactive
TC Electronic WireTap Riff Recorder Pedal		0131HVLXTOE	B01HHJXKRG	145.3	1	2026-01-31 03:56:41 PST		y	1			11				B01HHJXKRG						B01HHJXKRG			0	DEFAULT	Migrated Template	Inactive
Golgo 13: The Professional Blu Ray [Blu-ray] [Blu-ray]		0131HVPI6FV	B01ICUPAIQ	88.83	1	2026-01-31 03:56:41 PST		y	1			11				B01ICUPAIQ						B01ICUPAIQ			0	DEFAULT	Migrated Template	Inactive
Getter Robo Armageddon [Blu-ray] [Blu-ray]		0131HVLWSJ7	B01ICUPAJ0	100.82	0	2026-01-31 03:56:41 PST		y	1			11				B01ICUPAJ0						B01ICUPAJ0			0	DEFAULT	Migrated Template	Inactive
Sanrio Characters Hello Kitty Plastic Lead Case for Nonaka Alto Saxophone, Box for 10, Color: Black		0131HVL7LET	B01IV3PH7I	52.95	0	2026-01-31 03:56:41 PST		y	1			11				B01IV3PH7I						B01IV3PH7I			0	DEFAULT	Migrated Template	Inactive
Daiwa (Daiwa) torautoroddo Spinning ipurimi 56xxul – Small Fishing Rod		0319H4WP67C	B01KYU2H06	157.43	0	2026-03-18 17:11:50 PDT		y	1			11				B01KYU2H06						B01KYU2H06			0	DEFAULT	Migrated Template	Inactive
KINTO SCS-S02 Brewer Stand Set, 4 Cups, Coffee, Gift, Present 27591		0319H54T4GX	B01LAV6P6K	223.13	0	2026-03-18 17:11:50 PDT		y	1			11				B01LAV6P6K						B01LAV6P6K			0	DEFAULT	Migrated Template	Inactive
Panduit Patch Cord Removal Tool PCRT1		0319H54GQJH	B01LOYS6LA	242.24	0	2026-03-18 17:11:50 PDT		y	1			11				B01LOYS6LA						B01LOYS6LA			0	DEFAULT	Migrated Template	Inactive
Sailor fountain pen profit junior s limited edition color transparent yellow in fine print (MF).		0120HSGSH4D	B01LW38IOO	66.95	0	2026-01-20 01:52:46 PST		y	1			11				B01LW38IOO						B01LW38IOO			0	DEFAULT	Migrated Template	Inactive
Corporation 孝行 Hammered Damascus VG10 Split with 33 Layer Muscle Pull 240 mm 67397		0313HJYSRIS	B01LZFOCEH	266.68	0	2026-03-12 19:50:44 PDT		y	1			11				B01LZFOCEH						B01LZFOCEH			0	DEFAULT	Migrated Template	Inactive
Free The Tone Ambi Space AS-1R Reverb Pedal		0227H2EVJP4	B01M0861LD	459.61	1	2026-02-26 19:40:56 PST		y	1			11				B01M0861LD						B01M0861LD			0	DEFAULT	Migrated Template	Inactive
JAPANESE TV DRAMA Who killed Tokuyama Daigoro? [Blu-ray] (JAPANESE AUDIO , NO ENGLISH SUB.) [Blu-ray]		1224FGNQ85E	B01M0GQZDD	149.99	1	2025-12-23 17:14:44 PST		y	1			11				B01M0GQZDD						B01M0GQZDD			0	DEFAULT	Venesplo_2601	Inactive
Ibanez Limited Edition OD850 Overdrive Guitar Effects Pedal		0129HMAQ9KB	B01M1MZL2B	188.68	0	2026-01-28 16:24:46 PST		y	1			11				B01M1MZL2B						B01M1MZL2B			0	DEFAULT	Migrated Template	Inactive
JAPANESE GRAVURE IDOL HKT48 vs NGT48 Battle Blu-ray BOX 4 pieces (DISC 2 pieces + 2 bonus DISCS) [Blu-ray]		0319H55S2BO	B01M1VSGFG	169.84	0	2026-03-18 17:11:50 PDT		y	1			11				B01M1VSGFG						B01M1VSGFG			0	DEFAULT	Migrated Template	Inactive
TV anime "Miss Kobayashi's Maidagon" OP theme song "Rhapsody of the blue sky" (Anime version) [Audio CD] fhana		0120HSBESOY	B01M290F7A	53.98	0	2026-01-20 01:10:21 PST		y	1			11				B01M290F7A						B01M290F7A			0	DEFAULT	Migrated Template	Inactive
Cider: Hard & Sweet [Audio CD] Senri Kawaguchi		0129HM3ID0V	B01M2ZCQ8N	59.7	1	2026-01-28 16:24:46 PST		y	1			11				B01M2ZCQ8N						B01M2ZCQ8N			0	DEFAULT	Migrated Template	Inactive
Nakabayashi LST-FB5KR Lifestyle Tool Storage Box File B5 Craft		0120HSE0QFJ	B01M5IE6VF	57.97	1	2026-01-20 01:10:21 PST		y	1			11				B01M5IE6VF						B01M5IE6VF			0	DEFAULT	Migrated Template	Inactive
Zebra Sarasa Dry B-JJB31-R Gel Ballpoint Pen, 0.7, Red, 10 Pieces		0129HM87Z7I	B01M9IGP2R	54.65	0	2026-01-28 16:24:46 PST		y	1			11				B01M9IGP2R						B01M9IGP2R			0	DEFAULT	Migrated Template	Inactive
Lupin the 3rd: Series 2 Box 1 [DVD]		0131HVLYIXY	B01MAXV89Q	135.81	0	2026-01-31 03:56:41 PST		y	1			11				B01MAXV89Q						B01MAXV89Q			0	DEFAULT	Migrated Template	Inactive
Watching Movies with the Sound Off[2 LP] [Vinyl] Mac Miller		0131HVMS1MA	B01MFADXIC	85.53	0	2026-01-31 03:56:41 PST		y	1			11				B01MFADXIC						B01MFADXIC			0	DEFAULT	Migrated Template	Inactive
Nakabayashi LST-B01KR Lifestyle Tool Small Storage Case Box S Craft		0120HSB8KR9	B01MFEH8GK	51.47	0	2026-01-20 01:10:21 PST		y	1			11				B01MFEH8GK						B01MFEH8GK			0	DEFAULT	Migrated Template	Inactive
Nakabayashi LST-FA4KR Lifestyle Tool Small Storage Box File A4 Craft		0120HS7GP6G	B01MG79BVA	65.94	1	2026-01-20 01:10:21 PST		y	1			11				B01MG79BVA						B01MG79BVA			0	DEFAULT	Migrated Template	Inactive
DAIWA Spinning Reel (Throwing/Far Throw) 17 WINDCAST 4000 (2017 Model)		0319H52JA0C	B01MTD6EQZ	173.67	0	2026-03-18 17:11:50 PDT		y	1			11				B01MTD6EQZ						B01MTD6EQZ			0	DEFAULT	Migrated Template	Inactive
DAIWA Bi-Axis Reel 17 Dynaster, 5.3 gal (150 L) (2017 Model)		0319H55OAE8	B01MUERPRY	156.22	0	2026-03-18 17:11:50 PDT		y	1			11				B01MUERPRY						B01MUERPRY			0	DEFAULT	Migrated Template	Inactive
Daiwa WINDSURF35 Spinning Reel (Throwing/Long Cast) 17 Fine Thread (2017 Model)		0319H5759TO	B01MZDXWZ0	173.67	0	2026-03-18 17:11:50 PDT		y	1			11				B01MZDXWZ0						B01MZDXWZ0			0	DEFAULT	Migrated Template	Inactive
Daiwa WINDCAST 4000QD Spinning Reel (Throwing/Long Cast) 17 (2017 Model)		0319H52JSK9	B01N152Q6L	186.88	0	2026-03-18 17:11:50 PDT		y	1			11				B01N152Q6L						B01N152Q6L			0	DEFAULT	Migrated Template	Inactive
Daiwa Bi-Axis Reel 17 Dynaster, 150 (2017 Model)		0319H542MH1	B01N152QEX	156.22	0	2026-03-18 17:11:50 PDT		y	1			11				B01N152QEX						B01N152QEX			0	DEFAULT	Migrated Template	Inactive
TC Electronic CINDERS OVERDRIVE Tube-Like with Extremely Responsive and Expressive Feel		0131HVNTJ22	B01N2J1W6F	88.55	0	2026-01-31 03:56:41 PST		y	1			11				B01N2J1W6F						B01N2J1W6F			0	DEFAULT	Migrated Template	Inactive
TC Electronic Skysurfer Reverb, Green, Studio Quality with Award Winning Algorithms, Spring, Plate and Hall reverbs, True Bypass, Metal Chassis		0131HVL4P9Z	B01N434NRS	116.77	1	2026-01-31 03:56:41 PST		y	1			11				B01N434NRS						B01N434NRS			0	DEFAULT	Migrated Template	Inactive
Daiwa Bi-Axis Reel 17 Dynaster 300 (2017 Model)		0319H557MD4	B01N4S15NG	171.5	0	2026-03-18 17:11:50 PDT		y	1			11				B01N4S15NG						B01N4S15NG			0	DEFAULT	Migrated Template	Inactive
DAIWA Spinning Reel (Throwing/Far Throw) 17 WINDSURF35 Thick Yarn (2017 Model)		0319H527MFZ	B01N4S4HM4	173.67	0	2026-03-18 17:11:50 PDT		y	1			11				B01N4S4HM4						B01N4S4HM4			0	DEFAULT	Migrated Template	Inactive
Midori Compact Stapler, XS Series, Blue (35273006)		1224FGNT4F6	B01N5GHK2H	54.31	0	2025-12-23 17:14:44 PST		y	1			11				B01N5GHK2H						B01N5GHK2H			0	DEFAULT	Venesplo_2601	Inactive
DAIWA Spinning Reel (Throwing/Far Throw) 17 WINDCAST 5000 (2017 Model)		0319H55S2CR	B01N6UZ7R2	180.18	0	2026-03-18 17:11:50 PDT		y	1			11				B01N6UZ7R2						B01N6UZ7R2			0	DEFAULT	Migrated Template	Inactive
TC Electronic, Studio Quality with Award-Winning Algorithm (The Prophet Digital Delay)		0131HVPEHUI	B01N77HLYA	117.57	1	2026-01-31 03:56:41 PST		y	1			11				B01N77HLYA						B01N77HLYA			0	DEFAULT	Migrated Template	Inactive
Nakabayashi 91241 Lifestyle Tool Storage Bag, Blue		0120HSDCKUS	B01NH5BS6Z	78.1	1	2026-01-20 01:10:21 PST		y	1			11				B01NH5BS6Z						B01NH5BS6Z			0	DEFAULT	Migrated Template	Inactive
Ensky - Kirby - Kirby Nosechara Assortment 2, Stacking Figure		1224FGJYOA4	B06VWM2GWW	73.98	1	2025-12-23 17:14:44 PST		y	1			11				B06VWM2GWW						B06VWM2GWW			0	DEFAULT	Venesplo_2601	Inactive
Ibanez Powerpad IUBT541 Tenor Ukulele Gig Bag - Black		0129HM82HNA	B06XB7CLNF	114.95	1	2026-01-28 16:24:46 PST		y	1			11				B06XB7CLNF						B06XB7CLNF			0	DEFAULT	Migrated Template	Inactive
Ibanez Powerpad IUBC541 Concert Ukulele Gig Bag - Wine Red		0129HM8I0YM	B06XB7J81J	68.8	1	2026-01-28 16:24:46 PST		y	1			11				B06XB7J81J						B06XB7J81J			0	DEFAULT	Migrated Template	Inactive
Ibanez Powerpad IUBS541 Soprano Ukulele Gig Bag - Navy Blue		0129HM8ZF1B	B06XB8K2RS	70.41	1	2026-01-28 16:24:46 PST		y	1			11				B06XB8K2RS						B06XB8K2RS			0	DEFAULT	Migrated Template	Inactive
TC Electronic Echobrain Analog Delay Effect Pedal		0131HVRWAOQ	B06XGQ6316	211.98	1	2026-01-31 03:56:41 PST		y	1			11				B06XGQ6316						B06XGQ6316			0	DEFAULT	Migrated Template	Inactive
Megabus KARASHI SW FS GP Hakubora		0120HSNAYRD	B06XJH3WTG	53.83	0	2026-01-20 01:52:46 PST		y	1			11				B06XJH3WTG						B06XJH3WTG			0	DEFAULT	Migrated Template	Inactive
Megabass KARASHI SW FS Weed Shrimp 59mm Soft Plastic Fishing Hook, 1 Piece		0120HRXSNPT	B06XJH524C	50.11	1	2026-01-20 01:10:21 PST		y	1			11				B06XJH524C						B06XJH524C			0	DEFAULT	Migrated Template	Inactive
Megabass KARASHI SW FA Mullet 59mm x1 Tuna Lure		0120HSGQE36	B06XJKR2P4	54.36	0	2026-01-20 01:52:46 PST		y	1			11				B06XJKR2P4						B06XJKR2P4			0	DEFAULT	Migrated Template	Inactive
Ibanez PC12MHCE-OPN Electro Acoustic Guitar, Open Pore Natural		0129HM6RZ7D	B06XNTSGR7	343.7	0	2026-01-28 16:24:46 PST		y	1			11				B06XNTSGR7						B06XNTSGR7			0	DEFAULT	Migrated Template	Inactive
Oaks Rey Triwake Tongs, Boxed, Silver, Made in Japan TM1361		0131HVNWGUT	B06XQJQGBV	64.59	0	2026-01-31 03:56:41 PST		y	1			11				B06XQJQGBV						B06XQJQGBV			0	DEFAULT	Migrated Template	Inactive
Makita TK0LM5030F TK0LM5030F-Trípode 2900 para SK209, Black		0320H8YLH91	B06XYHYRJB	271.11	0	2026-03-19 17:04:56 PDT		y	1			11				B06XYHYRJB						B06XYHYRJB			0	DEFAULT	Migrated Template	Inactive
TC Electronic RUSTY FUZZ Silicon-Based Transistor Fuzz with Vintage Gated and Velcro-Like Fuzz Tones		0131HVLW6EZ	B06Y4DMLX7	127.93	1	2026-01-31 03:56:41 PST		y	1			11				B06Y4DMLX7						B06Y4DMLX7			0	DEFAULT	Migrated Template	Inactive
TC Electronic THUNDERSTORM FLANGER Vintage-Style Flanger Pedal with All-Analog Bucket-Brigade Circuit		0131HVLTV7S	B06Y4FH65B	116.42	1	2026-01-31 03:56:41 PST		y	1			11				B06Y4FH65B						B06Y4FH65B			0	DEFAULT	Migrated Template	Inactive
TC Electronic POLYTUNE 3 Ultra-Compact Polyphonic Tuner with Multiple Tuning Modes and Built-In BONAFIDE BUFFER		0131HVO1IGG	B06Y4G7NQD	149.78	1	2026-01-31 03:56:41 PST		y	1			11				B06Y4G7NQD						B06Y4G7NQD			0	DEFAULT	Migrated Template	Inactive
Very Best KC and the Sunshine Band (SHM-CD) [Audio CD] K.C. & the Sunshine Band		0129HM3ONF8	B071CVYDSD	50.72	0	2026-01-28 16:24:46 PST		y	1			11				B071CVYDSD						B071CVYDSD			0	DEFAULT	Migrated Template	Inactive
Orc [Audio CD] Thee Oh Sees		0131HVL7LFN	B071GG2TP3	109.73	1	2026-01-31 03:56:41 PST		y	1			11				B071GG2TP3						B071GG2TP3			0	DEFAULT	Migrated Template	Inactive
DAIWA Boat Rod Interline Mini Boat X 30-240 Fishing Rod		0320H8XWCLD	B071JMW3Z3	162.15	0	2026-03-19 17:04:56 PDT		y	1			11				B071JMW3Z3						B071JMW3Z3			0	DEFAULT	Migrated Template	Inactive
Love Live! Sunshine!! Aqours First Love Live! - Step! ZERO to ONE - Blu-ray Memorial Box [Blu-ray]		0129HM88209	B071JT7QVL	81.12	0	2026-01-28 16:24:46 PST		y	1			11				B071JT7QVL						B071JT7QVL			0	DEFAULT	Migrated Template	Inactive
Nakabayashi 91223 Lifestyle Tool Document File, B5, Navy		0120HSB87HZ	B071V4S27T	114	0	2026-01-20 01:10:21 PST		y	1			11				B071V4S27T						B071V4S27T			0	DEFAULT	Migrated Template	Inactive
Cate Brothers [Audio CD] CATE BROTHERS		0129HM3N1OI	B072DXS8P1	50.53	0	2026-01-28 16:24:46 PST		y	1			11				B072DXS8P1						B072DXS8P1			0	DEFAULT	Migrated Template	Inactive
FUJI ELECTRIC CONTROL STANDARD ELECTOR (NO CASE COVER)		0320H8QAX34	B073BRPYPN	331.38	0	2026-03-19 17:04:56 PDT		y	1			11				B073BRPYPN						B073BRPYPN			0	DEFAULT	Migrated Template	Inactive
Richell for Mugs Straw Set S-3		0131HVPV7EK	B073S41YRF	95.65	0	2026-01-31 03:56:41 PST		y	1			11				B073S41YRF						B073S41YRF			0	DEFAULT	Migrated Template	Inactive
Makita PO5000C 5" Dual Action Random Orbit Polisher		0320H8WVK8U	B073SLQ5BM	365.69	0	2026-03-19 17:04:56 PDT		y	1			11				B073SLQ5BM						B073SLQ5BM			0	DEFAULT	Migrated Template	Inactive
Jean-Rucksack Godard Blu-ray Box Vol. 2 / Jiga Werthov Group [Blu-ray]		0320H90WZY7	B073WFZSW1	161.55	0	2026-03-19 17:04:56 PDT		y	1			11				B073WFZSW1						B073WFZSW1			0	DEFAULT	Migrated Template	Inactive
EVAH PIRAZZI GOLD Eva Pilazzi Gold Violin Strings A D G Wire Set (G Wire Silver Roll)		0227H27TET9	B0746N3M8H	204.21	1	2026-02-26 19:40:56 PST		y	1			11				B0746N3M8H						B0746N3M8H			0	DEFAULT	Migrated Template	Inactive
Pokemon All Star Collection - PP90 - Budew Plush, 6.5"		1224FGI6Y9Z	B074H2X7RD	55.36	1	2025-12-23 17:14:44 PST		y	1			11				B074H2X7RD						B074H2X7RD			0	DEFAULT	Venesplo_2601	Inactive
Makita Rechargeable Angle Impact Driver		0320H8UCXPH	B074JDND41	257.05	0	2026-03-19 17:04:56 PDT		y	1			11				B074JDND41						B074JDND41			0	DEFAULT	Migrated Template	Inactive
AAZV Guitar Parts (PR-01set G)		0227H24L0UT	B074M73TPG	138.97	0	2026-02-26 19:40:56 PST		y	1			11				B074M73TPG						B074M73TPG			0	DEFAULT	Migrated Template	Inactive
Gypsy Ways [Audio CD] ANTHEM		0129HM4O1M1	B074VF291B	50.42	0	2026-01-28 16:24:46 PST		y	1			11				B074VF291B						B074VF291B			0	DEFAULT	Migrated Template	Inactive
VESSEL GS5P-36 Single Headed Ball Point, Rigid Color, Set of 5, Opposite Side 3/4/5/6/8 x 150 mm		0129HM88AD7	B0751K53F1	51.05	0	2026-01-28 16:24:46 PST		y	1			11				B0751K53F1						B0751K53F1			0	DEFAULT	Migrated Template	Inactive
Kinto 20934 Travel Tumbler, 11.8 fl oz (350 ml), Khaki, Double Wall Vacuum Construction, Heat and Cold Retention		1218FX5V7KR	B075HB4XTT	71.21	0	2025-12-17 16:39:18 PST		y	1			11				B075HB4XTT						B075HB4XTT			0	DEFAULT	Venesplo_2601	Inactive
Cajun Sunrise [Audio CD] The Cruzados		0129HM8JAZ5	B075RNQGS1	57.51	0	2026-01-28 16:24:46 PST		y	1			11				B075RNQGS1						B075RNQGS1			0	DEFAULT	Migrated Template	Inactive
KINTO SCS-S04 27572 Brewer Stand Set, 2 Cups, Coffee, Gift, Present		0320H8WTS99	B075SW3PV7	188.39	0	2026-03-19 17:04:56 PDT		y	1			11				B075SW3PV7						B075SW3PV7			0	DEFAULT	Migrated Template	Inactive
Ibanez ICGC10 Universal Concert Western & Electric Guitar Capo Capo		0129HM7G8JM	B075YJHV94	56.64	0	2026-01-28 16:24:46 PST		y	1			11				B075YJHV94						B075YJHV94			0	DEFAULT	Migrated Template	Inactive
Black Sea: Definitive Edition [Blu-ray] [Audio CD]		0131HVPABVS	B075Z587Z2	77.55	0	2026-01-31 03:56:41 PST		y	1			11				B075Z587Z2						B075Z587Z2			0	DEFAULT	Migrated Template	Inactive
KINTO 27573 SCS-S04 Brewer Stand Set, 4 Cups, Coffee, Dishwasher Safe, Gift, Present		0320H91FHGW	B0764D8FN4	194.04	0	2026-03-19 17:04:56 PDT		y	1			11				B0764D8FN4						B0764D8FN4			0	DEFAULT	Migrated Template	Inactive
Nichiban Masking Tape, 70 Rolls, 0.7 inches (18 mm) x 6.7 ft (18 m), 227H-18BOX		0131HVLWIKX	B07664NTXR	108.4	0	2026-01-31 03:56:41 PST		y	1			11				B07664NTXR						B07664NTXR			0	DEFAULT	Migrated Template	Inactive
Nichiban 227H-30BOX Masking Tape, 40 Rolls, 1.2 inches (30 mm) x 70.9 ft (18 m), Pack of 4		0131HVL7SW2	B07665S5KM	89.99	0	2026-01-31 03:56:41 PST		y	1			11				B07665S5KM						B07665S5KM			0	DEFAULT	Migrated Template	Inactive
Beethoven Piano Sonata Box: UHQCD [Audio CD] PETER ROSEL		0120HRRC4TC	B076JGZR2N	189.41	0	2026-01-20 01:10:21 PST		y	1			11				B076JGZR2N						B076JGZR2N			0	DEFAULT	Migrated Template	Inactive
Thomas the Tank Engine 662116 Railroad Brion (Two-Handed Soup Cup), 7.4 fl oz (210 ml), Children's Tableware, White		0129HM7PWSJ	B0779YFNX1	51.82	0	2026-01-28 16:24:46 PST		y	1			11				B0779YFNX1						B0779YFNX1			0	DEFAULT	Migrated Template	Inactive
Black Swamp Percussion Legacy Bronze Triangle - 7-inch		0313HJX7AEP	B077DL7QKB	412.3	0	2026-03-12 19:50:44 PDT		y	1			11				B077DL7QKB						B077DL7QKB			0	DEFAULT	Migrated Template	Inactive
KINTO 20946 Travel Tumbler, 16.9 fl oz (500 ml), Black, Double Wall Vacuum Construction, Heat and Cold Retention		0129HM7DTE5	B077T9TS5R	72.02	0	2026-01-28 16:24:46 PST		y	1			11				B077T9TS5R						B077T9TS5R			0	DEFAULT	Migrated Template	Inactive
KINTO 20943 Travel Tumbler, 16.9 fl oz (500 ml), Red, Double Wall Vacuum Construction, Heat and Cold Retention		1218FX6AOHK	B077TCTPDQ	97.57	0	2025-12-17 16:39:18 PST		y	1			11				B077TCTPDQ						B077TCTPDQ			0	DEFAULT	Venesplo_2601	Inactive
Evolve To Love -20 Years Anniversary Best- [Audio CD] KOKIA		0129HM751ZB	B078223LW2	80.92	1	2026-01-28 16:24:46 PST		y	1			11				B078223LW2						B078223LW2			0	DEFAULT	Migrated Template	Inactive
Ibanez PowerPad IGB540 Electric Guitar Gig Bag - Black		0129HM7XBRO	B078JD9DR8	210.97	1	2026-01-28 16:24:46 PST		y	1			11				B078JD9DR8						B078JD9DR8			0	DEFAULT	Migrated Template	Inactive
Ibanez Powerpad Gig Bags IGB541DBK IGB541D Electric Guitar Gig Bag,Black		0129HM5DQGP	B078JDWYV3	209.18	1	2026-01-28 16:24:46 PST		y	1			11				B078JDWYV3						B078JDWYV3			0	DEFAULT	Migrated Template	Inactive
Konami Jikkyou Powerful Pro Yakyuu 2018 VR SONY PS4 PLAYSTATION 4 JAPANESE VERSION [video game]		0129HM6VOYX	B078LHP564	52.87	0	2026-01-28 16:24:46 PST		y	1			11				B078LHP564						B078LHP564			0	DEFAULT	Migrated Template	Inactive
Daiwa Spinning Reel (Throwing/Long Cast) 18 Power Surf SS 5000QD (2018 Model)		0320H8YO76N	B078Z2XRSP	268.14	0	2026-03-19 17:04:56 PDT		y	1			11				B078Z2XRSP						B078Z2XRSP			0	DEFAULT	Migrated Template	Inactive
DAIWA Spinning Reel (Throwing/Far Throw) 18 Power Surf SS 4500QD (2018 Model)		0320H8YM2XT	B078Z3NXXW	264.02	0	2026-03-19 17:04:56 PDT		y	1			11				B078Z3NXXW						B078Z3NXXW			0	DEFAULT	Migrated Template	Inactive
Daiwa 18 Power Surf SS 4000QD Spinning Reel (Throwing/Long Cast) (2018 Model)		0320H8UEMYI	B078Z3TZNW	259.91	0	2026-03-19 17:04:56 PDT		y	1			11				B078Z3TZNW						B078Z3TZNW			0	DEFAULT	Migrated Template	Inactive
DAIWA Spinning Reel (Throwing/Far Throw) 18 Power Surf SS 3500QD (2018 Model)		0320H8Q9SBQ	B078Z3ZRBL	271.86	0	2026-03-19 17:04:56 PDT		y	1			11				B078Z3ZRBL						B078Z3ZRBL			0	DEFAULT	Migrated Template	Inactive
Beatless Box 1 [Blu-ray] [Blu-ray]		0320H9456NF	B0791YTPW8	211.44	0	2026-03-19 17:04:56 PDT		y	1			11				B0791YTPW8						B0791YTPW8			0	DEFAULT	Migrated Template	Inactive
DAIWA Spinning Reel (Throw/Far Throw) 18 Pro Cargo SS 4500 Far Throw (2018 Model)		0320H8VH44G	B0794BBG68	254.15	0	2026-03-19 17:04:56 PDT		y	1			11				B0794BBG68						B0794BBG68			0	DEFAULT	Migrated Template	Inactive
DAIWA Spinning Reel (Throw/Far Throw) 18 Pro Cargo SS 5000 Far Throw (2018 Model)		0320H8QCD95	B0794BSGN3	258.27	0	2026-03-19 17:04:56 PDT		y	1			11				B0794BSGN3						B0794BSGN3			0	DEFAULT	Migrated Template	Inactive
Daiwa Squid Reel 18 BJ Raft, 2.5 gal (70 L) (2018 Model)		0320H8WES9I	B0794H85Y4	439.24	0	2026-03-19 17:04:56 PDT		y	1			11				B0794H85Y4						B0794H85Y4			0	DEFAULT	Migrated Template	Inactive
Daiwa Squid Reel 18 BJ Raft 70 (2018 Model)		0320H8UC3GW	B0794M8WVC	345.67	0	2026-03-19 17:04:56 PDT		y	1			11				B0794M8WVC						B0794M8WVC			0	DEFAULT	Migrated Template	Inactive
Panduit Tak-Tape Hook and Loop Cable Roll, Adjustable & Releasable, 35ft x 0.75 in, Black (Pack of 10)		0320H8QC4WL	B0799B9JNY	301.58	0	2026-03-19 17:04:56 PDT		y	1			11				B0799B9JNY						B0799B9JNY			0	DEFAULT	Migrated Template	Inactive
King Ultimate Tuba Mouthpiece Marching		0313HJZ68SP	B079PQGC5S	241.07	0	2026-03-12 19:50:44 PDT		y	1			11				B079PQGC5S						B079PQGC5S			0	DEFAULT	Migrated Template	Inactive
Soto (Soto) Stainless Steel Snake – Pot gora St – 950		0320H8Y5TML	B079VPK4KB	284.23	0	2026-03-19 17:04:56 PDT		y	1			11				B079VPK4KB						B079VPK4KB			0	DEFAULT	Migrated Template	Inactive
Zebra B-RMJF5-BK Ballpoint Pen Refill, Sarasa Mark On, MJF-0.5 Lead, Black, 10 Count		0120HS71NRX	B07B53WGZ8	58.3	0	2026-01-20 01:10:21 PST		y	1			11				B07B53WGZ8						B07B53WGZ8			0	DEFAULT	Migrated Template	Inactive
DAIWA Metal Jig Saltiga TG Bait 4.2 oz (120 g) PH Red Gold Lure		0129HM7MY5Z	B07B88J6Q9	56.48	0	2026-01-28 16:24:46 PST		y	1			11				B07B88J6Q9						B07B88J6Q9			0	DEFAULT	Migrated Template	Inactive
DAIWA Metal Jig Saltiga TG Bait, 5.3 oz (150 g), FH Anchor, Lure		0129HM9ATMO	B07B88PM1G	66.82	0	2026-01-28 16:24:46 PST		y	1			11				B07B88PM1G						B07B88PM1G			0	DEFAULT	Migrated Template	Inactive
DAIWA Metal Jig Saltiga TG Bait 4.2 oz (120 g) PH Pink Lure		0129HM5BL8Y	B07B8BDK6L	71.64	0	2026-01-28 16:24:46 PST		y	1			11				B07B8BDK6L						B07B8BDK6L			0	DEFAULT	Migrated Template	Inactive
Nakabayashi 91271 Lifestyle Tool File A4 Pink		0120HRR5BB3	B07BHJ5P58	75.12	1	2026-01-20 01:10:21 PST		y	1			11				B07BHJ5P58						B07BHJ5P58			0	DEFAULT	Migrated Template	Inactive
"Musical ‘Hetalia’ Final Live – A World In The Universe” Blu-ray Box [Blu-ray]		0227H2KGH7G	B07DFQKRYT	187.06	0	2026-02-26 19:40:56 PST		y	1			11				B07DFQKRYT						B07DFQKRYT			0	DEFAULT	Migrated Template	Inactive
Nier: Orchestral Arrangement (Original Soundtrack) [Audio CD] NIER		1218FX63XWU	B07DKSSD42	105.92	1	2025-12-17 16:39:18 PST		y	1			11				B07DKSSD42						B07DKSSD42			0	DEFAULT	Venesplo_2601	Inactive
Megahouse - Army - F-616s Flare Nabbit Sisters, Desktop Army Action Figure		0120HS9N7U4	B07DPP5P7S	189.01	1	2026-01-20 01:10:21 PST		y	1			11				B07DPP5P7S						B07DPP5P7S			0	DEFAULT	Migrated Template	Inactive
Overlord III 1 DVD (Blu-ray) [Blu-ray]		0120HSN8PJI	B07DXGQKWM	135.08	0	2026-01-20 01:52:46 PST		y	1			11				B07DXGQKWM						B07DXGQKWM			0	DEFAULT	Migrated Template	Inactive
DAIWA 30-240 Choi Toss Sabiki Universal Drower Liberty Club Light Pack Fishing Rod		0320H8YXQ2X	B07FTZVNJN	142.84	0	2026-03-19 17:04:56 PDT		y	1			11				B07FTZVNJN						B07FTZVNJN			0	DEFAULT	Migrated Template	Inactive
DAIWA 30-270 Choi Toss Sabiki Universal Drower Liberty Club Light Pack Fishing Rod		0320H8QBDA5	B07FV1X2C8	188.73	0	2026-03-19 17:04:56 PDT		y	1			11				B07FV1X2C8						B07FV1X2C8			0	DEFAULT	Migrated Template	Inactive
DAIWA Choi Toss Sabiki Universal Drowing Rod Liberty Club Light Pack 20-240 Fishing Rod		0320H8Z9IEV	B07FV7PZQ9	168.83	0	2026-03-19 17:04:56 PDT		y	1			11				B07FV7PZQ9						B07FV7PZQ9			0	DEFAULT	Migrated Template	Inactive
DAIWA 10-240 Choi Toss Sabiki Universal Drowing Rod Liberty Club Light Pack		0320H8WS860	B07FW9SR44	159.23	0	2026-03-19 17:04:56 PDT		y	1			11				B07FW9SR44						B07FW9SR44			0	DEFAULT	Migrated Template	Inactive
Daiwa Liberty Club Light Pack 20-210 Small Throw/Sabiki All-Purpose Shaking Rod, Fishing Rod		0320H8YM2Y5	B07FWDZGWT	154.28	0	2026-03-19 17:04:56 PDT		y	1			11				B07FWDZGWT						B07FWDZGWT			0	DEFAULT	Migrated Template	Inactive
Zebra Ballpoint Pen Sharbo X TS10 Refill JSB-0.5 Lead + Sharp Mechanism Set B SB-X-TSJSB5-B		0129HM8B9AK	B07GBKSCLP	50.43	0	2026-01-28 16:24:46 PST		y	1			11				B07GBKSCLP						B07GBKSCLP			0	DEFAULT	Migrated Template	Inactive
Sankei Studio Ghibli My Neighbor Totoro Diorama Paper Craft Kit MK07-35		0313HK0QE2G	B07GSZ43FP	264.46	0	2026-03-12 19:50:44 PDT		y	1			11				B07GSZ43FP						B07GSZ43FP			0	DEFAULT	Migrated Template	Inactive
52nd Street: 40th Anniversary (Hybrid-SACD) [Audio CD] JOEL,BILLY		1218FX4BG5J	B07H62ZCR8	71.77	1	2025-12-17 16:39:18 PST		y	1			11				B07H62ZCR8						B07H62ZCR8			0	DEFAULT	Venesplo_2601	Inactive
DAIWA PE Line UVF Soltiga Sensor X12EX + Si 2 No. 300 m 5 Colors (with Color Marking)		0320H8QAGJN	B07H6HXMRQ	125.7	0	2026-03-19 17:04:56 PDT		y	1			11				B07H6HXMRQ						B07H6HXMRQ			0	DEFAULT	Migrated Template	Inactive
KINTO 21733 UNITEA Coaster 3.9 x 3.9 inches (100 x 100 mm), Walnut Wood,		0129HMBCOUP	B07HPZXWDR	50.49	0	2026-01-28 16:24:46 PST		y	1			11				B07HPZXWDR						B07HPZXWDR			0	DEFAULT	Migrated Template	Inactive
Senran Kagura Shinovi Master - Tokyo Youma Hen- (Original Soundtrack) [Audio CD] NOISYCROAK		0129HM51Z3X	B07J63W3V4	52.71	0	2026-01-28 16:24:46 PST		y	1			11				B07J63W3V4						B07J63W3V4			0	DEFAULT	Migrated Template	Inactive
Nakabayashi Co, Ltd. Harmaa Haruma Outside The Screw-Type Album Demi Pink A-HRD-201-P		0120HRR94K0	B07JHKHXPC	53.57	1	2026-01-20 01:10:21 PST		y	1			11				B07JHKHXPC						B07JHKHXPC			0	DEFAULT	Migrated Template	Inactive
LihitLab PuniLabo Stand Up Silicone Pen Case -Pen Holder (2. 4" x 7. 8"), Parakeet - A-7712-9, Modern		0120HSDGVE6	B07KFC9TKF	76.95	1	2026-01-20 01:10:21 PST		y	1			11				B07KFC9TKF						B07KFC9TKF			0	DEFAULT	Migrated Template	Inactive
Daiwa Heartland 722MHRB-19 Bass Rod, Fishing Rod		0320H8VO62I	B07MJZXN5H	475.71	0	2026-03-19 17:04:56 PDT		y	1			11				B07MJZXN5H						B07MJZXN5H			0	DEFAULT	Migrated Template	Inactive
Pop Team Epic All Time Best 2 [Audio CD] Pop Team Epic All Time Best 2 - O.S.T.		0129HM90JR9	B07MZ16MHR	55.93	0	2026-01-28 16:24:46 PST		y	1			11				B07MZ16MHR						B07MZ16MHR			0	DEFAULT	Migrated Template	Inactive
Daiwa Bait Reel 19 Catalina 15H (2019 Model)		0320H8ZIBO8	B07N22NVHF	332.35	0	2026-03-19 17:04:56 PDT		y	1			11				B07N22NVHF						B07N22NVHF			0	DEFAULT	Migrated Template	Inactive
SOTO Fusion ST-330 Single Burner with Regulator (High Heat Power, Wind Resistant), CB Can, Separated Type, Solo Duo Group Camping Regulator Stove, Made in Japan		0303HH2KYMP	B07N6PKRZ6	147.82	1	2026-03-02 18:51:29 PST		y	1			11				B07N6PKRZ6						B07N6PKRZ6			0	DEFAULT	Migrated Template	Inactive
Vemuram Shanks ODS-1 Overdrive Pedal		0131HVLTPZ4	B07NDRHNZG	483.93	0	2026-01-31 03:56:41 PST		y	1			11				B07NDRHNZG						B07NDRHNZG			0	DEFAULT	Migrated Template	Inactive
Ibanez Daisy Chain Cable – 3 Way (DC301L)		0129HM65B6S	B07NGSPPPJ	67.16	0	2026-01-28 16:24:46 PST		y	1			11				B07NGSPPPJ						B07NGSPPPJ			0	DEFAULT	Migrated Template	Inactive
Ibanez Carbon Coated Strings for 32 Inch Scale Acoustic Bass-040-095 80/20 Bronze (IABS4XC32)		1224FGM6Q51	B07NGSS7KF	80.04	0	2025-12-23 17:14:44 PST		y	1			11				B07NGSS7KF						B07NGSS7KF			0	DEFAULT	Venesplo_2601	Inactive
Love Live! Sunshine !! Aqours 4th LoveLive! ~ Sailing to the Sunshine ~ Blu-ray Memorial BOX JAPANESE EDITION [Blu-ray]		0129HM5Q7DC	B07NH69781	68.06	0	2026-01-28 16:24:46 PST		y	1			11				B07NH69781						B07NH69781			0	DEFAULT	Migrated Template	Inactive
Re:ゼロから始める異世界生活 Memory Snow 通常版 ( イベントチケット優先販売申込券 ) [Blu-ray] [Blu-ray]		0129HM6B874	B07NRFRVGJ	68.42	0	2026-01-28 16:24:46 PST		y	1			11				B07NRFRVGJ						B07NRFRVGJ			0	DEFAULT	Migrated Template	Inactive
Barefoot Gen Dashi JAPANESE EDITION [DVD]		0131HVPEE95	B07NXQBXZ2	56.88	0	2026-01-31 03:56:41 PST		y	1			11				B07NXQBXZ2						B07NXQBXZ2			0	DEFAULT	Migrated Template	Inactive
Mitsubishi Electric bread oven TO-ST1-T retro brown Toaster which burns 1 sheet of ultimate		0320H8Z1W3B	B07PHLN9DD	357.57	0	2026-03-19 17:04:56 PDT		y	1			11				B07PHLN9DD						B07PHLN9DD			0	DEFAULT	Migrated Template	Inactive
Kokuyo Campus 2-Ring Loose Leaf Binder, B5, 2 Holes, Up to 100 Sheets, Gray, Japan Import (RU-PP358M)		1218FX6BEU9	B07PNHDNHQ	67.54	1	2025-12-17 16:39:18 PST		y	1			11				B07PNHDNHQ						B07PNHDNHQ			0	DEFAULT	Venesplo_2601	Inactive
Uta no Prince-sama Solo Best Album Natsuki Shinomiya "SUKI x SUKI Hanamaru! " [Audio CD] 四ノ宮那月(CV.谷山紀章)		0120HSJTTWT	B07PQMW4HF	50.88	0	2026-01-20 01:52:46 PST		y	1			11				B07PQMW4HF						B07PQMW4HF			0	DEFAULT	Migrated Template	Inactive
Japanese Cushioned Tabi Shoes Air Jog V 6 Clasps Toe Boots Short Version (14.5 Wide Women/13 Medium Men, Black)		0120HSD8QCC	B07Q3VNTSR	95.43	1	2026-01-20 01:10:21 PST		y	1			11				B07Q3VNTSR						B07Q3VNTSR			0	DEFAULT	Migrated Template	Inactive
文豪ストレイドッグス 第16巻 [Blu-ray] [Blu-ray]		0120HSK2G2N	B07QG5T6V8	50.28	0	2026-01-20 01:52:46 PST		y	1			11				B07QG5T6V8						B07QG5T6V8			0	DEFAULT	Migrated Template	Inactive
LEGO Education Spike Prime Expansion Set (45680)		0320H8YZ18V	B07QM9GQP6	358.17	0	2026-03-19 17:04:56 PDT		y	1			11				B07QM9GQP6						B07QM9GQP6			0	DEFAULT	Migrated Template	Inactive
Daiwa SLP Works SLPW EX LT Spool 2500D Spinning Reel Reel		0320H8QAND5	B07QN5C3PH	201.94	0	2026-03-19 17:04:56 PDT		y	1			11				B07QN5C3PH						B07QN5C3PH			0	DEFAULT	Migrated Template	Inactive
Devil's Demon Slayer: Kimetsu no Yaiba 9 (Limited Edition) [DVD] [DVD]		0120HSFG0NE	B07RY147SD	78.91	0	2026-01-20 01:52:46 PST		y	1			11				B07RY147SD						B07RY147SD			0	DEFAULT	Migrated Template	Inactive
Marugo Tabi Action Shoes Split Toe Breathable Sneakers Sports Jog II Red		0120HS5KE7Q	B07SZ56GPD	103.61	1	2026-01-20 01:10:21 PST		y	1			11				B07SZ56GPD						B07SZ56GPD			0	DEFAULT	Migrated Template	Inactive
Marugo Tabi Action Shoes Split Toe Breathable Sneakers Sports Jog II (6 Wide Women / 4.5 Medium Men, White)		0120HRXWPU5	B07SZ574C4	99.99	1	2026-01-20 01:10:21 PST		y	1			11				B07SZ574C4						B07SZ574C4			0	DEFAULT	Migrated Template	Inactive
Marugo Tabi Action Shoes Split Toe Breathable Sneakers Sports Jog II (10 Wide Women / 8.5 Medium Men, Red)		0120HSDJB7J	B07SZ5PRPC	96.3	1	2026-01-20 01:10:21 PST		y	1			11				B07SZ5PRPC						B07SZ5PRPC			0	DEFAULT	Migrated Template	Inactive
Marugo Tabi Action Shoes Split Toe Breathable Sneakers Sports Jog II (11 Wide Women / 9.5 Medium Men, Red)		0120HRXWALO	B07SZ5QRXF	104.44	1	2026-01-20 01:10:21 PST		y	1			11				B07SZ5QRXF						B07SZ5QRXF			0	DEFAULT	Migrated Template	Inactive
Marugo Tabi Action Shoes Split Toe Breathable Sneakers Sports Jog II (7.5 Wide Women / 6 Medium Men, White)		0120HS9WV2C	B07SZ5TTSJ	103.42	1	2026-01-20 01:10:21 PST		y	1			11				B07SZ5TTSJ						B07SZ5TTSJ			0	DEFAULT	Migrated Template	Inactive
Marugo Tabi Action Shoes Split Toe Breathable Sneakers Sports Jog II (9 Wide Women / 7.5 Medium Men, Red)		0120HS5H7ZN	B07SZ5Y328	104.44	1	2026-01-20 01:10:21 PST		y	1			11				B07SZ5Y328						B07SZ5Y328			0	DEFAULT	Migrated Template	Inactive
Marugo Tabi Action Shoes Split Toe Breathable Sneakers Sports Jog II (11.5 Wide Women / 10 Medium Men, Black)		0120HS5GKSF	B07SZ61FRM	104.44	1	2026-01-20 01:10:21 PST		y	1			11				B07SZ61FRM						B07SZ61FRM			0	DEFAULT	Migrated Template	Inactive
Marugo Tabi Action Shoes Split Toe Breathable Sneakers Sports Jog II (13.5 Wide Women / 12 Medium Men, White)		0120HSCJA1M	B07SZ6L32B	103.61	1	2026-01-20 01:10:21 PST		y	1			11				B07SZ6L32B						B07SZ6L32B			0	DEFAULT	Migrated Template	Inactive
Marugo Tabi Action Shoes Split Toe Breathable Sneakers Sports Jog II (6.5 Wide Women / 5 Medium Men, Black)		0120HSC9G27	B07SZ6QZWX	99.99	1	2026-01-20 01:10:21 PST		y	1			11				B07SZ6QZWX						B07SZ6QZWX			0	DEFAULT	Migrated Template	Inactive
Marugo Tabi Action Shoes Split Toe Breathable Sneakers Sports Jog II (7.5 Wide Women / 6 Medium Men, Black)		0120HSD79I8	B07T185K1Q	99.99	1	2026-01-20 01:10:21 PST		y	1			11				B07T185K1Q						B07T185K1Q			0	DEFAULT	Migrated Template	Inactive
Marugo Tabi Action Shoes Split Toe Breathable Sneakers Sports Jog II (11 Wide Women / 9.5 Medium Men, White)		0120HS61XC0	B07T18YQ2N	104.44	1	2026-01-20 01:10:21 PST		y	1			11				B07T18YQ2N						B07T18YQ2N			0	DEFAULT	Migrated Template	Inactive
Marugo Tabi Action Shoes Split Toe Breathable Sneakers Sports Jog II (11 Wide Women / 9.5 Medium Men, Black)		0120HS7V3O0	B07T285B1Q	104.44	1	2026-01-20 01:10:21 PST		y	1			11				B07T285B1Q						B07T285B1Q			0	DEFAULT	Migrated Template	Inactive
Marugo Ninja Tabi Sports Jog II Shoes Black		0120HSBJ2I6	B07T28N7Y1	99.99	1	2026-01-20 01:10:21 PST		y	1			11				B07T28N7Y1						B07T28N7Y1			0	DEFAULT	Migrated Template	Inactive
Marugo Tabi Action Shoes Split Toe Breathable Sneakers Sports Jog II (9.5 Wide Women / 8 Medium Men, Red)		0120HSD3ULO	B07T28QNWY	85.17	1	2026-01-20 01:10:21 PST		y	1			11				B07T28QNWY						B07T28QNWY			0	DEFAULT	Migrated Template	Inactive
Marugo Tabi Action Shoes Split Toe Breathable Sneakers Sports Jog II (10 Wide Women / 8.5 Medium Men, White)		0120HRRDZJP	B07T28W39P	104.44	1	2026-01-20 01:10:21 PST		y	1			11				B07T28W39P						B07T28W39P			0	DEFAULT	Migrated Template	Inactive
Marugo Tabi Action Shoes Split Toe Breathable Sneakers Sports Jog II (8 Wide Women / 6.5 Medium Men, Red)		0120HSC8YMP	B07T29B4RB	99.99	1	2026-01-20 01:10:21 PST		y	1			11				B07T29B4RB						B07T29B4RB			0	DEFAULT	Migrated Template	Inactive
Marugo Tabi Action Shoes Split Toe Breathable Sneakers Sports Jog II (6.5 Wide Women / 5 Medium Men, Red)		0120HRXR1Y6	B07T2C1CVC	99.99	1	2026-01-20 01:10:21 PST		y	1			11				B07T2C1CVC						B07T2C1CVC			0	DEFAULT	Migrated Template	Inactive
Marugo Tabi Action Shoes Split Toe Breathable Sneakers Sports Jog II (8 Wide Women / 6.5 Medium Men, White)		0120HSCTRMK	B07T3B2GMJ	93.72	1	2026-01-20 01:10:21 PST		y	1			11				B07T3B2GMJ						B07T3B2GMJ			0	DEFAULT	Migrated Template	Inactive
Marugo Tabi Action Shoes Split Toe Breathable Sneakers Sports Jog II (11.5 Wide Women / 10 Medium Men, White)		0120HS9G486	B07T3BMYF2	104.44	1	2026-01-20 01:10:21 PST		y	1			11				B07T3BMYF2						B07T3BMYF2			0	DEFAULT	Migrated Template	Inactive
Marugo Tabi Action Shoes Split Toe Breathable Sneakers Sports Jog II (12.5 Wide Women / 11 Medium Men, White)		0120HRXTMVK	B07T3C8VDP	99.17	1	2026-01-20 01:10:21 PST		y	1			11				B07T3C8VDP						B07T3C8VDP			0	DEFAULT	Migrated Template	Inactive
Marugo Tabi Action Shoes Split Toe Breathable Sneakers Sports Jog II (6 Wide Women / 4.5 Medium Men, Black)		0120HSD8QDF	B07T3DWK27	99.99	1	2026-01-20 01:10:21 PST		y	1			11				B07T3DWK27						B07T3DWK27			0	DEFAULT	Migrated Template	Inactive
Marugo Tabi Action Shoes Split Toe Breathable Sneakers Sports Jog II (7 Wide Women / 5.5 Medium Men, White)		0120HS7LX4A	B07T3DWK28	104.44	1	2026-01-20 01:10:21 PST		y	1			11				B07T3DWK28						B07T3DWK28			0	DEFAULT	Migrated Template	Inactive
Marugo Tabi Action Shoes Split Toe Breathable Sneakers Sports Jog II (10.5 Wide Women / 9 Medium Men, White)		0120HRXWANX	B07T5KNF3J	97.96	1	2026-01-20 01:10:21 PST		y	1			11				B07T5KNF3J						B07T5KNF3J			0	DEFAULT	Migrated Template	Inactive
Marugo Tabi Action Shoes Split Toe Breathable Sneakers Sports Jog II Red		0120HSC6E8V	B07T5KR7S3	104.44	1	2026-01-20 01:10:21 PST		y	1			11				B07T5KR7S3						B07T5KR7S3			0	DEFAULT	Migrated Template	Inactive
Marugo Tabi Action Shoes Split Toe Breathable Sneakers Sports Jog II (9.5 Wide Women / 8 Medium Men, White)		0120HRRAIGS	B07T5KTWKN	109.18	1	2026-01-20 01:10:21 PST		y	1			11				B07T5KTWKN						B07T5KTWKN			0	DEFAULT	Migrated Template	Inactive
Marugo Tabi Action Shoes Split Toe Breathable Sneakers Sports Jog II (10.5 Wide Women / 9 Medium Men, Red)		0120HRXV8BX	B07T5L379R	104.44	1	2026-01-20 01:10:21 PST		y	1			11				B07T5L379R						B07T5L379R			0	DEFAULT	Migrated Template	Inactive
Marugo Tabi Action Shoes Split Toe Breathable Sneakers Sports Jog II Red		0120HRXRZCR	B07T5L6TR3	104.44	1	2026-01-20 01:10:21 PST		y	1			11				B07T5L6TR3						B07T5L6TR3			0	DEFAULT	Migrated Template	Inactive
Free The Tone SL-4L-NI-10K Solderless Cable Kit		0227H27MGF3	B07T6H92T3	152.45	1	2026-02-26 19:40:56 PST		y	1			11				B07T6H92T3						B07T6H92T3			0	DEFAULT	Migrated Template	Inactive
Marugo Ninja Tabi Sports Jog II Shoes Red		0120HS9J0TH	B07T6LC5VN	103.84	1	2026-01-20 01:10:21 PST		y	1			11				B07T6LC5VN						B07T6LC5VN			0	DEFAULT	Migrated Template	Inactive
Marugo Tabi Action Shoes Split Toe Breathable Sneakers Sports Jog II (6 Wide Women / 4.5 Medium Men, Red)		0120HSCE1ZP	B07T6LH6Y2	99.99	1	2026-01-20 01:10:21 PST		y	1			11				B07T6LH6Y2						B07T6LH6Y2			0	DEFAULT	Migrated Template	Inactive
Marugo Tabi Action Shoes Split Toe Breathable Sneakers Sports Jog II (8.5 Wide Women / 7 Medium Men, White)		0120HRR7D1Q	B07T6LXS5C	99.99	1	2026-01-20 01:10:21 PST		y	1			11				B07T6LXS5C						B07T6LXS5C			0	DEFAULT	Migrated Template	Inactive
Marugo Tabi Action Shoes Split Toe Breathable Sneakers Sports Jog II (8.5 Wide Women / 7 Medium Men, Black)		0120HSCE1YY	B07T6LY444	99.99	1	2026-01-20 01:10:21 PST		y	1			11				B07T6LY444						B07T6LY444			0	DEFAULT	Migrated Template	Inactive
Love Remains [Japanese Blu-Spec CD] [Audio CD] Tal Wilkenfeld		0129HM3MG5K	B07TDLYCL2	59.15	1	2026-01-28 16:24:46 PST		y	1			11				B07TDLYCL2						B07TDLYCL2			0	DEFAULT	Migrated Template	Inactive
Daiwa LT2500S-H-DH 19 Emerald General Spinning Reel (2019 Model)		0320H90XPZE	B07THGFWZ9	229.11	0	2026-03-19 17:04:56 PDT		y	1			11				B07THGFWZ9						B07THGFWZ9			0	DEFAULT	Migrated Template	Inactive
Pre-Order Daiwa Emeraldas X 86M		0303HGT453W	B07THGG264	228.76	0	2026-03-02 18:51:29 PST		y	1			11				B07THGG264						B07THGG264			0	DEFAULT	Migrated Template	Inactive
Daiwa 19 Emeraldas LT3000S-C-DH from Japan		0320H8UH7PI	B07TJT4Z64	227.65	0	2026-03-19 17:04:56 PDT		y	1			11				B07TJT4Z64						B07TJT4Z64			0	DEFAULT	Migrated Template	Inactive
Final Fantasy VII Remake and Final Fantasy VII (Limited Edition) [Vinyl] VARIOUS ARTISTS		1218FX4BG1T	B07TWK6XRT	196.76	0	2025-12-17 16:39:18 PST		y	1			11				B07TWK6XRT						B07TWK6XRT			0	DEFAULT	Venesplo_2601	Inactive
Azone Wooden 3D Puzzle Wooden Art Ki-Gu-Mi One Piece Straw Hat Pirates with Music Box		0313HK2P71H	B07VKG2TW2	149.02	0	2026-03-12 19:50:44 PDT		y	1			11				B07VKG2TW2						B07VKG2TW2			0	DEFAULT	Migrated Template	Inactive
KINTO 20371 Play Tumbler, White, 10.1 fl oz (300 ml)		0129HM8ZZVA	B07W424HKR	68.06	1	2026-01-28 16:24:46 PST		y	1			11				B07W424HKR						B07W424HKR			0	DEFAULT	Migrated Template	Inactive
AIMYON BUDOKAN -1995-[通常盤](DVD) [DVD]		0120HSGHNBT	B07WHKKVG4	56	0	2026-01-20 01:52:46 PST		y	1			11				B07WHKKVG4						B07WHKKVG4			0	DEFAULT	Migrated Template	Inactive
The Very Best Of Freddie Scott [Audio CD] Freddie Scott		0131HVN96M8	B07WJR9FB4	96.31	0	2026-01-31 03:56:41 PST		y	1			11				B07WJR9FB4						B07WJR9FB4			0	DEFAULT	Migrated Template	Inactive
TC Electronic FLASHBACK 2 X4 DELAY		0131HVNDQW6	B07WWGY5YF	441.34	1	2026-01-31 03:56:41 PST		y	1			11				B07WWGY5YF						B07WWGY5YF			0	DEFAULT	Migrated Template	Inactive
GRANBLUE FANTASY The Animation Season 2 3(完全生産限定版) [DVD] [DVD]		0120HSJO827	B07YFXCQ19	88.49	0	2026-01-20 01:52:46 PST		y	1			11				B07YFXCQ19						B07YFXCQ19			0	DEFAULT	Migrated Template	Inactive
The Seven Deadly Sins Blu-ray BOX II [Blu-ray]		0129HM9K8N2	B07YV5JWC1	156.9	0	2026-01-28 16:24:46 PST		y	1			11				B07YV5JWC1						B07YV5JWC1			0	DEFAULT	Migrated Template	Inactive
Tenryu RZ542B-L Rays Bait		0320H91NTLN	B07Z38QNRX	455.46	0	2026-03-19 17:04:56 PDT		y	1			11				B07Z38QNRX						B07Z38QNRX			0	DEFAULT	Migrated Template	Inactive
Tenryu RZ41028-UL Rays Bait		0320H8Y2JJE	B07Z39YVWS	483.2	0	2026-03-19 17:04:56 PDT		y	1			11				B07Z39YVWS						B07Z39YVWS			0	DEFAULT	Migrated Template	Inactive
Tenryu Rays RZ542S-L Spinning		0320H91G91Y	B07Z3BXP19	394.46	0	2026-03-19 17:04:56 PDT		y	1			11				B07Z3BXP19						B07Z3BXP19			0	DEFAULT	Migrated Template	Inactive
Tenryu RZ4102S-UL Rays Spinning		0320H8QAHLX	B07Z3C9L56	352.5	0	2026-03-19 17:04:56 PDT		y	1			11				B07Z3C9L56						B07Z3C9L56			0	DEFAULT	Migrated Template	Inactive
Tenryu Rod Spinning Rayz RZ 632S-L " Jerkin " (1577)		0320H8QA0S1	B07Z3C9LCH	453.11	0	2026-03-19 17:04:56 PDT		y	1			11				B07Z3C9LCH						B07Z3C9LCH			0	DEFAULT	Migrated Template	Inactive
Daiwa 46M R Mountain Stream Rod, Snow Mountains, Fishing Rod		0320H8WVP9S	B07ZYTD4MG	180.17	0	2026-03-19 17:04:56 PDT		y	1			11				B07ZYTD4MG						B07ZYTD4MG			0	DEFAULT	Migrated Template	Inactive
Daiwa R 53M, Snow Mountain Stream Rod, Fishing Rod		0320H8Q8TVT	B07ZYTN6RY	198.89	0	2026-03-19 17:04:56 PDT		y	1			11				B07ZYTN6RY						B07ZYTN6RY			0	DEFAULT	Migrated Template	Inactive
Daiwa R 39M Mountain Stream Rod, Snow Mountains, Fishing Rod		0320H8QAWFI	B07ZYVXPJS	167.92	0	2026-03-19 17:04:56 PDT		y	1			11				B07ZYVXPJS						B07ZYVXPJS			0	DEFAULT	Migrated Template	Inactive
Daiwa Mountain Stream Rod, Snow Mountains, R 60M, R Fishing Rod		0320H8YTXEP	B07ZYXGGK1	222.66	0	2026-03-19 17:04:56 PDT		y	1			11				B07ZYXGGK1						B07ZYXGGK1			0	DEFAULT	Migrated Template	Inactive
Hello! Kiniro Mosaic Blu-ray BOX [Blu-ray]		0320H8WNFCO	B081K1PYDL	190.76	0	2026-03-19 17:04:56 PDT		y	1			11				B081K1PYDL						B081K1PYDL			0	DEFAULT	Migrated Template	Inactive
IBANEZ Fret File Set for Jumbo Frets (4450JX)		0129HM5WVA4	B081SYW43F	59.52	0	2026-01-28 16:24:46 PST		y	1			11				B081SYW43F						B081SYW43F			0	DEFAULT	Migrated Template	Inactive
Daiwa Bait Reel 20 TATULA SV TW 103XH (2020 Model)		0303HGSSKE0	B082353YLD	284.36	0	2026-03-02 18:51:29 PST		y	1			11				B082353YLD						B082353YLD			0	DEFAULT	Migrated Template	Inactive
Daiwa Bait Reel 20 TATULA SV TW 103SH (2020 Model)		0129HM7SCX7	B082362HVX	207.01	0	2026-01-28 16:24:46 PST		y	1			11				B082362HVX						B082362HVX			0	DEFAULT	Migrated Template	Inactive
Daiwa Bait Reel 20 TATULA SV TW 103HL (2020 Model)		0303HGWP72R	B08236437T	228.39	0	2026-03-02 18:51:29 PST		y	1			11				B08236437T						B08236437T			0	DEFAULT	Migrated Template	Inactive
Heterogeneous Interspecies Reviewers 1 ?Regular Edition? [Blu-ray] [Blu-ray]		0227H2G436M	B082WQNNW6	137.85	0	2026-02-26 19:40:56 PST		y	1			11				B082WQNNW6						B082WQNNW6			0	DEFAULT	Migrated Template	Inactive
Daiwa LT3000S-CXH Spinning Reel 20 Rubius (2020 Model)		0303HGW743S	B083QHDRW9	389.68	0	2026-03-02 18:51:29 PST		y	1			11				B083QHDRW9						B083QHDRW9			0	DEFAULT	Migrated Template	Inactive
Daiwa Bait Reel 19, Catarina 15H-SJ (2019 Model)		0320H8YRXGL	B083QJ3VVG	383.19	0	2026-03-19 17:04:56 PDT		y	1			11				B083QJ3VVG						B083QJ3VVG			0	DEFAULT	Migrated Template	Inactive
Daiwa Slp Works 20 Spool Saltiga 20000		0320H8UDIBM	B084HVMGDN	304.41	0	2026-03-19 17:04:56 PDT		y	1			11				B084HVMGDN						B084HVMGDN			0	DEFAULT	Migrated Template	Inactive
Daiwa Slp Works 20 Spool Saltiga 18000		0320H8UDQUX	B084HVNNHH	294.36	0	2026-03-19 17:04:56 PDT		y	1			11				B084HVNNHH						B084HVNNHH			0	DEFAULT	Migrated Template	Inactive
Daiwa Slp Works 20 Spool Soltiga 8000		0320H918HEE	B084HW2G12	304.58	0	2026-03-19 17:04:56 PDT		y	1			11				B084HW2G12						B084HW2G12			0	DEFAULT	Migrated Template	Inactive
Daiwa Heartland 722MRB-20 Bass Rod, Fishing Rod		0320H91H9EC	B0853Q63GK	488.67	0	2026-03-19 17:04:56 PDT		y	1			11				B0853Q63GK						B0853Q63GK			0	DEFAULT	Migrated Template	Inactive
Daiwa SLP Works RCSB CT SV 700S Spool, G1 Black		0320H8UE5P7	B085WWLW87	161.2	0	2026-03-19 17:04:56 PDT		y	1			11				B085WWLW87						B085WWLW87			0	DEFAULT	Migrated Template	Inactive
＜SW版＞eBASEBALLパワフルプロ野球2020【早期購入特典】DLCセット同梱		0129HMAVQIX	B086GVXQN8	69.79	1	2026-01-28 16:24:46 PST		y	1			11				B086GVXQN8						B086GVXQN8			0	DEFAULT	Migrated Template	Inactive
Medicom Michael Jordan 1992 Team USA Mafex Action Figure, Multicolor		0320H90ZHMJ	B088MN3H58	152.94	0	2026-03-19 17:04:56 PDT		y	1			11				B088MN3H58						B088MN3H58			0	DEFAULT	Migrated Template	Inactive
Daiwa SLP Works SLPW EX LT Spool 5000S		0320H8UEV9M	B088WYXD8G	190.42	0	2026-03-19 17:04:56 PDT		y	1			11				B088WYXD8G						B088WYXD8G			0	DEFAULT	Migrated Template	Inactive
Daiwa SLP Works SLPW EX LT Spool 5000D		0320H8UEMY8	B088X3L2F8	192.91	0	2026-03-19 17:04:56 PDT		y	1			11				B088X3L2F8						B088X3L2F8			0	DEFAULT	Migrated Template	Inactive
Ibanez Modulation Delay Pedal		0129HM3N62Y	B0894YRBSS	256.43	0	2026-01-28 16:24:46 PST		y	1			11				B0894YRBSS						B0894YRBSS			0	DEFAULT	Migrated Template	Inactive
DAIWA Katufugu X HH-150/R Fishing Rod		0320H918UIY	B089MZNMYW	159.28	0	2026-03-19 17:04:56 PDT		y	1			11				B089MZNMYW						B089MZNMYW			0	DEFAULT	Migrated Template	Inactive
Daiwa Cut Ofugu X H-150/R Boat Rod, Fishing Rod		0320H8WTGYT	B089N7KT5T	159.28	0	2026-03-19 17:04:56 PDT		y	1			11				B089N7KT5T						B089N7KT5T			0	DEFAULT	Migrated Template	Inactive
Daiwa Tenya Tachiuo X 200/R Boat Rod, Fishing Rod		0320H8UFIXN	B089NJCD25	204.79	0	2026-03-19 17:04:56 PDT		y	1			11				B089NJCD25						B089NJCD25			0	DEFAULT	Migrated Template	Inactive
Daiwa Tenya Tachiuo X 180/R Boat Rod, Fishing Rod		0320H8Z5JOG	B089NNV1LQ	179.45	0	2026-03-19 17:04:56 PDT		y	1			11				B089NNV1LQ						B089NNV1LQ			0	DEFAULT	Migrated Template	Inactive
Richell Tri Straw Mug Mini Navy Blue 1 Piece 150ml 7 Months		0131HVMW1N3	B08BCT3T1C	90.61	0	2026-01-31 03:56:41 PST		y	1			11				B08BCT3T1C						B08BCT3T1C			0	DEFAULT	Migrated Template	Inactive
Soul Station (UHQCD / MQA - 24bit Remaster) [Audio CD] Hank Mobley		1218FX5I4AC	B08CPHH53J	79.65	0	2025-12-17 16:39:18 PST		y	1			11				B08CPHH53J						B08CPHH53J			0	DEFAULT	Venesplo_2601	Inactive
KINGDOM HEARTS III, II.8, Unchained union Original Soundtrack (8 CD Set) [Audio CD] Kingdom Hearts III & II.8 Unchained Union / O.S.T.		1218FX4RJ1N	B08DPV71D5	155.78	1	2025-12-17 16:39:18 PST		y	1			11				B08DPV71D5						B08DPV71D5			0	DEFAULT	Venesplo_2601	Inactive
Daiwa SLP Works SLPW EX LT Spool, 2500, Black		0320H8ZD5SG	B08DQS2DMW	155.31	0	2026-03-19 17:04:56 PDT		y	1			11				B08DQS2DMW						B08DQS2DMW			0	DEFAULT	Migrated Template	Inactive
Daiwa Slp Works 20 Sortiga Spool 20000 Gold		0320H8WVRP2	B08DR1Z7DY	339.07	0	2026-03-19 17:04:56 PDT		y	1			11				B08DR1Z7DY						B08DR1Z7DY			0	DEFAULT	Migrated Template	Inactive
Daiwa SLP Works 20 Saltiga Spool, 18000, Gold		0320H8YT3DP	B08DR5Q2DX	272.29	0	2026-03-19 17:04:56 PDT		y	1			11				B08DR5Q2DX						B08DR5Q2DX			0	DEFAULT	Migrated Template	Inactive
Daiwa SLP Works SLPW EX LT Spool, 2500S, Black		0320H8XTKQ2	B08DRB1649	165.42	0	2026-03-19 17:04:56 PDT		y	1			11				B08DRB1649						B08DRB1649			0	DEFAULT	Migrated Template	Inactive
Daiwa SLP Works SLPW EX LT Spool, 3000, Black		0320H8WTPZF	B08DRCF6KS	175.07	0	2026-03-19 17:04:56 PDT		y	1			11				B08DRCF6KS						B08DRCF6KS			0	DEFAULT	Migrated Template	Inactive
Daiwa Spinning Reel 2000S 20 Gekkabijin X (2020 Model)		0320H8YM2XX	B08F18T3F6	202.09	0	2026-03-19 17:04:56 PDT		y	1			11				B08F18T3F6						B08F18T3F6			0	DEFAULT	Migrated Template	Inactive
Daiwa Spinning Reel 20 Tsukimobijin X 2000S-P (2020 Model)		0320H8QBNH0	B08F1H9R1Y	204.55	0	2026-03-19 17:04:56 PDT		y	1			11				B08F1H9R1Y						B08F1H9R1Y			0	DEFAULT	Migrated Template	Inactive
Daiwa 20 Gekkabijin X 1000S-P Spinning Reel (2020 Model)		0320H8Z22WD	B08F1XLBLK	221.84	0	2026-03-19 17:04:56 PDT		y	1			11				B08F1XLBLK						B08F1XLBLK			0	DEFAULT	Migrated Template	Inactive
Death Come True（デスカムトゥルー）【早期購入特典】特典映像 Blu-ray Disc 【Amazon.co.jp限定】 デジタル写真集 [video game]		0129HM8820C	B08FMYKWWT	70.52	1	2026-01-28 16:24:46 PST		y	1			11				B08FMYKWWT						B08FMYKWWT			0	DEFAULT	Migrated Template	Inactive
Zensui QQ3 External Protein Skimmer, QQ3		0320H8WTFBP	B08GJD7MC1	409.74	0	2026-03-19 17:04:56 PDT		y	1			11				B08GJD7MC1						B08GJD7MC1			0	DEFAULT	Migrated Template	Inactive
Sailor Fountain Pen Professional Gear Gold Music 11-2036-920		0129HM8VSW3	B08HMGGS9X	318.36	0	2026-01-28 16:24:46 PST		y	1			11				B08HMGGS9X						B08HMGGS9X			0	DEFAULT	Migrated Template	Inactive
Makita TW001GZ 40Vmax Rechargeable Impact Wrench Battery, Charger, and Case Sold Separately		0320H8Y6CTS	B08HN55SNF	450.94	0	2026-03-19 17:04:56 PDT		y	1			11				B08HN55SNF						B08HN55SNF			0	DEFAULT	Migrated Template	Inactive
TC Electronic UNITUNE CLIP Clip-On Tuner with Strobe and Chromatic Modes and 108 LED Matrix Display for Uncompromised Tuning Quality		0131HVPP32R	B08HQWB1G1	88.58	1	2026-01-31 03:56:41 PST		y	1			11				B08HQWB1G1						B08HQWB1G1			0	DEFAULT	Migrated Template	Inactive
The Unique Concert [Audio CD] LOCKWOOD,DIDIER; GORDON BECK; ALLAN HOLDWORTH; ALDO ROMANO; JEAN-FRANÇOIS JENNY-CLARK		0131HVNG23Y	B08J26FZWL	95.29	1	2026-01-31 03:56:41 PST		y	1			11				B08J26FZWL						B08J26FZWL			0	DEFAULT	Migrated Template	Inactive
Some Girls (SHM-CD) (Paper Sleeve) [Audio CD] Grammy Winning Artist		0131HVPFHML	B08KQR2GHF	81.5	1	2026-01-31 03:56:41 PST		y	1			11				B08KQR2GHF						B08KQR2GHF			0	DEFAULT	Migrated Template	Inactive
Mafex Tetsujin No.28 B & W Ver. Tetsujin 28-go Action Figure No.135		0320H8UE5PU	B08LB2G33P	162.59	0	2026-03-19 17:04:56 PDT		y	1			11				B08LB2G33P						B08LB2G33P			0	DEFAULT	Migrated Template	Inactive
Daiwa 21 Tattoora TW 400L		0320H8Y82KU	B08NNP98YB	361.68	0	2026-03-19 17:04:56 PDT		y	1			11				B08NNP98YB						B08NNP98YB			0	DEFAULT	Migrated Template	Inactive
DAIWA 21 Tattoora TW 300XHL		0320H8Z0J1V	B08NP2T4WM	321.34	0	2026-03-19 17:04:56 PDT		y	1			11				B08NP2T4WM						B08NP2T4WM			0	DEFAULT	Migrated Template	Inactive
Daiwa TW 300XH 21 Tattoo		0320H8UFX21	B08NP3CGC4	321.34	0	2026-03-19 17:04:56 PDT		y	1			11				B08NP3CGC4						B08NP3CGC4			0	DEFAULT	Migrated Template	Inactive
Daiwa TW 400HL 21 Tattooa		0320H8XTKPK	B08NPH2JVC	361.68	0	2026-03-19 17:04:56 PDT		y	1			11				B08NPH2JVC						B08NPH2JVC			0	DEFAULT	Migrated Template	Inactive
Daiwa TW 400 Bait Reel 21 Tattooa, Right Handle (2021 Model)		0320H8WLPC5	B08NPH7GZ3	353.84	0	2026-03-19 17:04:56 PDT		y	1			11				B08NPH7GZ3						B08NPH7GZ3			0	DEFAULT	Migrated Template	Inactive
Daiwa Super Breath Wader Neo SBW-4250R-NE Small		0320H8WES95	B08PNYF592	290.93	0	2026-03-19 17:04:56 PDT		y	1			11				B08PNYF592						B08PNYF592			0	DEFAULT	Migrated Template	Inactive
Ibanez PCBE14MH Acoustic-electric Bass - Weathered Black		0129HMAXS5B	B08PPR137P	349.99	0	2026-01-28 16:24:46 PST		y	1			11				B08PPR137P						B08PPR137P			0	DEFAULT	Migrated Template	Inactive
Seiko SARY187 Presage Men's Watch, Mechanical Automatic Basic Line, Japanese Garden, Made in Japan		0303HGTQQ9I	B08QC9RL56	498.91	0	2026-03-02 18:51:29 PST		y	1			11				B08QC9RL56						B08QC9RL56			0	DEFAULT	Migrated Template	Inactive
Ibanez PIEGS61 Electric Guitar Strings - 4 Set Pack		0129HM7SQ16	B08SJF1T88	67.42	0	2026-01-28 16:24:46 PST		y	1			11				B08SJF1T88						B08SJF1T88			0	DEFAULT	Migrated Template	Inactive
Daiwa 21 Basara 39.4 inches (100 cm)		0320H8YT16G	B08VD1WQQS	446.96	0	2026-03-19 17:04:56 PDT		y	1			11				B08VD1WQQS						B08VD1WQQS			0	DEFAULT	Migrated Template	Inactive
Daiwa 21 Basara 23.8 gal (100 L)		0320H8ZIBOG	B08VD4VNFW	453.54	0	2026-03-19 17:04:56 PDT		y	1			11				B08VD4VNFW						B08VD4VNFW			0	DEFAULT	Migrated Template	Inactive
Daiwa 21 Basala 200		0320H8VO625	B08VDBWSJT	457	0	2026-03-19 17:04:56 PDT		y	1			11				B08VDBWSJT						B08VDBWSJT			0	DEFAULT	Migrated Template	Inactive
Daiwa 21 Basara 33.2 gal (150 L)		0320H8WTZG9	B08VDTFM3Y	450.91	0	2026-03-19 17:04:56 PDT		y	1			11				B08VDTFM3Y						B08VDTFM3Y			0	DEFAULT	Migrated Template	Inactive
Bernstein Conducts Stravinsky [Audio CD] Leonard Bernstein; Bernstein  New York Philharmonic  Boston Symphony Orchestra  London Symphony Orchestra and London Symphony Orchestra		1224FGI6UAG	B08WJZD6NV	96.95	1	2025-12-23 17:14:44 PST		y	1			11				B08WJZD6NV						B08WJZD6NV			0	DEFAULT	Venesplo_2601	Inactive
Daiwa 21 Kotsugu Flying Dragon 2-39MP/N		0320H8YWY48	B08XLN2JPD	264.92	0	2026-03-19 17:04:56 PDT		y	1			11				B08XLN2JPD						B08XLN2JPD			0	DEFAULT	Migrated Template	Inactive
Daiwa 21 Kotsugi Hiryu 2-43MP/N		0320H8Y2JJ7	B08XM8PHHV	252.91	0	2026-03-19 17:04:56 PDT		y	1			11				B08XM8PHHV						B08XM8PHHV			0	DEFAULT	Migrated Template	Inactive
スーパーマッシュ - Switch		0131HVO94SR	B08XYS57VR	65.5	0	2026-01-31 03:56:41 PST		y	1			11				B08XYS57VR						B08XYS57VR			0	DEFAULT	Migrated Template	Inactive
Helloween: Limited Edition [Audio CD] Helloween		0131HVMQV5A	B08ZTHKPPG	64.29	1	2026-01-31 03:56:41 PST		y	1			11				B08ZTHKPPG						B08ZTHKPPG			0	DEFAULT	Migrated Template	Inactive
Getz / Gilberto (SHM-SACD) [Audio CD] Getz, Stan / Gilberto, Joao		1218FX5W50E	B091LHY8F1	61.53	1	2025-12-17 16:39:18 PST		y	1			11				B091LHY8F1						B091LHY8F1			0	DEFAULT	Venesplo_2601	Inactive
Megahouse Lookup Jujutsu Kaisen KUGISAKI NOBARA		0120HS9NN7C	B092VM5VG3	80.45	1	2026-01-20 01:10:21 PST		y	1			11				B092VM5VG3						B092VM5VG3			0	DEFAULT	Migrated Template	Inactive
Sailor 11-1038-320 Fountain Pen, Pro Fit Light, Gold Trim, Black, Medium Point		0320H8YN6K6	B093P7T3H2	201.79	0	2026-03-19 17:04:56 PDT		y	1			11				B093P7T3H2						B093P7T3H2			0	DEFAULT	Migrated Template	Inactive
Sailor 11-1038-120 Fountain Pen, Pro Fit Light, Gold Trim, Black, Extra Fine		0320H8QALC3	B093PFGKDD	195	0	2026-03-19 17:04:56 PDT		y	1			11				B093PFGKDD						B093PFGKDD			0	DEFAULT	Migrated Template	Inactive
Daiwa Tattoo Bait Reel, 15.7 x H L		0320H8Y4HM2	B0969L9ZSG	332.15	0	2026-03-19 17:04:56 PDT		y	1			11				B0969L9ZSG						B0969L9ZSG			0	DEFAULT	Migrated Template	Inactive
Daiwa TW 400XH Bait Reel Tattoo		0320H8YDU50	B0969LJJTB	332.15	0	2026-03-19 17:04:56 PDT		y	1			11				B0969LJJTB						B0969LJJTB			0	DEFAULT	Migrated Template	Inactive
Daiwa Labrax AGS 100M-N Japan Spinning Rod 3.05 m 10-50 g		0320H8Z9RGX	B096HGBS5K	419.3	0	2026-03-19 17:04:56 PDT		y	1			11				B096HGBS5K						B096HGBS5K			0	DEFAULT	Migrated Template	Inactive
Daiwa Labrax AGS 93M-N 2.82 m 10-50 g Japan Spinning Rod		0320H8Z9888	B096HM64K7	412.82	0	2026-03-19 17:04:56 PDT		y	1			11				B096HM64K7						B096HM64K7			0	DEFAULT	Migrated Template	Inactive
ときめきメモリアル Girl's Side 4th Heart [video game]		0129HM6CH24	B096YDNQRN	100.87	1	2026-01-28 16:24:46 PST		y	1			11				B096YDNQRN						B096YDNQRN			0	DEFAULT	Migrated Template	Inactive
Ibanez AEGB24E AEG Acoustic-electric Bass Guitar - Mahogany Sunburst High Gloss		0129HM37G6I	B0991YRT9J	499.99	0	2026-01-28 16:24:46 PST		y	1			11				B0991YRT9J						B0991YRT9J			0	DEFAULT	Migrated Template	Inactive
Magia Records Puella Magi Madoka Magica Side Story: 2nd SEASON - The Night Before Awakening - 3 (Complete Production Limited Edition) DVD [DVD]		0120HRXYIFR	B09BFDF1X5	91.12	0	2026-01-20 01:10:21 PST		y	1			11				B09BFDF1X5						B09BFDF1X5			0	DEFAULT	Migrated Template	Inactive
Kokuyo Portfolio Folder with Pockets Folder for Paper Organization,Heavy Duty Pocket Folder Fits US Letter & A4，Dual-Purpose Clip & Pocket Design(FU-CE755P)		1218FX6651A	B09BHNYBZ9	73.21	1	2025-12-17 16:39:18 PST		y	1			11				B09BHNYBZ9						B09BHNYBZ9			0	DEFAULT	Venesplo_2601	Inactive
Makita TW007GZ Rechargeable Impact Wrench 40Vmax Battery, Charger, and Case Sold Separately		0320H8YBUSE	B09F6LHKL6	368.17	0	2026-03-19 17:04:56 PDT		y	1			11				B09F6LHKL6						B09F6LHKL6			0	DEFAULT	Migrated Template	Inactive
Daiwa 21 Gekkabijin AIR TW PE Special Reel 8.5R		0320H8VI5N7	B09F6NV712	349.17	0	2026-03-19 17:04:56 PDT		y	1			11				B09F6NV712						B09F6NV712			0	DEFAULT	Migrated Template	Inactive
映画「それいけ! アンパンマン ふわふわフワリーと雲の国」 [DVD] [DVD]		0120HSFA40K	B09FK4Q62S	54.88	0	2026-01-20 01:52:46 PST		y	1			11				B09FK4Q62S						B09FK4Q62S			0	DEFAULT	Migrated Template	Inactive
MAFEX No.168 Spider-Man Black Costume Comic Ver. Total Height Approx. 6.1 inches (155 mm), Painted Action Figure		0320H8YZSO1	B09GFDS6L9	137.66	0	2026-03-19 17:04:56 PDT		y	1			11				B09GFDS6L9						B09GFDS6L9			0	DEFAULT	Migrated Template	Inactive
Takayuki Sakai 07493 Clean & Style Knife, Black Shadow VG10 Hammered Fluorine Treatment, Japanese Chef's Knife, 8.3 inches (210 mm)		0320H9103CO	B09GX6X6YC	266.83	0	2026-03-19 17:04:56 PDT		y	1			11				B09GX6X6YC						B09GX6X6YC			0	DEFAULT	Migrated Template	Inactive
Discover [Vinyl] Zucchero		0131HVQHVD9	B09HYCJ5HS	162.85	1	2026-01-31 03:56:41 PST		y	1			11				B09HYCJ5HS						B09HYCJ5HS			0	DEFAULT	Migrated Template	Inactive
Daiwa Gekkabijin MX AJING N 55XUL-S N Black		0303HGWRQBL	B09JFJH1KQ	250.3	0	2026-03-02 18:51:29 PST		y	1			11				B09JFJH1KQ						B09JFJH1KQ			0	DEFAULT	Migrated Template	Inactive
Daiwa MH-270 Analyst Star Flounder, Black		0320H8WTXGI	B09JFNZCTD	290.03	0	2026-03-19 17:04:56 PDT		y	1			11				B09JFNZCTD						B09JFNZCTD			0	DEFAULT	Migrated Template	Inactive
The 30th Anniversary Concert-Live In Tokyo 2010 [Audio CD] Michael Schenker Group		0129HM719CG	B09JRTT8HD	55.91	1	2026-01-28 16:24:46 PST		y	1			11				B09JRTT8HD						B09JRTT8HD			0	DEFAULT	Migrated Template	Inactive
Takayuki Sakai 黒影(Black Shadow) VG10 Hammered Fluorine Treatment, Japanese Clean & Style Knife (Chef's Knife 9.45inch)		0320H8QBD9Y	B09K3FLKK6	284.2	0	2026-03-19 17:04:56 PDT		y	1			11				B09K3FLKK6						B09K3FLKK6			0	DEFAULT	Migrated Template	Inactive
RTULOR [Blu-ray]		0129HM602L3	B09KL7Y883	69.54	0	2026-01-28 16:24:46 PST		y	1			11				B09KL7Y883						B09KL7Y883			0	DEFAULT	Migrated Template	Inactive
Daiwa SC Air TW STR Custom 8.5R		0320H8YH514	B09MRB7XH5	470.97	0	2026-03-19 17:04:56 PDT		y	1			11				B09MRB7XH5						B09MRB7XH5			0	DEFAULT	Migrated Template	Inactive
DAIWA SC Air TW STR Custom 8.5L		0320H8Y68WZ	B09MRBGJM6	470.97	0	2026-03-19 17:04:56 PDT		y	1			11				B09MRBGJM6						B09MRBGJM6			0	DEFAULT	Migrated Template	Inactive
Sailor 13-6210-141 Fountain Pen, Bottle Ink, Ink Workshop, 141, Dye, 0.7 fl oz (20 ml)		0129HM6SBY4	B09N7X983T	50	0	2026-01-28 16:24:46 PST		y	1			11				B09N7X983T						B09N7X983T			0	DEFAULT	Migrated Template	Inactive
[Manufacturer Bonus Included] GUNDAM SONG COVERS 3 (First Press Limited Edition) (Includes Storage Box Drawn by Kotobuki Tsukasa + A4 Clear File) [Audio CD] 森口博子		0120HRXSZTM	B09NQ8LGKW	89.58	0	2026-01-20 01:10:21 PST		y	1			11				B09NQ8LGKW						B09NQ8LGKW			0	DEFAULT	Migrated Template	Inactive
Sasaki and Miyano Vol. 1 DVD [DVD]		0120HSUIV5X	B09NQVVBKG	100.89	0	2026-01-20 01:52:46 PST		y	1			11				B09NQVVBKG						B09NQVVBKG			0	DEFAULT	Migrated Template	Inactive
Parasites in Love Blu-ray (Deluxe Version) [Blu-ray]		0129HM6OC7S	B09PVCJ5KQ	83.88	0	2026-01-28 16:24:46 PST		y	1			11				B09PVCJ5KQ						B09PVCJ5KQ			0	DEFAULT	Migrated Template	Inactive
Medicom Terminator: T-800 MAFEX Action Figure,Multicolor		0320H8ZN6KN	B09QKPW2FG	141.5	0	2026-03-19 17:04:56 PDT		y	1			11				B09QKPW2FG						B09QKPW2FG			0	DEFAULT	Migrated Template	Inactive
I SAY MAMAMOO : THE BEST -Japan Edition-[Normal Edition] (3CD) [Audio CD] MAMAMOO		0131HVNTF92	B09QSD7Y5J	123.19	1	2026-01-31 03:56:41 PST		y	1			11				B09QSD7Y5J						B09QSD7Y5J			0	DEFAULT	Migrated Template	Inactive
Daiwa TW 80HL Bait Reel, 22 Tattooa, 2022 Model		0320H91RHHR	B09R1XQ7NC	208.65	0	2026-03-19 17:04:56 PDT		y	1			11				B09R1XQ7NC						B09R1XQ7NC			0	DEFAULT	Migrated Template	Inactive
Daiwa Bait Reel 22 Tattoo TW 80L (2022 Model)		0320H93JHQ6	B09R1XTM15	203.28	0	2026-03-19 17:04:56 PDT		y	1			11				B09R1XTM15						B09R1XTM15			0	DEFAULT	Migrated Template	Inactive
Daiwa Bait Reel 22 Tattooa TW 80H (2022 Model)		0320H8UEIO6	B09R1Y1JGB	199.5	0	2026-03-19 17:04:56 PDT		y	1			11				B09R1Y1JGB						B09R1Y1JGB			0	DEFAULT	Migrated Template	Inactive
Daiwa Bait Reel 22 Tattoo TW 80XHL (2022 Model)		0320H90SH4C	B09R1Y2RHL	228.6	0	2026-03-19 17:04:56 PDT		y	1			11				B09R1Y2RHL						B09R1Y2RHL			0	DEFAULT	Migrated Template	Inactive
Daiwa Bait Reel 22 Tattooa TW 80 (2022 Model)		0320H90P8VZ	B09R1Y48TW	186.51	0	2026-03-19 17:04:56 PDT		y	1			11				B09R1Y48TW						B09R1Y48TW			0	DEFAULT	Migrated Template	Inactive
Daiwa Bait Reel 22 Saltiga 15HL (2022 Model)		0303HGWQMIR	B09R1Y52Z5	499.85	0	2026-03-02 18:51:29 PST		y	1			11				B09R1Y52Z5						B09R1Y52Z5			0	DEFAULT	Migrated Template	Inactive
Daiwa Bait Reel 22, Silver Wolf SV TW 1000XH, PE Special (2022 Model)		0320H8UFX1W	B09R1Y9VJ4	473.69	0	2026-03-19 17:04:56 PDT		y	1			11				B09R1Y9VJ4						B09R1Y9VJ4			0	DEFAULT	Migrated Template	Inactive
Daiwa Bait Reel 22, Silver Wolf SV TW 1000 XL PE Special (2022 Model)		0320H8YISKK	B09R1YGGLJ	473.84	0	2026-03-19 17:04:56 PDT		y	1			11				B09R1YGGLJ						B09R1YGGLJ			0	DEFAULT	Migrated Template	Inactive
Daiwa Bait Reel 22 Tattooa, TW, 31.5 x H (2022 Model)		0320H8UEBPJ	B09R1ZXBC3	196.38	0	2026-03-19 17:04:56 PDT		y	1			11				B09R1ZXBC3						B09R1ZXBC3			0	DEFAULT	Migrated Template	Inactive
Daiwa Wise Stream 53LB-3Q 3-Piece Telescopic Fishing Rod for Trout Casting		0320H90SPT9	B09RQK17KB	214.8	0	2026-03-19 17:04:56 PDT		y	1			11				B09RQK17KB						B09RQK17KB			0	DEFAULT	Migrated Template	Inactive
Uta no Prince-sama The Movie: Maji LOVE Starish Tours Cross Unit Idol Song (Normal Edition) [Audio CD] 一十木音也(CV.寺島拓馬); 四ノ宮那月(CV.谷山紀章); 神宮寺レン(CV.諏訪部順一); 来栖 翔(CV.下野 紘); 聖川真斗(CV.鈴村健一); 一ノ瀬トキヤ(CV.宮野真守) and 愛島セシル(CV.鳥海浩輔)		0129HM7Y472	B09SZPF3RP	50	0	2026-01-28 16:24:46 PST		y	1			11				B09SZPF3RP						B09SZPF3RP			0	DEFAULT	Migrated Template	Inactive
Beyond: Zero - Version B incl. DVD [Audio CD] ATEEZ		0129HM62LAU	B09VCW7BH1	53.39	0	2026-01-28 16:24:46 PST		y	1			11				B09VCW7BH1						B09VCW7BH1			0	DEFAULT	Migrated Template	Inactive
Hakoirimusume World's End Harem: Akane Ryuzouji Dressing up Nurse Figure 1/6 Scale Multicolor, 10.2inches		0313HK0DEIQ	B09VGF5915	175.78	0	2026-03-12 19:50:44 PDT		y	1			11				B09VGF5915						B09VGF5915			0	DEFAULT	Migrated Template	Inactive
MegaHouse - One Piece - Variable Action Hero - Zorojuro PVC Figure		0120HSD3UKP	B09X52J3BH	140.58	1	2026-01-20 01:10:21 PST		y	1			11				B09X52J3BH						B09X52J3BH			0	DEFAULT	Migrated Template	Inactive
The Best Of Sonny & Cher (Translucent Red Vinyl/Limited Anniversary Edition) [Vinyl] Sonny & Cher		0131HVN54AG	B09X7CK1CW	137.44	0	2026-01-31 03:56:41 PST		y	1			11				B09X7CK1CW						B09X7CK1CW			0	DEFAULT	Migrated Template	Inactive
[Amazon.co.jp Exclusive] (Interlocking Purchase Bonus: Smartphone Pocket Included) Uma Musume Pretty Derby 2nd Event "Sound Fanfare! " & Uma Musume Pretty Derby 3rd Event Winter Dream Stage Blu-ray Set (Sleeve Case Included) [Blu-ray]		0120HSG3E86	B09XNGCSHR	292.88	0	2026-01-20 01:52:46 PST		y	1			11				B09XNGCSHR						B09XNGCSHR			0	DEFAULT	Migrated Template	Inactive
[Manufacturer Bonus Available] THE IDOLM@STER SideM 6th Live Tour ~ Next Destin@TION! ~ Side Hokkaido Live (Manufacturer Bonus: Set of 2 A4 Clear Files), Blu-ray [Blu-ray]		0120HSN9JOB	B09Y21W4GB	221.09	0	2026-01-20 01:52:46 PST		y	1			11				B09Y21W4GB						B09Y21W4GB			0	DEFAULT	Migrated Template	Inactive
ダイワ(DAIWA) Unisex's Casual Shoes, Black (Black 19-3911tcx), 25.5 cm		0303HH2IESZ	B0B1MDVF5X	160.94	0	2026-03-02 18:51:29 PST		y	1			11				B0B1MDVF5X						B0B1MDVF5X			0	DEFAULT	Migrated Template	Inactive
Daiwa DS-2103 Shoes, Black, US Men's Size 8 (26.0 cm)		0303HGWSCD5	B0B1MF3LFQ	190.78	0	2026-03-02 18:51:29 PST		y	1			11				B0B1MF3LFQ						B0B1MF3LFQ			0	DEFAULT	Migrated Template	Inactive
Daiwa DS-2103 Shoes, Red, US Men's Size 8 (26.0 cm)		0303HH4BH93	B0B1MF739K	160.94	0	2026-03-02 18:51:29 PST		y	1			11				B0B1MF739K						B0B1MF739K			0	DEFAULT	Migrated Template	Inactive
Daiwa DS-2103 Shoes, Black, US Men's Size 10 (29.0 cm)		0303HH1GMT5	B0B1MF8981	160.94	0	2026-03-02 18:51:29 PST		y	1			11				B0B1MF8981						B0B1MF8981			0	DEFAULT	Migrated Template	Inactive
Daiwa DS-2103 Shoes, Green Camo, US Men's Size 9 (27.0 cm)		0303HH1611F	B0B1MFBND4	160.94	0	2026-03-02 18:51:29 PST		y	1			11				B0B1MFBND4						B0B1MFBND4			0	DEFAULT	Migrated Template	Inactive
Daiwa DS-2103 Shoes, Red, US Men's Size 9 (27.0 cm)		0303HH1TQCA	B0B1MFF4S7	178.93	0	2026-03-02 18:51:29 PST		y	1			11				B0B1MFF4S7						B0B1MFF4S7			0	DEFAULT	Migrated Template	Inactive
Daiwa DS-2103 Shoes, Red, US Men's Size 10 (28.0 cm)		0303HH4OMY4	B0B1MFMBC3	162.16	0	2026-03-02 18:51:29 PST		y	1			11				B0B1MFMBC3						B0B1MFMBC3			0	DEFAULT	Migrated Template	Inactive
Daiwa DS-2103 Shoes, Black, US Men's Size 9 (27.0 cm)		0303HGTM8P9	B0B1MFTB1R	184.04	0	2026-03-02 18:51:29 PST		y	1			11				B0B1MFTB1R						B0B1MFTB1R			0	DEFAULT	Migrated Template	Inactive
Daiwa DS-2103 Shoes, Green Camo, US Men's Size 8 (26.0 cm)		0303HH5PPQU	B0B1MGF2SX	191.9	0	2026-03-02 18:51:29 PST		y	1			11				B0B1MGF2SX						B0B1MGF2SX			0	DEFAULT	Migrated Template	Inactive
Daiwa DS-2103 Shoes, Red, US Men's 8.5 (26.5 cm)		0303HGV1AXK	B0B1MGJ6WP	195.86	0	2026-03-02 18:51:29 PST		y	1			11				B0B1MGJ6WP						B0B1MGJ6WP			0	DEFAULT	Migrated Template	Inactive
Tech 21 SansAmp Character Plus - Mop Top Liverpool		0320H9456N2	B0B1VKKK9C	285.23	0	2026-03-19 17:04:56 PDT		y	1			11				B0B1VKKK9C						B0B1VKKK9C			0	DEFAULT	Migrated Template	Inactive
Tech 21 SansAmp Character Plus - Screaming Blonde		0320H8QAM8A	B0B1VKX65N	352.38	0	2026-03-19 17:04:56 PDT		y	1			11				B0B1VKX65N						B0B1VKX65N			0	DEFAULT	Migrated Template	Inactive
Quiet Life (30th Anniversary Edition) [Vinyl] Mariya Takeuchi		0129HM73MNK	B0B4MBKRCV	128.67	1	2026-01-28 16:24:46 PST		y	1			11				B0B4MBKRCV						B0B4MBKRCV			0	DEFAULT	Migrated Template	Inactive
異世界迷宮でハーレムを Blu-ray BOX 上巻《通常版》 [Blu-ray]		0129HM5EOAH	B0B4WGBQKM	170.49	0	2026-01-28 16:24:46 PST		y	1			11				B0B4WGBQKM						B0B4WGBQKM			0	DEFAULT	Migrated Template	Inactive
DIZZYLAND DX 〔Blu-ray〕 [Blu-ray]		0120HRR8SMQ	B0B5DNQ7P4	61.02	0	2026-01-20 01:10:21 PST		y	1			11				B0B5DNQ7P4						B0B5DNQ7P4			0	DEFAULT	Migrated Template	Inactive
The Jack Moves [Vinyl] The Jack Moves		0131HVO82VG	B0B7HS33ZL	348.15	1	2026-01-31 03:56:41 PST		y	1			11				B0B7HS33ZL						B0B7HS33ZL			0	DEFAULT	Migrated Template	Inactive
DAIWA PRESSO AIR AGS 61LB Trout/Management Fishing Site Black		0320H8WSBCJ	B0B7HTRJ5M	432.19	0	2026-03-19 17:04:56 PDT		y	1			11				B0B7HTRJ5M						B0B7HTRJ5M			0	DEFAULT	Migrated Template	Inactive
Furyu - BiCute Bunnies - Hatsune Miku White Rabbit Figure (Baby Pink Version)		0120HSUI7JA	B0B85KYSWW	66.12	1	2026-01-20 01:52:46 PST		y	1			11				B0B85KYSWW						B0B85KYSWW			0	DEFAULT	Migrated Template	Inactive
Megahouse - F-616 [AR]s Ferlyn Nabbit Rossa & Machine Fenrir aero, Desktop Army Action Figure		0120HSBVAP6	B0B8773NNB	86.74	1	2026-01-20 01:10:21 PST		y	1			11				B0B8773NNB						B0B8773NNB			0	DEFAULT	Migrated Template	Inactive
Sanei Boeki PP230 Pokémon All Star Collection Plush Toy, Cosmog, Size S		0129HM56083	B0B92HTDFY	58.87	0	2026-01-28 16:24:46 PST		y	1			11				B0B92HTDFY						B0B92HTDFY			0	DEFAULT	Migrated Template	Inactive
Haseen Pottery Smoker, Ibugin, Small, Approx. 9.4 inches (24 cm), Approx. 47.2 fl oz (1,200 ml), Direct Fire Available, Empty Fired OK, Recipes, Wire Mesh x 2, Smoking Tip, Brown, American Glaze, Iga		0320H8Z1W34	B0BCV5MLBD	251.99	0	2026-03-19 17:04:56 PDT		y	1			11				B0BCV5MLBD						B0BCV5MLBD			0	DEFAULT	Migrated Template	Inactive
Haseen ACT-80 Smoker, Earthenware Pot, "Ibushigin", Large, Approx. 11.0 inches (28 cm), Approx. 80.6 fl oz (2,400 ml), Direct Fire, Open Fire, OK Brown American Glaze		0320H90USDE	B0BCV928B8	353.37	0	2026-03-19 17:04:56 PDT		y	1			11				B0BCV928B8						B0BCV928B8			0	DEFAULT	Migrated Template	Inactive
Megahouse - Alice Gear Aegis Collaboration Virginia Glynnberets, Desktop Army Action Figure		0120HSFVLK5	B0BD75FSTL	93.99	1	2026-01-20 01:52:46 PST		y	1			11				B0BD75FSTL						B0BD75FSTL			0	DEFAULT	Migrated Template	Inactive
Medicom: MAFEX Spider-Man Upgraded Suit (No Way Home)		0320H8WQU1G	B0BFGW13TH	152.94	0	2026-03-19 17:04:56 PDT		y	1			11				B0BFGW13TH						B0BFGW13TH			0	DEFAULT	Migrated Template	Inactive
MAFEX No.195 IRON MAN MARK85 Iron Man Mark 85 (BATTLE DAMAGE Ver.) Total Height Approx. 6.3 inches (160 mm), Non-scale, Painted Action Figure		0320H8QAT1K	B0BFHBT6X3	156.47	0	2026-03-19 17:04:56 PDT		y	1			11				B0BFHBT6X3						B0BFHBT6X3			0	DEFAULT	Migrated Template	Inactive
EASTBOY(イーストボーイ) Synthetic Leather Bag, Black x Silver (940) 3		0227H2CM4UQ	B0BHDL76H8	179.44	0	2026-02-26 19:40:56 PST		y	1			11				B0BHDL76H8						B0BHDL76H8			0	DEFAULT	Migrated Template	Inactive
Ibanez AZES40 Electric Guitar - Pastel Pink		0321HDHTSDV	B0BK57S8QR	488.94	0	2026-03-20 17:17:35 PDT		y	1			11				B0BK57S8QR						B0BK57S8QR			0	DEFAULT	Migrated Template	Inactive
Pomppa Perus Pomppa Cosmos		0313HJWZG2O	B0BKP8V9QB	174.12	0	2026-03-12 19:50:44 PDT		y	1			11				B0BKP8V9QB						B0BKP8V9QB			0	DEFAULT	Migrated Template	Inactive
Pomppa Perus Pomppa Cosmos		0313HK0EDK6	B0BKPDD7YC	169.42	0	2026-03-12 19:50:44 PDT		y	1			11				B0BKPDD7YC						B0BKPDD7YC			0	DEFAULT	Migrated Template	Inactive
Demon Slayer: Shinobu Kocho Hikkake Figure		0120HSAGUA6	B0BKV4VWW7	66.73	0	2026-01-20 01:10:21 PST		y	1			11				B0BKV4VWW7						B0BKV4VWW7			0	DEFAULT	Migrated Template	Inactive
Daiwa Steez AII TW 1000H Bait Reel, 2022 Model		0120HSBJ2GP	B0BL2LD6KF	443.18	0	2026-01-20 01:10:21 PST		y	1			11				B0BL2LD6KF						B0BL2LD6KF			0	DEFAULT	Migrated Template	Inactive
Daiwa 22 Wise Stream 56L-3Q Trout Casting Fishing Rod		0321HDKXJLA	B0BL2LM3SF	224.56	0	2026-03-20 17:17:34 PDT		y	1			11				B0BL2LM3SF						B0BL2LM3SF			0	DEFAULT	Migrated Template	Inactive
DAIWA Steez AII TW 1000 2022 Model Bait Reel		0120HS5IVJ0	B0BL2LM96V	456.94	0	2026-01-20 01:10:21 PST		y	1			11				B0BL2LM96V						B0BL2LM96V			0	DEFAULT	Migrated Template	Inactive
DAIWA Steez Bait Reel AII TW 1000HL 2022 Model		0120HS9H0EK	B0BL2LMX2F	453.97	0	2026-01-20 01:10:21 PST		y	1			11				B0BL2LMX2F						B0BL2LMX2F			0	DEFAULT	Migrated Template	Inactive
Daiwa Steez AII TW 1000XH Bait Reel, 2022 Model		0120HSB8UND	B0BL2M4GC8	419.65	0	2026-01-20 01:10:21 PST		y	1			11				B0BL2M4GC8						B0BL2M4GC8			0	DEFAULT	Migrated Template	Inactive
Wise STRM 42ULB-3・Q		0321HDLDHNR	B0BL2NDQB1	168.17	0	2026-03-20 17:17:34 PDT		y	1			11				B0BL2NDQB1						B0BL2NDQB1			0	DEFAULT	Migrated Template	Inactive
DAIWA Steez AII TW 1000XHL 2022 Bus Bait Reel		0120HS5MPDO	B0BL2NJYN1	452.14	0	2026-01-20 01:10:21 PST		y	1			11				B0BL2NJYN1						B0BL2NJYN1			0	DEFAULT	Migrated Template	Inactive
DAIWA Steez Bait Reel, AII TW, 1000L, 2022 Model, Black		0120HS9HSQN	B0BL3MSCNT	455.98	0	2026-01-20 01:10:21 PST		y	1			11				B0BL3MSCNT						B0BL3MSCNT			0	DEFAULT	Migrated Template	Inactive
TV Animation The Ice Guy And His Cool Female Colleague (Original Soundtrack) [Audio CD] Ruka, Kawada		0129HM68U1I	B0BLL6Y2L6	64.41	0	2026-01-28 16:24:46 PST		y	1			11				B0BLL6Y2L6						B0BLL6Y2L6			0	DEFAULT	Migrated Template	Inactive
SATURNO [Audio CD] Rauw Alejandro		1224FGFH7Y7	B0BMQQNLN8	98.23	1	2025-12-23 17:14:44 PST		y	1			11				B0BMQQNLN8						B0BMQQNLN8			0	DEFAULT	Venesplo_2601	Inactive
トモちゃんは女の子！6(完全生産限定版) [Blu-ray] [Blu-ray]		0120HSMELCM	B0BN388C8R	88.62	0	2026-01-20 01:52:46 PST		y	1			11				B0BN388C8R						B0BN388C8R			0	DEFAULT	Migrated Template	Inactive
48-22-8432 fits Milwaukee Packout Deep Organizer w/ 50 lb Weight Capacity, IP65 rated protection, Reinforced hinge Includes 6 dividers, 3 large and 3 small dividers		0313HK17L18	B0BRN4YDFR	310.97	0	2026-03-12 19:50:44 PDT		y	1			11				B0BRN4YDFR						B0BRN4YDFR			0	DEFAULT	Migrated Template	Inactive
Daiwa QD5 Throwing Gel Reel 23 Long Beam 35 (Quick Drag Specification)		0321HDJTZTX	B0BSTLDCNS	359.96	0	2026-03-20 17:17:35 PDT		y	1			11				B0BSTLDCNS						B0BSTLDCNS			0	DEFAULT	Migrated Template	Inactive
Daiwa LT3000 PC Spinning Reel 23AIRITY		0303HGZ1WUS	B0BSTLMPBY	475.78	0	2026-03-02 18:51:29 PST		y	1			11				B0BSTLMPBY						B0BSTLMPBY			0	DEFAULT	Migrated Template	Inactive
Daiwa LT2000S-P Spinning Reel 23AIRITY		0303HH2KVZR	B0BSTMBW1Y	468.15	0	2026-03-02 18:51:29 PST		y	1			11				B0BSTMBW1Y						B0BSTMBW1Y			0	DEFAULT	Migrated Template	Inactive
Daiwa LT4000-XH Spinning Reel 23AIRITY		0303HGYL9BR	B0BSTMPVPJ	485.45	0	2026-03-02 18:51:29 PST		y	1			11				B0BSTMPVPJ						B0BSTMPVPJ			0	DEFAULT	Migrated Template	Inactive
DAIWA LT2000S-H Light Salt, Area Trout, Native Trout, Spinning Reel, 23AIRITY		0303HH533JI	B0BSTMTKLV	470.16	0	2026-03-02 18:51:29 PST		y	1			11				B0BSTMTKLV						B0BSTMTKLV			0	DEFAULT	Migrated Template	Inactive
Daiwa PCLT3000-XH Spinning Reel 23AIRITY		0303HGWUCUI	B0BSTMV4TR	485.67	0	2026-03-02 18:51:29 PST		y	1			11				B0BSTMV4TR						B0BSTMV4TR			0	DEFAULT	Migrated Template	Inactive
Daiwa QD12 Throwing Gel Reel 23 Long Beam 35 (Quick Drag Specification)		0321HDJNGZK	B0BSTMW9HN	284.13	0	2026-03-20 17:17:35 PDT		y	1			11				B0BSTMW9HN						B0BSTMW9HN			0	DEFAULT	Migrated Template	Inactive
Daiwa LT2500S Spinning Reel 23AIRITY		0303HGTOCTW	B0BSTN593B	486.75	0	2026-03-02 18:51:29 PST		y	1			11				B0BSTN593B						B0BSTN593B			0	DEFAULT	Migrated Template	Inactive
Daiwa S500JP Electric Reel 23 Leo Blitz (2023 Model)		1218FX5W6XE	B0BSTN8L7Z	480.88	0	2025-12-17 16:39:18 PST		y	1			11				B0BSTN8L7Z						B0BSTN8L7Z			0	DEFAULT	Venesplo_2601	Inactive
Daiwa Spinning Reel 23BG SW 6000D-P		1218FX97A6U	B0BSTNBM69	164.81	0	2025-12-17 16:39:18 PST		y	1			11				B0BSTNBM69						B0BSTNBM69			0	DEFAULT	Venesplo_2601	Inactive
Daiwa 06PE Throwing Gel Reel 23 Long Beam 35		0321HDIEMJD	B0BSTNJ4RF	269.6	0	2026-03-20 17:17:34 PDT		y	1			11				B0BSTNJ4RF						B0BSTNJ4RF			0	DEFAULT	Migrated Template	Inactive
Daiwa LT2500 PC Spinning Reel 23AIRITY		0303HH1REV9	B0BSTNWV6J	493.93	0	2026-03-02 18:51:29 PST		y	1			11				B0BSTNWV6J						B0BSTNWV6J			0	DEFAULT	Migrated Template	Inactive
Daiwa Silver Wolf 76MLB-S W		0321HDKG9HG	B0BSTP37BN	196.42	0	2026-03-20 17:17:34 PDT		y	1			11				B0BSTP37BN						B0BSTP37BN			0	DEFAULT	Migrated Template	Inactive
Daiwa Silverwolf 83MB-S W Fishing Rod Bass Spinning Casting Chinning Rod		0321HDENK63	B0BSTP734L	197.95	0	2026-03-20 17:17:35 PDT		y	1			11				B0BSTP734L						B0BSTP734L			0	DEFAULT	Migrated Template	Inactive
Daiwa Silver Wolf 76ML-S W		0321HDKWOY0	B0BSTPFRJ3	207.85	0	2026-03-20 17:17:35 PDT		y	1			11				B0BSTPFRJ3						B0BSTPFRJ3			0	DEFAULT	Migrated Template	Inactive
Daiwa SilverWolf 73LML-S/W Spinning Bass Chinning Rod		0321HDMHGOH	B0BSTPGBFY	205.68	0	2026-03-20 17:17:34 PDT		y	1			11				B0BSTPGBFY						B0BSTPGBFY			0	DEFAULT	Migrated Template	Inactive
Little Girl Blue - Limited 180-Gram Vinyl with Bonus Track [Vinyl] Nina Simone		0131HVQE48U	B0BT54WKVL	132.32	1	2026-01-31 03:56:41 PST		y	1			11				B0BT54WKVL						B0BT54WKVL			0	DEFAULT	Migrated Template	Inactive
T6K V3S for Multicopter/Robot (R3006SB/TR Set) 2.4GHz Stick Propo		0321HDKYM8C	B0BT8DKPNC	386.13	0	2026-03-20 17:17:35 PDT		y	1			11				B0BT8DKPNC						B0BT8DKPNC			0	DEFAULT	Migrated Template	Inactive
Kokuyo Clipboard Folder, Black A4 Foldable Clipboard Folio with Clip. 360 Degree Binder Clipboard with Elastic Band, File Cover Work Folder Clipboards with Pen Slot (Joha-MC50D) [Office Product]		1218FX4SGV4	B0BVY8DJFY	75.58	1	2025-12-17 16:39:18 PST		y	1			11				B0BVY8DJFY						B0BVY8DJFY			0	DEFAULT	Venesplo_2601	Inactive
Peanuts Woodstock 623102 Smile Face Mug, M, Approx. 9.5 fl oz (280 ml), Made in Japan		0129HM3N3LN	B0BWHJVVXY	50.29	0	2026-01-28 16:24:46 PST		y	1			11				B0BWHJVVXY						B0BWHJVVXY			0	DEFAULT	Migrated Template	Inactive
sailor fountain pen fountain pen hocoro replacement tip calligraphy 87-0853-700		0129HMAQ9IX	B0BWHNY76C	52.81	0	2026-01-28 16:24:46 PST		y	1			11				B0BWHNY76C						B0BWHNY76C			0	DEFAULT	Migrated Template	Inactive
Sailor 10-0420-703 Fountain Pen, Profit Junior + 10, Flickering, White Night, Calligraphy		0120HSG0KDM	B0BWHPPCCM	70.08	0	2026-01-20 01:52:46 PST		y	1			11				B0BWHPPCCM						B0BWHPPCCM			0	DEFAULT	Migrated Template	Inactive
EVH® 24" Barstool		0321HDL9JRB	B0BWPNDV9H	283.59	0	2026-03-20 17:17:34 PDT		y	1			11				B0BWPNDV9H						B0BWPNDV9H			0	DEFAULT	Migrated Template	Inactive
Kiyoshi Hikawa Special Concert 2022 - Kiyoshiko Night Vol. 22 (DVD) [DVD]		0120HSOZP2E	B0BWS95SW1	61.85	0	2026-01-20 01:52:46 PST		y	1			11				B0BWS95SW1						B0BWS95SW1			0	DEFAULT	Migrated Template	Inactive
Travel Tumbler 500ml		0129HM69GK3	B0BX8Z2KJG	56	0	2026-01-28 16:24:46 PST		y	1			11				B0BX8Z2KJG						B0BX8Z2KJG			0	DEFAULT	Migrated Template	Inactive
The Legend of Tianding (Multi-Language) [video game]		0131HVSFUXL	B0BX9NPW45	52.02	1	2026-01-31 03:56:41 PST		y	1			11				B0BX9NPW45						B0BX9NPW45			0	DEFAULT	Migrated Template	Inactive
SLPWORKS Daiwa Slp Works ZILLION TW CUSTOM BODY SLPW 1000XHL		0321HDIHKFO	B0BZBTHFSZ	402.77	0	2026-03-20 17:17:34 PDT		y	1			11				B0BZBTHFSZ						B0BZBTHFSZ			0	DEFAULT	Migrated Template	Inactive
Daiwa Slp Works ZILLION TW CUSTOM BODY SLPW 1000H		0321HDI7L9G	B0BZC11WKH	402.77	0	2026-03-20 17:17:35 PDT		y	1			11				B0BZC11WKH						B0BZC11WKH			0	DEFAULT	Migrated Template	Inactive
In The Court Of The Crimson King - Legacy Collection 1980 - SHM [Audio CD] King Crimson		0131HVLQC8L	B0BZD47BFY	50.12	1	2026-01-31 03:56:41 PST		y	1			11				B0BZD47BFY						B0BZD47BFY			0	DEFAULT	Migrated Template	Inactive
Kaguya-sama Wants to Tell You - First Kiss Never Ends - (Complete Limited Production Edition) (DVD) [DVD]		0120HSN4A9P	B0BZVM37J9	99.81	0	2026-01-20 01:52:46 PST		y	1			11				B0BZVM37J9						B0BZVM37J9			0	DEFAULT	Migrated Template	Inactive
Mobile Suit Gundam The Witch From Mercury Original Soundtrack - Analog Edition [Vinyl] Mobile Suit Gundam the Witch From Mercury - O.S.T.		1218FX4UADM	B0C1N9FJ3H	116.58	1	2025-12-17 16:39:18 PST		y	1			11				B0C1N9FJ3H						B0C1N9FJ3H			0	DEFAULT	Venesplo_2601	Inactive
Ado - Campanella - Limited Edition [Blu-ray]		1218FX4TCP7	B0C1NJ5MNL	90.17	1	2025-12-17 16:39:18 PST		y	1			11				B0C1NJ5MNL						B0C1NJ5MNL			0	DEFAULT	Venesplo_2601	Inactive
Beautiful Desolation (Non-US Version) [video game]		0131HVNTK6R	B0C2GQZVWQ	74.75	1	2026-01-31 03:56:41 PST		y	1			11				B0C2GQZVWQ						B0C2GQZVWQ			0	DEFAULT	Migrated Template	Inactive
Shadows Over Loathing Collector’s Edition - PlayStation 5 [video game]		0303HGPWICL	B0C346RJGH	289.87	1	2026-03-02 18:51:29 PST		y	1			11				B0C346RJGH						B0C346RJGH			0	DEFAULT	Migrated Template	Inactive
Alivehoon [Blu-ray] [Blu-ray]		0129HM8DFUD	B0C4LFDKRJ	75.02	0	2026-01-28 16:24:46 PST		y	1			11				B0C4LFDKRJ						B0C4LFDKRJ			0	DEFAULT	Migrated Template	Inactive
Trusco TRUSCO TGCA-80 x 20 Pieces Stainless Steel Grating Clip GCA Type Applicable Height 1.5 - 2.0 inches (38 - 50 mm)		0321HDHYJVX	B0C4T95CLB	183.96	0	2026-03-20 17:17:34 PDT		y	1			11				B0C4T95CLB						B0C4T95CLB			0	DEFAULT	Migrated Template	Inactive
TRUSCO TGCA-70 x 20 Pieces Stainless Steel Grating Clip, GCA Type, Suitable Height 1.3 - 1.8 inches (32 - 45 mm)		0321HDIJ46M	B0C4T96GDQ	181.36	0	2026-03-20 17:17:35 PDT		y	1			11				B0C4T96GDQ						B0C4T96GDQ			0	DEFAULT	Migrated Template	Inactive
TRUSCO Pipe Scraper with SKH Steel Blade TPS-150SK x 20 Pieces (Case Sale)		0321HDLGF31	B0C4TKZRXF	218.98	0	2026-03-20 17:17:35 PDT		y	1			11				B0C4TKZRXF						B0C4TKZRXF			0	DEFAULT	Migrated Template	Inactive
Lost in Play(ロストインプレイ) -Switch [video game]		0131HVQ12NL	B0C4X6SSJ5	69.99	0	2026-01-31 03:56:41 PST		y	1			11				B0C4X6SSJ5						B0C4X6SSJ5			0	DEFAULT	Migrated Template	Inactive
Microtubes Infinity		0320H8WE109	B0C5JHLC3Q	1120.65	0	2026-03-19 17:06:33 PDT		y	1			11				B0C5JHLC3Q						B0C5JHLC3Q			0	DEFAULT	Migrated Template	Inactive
Tiny Troopers: Global Ops [video game]		0131HVLO8IW	B0C5X3H468	84.43	1	2026-01-31 03:56:41 PST		y	1			11				B0C5X3H468						B0C5X3H468			0	DEFAULT	Migrated Template	Inactive
DrunkDeer Rapid Trigger Gaming Keyboard for VALORANT, TKL Mechanical Keyboards, Hyper Fast Magnetic-Switch, RGB Wired USB Compact 82 Keys with Knob Black, No Keycap		0320H8Q8U65	B0C68WG784	152.49	0	2026-03-19 17:06:33 PDT		y	1			11				B0C68WG784						B0C68WG784			0	DEFAULT	Migrated Template	Inactive
The 1975 Australian Broadcast [Audio CD] Paul McCartney and Wings		0131HVN96M0	B0C6BZL8D2	83.48	1	2026-01-31 03:56:41 PST		y	1			11				B0C6BZL8D2						B0C6BZL8D2			0	DEFAULT	Migrated Template	Inactive
Daiwa Seahawk TW Double Axis Reel for Long Casting Basket, Long Casting		0321HDKIG4X	B0C6KCCQXR	356.77	0	2026-03-20 17:17:35 PDT		y	1			11				B0C6KCCQXR						B0C6KCCQXR			0	DEFAULT	Migrated Template	Inactive
Daiwa SLP Works EX SF Spool 2500SSS		0321HDI29C0	B0C7TC65KC	197.58	0	2026-03-20 17:17:34 PDT		y	1			11				B0C7TC65KC						B0C7TC65KC			0	DEFAULT	Migrated Template	Inactive
SLPWORKS Daiwa Slp Works EX SF Spool 2000SS		0321HDJMHK1	B0C7TFC1RR	195.62	0	2026-03-20 17:17:35 PDT		y	1			11				B0C7TFC1RR						B0C7TFC1RR			0	DEFAULT	Migrated Template	Inactive
Daiwa SLP Works EX SF Spool 2500SS		0321HDL95UN	B0C7TKS5GJ	197.58	0	2026-03-20 17:17:35 PDT		y	1			11				B0C7TKS5GJ						B0C7TKS5GJ			0	DEFAULT	Migrated Template	Inactive
DAIWA Spinning Reel 22CALDIA SW 8000-P		0303HH2KOTR	B0C9LZC6BD	279.19	0	2026-03-02 18:51:29 PST		y	1			11				B0C9LZC6BD						B0C9LZC6BD			0	DEFAULT	Migrated Template	Inactive
DAIWA Shore Jigging Spinning Reel 22CALDIA SW 5000-CXH		0303HH2CRBJ	B0C9M1VGZJ	298.06	0	2026-03-02 18:51:29 PST		y	1			11				B0C9M1VGZJ						B0C9M1VGZJ			0	DEFAULT	Migrated Template	Inactive
IOMIC Black Armor 2 X-Evolution 2.3, Pack of 10, Blue		0321HDKTT9J	B0C9ZDLV4D	139.48	0	2026-03-20 17:17:34 PDT		y	1			11				B0C9ZDLV4D						B0C9ZDLV4D			0	DEFAULT	Migrated Template	Inactive
ＳＬＰＷＯＲＫＳ Daiwa SLP Works 23 Saltiga Handle, 2.6 inches (65 mm), Gold		0321HDKBJ49	B0CDBKKRXC	140.47	0	2026-03-20 17:17:35 PDT		y	1			11				B0CDBKKRXC						B0CDBKKRXC			0	DEFAULT	Migrated Template	Inactive
ＳＬＰＷＯＲＫＳ Daiwa SLP Works 23 Saltiga Handle, 2.6 inches (65 mm), Blue		0321HDLEIM6	B0CDBKNVNF	141.97	0	2026-03-20 17:17:34 PDT		y	1			11				B0CDBKNVNF						B0CDBKNVNF			0	DEFAULT	Migrated Template	Inactive
ＳＬＰＷＯＲＫＳ Daiwa SLP Works 23 Saltiga Handle 70mm Gold		0321HDIX2NA	B0CDBKZFRM	175.38	0	2026-03-20 17:17:35 PDT		y	1			11				B0CDBKZFRM						B0CDBKZFRM			0	DEFAULT	Migrated Template	Inactive
Zebra Gel Ballpoint Pen Refill, Sarasa JF-0.5 Lead, Orange, 10 Count B-P-RJF5-OR		0120HSMG3T6	B0CF47V81Z	58.48	0	2026-01-20 01:52:46 PST		y	1			11				B0CF47V81Z						B0CF47V81Z			0	DEFAULT	Migrated Template	Inactive
Brilhart Ebolin Alto Saxophone Mouthpiece - 6		0313HK08HQR	B0CFYS9BDZ	333.92	0	2026-03-12 19:50:44 PDT		y	1			11				B0CFYS9BDZ						B0CFYS9BDZ			0	DEFAULT	Migrated Template	Inactive
Brilhart Special Alto Sax Mouthpiece - 6		0313HK0W1I2	B0CFYTMZVB	213.78	0	2026-03-12 19:50:44 PDT		y	1			11				B0CFYTMZVB						B0CFYTMZVB			0	DEFAULT	Migrated Template	Inactive
Futaba Electronics Industries SERVO HPS-CT501 (UR Mode Compatible, HPBLS Servo Series Low Pro Servo) 00107385-3		0320H8VMOC4	B0CGWY8RRB	261.46	0	2026-03-19 17:06:33 PDT		y	1			11				B0CGWY8RRB						B0CGWY8RRB			0	DEFAULT	Migrated Template	Inactive
Nakabayashi Logical Search Notebook/Semi B5/191 Pages/Square/Ivory NB519-191H-IV		0120HSCBHVW	B0CHVZFG6R	51.92	1	2026-01-20 01:10:21 PST		y	1			11				B0CHVZFG6R						B0CHVZFG6R			0	DEFAULT	Migrated Template	Inactive
Nakabayashi Logical Search Notebook, A5, 191 Pages, B Ruled, Black, NA511-191B-BK		0120HS5IR5C	B0CHVZG9Q4	52.55	0	2026-01-20 01:10:21 PST		y	1			11				B0CHVZG9Q4						B0CHVZG9Q4			0	DEFAULT	Migrated Template	Inactive
Nakabayashi Logical Search Notebook/Semi B5/95 Pages/Square/Ivory NB519-95H-IV		0120HS5I89U	B0CHW1F1NS	52.09	0	2026-01-20 01:10:21 PST		y	1			11				B0CHW1F1NS						B0CHW1F1NS			0	DEFAULT	Migrated Template	Inactive
Nakabayashi Logical Search Notebook/A5/191 pages/Square/Ivory NA511-191H-IV [Unknown Binding]		0120HSD8BVZ	B0CHW2L9DL	52.34	0	2026-01-20 01:10:21 PST		y	1			11				B0CHW2L9DL						B0CHW2L9DL			0	DEFAULT	Migrated Template	Inactive
NEONMAX-Blue Archive Wakamo 1/7 Complete Figure		0313HK0WU4U	B0CK5DQM4C	399.07	0	2026-03-12 19:50:44 PDT		y	1			11				B0CK5DQM4C						B0CK5DQM4C			0	DEFAULT	Migrated Template	Inactive
Golf Training Flexing Bat Driving Distance and Acceleration Improvement and Tempo Control with STM Grip for Real Club Feel Made in Japan		0320H8YIXYB	B0CKDM41SJ	283.81	0	2026-03-19 17:06:33 PDT		y	1			11				B0CKDM41SJ						B0CKDM41SJ			0	DEFAULT	Migrated Template	Inactive
East Boy Venus 219009 Synthetic Leather Bag, Chocolate × silver (180) 4, F		0227H24ENKT	B0CKHGQKN9	188.23	0	2026-02-26 19:40:56 PST		y	1			11				B0CKHGQKN9						B0CKHGQKN9			0	DEFAULT	Migrated Template	Inactive
Makita WR101DZ Rechargeable Ratchet Wrench, 10.8 V, Battery and Charger Sold Separately		0320H8QCHJE	B0CL6CCGG6	259.72	0	2026-03-19 17:06:33 PDT		y	1			11				B0CL6CCGG6						B0CL6CCGG6			0	DEFAULT	Migrated Template	Inactive
Ibanez Gio RG320FAT Electric Guitar - Transparent Emerald Sunburst		0320H8ZPGEP	B0CLJNZL7T	702.3	0	2026-03-19 17:06:33 PDT		y	1			11				B0CLJNZL7T						B0CLJNZL7T			0	DEFAULT	Migrated Template	Inactive
Ibanez Gio RG330EX Electric Guitar - Black Flat		0129HM5Z0VT	B0CLJPPS9H	449.99	0	2026-01-28 16:24:46 PST		y	1			11				B0CLJPPS9H						B0CLJPPS9H			0	DEFAULT	Migrated Template	Inactive
Ibanez Gio RG320FAT Electric Guitar - Transparent Violet Sunburst		0320H8Y48SH	B0CLJQ8ZZY	803.28	0	2026-03-19 17:06:33 PDT		y	1			11				B0CLJQ8ZZY						B0CLJQ8ZZY			0	DEFAULT	Migrated Template	Inactive
Ibanez Gio RG320FAT Electric Guitar - Transparent Red Burst		0320H8WV2SZ	B0CLJQG985	702.3	0	2026-03-19 17:06:33 PDT		y	1			11				B0CLJQG985						B0CLJQG985			0	DEFAULT	Migrated Template	Inactive
Ibanez RG421 Electric Guitar - Sea Shore Matte		0320H8Z9JY2	B0CLJQHN1P	703.52	0	2026-03-19 17:06:33 PDT		y	1			11				B0CLJQHN1P						B0CLJQHN1P			0	DEFAULT	Migrated Template	Inactive
Ibanez Gio RG320FAT Electric Guitar - Transparent Blue Sunburst		0320H8Z98Q2	B0CLJQKF8M	716.77	0	2026-03-19 17:06:33 PDT		y	1			11				B0CLJQKF8M						B0CLJQKF8M			0	DEFAULT	Migrated Template	Inactive
Ibanez Gio RG320FAT Electric Guitar - Transparent Black Sunburst		0320H8UH236	B0CLJQYKQK	739.59	0	2026-03-19 17:06:33 PDT		y	1			11				B0CLJQYKQK						B0CLJQYKQK			0	DEFAULT	Migrated Template	Inactive
Vessel 220USB-P1BL Electric Ball Grip Screwdriver Plus Premium 3-Level Switching Mode, Limited Color (Blue) with 1 Bit		0129HM7PLMR	B0CLL63WSY	103.8	0	2026-01-28 16:24:46 PST		y	1			11				B0CLL63WSY						B0CLL63WSY			0	DEFAULT	Migrated Template	Inactive
Ibanez AE100 Acoustic-electric Guitar - Dark Tide Blue Flat		0320H8YRXQ2	B0CLYP4JZ7	692.39	0	2026-03-19 17:06:33 PDT		y	1			11				B0CLYP4JZ7						B0CLYP4JZ7			0	DEFAULT	Migrated Template	Inactive
Ibanez AE100 Acoustic-electric Guitar - Burgundy Flat		0129HM3MOYE	B0CLYQ3LCC	429.99	0	2026-01-28 16:24:46 PST		y	1			11				B0CLYQ3LCC						B0CLYQ3LCC			0	DEFAULT	Migrated Template	Inactive
Ibanez AE140 Acoustic-electric Guitar - Weathered Black		0129HM317S8	B0CLYRHXF2	429.99	0	2026-01-28 16:24:46 PST		y	1			11				B0CLYRHXF2						B0CLYRHXF2			0	DEFAULT	Migrated Template	Inactive
Ibanez AEGB24FE AEG Fretless Acoustic-electric Bass Guitar - Mahogany Sunburst		0320H8WVFIK	B0CLYRJSDY	769.45	0	2026-03-19 17:06:33 PDT		y	1			11				B0CLYRJSDY						B0CLYRJSDY			0	DEFAULT	Migrated Template	Inactive
DAIWA Trout Rod Wise Stream 410L-3 Q		0321HDIRSLG	B0CM2XJVQY	241.35	0	2026-03-20 17:17:35 PDT		y	1			11				B0CM2XJVQY						B0CM2XJVQY			0	DEFAULT	Migrated Template	Inactive
Aoshima Back to The Future: Time Machine Detail Up Parts 1:24 Scale Model Kit		0120HSGLL0C	B0CMGJ5SJB	55.13	1	2026-01-20 01:52:46 PST		y	1			11				B0CMGJ5SJB						B0CMGJ5SJB			0	DEFAULT	Migrated Template	Inactive
Kadokawa Oshi no Ko: Arima 1:7 Scale PVC Figure		0321HDJNW1K	B0CN93JTZR	162.93	0	2026-03-20 17:17:34 PDT		y	1			11				B0CN93JTZR						B0CN93JTZR			0	DEFAULT	Migrated Template	Inactive
SHEERAN LOOPER + Dual Track Pedal for Guitar, Bass, Keyboard, Vocals and more, with 128 loops storage, 4 Looping Modes, LED Screen and Audio interface		0303HH53FWS	B0CPT9PCK4	446	0	2026-03-02 18:51:29 PST		y	1			11				B0CPT9PCK4						B0CPT9PCK4			0	DEFAULT	Migrated Template	Inactive
DAIWA LT5000D-CXH Spinning Reel 24-Celte (2024 Model)		0129HM28S5A	B0CQJ9DHMN	458	0	2026-01-28 16:24:46 PST		y	1			11				B0CQJ9DHMN						B0CQJ9DHMN			0	DEFAULT	Migrated Template	Inactive
DAIWA LT2500 Spinning Reel 24 Celte (2024 Model)		0129HM5DX3D	B0CQJ9RTGN	393.99	0	2026-01-28 16:24:46 PST		y	1			11				B0CQJ9RTGN						B0CQJ9RTGN			0	DEFAULT	Migrated Template	Inactive
Daiwa LT3000 24 Celte Spinning Reel (2024 Model)		0129HM7YO4H	B0CQJ9YW4J	454.68	0	2026-01-28 16:24:46 PST		y	1			11				B0CQJ9YW4J						B0CQJ9YW4J			0	DEFAULT	Migrated Template	Inactive
DAIWA LT4000-CXH Spinning Reel 24-Celte (2024 Model)		0129HM85NQ1	B0CQJB3Z2J	414.41	0	2026-01-28 16:24:46 PST		y	1			11				B0CQJB3Z2J						B0CQJB3Z2J			0	DEFAULT	Migrated Template	Inactive
DAIWA LT5000D-XH Spinning Reel 24-Celte (2024 Model)		0129HM6APAC	B0CQJB66R5	465.99	0	2026-01-28 16:24:46 PST		y	1			11				B0CQJB66R5						B0CQJB66R5			0	DEFAULT	Migrated Template	Inactive
Daiwa FC LT2000S-H Spinning Reel 24-Celte (2024 Model)		0129HM52821	B0CQJB6BMS	417.89	0	2026-01-28 16:24:46 PST		y	1			11				B0CQJB6BMS						B0CQJB6BMS			0	DEFAULT	Migrated Template	Inactive
DAIWA LT3000-XH Spinning Reel 24-Celte (2024 Model)		0129HM3MR0L	B0CQJB7T8H	449.39	0	2026-01-28 16:24:46 PST		y	1			11				B0CQJB7T8H						B0CQJB7T8H			0	DEFAULT	Migrated Template	Inactive
DAIWA LT2500-H Spinning Reel 24-Celte (2024 Model)		0129HM5CA5H	B0CQJBB5Z2	441.25	0	2026-01-28 16:24:46 PST		y	1			11				B0CQJBB5Z2						B0CQJBB5Z2			0	DEFAULT	Migrated Template	Inactive
Daiwa FC LT2000S-P Spinning Reel 24-Celte (2024 Model)		0129HM7E09N	B0CQJBJCVX	438.96	0	2026-01-28 16:24:46 PST		y	1			11				B0CQJBJCVX						B0CQJBJCVX			0	DEFAULT	Migrated Template	Inactive
DAIWA LT5000D Spinning Reel 24-Celte (2024 Model)		0129HM4U6VJ	B0CQJBN6LQ	459.99	0	2026-01-28 16:24:46 PST		y	1			11				B0CQJBN6LQ						B0CQJBN6LQ			0	DEFAULT	Migrated Template	Inactive
Daiwa (DAIWA) Spinning Reel 24 Certate FC LT2500S (2024 Model)		0129HM99BQI	B0CQJBPYJ2	449.29	0	2026-01-28 16:24:46 PST		y	1			11				B0CQJBPYJ2						B0CQJBPYJ2			0	DEFAULT	Migrated Template	Inactive
DAIWA LT4000-C Spinning Reel 24-Celte (2024 Model)		0129HM6UF6G	B0CQJC3MLX	475.65	0	2026-01-28 16:24:46 PST		y	1			11				B0CQJC3MLX						B0CQJC3MLX			0	DEFAULT	Migrated Template	Inactive
DAIWA LT3000-CH Spinning Reel 24-Celte (2024 Model)		0129HM54DMZ	B0CQJC53RL	438.98	0	2026-01-28 16:24:46 PST		y	1			11				B0CQJC53RL						B0CQJC53RL			0	DEFAULT	Migrated Template	Inactive
Daiwa FCLT2500S-DH Spinning Reel, 24-Celte (2024 Model)		0129HM4MCQN	B0CQJDHK6S	459.06	0	2026-01-28 16:24:46 PST		y	1			11				B0CQJDHK6S						B0CQJDHK6S			0	DEFAULT	Migrated Template	Inactive
BEHOLGAR -PS5 【Amazon.co.jp限定】オリジナル缶バッジ 同梱		0131HVQBGMB	B0CQLLQDQ3	75.66	0	2026-01-31 03:56:41 PST		y	1			11				B0CQLLQDQ3						B0CQLLQDQ3			0	DEFAULT	Migrated Template	Inactive
BEHOLGAR 限定版 -PS5 【Amazon.co.jp限定】オリジナル缶バッジ 同梱 & 【特典】サウンドトラックCD、アクリルキーホルダー、デジタルアートブック(ダウンロードカード封入) 同梱		0131HVP7QNN	B0CQLLRLTS	101.17	0	2026-01-31 03:56:41 PST		y	1			11				B0CQLLRLTS						B0CQLLRLTS			0	DEFAULT	Migrated Template	Inactive
DAIWA Tungsten Jig TG Bait 80 Mirror Natural Bait		0120HSDDIXE	B0CRKPHKH7	54.11	0	2026-01-20 01:10:21 PST		y	1			11				B0CRKPHKH7						B0CRKPHKH7			0	DEFAULT	Migrated Template	Inactive
DAIWA Tungsten Jig TG Bait 120 Mirror Natural Bait		0120HSC323L	B0CRKQM3TR	56.2	0	2026-01-20 01:10:21 PST		y	1			11				B0CRKQM3TR						B0CRKQM3TR			0	DEFAULT	Migrated Template	Inactive
Selmer Paris Selmer Paris Alto Saxophone Mouthpiece JAZZ FLOW Size: 5		0131HVO9D0Y	B0CRTTZNDK	263.21	0	2026-01-31 03:56:41 PST		y	1			11				B0CRTTZNDK						B0CRTTZNDK			0	DEFAULT	Migrated Template	Inactive
Sonicware Liven MEGA SYNTHESIS [Retro Game Music Composer] Fully Recreate the Legendary Sound of That 16-bit Video Game Console, 320 FM game sounds, 64 PCM drum kits, 6-Track sequencer, 10 types FX		0320H8Z82IY	B0CRYD2X9F	509	0	2026-03-19 17:06:33 PDT		y	1			11				B0CRYD2X9F						B0CRYD2X9F			0	DEFAULT	Migrated Template	Inactive
Sparkle Intel Arc A310 ECO, 4GB GDDR6, 50W TBP, Short Bracket is Included, Low-Profile, Single Fan, Single Slot, HDMI x1, Mini DisplayPort x2, SA310C-4G		0320H91RHVU	B0CSFJN835	463.88	0	2026-03-19 17:06:33 PDT		y	1			11				B0CSFJN835						B0CSFJN835			0	DEFAULT	Migrated Template	Inactive
DAIWA LT2000S Spinning Reel 24 Tsukiyobijin X		0303HGTNBH2	B0CSXR1J2S	180.72	0	2026-03-02 18:51:29 PST		y	1			11				B0CSXR1J2S						B0CSXR1J2S			0	DEFAULT	Migrated Template	Inactive
DAIWA ST SF1000S-P Spinning Reel 23 Aerity		0303HH2KOSH	B0CSXRK143	478.5	0	2026-03-02 18:51:29 PST		y	1			11				B0CSXRK143						B0CSXRK143			0	DEFAULT	Migrated Template	Inactive
Daiwa SF2500SS-H-QD Spinning Reel 23 Aerity		0303HGXUO3M	B0CSXS63QV	487.51	0	2026-03-02 18:51:29 PST		y	1			11				B0CSXS63QV						B0CSXS63QV			0	DEFAULT	Migrated Template	Inactive
DAIWA SR8-300 PE Line, 12 Strands, SG Dura Sensor x 12EX		0321HDMY61H	B0CTC8MPK6	140.48	0	2026-03-20 17:17:34 PDT		y	1			11				B0CTC8MPK6						B0CTC8MPK6			0	DEFAULT	Migrated Template	Inactive
DAIWA SR10-300 PE Line, 12 Strands, SG Dura x 12EX		0321HDKTFC5	B0CTCB9VNX	142.29	0	2026-03-20 17:17:35 PDT		y	1			11				B0CTCB9VNX						B0CTCB9VNX			0	DEFAULT	Migrated Template	Inactive
DAIWA SR5-300 PE Line, 12 Strands, SG Dura Sensor x 12EX		0321HDKS492	B0CTCC6X8P	143.74	0	2026-03-20 17:17:34 PDT		y	1			11				B0CTCC6X8P						B0CTCC6X8P			0	DEFAULT	Migrated Template	Inactive
DAIWA SR6-300 PE Line, 12 Strands, SG Dura Sensor x 12EX		0321HDL4QFA	B0CTCCFYLF	146.51	0	2026-03-20 17:17:34 PDT		y	1			11				B0CTCCFYLF						B0CTCCFYLF			0	DEFAULT	Migrated Template	Inactive
DAIWA SR12-300 PE Line, 12 Strands, SG Dura Sensor x 12EX		0321HDHRCTZ	B0CTCCHPG5	140.48	0	2026-03-20 17:17:35 PDT		y	1			11				B0CTCCHPG5						B0CTCCHPG5			0	DEFAULT	Migrated Template	Inactive
Lalo: Orchestral Works - SHM [Audio CD] Lalo / Ansermet, Ernest		1218FX4K6OT	B0CTG6R6ND	54.32	0	2025-12-17 16:39:18 PST		y	1			11				B0CTG6R6ND						B0CTG6R6ND			0	DEFAULT	Venesplo_2601	Inactive
Tiebreak The Official Game of the ATP and WTA PS5 [video game]		0227H2GRC5U	B0CTVWG4BT	159.9	1	2026-02-26 19:40:56 PST		y	1			11				B0CTVWG4BT						B0CTVWG4BT			0	DEFAULT	Migrated Template	Inactive
Makita JV002GZ Cordless Pendulum Jigsaw 40 V Max. (without Battery, without Charger)		0321HDITV15	B0CWBT4CS3	398.53	0	2026-03-20 17:17:34 PDT		y	1			11				B0CWBT4CS3						B0CWBT4CS3			0	DEFAULT	Migrated Template	Inactive
Allbirds Men's Wool Runner Go, Breathable Merino Wool Sneakers - Natural Black (Blizzard Sole) - 10 Medium		0320H8Y0WSK	B0CWLWSDY5	269.57	0	2026-03-19 17:06:33 PDT		y	1			11				B0CWLWSDY5						B0CWLWSDY5			0	DEFAULT	Migrated Template	Inactive
Allbirds Men's Wool Runner Go, Breathable Merino Wool Sneakers - Natural White (Natural White Sole) - 10 Medium		0320H91H9QJ	B0CWLX9NMT	269.57	0	2026-03-19 17:06:33 PDT		y	1			11				B0CWLX9NMT						B0CWLX9NMT			0	DEFAULT	Migrated Template	Inactive
Allbirds Women's Wool Runner Go, Breathable Merino Wool Sneakers - Natural White (Natural White Sole) - 9.5 Medium		0320H8UH23A	B0CWLXB4RR	269.57	0	2026-03-19 17:06:33 PDT		y	1			11				B0CWLXB4RR						B0CWLXB4RR			0	DEFAULT	Migrated Template	Inactive
Allbirds Men's Wool Runner Go, Breathable Merino Wool Sneakers - Natural Black (Blizzard Sole) - 10.5 Medium		0320H8WVKJP	B0CWLXGXMT	269.57	0	2026-03-19 17:06:33 PDT		y	1			11				B0CWLXGXMT						B0CWLXGXMT			0	DEFAULT	Migrated Template	Inactive
Allbirds Men's Wool Runner Go, Breathable Merino Wool Sneakers - Dark Grey (Light Grey Sole) - 8.5 Medium		0320H8UF2R6	B0CWLXJJ16	271.81	0	2026-03-19 17:06:33 PDT		y	1			11				B0CWLXJJ16						B0CWLXJJ16			0	DEFAULT	Migrated Template	Inactive
Allbirds Men's Wool Runner Go, Breathable Merino Wool Sneakers - Natural White (Natural White Sole) - 9 Medium		0320H8Z2FOL	B0CWLXSWXN	269.57	0	2026-03-19 17:06:33 PDT		y	1			11				B0CWLXSWXN						B0CWLXSWXN			0	DEFAULT	Migrated Template	Inactive
Allbirds Men's Wool Runner Go, Breathable Merino Wool Sneakers - Medium Grey (Blizzard Sole) - 9 Medium		0320H93Q9UR	B0CWLYC61Z	269.57	0	2026-03-19 17:06:33 PDT		y	1			11				B0CWLYC61Z						B0CWLYC61Z			0	DEFAULT	Migrated Template	Inactive
Allbirds Men's Wool Runner Go, Breathable Merino Wool Sneakers - Natural Black (Blizzard Sole) - 11 Medium		0320H8WV4XH	B0CWLYXQ2G	269.57	0	2026-03-19 17:06:33 PDT		y	1			11				B0CWLYXQ2G						B0CWLYXQ2G			0	DEFAULT	Migrated Template	Inactive
Allbirds Men's Wool Runner Go, Breathable Merino Wool Sneakers - Dark Grey (Light Grey Sole) - 10 Medium		0320H8Q9TVN	B0CWLZ3P43	269.57	0	2026-03-19 17:06:33 PDT		y	1			11				B0CWLZ3P43						B0CWLZ3P43			0	DEFAULT	Migrated Template	Inactive
Allbirds Men's Wool Runner Go, Breathable Merino Wool Sneakers - Natural White (Natural White Sole) - 9.5 Medium		0320H8W5MKB	B0CWM6PFXW	267.34	0	2026-03-19 17:06:33 PDT		y	1			11				B0CWM6PFXW						B0CWM6PFXW			0	DEFAULT	Migrated Template	Inactive
Allbirds Men's Wool Runner Go, Breathable Merino Wool Sneakers - Natural Black (Blizzard Sole) - 9.5 Medium		0320H91BLOF	B0CWM82267	269.57	0	2026-03-19 17:06:33 PDT		y	1			11				B0CWM82267						B0CWM82267			0	DEFAULT	Migrated Template	Inactive
Allbirds Men's Wool Runner Go, Breathable Merino Wool Sneakers - Deep Navy (True Navy Sole) - 8 Medium		0320H8ZIC00	B0CWM97XN5	269.57	0	2026-03-19 17:06:33 PDT		y	1			11				B0CWM97XN5						B0CWM97XN5			0	DEFAULT	Migrated Template	Inactive
Allbirds Men's Wool Runner Go, Breathable Merino Wool Sneakers - Natural White (Natural White Sole) - 8.5 Medium		0320H8QA7XN	B0CWM9BQQB	269.57	0	2026-03-19 17:06:33 PDT		y	1			11				B0CWM9BQQB						B0CWM9BQQB			0	DEFAULT	Migrated Template	Inactive
Allbirds Men's Wool Runner Go, Breathable Merino Wool Sneakers - Natural Black (Natural Black Sole) - 11.5 Medium		0320H8ZPPGQ	B0CWM9FQ5P	160.61	0	2026-03-19 17:06:33 PDT		y	1			11				B0CWM9FQ5P						B0CWM9FQ5P			0	DEFAULT	Migrated Template	Inactive
Allbirds Men's Wool Runner Go, Breathable Merino Wool Sneakers - Medium Grey (Blizzard Sole) - 10 Medium		0320H8YLD5A	B0CWM9JSFF	269.57	0	2026-03-19 17:06:33 PDT		y	1			11				B0CWM9JSFF						B0CWM9JSFF			0	DEFAULT	Migrated Template	Inactive
Allbirds Men's Wool Runner Go, Breathable Merino Wool Sneakers - Deep Navy (True Navy Sole) - 10 Medium		0320H91N5R6	B0CWMBVFN6	269.57	0	2026-03-19 17:06:33 PDT		y	1			11				B0CWMBVFN6						B0CWMBVFN6			0	DEFAULT	Migrated Template	Inactive
Allbirds Men's Wool Runner Go, Breathable Merino Wool Sneakers - Natural White (Natural White Sole) - 11 Medium		0320H8UH81Y	B0CWMBWNV9	203.92	0	2026-03-19 17:06:33 PDT		y	1			11				B0CWMBWNV9						B0CWMBWNV9			0	DEFAULT	Migrated Template	Inactive
Allbirds Men's Wool Runner Go, Breathable Merino Wool Sneakers - Medium Grey (Blizzard Sole) - 11 Medium		0320H8ZIBZY	B0CWMBWPSY	175.75	0	2026-03-19 17:06:33 PDT		y	1			11				B0CWMBWPSY						B0CWMBWPSY			0	DEFAULT	Migrated Template	Inactive
Allbirds Men's Wool Runner Go, Breathable Merino Wool Sneakers - Dark Grey (Light Grey Sole) - 11 Medium		0320H8UG5R1	B0CWMBZNB1	269.57	0	2026-03-19 17:06:33 PDT		y	1			11				B0CWMBZNB1						B0CWMBZNB1			0	DEFAULT	Migrated Template	Inactive
Allbirds Men's Wool Runner Go, Breathable Merino Wool Sneakers - Natural Black (Blizzard Sole) - 9 Medium		0320H8YIT1Q	B0CWMD5SGT	269.57	0	2026-03-19 17:06:33 PDT		y	1			11				B0CWMD5SGT						B0CWMD5SGT			0	DEFAULT	Migrated Template	Inactive
Allbirds Men's Wool Runner Go, Breathable Merino Wool Sneakers - Medium Grey (Blizzard Sole) - 8 Medium		0320H91RMWJ	B0CWMD9FLT	269.57	0	2026-03-19 17:06:33 PDT		y	1			11				B0CWMD9FLT						B0CWMD9FLT			0	DEFAULT	Migrated Template	Inactive
Allbirds Men's Wool Runner Go, Breathable Merino Wool Sneakers - Medium Grey (Blizzard Sole) - 12 Medium		0320H8WTXTW	B0CWMDH7GS	269.57	0	2026-03-19 17:06:33 PDT		y	1			11				B0CWMDH7GS						B0CWMDH7GS			0	DEFAULT	Migrated Template	Inactive
Allbirds Men's Wool Runner Go, Breathable Merino Wool Sneakers - Deep Navy (True Navy Sole) - 9.5 Medium		0320H8ZK2GV	B0CWMDW27C	269.57	0	2026-03-19 17:06:33 PDT		y	1			11				B0CWMDW27C						B0CWMDW27C			0	DEFAULT	Migrated Template	Inactive
Allbirds Men's Wool Runner Go, Breathable Merino Wool Sneakers - Medium Grey (Blizzard Sole) - 8.5 Medium		0320H90TUNK	B0CWMDYZYR	271.81	0	2026-03-19 17:06:33 PDT		y	1			11				B0CWMDYZYR						B0CWMDYZYR			0	DEFAULT	Migrated Template	Inactive
Allbirds Men's Wool Runner Go, Breathable Merino Wool Sneakers - Natural Black (Natural Black Sole) - 10 Medium		0320H8YHGQQ	B0CWMDZQVP	269.57	0	2026-03-19 17:06:33 PDT		y	1			11				B0CWMDZQVP						B0CWMDZQVP			0	DEFAULT	Migrated Template	Inactive
Allbirds Men's Wool Runner Go, Breathable Merino Wool Sneakers - Natural Black (Natural Black Sole) - 9.5 Medium		0320H91CRVJ	B0CWMF36YC	269.57	0	2026-03-19 17:06:33 PDT		y	1			11				B0CWMF36YC						B0CWMF36YC			0	DEFAULT	Migrated Template	Inactive
Allbirds Men's Wool Runner Go, Breathable Merino Wool Sneakers - Natural White (Natural White Sole) - 10.5 Medium		0320H8UDOAT	B0CWMG9DTX	197.44	0	2026-03-19 17:06:33 PDT		y	1			11				B0CWMG9DTX						B0CWMG9DTX			0	DEFAULT	Migrated Template	Inactive
Allbirds Men's Wool Runner Go, Breathable Merino Wool Sneakers - Dark Grey/Thunder Red (Arid Beige) - 8.5 Medium		0320H8WVF71	B0CWMGC8DK	269.57	0	2026-03-19 17:06:33 PDT		y	1			11				B0CWMGC8DK						B0CWMGC8DK			0	DEFAULT	Migrated Template	Inactive
Allbirds Men's Wool Runner Go, Breathable Merino Wool Sneakers - Natural Black (Natural Black Sole) - 11 Medium		0320H8UG9Q7	B0CWMGC8F7	258.41	0	2026-03-19 17:06:33 PDT		y	1			11				B0CWMGC8F7						B0CWMGC8F7			0	DEFAULT	Migrated Template	Inactive
Allbirds Men's Wool Runner Go, Breathable Merino Wool Sneakers - Dark Grey (Light Grey Sole) - 8 Medium		0320H8UFHRR	B0CWMGTTK6	269.57	0	2026-03-19 17:06:33 PDT		y	1			11				B0CWMGTTK6						B0CWMGTTK6			0	DEFAULT	Migrated Template	Inactive
Allbirds Men's Wool Runner Go, Breathable Merino Wool Sneakers - Natural Black (Blizzard Sole) - 8.5 Medium		0320H8WNN9U	B0CWMGYYRZ	269.57	0	2026-03-19 17:06:33 PDT		y	1			11				B0CWMGYYRZ						B0CWMGYYRZ			0	DEFAULT	Migrated Template	Inactive
Allbirds Men's Wool Runner Go, Breathable Merino Wool Sneakers - Deep Navy (True Navy Sole) - 9 Medium		0320H8ZE1IS	B0CWMH17J6	269.57	0	2026-03-19 17:06:33 PDT		y	1			11				B0CWMH17J6						B0CWMH17J6			0	DEFAULT	Migrated Template	Inactive
Allbirds Men's Wool Runner Go, Breathable Merino Wool Sneakers - Deep Navy (True Navy Sole) - 11 Medium		0320H8W6ZHU	B0CWMJDLNL	269.57	0	2026-03-19 17:06:33 PDT		y	1			11				B0CWMJDLNL						B0CWMJDLNL			0	DEFAULT	Migrated Template	Inactive
Allbirds Men's Wool Runner Go, Breathable Merino Wool Sneakers - Dark Grey/Thunder Red (Arid Beige) - 10 Medium		0320H8QBH2N	B0CWMJG6LH	263.7	0	2026-03-19 17:06:33 PDT		y	1			11				B0CWMJG6LH						B0CWMJG6LH			0	DEFAULT	Migrated Template	Inactive
Allbirds Men's Wool Runner Go, Breathable Merino Wool Sneakers - Dark Grey (Light Grey Sole) - 9 Medium		0320H8UFO1C	B0CWMJSQCG	267.34	0	2026-03-19 17:06:33 PDT		y	1			11				B0CWMJSQCG						B0CWMJSQCG			0	DEFAULT	Migrated Template	Inactive
Allbirds Men's Wool Runner Go, Breathable Merino Wool Sneakers - Natural White (Natural White Sole) - 8 Medium		0320H8Z7T1K	B0CWMKMY34	233.13	0	2026-03-19 17:06:33 PDT		y	1			11				B0CWMKMY34						B0CWMKMY34			0	DEFAULT	Migrated Template	Inactive
Allbirds Men's Wool Runner Go, Breathable Merino Wool Sneakers - Natural Black (Blizzard Sole) - 8 Medium		0320H8UENPV	B0CWMKZPZV	269.57	0	2026-03-19 17:06:33 PDT		y	1			11				B0CWMKZPZV						B0CWMKZPZV			0	DEFAULT	Migrated Template	Inactive
Allbirds Men's Wool Runner Go, Breathable Merino Wool Sneakers - Natural Black (Natural Black Sole) - 8.5 Medium		0320H90TUNM	B0CWMMFT29	269.57	0	2026-03-19 17:06:33 PDT		y	1			11				B0CWMMFT29						B0CWMMFT29			0	DEFAULT	Migrated Template	Inactive
Allbirds Men's Wool Runner Go, Breathable Merino Wool Sneakers - Natural Black (Natural Black Sole) - 12 Medium		0320H8YH6QS	B0CWMQN56K	269.57	0	2026-03-19 17:06:33 PDT		y	1			11				B0CWMQN56K						B0CWMQN56K			0	DEFAULT	Migrated Template	Inactive
Allbirds Men's Wool Runner Go, Breathable Merino Wool Sneakers - Dark Grey/Thunder Red (Arid Beige) - 9 Medium		0320H8Z98PJ	B0CWMQNHPH	269.57	0	2026-03-19 17:06:33 PDT		y	1			11				B0CWMQNHPH						B0CWMQNHPH			0	DEFAULT	Migrated Template	Inactive
Nextorage Japan NEM-PAB 1TB Internal Solid State Drive, M.2 2280 PCIe Gen4 NVMe with Heatsink, Maximum Transfer Rate Read 7400MB/s Write6100MB/s, comaptible with PS5/PS5 Slim/PS5 Pro, NEM-PAB1TB		0320H8YQWIG	B0CXDGKV8M	526.5	0	2026-03-19 17:06:33 PDT		y	1			11				B0CXDGKV8M						B0CXDGKV8M			0	DEFAULT	Migrated Template	Inactive
Poppy Playtime Smiling Critters 14" Toy Plush Doll (CatNap)		0313HJX6444	B0CXVH3NXS	140.26	0	2026-03-12 19:50:44 PDT		y	1			11				B0CXVH3NXS						B0CXVH3NXS			0	DEFAULT	Migrated Template	Inactive
『HUNTER×HUNTER』THE STAGE２ Blu-ray [Blu-ray]		0129HM8C7NJ	B0CXXH9P7D	108.04	0	2026-01-28 16:24:46 PST		y	1			11				B0CXXH9P7D						B0CXXH9P7D			0	DEFAULT	Migrated Template	Inactive
Ibanez Pentatone Noise Gate Pedal		0320H920G7T	B0CXXVP98Z	177.94	0	2026-03-19 17:06:33 PDT		y	1			11				B0CXXVP98Z						B0CXXVP98Z			0	DEFAULT	Migrated Template	Inactive
Ibanez PTEQ Pentatone 5-band Parametric EQ Pedal		0320H8WURXZ	B0CXXW8V12	221.47	0	2026-03-19 17:06:33 PDT		y	1			11				B0CXXW8V12						B0CXXW8V12			0	DEFAULT	Migrated Template	Inactive
DrunkDeer G60 Rapid Trigger Mechanical Gaming Keyboard TKL Magnetic Switch Keyboard RGB PBT Keycaps Compact 60% Layout 61Keys USB Wired，White		0320H8Y4HXA	B0CY4JPF5L	235.23	0	2026-03-19 17:06:33 PDT		y	1			11				B0CY4JPF5L						B0CY4JPF5L			0	DEFAULT	Migrated Template	Inactive
Campagnolo Ekar Gt Shifter & Hydraulic Caliper Black, Right, One Size		0313HK34J27	B0CY7C42C8	358.51	0	2026-03-12 19:50:44 PDT		y	1			11				B0CY7C42C8						B0CY7C42C8			0	DEFAULT	Migrated Template	Inactive
メディコム・トイ(MEDICOM TOY) MAFEX No.238 The Boys Soldier Boy Action Figure Total Height Approx. 6.3 inches (160 mm), Non-scale, Painted		0320H90TUNN	B0CYB4XTSQ	182.63	0	2026-03-19 17:06:33 PDT		y	1			11				B0CYB4XTSQ						B0CYB4XTSQ			0	DEFAULT	Migrated Template	Inactive
Like a Dragon: Goro Majima Battle Style DIGSTA PVC Figure		0313HK3D7QL	B0D19RQ98C	235.27	0	2026-03-12 19:50:44 PDT		y	1			11				B0D19RQ98C						B0D19RQ98C			0	DEFAULT	Migrated Template	Inactive
Sparkle Intel Arc A770 ROC OC Edition, 16GB GDDR6, 2X DBB 100mm Fan, 2.5-Slot, Metal Backplate, SA770R-16GOC		0320H91OUPM	B0D1RGP56Y	675.1	0	2026-03-19 17:06:33 PDT		y	1			11				B0D1RGP56Y						B0D1RGP56Y			0	DEFAULT	Migrated Template	Inactive
Zebra Gel Ballpoint Pen Refill, JF-0.3 Lead, 0.3mm, Sarasa Nano Compatible with Sarasa Grand, Brown Gray, 10 pcs B-RJF3-VEG		0120HSUD9RT	B0D2R84Z63	58.85	0	2026-01-20 01:52:46 PST		y	1			11				B0D2R84Z63						B0D2R84Z63			0	DEFAULT	Migrated Template	Inactive
Zebra JF-0.3 Lead Gel Ballpoint Pen Refill, 0.3mm, Sarasa Nano Compatible with Sarasa Grand, Cassis Black, 10 pcs B-RJF3-VCB		0120HSOUMM0	B0D2R8Q1MH	59.69	0	2026-01-20 01:52:46 PST		y	1			11				B0D2R8Q1MH						B0D2R8Q1MH			0	DEFAULT	Migrated Template	Inactive
Zebra Gel Ballpoint Pen Refill, JF-0.3 Lead, 0.3mm, Sarasa Nano Compatible with Sarasa Grand, Camel Yellow, 10pcs B-RJF3-VCY		0120HSU1KG5	B0D2RCF35Z	51.62	0	2026-01-20 01:52:46 PST		y	1			11				B0D2RCF35Z						B0D2RCF35Z			0	DEFAULT	Migrated Template	Inactive
Three Lenses Borescope Camera 8mm IP67 Waterproof Snake Camera AMTORIN Industrial Endoscope 5''IPS Screen 32GB Memory 16.4FT Semi-Rigid Cable Bore Scope for Home (8mm-5m（0.31 in-16.4 ft） Triple Lens)		0320H8WR0AC	B0D3TV89KV	243.37	0	2026-03-19 17:06:33 PDT		y	1			11				B0D3TV89KV						B0D3TV89KV			0	DEFAULT	Migrated Template	Inactive
UGREEN 4K@60Hz Capture Card, Ultra HD HDMI Video Capture Card 1080P@240Hz USB 3.0 Ultra-Low Latency with VRR and HDR for Streaming, Gaming, Recording Compatible with iPad, Switch 2, PS5, Xbox, PC, Mac		0320H8Y1VHL	B0D4LV836Z	154.54	0	2026-03-19 17:06:33 PDT		y	1			11				B0D4LV836Z						B0D4LV836Z			0	DEFAULT	Migrated Template	Inactive
Azur Lane Statuette PVC 1/6 Agir Golden Dragon Among Auspicious Clouds Ver. 22 cm		0313HJX7SC4	B0D4PT6VTN	367.94	0	2026-03-12 19:50:44 PDT		y	1			11				B0D4PT6VTN						B0D4PT6VTN			0	DEFAULT	Migrated Template	Inactive
Stray Kids 5-Star Dome Tour 2023 [Blu-ray]		1218FX5EYL6	B0D5CTT2J2	101.82	1	2025-12-17 16:39:18 PST		y	1			11				B0D5CTT2J2						B0D5CTT2J2			0	DEFAULT	Venesplo_2601	Inactive
Stray Kids 5-Star Dome Tour 2023 - Limited Edition [Blu-ray]		1218FX4R4OT	B0D5CVX1KF	151.86	0	2025-12-17 16:39:18 PST		y	1			11				B0D5CVX1KF						B0D5CVX1KF			0	DEFAULT	Venesplo_2601	Inactive
ATOTOZONE X10G211E 10" QLED Android Double Din Car Stereo, 8+128G, 4G LTE,Wireless Carplay & Android Auto, AI Voice Assistant,GPS Tracking, Dual Camera inputs & Mic & BT, LRV, 36B-EQ,HDMI Input		0320H8UHRZ2	B0D5R1NHKB	1213.82	0	2026-03-19 17:06:33 PDT		y	1			11				B0D5R1NHKB						B0D5R1NHKB			0	DEFAULT	Migrated Template	Inactive
ATOTOZONE X10G209E 9.35" QLED Android Double Din Car Stereo, 8+128G, 4G LTE,Wireless Carplay & Android Auto, AI Voice Assistant, GPS Tracking, Dual Camera inputs & Mic & BT, LRV, 36B-EQ,HDMI Input		0320H8XW26J	B0D5R1SHZY	1149.83	0	2026-03-19 17:06:33 PDT		y	1			11				B0D5R1SHZY						B0D5R1SHZY			0	DEFAULT	Migrated Template	Inactive
Apsulov: End of Gods -Switch [video game]		0131HVLZKHZ	B0D6R68Y38	73.88	0	2026-01-31 03:56:41 PST		y	1			11				B0D6R68Y38						B0D6R68Y38			0	DEFAULT	Migrated Template	Inactive
Live In London 1969 [Audio CD] The Jimi Hendrix Experience		0131HVNZSFG	B0D6W5MVBP	75.11	0	2026-01-31 03:56:41 PST		y	1			11				B0D6W5MVBP						B0D6W5MVBP			0	DEFAULT	Migrated Template	Inactive
Miho Nakayama Concert Tour 2024 -Deux- [通常版] [Blu-ray] [Blu-ray]		0120HS5ICOQ	B0D7MC82QF	87.27	0	2026-01-20 01:10:21 PST		y	1			11				B0D7MC82QF						B0D7MC82QF			0	DEFAULT	Migrated Template	Inactive
MEGA CAT Project One Piece Nyanpe! Luffy and The Supreme War Edition (Box), Approx. 1.2 inches (30 mm), PVC Pre-Painted Complete Figure		0120HSMX1T4	B0D8KCWJRD	130.96	1	2026-01-20 01:52:46 PST		y	1			11				B0D8KCWJRD						B0D8KCWJRD			0	DEFAULT	Migrated Template	Inactive
Grime -PS5 [video game]		0131HVLVS8R	B0DBPFQKR3	63.63	0	2026-01-31 03:56:41 PST		y	1			11				B0DBPFQKR3						B0DBPFQKR3			0	DEFAULT	Migrated Template	Inactive
7Days Heroes限定版 -PS5 【特典】オリジナルサウンドトラックCD、アクリルキーホルダー、デジタルコンテンツダウンロードカード(アートブック、大百科、短編小説電子書籍)同梱 [video game]		0131HVKYJN5	B0DFY6M692	99.74	0	2026-01-31 03:56:41 PST		y	1			11				B0DFY6M692						B0DFY6M692			0	DEFAULT	Migrated Template	Inactive
7Days Heroes限定版 -PS5 【Amazon.co.jp限定特典】オリジナルデジタル壁紙セット 配信 & 【特典】オリジナルサウンドトラックCD、アクリルキーホルダー、デジタルコンテンツダウンロードカード(アートブック、大百科、短編小説電子書籍)同梱 [video game]		0131HVPVN3G	B0DFY8GFX7	129.97	0	2026-01-31 03:56:41 PST		y	1			11				B0DFY8GFX7						B0DFY8GFX7			0	DEFAULT	Migrated Template	Inactive
7Days Heroes -PS5 【Amazon.co.jp限定特典】オリジナルデジタル壁紙セット 配信 [video game]		0131HVO4ZUB	B0DFYBHNKF	59.26	0	2026-01-31 03:56:41 PST		y	1			11				B0DFYBHNKF						B0DFYBHNKF			0	DEFAULT	Migrated Template	Inactive
Alps/Grand Piano Cover Knit Type/G-UX/For Yamaha C3/Made in Japan Black		0303HH1P7W4	B0DH88CJBR	208.91	1	2026-03-02 18:51:29 PST		y	1			11				B0DH88CJBR						B0DH88CJBR			0	DEFAULT	Migrated Template	Inactive
CSM Fang Memory & Extreme Memory Ver.2 Kamen Rider W Transformation Voice, Special Moves Audio Recording		0313HJZEZLS	B0DJ3JQ5WK	492.37	0	2026-03-12 19:50:44 PDT		y	1			11				B0DJ3JQ5WK						B0DJ3JQ5WK			0	DEFAULT	Migrated Template	Inactive
Unica SDS Extension Shank SDSSK-500SD		0313HK2MV8W	B0DMSDDYZZ	147.5	0	2026-03-12 19:50:44 PDT		y	1			11				B0DMSDDYZZ						B0DMSDDYZZ			0	DEFAULT	Migrated Template	Inactive
ウロボロス王 円環の棋戦 -PS5 【Amazon.co.jp限定特典】オリジナルデジタル壁紙 配信 [video game]		0131HVLX7XQ	B0DNQW956T	50.6	0	2026-01-31 03:56:41 PST		y	1			11				B0DNQW956T						B0DNQW956T			0	DEFAULT	Migrated Template	Inactive
Daiwa SALTIGA 300HL Jigging Bait Reel		0303HGTNBF8	B0DNSGRRKG	497.87	0	2026-03-02 18:51:29 PST		y	1			11				B0DNSGRRKG						B0DNSGRRKG			0	DEFAULT	Migrated Template	Inactive
プロジェクトセカイ COLORFUL LIVE 4th - Unison -〔通常盤〕 [Blu-ray] [Blu-ray]		0129HM6AXER	B0DP1977SZ	100.87	0	2026-01-28 16:24:46 PST		y	1			11				B0DP1977SZ						B0DP1977SZ			0	DEFAULT	Migrated Template	Inactive
Senor Blues [Audio CD] Urbie Green		0129HM6Z13Q	B0DQWWGRQZ	51.79	0	2026-01-28 16:24:46 PST		y	1			11				B0DQWWGRQZ						B0DQWWGRQZ			0	DEFAULT	Migrated Template	Inactive
Voiceease Soundproofing Room with One Hand (Includes Dummy Microphone)		0303HGV1AXX	B0DQZF353D	280.76	1	2026-03-02 18:51:29 PST		y	1			11				B0DQZF353D						B0DQZF353D			0	DEFAULT	Migrated Template	Inactive
Livre LA70-KB41S3 11755 Light Arm 70 B Series with EP41B Knob for Shimano S3 All Black		0313HK0WU3C	B0DSK2G6BR	221.98	0	2026-03-12 19:50:44 PDT		y	1			11				B0DSK2G6BR						B0DSK2G6BR			0	DEFAULT	Migrated Template	Inactive
Livre LA70-KB41DL 11753 Light Arm 70 B Series with EP41B Knob Daiwa DS for Left Hand Winding All Black		0313HJX9VWA	B0DSK3V748	233.38	0	2026-03-12 19:50:44 PDT		y	1			11				B0DSK3V748						B0DSK3V748			0	DEFAULT	Migrated Template	Inactive
Livre LA70-KB41DR 11752 Light Arm 70 B Series with EP41B Knob Daiwa DS Right Winding All Black		0313HK2MV8G	B0DSK3VCBB	233.27	0	2026-03-12 19:50:44 PDT		y	1			11				B0DSK3VCBB						B0DSK3VCBB			0	DEFAULT	Migrated Template	Inactive
Livre LA70-KB41S2 11750 Light Arm 70 B Series with EP41B Knob for Shimano S2 All Black		0313HK124SV	B0DSK3VR4N	242.72	0	2026-03-12 19:50:44 PDT		y	1			11				B0DSK3VR4N						B0DSK3VR4N			0	DEFAULT	Migrated Template	Inactive
Everafter Falls -Switch [video game]		0131HVMJ2KB	B0DW3QJQK8	57.4	0	2026-01-31 03:56:41 PST		y	1			11				B0DW3QJQK8						B0DW3QJQK8			0	DEFAULT	Migrated Template	Inactive
Ibanez SR300EB Standard 4-String Right-Handed Electric Bass Guitar with Jatoba Fretboard, Nyatoh Body, and PowerSpan Pickups (Walnut Flat)		0129HM6B86X	B0DW69XBRM	413.16	0	2026-01-28 16:24:46 PST		y	1			11				B0DW69XBRM						B0DW69XBRM			0	DEFAULT	Migrated Template	Inactive
Layla And Other Assorted Love Songs (50th Anniversary Edition) - SHM Paper Sleeve [Audio CD] Derek and the Dominos and Derek & the Dominos		1218FX4RT5Y	B0DW884XQ4	74.17	1	2025-12-17 16:39:18 PST		y	1			11				B0DW884XQ4						B0DW884XQ4			0	DEFAULT	Venesplo_2601	Inactive
Mizuchi -PS5 【Amazon.co.jp限定特典】オリジナルデジタル壁紙 配信 [video game]		0131HVNQBE7	B0DWXSNXQ8	101.89	0	2026-01-31 03:56:41 PST		y	1			11				B0DWXSNXQ8						B0DWXSNXQ8			0	DEFAULT	Migrated Template	Inactive
Mizuchi -Switch 【Amazon.co.jp限定特典】オリジナルデジタル壁紙 配信 [video game]		0131HVNI7XC	B0DWXT6TV9	85.82	0	2026-01-31 03:56:41 PST		y	1			11				B0DWXT6TV9						B0DWXT6TV9			0	DEFAULT	Migrated Template	Inactive
Zebra P-JJ57-CG Sarasa Grand 0.5mm Relaxation Color Citron Green Gel Ballpoint Pen		0129HM60O5J	B0DYJ2NX7F	51.02	0	2026-01-28 16:24:46 PST		y	1			11				B0DYJ2NX7F						B0DYJ2NX7F			0	DEFAULT	Migrated Template	Inactive
Zebra P-JJ57-SEP Sarasa Grand 0.5mm Relaxation Color Shell Pink Gel Ballpoint Pen		0129HM64OZO	B0DYJ4H5LG	56.63	0	2026-01-28 16:24:46 PST		y	1			11				B0DYJ4H5LG						B0DYJ4H5LG			0	DEFAULT	Migrated Template	Inactive
Zebra Gel Ballpoint Pen Sarasa Nano 0.38mm Snoopy Gray 10pcs B-JJX72-SN2-BK5		0129HM6SBY8	B0F4W1XDDV	62.6	0	2026-01-28 16:24:46 PST		y	1			11				B0F4W1XDDV						B0F4W1XDDV			0	DEFAULT	Migrated Template	Inactive
4:00 A.M. - 2025 Re-edit Version [Vinyl] Ohnuki, Taeko		1224FGNFHHQ	B0F5Q15ZGZ	56.98	0	2025-12-23 17:14:44 PST		y	1			11				B0F5Q15ZGZ						B0F5Q15ZGZ			0	DEFAULT	Venesplo_2601	Inactive
Universe For Sale -PS5 【Amazon.co.jp限定特典】オリジナルデジタル壁紙 配信 [video game]		0131HVMLHMS	B0F6NL58VT	97.45	0	2026-01-31 03:56:41 PST		y	1			11				B0F6NL58VT						B0F6NL58VT			0	DEFAULT	Migrated Template	Inactive
Universe For Sale -Switch [video game]		0131HVLWKVE	B0F6NMYNSD	60.96	0	2026-01-31 03:56:41 PST		y	1			11				B0F6NMYNSD						B0F6NMYNSD			0	DEFAULT	Migrated Template	Inactive
Universe For Sale -Switch 【Amazon.co.jp限定特典】オリジナルデジタル壁紙 配信 [video game]		0131HVPUCLU	B0F6NPPN4Y	87.03	0	2026-01-31 03:56:41 PST		y	1			11				B0F6NPPN4Y						B0F6NPPN4Y			0	DEFAULT	Migrated Template	Inactive
Universe For Sale -PS5 [video game]		0131HVQ12N8	B0F6NQY4F9	51.16	0	2026-01-31 03:56:41 PST		y	1			11				B0F6NQY4F9						B0F6NQY4F9			0	DEFAULT	Migrated Template	Inactive
Astrea: Six-Sided Oracles -Switch 【Amazon.co.jp限定特典】オリジナルデジタル壁紙 配信 [video game]		0131HVN96LS	B0F7Q8WDSG	90.95	0	2026-01-31 03:56:41 PST		y	1			11				B0F7Q8WDSG						B0F7Q8WDSG			0	DEFAULT	Migrated Template	Inactive
Astrea: Six-Sided Oracles -Switch [video game]		0131HVQILF9	B0F7QJR4RQ	68.17	0	2026-01-31 03:56:41 PST		y	1			11				B0F7QJR4RQ						B0F7QJR4RQ			0	DEFAULT	Migrated Template	Inactive
Astrea: Six-Sided Oracles -PS5 【Amazon.co.jp限定特典】オリジナルデジタル壁紙 配信 [video game]		0131HVLY2PP	B0F7QQCJNQ	102.22	0	2026-01-31 03:56:41 PST		y	1			11				B0F7QQCJNQ						B0F7QQCJNQ			0	DEFAULT	Migrated Template	Inactive
Astrea: Six-Sided Oracles -PS5 [video game]		0131HVMN9M2	B0F7QX3137	51.37	0	2026-01-31 03:56:41 PST		y	1			11				B0F7QX3137						B0F7QX3137			0	DEFAULT	Migrated Template	Inactive
Last Time I Saw You -Switch 【Amazon.co.jp限定特典】オリジナルデジタル壁紙 配信 [video game]		0131HVPDQ3P	B0F8MLMSPF	88.8	0	2026-01-31 03:56:41 PST		y	1			11				B0F8MLMSPF						B0F8MLMSPF			0	DEFAULT	Migrated Template	Inactive
Last Time I Saw You -PS5 【Amazon.co.jp限定特典】オリジナルデジタル壁紙 配信 [video game]		0131HVS777I	B0F8MS13HH	99.57	0	2026-01-31 03:56:41 PST		y	1			11				B0F8MS13HH						B0F8MS13HH			0	DEFAULT	Migrated Template	Inactive
OU 愛蔵版 -Switch 【Amazon.co.jp限定グッズセット】オリジナルキャラファインボード(スクエアサイズ) 同梱 & 【Amazon.co.jp限定特典】オリジナルふせん 同梱 & 【特典】OUしおり、特装箱、オリジナルサウンドトラックCD、ピクチャーカードセット、漫画「OUオブシディアナ」 同梱 [video game]		0303HGTP833	B0F8MW2DSR	142.92	0	2026-03-02 18:51:29 PST		y	1			11				B0F8MW2DSR						B0F8MW2DSR			0	DEFAULT	Migrated Template	Inactive
Last Time I Saw You -Switch [video game]		0131HVN8QFE	B0F8MYH786	71.59	0	2026-01-31 03:56:41 PST		y	1			11				B0F8MYH786						B0F8MYH786			0	DEFAULT	Migrated Template	Inactive
Unleash - Limited Color Vinyl [Vinyl] Band-Maid		1218FX6GVC0	B0F9WCMBY3	88.29	1	2025-12-17 16:39:18 PST		y	1			11				B0F9WCMBY3						B0F9WCMBY3			0	DEFAULT	Venesplo_2601	Inactive
Casiopea [Vinyl] Casiopea		1224FGI6SFF	B0FDKLYKK1	125.31	0	2025-12-23 17:14:44 PST		y	1			11				B0FDKLYKK1						B0FDKLYKK1			0	DEFAULT	Venesplo_2601	Inactive
Mint Jams [Vinyl] Casiopea		1224FGLD534	B0FDKPQK6M	135.25	1	2025-12-23 17:14:44 PST		y	1			11				B0FDKPQK6M						B0FDKPQK6M			0	DEFAULT	Venesplo_2601	Inactive
Hobonichi A5 Cousin Cover - Tragen - Red		0120HSFWYQQ	B0FG2MDCKP	105.24	1	2026-01-20 01:52:46 PST		y	1			11				B0FG2MDCKP						B0FG2MDCKP			0	DEFAULT	Migrated Template	Inactive
Magical Delicacy（マジカルデリカシー） -Switch [video game]		0131HVRXA6M	B0FG77VRZZ	66.79	0	2026-01-31 03:56:41 PST		y	1			11				B0FG77VRZZ						B0FG77VRZZ			0	DEFAULT	Migrated Template	Inactive
Selmer Paris 4104060100 Clarinet Mouthpiece		0131HVN549W	B0FK567DN3	293.38	0	2026-01-31 03:56:41 PST		y	1			11				B0FK567DN3						B0FK567DN3			0	DEFAULT	Migrated Template	Inactive
Scooooop [Audio CD] Band-Maid		1218FX8KH1G	B0FMRDZJ59	55.88	1	2025-12-17 16:39:18 PST		y	1			11				B0FMRDZJ59						B0FMRDZJ59			0	DEFAULT	Venesplo_2601	Inactive
Scooooop - Limited Blu-Ray Edition [Audio CD] Band-Maid		1218FX64GT5	B0FMRFJGXP	68.28	1	2025-12-17 16:39:18 PST		y	1			11				B0FMRFJGXP						B0FMRFJGXP			0	DEFAULT	Venesplo_2601	Inactive
Scooooop - Limited DVD Edition [Audio CD] Band-Maid		1218FX8QDYD	B0FMRFXVH6	93.35	1	2025-12-17 16:39:18 PST		y	1			11				B0FMRFXVH6						B0FMRFXVH6			0	DEFAULT	Venesplo_2601	Inactive
Anthology Collection Box - SHM [Audio CD] The Beatles		1218FX6QKFP	B0FN7B6FG2	244.11	1	2025-12-17 16:39:18 PST		y	1			11				B0FN7B6FG2						B0FN7B6FG2			0	DEFAULT	Venesplo_2601	Inactive
Lihit Lab Congress Case Mutual A4 Deep Green A2073-7		0129HM6W604	B0FPKLWRXR	53.1	0	2026-01-28 16:24:46 PST		y	1			11				B0FPKLWRXR						B0FPKLWRXR			0	DEFAULT	Migrated Template	Inactive
Sammy Hagar & The Best Of All Worlds Band - The Residency - SHM [Audio CD] Sammy Hagar		1218FX6H6Q9	B0FQJ472SN	77.91	1	2025-12-17 16:39:18 PST		y	1			11				B0FQJ472SN						B0FQJ472SN			0	DEFAULT	Venesplo_2601	Inactive
Anthology 4 - SHM-CD [Audio CD] The Beatles		1218FX4P7FK	B0FR7VHYC7	77.91	1	2025-12-17 16:39:18 PST		y	1			11				B0FR7VHYC7						B0FR7VHYC7			0	DEFAULT	Venesplo_2601	Inactive
Nightlife / Fighting Box Set - Limited SHM Edition [Audio CD] Phil Lynott + Thin Lizzy and Thin Lizzy		1218FXB204C	B0FS13V3PY	182.98	1	2025-12-17 16:39:18 PST		y	1			11				B0FS13V3PY						B0FS13V3PY			0	DEFAULT	Venesplo_2601	Inactive
Black & Blue - 2025 Mix - Deluxe SHM Edition [Audio CD] The Rolling Stones		1218FX8CMV7	B0FS1R7SYS	122.74	0	2025-12-17 16:39:18 PST		y	1			11				B0FS1R7SYS						B0FS1R7SYS			0	DEFAULT	Venesplo_2601	Inactive
劇場版 うたの☆プリンスさまっ♪ TABOO NIGHT XXXX[通常版] [Blu-ray] [Blu-ray]		0129HM3OQFR	B0FSKDRLMM	84.08	0	2026-01-28 16:24:46 PST		y	1			11				B0FSKDRLMM						B0FSKDRLMM			0	DEFAULT	Migrated Template	Inactive
2024 Ateez World Tour - Towards The Light : Will To Power In Japan [Blu-ray]		1218FX4TDQ9	B0FSSNDX11	148.36	0	2025-12-17 16:39:18 PST		y	1			11				B0FSSNDX11						B0FSSNDX11			0	DEFAULT	Venesplo_2601	Inactive
ダークオークション -PS5 【Amazon.co.jp限定】グッズセット オリジナルアクリルブロック 同梱 & 【Amazon.co.jp限定】特典 証明写真風カード(ノア・ヘル) 同梱 & 【初回特典】ランダムトレーディングカード(全9種) 同梱 [video game]		0303HGZX56R	B0FTSS5ZV4	124.15	0	2026-03-02 18:51:29 PST		y	1			11				B0FTSS5ZV4						B0FTSS5ZV4			0	DEFAULT	Migrated Template	Inactive
East Broadway Rundown - Limited SHM-SACD Edition [Audio CD] Sonny Rollins		1218FX4W0KF	B0FTYN2CDX	73	1	2025-12-17 16:39:18 PST		y	1			11				B0FTYN2CDX						B0FTYN2CDX			0	DEFAULT	Venesplo_2601	Inactive
2015 Japan Tour Box Part 1: Tokyo Show 1. 2. 3 - Limited Edition [Audio CD] King Crimson		1218FX63HOK	B0FTYPS876	141.99	0	2025-12-17 16:39:18 PST		y	1			11				B0FTYPS876						B0FTYPS876			0	DEFAULT	Venesplo_2601	Inactive
BNCF 10.1 inch Android 16 Tablet with Gemini AI丨120Hz HD in-Cell Screen丨Octa-Core丨Widewine L1丨2.4G/5G WiFi+BT 5.0+GPS丨6000mAh丨Bpad 10 SE Sliver		0227H2D5HAZ	B0FWR7BV47	160.23	0	2026-02-26 19:40:56 PST		y	1			11				B0FWR7BV47						B0FWR7BV47			0	DEFAULT	Migrated Template	Inactive
Away [Blu-ray] [Blu-ray]		0129HM8VXMI	B0FX2T6V5T	71.26	0	2026-01-28 16:24:46 PST		y	1			11				B0FX2T6V5T						B0FX2T6V5T			0	DEFAULT	Migrated Template	Inactive
Skater KNBD1-A Die Cut Lunch Bag, Sanrio Sweatshirt Material Pom Pom Pom Pudding for Boys and Girls		1224FGMKRZV	B0FX7TL72Q	53.12	0	2025-12-23 17:14:44 PST		y	1			11				B0FX7TL72Q						B0FX7TL72Q			0	DEFAULT	Venesplo_2601	Inactive
Zebra Sarasa Grand Gel Ink Rollerball Pen, Limited Gift-Packaged Edition, Fine 0.5mm, Water-Based Vintage Ink, Matte Black (P-GF25-JJ57-MTBK)		0129HM3NZA7	B0G2BN7VBL	53.51	0	2026-01-28 16:24:46 PST		y	1			11				B0G2BN7VBL						B0G2BN7VBL			0	DEFAULT	Migrated Template	Inactive
Hugh Tracey KALIMBA Treble 17 Note C Blue Hugh Tracey KALIMBA Treble 17Note C BLUE		0303HGZJ7J2	B0G51CXL95	213.17	0	2026-03-02 18:51:29 PST		y	1			11				B0G51CXL95						B0G51CXL95			0	DEFAULT	Migrated Template	Inactive
Greeting Life 2025 Calendar Animal Die Cut French Bulldog Tabletop C-1633-ET		1211BK7KQP1	JE-MSKC-SQ34	6		2024-12-10 17:24:30 PST		y	1			11				B0DCNTSBNF						B0DCNTSBNF				AMAZON_NA	Venesplo_2601	Inactive
