Transaction Date (取引日),Transaction Type (タイプ),Order ID (オーダーID),Buyer Username (購入者ID),Gross Amount (総額),Final Value Fee (落札手数料),Fixed Fee (固定手数料),International Fee (海外手数料),Total Fee (手数料合計),Net Amount (純額),Currency (通貨),Transaction Status (ステータス),Memo (メモ)
2026-04-14T03:41:26.498Z,SALE,13-14496-96518,calgaryrhonda,359.99,50.29,0.44,4.75,55.48,304.51,USD,FUNDS_ON_HOLD,Funds available within 24 hours of order delivery
2026-04-11T13:44:20.008Z,SALE,01-14502-85044,asadikovic,129.99,19.25,0.44,1.82,21.51,108.48,USD,FUNDS_ON_HOLD,"Funds available within 24 hours of order delivery, Estimated release on Apr 28"
2026-04-08T15:25:32.084Z,NON_SALE_CHARGE,,,0,0,0,0,0,22.74,USD,PAYOUT,Promoted Listings - General fee
2026-04-08T15:21:43.762Z,SALE,27-14450-95719,charl-bisse,389.99,57.75,0.44,5.46,63.65,326.34,USD,FUNDS_ON_HOLD,"Funds available within 24 hours of order delivery, Estimated release on Apr 27"
2026-04-06T17:30:36.462Z,SALE,19-14453-77496,tayloeade0,229.99,35.27,0.44,3.33,39.04,190.95,USD,PAYOUT,
2026-04-06T02:07:39.112Z,NON_SALE_CHARGE,,,0,0,0,0,0,8.93,USD,PAYOUT,Promoted Listings - General fee
2026-04-06T02:02:06.654Z,SALE,26-14440-71841,julicarte-96,149.99,22.68,0.44,2.14,25.26,124.73,USD,PAYOUT,
2026-04-05T22:08:36.336Z,NON_SALE_CHARGE,,,0,0,0,0,0,8.8,USD,PAYOUT,Promoted Listings - General fee
2026-04-05T22:02:57.050Z,SALE,09-14464-41816,ke_4190369,149.99,22.34,0.44,2.11,24.89,125.1,USD,FUNDS_AVAILABLE_FOR_PAYOUT,
2026-04-04T03:55:14.682Z,NON_SALE_CHARGE,,,0,0,0,0,0,14.82,USD,PAYOUT,Promoted Listings - General fee
2026-04-04T03:50:08.070Z,SALE,13-14452-04831,thebestnullcards,250,37.63,0.44,3.55,41.62,208.38,USD,FUNDS_AVAILABLE_FOR_PAYOUT,
2026-04-02T21:14:46.928Z,SALE,04-14459-62947,castelblanco2z2c,298.11,44.56,0.44,4.21,49.21,248.9,USD,PAYOUT,
2026-04-02T21:02:39.117Z,ADJUSTMENT,,,0,0,0,0,0,0.03,USD,PAYOUT,TAX Only Credit
2026-04-01T17:31:02.005Z,NON_SALE_CHARGE,,,0,0,0,0,0,65.95,USD,PAYOUT,2026-03-31 - 2026-04-29
2026-04-01T16:09:29.833Z,NON_SALE_CHARGE,,,0,0,0,0,0,11.09,USD,PAYOUT,Promoted Listings - General fee
2026-04-01T16:05:32.966Z,SALE,10-14444-89541,tedav8944,190.21,28.17,0.44,2.66,31.27,158.94,USD,PAYOUT,
2026-03-31T20:59:37.913Z,NON_SALE_CHARGE,,,0,0,0,0,0,7.62,USD,PAYOUT,Promoted Listings - General fee
2026-03-31T20:56:25.874Z,SALE,07-14446-37830,jechra-0,129.99,19.36,0.44,2.06,21.86,108.13,USD,PAYOUT,
2026-03-31T00:31:15.313Z,NON_SALE_CHARGE,,,0,0,0,0,0,19.05,USD,PAYOUT,Promoted Listings - General fee
2026-03-31T00:28:56.912Z,SALE,06-14444-05433,arr_36949,319.99,48.39,0.44,5.15,53.98,266.01,USD,PAYOUT,
2026-03-29T20:57:03.099Z,NON_SALE_CHARGE,,,0,0,0,0,0,14.71,USD,PAYOUT,Promoted Listings - General fee
2026-03-29T20:46:57.783Z,REFUND,20-14414-18992,cosmofern,249.99,37.37,0.44,3.97,41.78,208.21,USD,PAYOUT,
2026-03-29T02:57:25.170Z,NON_SALE_CHARGE,,,0,0,0,0,0,0.11,USD,PAYOUT,Insertion Fee
2026-03-29T02:56:24.473Z,NON_SALE_CHARGE,,,0,0,0,0,0,0.11,USD,PAYOUT,Insertion Fee
2026-03-29T02:10:29.716Z,NON_SALE_CHARGE,,,0,0,0,0,0,14.71,USD,PAYOUT,Promoted Listings - General fee
2026-03-29T02:06:09.663Z,SALE,20-14414-18992,cosmofern,249.99,37.37,0.44,3.97,41.78,208.21,USD,PAYOUT,
2026-03-29T01:14:33.666Z,NON_SALE_CHARGE,,,0,0,0,0,0,0.11,USD,PAYOUT,Insertion Fee
2026-03-29T01:11:31.852Z,NON_SALE_CHARGE,,,0,0,0,0,0,0.11,USD,PAYOUT,Insertion Fee
2026-03-29T01:09:09.706Z,NON_SALE_CHARGE,,,0,0,0,0,0,0.11,USD,PAYOUT,Insertion Fee
2026-03-29T01:06:32.243Z,NON_SALE_CHARGE,,,0,0,0,0,0,0.11,USD,PAYOUT,Insertion Fee
2026-03-29T01:06:12.677Z,NON_SALE_CHARGE,,,0,0,0,0,0,0.11,USD,PAYOUT,Insertion Fee
2026-03-29T01:05:14.266Z,NON_SALE_CHARGE,,,0,0,0,0,0,0.11,USD,PAYOUT,Insertion Fee
2026-03-29T01:03:54.493Z,NON_SALE_CHARGE,,,0,0,0,0,0,0.11,USD,PAYOUT,Insertion Fee
2026-03-29T01:02:33.154Z,NON_SALE_CHARGE,,,0,0,0,0,0,0.11,USD,PAYOUT,Insertion Fee
2026-03-29T00:58:38.160Z,NON_SALE_CHARGE,,,0,0,0,0,0,0.11,USD,PAYOUT,Insertion Fee
2026-03-29T00:55:12.835Z,NON_SALE_CHARGE,,,0,0,0,0,0,0.11,USD,PAYOUT,Insertion Fee
2026-03-29T00:53:39.341Z,NON_SALE_CHARGE,,,0,0,0,0,0,0.11,USD,PAYOUT,Insertion Fee
2026-03-29T00:49:31.557Z,NON_SALE_CHARGE,,,0,0,0,0,0,0.11,USD,PAYOUT,Insertion Fee
2026-03-29T00:42:32.182Z,NON_SALE_CHARGE,,,0,0,0,0,0,0.11,USD,PAYOUT,Insertion Fee
2026-03-29T00:03:28.523Z,NON_SALE_CHARGE,,,0,0,0,0,0,0.11,USD,PAYOUT,Insertion Fee
2026-03-28T23:20:51.981Z,NON_SALE_CHARGE,,,0,0,0,0,0,0.11,USD,PAYOUT,Insertion Fee
2026-03-28T22:56:04.238Z,NON_SALE_CHARGE,,,0,0,0,0,0,0.11,USD,PAYOUT,Insertion Fee
2026-03-28T22:55:02.463Z,NON_SALE_CHARGE,,,0,0,0,0,0,0.11,USD,PAYOUT,Insertion Fee
2026-03-28T22:53:38.019Z,NON_SALE_CHARGE,,,0,0,0,0,0,0.11,USD,PAYOUT,Insertion Fee
2026-03-28T22:51:32.790Z,NON_SALE_CHARGE,,,0,0,0,0,0,0.11,USD,PAYOUT,Insertion Fee
2026-03-28T22:51:03.501Z,NON_SALE_CHARGE,,,0,0,0,0,0,0.11,USD,PAYOUT,Insertion Fee
2026-03-28T22:50:53.227Z,NON_SALE_CHARGE,,,0,0,0,0,0,0.11,USD,PAYOUT,Insertion Fee
2026-03-28T22:50:52.248Z,NON_SALE_CHARGE,,,0,0,0,0,0,0.11,USD,PAYOUT,Insertion Fee
2026-03-28T22:49:29.040Z,NON_SALE_CHARGE,,,0,0,0,0,0,0.11,USD,PAYOUT,Insertion Fee
2026-03-28T22:49:16.339Z,NON_SALE_CHARGE,,,0,0,0,0,0,0.11,USD,PAYOUT,Insertion Fee
2026-03-28T22:48:36.058Z,NON_SALE_CHARGE,,,0,0,0,0,0,0.11,USD,PAYOUT,Insertion Fee
2026-03-28T22:48:15.559Z,NON_SALE_CHARGE,,,0,0,0,0,0,0.11,USD,PAYOUT,Insertion Fee
2026-03-28T22:48:14.108Z,NON_SALE_CHARGE,,,0,0,0,0,0,0.11,USD,PAYOUT,Insertion Fee
2026-03-28T22:46:32.204Z,NON_SALE_CHARGE,,,0,0,0,0,0,0.11,USD,PAYOUT,Insertion Fee
2026-03-28T22:46:25.190Z,NON_SALE_CHARGE,,,0,0,0,0,0,0.11,USD,PAYOUT,Insertion Fee
2026-03-28T22:45:49.701Z,NON_SALE_CHARGE,,,0,0,0,0,0,0.11,USD,PAYOUT,Insertion Fee
2026-03-28T22:45:48.745Z,NON_SALE_CHARGE,,,0,0,0,0,0,0.11,USD,PAYOUT,Insertion Fee
2026-03-28T22:45:32.221Z,NON_SALE_CHARGE,,,0,0,0,0,0,0.11,USD,PAYOUT,Insertion Fee
2026-03-28T22:45:11.295Z,NON_SALE_CHARGE,,,0,0,0,0,0,0.11,USD,PAYOUT,Insertion Fee
2026-03-28T22:44:17.324Z,NON_SALE_CHARGE,,,0,0,0,0,0,0.11,USD,PAYOUT,Insertion Fee
2026-03-28T22:43:11.415Z,NON_SALE_CHARGE,,,0,0,0,0,0,0.11,USD,PAYOUT,Insertion Fee
2026-03-28T22:42:32.958Z,NON_SALE_CHARGE,,,0,0,0,0,0,0.11,USD,PAYOUT,Insertion Fee
2026-03-28T22:41:33.165Z,NON_SALE_CHARGE,,,0,0,0,0,0,0.11,USD,PAYOUT,Insertion Fee
2026-03-28T22:41:25.092Z,NON_SALE_CHARGE,,,0,0,0,0,0,0.11,USD,PAYOUT,Insertion Fee
2026-03-28T22:40:51.810Z,NON_SALE_CHARGE,,,0,0,0,0,0,0.11,USD,PAYOUT,Insertion Fee
2026-03-28T22:40:48.239Z,NON_SALE_CHARGE,,,0,0,0,0,0,0.11,USD,PAYOUT,Insertion Fee
2026-03-28T22:40:08.871Z,NON_SALE_CHARGE,,,0,0,0,0,0,0.11,USD,PAYOUT,Insertion Fee
2026-03-28T22:39:47.976Z,NON_SALE_CHARGE,,,0,0,0,0,0,0.11,USD,PAYOUT,Insertion Fee
2026-03-28T22:39:32.538Z,NON_SALE_CHARGE,,,0,0,0,0,0,0.11,USD,PAYOUT,Insertion Fee
2026-03-28T22:38:41.157Z,NON_SALE_CHARGE,,,0,0,0,0,0,0.11,USD,PAYOUT,Insertion Fee
2026-03-28T22:38:35.741Z,NON_SALE_CHARGE,,,0,0,0,0,0,0.11,USD,PAYOUT,Insertion Fee
2026-03-28T22:38:14.417Z,NON_SALE_CHARGE,,,0,0,0,0,0,0.11,USD,PAYOUT,Insertion Fee
2026-03-28T22:38:13.326Z,NON_SALE_CHARGE,,,0,0,0,0,0,0.11,USD,PAYOUT,Insertion Fee
2026-03-28T22:38:12.548Z,NON_SALE_CHARGE,,,0,0,0,0,0,0.11,USD,PAYOUT,Insertion Fee
2026-03-28T22:37:32.810Z,NON_SALE_CHARGE,,,0,0,0,0,0,0.11,USD,PAYOUT,Insertion Fee
2026-03-28T22:36:28.528Z,NON_SALE_CHARGE,,,0,0,0,0,0,0.11,USD,PAYOUT,Insertion Fee
2026-03-28T22:35:48.031Z,NON_SALE_CHARGE,,,0,0,0,0,0,0.11,USD,PAYOUT,Insertion Fee
2026-03-28T22:35:46.337Z,NON_SALE_CHARGE,,,0,0,0,0,0,0.11,USD,PAYOUT,Insertion Fee
2026-03-28T22:33:35.877Z,NON_SALE_CHARGE,,,0,0,0,0,0,0.11,USD,PAYOUT,Insertion Fee
2026-03-28T22:33:10.621Z,NON_SALE_CHARGE,,,0,0,0,0,0,0.11,USD,PAYOUT,Insertion Fee
2026-03-28T22:05:15.043Z,NON_SALE_CHARGE,,,0,0,0,0,0,0.11,USD,PAYOUT,Insertion Fee
2026-03-28T22:04:47.318Z,NON_SALE_CHARGE,,,0,0,0,0,0,0.11,USD,PAYOUT,Insertion Fee
2026-03-28T22:03:37.265Z,NON_SALE_CHARGE,,,0,0,0,0,0,0.11,USD,PAYOUT,Insertion Fee
2026-03-28T22:03:08.698Z,NON_SALE_CHARGE,,,0,0,0,0,0,0.11,USD,PAYOUT,Insertion Fee
2026-03-28T22:03:03.515Z,NON_SALE_CHARGE,,,0,0,0,0,0,0.11,USD,PAYOUT,Insertion Fee
2026-03-28T22:02:05.549Z,NON_SALE_CHARGE,,,0,0,0,0,0,0.11,USD,PAYOUT,Insertion Fee
2026-03-28T22:00:59.660Z,NON_SALE_CHARGE,,,0,0,0,0,0,0.11,USD,PAYOUT,Insertion Fee
2026-03-28T20:56:15.792Z,NON_SALE_CHARGE,,,0,0,0,0,0,0.11,USD,PAYOUT,Insertion Fee
2026-03-28T20:43:29.053Z,NON_SALE_CHARGE,,,0,0,0,0,0,0.11,USD,PAYOUT,Insertion Fee
2026-03-28T20:31:43.403Z,NON_SALE_CHARGE,,,0,0,0,0,0,0.11,USD,PAYOUT,Insertion Fee
2026-03-28T20:30:35.539Z,NON_SALE_CHARGE,,,0,0,0,0,0,0.11,USD,PAYOUT,Insertion Fee
2026-03-28T20:26:53.509Z,NON_SALE_CHARGE,,,0,0,0,0,0,0.11,USD,PAYOUT,Insertion Fee
2026-03-28T20:26:08.482Z,NON_SALE_CHARGE,,,0,0,0,0,0,0.11,USD,PAYOUT,Insertion Fee
2026-03-28T20:25:06.567Z,NON_SALE_CHARGE,,,0,0,0,0,0,0.11,USD,PAYOUT,Insertion Fee
2026-03-28T20:24:05.511Z,NON_SALE_CHARGE,,,0,0,0,0,0,0.11,USD,PAYOUT,Insertion Fee
2026-03-28T20:23:43.071Z,NON_SALE_CHARGE,,,0,0,0,0,0,0.11,USD,PAYOUT,Insertion Fee
2026-03-28T20:22:55.021Z,NON_SALE_CHARGE,,,0,0,0,0,0,0.11,USD,PAYOUT,Insertion Fee
2026-03-28T20:20:32.929Z,NON_SALE_CHARGE,,,0,0,0,0,0,0.11,USD,PAYOUT,Insertion Fee
2026-03-28T20:19:37.165Z,NON_SALE_CHARGE,,,0,0,0,0,0,0.11,USD,PAYOUT,Insertion Fee
2026-03-28T20:16:05.168Z,NON_SALE_CHARGE,,,0,0,0,0,0,0.11,USD,PAYOUT,Insertion Fee
2026-03-28T20:15:14.508Z,NON_SALE_CHARGE,,,0,0,0,0,0,0.11,USD,PAYOUT,Insertion Fee
2026-03-28T20:10:18.868Z,NON_SALE_CHARGE,,,0,0,0,0,0,0.11,USD,PAYOUT,Insertion Fee
2026-03-28T20:07:50.520Z,NON_SALE_CHARGE,,,0,0,0,0,0,0.11,USD,PAYOUT,Insertion Fee
2026-03-28T20:05:12.162Z,NON_SALE_CHARGE,,,0,0,0,0,0,0.11,USD,PAYOUT,Insertion Fee
2026-03-28T20:01:28.980Z,NON_SALE_CHARGE,,,0,0,0,0,0,0.11,USD,PAYOUT,Insertion Fee
2026-03-28T20:01:00.790Z,NON_SALE_CHARGE,,,0,0,0,0,0,0.11,USD,PAYOUT,Insertion Fee
2026-03-28T19:58:49.104Z,NON_SALE_CHARGE,,,0,0,0,0,0,0.11,USD,PAYOUT,Insertion Fee
2026-03-28T18:02:12.632Z,NON_SALE_CHARGE,,,0,0,0,0,0,0.11,USD,PAYOUT,Insertion Fee
2026-03-28T17:57:15.596Z,NON_SALE_CHARGE,,,0,0,0,0,0,0.11,USD,PAYOUT,Insertion Fee
2026-03-28T17:52:20.060Z,NON_SALE_CHARGE,,,0,0,0,0,0,0.11,USD,PAYOUT,Insertion Fee
2026-03-28T17:52:06.428Z,NON_SALE_CHARGE,,,0,0,0,0,0,0.11,USD,PAYOUT,Insertion Fee
2026-03-28T17:35:06.211Z,NON_SALE_CHARGE,,,0,0,0,0,0,0.11,USD,PAYOUT,Insertion Fee
2026-03-28T17:32:07.716Z,NON_SALE_CHARGE,,,0,0,0,0,0,0.11,USD,PAYOUT,Insertion Fee
2026-03-28T17:28:45.718Z,NON_SALE_CHARGE,,,0,0,0,0,0,0.11,USD,PAYOUT,Insertion Fee
2026-03-28T17:04:38.309Z,NON_SALE_CHARGE,,,0,0,0,0,0,0.11,USD,PAYOUT,Insertion Fee
2026-03-28T17:02:00.128Z,NON_SALE_CHARGE,,,0,0,0,0,0,0.11,USD,PAYOUT,Insertion Fee
2026-03-28T16:51:45.021Z,NON_SALE_CHARGE,,,0,0,0,0,0,0.11,USD,PAYOUT,Insertion Fee
2026-03-28T16:50:36.615Z,NON_SALE_CHARGE,,,0,0,0,0,0,0.11,USD,PAYOUT,Insertion Fee
2026-03-28T16:46:51.706Z,NON_SALE_CHARGE,,,0,0,0,0,0,0.11,USD,PAYOUT,Insertion Fee
2026-03-28T16:41:09.189Z,NON_SALE_CHARGE,,,0,0,0,0,0,0.11,USD,PAYOUT,Insertion Fee
2026-03-28T16:38:32.296Z,NON_SALE_CHARGE,,,0,0,0,0,0,0.11,USD,PAYOUT,Insertion Fee
2026-03-28T16:37:54.679Z,NON_SALE_CHARGE,,,0,0,0,0,0,0.11,USD,PAYOUT,Insertion Fee
2026-03-28T16:36:47.829Z,NON_SALE_CHARGE,,,0,0,0,0,0,0.11,USD,PAYOUT,Insertion Fee
2026-03-28T16:24:17.015Z,NON_SALE_CHARGE,,,0,0,0,0,0,0.11,USD,PAYOUT,Insertion Fee
2026-03-28T16:24:12.711Z,NON_SALE_CHARGE,,,0,0,0,0,0,0.11,USD,PAYOUT,Insertion Fee
2026-03-28T16:00:51.138Z,NON_SALE_CHARGE,,,0,0,0,0,0,0.11,USD,PAYOUT,Insertion Fee
2026-03-28T15:58:54.863Z,NON_SALE_CHARGE,,,0,0,0,0,0,0.11,USD,PAYOUT,Insertion Fee
2026-03-28T15:56:03.858Z,NON_SALE_CHARGE,,,0,0,0,0,0,0.11,USD,PAYOUT,Insertion Fee
2026-03-28T15:55:48.334Z,NON_SALE_CHARGE,,,0,0,0,0,0,0.11,USD,PAYOUT,Insertion Fee
2026-03-28T15:44:15.780Z,NON_SALE_CHARGE,,,0,0,0,0,0,0.11,USD,PAYOUT,Insertion Fee
2026-03-28T15:09:10.851Z,NON_SALE_CHARGE,,,0,0,0,0,0,0.11,USD,PAYOUT,Insertion Fee
2026-03-28T15:07:21.072Z,NON_SALE_CHARGE,,,0,0,0,0,0,0.11,USD,PAYOUT,Insertion Fee
2026-03-28T15:00:30.912Z,NON_SALE_CHARGE,,,0,0,0,0,0,0.11,USD,PAYOUT,Insertion Fee
2026-03-28T14:55:00.544Z,NON_SALE_CHARGE,,,0,0,0,0,0,0.11,USD,PAYOUT,Insertion Fee
2026-03-28T14:50:18.221Z,NON_SALE_CHARGE,,,0,0,0,0,0,0.11,USD,PAYOUT,Insertion Fee
2026-03-28T14:49:24.539Z,NON_SALE_CHARGE,,,0,0,0,0,0,0.11,USD,PAYOUT,Insertion Fee
2026-03-28T14:49:02.896Z,NON_SALE_CHARGE,,,0,0,0,0,0,0.11,USD,PAYOUT,Insertion Fee
2026-03-28T14:31:59.453Z,NON_SALE_CHARGE,,,0,0,0,0,0,0.11,USD,PAYOUT,Insertion Fee
2026-03-28T14:12:07.905Z,NON_SALE_CHARGE,,,0,0,0,0,0,0.11,USD,PAYOUT,Insertion Fee
2026-03-28T14:09:24.900Z,NON_SALE_CHARGE,,,0,0,0,0,0,13.24,USD,PAYOUT,Promoted Listings - General fee
2026-03-28T14:03:28.949Z,SALE,10-14426-02193,lustg750,225,33.64,0.44,3.58,37.66,187.34,USD,PAYOUT,
2026-03-28T14:03:14.242Z,NON_SALE_CHARGE,,,0,0,0,0,0,0.11,USD,PAYOUT,Insertion Fee
2026-03-28T13:52:02.657Z,NON_SALE_CHARGE,,,0,0,0,0,0,0.11,USD,PAYOUT,Insertion Fee
2026-03-28T13:49:38.667Z,NON_SALE_CHARGE,,,0,0,0,0,0,0.11,USD,PAYOUT,Insertion Fee
2026-03-28T13:48:09.110Z,NON_SALE_CHARGE,,,0,0,0,0,0,0.11,USD,PAYOUT,Insertion Fee
2026-03-28T13:40:53.801Z,NON_SALE_CHARGE,,,0,0,0,0,0,0.11,USD,PAYOUT,Insertion Fee
2026-03-28T13:39:25.575Z,NON_SALE_CHARGE,,,0,0,0,0,0,0.11,USD,PAYOUT,Insertion Fee
2026-03-28T13:38:46.502Z,NON_SALE_CHARGE,,,0,0,0,0,0,0.11,USD,PAYOUT,Insertion Fee
2026-03-28T13:37:29.409Z,NON_SALE_CHARGE,,,0,0,0,0,0,0.11,USD,PAYOUT,Insertion Fee
2026-03-28T13:35:06.115Z,NON_SALE_CHARGE,,,0,0,0,0,0,0.11,USD,PAYOUT,Insertion Fee
2026-03-28T13:33:45.348Z,NON_SALE_CHARGE,,,0,0,0,0,0,0.11,USD,PAYOUT,Insertion Fee
2026-03-28T13:29:47.341Z,NON_SALE_CHARGE,,,0,0,0,0,0,0.11,USD,PAYOUT,Insertion Fee
2026-03-28T13:29:28.119Z,NON_SALE_CHARGE,,,0,0,0,0,0,0.11,USD,PAYOUT,Insertion Fee
2026-03-28T13:24:12.137Z,NON_SALE_CHARGE,,,0,0,0,0,0,0.11,USD,PAYOUT,Insertion Fee
2026-03-28T13:23:24.979Z,NON_SALE_CHARGE,,,0,0,0,0,0,0.11,USD,PAYOUT,Insertion Fee
2026-03-28T13:09:13.061Z,NON_SALE_CHARGE,,,0,0,0,0,0,0.11,USD,PAYOUT,Insertion Fee
2026-03-28T13:04:44.642Z,NON_SALE_CHARGE,,,0,0,0,0,0,0.11,USD,PAYOUT,Insertion Fee
2026-03-28T12:45:24.347Z,NON_SALE_CHARGE,,,0,0,0,0,0,0.11,USD,PAYOUT,Insertion Fee
2026-03-28T12:44:47.843Z,NON_SALE_CHARGE,,,0,0,0,0,0,0.11,USD,PAYOUT,Insertion Fee
2026-03-28T12:44:46.744Z,NON_SALE_CHARGE,,,0,0,0,0,0,0.11,USD,PAYOUT,Insertion Fee
2026-03-28T12:44:23.226Z,NON_SALE_CHARGE,,,0,0,0,0,0,0.11,USD,PAYOUT,Insertion Fee
2026-03-28T12:43:23.662Z,NON_SALE_CHARGE,,,0,0,0,0,0,0.11,USD,PAYOUT,Insertion Fee
2026-03-28T12:25:19.120Z,NON_SALE_CHARGE,,,0,0,0,0,0,0.11,USD,PAYOUT,Insertion Fee
2026-03-28T12:22:45.015Z,NON_SALE_CHARGE,,,0,0,0,0,0,0.11,USD,PAYOUT,Insertion Fee
2026-03-28T11:37:50.194Z,NON_SALE_CHARGE,,,0,0,0,0,0,0.11,USD,PAYOUT,Insertion Fee
2026-03-28T11:31:27.115Z,NON_SALE_CHARGE,,,0,0,0,0,0,0.11,USD,PAYOUT,Insertion Fee
2026-03-28T11:24:51.486Z,NON_SALE_CHARGE,,,0,0,0,0,0,0.11,USD,PAYOUT,Insertion Fee
2026-03-28T11:22:53.776Z,NON_SALE_CHARGE,,,0,0,0,0,0,0.11,USD,PAYOUT,Insertion Fee
2026-03-28T11:16:16.941Z,NON_SALE_CHARGE,,,0,0,0,0,0,0.11,USD,PAYOUT,Insertion Fee
2026-03-28T11:09:49.761Z,NON_SALE_CHARGE,,,0,0,0,0,0,0.11,USD,PAYOUT,Insertion Fee
2026-03-28T11:06:23.396Z,NON_SALE_CHARGE,,,0,0,0,0,0,0.11,USD,PAYOUT,Insertion Fee
2026-03-28T11:05:13.062Z,NON_SALE_CHARGE,,,0,0,0,0,0,0.11,USD,PAYOUT,Insertion Fee
2026-03-28T11:03:26.894Z,NON_SALE_CHARGE,,,0,0,0,0,0,0.11,USD,PAYOUT,Insertion Fee
2026-03-28T10:59:09.490Z,NON_SALE_CHARGE,,,0,0,0,0,0,0.11,USD,PAYOUT,Insertion Fee
2026-03-28T10:51:25.760Z,NON_SALE_CHARGE,,,0,0,0,0,0,0.11,USD,PAYOUT,Insertion Fee
2026-03-28T10:50:11.283Z,NON_SALE_CHARGE,,,0,0,0,0,0,0.11,USD,PAYOUT,Insertion Fee
2026-03-28T10:46:25.029Z,NON_SALE_CHARGE,,,0,0,0,0,0,0.11,USD,PAYOUT,Insertion Fee
2026-03-28T10:45:12.149Z,NON_SALE_CHARGE,,,0,0,0,0,0,0.11,USD,PAYOUT,Insertion Fee
2026-03-28T10:39:55.241Z,NON_SALE_CHARGE,,,0,0,0,0,0,0.11,USD,PAYOUT,Insertion Fee
2026-03-28T10:38:25.319Z,NON_SALE_CHARGE,,,0,0,0,0,0,0.11,USD,PAYOUT,Insertion Fee
2026-03-28T10:37:52.216Z,NON_SALE_CHARGE,,,0,0,0,0,0,0.11,USD,PAYOUT,Insertion Fee
2026-03-28T10:34:45.421Z,NON_SALE_CHARGE,,,0,0,0,0,0,0.11,USD,PAYOUT,Insertion Fee
2026-03-28T10:31:29.372Z,NON_SALE_CHARGE,,,0,0,0,0,0,0.11,USD,PAYOUT,Insertion Fee
2026-03-28T10:30:12.830Z,NON_SALE_CHARGE,,,0,0,0,0,0,0.11,USD,PAYOUT,Insertion Fee
2026-03-28T10:28:13.182Z,NON_SALE_CHARGE,,,0,0,0,0,0,0.11,USD,PAYOUT,Insertion Fee
2026-03-28T10:27:43.168Z,NON_SALE_CHARGE,,,0,0,0,0,0,0.11,USD,PAYOUT,Insertion Fee
2026-03-28T10:27:43.146Z,NON_SALE_CHARGE,,,0,0,0,0,0,0.11,USD,PAYOUT,Insertion Fee
2026-03-28T10:26:23.642Z,NON_SALE_CHARGE,,,0,0,0,0,0,0.11,USD,PAYOUT,Insertion Fee
2026-03-28T10:26:23.511Z,NON_SALE_CHARGE,,,0,0,0,0,0,0.11,USD,PAYOUT,Insertion Fee
2026-03-28T10:24:11.736Z,NON_SALE_CHARGE,,,0,0,0,0,0,0.11,USD,PAYOUT,Insertion Fee
2026-03-28T10:21:32.452Z,NON_SALE_CHARGE,,,0,0,0,0,0,0.11,USD,PAYOUT,Insertion Fee
2026-03-28T10:19:06.466Z,NON_SALE_CHARGE,,,0,0,0,0,0,0.11,USD,PAYOUT,Insertion Fee
2026-03-28T10:18:16.991Z,NON_SALE_CHARGE,,,0,0,0,0,0,0.11,USD,PAYOUT,Insertion Fee
2026-03-28T10:16:34.850Z,NON_SALE_CHARGE,,,0,0,0,0,0,0.11,USD,PAYOUT,Insertion Fee
2026-03-28T10:13:24.439Z,NON_SALE_CHARGE,,,0,0,0,0,0,0.11,USD,PAYOUT,Insertion Fee
2026-03-28T10:13:10.522Z,NON_SALE_CHARGE,,,0,0,0,0,0,0.11,USD,PAYOUT,Insertion Fee
2026-03-28T10:12:44.450Z,NON_SALE_CHARGE,,,0,0,0,0,0,0.11,USD,PAYOUT,Insertion Fee
2026-03-28T10:04:42.495Z,NON_SALE_CHARGE,,,0,0,0,0,0,0.11,USD,PAYOUT,Insertion Fee
2026-03-28T10:02:34.930Z,NON_SALE_CHARGE,,,0,0,0,0,0,0.11,USD,PAYOUT,Insertion Fee
2026-03-28T10:01:31.481Z,NON_SALE_CHARGE,,,0,0,0,0,0,0.11,USD,PAYOUT,Insertion Fee
2026-03-28T09:59:50.702Z,NON_SALE_CHARGE,,,0,0,0,0,0,0.11,USD,PAYOUT,Insertion Fee
2026-03-28T09:57:42.092Z,NON_SALE_CHARGE,,,0,0,0,0,0,0.11,USD,PAYOUT,Insertion Fee
2026-03-28T09:54:42.144Z,NON_SALE_CHARGE,,,0,0,0,0,0,0.11,USD,PAYOUT,Insertion Fee
2026-03-28T09:51:25.057Z,NON_SALE_CHARGE,,,0,0,0,0,0,0.11,USD,PAYOUT,Insertion Fee
2026-03-28T09:48:07.581Z,NON_SALE_CHARGE,,,0,0,0,0,0,0.11,USD,PAYOUT,Insertion Fee
2026-03-28T09:47:40.705Z,NON_SALE_CHARGE,,,0,0,0,0,0,0.11,USD,PAYOUT,Insertion Fee
2026-03-28T09:46:10.482Z,NON_SALE_CHARGE,,,0,0,0,0,0,0.11,USD,PAYOUT,Insertion Fee
2026-03-28T09:40:08.924Z,NON_SALE_CHARGE,,,0,0,0,0,0,0.11,USD,PAYOUT,Insertion Fee
2026-03-28T09:39:54.396Z,NON_SALE_CHARGE,,,0,0,0,0,0,0.11,USD,PAYOUT,Insertion Fee
2026-03-28T09:38:16.849Z,NON_SALE_CHARGE,,,0,0,0,0,0,0.11,USD,PAYOUT,Insertion Fee
2026-03-28T09:37:00.790Z,NON_SALE_CHARGE,,,0,0,0,0,0,0.11,USD,PAYOUT,Insertion Fee
2026-03-28T09:36:55.078Z,NON_SALE_CHARGE,,,0,0,0,0,0,0.11,USD,PAYOUT,Insertion Fee
2026-03-28T09:36:41.304Z,NON_SALE_CHARGE,,,0,0,0,0,0,0.11,USD,PAYOUT,Insertion Fee
2026-03-28T09:34:26.356Z,NON_SALE_CHARGE,,,0,0,0,0,0,0.11,USD,PAYOUT,Insertion Fee
2026-03-28T09:33:41.020Z,NON_SALE_CHARGE,,,0,0,0,0,0,0.11,USD,PAYOUT,Insertion Fee
2026-03-28T09:31:48.451Z,NON_SALE_CHARGE,,,0,0,0,0,0,0.11,USD,PAYOUT,Insertion Fee
2026-03-28T09:30:20.940Z,NON_SALE_CHARGE,,,0,0,0,0,0,0.11,USD,PAYOUT,Insertion Fee
2026-03-28T09:27:38.756Z,NON_SALE_CHARGE,,,0,0,0,0,0,0.11,USD,PAYOUT,Insertion Fee
2026-03-28T09:19:39.427Z,NON_SALE_CHARGE,,,0,0,0,0,0,0.11,USD,PAYOUT,Insertion Fee
2026-03-28T09:17:39.997Z,NON_SALE_CHARGE,,,0,0,0,0,0,0.11,USD,PAYOUT,Insertion Fee
2026-03-28T09:12:34.407Z,NON_SALE_CHARGE,,,0,0,0,0,0,0.11,USD,PAYOUT,Insertion Fee
2026-03-28T09:10:04.580Z,NON_SALE_CHARGE,,,0,0,0,0,0,0.11,USD,PAYOUT,Insertion Fee
2026-03-28T09:05:51.043Z,NON_SALE_CHARGE,,,0,0,0,0,0,0.11,USD,PAYOUT,Insertion Fee
2026-03-28T09:02:34.219Z,NON_SALE_CHARGE,,,0,0,0,0,0,0.11,USD,PAYOUT,Insertion Fee
2026-03-28T08:58:25.514Z,NON_SALE_CHARGE,,,0,0,0,0,0,0.11,USD,PAYOUT,Insertion Fee
2026-03-28T08:48:23.250Z,NON_SALE_CHARGE,,,0,0,0,0,0,0.11,USD,PAYOUT,Insertion Fee
2026-03-28T08:45:04.929Z,NON_SALE_CHARGE,,,0,0,0,0,0,0.11,USD,PAYOUT,Insertion Fee
2026-03-28T08:38:35.527Z,NON_SALE_CHARGE,,,0,0,0,0,0,0.11,USD,PAYOUT,Insertion Fee
2026-03-28T08:36:49.177Z,NON_SALE_CHARGE,,,0,0,0,0,0,0.11,USD,PAYOUT,Insertion Fee
2026-03-28T08:33:44.373Z,NON_SALE_CHARGE,,,0,0,0,0,0,0.11,USD,PAYOUT,Insertion Fee
2026-03-28T08:29:57.731Z,NON_SALE_CHARGE,,,0,0,0,0,0,0.11,USD,PAYOUT,Insertion Fee
2026-03-28T08:28:31.790Z,NON_SALE_CHARGE,,,0,0,0,0,0,0.11,USD,PAYOUT,Insertion Fee
2026-03-28T08:25:01.403Z,NON_SALE_CHARGE,,,0,0,0,0,0,0.11,USD,PAYOUT,Insertion Fee
2026-03-28T08:23:31.764Z,NON_SALE_CHARGE,,,0,0,0,0,0,0.11,USD,PAYOUT,Insertion Fee
2026-03-28T08:22:34.397Z,NON_SALE_CHARGE,,,0,0,0,0,0,0.11,USD,PAYOUT,Insertion Fee
2026-03-28T08:21:47.603Z,NON_SALE_CHARGE,,,0,0,0,0,0,0.11,USD,PAYOUT,Insertion Fee
2026-03-28T08:19:55.014Z,NON_SALE_CHARGE,,,0,0,0,0,0,0.11,USD,PAYOUT,Insertion Fee
2026-03-28T08:17:15.438Z,NON_SALE_CHARGE,,,0,0,0,0,0,0.11,USD,PAYOUT,Insertion Fee
2026-03-28T08:13:36.375Z,NON_SALE_CHARGE,,,0,0,0,0,0,0.11,USD,PAYOUT,Insertion Fee
2026-03-28T08:12:16.174Z,NON_SALE_CHARGE,,,0,0,0,0,0,0.11,USD,PAYOUT,Insertion Fee
2026-03-28T08:06:48.046Z,NON_SALE_CHARGE,,,0,0,0,0,0,0.11,USD,PAYOUT,Insertion Fee
2026-03-28T07:54:23.384Z,NON_SALE_CHARGE,,,0,0,0,0,0,0.11,USD,PAYOUT,Insertion Fee
2026-03-28T07:51:41.514Z,NON_SALE_CHARGE,,,0,0,0,0,0,0.11,USD,PAYOUT,Insertion Fee
2026-03-28T07:48:24.800Z,NON_SALE_CHARGE,,,0,0,0,0,0,0.11,USD,PAYOUT,Insertion Fee
2026-03-28T07:47:19.356Z,NON_SALE_CHARGE,,,0,0,0,0,0,0.11,USD,PAYOUT,Insertion Fee
2026-03-28T07:46:46.980Z,NON_SALE_CHARGE,,,0,0,0,0,0,0.11,USD,PAYOUT,Insertion Fee
2026-03-28T07:45:42.321Z,NON_SALE_CHARGE,,,0,0,0,0,0,0.11,USD,PAYOUT,Insertion Fee
2026-03-28T07:43:35.297Z,NON_SALE_CHARGE,,,0,0,0,0,0,0.11,USD,PAYOUT,Insertion Fee
2026-03-28T07:42:06.295Z,NON_SALE_CHARGE,,,0,0,0,0,0,0.11,USD,PAYOUT,Insertion Fee
2026-03-28T07:41:30.006Z,NON_SALE_CHARGE,,,0,0,0,0,0,0.11,USD,PAYOUT,Insertion Fee
2026-03-28T07:39:55.317Z,NON_SALE_CHARGE,,,0,0,0,0,0,0.11,USD,PAYOUT,Insertion Fee
2026-03-28T07:39:40.013Z,NON_SALE_CHARGE,,,0,0,0,0,0,0.11,USD,PAYOUT,Insertion Fee
2026-03-28T07:38:27.227Z,NON_SALE_CHARGE,,,0,0,0,0,0,0.11,USD,PAYOUT,Insertion Fee
2026-03-28T07:36:26.300Z,NON_SALE_CHARGE,,,0,0,0,0,0,0.11,USD,PAYOUT,Insertion Fee
2026-03-28T07:34:21.803Z,NON_SALE_CHARGE,,,0,0,0,0,0,0.11,USD,PAYOUT,Insertion Fee
2026-03-28T07:33:25.960Z,NON_SALE_CHARGE,,,0,0,0,0,0,0.11,USD,PAYOUT,Insertion Fee
2026-03-28T07:32:07.594Z,NON_SALE_CHARGE,,,0,0,0,0,0,0.11,USD,PAYOUT,Insertion Fee
2026-03-28T07:31:34.920Z,NON_SALE_CHARGE,,,0,0,0,0,0,0.11,USD,PAYOUT,Insertion Fee
2026-03-28T07:30:37.699Z,NON_SALE_CHARGE,,,0,0,0,0,0,0.11,USD,PAYOUT,Insertion Fee
2026-03-28T07:29:31.970Z,NON_SALE_CHARGE,,,0,0,0,0,0,0.11,USD,PAYOUT,Insertion Fee
2026-03-28T07:28:30.448Z,NON_SALE_CHARGE,,,0,0,0,0,0,0.11,USD,PAYOUT,Insertion Fee
2026-03-28T07:26:24.851Z,NON_SALE_CHARGE,,,0,0,0,0,0,0.11,USD,PAYOUT,Insertion Fee
2026-03-28T07:24:27.462Z,NON_SALE_CHARGE,,,0,0,0,0,0,0.11,USD,PAYOUT,Insertion Fee
2026-03-28T07:22:32.811Z,NON_SALE_CHARGE,,,0,0,0,0,0,0.11,USD,PAYOUT,Insertion Fee
2026-03-28T07:22:06.425Z,NON_SALE_CHARGE,,,0,0,0,0,0,0.11,USD,PAYOUT,Insertion Fee
2026-03-28T07:21:27.289Z,NON_SALE_CHARGE,,,0,0,0,0,0,0.11,USD,PAYOUT,Insertion Fee
2026-03-28T07:20:38.090Z,NON_SALE_CHARGE,,,0,0,0,0,0,0.11,USD,PAYOUT,Insertion Fee
2026-03-28T07:19:54.622Z,NON_SALE_CHARGE,,,0,0,0,0,0,0.11,USD,PAYOUT,Insertion Fee
2026-03-28T07:19:19.907Z,NON_SALE_CHARGE,,,0,0,0,0,0,0.11,USD,PAYOUT,Insertion Fee
2026-03-28T07:18:26.213Z,NON_SALE_CHARGE,,,0,0,0,0,0,0.11,USD,PAYOUT,Insertion Fee
2026-03-28T07:16:25.495Z,NON_SALE_CHARGE,,,0,0,0,0,0,0.11,USD,PAYOUT,Insertion Fee
2026-03-28T07:16:24.359Z,NON_SALE_CHARGE,,,0,0,0,0,0,0.11,USD,PAYOUT,Insertion Fee
2026-03-28T07:14:19.284Z,NON_SALE_CHARGE,,,0,0,0,0,0,0.11,USD,PAYOUT,Insertion Fee
2026-03-28T07:13:22.856Z,NON_SALE_CHARGE,,,0,0,0,0,0,0.11,USD,PAYOUT,Insertion Fee
2026-03-28T07:09:56.252Z,NON_SALE_CHARGE,,,0,0,0,0,0,0.11,USD,PAYOUT,Insertion Fee
2026-03-28T07:08:22.679Z,NON_SALE_CHARGE,,,0,0,0,0,0,0.11,USD,PAYOUT,Insertion Fee
2026-03-28T07:08:21.737Z,NON_SALE_CHARGE,,,0,0,0,0,0,0.11,USD,PAYOUT,Insertion Fee
2026-03-28T07:07:21.001Z,NON_SALE_CHARGE,,,0,0,0,0,0,0.11,USD,PAYOUT,Insertion Fee
2026-03-28T07:05:35.176Z,NON_SALE_CHARGE,,,0,0,0,0,0,0.11,USD,PAYOUT,Insertion Fee
2026-03-28T07:04:20.471Z,NON_SALE_CHARGE,,,0,0,0,0,0,0.11,USD,PAYOUT,Insertion Fee
2026-03-28T07:03:26.275Z,NON_SALE_CHARGE,,,0,0,0,0,0,0.11,USD,PAYOUT,Insertion Fee
2026-03-28T07:03:21.179Z,NON_SALE_CHARGE,,,0,0,0,0,0,0.11,USD,PAYOUT,Insertion Fee
2026-03-28T07:02:05.152Z,NON_SALE_CHARGE,,,0,0,0,0,0,0.11,USD,PAYOUT,Insertion Fee
2026-03-28T07:01:24.039Z,NON_SALE_CHARGE,,,0,0,0,0,0,0.11,USD,PAYOUT,Insertion Fee
2026-03-28T06:59:57.385Z,NON_SALE_CHARGE,,,0,0,0,0,0,0.11,USD,PAYOUT,Insertion Fee
2026-03-28T06:59:18.332Z,NON_SALE_CHARGE,,,0,0,0,0,0,0.11,USD,PAYOUT,Insertion Fee
2026-03-28T06:58:21.596Z,NON_SALE_CHARGE,,,0,0,0,0,0,0.11,USD,PAYOUT,Insertion Fee
2026-03-28T06:56:50.112Z,NON_SALE_CHARGE,,,0,0,0,0,0,0.11,USD,PAYOUT,Insertion Fee
2026-03-28T06:56:27.460Z,NON_SALE_CHARGE,,,0,0,0,0,0,0.11,USD,PAYOUT,Insertion Fee
2026-03-28T06:54:57.909Z,NON_SALE_CHARGE,,,0,0,0,0,0,0.11,USD,PAYOUT,Insertion Fee
2026-03-28T06:53:27.396Z,NON_SALE_CHARGE,,,0,0,0,0,0,0.11,USD,PAYOUT,Insertion Fee
2026-03-28T06:51:45.797Z,NON_SALE_CHARGE,,,0,0,0,0,0,0.11,USD,PAYOUT,Insertion Fee
2026-03-28T06:44:52.476Z,NON_SALE_CHARGE,,,0,0,0,0,0,0.11,USD,PAYOUT,Insertion Fee
2026-03-28T06:44:15.959Z,NON_SALE_CHARGE,,,0,0,0,0,0,0.11,USD,PAYOUT,Insertion Fee
2026-03-28T06:43:35.796Z,NON_SALE_CHARGE,,,0,0,0,0,0,0.11,USD,PAYOUT,Insertion Fee
2026-03-28T06:40:00.678Z,NON_SALE_CHARGE,,,0,0,0,0,0,0.11,USD,PAYOUT,Insertion Fee
2026-03-28T06:38:30.682Z,NON_SALE_CHARGE,,,0,0,0,0,0,0.11,USD,PAYOUT,Insertion Fee
2026-03-28T06:38:26.668Z,NON_SALE_CHARGE,,,0,0,0,0,0,0.11,USD,PAYOUT,Insertion Fee
2026-03-28T06:34:27.085Z,NON_SALE_CHARGE,,,0,0,0,0,0,0.11,USD,PAYOUT,Insertion Fee
2026-03-28T06:33:23.374Z,NON_SALE_CHARGE,,,0,0,0,0,0,0.11,USD,PAYOUT,Insertion Fee
2026-03-28T06:33:20.769Z,NON_SALE_CHARGE,,,0,0,0,0,0,0.11,USD,PAYOUT,Insertion Fee
2026-03-28T06:32:31.233Z,NON_SALE_CHARGE,,,0,0,0,0,0,0.11,USD,PAYOUT,Insertion Fee
2026-03-28T06:31:17.836Z,NON_SALE_CHARGE,,,0,0,0,0,0,0.11,USD,PAYOUT,Insertion Fee
2026-03-28T06:30:33.257Z,NON_SALE_CHARGE,,,0,0,0,0,0,0.11,USD,PAYOUT,Insertion Fee
2026-03-28T06:29:14.463Z,NON_SALE_CHARGE,,,0,0,0,0,0,0.11,USD,PAYOUT,Insertion Fee
2026-03-28T06:28:25.231Z,NON_SALE_CHARGE,,,0,0,0,0,0,0.11,USD,PAYOUT,Insertion Fee
2026-03-28T06:25:38.296Z,NON_SALE_CHARGE,,,0,0,0,0,0,0.11,USD,PAYOUT,Insertion Fee
2026-03-28T06:24:21.883Z,NON_SALE_CHARGE,,,0,0,0,0,0,0.11,USD,PAYOUT,Insertion Fee
2026-03-28T06:24:18.007Z,NON_SALE_CHARGE,,,0,0,0,0,0,0.11,USD,PAYOUT,Insertion Fee
2026-03-28T06:22:06.597Z,NON_SALE_CHARGE,,,0,0,0,0,0,0.11,USD,PAYOUT,Insertion Fee
2026-03-28T06:21:17.816Z,NON_SALE_CHARGE,,,0,0,0,0,0,0.11,USD,PAYOUT,Insertion Fee
2026-03-28T06:20:36.833Z,NON_SALE_CHARGE,,,0,0,0,0,0,0.11,USD,PAYOUT,Insertion Fee
2026-03-28T06:20:09.574Z,NON_SALE_CHARGE,,,0,0,0,0,0,0.11,USD,PAYOUT,Insertion Fee
2026-03-28T06:19:53.966Z,NON_SALE_CHARGE,,,0,0,0,0,0,0.11,USD,PAYOUT,Insertion Fee
2026-03-28T06:19:09.917Z,NON_SALE_CHARGE,,,0,0,0,0,0,0.11,USD,PAYOUT,Insertion Fee
2026-03-28T06:18:25.762Z,NON_SALE_CHARGE,,,0,0,0,0,0,0.11,USD,PAYOUT,Insertion Fee
2026-03-28T06:17:29.942Z,NON_SALE_CHARGE,,,0,0,0,0,0,0.11,USD,PAYOUT,Insertion Fee
2026-03-28T06:17:18.576Z,NON_SALE_CHARGE,,,0,0,0,0,0,0.11,USD,PAYOUT,Insertion Fee
2026-03-28T06:14:57.439Z,NON_SALE_CHARGE,,,0,0,0,0,0,0.11,USD,PAYOUT,Insertion Fee
2026-03-28T06:13:23.134Z,NON_SALE_CHARGE,,,0,0,0,0,0,0.11,USD,PAYOUT,Insertion Fee
2026-03-28T06:12:29.402Z,NON_SALE_CHARGE,,,0,0,0,0,0,0.11,USD,PAYOUT,Insertion Fee
2026-03-28T06:11:51.857Z,NON_SALE_CHARGE,,,0,0,0,0,0,0.11,USD,PAYOUT,Insertion Fee
2026-03-28T06:11:48.717Z,NON_SALE_CHARGE,,,0,0,0,0,0,0.11,USD,PAYOUT,Insertion Fee
2026-03-28T06:11:19.049Z,NON_SALE_CHARGE,,,0,0,0,0,0,0.11,USD,PAYOUT,Insertion Fee
2026-03-28T06:10:30.721Z,NON_SALE_CHARGE,,,0,0,0,0,0,0.11,USD,PAYOUT,Insertion Fee
2026-03-28T06:09:56.529Z,NON_SALE_CHARGE,,,0,0,0,0,0,0.11,USD,PAYOUT,Insertion Fee
2026-03-28T06:09:20.944Z,NON_SALE_CHARGE,,,0,0,0,0,0,0.11,USD,PAYOUT,Insertion Fee
2026-03-28T06:09:15.842Z,NON_SALE_CHARGE,,,0,0,0,0,0,0.11,USD,PAYOUT,Insertion Fee
2026-03-28T06:09:11.469Z,NON_SALE_CHARGE,,,0,0,0,0,0,0.11,USD,PAYOUT,Insertion Fee
2026-03-28T06:06:47.671Z,NON_SALE_CHARGE,,,0,0,0,0,0,0.11,USD,PAYOUT,Insertion Fee
2026-03-28T06:05:31.054Z,NON_SALE_CHARGE,,,0,0,0,0,0,0.11,USD,PAYOUT,Insertion Fee
2026-03-28T06:02:17.828Z,NON_SALE_CHARGE,,,0,0,0,0,0,0.11,USD,PAYOUT,Insertion Fee
2026-03-28T06:01:20.359Z,NON_SALE_CHARGE,,,0,0,0,0,0,0.11,USD,PAYOUT,Insertion Fee
2026-03-28T06:00:30.651Z,NON_SALE_CHARGE,,,0,0,0,0,0,0.11,USD,PAYOUT,Insertion Fee
2026-03-28T05:59:53.791Z,NON_SALE_CHARGE,,,0,0,0,0,0,0.11,USD,PAYOUT,Insertion Fee
2026-03-28T05:59:08.116Z,NON_SALE_CHARGE,,,0,0,0,0,0,0.11,USD,PAYOUT,Insertion Fee
2026-03-28T05:58:23.607Z,NON_SALE_CHARGE,,,0,0,0,0,0,0.11,USD,PAYOUT,Insertion Fee
2026-03-28T05:56:45.537Z,NON_SALE_CHARGE,,,0,0,0,0,0,0.11,USD,PAYOUT,Insertion Fee
2026-03-28T05:54:57.808Z,NON_SALE_CHARGE,,,0,0,0,0,0,0.11,USD,PAYOUT,Insertion Fee
2026-03-28T05:50:29.423Z,NON_SALE_CHARGE,,,0,0,0,0,0,0.11,USD,PAYOUT,Insertion Fee
2026-03-28T05:49:51.145Z,NON_SALE_CHARGE,,,0,0,0,0,0,0.11,USD,PAYOUT,Insertion Fee
2026-03-28T05:49:51.086Z,NON_SALE_CHARGE,,,0,0,0,0,0,0.11,USD,PAYOUT,Insertion Fee
2026-03-28T05:48:19.691Z,NON_SALE_CHARGE,,,0,0,0,0,0,0.11,USD,PAYOUT,Insertion Fee
2026-03-28T05:46:48.053Z,NON_SALE_CHARGE,,,0,0,0,0,0,0.11,USD,PAYOUT,Insertion Fee
2026-03-28T05:46:44.589Z,NON_SALE_CHARGE,,,0,0,0,0,0,0.11,USD,PAYOUT,Insertion Fee
2026-03-28T05:46:18.488Z,NON_SALE_CHARGE,,,0,0,0,0,0,0.11,USD,PAYOUT,Insertion Fee
2026-03-28T05:44:55.975Z,NON_SALE_CHARGE,,,0,0,0,0,0,0.11,USD,PAYOUT,Insertion Fee
2026-03-28T05:44:06.641Z,NON_SALE_CHARGE,,,0,0,0,0,0,0.11,USD,PAYOUT,Insertion Fee
2026-03-28T05:43:26.508Z,NON_SALE_CHARGE,,,0,0,0,0,0,0.11,USD,PAYOUT,Insertion Fee
2026-03-28T05:36:50.388Z,NON_SALE_CHARGE,,,0,0,0,0,0,0.11,USD,PAYOUT,Insertion Fee
2026-03-28T05:29:05.729Z,NON_SALE_CHARGE,,,0,0,0,0,0,0.11,USD,PAYOUT,Insertion Fee
2026-03-28T05:27:05.395Z,NON_SALE_CHARGE,,,0,0,0,0,0,0.11,USD,PAYOUT,Insertion Fee
2026-03-28T05:27:04.797Z,NON_SALE_CHARGE,,,0,0,0,0,0,0.11,USD,PAYOUT,Insertion Fee
2026-03-28T05:25:28.909Z,NON_SALE_CHARGE,,,0,0,0,0,0,0.11,USD,PAYOUT,Insertion Fee
2026-03-28T05:25:27.897Z,NON_SALE_CHARGE,,,0,0,0,0,0,0.11,USD,PAYOUT,Insertion Fee
2026-03-28T05:23:29.917Z,NON_SALE_CHARGE,,,0,0,0,0,0,0.11,USD,PAYOUT,Insertion Fee
2026-03-28T05:23:18.223Z,NON_SALE_CHARGE,,,0,0,0,0,0,0.11,USD,PAYOUT,Insertion Fee
2026-03-28T05:22:18.509Z,NON_SALE_CHARGE,,,0,0,0,0,0,0.11,USD,PAYOUT,Insertion Fee
2026-03-28T05:21:57.126Z,NON_SALE_CHARGE,,,0,0,0,0,0,0.11,USD,PAYOUT,Insertion Fee
2026-03-28T05:21:45.596Z,NON_SALE_CHARGE,,,0,0,0,0,0,0.11,USD,PAYOUT,Insertion Fee
2026-03-28T05:21:17.505Z,NON_SALE_CHARGE,,,0,0,0,0,0,0.11,USD,PAYOUT,Insertion Fee
2026-03-28T05:21:14.629Z,NON_SALE_CHARGE,,,0,0,0,0,0,0.11,USD,PAYOUT,Insertion Fee
2026-03-28T05:19:55.914Z,NON_SALE_CHARGE,,,0,0,0,0,0,0.11,USD,PAYOUT,Insertion Fee
2026-03-28T05:19:15.785Z,NON_SALE_CHARGE,,,0,0,0,0,0,0.11,USD,PAYOUT,Insertion Fee
2026-03-28T05:18:18.820Z,NON_SALE_CHARGE,,,0,0,0,0,0,0.11,USD,PAYOUT,Insertion Fee
2026-03-28T05:18:17.236Z,NON_SALE_CHARGE,,,0,0,0,0,0,0.11,USD,PAYOUT,Insertion Fee
2026-03-28T05:14:16.206Z,NON_SALE_CHARGE,,,0,0,0,0,0,0.11,USD,PAYOUT,Insertion Fee
2026-03-28T05:11:11.351Z,NON_SALE_CHARGE,,,0,0,0,0,0,0.11,USD,PAYOUT,Insertion Fee
2026-03-28T05:10:26.047Z,NON_SALE_CHARGE,,,0,0,0,0,0,0.11,USD,PAYOUT,Insertion Fee
2026-03-28T05:09:51.952Z,NON_SALE_CHARGE,,,0,0,0,0,0,0.11,USD,PAYOUT,Insertion Fee
2026-03-28T05:09:04.115Z,NON_SALE_CHARGE,,,0,0,0,0,0,0.11,USD,PAYOUT,Insertion Fee
2026-03-28T05:09:03.817Z,NON_SALE_CHARGE,,,0,0,0,0,0,0.11,USD,PAYOUT,Insertion Fee
2026-03-28T05:09:01.993Z,NON_SALE_CHARGE,,,0,0,0,0,0,0.11,USD,PAYOUT,Insertion Fee
2026-03-28T05:07:28.199Z,NON_SALE_CHARGE,,,0,0,0,0,0,0.11,USD,PAYOUT,Insertion Fee
2026-03-28T05:06:11.519Z,NON_SALE_CHARGE,,,0,0,0,0,0,0.11,USD,PAYOUT,Insertion Fee
2026-03-28T05:05:26.107Z,NON_SALE_CHARGE,,,0,0,0,0,0,0.11,USD,PAYOUT,Insertion Fee
2026-03-28T05:05:25.961Z,NON_SALE_CHARGE,,,0,0,0,0,0,0.11,USD,PAYOUT,Insertion Fee
2026-03-28T05:04:51.320Z,NON_SALE_CHARGE,,,0,0,0,0,0,0.11,USD,PAYOUT,Insertion Fee
2026-03-28T05:04:10.151Z,NON_SALE_CHARGE,,,0,0,0,0,0,0.11,USD,PAYOUT,Insertion Fee
2026-03-28T05:04:03.778Z,NON_SALE_CHARGE,,,0,0,0,0,0,0.11,USD,PAYOUT,Insertion Fee
2026-03-28T05:03:23.486Z,NON_SALE_CHARGE,,,0,0,0,0,0,0.11,USD,PAYOUT,Insertion Fee
2026-03-28T05:03:19.790Z,NON_SALE_CHARGE,,,0,0,0,0,0,0.11,USD,PAYOUT,Insertion Fee
2026-03-28T05:02:30.604Z,NON_SALE_CHARGE,,,0,0,0,0,0,0.11,USD,PAYOUT,Insertion Fee
2026-03-28T05:01:58.646Z,NON_SALE_CHARGE,,,0,0,0,0,0,0.11,USD,PAYOUT,Insertion Fee
2026-03-28T05:01:48.137Z,NON_SALE_CHARGE,,,0,0,0,0,0,0.11,USD,PAYOUT,Insertion Fee
2026-03-28T05:01:43.729Z,NON_SALE_CHARGE,,,0,0,0,0,0,0.11,USD,PAYOUT,Insertion Fee
2026-03-28T05:01:16.465Z,NON_SALE_CHARGE,,,0,0,0,0,0,0.11,USD,PAYOUT,Insertion Fee
2026-03-28T05:00:27.771Z,NON_SALE_CHARGE,,,0,0,0,0,0,0.11,USD,PAYOUT,Insertion Fee
2026-03-28T05:00:26.365Z,NON_SALE_CHARGE,,,0,0,0,0,0,0.11,USD,PAYOUT,Insertion Fee
2026-03-28T04:59:50.761Z,NON_SALE_CHARGE,,,0,0,0,0,0,0.11,USD,PAYOUT,Insertion Fee
2026-03-28T04:59:16.021Z,NON_SALE_CHARGE,,,0,0,0,0,0,0.11,USD,PAYOUT,Insertion Fee
2026-03-28T04:59:02.791Z,NON_SALE_CHARGE,,,0,0,0,0,0,0.11,USD,PAYOUT,Insertion Fee
2026-03-28T04:58:27.805Z,NON_SALE_CHARGE,,,0,0,0,0,0,0.11,USD,PAYOUT,Insertion Fee
2026-03-28T04:57:28.824Z,NON_SALE_CHARGE,,,0,0,0,0,0,0.11,USD,PAYOUT,Insertion Fee
2026-03-28T04:56:43.738Z,NON_SALE_CHARGE,,,0,0,0,0,0,0.11,USD,PAYOUT,Insertion Fee
2026-03-28T04:56:08.337Z,NON_SALE_CHARGE,,,0,0,0,0,0,0.11,USD,PAYOUT,Insertion Fee
2026-03-28T04:55:25.408Z,NON_SALE_CHARGE,,,0,0,0,0,0,0.11,USD,PAYOUT,Insertion Fee
2026-03-28T04:54:49.738Z,NON_SALE_CHARGE,,,0,0,0,0,0,0.11,USD,PAYOUT,Insertion Fee
2026-03-28T04:54:06.796Z,NON_SALE_CHARGE,,,0,0,0,0,0,0.11,USD,PAYOUT,Insertion Fee
2026-03-28T04:53:15.289Z,NON_SALE_CHARGE,,,0,0,0,0,0,0.11,USD,PAYOUT,Insertion Fee
2026-03-28T04:52:25.574Z,NON_SALE_CHARGE,,,0,0,0,0,0,0.11,USD,PAYOUT,Insertion Fee
2026-03-28T04:52:01.601Z,NON_SALE_CHARGE,,,0,0,0,0,0,0.11,USD,PAYOUT,Insertion Fee
2026-03-28T04:51:45.168Z,NON_SALE_CHARGE,,,0,0,0,0,0,0.11,USD,PAYOUT,Insertion Fee
2026-03-28T04:51:10.251Z,NON_SALE_CHARGE,,,0,0,0,0,0,0.11,USD,PAYOUT,Insertion Fee
2026-03-28T04:49:49.695Z,NON_SALE_CHARGE,,,0,0,0,0,0,0.11,USD,PAYOUT,Insertion Fee
2026-03-28T04:48:17.232Z,NON_SALE_CHARGE,,,0,0,0,0,0,0.11,USD,PAYOUT,Insertion Fee
2026-03-28T04:41:03.313Z,NON_SALE_CHARGE,,,0,0,0,0,0,0.11,USD,PAYOUT,Insertion Fee
2026-03-28T04:40:22.437Z,NON_SALE_CHARGE,,,0,0,0,0,0,0.11,USD,PAYOUT,Insertion Fee
2026-03-28T04:39:51.446Z,NON_SALE_CHARGE,,,0,0,0,0,0,0.11,USD,PAYOUT,Insertion Fee
2026-03-28T04:39:01.219Z,NON_SALE_CHARGE,,,0,0,0,0,0,0.11,USD,PAYOUT,Insertion Fee
2026-03-28T04:37:16.687Z,NON_SALE_CHARGE,,,0,0,0,0,0,0.11,USD,PAYOUT,Insertion Fee
2026-03-28T04:36:05.304Z,NON_SALE_CHARGE,,,0,0,0,0,0,0.11,USD,PAYOUT,Insertion Fee
2026-03-28T04:33:16.356Z,NON_SALE_CHARGE,,,0,0,0,0,0,0.11,USD,PAYOUT,Insertion Fee
2026-03-28T04:31:05.504Z,NON_SALE_CHARGE,,,0,0,0,0,0,0.11,USD,PAYOUT,Insertion Fee
2026-03-28T04:30:20.024Z,NON_SALE_CHARGE,,,0,0,0,0,0,0.11,USD,PAYOUT,Insertion Fee
2026-03-28T04:29:10.013Z,NON_SALE_CHARGE,,,0,0,0,0,0,0.11,USD,PAYOUT,Insertion Fee
2026-03-28T04:28:58.835Z,NON_SALE_CHARGE,,,0,0,0,0,0,0.11,USD,PAYOUT,Insertion Fee
2026-03-28T04:28:21.677Z,NON_SALE_CHARGE,,,0,0,0,0,0,0.11,USD,PAYOUT,Insertion Fee
2026-03-28T04:28:12.726Z,NON_SALE_CHARGE,,,0,0,0,0,0,0.11,USD,PAYOUT,Insertion Fee
2026-03-28T04:27:29.469Z,NON_SALE_CHARGE,,,0,0,0,0,0,0.11,USD,PAYOUT,Insertion Fee
2026-03-28T04:26:44.886Z,NON_SALE_CHARGE,,,0,0,0,0,0,0.11,USD,PAYOUT,Insertion Fee
2026-03-28T04:26:03.027Z,NON_SALE_CHARGE,,,0,0,0,0,0,0.11,USD,PAYOUT,Insertion Fee
2026-03-28T04:26:01.999Z,NON_SALE_CHARGE,,,0,0,0,0,0,0.11,USD,PAYOUT,Insertion Fee
2026-03-28T04:24:56.030Z,NON_SALE_CHARGE,,,0,0,0,0,0,0.11,USD,PAYOUT,Insertion Fee
2026-03-28T04:24:48.255Z,NON_SALE_CHARGE,,,0,0,0,0,0,0.11,USD,PAYOUT,Insertion Fee
2026-03-28T04:23:17.886Z,NON_SALE_CHARGE,,,0,0,0,0,0,0.11,USD,PAYOUT,Insertion Fee
2026-03-28T04:21:43.560Z,NON_SALE_CHARGE,,,0,0,0,0,0,0.11,USD,PAYOUT,Insertion Fee
2026-03-28T04:19:04.412Z,NON_SALE_CHARGE,,,0,0,0,0,0,0.11,USD,PAYOUT,Insertion Fee
2026-03-28T04:18:12.761Z,NON_SALE_CHARGE,,,0,0,0,0,0,0.11,USD,PAYOUT,Insertion Fee
2026-03-28T04:17:22.371Z,NON_SALE_CHARGE,,,0,0,0,0,0,0.11,USD,PAYOUT,Insertion Fee
2026-03-28T04:16:06.841Z,NON_SALE_CHARGE,,,0,0,0,0,0,0.11,USD,PAYOUT,Insertion Fee
2026-03-28T04:15:19.029Z,NON_SALE_CHARGE,,,0,0,0,0,0,0.11,USD,PAYOUT,Insertion Fee
2026-03-28T04:15:18.583Z,NON_SALE_CHARGE,,,0,0,0,0,0,0.11,USD,PAYOUT,Insertion Fee
2026-03-28T04:13:12.036Z,NON_SALE_CHARGE,,,0,0,0,0,0,0.11,USD,PAYOUT,Insertion Fee
2026-03-28T04:12:26.514Z,NON_SALE_CHARGE,,,0,0,0,0,0,0.11,USD,PAYOUT,Insertion Fee
2026-03-28T04:11:05.049Z,NON_SALE_CHARGE,,,0,0,0,0,0,0.11,USD,PAYOUT,Insertion Fee
2026-03-28T04:11:02.863Z,NON_SALE_CHARGE,,,0,0,0,0,0,0.11,USD,PAYOUT,Insertion Fee
2026-03-28T04:10:22.413Z,NON_SALE_CHARGE,,,0,0,0,0,0,0.11,USD,PAYOUT,Insertion Fee
2026-03-28T04:08:25.102Z,NON_SALE_CHARGE,,,0,0,0,0,0,0.11,USD,PAYOUT,Insertion Fee
2026-03-28T04:07:28.929Z,NON_SALE_CHARGE,,,0,0,0,0,0,0.11,USD,PAYOUT,Insertion Fee
2026-03-28T04:07:22.576Z,NON_SALE_CHARGE,,,0,0,0,0,0,0.11,USD,PAYOUT,Insertion Fee
2026-03-28T04:07:16.230Z,NON_SALE_CHARGE,,,0,0,0,0,0,0.11,USD,PAYOUT,Insertion Fee
2026-03-28T04:04:03.855Z,NON_SALE_CHARGE,,,0,0,0,0,0,0.11,USD,PAYOUT,Insertion Fee
2026-03-28T04:02:42.886Z,NON_SALE_CHARGE,,,0,0,0,0,0,0.11,USD,PAYOUT,Insertion Fee
2026-03-28T04:02:32.822Z,NON_SALE_CHARGE,,,0,0,0,0,0,0.11,USD,PAYOUT,Insertion Fee
2026-03-28T03:59:44.408Z,NON_SALE_CHARGE,,,0,0,0,0,0,0.11,USD,PAYOUT,Insertion Fee
2026-03-28T03:58:16.660Z,NON_SALE_CHARGE,,,0,0,0,0,0,0.11,USD,PAYOUT,Insertion Fee
2026-03-28T03:56:52.209Z,NON_SALE_CHARGE,,,0,0,0,0,0,0.11,USD,PAYOUT,Insertion Fee
2026-03-28T03:56:43.461Z,NON_SALE_CHARGE,,,0,0,0,0,0,0.11,USD,PAYOUT,Insertion Fee
2026-03-28T03:56:02.395Z,NON_SALE_CHARGE,,,0,0,0,0,0,0.11,USD,PAYOUT,Insertion Fee
2026-03-28T03:56:02.393Z,NON_SALE_CHARGE,,,0,0,0,0,0,0.11,USD,PAYOUT,Insertion Fee
2026-03-28T03:55:17.210Z,NON_SALE_CHARGE,,,0,0,0,0,0,0.11,USD,PAYOUT,Insertion Fee
2026-03-28T03:53:09.504Z,NON_SALE_CHARGE,,,0,0,0,0,0,0.11,USD,PAYOUT,Insertion Fee
2026-03-28T03:52:27.286Z,NON_SALE_CHARGE,,,0,0,0,0,0,0.11,USD,PAYOUT,Insertion Fee
2026-03-28T03:52:17.451Z,NON_SALE_CHARGE,,,0,0,0,0,0,0.11,USD,PAYOUT,Insertion Fee
2026-03-28T03:51:58.834Z,NON_SALE_CHARGE,,,0,0,0,0,0,0.11,USD,PAYOUT,Insertion Fee
2026-03-28T03:48:13.505Z,NON_SALE_CHARGE,,,0,0,0,0,0,0.11,USD,PAYOUT,Insertion Fee
2026-03-28T03:48:11.603Z,NON_SALE_CHARGE,,,0,0,0,0,0,0.11,USD,PAYOUT,Insertion Fee
2026-03-28T03:44:50.372Z,NON_SALE_CHARGE,,,0,0,0,0,0,0.11,USD,PAYOUT,Insertion Fee
2026-03-28T03:44:45.042Z,NON_SALE_CHARGE,,,0,0,0,0,0,0.11,USD,PAYOUT,Insertion Fee
2026-03-28T03:42:16.855Z,NON_SALE_CHARGE,,,0,0,0,0,0,0.11,USD,PAYOUT,Insertion Fee
2026-03-28T03:41:44.174Z,NON_SALE_CHARGE,,,0,0,0,0,0,0.11,USD,PAYOUT,Insertion Fee
2026-03-28T03:39:49.232Z,NON_SALE_CHARGE,,,0,0,0,0,0,0.11,USD,PAYOUT,Insertion Fee
2026-03-28T03:39:49.217Z,NON_SALE_CHARGE,,,0,0,0,0,0,0.11,USD,PAYOUT,Insertion Fee
2026-03-28T03:39:00.592Z,NON_SALE_CHARGE,,,0,0,0,0,0,0.11,USD,PAYOUT,Insertion Fee
2026-03-28T03:38:47.950Z,NON_SALE_CHARGE,,,0,0,0,0,0,0.11,USD,PAYOUT,Insertion Fee
2026-03-28T03:38:06.986Z,NON_SALE_CHARGE,,,0,0,0,0,0,0.11,USD,PAYOUT,Insertion Fee
2026-03-28T03:33:46.485Z,NON_SALE_CHARGE,,,0,0,0,0,0,0.11,USD,PAYOUT,Insertion Fee
2026-03-28T03:33:43.613Z,NON_SALE_CHARGE,,,0,0,0,0,0,0.11,USD,PAYOUT,Insertion Fee
2026-03-28T03:33:16.743Z,NON_SALE_CHARGE,,,0,0,0,0,0,0.11,USD,PAYOUT,Insertion Fee
2026-03-28T03:33:06.538Z,NON_SALE_CHARGE,,,0,0,0,0,0,0.11,USD,PAYOUT,Insertion Fee
2026-03-28T03:32:28.600Z,NON_SALE_CHARGE,,,0,0,0,0,0,0.11,USD,PAYOUT,Insertion Fee
2026-03-28T03:31:57.799Z,NON_SALE_CHARGE,,,0,0,0,0,0,0.11,USD,PAYOUT,Insertion Fee
2026-03-28T03:31:39.232Z,NON_SALE_CHARGE,,,0,0,0,0,0,0.11,USD,PAYOUT,Insertion Fee
2026-03-28T03:30:55.054Z,NON_SALE_CHARGE,,,0,0,0,0,0,0.11,USD,PAYOUT,Insertion Fee
2026-03-28T03:30:52.397Z,NON_SALE_CHARGE,,,0,0,0,0,0,0.11,USD,PAYOUT,Insertion Fee
2026-03-28T03:30:51.880Z,NON_SALE_CHARGE,,,0,0,0,0,0,0.11,USD,PAYOUT,Insertion Fee
2026-03-28T03:29:49.363Z,NON_SALE_CHARGE,,,0,0,0,0,0,0.11,USD,PAYOUT,Insertion Fee
2026-03-28T03:29:43.712Z,NON_SALE_CHARGE,,,0,0,0,0,0,0.11,USD,PAYOUT,Insertion Fee
2026-03-28T03:29:40.788Z,NON_SALE_CHARGE,,,0,0,0,0,0,0.11,USD,PAYOUT,Insertion Fee
2026-03-28T03:29:03.831Z,NON_SALE_CHARGE,,,0,0,0,0,0,0.11,USD,PAYOUT,Insertion Fee
2026-03-28T03:28:15.450Z,NON_SALE_CHARGE,,,0,0,0,0,0,0.11,USD,PAYOUT,Insertion Fee
2026-03-28T03:27:20.001Z,NON_SALE_CHARGE,,,0,0,0,0,0,0.11,USD,PAYOUT,Insertion Fee
2026-03-28T03:26:58.266Z,NON_SALE_CHARGE,,,0,0,0,0,0,0.11,USD,PAYOUT,Insertion Fee
2026-03-28T03:26:43.552Z,NON_SALE_CHARGE,,,0,0,0,0,0,0.11,USD,PAYOUT,Insertion Fee
2026-03-28T03:26:42.479Z,NON_SALE_CHARGE,,,0,0,0,0,0,0.11,USD,PAYOUT,Insertion Fee
2026-03-28T03:26:33.497Z,NON_SALE_CHARGE,,,0,0,0,0,0,0.11,USD,PAYOUT,Insertion Fee
2026-03-28T03:25:54.420Z,NON_SALE_CHARGE,,,0,0,0,0,0,0.11,USD,PAYOUT,Insertion Fee
2026-03-28T03:25:50.232Z,NON_SALE_CHARGE,,,0,0,0,0,0,0.11,USD,PAYOUT,Insertion Fee
2026-03-28T03:24:48.423Z,NON_SALE_CHARGE,,,0,0,0,0,0,0.11,USD,PAYOUT,Insertion Fee
2026-03-28T03:24:48.336Z,NON_SALE_CHARGE,,,0,0,0,0,0,0.11,USD,PAYOUT,Insertion Fee
2026-03-28T03:21:43.003Z,NON_SALE_CHARGE,,,0,0,0,0,0,0.11,USD,PAYOUT,Insertion Fee
2026-03-28T03:19:38.388Z,NON_SALE_CHARGE,,,0,0,0,0,0,0.11,USD,PAYOUT,Insertion Fee
2026-03-28T03:18:38.886Z,NON_SALE_CHARGE,,,0,0,0,0,0,0.11,USD,PAYOUT,Insertion Fee
2026-03-28T03:18:04.837Z,NON_SALE_CHARGE,,,0,0,0,0,0,0.11,USD,PAYOUT,Insertion Fee
2026-03-28T03:17:30.757Z,NON_SALE_CHARGE,,,0,0,0,0,0,0.11,USD,PAYOUT,Insertion Fee
2026-03-28T03:16:54.019Z,NON_SALE_CHARGE,,,0,0,0,0,0,0.11,USD,PAYOUT,Insertion Fee
2026-03-28T03:16:54.014Z,NON_SALE_CHARGE,,,0,0,0,0,0,0.11,USD,PAYOUT,Insertion Fee
2026-03-28T03:16:42.756Z,NON_SALE_CHARGE,,,0,0,0,0,0,0.11,USD,PAYOUT,Insertion Fee
2026-03-28T03:16:29.494Z,NON_SALE_CHARGE,,,0,0,0,0,0,0.11,USD,PAYOUT,Insertion Fee
2026-03-28T03:15:56.140Z,NON_SALE_CHARGE,,,0,0,0,0,0,0.11,USD,PAYOUT,Insertion Fee
2026-03-28T03:15:48.090Z,NON_SALE_CHARGE,,,0,0,0,0,0,0.11,USD,PAYOUT,Insertion Fee
2026-03-28T03:14:50.376Z,NON_SALE_CHARGE,,,0,0,0,0,0,0.11,USD,PAYOUT,Insertion Fee
2026-03-28T03:14:49.957Z,NON_SALE_CHARGE,,,0,0,0,0,0,0.11,USD,PAYOUT,Insertion Fee
2026-03-28T03:14:41.522Z,NON_SALE_CHARGE,,,0,0,0,0,0,0.11,USD,PAYOUT,Insertion Fee
2026-03-28T03:13:52.463Z,NON_SALE_CHARGE,,,0,0,0,0,0,0.11,USD,PAYOUT,Insertion Fee
2026-03-28T03:13:38.344Z,NON_SALE_CHARGE,,,0,0,0,0,0,0.11,USD,PAYOUT,Insertion Fee
2026-03-28T03:13:16.927Z,NON_SALE_CHARGE,,,0,0,0,0,0,0.11,USD,PAYOUT,Insertion Fee
2026-03-28T03:13:06.630Z,NON_SALE_CHARGE,,,0,0,0,0,0,0.11,USD,PAYOUT,Insertion Fee
2026-03-28T03:12:29.156Z,NON_SALE_CHARGE,,,0,0,0,0,0,0.11,USD,PAYOUT,Insertion Fee
2026-03-28T03:12:18.816Z,NON_SALE_CHARGE,,,0,0,0,0,0,0.11,USD,PAYOUT,Insertion Fee
2026-03-28T03:11:52.820Z,NON_SALE_CHARGE,,,0,0,0,0,0,0.11,USD,PAYOUT,Insertion Fee
2026-03-28T03:11:42.489Z,NON_SALE_CHARGE,,,0,0,0,0,0,0.11,USD,PAYOUT,Insertion Fee
2026-03-28T03:09:53.110Z,NON_SALE_CHARGE,,,0,0,0,0,0,0.11,USD,PAYOUT,Insertion Fee
2026-03-28T03:08:39.481Z,NON_SALE_CHARGE,,,0,0,0,0,0,0.11,USD,PAYOUT,Insertion Fee
2026-03-28T03:07:17.691Z,NON_SALE_CHARGE,,,0,0,0,0,0,0.11,USD,PAYOUT,Insertion Fee
2026-03-28T03:07:17.229Z,NON_SALE_CHARGE,,,0,0,0,0,0,0.11,USD,PAYOUT,Insertion Fee
2026-03-28T03:07:14.870Z,NON_SALE_CHARGE,,,0,0,0,0,0,0.11,USD,PAYOUT,Insertion Fee
2026-03-28T03:06:53.368Z,NON_SALE_CHARGE,,,0,0,0,0,0,0.11,USD,PAYOUT,Insertion Fee
2026-03-28T03:06:44.588Z,NON_SALE_CHARGE,,,0,0,0,0,0,0.11,USD,PAYOUT,Insertion Fee
2026-03-28T03:06:42.062Z,NON_SALE_CHARGE,,,0,0,0,0,0,0.11,USD,PAYOUT,Insertion Fee
2026-03-28T03:05:54.053Z,NON_SALE_CHARGE,,,0,0,0,0,0,0.11,USD,PAYOUT,Insertion Fee
2026-03-28T03:05:47.170Z,NON_SALE_CHARGE,,,0,0,0,0,0,0.11,USD,PAYOUT,Insertion Fee
2026-03-28T03:04:52.514Z,NON_SALE_CHARGE,,,0,0,0,0,0,0.11,USD,PAYOUT,Insertion Fee
2026-03-28T03:04:48.324Z,NON_SALE_CHARGE,,,0,0,0,0,0,0.11,USD,PAYOUT,Insertion Fee
2026-03-28T03:03:24.919Z,NON_SALE_CHARGE,,,0,0,0,0,0,0.11,USD,PAYOUT,Insertion Fee
2026-03-28T03:03:09.073Z,NON_SALE_CHARGE,,,0,0,0,0,0,0.11,USD,PAYOUT,Insertion Fee
2026-03-28T03:02:15.590Z,NON_SALE_CHARGE,,,0,0,0,0,0,0.11,USD,PAYOUT,Insertion Fee
2026-03-28T03:01:46.460Z,NON_SALE_CHARGE,,,0,0,0,0,0,0.11,USD,PAYOUT,Insertion Fee
2026-03-28T03:01:40.820Z,NON_SALE_CHARGE,,,0,0,0,0,0,0.11,USD,PAYOUT,Insertion Fee
2026-03-28T03:01:24.389Z,NON_SALE_CHARGE,,,0,0,0,0,0,0.11,USD,PAYOUT,Insertion Fee
2026-03-28T03:00:52.118Z,NON_SALE_CHARGE,,,0,0,0,0,0,0.11,USD,PAYOUT,Insertion Fee
2026-03-28T03:00:48.509Z,NON_SALE_CHARGE,,,0,0,0,0,0,0.11,USD,PAYOUT,Insertion Fee
2026-03-28T02:56:43.984Z,NON_SALE_CHARGE,,,0,0,0,0,0,0.11,USD,PAYOUT,Insertion Fee
2026-03-28T02:55:51.698Z,NON_SALE_CHARGE,,,0,0,0,0,0,0.11,USD,PAYOUT,Insertion Fee
2026-03-28T02:54:49.440Z,NON_SALE_CHARGE,,,0,0,0,0,0,0.11,USD,PAYOUT,Insertion Fee
2026-03-28T02:54:35.624Z,NON_SALE_CHARGE,,,0,0,0,0,0,0.11,USD,PAYOUT,Insertion Fee
2026-03-28T02:53:05.113Z,NON_SALE_CHARGE,,,0,0,0,0,0,0.11,USD,PAYOUT,Insertion Fee
2026-03-28T02:53:02.789Z,NON_SALE_CHARGE,,,0,0,0,0,0,0.11,USD,PAYOUT,Insertion Fee
2026-03-28T02:51:51.677Z,NON_SALE_CHARGE,,,0,0,0,0,0,0.11,USD,PAYOUT,Insertion Fee
2026-03-28T02:50:46.232Z,NON_SALE_CHARGE,,,0,0,0,0,0,0.11,USD,PAYOUT,Insertion Fee
2026-03-28T02:49:47.680Z,NON_SALE_CHARGE,,,0,0,0,0,0,0.11,USD,PAYOUT,Insertion Fee
2026-03-28T02:48:45.664Z,NON_SALE_CHARGE,,,0,0,0,0,0,0.11,USD,PAYOUT,Insertion Fee
2026-03-28T02:47:29.457Z,NON_SALE_CHARGE,,,0,0,0,0,0,0.11,USD,PAYOUT,Insertion Fee
2026-03-28T02:47:29.279Z,NON_SALE_CHARGE,,,0,0,0,0,0,0.11,USD,PAYOUT,Insertion Fee
2026-03-28T02:46:52.687Z,NON_SALE_CHARGE,,,0,0,0,0,0,0.11,USD,PAYOUT,Insertion Fee
2026-03-28T02:46:43.484Z,NON_SALE_CHARGE,,,0,0,0,0,0,0.11,USD,PAYOUT,Insertion Fee
2026-03-28T02:46:36.838Z,NON_SALE_CHARGE,,,0,0,0,0,0,0.11,USD,PAYOUT,Insertion Fee
2026-03-28T02:45:55.921Z,NON_SALE_CHARGE,,,0,0,0,0,0,0.11,USD,PAYOUT,Insertion Fee
2026-03-28T02:44:40.747Z,NON_SALE_CHARGE,,,0,0,0,0,0,0.11,USD,PAYOUT,Insertion Fee
2026-03-28T02:42:28.789Z,NON_SALE_CHARGE,,,0,0,0,0,0,0.11,USD,PAYOUT,Insertion Fee
2026-03-28T02:42:26.245Z,NON_SALE_CHARGE,,,0,0,0,0,0,0.11,USD,PAYOUT,Insertion Fee
2026-03-28T02:42:17.503Z,NON_SALE_CHARGE,,,0,0,0,0,0,0.11,USD,PAYOUT,Insertion Fee
2026-03-28T02:42:15.044Z,NON_SALE_CHARGE,,,0,0,0,0,0,0.11,USD,PAYOUT,Insertion Fee
2026-03-28T02:41:46.582Z,NON_SALE_CHARGE,,,0,0,0,0,0,0.11,USD,PAYOUT,Insertion Fee
2026-03-28T02:41:44.202Z,NON_SALE_CHARGE,,,0,0,0,0,0,0.11,USD,PAYOUT,Insertion Fee
2026-03-28T02:40:50.108Z,NON_SALE_CHARGE,,,0,0,0,0,0,0.11,USD,PAYOUT,Insertion Fee
2026-03-28T02:39:55.595Z,NON_SALE_CHARGE,,,0,0,0,0,0,0.11,USD,PAYOUT,Insertion Fee
2026-03-28T02:39:34.247Z,NON_SALE_CHARGE,,,0,0,0,0,0,0.11,USD,PAYOUT,Insertion Fee
2026-03-28T02:38:37.476Z,NON_SALE_CHARGE,,,0,0,0,0,0,0.11,USD,PAYOUT,Insertion Fee
2026-03-28T02:38:37.201Z,NON_SALE_CHARGE,,,0,0,0,0,0,0.11,USD,PAYOUT,Insertion Fee
2026-03-28T02:38:14.087Z,NON_SALE_CHARGE,,,0,0,0,0,0,0.11,USD,PAYOUT,Insertion Fee
2026-03-28T02:36:44.018Z,NON_SALE_CHARGE,,,0,0,0,0,0,0.11,USD,PAYOUT,Insertion Fee
2026-03-28T02:36:41.598Z,NON_SALE_CHARGE,,,0,0,0,0,0,0.11,USD,PAYOUT,Insertion Fee
2026-03-28T02:36:33.283Z,NON_SALE_CHARGE,,,0,0,0,0,0,0.11,USD,PAYOUT,Insertion Fee
2026-03-28T02:33:39.311Z,NON_SALE_CHARGE,,,0,0,0,0,0,0.11,USD,PAYOUT,Insertion Fee
2026-03-28T02:33:05.128Z,NON_SALE_CHARGE,,,0,0,0,0,0,0.11,USD,PAYOUT,Insertion Fee
2026-03-28T02:32:30.267Z,NON_SALE_CHARGE,,,0,0,0,0,0,0.11,USD,PAYOUT,Insertion Fee
2026-03-28T02:32:28.171Z,NON_SALE_CHARGE,,,0,0,0,0,0,0.11,USD,PAYOUT,Insertion Fee
2026-03-28T02:32:17.707Z,NON_SALE_CHARGE,,,0,0,0,0,0,0.11,USD,PAYOUT,Insertion Fee
2026-03-28T02:31:27.566Z,NON_SALE_CHARGE,,,0,0,0,0,0,0.11,USD,PAYOUT,Insertion Fee
2026-03-28T02:29:54.672Z,NON_SALE_CHARGE,,,0,0,0,0,0,0.11,USD,PAYOUT,Insertion Fee
2026-03-28T02:29:47.326Z,NON_SALE_CHARGE,,,0,0,0,0,0,0.11,USD,PAYOUT,Insertion Fee
2026-03-28T02:28:17.227Z,NON_SALE_CHARGE,,,0,0,0,0,0,0.11,USD,PAYOUT,Insertion Fee
2026-03-28T02:28:00.952Z,NON_SALE_CHARGE,,,0,0,0,0,0,0.11,USD,PAYOUT,Insertion Fee
2026-03-28T02:27:31.248Z,NON_SALE_CHARGE,,,0,0,0,0,0,0.11,USD,PAYOUT,Insertion Fee
2026-03-28T02:25:44.561Z,NON_SALE_CHARGE,,,0,0,0,0,0,0.11,USD,PAYOUT,Insertion Fee
2026-03-28T02:23:04.739Z,NON_SALE_CHARGE,,,0,0,0,0,0,0.11,USD,PAYOUT,Insertion Fee
2026-03-28T02:22:59.658Z,NON_SALE_CHARGE,,,0,0,0,0,0,0.11,USD,PAYOUT,Insertion Fee
2026-03-28T02:22:15.095Z,NON_SALE_CHARGE,,,0,0,0,0,0,0.11,USD,PAYOUT,Insertion Fee
2026-03-28T02:21:22.902Z,NON_SALE_CHARGE,,,0,0,0,0,0,0.11,USD,PAYOUT,Insertion Fee
2026-03-28T02:20:26.187Z,NON_SALE_CHARGE,,,0,0,0,0,0,0.11,USD,PAYOUT,Insertion Fee
2026-03-28T02:20:18.612Z,NON_SALE_CHARGE,,,0,0,0,0,0,0.11,USD,PAYOUT,Insertion Fee
2026-03-28T02:20:01.407Z,NON_SALE_CHARGE,,,0,0,0,0,0,0.11,USD,PAYOUT,Insertion Fee
2026-03-28T02:19:48.930Z,NON_SALE_CHARGE,,,0,0,0,0,0,0.11,USD,PAYOUT,Insertion Fee
2026-03-28T02:19:19.362Z,NON_SALE_CHARGE,,,0,0,0,0,0,0.11,USD,PAYOUT,Insertion Fee
2026-03-28T02:19:08.084Z,NON_SALE_CHARGE,,,0,0,0,0,0,0.11,USD,PAYOUT,Insertion Fee
2026-03-28T02:18:28.143Z,NON_SALE_CHARGE,,,0,0,0,0,0,0.11,USD,PAYOUT,Insertion Fee
2026-03-28T02:17:50.711Z,NON_SALE_CHARGE,,,0,0,0,0,0,0.11,USD,PAYOUT,Insertion Fee
2026-03-28T02:16:33.763Z,NON_SALE_CHARGE,,,0,0,0,0,0,0.11,USD,PAYOUT,Insertion Fee
2026-03-28T02:13:26.219Z,NON_SALE_CHARGE,,,0,0,0,0,0,0.11,USD,PAYOUT,Insertion Fee
2026-03-28T02:12:59.084Z,NON_SALE_CHARGE,,,0,0,0,0,0,0.11,USD,PAYOUT,Insertion Fee
2026-03-28T02:12:01.589Z,NON_SALE_CHARGE,,,0,0,0,0,0,0.11,USD,PAYOUT,Insertion Fee
2026-03-28T02:11:52.448Z,NON_SALE_CHARGE,,,0,0,0,0,0,0.11,USD,PAYOUT,Insertion Fee
2026-03-28T02:11:14.948Z,NON_SALE_CHARGE,,,0,0,0,0,0,0.11,USD,PAYOUT,Insertion Fee
2026-03-28T02:11:04.780Z,NON_SALE_CHARGE,,,0,0,0,0,0,0.11,USD,PAYOUT,Insertion Fee
2026-03-28T02:10:34.744Z,NON_SALE_CHARGE,,,0,0,0,0,0,0.11,USD,PAYOUT,Insertion Fee
2026-03-28T02:10:23.395Z,NON_SALE_CHARGE,,,0,0,0,0,0,0.11,USD,PAYOUT,Insertion Fee
2026-03-28T02:09:37.702Z,NON_SALE_CHARGE,,,0,0,0,0,0,0.11,USD,PAYOUT,Insertion Fee
2026-03-28T02:08:32.554Z,NON_SALE_CHARGE,,,0,0,0,0,0,0.11,USD,PAYOUT,Insertion Fee
2026-03-28T02:08:04.710Z,NON_SALE_CHARGE,,,0,0,0,0,0,0.11,USD,PAYOUT,Insertion Fee
2026-03-28T02:07:35.131Z,NON_SALE_CHARGE,,,0,0,0,0,0,0.11,USD,PAYOUT,Insertion Fee
2026-03-28T02:06:47.112Z,NON_SALE_CHARGE,,,0,0,0,0,0,0.11,USD,PAYOUT,Insertion Fee
2026-03-28T02:04:45.269Z,NON_SALE_CHARGE,,,0,0,0,0,0,0.11,USD,PAYOUT,Insertion Fee
2026-03-28T02:04:39.531Z,NON_SALE_CHARGE,,,0,0,0,0,0,0.11,USD,PAYOUT,Insertion Fee
2026-03-28T02:04:18.037Z,NON_SALE_CHARGE,,,0,0,0,0,0,0.11,USD,PAYOUT,Insertion Fee
2026-03-28T02:01:49.195Z,NON_SALE_CHARGE,,,0,0,0,0,0,0.11,USD,PAYOUT,Insertion Fee
2026-03-28T02:01:11.422Z,NON_SALE_CHARGE,,,0,0,0,0,0,0.11,USD,PAYOUT,Insertion Fee
2026-03-28T01:59:01.395Z,NON_SALE_CHARGE,,,0,0,0,0,0,0.11,USD,PAYOUT,Insertion Fee
2026-03-28T01:57:44.227Z,NON_SALE_CHARGE,,,0,0,0,0,0,0.11,USD,PAYOUT,Insertion Fee
2026-03-28T01:57:41.596Z,NON_SALE_CHARGE,,,0,0,0,0,0,0.11,USD,PAYOUT,Insertion Fee
2026-03-28T01:56:52.502Z,NON_SALE_CHARGE,,,0,0,0,0,0,0.11,USD,PAYOUT,Insertion Fee
2026-03-28T01:56:29.916Z,NON_SALE_CHARGE,,,0,0,0,0,0,0.11,USD,PAYOUT,Insertion Fee
2026-03-28T01:56:10.877Z,NON_SALE_CHARGE,,,0,0,0,0,0,0.11,USD,PAYOUT,Insertion Fee
2026-03-28T01:55:23.590Z,NON_SALE_CHARGE,,,0,0,0,0,0,0.11,USD,PAYOUT,Insertion Fee
2026-03-28T01:54:13.995Z,NON_SALE_CHARGE,,,0,0,0,0,0,0.11,USD,PAYOUT,Insertion Fee
2026-03-28T01:54:02.599Z,NON_SALE_CHARGE,,,0,0,0,0,0,0.11,USD,PAYOUT,Insertion Fee
2026-03-28T01:53:36.731Z,NON_SALE_CHARGE,,,0,0,0,0,0,0.11,USD,PAYOUT,Insertion Fee
2026-03-28T01:52:37.356Z,NON_SALE_CHARGE,,,0,0,0,0,0,0.11,USD,PAYOUT,Insertion Fee
2026-03-28T01:51:20.494Z,NON_SALE_CHARGE,,,0,0,0,0,0,0.11,USD,PAYOUT,Insertion Fee
2026-03-28T01:50:32.496Z,NON_SALE_CHARGE,,,0,0,0,0,0,0.11,USD,PAYOUT,Insertion Fee
2026-03-28T01:49:15.015Z,NON_SALE_CHARGE,,,0,0,0,0,0,0.11,USD,PAYOUT,Insertion Fee
2026-03-28T01:48:13.800Z,NON_SALE_CHARGE,,,0,0,0,0,0,0.11,USD,PAYOUT,Insertion Fee
2026-03-28T01:48:01.713Z,NON_SALE_CHARGE,,,0,0,0,0,0,0.11,USD,PAYOUT,Insertion Fee
2026-03-28T01:46:33.519Z,NON_SALE_CHARGE,,,0,0,0,0,0,0.11,USD,PAYOUT,Insertion Fee
2026-03-28T01:46:15.209Z,NON_SALE_CHARGE,,,0,0,0,0,0,0.11,USD,PAYOUT,Insertion Fee
2026-03-28T01:45:27.731Z,NON_SALE_CHARGE,,,0,0,0,0,0,0.11,USD,PAYOUT,Insertion Fee
2026-03-28T01:44:39.774Z,NON_SALE_CHARGE,,,0,0,0,0,0,0.11,USD,PAYOUT,Insertion Fee
2026-03-28T01:41:12.859Z,NON_SALE_CHARGE,,,0,0,0,0,0,0.11,USD,PAYOUT,Insertion Fee
2026-03-28T01:39:45.268Z,NON_SALE_CHARGE,,,0,0,0,0,0,0.11,USD,PAYOUT,Insertion Fee
2026-03-28T01:37:31.734Z,NON_SALE_CHARGE,,,0,0,0,0,0,0.11,USD,PAYOUT,Insertion Fee
2026-03-28T01:36:45.682Z,NON_SALE_CHARGE,,,0,0,0,0,0,0.11,USD,PAYOUT,Insertion Fee
2026-03-28T01:36:11.063Z,NON_SALE_CHARGE,,,0,0,0,0,0,0.11,USD,PAYOUT,Insertion Fee
2026-03-28T01:36:01.705Z,NON_SALE_CHARGE,,,0,0,0,0,0,0.11,USD,PAYOUT,Insertion Fee
2026-03-28T01:33:18.884Z,NON_SALE_CHARGE,,,0,0,0,0,0,0.11,USD,PAYOUT,Insertion Fee
2026-03-28T01:33:11.985Z,NON_SALE_CHARGE,,,0,0,0,0,0,0.11,USD,PAYOUT,Insertion Fee
2026-03-28T01:32:46.527Z,NON_SALE_CHARGE,,,0,0,0,0,0,0.11,USD,PAYOUT,Insertion Fee
2026-03-28T01:31:42.216Z,NON_SALE_CHARGE,,,0,0,0,0,0,0.11,USD,PAYOUT,Insertion Fee
2026-03-28T01:31:34.161Z,NON_SALE_CHARGE,,,0,0,0,0,0,0.11,USD,PAYOUT,Insertion Fee
2026-03-28T01:30:20.103Z,NON_SALE_CHARGE,,,0,0,0,0,0,0.11,USD,PAYOUT,Insertion Fee
2026-03-28T01:29:41.485Z,NON_SALE_CHARGE,,,0,0,0,0,0,0.11,USD,PAYOUT,Insertion Fee
2026-03-28T01:29:36.790Z,NON_SALE_CHARGE,,,0,0,0,0,0,0.11,USD,PAYOUT,Insertion Fee
2026-03-28T01:28:12.136Z,NON_SALE_CHARGE,,,0,0,0,0,0,0.11,USD,PAYOUT,Insertion Fee
2026-03-28T01:27:59.894Z,NON_SALE_CHARGE,,,0,0,0,0,0,0.11,USD,PAYOUT,Insertion Fee
2026-03-28T01:27:44.805Z,NON_SALE_CHARGE,,,0,0,0,0,0,0.11,USD,PAYOUT,Insertion Fee
2026-03-28T01:26:57.187Z,NON_SALE_CHARGE,,,0,0,0,0,0,0.11,USD,PAYOUT,Insertion Fee
2026-03-28T01:26:52.023Z,NON_SALE_CHARGE,,,0,0,0,0,0,0.11,USD,PAYOUT,Insertion Fee
2026-03-28T01:25:19.960Z,NON_SALE_CHARGE,,,0,0,0,0,0,0.11,USD,PAYOUT,Insertion Fee
2026-03-28T01:24:04.238Z,NON_SALE_CHARGE,,,0,0,0,0,0,0.11,USD,PAYOUT,Insertion Fee
2026-03-28T01:24:00.470Z,NON_SALE_CHARGE,,,0,0,0,0,0,0.11,USD,PAYOUT,Insertion Fee
2026-03-28T01:23:59.615Z,NON_SALE_CHARGE,,,0,0,0,0,0,0.11,USD,PAYOUT,Insertion Fee
2026-03-28T01:23:59.038Z,NON_SALE_CHARGE,,,0,0,0,0,0,0.11,USD,PAYOUT,Insertion Fee
2026-03-28T01:23:07.576Z,NON_SALE_CHARGE,,,0,0,0,0,0,0.11,USD,PAYOUT,Insertion Fee
2026-03-28T01:21:26.183Z,NON_SALE_CHARGE,,,0,0,0,0,0,0.11,USD,PAYOUT,Insertion Fee
2026-03-28T01:18:16.360Z,NON_SALE_CHARGE,,,0,0,0,0,0,0.11,USD,PAYOUT,Insertion Fee
2026-03-28T01:17:42.697Z,NON_SALE_CHARGE,,,0,0,0,0,0,0.11,USD,PAYOUT,Insertion Fee
2026-03-28T01:16:46.452Z,NON_SALE_CHARGE,,,0,0,0,0,0,0.11,USD,PAYOUT,Insertion Fee
2026-03-28T01:16:10.098Z,NON_SALE_CHARGE,,,0,0,0,0,0,0.11,USD,PAYOUT,Insertion Fee
2026-03-28T01:15:56.945Z,NON_SALE_CHARGE,,,0,0,0,0,0,0.11,USD,PAYOUT,Insertion Fee
2026-03-28T01:15:19.353Z,NON_SALE_CHARGE,,,0,0,0,0,0,0.11,USD,PAYOUT,Insertion Fee
2026-03-28T01:14:12.656Z,NON_SALE_CHARGE,,,0,0,0,0,0,0.11,USD,PAYOUT,Insertion Fee
2026-03-28T01:11:44.410Z,NON_SALE_CHARGE,,,0,0,0,0,0,0.11,USD,PAYOUT,Insertion Fee
2026-03-28T01:10:55.801Z,NON_SALE_CHARGE,,,0,0,0,0,0,0.11,USD,PAYOUT,Insertion Fee
2026-03-28T01:10:54.727Z,NON_SALE_CHARGE,,,0,0,0,0,0,0.11,USD,PAYOUT,Insertion Fee
2026-03-28T01:09:13.985Z,NON_SALE_CHARGE,,,0,0,0,0,0,0.11,USD,PAYOUT,Insertion Fee
2026-03-28T01:08:58.734Z,NON_SALE_CHARGE,,,0,0,0,0,0,0.11,USD,PAYOUT,Insertion Fee
2026-03-28T01:07:54.888Z,NON_SALE_CHARGE,,,0,0,0,0,0,0.11,USD,PAYOUT,Insertion Fee
2026-03-28T01:07:45.240Z,NON_SALE_CHARGE,,,0,0,0,0,0,0.11,USD,PAYOUT,Insertion Fee
2026-03-28T01:07:43.880Z,NON_SALE_CHARGE,,,0,0,0,0,0,0.11,USD,PAYOUT,Insertion Fee
2026-03-28T01:06:44.874Z,NON_SALE_CHARGE,,,0,0,0,0,0,0.11,USD,PAYOUT,Insertion Fee
2026-03-28T01:06:43.488Z,NON_SALE_CHARGE,,,0,0,0,0,0,0.11,USD,PAYOUT,Insertion Fee
2026-03-28T01:04:37.391Z,NON_SALE_CHARGE,,,0,0,0,0,0,0.11,USD,PAYOUT,Insertion Fee
2026-03-28T01:04:36.008Z,NON_SALE_CHARGE,,,0,0,0,0,0,0.11,USD,PAYOUT,Insertion Fee
2026-03-28T01:03:18.910Z,NON_SALE_CHARGE,,,0,0,0,0,0,0.11,USD,PAYOUT,Insertion Fee
2026-03-28T01:03:18.376Z,NON_SALE_CHARGE,,,0,0,0,0,0,0.11,USD,PAYOUT,Insertion Fee
2026-03-28T01:03:05.819Z,NON_SALE_CHARGE,,,0,0,0,0,0,0.11,USD,PAYOUT,Insertion Fee
2026-03-28T01:01:24.907Z,NON_SALE_CHARGE,,,0,0,0,0,0,0.11,USD,PAYOUT,Insertion Fee
2026-03-28T01:01:04.727Z,NON_SALE_CHARGE,,,0,0,0,0,0,0.11,USD,PAYOUT,Insertion Fee
2026-03-28T01:00:18.142Z,NON_SALE_CHARGE,,,0,0,0,0,0,0.11,USD,PAYOUT,Insertion Fee
2026-03-28T00:57:55.302Z,NON_SALE_CHARGE,,,0,0,0,0,0,0.11,USD,PAYOUT,Insertion Fee
2026-03-28T00:57:52.603Z,NON_SALE_CHARGE,,,0,0,0,0,0,0.11,USD,PAYOUT,Insertion Fee
2026-03-28T00:52:50.962Z,NON_SALE_CHARGE,,,0,0,0,0,0,0.11,USD,PAYOUT,Insertion Fee
2026-03-28T00:51:06.280Z,NON_SALE_CHARGE,,,0,0,0,0,0,0.11,USD,PAYOUT,Insertion Fee
2026-03-28T00:48:03.124Z,NON_SALE_CHARGE,,,0,0,0,0,0,0.11,USD,PAYOUT,Insertion Fee
2026-03-28T00:46:43.393Z,NON_SALE_CHARGE,,,0,0,0,0,0,0.11,USD,PAYOUT,Insertion Fee
2026-03-28T00:46:22.784Z,NON_SALE_CHARGE,,,0,0,0,0,0,0.11,USD,PAYOUT,Insertion Fee
2026-03-28T00:45:54.978Z,NON_SALE_CHARGE,,,0,0,0,0,0,0.11,USD,PAYOUT,Insertion Fee
2026-03-28T00:45:21.493Z,NON_SALE_CHARGE,,,0,0,0,0,0,0.11,USD,PAYOUT,Insertion Fee
2026-03-28T00:42:27.739Z,NON_SALE_CHARGE,,,0,0,0,0,0,0.11,USD,PAYOUT,Insertion Fee
2026-03-28T00:41:41.390Z,NON_SALE_CHARGE,,,0,0,0,0,0,0.11,USD,PAYOUT,Insertion Fee
2026-03-28T00:41:03.557Z,NON_SALE_CHARGE,,,0,0,0,0,0,0.11,USD,PAYOUT,Insertion Fee
2026-03-28T00:38:59.046Z,NON_SALE_CHARGE,,,0,0,0,0,0,0.11,USD,PAYOUT,Insertion Fee
2026-03-28T00:38:57.153Z,NON_SALE_CHARGE,,,0,0,0,0,0,0.11,USD,PAYOUT,Insertion Fee
2026-03-28T00:37:55.072Z,NON_SALE_CHARGE,,,0,0,0,0,0,0.11,USD,PAYOUT,Insertion Fee
2026-03-28T00:35:53.662Z,NON_SALE_CHARGE,,,0,0,0,0,0,0.11,USD,PAYOUT,Insertion Fee
2026-03-28T00:33:23.893Z,NON_SALE_CHARGE,,,0,0,0,0,0,0.11,USD,PAYOUT,Insertion Fee
2026-03-28T00:33:23.366Z,NON_SALE_CHARGE,,,0,0,0,0,0,0.11,USD,PAYOUT,Insertion Fee
2026-03-28T00:31:41.249Z,NON_SALE_CHARGE,,,0,0,0,0,0,0.11,USD,PAYOUT,Insertion Fee
2026-03-28T00:31:23.627Z,NON_SALE_CHARGE,,,0,0,0,0,0,0.11,USD,PAYOUT,Insertion Fee
2026-03-28T00:31:23.258Z,NON_SALE_CHARGE,,,0,0,0,0,0,0.11,USD,PAYOUT,Insertion Fee
2026-03-28T00:31:23.233Z,NON_SALE_CHARGE,,,0,0,0,0,0,0.11,USD,PAYOUT,Insertion Fee
2026-03-28T00:31:22.597Z,NON_SALE_CHARGE,,,0,0,0,0,0,0.11,USD,PAYOUT,Insertion Fee
2026-03-28T00:31:08.831Z,NON_SALE_CHARGE,,,0,0,0,0,0,0.11,USD,PAYOUT,Insertion Fee
2026-03-28T00:29:14.209Z,NON_SALE_CHARGE,,,0,0,0,0,0,0.11,USD,PAYOUT,Insertion Fee
2026-03-28T00:22:53.746Z,NON_SALE_CHARGE,,,0,0,0,0,0,0.11,USD,PAYOUT,Insertion Fee
2026-03-28T00:21:40.369Z,NON_SALE_CHARGE,,,0,0,0,0,0,0.11,USD,PAYOUT,Insertion Fee
2026-03-28T00:21:21.361Z,NON_SALE_CHARGE,,,0,0,0,0,0,0.11,USD,PAYOUT,Insertion Fee
2026-03-28T00:16:44.140Z,NON_SALE_CHARGE,,,0,0,0,0,0,0.11,USD,PAYOUT,Insertion Fee
2026-03-28T00:15:49.924Z,NON_SALE_CHARGE,,,0,0,0,0,0,0.11,USD,PAYOUT,Insertion Fee
2026-03-28T00:15:25.475Z,NON_SALE_CHARGE,,,0,0,0,0,0,0.11,USD,PAYOUT,Insertion Fee
2026-03-28T00:15:21.492Z,NON_SALE_CHARGE,,,0,0,0,0,0,0.11,USD,PAYOUT,Insertion Fee
2026-03-28T00:10:10.542Z,NON_SALE_CHARGE,,,0,0,0,0,0,0.11,USD,PAYOUT,Insertion Fee
2026-03-28T00:08:20.979Z,NON_SALE_CHARGE,,,0,0,0,0,0,0.11,USD,PAYOUT,Insertion Fee
2026-03-28T00:05:08.034Z,NON_SALE_CHARGE,,,0,0,0,0,0,0.11,USD,PAYOUT,Insertion Fee
2026-03-28T00:05:04.897Z,NON_SALE_CHARGE,,,0,0,0,0,0,0.11,USD,PAYOUT,Insertion Fee
2026-03-28T00:02:46.734Z,NON_SALE_CHARGE,,,0,0,0,0,0,0.11,USD,PAYOUT,Insertion Fee
2026-03-28T00:02:20.009Z,NON_SALE_CHARGE,,,0,0,0,0,0,0.11,USD,PAYOUT,Insertion Fee
2026-03-28T00:01:44.093Z,NON_SALE_CHARGE,,,0,0,0,0,0,0.11,USD,PAYOUT,Insertion Fee
2026-03-28T00:00:13.077Z,NON_SALE_CHARGE,,,0,0,0,0,0,0.11,USD,PAYOUT,Insertion Fee
2026-03-28T00:00:12.030Z,NON_SALE_CHARGE,,,0,0,0,0,0,0.11,USD,PAYOUT,Insertion Fee
2026-03-27T23:57:23.612Z,NON_SALE_CHARGE,,,0,0,0,0,0,0.11,USD,PAYOUT,Insertion Fee
2026-03-27T23:56:03.241Z,NON_SALE_CHARGE,,,0,0,0,0,0,0.11,USD,PAYOUT,Insertion Fee
2026-03-27T23:54:45.758Z,NON_SALE_CHARGE,,,0,0,0,0,0,0.11,USD,PAYOUT,Insertion Fee
2026-03-27T23:54:35.686Z,NON_SALE_CHARGE,,,0,0,0,0,0,0.11,USD,PAYOUT,Insertion Fee
2026-03-27T23:51:42.736Z,NON_SALE_CHARGE,,,0,0,0,0,0,0.11,USD,PAYOUT,Insertion Fee
2026-03-27T23:50:21.259Z,NON_SALE_CHARGE,,,0,0,0,0,0,0.11,USD,PAYOUT,Insertion Fee
2026-03-27T23:48:56.251Z,NON_SALE_CHARGE,,,0,0,0,0,0,0.11,USD,PAYOUT,Insertion Fee
2026-03-27T23:45:05.997Z,NON_SALE_CHARGE,,,0,0,0,0,0,0.11,USD,PAYOUT,Insertion Fee
2026-03-27T23:44:13.588Z,NON_SALE_CHARGE,,,0,0,0,0,0,0.11,USD,PAYOUT,Insertion Fee
2026-03-27T23:43:57.653Z,NON_SALE_CHARGE,,,0,0,0,0,0,0.11,USD,PAYOUT,Insertion Fee
2026-03-27T23:42:15.202Z,NON_SALE_CHARGE,,,0,0,0,0,0,0.11,USD,PAYOUT,Insertion Fee
2026-03-27T23:41:17.561Z,NON_SALE_CHARGE,,,0,0,0,0,0,0.11,USD,PAYOUT,Insertion Fee
2026-03-27T23:40:19.998Z,NON_SALE_CHARGE,,,0,0,0,0,0,0.11,USD,PAYOUT,Insertion Fee
2026-03-27T23:38:20.413Z,NON_SALE_CHARGE,,,0,0,0,0,0,0.11,USD,PAYOUT,Insertion Fee
2026-03-27T23:37:13.515Z,NON_SALE_CHARGE,,,0,0,0,0,0,0.11,USD,PAYOUT,Insertion Fee
2026-03-27T23:36:41.898Z,NON_SALE_CHARGE,,,0,0,0,0,0,0.11,USD,PAYOUT,Insertion Fee
2026-03-27T23:33:21.552Z,NON_SALE_CHARGE,,,0,0,0,0,0,0.11,USD,PAYOUT,Insertion Fee
2026-03-27T23:32:41.970Z,NON_SALE_CHARGE,,,0,0,0,0,0,0.11,USD,PAYOUT,Insertion Fee
2026-03-27T23:32:24.003Z,NON_SALE_CHARGE,,,0,0,0,0,0,0.11,USD,PAYOUT,Insertion Fee
2026-03-27T23:30:07.682Z,NON_SALE_CHARGE,,,0,0,0,0,0,0.11,USD,PAYOUT,Insertion Fee
2026-03-27T23:30:07.606Z,NON_SALE_CHARGE,,,0,0,0,0,0,0.11,USD,PAYOUT,Insertion Fee
2026-03-27T23:30:05.507Z,NON_SALE_CHARGE,,,0,0,0,0,0,0.11,USD,PAYOUT,Insertion Fee
2026-03-27T23:29:13.031Z,NON_SALE_CHARGE,,,0,0,0,0,0,0.11,USD,PAYOUT,Insertion Fee
2026-03-27T23:24:10.744Z,NON_SALE_CHARGE,,,0,0,0,0,0,0.11,USD,PAYOUT,Insertion Fee
2026-03-27T23:20:44.697Z,NON_SALE_CHARGE,,,0,0,0,0,0,0.11,USD,PAYOUT,Insertion Fee
2026-03-27T23:19:29.297Z,NON_SALE_CHARGE,,,0,0,0,0,0,0.11,USD,PAYOUT,Insertion Fee
2026-03-27T23:19:17.990Z,NON_SALE_CHARGE,,,0,0,0,0,0,0.11,USD,PAYOUT,Insertion Fee
2026-03-27T23:10:19.195Z,NON_SALE_CHARGE,,,0,0,0,0,0,0.11,USD,PAYOUT,Insertion Fee
2026-03-27T23:05:47.146Z,NON_SALE_CHARGE,,,0,0,0,0,0,0.11,USD,PAYOUT,Insertion Fee
2026-03-27T23:04:25.262Z,NON_SALE_CHARGE,,,0,0,0,0,0,0.11,USD,PAYOUT,Insertion Fee
2026-03-27T23:00:44.012Z,NON_SALE_CHARGE,,,0,0,0,0,0,0.11,USD,PAYOUT,Insertion Fee
2026-03-27T22:59:58.198Z,NON_SALE_CHARGE,,,0,0,0,0,0,0.11,USD,PAYOUT,Insertion Fee
2026-03-27T22:55:24.489Z,NON_SALE_CHARGE,,,0,0,0,0,0,0.11,USD,PAYOUT,Insertion Fee
2026-03-27T22:51:58.848Z,NON_SALE_CHARGE,,,0,0,0,0,0,0.11,USD,PAYOUT,Insertion Fee
2026-03-27T22:51:39.184Z,NON_SALE_CHARGE,,,0,0,0,0,0,0.11,USD,PAYOUT,Insertion Fee
2026-03-27T22:50:18.734Z,NON_SALE_CHARGE,,,0,0,0,0,0,0.11,USD,PAYOUT,Insertion Fee
2026-03-27T22:47:04.804Z,NON_SALE_CHARGE,,,0,0,0,0,0,0.11,USD,PAYOUT,Insertion Fee
2026-03-27T22:46:41.084Z,NON_SALE_CHARGE,,,0,0,0,0,0,0.11,USD,PAYOUT,Insertion Fee
2026-03-27T22:45:04.292Z,NON_SALE_CHARGE,,,0,0,0,0,0,0.11,USD,PAYOUT,Insertion Fee
2026-03-27T22:38:08.367Z,NON_SALE_CHARGE,,,0,0,0,0,0,0.11,USD,PAYOUT,Insertion Fee
2026-03-27T22:35:03.477Z,NON_SALE_CHARGE,,,0,0,0,0,0,0.11,USD,PAYOUT,Insertion Fee
2026-03-27T22:28:11.919Z,NON_SALE_CHARGE,,,0,0,0,0,0,0.11,USD,PAYOUT,Insertion Fee
2026-03-27T22:28:07.173Z,NON_SALE_CHARGE,,,0,0,0,0,0,0.11,USD,PAYOUT,Insertion Fee
2026-03-27T22:27:52.509Z,NON_SALE_CHARGE,,,0,0,0,0,0,0.11,USD,PAYOUT,Insertion Fee
2026-03-27T22:27:42.141Z,NON_SALE_CHARGE,,,0,0,0,0,0,0.11,USD,PAYOUT,Insertion Fee
2026-03-27T22:27:07.834Z,NON_SALE_CHARGE,,,0,0,0,0,0,0.11,USD,PAYOUT,Insertion Fee
2026-03-27T22:26:48.356Z,NON_SALE_CHARGE,,,0,0,0,0,0,0.11,USD,PAYOUT,Insertion Fee
2026-03-27T22:26:12.829Z,NON_SALE_CHARGE,,,0,0,0,0,0,0.11,USD,PAYOUT,Insertion Fee
2026-03-27T22:24:51.777Z,NON_SALE_CHARGE,,,0,0,0,0,0,0.11,USD,PAYOUT,Insertion Fee
2026-03-27T22:23:35.359Z,NON_SALE_CHARGE,,,0,0,0,0,0,0.11,USD,PAYOUT,Insertion Fee
2026-03-27T12:13:52.317Z,NON_SALE_CHARGE,,,0,0,0,0,0,0.11,USD,PAYOUT,Insertion Fee
2026-03-27T12:06:45.295Z,NON_SALE_CHARGE,,,0,0,0,0,0,0.11,USD,PAYOUT,Insertion Fee
2026-03-27T12:02:13.614Z,NON_SALE_CHARGE,,,0,0,0,0,0,0.11,USD,PAYOUT,Insertion Fee
2026-03-27T12:01:11.536Z,NON_SALE_CHARGE,,,0,0,0,0,0,0.11,USD,PAYOUT,Insertion Fee
2026-03-27T12:01:00.484Z,NON_SALE_CHARGE,,,0,0,0,0,0,0.11,USD,PAYOUT,Insertion Fee
2026-03-27T11:56:39.824Z,NON_SALE_CHARGE,,,0,0,0,0,0,0.11,USD,PAYOUT,Insertion Fee
2026-03-27T11:55:47.284Z,NON_SALE_CHARGE,,,0,0,0,0,0,0.11,USD,PAYOUT,Insertion Fee
2026-03-27T11:55:14.230Z,NON_SALE_CHARGE,,,0,0,0,0,0,0.11,USD,PAYOUT,Insertion Fee
2026-03-27T11:54:23.830Z,NON_SALE_CHARGE,,,0,0,0,0,0,0.11,USD,PAYOUT,Insertion Fee
2026-03-27T11:54:17.638Z,NON_SALE_CHARGE,,,0,0,0,0,0,0.11,USD,PAYOUT,Insertion Fee
2026-03-27T11:52:19.120Z,NON_SALE_CHARGE,,,0,0,0,0,0,0.11,USD,PAYOUT,Insertion Fee
2026-03-27T11:52:07.101Z,NON_SALE_CHARGE,,,0,0,0,0,0,0.11,USD,PAYOUT,Insertion Fee
2026-03-27T11:50:58.112Z,NON_SALE_CHARGE,,,0,0,0,0,0,0.11,USD,PAYOUT,Insertion Fee
2026-03-27T11:47:53.762Z,NON_SALE_CHARGE,,,0,0,0,0,0,0.11,USD,PAYOUT,Insertion Fee
2026-03-27T11:44:18.397Z,NON_SALE_CHARGE,,,0,0,0,0,0,0.11,USD,PAYOUT,Insertion Fee
2026-03-27T11:42:04.616Z,NON_SALE_CHARGE,,,0,0,0,0,0,0.11,USD,PAYOUT,Insertion Fee
2026-03-27T11:35:53.044Z,NON_SALE_CHARGE,,,0,0,0,0,0,0.11,USD,PAYOUT,Insertion Fee
2026-03-27T11:25:12.560Z,NON_SALE_CHARGE,,,0,0,0,0,0,0.11,USD,PAYOUT,Insertion Fee
2026-03-27T11:17:07.079Z,NON_SALE_CHARGE,,,0,0,0,0,0,0.11,USD,PAYOUT,Insertion Fee
2026-03-27T11:15:34.403Z,NON_SALE_CHARGE,,,0,0,0,0,0,0.11,USD,PAYOUT,Insertion Fee
2026-03-27T11:13:24.986Z,NON_SALE_CHARGE,,,0,0,0,0,0,0.11,USD,PAYOUT,Insertion Fee
2026-03-27T11:11:08.387Z,NON_SALE_CHARGE,,,0,0,0,0,0,0.11,USD,PAYOUT,Insertion Fee
2026-03-27T11:07:05.623Z,NON_SALE_CHARGE,,,0,0,0,0,0,0.11,USD,PAYOUT,Insertion Fee
2026-03-27T10:58:18.695Z,NON_SALE_CHARGE,,,0,0,0,0,0,0.11,USD,PAYOUT,Insertion Fee
2026-03-27T10:57:03.853Z,NON_SALE_CHARGE,,,0,0,0,0,0,0.11,USD,PAYOUT,Insertion Fee
2026-03-27T10:51:54.965Z,NON_SALE_CHARGE,,,0,0,0,0,0,0.11,USD,PAYOUT,Insertion Fee
2026-03-27T10:51:07.052Z,NON_SALE_CHARGE,,,0,0,0,0,0,0.11,USD,PAYOUT,Insertion Fee
2026-03-27T10:49:58.048Z,NON_SALE_CHARGE,,,0,0,0,0,0,0.11,USD,PAYOUT,Insertion Fee
2026-03-27T10:48:23.629Z,NON_SALE_CHARGE,,,0,0,0,0,0,0.11,USD,PAYOUT,Insertion Fee
2026-03-27T10:48:20.869Z,NON_SALE_CHARGE,,,0,0,0,0,0,0.11,USD,PAYOUT,Insertion Fee
2026-03-27T10:48:19.483Z,NON_SALE_CHARGE,,,0,0,0,0,0,0.11,USD,PAYOUT,Insertion Fee
2026-03-27T10:47:50.390Z,NON_SALE_CHARGE,,,0,0,0,0,0,0.11,USD,PAYOUT,Insertion Fee
2026-03-27T10:46:55.512Z,NON_SALE_CHARGE,,,0,0,0,0,0,0.11,USD,PAYOUT,Insertion Fee
2026-03-27T10:46:05.659Z,NON_SALE_CHARGE,,,0,0,0,0,0,0.11,USD,PAYOUT,Insertion Fee
2026-03-27T10:45:06.135Z,NON_SALE_CHARGE,,,0,0,0,0,0,0.11,USD,PAYOUT,Insertion Fee
2026-03-27T10:45:00.945Z,NON_SALE_CHARGE,,,0,0,0,0,0,0.11,USD,PAYOUT,Insertion Fee
2026-03-27T10:43:52.023Z,NON_SALE_CHARGE,,,0,0,0,0,0,0.11,USD,PAYOUT,Insertion Fee
2026-03-27T10:43:50.425Z,NON_SALE_CHARGE,,,0,0,0,0,0,0.11,USD,PAYOUT,Insertion Fee
2026-03-27T10:43:19.574Z,NON_SALE_CHARGE,,,0,0,0,0,0,0.11,USD,PAYOUT,Insertion Fee
2026-03-27T10:42:59.559Z,NON_SALE_CHARGE,,,0,0,0,0,0,0.11,USD,PAYOUT,Insertion Fee
2026-03-27T10:42:03.058Z,NON_SALE_CHARGE,,,0,0,0,0,0,0.11,USD,PAYOUT,Insertion Fee
2026-03-27T10:42:01.710Z,NON_SALE_CHARGE,,,0,0,0,0,0,0.11,USD,PAYOUT,Insertion Fee
2026-03-27T10:42:01.484Z,NON_SALE_CHARGE,,,0,0,0,0,0,0.11,USD,PAYOUT,Insertion Fee
2026-03-27T10:41:07.318Z,NON_SALE_CHARGE,,,0,0,0,0,0,0.11,USD,PAYOUT,Insertion Fee
2026-03-27T10:41:06.704Z,NON_SALE_CHARGE,,,0,0,0,0,0,0.11,USD,PAYOUT,Insertion Fee
2026-03-27T10:40:29.386Z,NON_SALE_CHARGE,,,0,0,0,0,0,0.11,USD,PAYOUT,Insertion Fee
2026-03-27T10:39:12.666Z,NON_SALE_CHARGE,,,0,0,0,0,0,0.11,USD,PAYOUT,Insertion Fee
2026-03-27T10:38:47.706Z,NON_SALE_CHARGE,,,0,0,0,0,0,0.11,USD,PAYOUT,Insertion Fee
2026-03-27T10:38:22.505Z,NON_SALE_CHARGE,,,0,0,0,0,0,0.11,USD,PAYOUT,Insertion Fee
2026-03-27T10:38:19.805Z,NON_SALE_CHARGE,,,0,0,0,0,0,0.11,USD,PAYOUT,Insertion Fee
2026-03-27T10:37:38.021Z,NON_SALE_CHARGE,,,0,0,0,0,0,0.11,USD,PAYOUT,Insertion Fee
2026-03-27T10:36:56.889Z,NON_SALE_CHARGE,,,0,0,0,0,0,0.11,USD,PAYOUT,Insertion Fee
2026-03-27T10:36:56.496Z,NON_SALE_CHARGE,,,0,0,0,0,0,0.11,USD,PAYOUT,Insertion Fee
2026-03-27T10:36:53.089Z,NON_SALE_CHARGE,,,0,0,0,0,0,0.11,USD,PAYOUT,Insertion Fee
2026-03-27T10:36:51.054Z,NON_SALE_CHARGE,,,0,0,0,0,0,0.11,USD,PAYOUT,Insertion Fee
2026-03-27T10:36:51.033Z,NON_SALE_CHARGE,,,0,0,0,0,0,0.11,USD,PAYOUT,Insertion Fee
2026-03-27T10:36:07.135Z,NON_SALE_CHARGE,,,0,0,0,0,0,0.11,USD,PAYOUT,Insertion Fee
2026-03-27T10:35:03.743Z,NON_SALE_CHARGE,,,0,0,0,0,0,0.11,USD,PAYOUT,Insertion Fee
2026-03-26T22:56:11.152Z,NON_SALE_CHARGE,,,0,0,0,0,0,8.49,USD,PAYOUT,Promoted Listings - General fee
2026-03-26T22:52:16.716Z,SALE,07-14424-33672,mommabe-353,139.99,21.56,0.44,2.29,24.29,115.7,USD,PAYOUT,
2026-03-26T04:43:35.206Z,NON_SALE_CHARGE,,,0,0,0,0,0,7.98,USD,PAYOUT,Promoted Listings - General fee
2026-03-26T04:40:04.054Z,SALE,11-14414-98677,tani_425,145,20.26,0.44,0,20.7,124.3,USD,PAYOUT,
2026-03-26T01:39:24.100Z,NON_SALE_CHARGE,,,0,0,0,0,0,17.11,USD,PAYOUT,Promoted Listings - General fee
2026-03-26T01:36:04.500Z,SALE,13-14411-93574,cainhughes,281.42,43.44,0.44,4.62,48.5,232.92,USD,PAYOUT,
2026-03-25T12:35:58.654Z,NON_SALE_CHARGE,,,0,0,0,0,0,15.36,USD,PAYOUT,Promoted Listings - General fee
2026-03-25T12:32:21.904Z,SALE,20-14398-35180,momoto_vivi,259.18,39.02,0.44,4.15,43.61,215.57,USD,PAYOUT,
2026-03-25T02:22:06.754Z,NON_SALE_CHARGE,,,0,0,0,0,0,0.11,USD,PAYOUT,Insertion Fee
2026-03-25T02:20:16.113Z,NON_SALE_CHARGE,,,0,0,0,0,0,0.11,USD,PAYOUT,Insertion Fee
2026-03-25T02:20:15.401Z,NON_SALE_CHARGE,,,0,0,0,0,0,0.11,USD,PAYOUT,Insertion Fee
2026-03-25T02:19:28.880Z,NON_SALE_CHARGE,,,0,0,0,0,0,0.11,USD,PAYOUT,Insertion Fee
2026-03-25T02:12:44.914Z,NON_SALE_CHARGE,,,0,0,0,0,0,0.11,USD,PAYOUT,Insertion Fee
2026-03-25T02:10:53.596Z,NON_SALE_CHARGE,,,0,0,0,0,0,0.11,USD,PAYOUT,Insertion Fee
2026-03-25T02:10:25.144Z,NON_SALE_CHARGE,,,0,0,0,0,0,0.11,USD,PAYOUT,Insertion Fee
2026-03-25T02:07:04.752Z,NON_SALE_CHARGE,,,0,0,0,0,0,0.11,USD,PAYOUT,Insertion Fee
2026-03-25T02:06:46.459Z,NON_SALE_CHARGE,,,0,0,0,0,0,0.11,USD,PAYOUT,Insertion Fee
2026-03-25T02:05:17.927Z,NON_SALE_CHARGE,,,0,0,0,0,0,0.11,USD,PAYOUT,Insertion Fee
2026-03-25T02:00:42.370Z,NON_SALE_CHARGE,,,0,0,0,0,0,0.11,USD,PAYOUT,Insertion Fee
2026-03-25T01:59:25.093Z,NON_SALE_CHARGE,,,0,0,0,0,0,0.11,USD,PAYOUT,Insertion Fee
2026-03-25T01:58:57.137Z,NON_SALE_CHARGE,,,0,0,0,0,0,0.11,USD,PAYOUT,Insertion Fee
2026-03-25T01:54:50.537Z,NON_SALE_CHARGE,,,0,0,0,0,0,0.11,USD,PAYOUT,Insertion Fee
2026-03-25T01:54:37.823Z,NON_SALE_CHARGE,,,0,0,0,0,0,0.11,USD,PAYOUT,Insertion Fee
2026-03-25T01:53:31.015Z,NON_SALE_CHARGE,,,0,0,0,0,0,0.11,USD,PAYOUT,Insertion Fee
2026-03-25T01:53:30.090Z,NON_SALE_CHARGE,,,0,0,0,0,0,0.11,USD,PAYOUT,Insertion Fee
2026-03-25T01:52:49.445Z,NON_SALE_CHARGE,,,0,0,0,0,0,0.11,USD,PAYOUT,Insertion Fee
2026-03-25T01:47:42.148Z,NON_SALE_CHARGE,,,0,0,0,0,0,0.11,USD,PAYOUT,Insertion Fee
2026-03-25T01:46:50.303Z,NON_SALE_CHARGE,,,0,0,0,0,0,0.11,USD,PAYOUT,Insertion Fee
2026-03-25T01:45:42.807Z,NON_SALE_CHARGE,,,0,0,0,0,0,0.11,USD,PAYOUT,Insertion Fee
2026-03-25T01:45:24.720Z,NON_SALE_CHARGE,,,0,0,0,0,0,0.11,USD,PAYOUT,Insertion Fee
2026-03-25T01:44:58.400Z,NON_SALE_CHARGE,,,0,0,0,0,0,0.11,USD,PAYOUT,Insertion Fee
2026-03-25T01:43:32.019Z,NON_SALE_CHARGE,,,0,0,0,0,0,0.11,USD,PAYOUT,Insertion Fee
2026-03-25T01:42:41.080Z,NON_SALE_CHARGE,,,0,0,0,0,0,0.11,USD,PAYOUT,Insertion Fee
2026-03-25T01:41:34.011Z,NON_SALE_CHARGE,,,0,0,0,0,0,0.11,USD,PAYOUT,Insertion Fee
2026-03-25T01:38:14.365Z,NON_SALE_CHARGE,,,0,0,0,0,0,0.11,USD,PAYOUT,Insertion Fee
2026-03-25T01:34:57.362Z,NON_SALE_CHARGE,,,0,0,0,0,0,0.11,USD,PAYOUT,Insertion Fee
2026-03-25T01:33:13.614Z,NON_SALE_CHARGE,,,0,0,0,0,0,0.11,USD,PAYOUT,Insertion Fee
2026-03-25T01:32:43.920Z,NON_SALE_CHARGE,,,0,0,0,0,0,0.11,USD,PAYOUT,Insertion Fee
2026-03-25T01:30:41.840Z,NON_SALE_CHARGE,,,0,0,0,0,0,0.11,USD,PAYOUT,Insertion Fee
2026-03-25T01:27:51.320Z,NON_SALE_CHARGE,,,0,0,0,0,0,0.11,USD,PAYOUT,Insertion Fee
2026-03-25T01:27:43.548Z,NON_SALE_CHARGE,,,0,0,0,0,0,0.11,USD,PAYOUT,Insertion Fee
2026-03-25T01:23:28.086Z,NON_SALE_CHARGE,,,0,0,0,0,0,0.11,USD,PAYOUT,Insertion Fee
2026-03-25T01:22:46.037Z,NON_SALE_CHARGE,,,0,0,0,0,0,0.11,USD,PAYOUT,Insertion Fee
2026-03-25T01:21:32.984Z,NON_SALE_CHARGE,,,0,0,0,0,0,0.11,USD,PAYOUT,Insertion Fee
2026-03-25T01:19:54.810Z,NON_SALE_CHARGE,,,0,0,0,0,0,0.11,USD,PAYOUT,Insertion Fee
2026-03-25T01:18:13.981Z,NON_SALE_CHARGE,,,0,0,0,0,0,0.11,USD,PAYOUT,Insertion Fee
2026-03-25T01:14:35.041Z,NON_SALE_CHARGE,,,0,0,0,0,0,0.11,USD,PAYOUT,Insertion Fee
2026-03-25T01:13:06.663Z,NON_SALE_CHARGE,,,0,0,0,0,0,0.11,USD,PAYOUT,Insertion Fee
2026-03-25T01:13:04.385Z,NON_SALE_CHARGE,,,0,0,0,0,0,0.11,USD,PAYOUT,Insertion Fee
2026-03-25T01:12:56.968Z,NON_SALE_CHARGE,,,0,0,0,0,0,0.11,USD,PAYOUT,Insertion Fee
2026-03-25T01:12:33.699Z,NON_SALE_CHARGE,,,0,0,0,0,0,0.11,USD,PAYOUT,Insertion Fee
2026-03-25T01:12:21.422Z,NON_SALE_CHARGE,,,0,0,0,0,0,0.11,USD,PAYOUT,Insertion Fee
2026-03-25T01:05:41.789Z,NON_SALE_CHARGE,,,0,0,0,0,0,0.11,USD,PAYOUT,Insertion Fee
2026-03-25T01:02:38.933Z,NON_SALE_CHARGE,,,0,0,0,0,0,0.11,USD,PAYOUT,Insertion Fee
2026-03-25T01:02:32.706Z,NON_SALE_CHARGE,,,0,0,0,0,0,0.11,USD,PAYOUT,Insertion Fee
2026-03-25T01:01:43.518Z,NON_SALE_CHARGE,,,0,0,0,0,0,0.11,USD,PAYOUT,Insertion Fee
2026-03-25T01:00:42.522Z,NON_SALE_CHARGE,,,0,0,0,0,0,0.11,USD,PAYOUT,Insertion Fee
2026-03-25T00:59:50.915Z,NON_SALE_CHARGE,,,0,0,0,0,0,0.11,USD,PAYOUT,Insertion Fee
2026-03-25T00:54:39.402Z,NON_SALE_CHARGE,,,0,0,0,0,0,0.11,USD,PAYOUT,Insertion Fee
2026-03-25T00:54:38.911Z,NON_SALE_CHARGE,,,0,0,0,0,0,0.11,USD,PAYOUT,Insertion Fee
2026-03-25T00:54:38.341Z,NON_SALE_CHARGE,,,0,0,0,0,0,0.11,USD,PAYOUT,Insertion Fee
2026-03-25T00:54:37.049Z,NON_SALE_CHARGE,,,0,0,0,0,0,0.11,USD,PAYOUT,Insertion Fee
2026-03-25T00:48:10.682Z,NON_SALE_CHARGE,,,0,0,0,0,0,0.11,USD,PAYOUT,Insertion Fee
2026-03-25T00:46:44.944Z,NON_SALE_CHARGE,,,0,0,0,0,0,0.11,USD,PAYOUT,Insertion Fee
2026-03-25T00:37:39.303Z,NON_SALE_CHARGE,,,0,0,0,0,0,0.11,USD,PAYOUT,Insertion Fee
2026-03-25T00:35:43.068Z,NON_SALE_CHARGE,,,0,0,0,0,0,0.11,USD,PAYOUT,Insertion Fee
2026-03-25T00:34:36.101Z,NON_SALE_CHARGE,,,0,0,0,0,0,0.11,USD,PAYOUT,Insertion Fee
2026-03-25T00:33:09.378Z,NON_SALE_CHARGE,,,0,0,0,0,0,0.11,USD,PAYOUT,Insertion Fee
2026-03-25T00:27:34.181Z,NON_SALE_CHARGE,,,0,0,0,0,0,0.11,USD,PAYOUT,Insertion Fee
2026-03-25T00:27:22.772Z,NON_SALE_CHARGE,,,0,0,0,0,0,0.11,USD,PAYOUT,Insertion Fee
2026-03-25T00:26:46.750Z,NON_SALE_CHARGE,,,0,0,0,0,0,0.11,USD,PAYOUT,Insertion Fee
2026-03-25T00:26:46.367Z,NON_SALE_CHARGE,,,0,0,0,0,0,0.11,USD,PAYOUT,Insertion Fee
2026-03-25T00:25:03.140Z,NON_SALE_CHARGE,,,0,0,0,0,0,0.11,USD,PAYOUT,Insertion Fee
2026-03-25T00:25:02.009Z,NON_SALE_CHARGE,,,0,0,0,0,0,0.11,USD,PAYOUT,Insertion Fee
2026-03-25T00:24:32.775Z,NON_SALE_CHARGE,,,0,0,0,0,0,0.11,USD,PAYOUT,Insertion Fee
2026-03-25T00:23:10.261Z,NON_SALE_CHARGE,,,0,0,0,0,0,0.11,USD,PAYOUT,Insertion Fee
2026-03-25T00:23:09.516Z,NON_SALE_CHARGE,,,0,0,0,0,0,0.11,USD,PAYOUT,Insertion Fee
2026-03-25T00:18:46.734Z,NON_SALE_CHARGE,,,0,0,0,0,0,0.11,USD,PAYOUT,Insertion Fee
2026-03-25T00:18:07.546Z,NON_SALE_CHARGE,,,0,0,0,0,0,0.11,USD,PAYOUT,Insertion Fee
2026-03-25T00:14:52.874Z,NON_SALE_CHARGE,,,0,0,0,0,0,0.11,USD,PAYOUT,Insertion Fee
2026-03-25T00:14:43.323Z,NON_SALE_CHARGE,,,0,0,0,0,0,0.11,USD,PAYOUT,Insertion Fee
2026-03-25T00:13:50.472Z,NON_SALE_CHARGE,,,0,0,0,0,0,0.11,USD,PAYOUT,Insertion Fee
2026-03-25T00:13:26.204Z,NON_SALE_CHARGE,,,0,0,0,0,0,0.11,USD,PAYOUT,Insertion Fee
2026-03-25T00:12:30.686Z,NON_SALE_CHARGE,,,0,0,0,0,0,0.11,USD,PAYOUT,Insertion Fee
2026-03-25T00:09:55.980Z,NON_SALE_CHARGE,,,0,0,0,0,0,0.11,USD,PAYOUT,Insertion Fee
2026-03-25T00:09:47.482Z,NON_SALE_CHARGE,,,0,0,0,0,0,0.11,USD,PAYOUT,Insertion Fee
2026-03-25T00:08:49.430Z,NON_SALE_CHARGE,,,0,0,0,0,0,0.11,USD,PAYOUT,Insertion Fee
2026-03-25T00:08:05.599Z,NON_SALE_CHARGE,,,0,0,0,0,0,0.11,USD,PAYOUT,Insertion Fee
2026-03-25T00:06:43.254Z,NON_SALE_CHARGE,,,0,0,0,0,0,0.11,USD,PAYOUT,Insertion Fee
2026-03-25T00:05:28.726Z,NON_SALE_CHARGE,,,0,0,0,0,0,0.11,USD,PAYOUT,Insertion Fee
2026-03-25T00:03:45.040Z,NON_SALE_CHARGE,,,0,0,0,0,0,0.11,USD,PAYOUT,Insertion Fee
2026-03-25T00:03:06.756Z,NON_SALE_CHARGE,,,0,0,0,0,0,0.11,USD,PAYOUT,Insertion Fee
2026-03-25T00:00:41.794Z,NON_SALE_CHARGE,,,0,0,0,0,0,0.11,USD,PAYOUT,Insertion Fee
2026-03-24T23:59:39.270Z,NON_SALE_CHARGE,,,0,0,0,0,0,0.11,USD,PAYOUT,Insertion Fee
2026-03-24T23:57:35.946Z,NON_SALE_CHARGE,,,0,0,0,0,0,0.11,USD,PAYOUT,Insertion Fee
2026-03-24T23:55:13.000Z,NON_SALE_CHARGE,,,0,0,0,0,0,0.11,USD,PAYOUT,Insertion Fee
2026-03-24T23:55:07.845Z,NON_SALE_CHARGE,,,0,0,0,0,0,0.11,USD,PAYOUT,Insertion Fee
2026-03-24T23:54:20.156Z,NON_SALE_CHARGE,,,0,0,0,0,0,0.11,USD,PAYOUT,Insertion Fee
2026-03-24T23:53:24.420Z,NON_SALE_CHARGE,,,0,0,0,0,0,0.11,USD,PAYOUT,Insertion Fee
2026-03-24T23:53:05.402Z,NON_SALE_CHARGE,,,0,0,0,0,0,0.11,USD,PAYOUT,Insertion Fee
2026-03-24T23:52:31.295Z,NON_SALE_CHARGE,,,0,0,0,0,0,0.11,USD,PAYOUT,Insertion Fee
2026-03-24T23:52:11.037Z,NON_SALE_CHARGE,,,0,0,0,0,0,0.11,USD,PAYOUT,Insertion Fee
2026-03-24T23:51:07.810Z,NON_SALE_CHARGE,,,0,0,0,0,0,0.11,USD,PAYOUT,Insertion Fee
2026-03-24T23:50:51.600Z,NON_SALE_CHARGE,,,0,0,0,0,0,0.11,USD,PAYOUT,Insertion Fee
2026-03-24T23:46:28.000Z,NON_SALE_CHARGE,,,0,0,0,0,0,0.11,USD,PAYOUT,Insertion Fee
2026-03-24T23:46:23.615Z,NON_SALE_CHARGE,,,0,0,0,0,0,0.11,USD,PAYOUT,Insertion Fee
2026-03-24T23:40:40.285Z,NON_SALE_CHARGE,,,0,0,0,0,0,0.11,USD,PAYOUT,Insertion Fee
2026-03-24T23:36:43.423Z,NON_SALE_CHARGE,,,0,0,0,0,0,0.11,USD,PAYOUT,Insertion Fee
2026-03-24T23:36:22.166Z,NON_SALE_CHARGE,,,0,0,0,0,0,0.11,USD,PAYOUT,Insertion Fee
2026-03-24T23:35:39.311Z,NON_SALE_CHARGE,,,0,0,0,0,0,0.11,USD,PAYOUT,Insertion Fee
2026-03-24T23:35:39.210Z,NON_SALE_CHARGE,,,0,0,0,0,0,0.11,USD,PAYOUT,Insertion Fee
2026-03-24T23:33:48.221Z,NON_SALE_CHARGE,,,0,0,0,0,0,0.11,USD,PAYOUT,Insertion Fee
2026-03-24T23:31:54.208Z,NON_SALE_CHARGE,,,0,0,0,0,0,0.11,USD,PAYOUT,Insertion Fee
2026-03-24T23:28:37.629Z,NON_SALE_CHARGE,,,0,0,0,0,0,0.11,USD,PAYOUT,Insertion Fee
2026-03-24T23:26:46.398Z,NON_SALE_CHARGE,,,0,0,0,0,0,0.11,USD,PAYOUT,Insertion Fee
2026-03-24T23:26:00.267Z,NON_SALE_CHARGE,,,0,0,0,0,0,0.11,USD,PAYOUT,Insertion Fee
2026-03-24T22:59:25.909Z,NON_SALE_CHARGE,,,0,0,0,0,0,0.11,USD,PAYOUT,Insertion Fee
2026-03-24T22:58:55.869Z,NON_SALE_CHARGE,,,0,0,0,0,0,0.11,USD,PAYOUT,Insertion Fee
2026-03-24T22:51:30.203Z,NON_SALE_CHARGE,,,0,0,0,0,0,0.11,USD,PAYOUT,Insertion Fee
2026-03-24T22:47:22.358Z,NON_SALE_CHARGE,,,0,0,0,0,0,0.11,USD,PAYOUT,Insertion Fee
2026-03-24T22:47:19.352Z,NON_SALE_CHARGE,,,0,0,0,0,0,0.11,USD,PAYOUT,Insertion Fee
2026-03-24T22:46:32.514Z,NON_SALE_CHARGE,,,0,0,0,0,0,0.11,USD,PAYOUT,Insertion Fee
2026-03-24T22:46:00.674Z,NON_SALE_CHARGE,,,0,0,0,0,0,0.11,USD,PAYOUT,Insertion Fee
2026-03-24T22:43:49.361Z,NON_SALE_CHARGE,,,0,0,0,0,0,0.11,USD,PAYOUT,Insertion Fee
2026-03-24T22:42:20.370Z,NON_SALE_CHARGE,,,0,0,0,0,0,0.11,USD,PAYOUT,Insertion Fee
2026-03-24T22:41:28.600Z,NON_SALE_CHARGE,,,0,0,0,0,0,0.11,USD,PAYOUT,Insertion Fee
2026-03-24T22:38:54.574Z,NON_SALE_CHARGE,,,0,0,0,0,0,0.11,USD,PAYOUT,Insertion Fee
2026-03-24T22:38:37.353Z,NON_SALE_CHARGE,,,0,0,0,0,0,0.11,USD,PAYOUT,Insertion Fee
2026-03-24T22:37:23.257Z,NON_SALE_CHARGE,,,0,0,0,0,0,0.11,USD,PAYOUT,Insertion Fee
2026-03-24T22:37:19.751Z,NON_SALE_CHARGE,,,0,0,0,0,0,0.11,USD,PAYOUT,Insertion Fee
2026-03-24T22:37:01.476Z,NON_SALE_CHARGE,,,0,0,0,0,0,0.11,USD,PAYOUT,Insertion Fee
2026-03-24T22:36:29.077Z,NON_SALE_CHARGE,,,0,0,0,0,0,0.11,USD,PAYOUT,Insertion Fee
2026-03-24T22:34:13.069Z,NON_SALE_CHARGE,,,0,0,0,0,0,0.11,USD,PAYOUT,Insertion Fee
2026-03-24T22:33:25.097Z,NON_SALE_CHARGE,,,0,0,0,0,0,0.11,USD,PAYOUT,Insertion Fee
2026-03-24T22:32:34.212Z,NON_SALE_CHARGE,,,0,0,0,0,0,0.11,USD,PAYOUT,Insertion Fee
2026-03-24T22:30:37.960Z,NON_SALE_CHARGE,,,0,0,0,0,0,0.11,USD,PAYOUT,Insertion Fee
2026-03-24T22:29:20.308Z,NON_SALE_CHARGE,,,0,0,0,0,0,0.11,USD,PAYOUT,Insertion Fee
2026-03-24T22:26:58.901Z,NON_SALE_CHARGE,,,0,0,0,0,0,0.11,USD,PAYOUT,Insertion Fee
2026-03-24T22:23:52.482Z,NON_SALE_CHARGE,,,0,0,0,0,0,0.11,USD,PAYOUT,Insertion Fee
2026-03-24T22:23:19.448Z,NON_SALE_CHARGE,,,0,0,0,0,0,0.11,USD,PAYOUT,Insertion Fee
2026-03-24T22:23:07.977Z,NON_SALE_CHARGE,,,0,0,0,0,0,0.11,USD,PAYOUT,Insertion Fee
2026-03-24T22:22:01.681Z,NON_SALE_CHARGE,,,0,0,0,0,0,0.11,USD,PAYOUT,Insertion Fee
2026-03-24T22:21:37.150Z,NON_SALE_CHARGE,,,0,0,0,0,0,0.11,USD,PAYOUT,Insertion Fee
2026-03-24T22:20:29.835Z,NON_SALE_CHARGE,,,0,0,0,0,0,0.11,USD,PAYOUT,Insertion Fee
2026-03-24T22:20:12.604Z,NON_SALE_CHARGE,,,0,0,0,0,0,0.11,USD,PAYOUT,Insertion Fee
2026-03-24T22:20:09.734Z,NON_SALE_CHARGE,,,0,0,0,0,0,0.11,USD,PAYOUT,Insertion Fee
2026-03-24T22:20:06.488Z,NON_SALE_CHARGE,,,0,0,0,0,0,0.11,USD,PAYOUT,Insertion Fee
2026-03-24T22:19:02.343Z,NON_SALE_CHARGE,,,0,0,0,0,0,0.11,USD,PAYOUT,Insertion Fee
2026-03-24T22:18:31.025Z,NON_SALE_CHARGE,,,0,0,0,0,0,0.11,USD,PAYOUT,Insertion Fee
2026-03-24T22:17:07.613Z,NON_SALE_CHARGE,,,0,0,0,0,0,0.11,USD,PAYOUT,Insertion Fee
2026-03-24T22:16:44.372Z,NON_SALE_CHARGE,,,0,0,0,0,0,0.11,USD,PAYOUT,Insertion Fee
2026-03-24T22:15:42.450Z,NON_SALE_CHARGE,,,0,0,0,0,0,0.11,USD,PAYOUT,Insertion Fee
2026-03-24T22:15:38.911Z,NON_SALE_CHARGE,,,0,0,0,0,0,0.11,USD,PAYOUT,Insertion Fee
2026-03-24T22:13:32.945Z,NON_SALE_CHARGE,,,0,0,0,0,0,0.11,USD,PAYOUT,Insertion Fee
2026-03-24T22:12:41.090Z,NON_SALE_CHARGE,,,0,0,0,0,0,0.11,USD,PAYOUT,Insertion Fee
2026-03-24T22:12:01.946Z,NON_SALE_CHARGE,,,0,0,0,0,0,0.11,USD,PAYOUT,Insertion Fee
2026-03-24T22:10:32.075Z,NON_SALE_CHARGE,,,0,0,0,0,0,0.11,USD,PAYOUT,Insertion Fee
2026-03-24T22:09:56.562Z,NON_SALE_CHARGE,,,0,0,0,0,0,0.11,USD,PAYOUT,Insertion Fee
2026-03-24T22:07:35.844Z,NON_SALE_CHARGE,,,0,0,0,0,0,0.11,USD,PAYOUT,Insertion Fee
2026-03-24T22:07:01.480Z,NON_SALE_CHARGE,,,0,0,0,0,0,0.11,USD,PAYOUT,Insertion Fee
2026-03-24T21:53:27.578Z,NON_SALE_CHARGE,,,0,0,0,0,0,0.11,USD,PAYOUT,Insertion Fee
2026-03-24T21:51:41.219Z,NON_SALE_CHARGE,,,0,0,0,0,0,0.11,USD,PAYOUT,Insertion Fee
2026-03-24T21:51:05.398Z,NON_SALE_CHARGE,,,0,0,0,0,0,0.11,USD,PAYOUT,Insertion Fee
2026-03-24T21:50:41.457Z,NON_SALE_CHARGE,,,0,0,0,0,0,0.11,USD,PAYOUT,Insertion Fee
2026-03-24T21:49:00.806Z,NON_SALE_CHARGE,,,0,0,0,0,0,0.11,USD,PAYOUT,Insertion Fee
2026-03-24T21:39:06.808Z,NON_SALE_CHARGE,,,0,0,0,0,0,0.11,USD,PAYOUT,Insertion Fee
2026-03-24T21:39:02.358Z,NON_SALE_CHARGE,,,0,0,0,0,0,0.11,USD,PAYOUT,Insertion Fee
2026-03-24T21:39:00.608Z,NON_SALE_CHARGE,,,0,0,0,0,0,0.11,USD,PAYOUT,Insertion Fee
2026-03-24T21:38:25.823Z,NON_SALE_CHARGE,,,0,0,0,0,0,0.11,USD,PAYOUT,Insertion Fee
2026-03-24T21:38:18.999Z,NON_SALE_CHARGE,,,0,0,0,0,0,0.11,USD,PAYOUT,Insertion Fee
2026-03-24T21:35:30.502Z,NON_SALE_CHARGE,,,0,0,0,0,0,0.11,USD,PAYOUT,Insertion Fee
2026-03-24T21:34:54.727Z,NON_SALE_CHARGE,,,0,0,0,0,0,0.11,USD,PAYOUT,Insertion Fee
2026-03-24T21:33:29.493Z,NON_SALE_CHARGE,,,0,0,0,0,0,0.11,USD,PAYOUT,Insertion Fee
2026-03-24T21:33:23.800Z,NON_SALE_CHARGE,,,0,0,0,0,0,0.11,USD,PAYOUT,Insertion Fee
2026-03-24T21:30:40.084Z,NON_SALE_CHARGE,,,0,0,0,0,0,0.11,USD,PAYOUT,Insertion Fee
2026-03-24T21:27:00.886Z,NON_SALE_CHARGE,,,0,0,0,0,0,0.11,USD,PAYOUT,Insertion Fee
2026-03-24T21:24:52.781Z,NON_SALE_CHARGE,,,0,0,0,0,0,0.11,USD,PAYOUT,Insertion Fee
2026-03-24T21:23:46.901Z,NON_SALE_CHARGE,,,0,0,0,0,0,0.11,USD,PAYOUT,Insertion Fee
2026-03-24T21:23:17.010Z,NON_SALE_CHARGE,,,0,0,0,0,0,0.11,USD,PAYOUT,Insertion Fee
2026-03-24T21:19:51.927Z,NON_SALE_CHARGE,,,0,0,0,0,0,0.11,USD,PAYOUT,Insertion Fee
2026-03-24T21:18:37.303Z,NON_SALE_CHARGE,,,0,0,0,0,0,0.11,USD,PAYOUT,Insertion Fee
2026-03-24T21:18:14.969Z,NON_SALE_CHARGE,,,0,0,0,0,0,0.11,USD,PAYOUT,Insertion Fee
2026-03-24T21:16:37.487Z,NON_SALE_CHARGE,,,0,0,0,0,0,0.11,USD,PAYOUT,Insertion Fee
2026-03-24T21:16:23.116Z,NON_SALE_CHARGE,,,0,0,0,0,0,0.11,USD,PAYOUT,Insertion Fee
2026-03-24T21:13:13.518Z,NON_SALE_CHARGE,,,0,0,0,0,0,0.11,USD,PAYOUT,Insertion Fee
2026-03-24T21:12:40.519Z,NON_SALE_CHARGE,,,0,0,0,0,0,0.11,USD,PAYOUT,Insertion Fee
2026-03-24T21:12:37.809Z,NON_SALE_CHARGE,,,0,0,0,0,0,0.11,USD,PAYOUT,Insertion Fee
2026-03-24T21:12:32.019Z,NON_SALE_CHARGE,,,0,0,0,0,0,0.11,USD,PAYOUT,Insertion Fee
2026-03-24T21:09:16.354Z,NON_SALE_CHARGE,,,0,0,0,0,0,0.11,USD,PAYOUT,Insertion Fee
2026-03-24T21:08:31.019Z,NON_SALE_CHARGE,,,0,0,0,0,0,0.11,USD,PAYOUT,Insertion Fee
2026-03-24T21:08:27.952Z,NON_SALE_CHARGE,,,0,0,0,0,0,0.11,USD,PAYOUT,Insertion Fee
2026-03-24T21:07:00.142Z,NON_SALE_CHARGE,,,0,0,0,0,0,0.11,USD,PAYOUT,Insertion Fee
2026-03-24T21:05:27.271Z,NON_SALE_CHARGE,,,0,0,0,0,0,0.11,USD,PAYOUT,Insertion Fee
2026-03-24T21:04:57.961Z,NON_SALE_CHARGE,,,0,0,0,0,0,0.11,USD,PAYOUT,Insertion Fee
2026-03-24T21:04:56.942Z,NON_SALE_CHARGE,,,0,0,0,0,0,0.11,USD,PAYOUT,Insertion Fee
2026-03-24T21:04:37.486Z,NON_SALE_CHARGE,,,0,0,0,0,0,0.11,USD,PAYOUT,Insertion Fee
2026-03-24T21:03:57.443Z,NON_SALE_CHARGE,,,0,0,0,0,0,0.11,USD,PAYOUT,Insertion Fee
2026-03-24T21:01:57.093Z,NON_SALE_CHARGE,,,0,0,0,0,0,0.11,USD,PAYOUT,Insertion Fee
2026-03-24T21:01:41.198Z,NON_SALE_CHARGE,,,0,0,0,0,0,0.11,USD,PAYOUT,Insertion Fee
2026-03-24T20:59:33.888Z,NON_SALE_CHARGE,,,0,0,0,0,0,0.11,USD,PAYOUT,Insertion Fee
2026-03-24T20:58:56.804Z,NON_SALE_CHARGE,,,0,0,0,0,0,0.11,USD,PAYOUT,Insertion Fee
2026-03-24T20:58:49.855Z,NON_SALE_CHARGE,,,0,0,0,0,0,0.11,USD,PAYOUT,Insertion Fee
2026-03-24T20:58:04.662Z,NON_SALE_CHARGE,,,0,0,0,0,0,0.11,USD,PAYOUT,Insertion Fee
2026-03-24T20:57:15.622Z,NON_SALE_CHARGE,,,0,0,0,0,0,0.11,USD,PAYOUT,Insertion Fee
2026-03-24T20:56:51.842Z,NON_SALE_CHARGE,,,0,0,0,0,0,0.11,USD,PAYOUT,Insertion Fee
2026-03-24T20:56:44.295Z,NON_SALE_CHARGE,,,0,0,0,0,0,0.11,USD,PAYOUT,Insertion Fee
2026-03-24T20:56:43.141Z,NON_SALE_CHARGE,,,0,0,0,0,0,0.11,USD,PAYOUT,Insertion Fee
2026-03-24T20:55:34.203Z,NON_SALE_CHARGE,,,0,0,0,0,0,0.11,USD,PAYOUT,Insertion Fee
2026-03-24T20:55:17.574Z,NON_SALE_CHARGE,,,0,0,0,0,0,0.11,USD,PAYOUT,Insertion Fee
2026-03-24T20:54:52.238Z,NON_SALE_CHARGE,,,0,0,0,0,0,0.11,USD,PAYOUT,Insertion Fee
2026-03-24T20:54:37.340Z,NON_SALE_CHARGE,,,0,0,0,0,0,0.11,USD,PAYOUT,Insertion Fee
2026-03-24T20:54:21.655Z,NON_SALE_CHARGE,,,0,0,0,0,0,0.11,USD,PAYOUT,Insertion Fee
2026-03-24T20:53:56.724Z,NON_SALE_CHARGE,,,0,0,0,0,0,0.11,USD,PAYOUT,Insertion Fee
2026-03-24T20:52:47.306Z,NON_SALE_CHARGE,,,0,0,0,0,0,0.11,USD,PAYOUT,Insertion Fee
2026-03-24T20:46:45.364Z,NON_SALE_CHARGE,,,0,0,0,0,0,0.11,USD,PAYOUT,Insertion Fee
2026-03-24T20:45:58.979Z,NON_SALE_CHARGE,,,0,0,0,0,0,0.11,USD,PAYOUT,Insertion Fee
2026-03-24T20:44:31.781Z,NON_SALE_CHARGE,,,0,0,0,0,0,0.11,USD,PAYOUT,Insertion Fee
2026-03-24T20:44:30.885Z,NON_SALE_CHARGE,,,0,0,0,0,0,0.11,USD,PAYOUT,Insertion Fee
2026-03-24T20:42:47.149Z,NON_SALE_CHARGE,,,0,0,0,0,0,0.11,USD,PAYOUT,Insertion Fee
2026-03-24T20:42:16.762Z,NON_SALE_CHARGE,,,0,0,0,0,0,0.11,USD,PAYOUT,Insertion Fee
2026-03-24T20:42:12.893Z,NON_SALE_CHARGE,,,0,0,0,0,0,0.11,USD,PAYOUT,Insertion Fee
2026-03-24T20:41:45.425Z,NON_SALE_CHARGE,,,0,0,0,0,0,0.11,USD,PAYOUT,Insertion Fee
2026-03-24T20:39:18.647Z,NON_SALE_CHARGE,,,0,0,0,0,0,0.11,USD,PAYOUT,Insertion Fee
2026-03-24T20:37:37.227Z,NON_SALE_CHARGE,,,0,0,0,0,0,0.11,USD,PAYOUT,Insertion Fee
2026-03-24T20:37:26.870Z,NON_SALE_CHARGE,,,0,0,0,0,0,0.11,USD,PAYOUT,Insertion Fee
2026-03-24T20:37:13.402Z,NON_SALE_CHARGE,,,0,0,0,0,0,0.11,USD,PAYOUT,Insertion Fee
2026-03-24T20:35:46.004Z,NON_SALE_CHARGE,,,0,0,0,0,0,0.11,USD,PAYOUT,Insertion Fee
2026-03-24T20:32:57.852Z,NON_SALE_CHARGE,,,0,0,0,0,0,0.11,USD,PAYOUT,Insertion Fee
2026-03-24T11:27:27.290Z,NON_SALE_CHARGE,,,0,0,0,0,0,0.11,USD,PAYOUT,Insertion Fee
2026-03-24T00:58:43.960Z,NON_SALE_CHARGE,,,0,0,0,0,0,0.11,USD,PAYOUT,Insertion Fee
2026-03-24T00:50:40.152Z,NON_SALE_CHARGE,,,0,0,0,0,0,0.11,USD,PAYOUT,Insertion Fee
2026-03-24T00:48:47.340Z,NON_SALE_CHARGE,,,0,0,0,0,0,0.11,USD,PAYOUT,Insertion Fee
2026-03-24T00:48:04.203Z,NON_SALE_CHARGE,,,0,0,0,0,0,0.11,USD,PAYOUT,Insertion Fee
2026-03-24T00:46:00.709Z,NON_SALE_CHARGE,,,0,0,0,0,0,0.11,USD,PAYOUT,Insertion Fee
2026-03-24T00:41:30.524Z,NON_SALE_CHARGE,,,0,0,0,0,0,0.11,USD,PAYOUT,Insertion Fee
2026-03-24T00:40:39.199Z,NON_SALE_CHARGE,,,0,0,0,0,0,0.11,USD,PAYOUT,Insertion Fee
2026-03-24T00:38:05.053Z,NON_SALE_CHARGE,,,0,0,0,0,0,0.11,USD,PAYOUT,Insertion Fee
2026-03-24T00:34:05.446Z,NON_SALE_CHARGE,,,0,0,0,0,0,0.11,USD,PAYOUT,Insertion Fee
2026-03-24T00:33:45.872Z,NON_SALE_CHARGE,,,0,0,0,0,0,0.11,USD,PAYOUT,Insertion Fee
2026-03-24T00:33:06.099Z,NON_SALE_CHARGE,,,0,0,0,0,0,0.11,USD,PAYOUT,Insertion Fee
2026-03-24T00:32:56.065Z,NON_SALE_CHARGE,,,0,0,0,0,0,0.11,USD,PAYOUT,Insertion Fee
2026-03-24T00:32:54.957Z,NON_SALE_CHARGE,,,0,0,0,0,0,0.11,USD,PAYOUT,Insertion Fee
2026-03-24T00:29:00.090Z,NON_SALE_CHARGE,,,0,0,0,0,0,0.11,USD,PAYOUT,Insertion Fee
2026-03-24T00:28:44.495Z,NON_SALE_CHARGE,,,0,0,0,0,0,0.11,USD,PAYOUT,Insertion Fee
2026-03-24T00:27:54.166Z,NON_SALE_CHARGE,,,0,0,0,0,0,0.11,USD,PAYOUT,Insertion Fee
2026-03-24T00:21:30.857Z,NON_SALE_CHARGE,,,0,0,0,0,0,0.11,USD,PAYOUT,Insertion Fee
2026-03-24T00:19:16.011Z,NON_SALE_CHARGE,,,0,0,0,0,0,0.11,USD,PAYOUT,Insertion Fee
2026-03-24T00:18:04.063Z,NON_SALE_CHARGE,,,0,0,0,0,0,0.11,USD,PAYOUT,Insertion Fee
2026-03-24T00:17:55.494Z,NON_SALE_CHARGE,,,0,0,0,0,0,0.11,USD,PAYOUT,Insertion Fee
2026-03-24T00:16:00.432Z,NON_SALE_CHARGE,,,0,0,0,0,0,0.11,USD,PAYOUT,Insertion Fee
2026-03-24T00:14:50.156Z,NON_SALE_CHARGE,,,0,0,0,0,0,0.11,USD,PAYOUT,Insertion Fee
2026-03-24T00:14:23.121Z,NON_SALE_CHARGE,,,0,0,0,0,0,0.11,USD,PAYOUT,Insertion Fee
2026-03-24T00:14:22.494Z,NON_SALE_CHARGE,,,0,0,0,0,0,0.11,USD,PAYOUT,Insertion Fee
2026-03-24T00:13:40.788Z,NON_SALE_CHARGE,,,0,0,0,0,0,0.11,USD,PAYOUT,Insertion Fee
2026-03-24T00:13:00.073Z,NON_SALE_CHARGE,,,0,0,0,0,0,0.11,USD,PAYOUT,Insertion Fee
2026-03-24T00:12:53.692Z,NON_SALE_CHARGE,,,0,0,0,0,0,0.11,USD,PAYOUT,Insertion Fee
2026-03-24T00:12:01.347Z,NON_SALE_CHARGE,,,0,0,0,0,0,0.11,USD,PAYOUT,Insertion Fee
2026-03-24T00:10:32.524Z,NON_SALE_CHARGE,,,0,0,0,0,0,0.11,USD,PAYOUT,Insertion Fee
2026-03-24T00:02:11.540Z,NON_SALE_CHARGE,,,0,0,0,0,0,0.11,USD,PAYOUT,Insertion Fee
2026-03-24T00:01:47.839Z,NON_SALE_CHARGE,,,0,0,0,0,0,0.11,USD,PAYOUT,Insertion Fee
2026-03-24T00:01:30.261Z,NON_SALE_CHARGE,,,0,0,0,0,0,0.11,USD,PAYOUT,Insertion Fee
2026-03-24T00:01:07.048Z,NON_SALE_CHARGE,,,0,0,0,0,0,0.11,USD,PAYOUT,Insertion Fee
2026-03-23T23:58:44.411Z,NON_SALE_CHARGE,,,0,0,0,0,0,0.11,USD,PAYOUT,Insertion Fee
2026-03-23T23:57:59.931Z,NON_SALE_CHARGE,,,0,0,0,0,0,0.11,USD,PAYOUT,Insertion Fee
2026-03-23T23:57:12.933Z,NON_SALE_CHARGE,,,0,0,0,0,0,0.11,USD,PAYOUT,Insertion Fee
2026-03-23T23:57:09.255Z,NON_SALE_CHARGE,,,0,0,0,0,0,0.11,USD,PAYOUT,Insertion Fee
2026-03-23T23:56:09.539Z,NON_SALE_CHARGE,,,0,0,0,0,0,0.11,USD,PAYOUT,Insertion Fee
2026-03-23T23:54:14.026Z,NON_SALE_CHARGE,,,0,0,0,0,0,0.11,USD,PAYOUT,Insertion Fee
2026-03-23T23:53:36.869Z,NON_SALE_CHARGE,,,0,0,0,0,0,0.11,USD,PAYOUT,Insertion Fee
2026-03-23T23:51:41.208Z,NON_SALE_CHARGE,,,0,0,0,0,0,0.11,USD,PAYOUT,Insertion Fee
2026-03-23T23:51:06.952Z,NON_SALE_CHARGE,,,0,0,0,0,0,0.11,USD,PAYOUT,Insertion Fee
2026-03-23T23:49:20.162Z,NON_SALE_CHARGE,,,0,0,0,0,0,0.11,USD,PAYOUT,Insertion Fee
2026-03-23T23:48:31.878Z,NON_SALE_CHARGE,,,0,0,0,0,0,0.11,USD,PAYOUT,Insertion Fee
2026-03-23T23:46:51.949Z,NON_SALE_CHARGE,,,0,0,0,0,0,0.11,USD,PAYOUT,Insertion Fee
2026-03-23T23:40:30.265Z,NON_SALE_CHARGE,,,0,0,0,0,0,0.11,USD,PAYOUT,Insertion Fee
2026-03-23T23:39:25.577Z,NON_SALE_CHARGE,,,0,0,0,0,0,0.11,USD,PAYOUT,Insertion Fee
2026-03-23T23:39:21.640Z,NON_SALE_CHARGE,,,0,0,0,0,0,0.11,USD,PAYOUT,Insertion Fee
2026-03-23T23:38:06.787Z,NON_SALE_CHARGE,,,0,0,0,0,0,0.11,USD,PAYOUT,Insertion Fee
2026-03-23T23:35:27.931Z,NON_SALE_CHARGE,,,0,0,0,0,0,0.11,USD,PAYOUT,Insertion Fee
2026-03-23T23:32:42.320Z,NON_SALE_CHARGE,,,0,0,0,0,0,0.11,USD,PAYOUT,Insertion Fee
2026-03-23T23:31:42.164Z,NON_SALE_CHARGE,,,0,0,0,0,0,0.11,USD,PAYOUT,Insertion Fee
2026-03-23T23:31:10.095Z,NON_SALE_CHARGE,,,0,0,0,0,0,0.11,USD,PAYOUT,Insertion Fee
2026-03-23T23:29:52.373Z,NON_SALE_CHARGE,,,0,0,0,0,0,0.11,USD,PAYOUT,Insertion Fee
2026-03-23T23:28:52.118Z,NON_SALE_CHARGE,,,0,0,0,0,0,0.11,USD,PAYOUT,Insertion Fee
2026-03-23T23:27:46.006Z,NON_SALE_CHARGE,,,0,0,0,0,0,0.11,USD,PAYOUT,Insertion Fee
2026-03-23T23:21:40.594Z,NON_SALE_CHARGE,,,0,0,0,0,0,0.11,USD,PAYOUT,Insertion Fee
2026-03-23T23:21:05.673Z,NON_SALE_CHARGE,,,0,0,0,0,0,0.11,USD,PAYOUT,Insertion Fee
2026-03-23T23:18:19.413Z,NON_SALE_CHARGE,,,0,0,0,0,0,0.11,USD,PAYOUT,Insertion Fee
2026-03-23T23:16:37.793Z,NON_SALE_CHARGE,,,0,0,0,0,0,0.11,USD,PAYOUT,Insertion Fee
2026-03-23T23:16:07.081Z,NON_SALE_CHARGE,,,0,0,0,0,0,0.11,USD,PAYOUT,Insertion Fee
2026-03-23T23:13:27.757Z,NON_SALE_CHARGE,,,0,0,0,0,0,0.11,USD,PAYOUT,Insertion Fee
2026-03-23T23:13:16.606Z,NON_SALE_CHARGE,,,0,0,0,0,0,0.11,USD,PAYOUT,Insertion Fee
2026-03-23T23:11:40.440Z,NON_SALE_CHARGE,,,0,0,0,0,0,0.11,USD,PAYOUT,Insertion Fee
2026-03-23T23:10:06.123Z,NON_SALE_CHARGE,,,0,0,0,0,0,0.11,USD,PAYOUT,Insertion Fee
2026-03-23T23:08:15.848Z,NON_SALE_CHARGE,,,0,0,0,0,0,0.11,USD,PAYOUT,Insertion Fee
2026-03-23T23:06:40.803Z,NON_SALE_CHARGE,,,0,0,0,0,0,0.11,USD,PAYOUT,Insertion Fee
2026-03-23T23:06:05.154Z,NON_SALE_CHARGE,,,0,0,0,0,0,0.11,USD,PAYOUT,Insertion Fee
2026-03-23T23:03:16.077Z,NON_SALE_CHARGE,,,0,0,0,0,0,0.11,USD,PAYOUT,Insertion Fee
2026-03-23T23:02:19.956Z,NON_SALE_CHARGE,,,0,0,0,0,0,0.11,USD,PAYOUT,Insertion Fee
2026-03-23T23:00:21.854Z,NON_SALE_CHARGE,,,0,0,0,0,0,0.11,USD,PAYOUT,Insertion Fee
2026-03-23T22:59:14.681Z,NON_SALE_CHARGE,,,0,0,0,0,0,0.11,USD,PAYOUT,Insertion Fee
2026-03-23T22:58:58.005Z,NON_SALE_CHARGE,,,0,0,0,0,0,0.11,USD,PAYOUT,Insertion Fee
2026-03-23T22:58:25.262Z,NON_SALE_CHARGE,,,0,0,0,0,0,0.11,USD,PAYOUT,Insertion Fee
2026-03-23T22:53:55.840Z,NON_SALE_CHARGE,,,0,0,0,0,0,0.11,USD,PAYOUT,Insertion Fee
2026-03-23T22:52:30.588Z,NON_SALE_CHARGE,,,0,0,0,0,0,0.11,USD,PAYOUT,Insertion Fee
2026-03-23T22:51:16.358Z,NON_SALE_CHARGE,,,0,0,0,0,0,0.11,USD,PAYOUT,Insertion Fee
2026-03-23T22:50:08.409Z,NON_SALE_CHARGE,,,0,0,0,0,0,0.11,USD,PAYOUT,Insertion Fee
2026-03-23T22:47:09.348Z,NON_SALE_CHARGE,,,0,0,0,0,0,0.11,USD,PAYOUT,Insertion Fee
2026-03-23T22:40:58.738Z,NON_SALE_CHARGE,,,0,0,0,0,0,0.11,USD,PAYOUT,Insertion Fee
2026-03-23T22:40:46.341Z,NON_SALE_CHARGE,,,0,0,0,0,0,0.11,USD,PAYOUT,Insertion Fee
2026-03-23T22:40:10.815Z,NON_SALE_CHARGE,,,0,0,0,0,0,0.11,USD,PAYOUT,Insertion Fee
2026-03-23T22:37:26.530Z,NON_SALE_CHARGE,,,0,0,0,0,0,0.11,USD,PAYOUT,Insertion Fee
2026-03-23T22:36:17.657Z,NON_SALE_CHARGE,,,0,0,0,0,0,0.11,USD,PAYOUT,Insertion Fee
2026-03-23T22:35:08.696Z,NON_SALE_CHARGE,,,0,0,0,0,0,0.11,USD,PAYOUT,Insertion Fee
2026-03-23T22:32:56.747Z,NON_SALE_CHARGE,,,0,0,0,0,0,0.11,USD,PAYOUT,Insertion Fee
2026-03-23T22:28:46.660Z,NON_SALE_CHARGE,,,0,0,0,0,0,0.11,USD,PAYOUT,Insertion Fee
2026-03-23T22:28:03.630Z,NON_SALE_CHARGE,,,0,0,0,0,0,0.11,USD,PAYOUT,Insertion Fee
2026-03-23T22:26:13.338Z,NON_SALE_CHARGE,,,0,0,0,0,0,0.11,USD,PAYOUT,Insertion Fee
2026-03-23T22:25:10.139Z,NON_SALE_CHARGE,,,0,0,0,0,0,0.11,USD,PAYOUT,Insertion Fee
2026-03-23T22:24:00.097Z,NON_SALE_CHARGE,,,0,0,0,0,0,0.11,USD,PAYOUT,Insertion Fee
2026-03-23T22:20:11.579Z,NON_SALE_CHARGE,,,0,0,0,0,0,0.11,USD,PAYOUT,Insertion Fee
2026-03-23T22:18:57.310Z,NON_SALE_CHARGE,,,0,0,0,0,0,0.11,USD,PAYOUT,Insertion Fee
2026-03-23T22:15:39.338Z,NON_SALE_CHARGE,,,0,0,0,0,0,0.11,USD,PAYOUT,Insertion Fee
2026-03-23T22:13:02.992Z,NON_SALE_CHARGE,,,0,0,0,0,0,0.11,USD,PAYOUT,Insertion Fee
2026-03-23T22:10:19.156Z,NON_SALE_CHARGE,,,0,0,0,0,0,0.11,USD,PAYOUT,Insertion Fee
2026-03-23T22:05:35.934Z,NON_SALE_CHARGE,,,0,0,0,0,0,0.11,USD,PAYOUT,Insertion Fee
2026-03-23T22:03:54.601Z,NON_SALE_CHARGE,,,0,0,0,0,0,0.11,USD,PAYOUT,Insertion Fee
2026-03-23T22:03:37.105Z,NON_SALE_CHARGE,,,0,0,0,0,0,0.11,USD,PAYOUT,Insertion Fee
2026-03-23T22:03:18.352Z,NON_SALE_CHARGE,,,0,0,0,0,0,0.11,USD,PAYOUT,Insertion Fee
2026-03-23T22:01:57.834Z,NON_SALE_CHARGE,,,0,0,0,0,0,0.11,USD,PAYOUT,Insertion Fee
2026-03-23T21:56:55.904Z,NON_SALE_CHARGE,,,0,0,0,0,0,0.11,USD,PAYOUT,Insertion Fee
2026-03-23T21:54:32.391Z,NON_SALE_CHARGE,,,0,0,0,0,0,0.11,USD,PAYOUT,Insertion Fee
2026-03-23T21:53:59.616Z,NON_SALE_CHARGE,,,0,0,0,0,0,0.11,USD,PAYOUT,Insertion Fee
2026-03-23T21:53:58.457Z,NON_SALE_CHARGE,,,0,0,0,0,0,0.11,USD,PAYOUT,Insertion Fee
2026-03-23T21:52:45.330Z,NON_SALE_CHARGE,,,0,0,0,0,0,0.11,USD,PAYOUT,Insertion Fee
2026-03-23T21:51:59.324Z,NON_SALE_CHARGE,,,0,0,0,0,0,0.11,USD,PAYOUT,Insertion Fee
2026-03-23T21:46:59.713Z,NON_SALE_CHARGE,,,0,0,0,0,0,0.11,USD,PAYOUT,Insertion Fee
2026-03-23T21:45:21.353Z,NON_SALE_CHARGE,,,0,0,0,0,0,0.11,USD,PAYOUT,Insertion Fee
2026-03-23T21:45:16.686Z,NON_SALE_CHARGE,,,0,0,0,0,0,0.11,USD,PAYOUT,Insertion Fee
2026-03-23T21:44:20.179Z,NON_SALE_CHARGE,,,0,0,0,0,0,0.11,USD,PAYOUT,Insertion Fee
2026-03-23T21:43:52.866Z,NON_SALE_CHARGE,,,0,0,0,0,0,0.11,USD,PAYOUT,Insertion Fee
2026-03-23T21:41:45.625Z,NON_SALE_CHARGE,,,0,0,0,0,0,0.11,USD,PAYOUT,Insertion Fee
2026-03-23T21:41:31.456Z,NON_SALE_CHARGE,,,0,0,0,0,0,0.11,USD,PAYOUT,Insertion Fee
2026-03-23T21:34:51.289Z,NON_SALE_CHARGE,,,0,0,0,0,0,0.11,USD,PAYOUT,Insertion Fee
2026-03-23T21:33:34.386Z,NON_SALE_CHARGE,,,0,0,0,0,0,0.11,USD,PAYOUT,Insertion Fee
2026-03-23T21:28:31.809Z,NON_SALE_CHARGE,,,0,0,0,0,0,0.11,USD,PAYOUT,Insertion Fee
2026-03-23T21:26:56.783Z,NON_SALE_CHARGE,,,0,0,0,0,0,0.11,USD,PAYOUT,Insertion Fee
2026-03-23T21:24:09.353Z,NON_SALE_CHARGE,,,0,0,0,0,0,0.11,USD,PAYOUT,Insertion Fee
2026-03-23T21:23:15.353Z,NON_SALE_CHARGE,,,0,0,0,0,0,0.11,USD,PAYOUT,Insertion Fee
2026-03-23T21:22:48.819Z,NON_SALE_CHARGE,,,0,0,0,0,0,0.11,USD,PAYOUT,Insertion Fee
2026-03-23T20:34:23.368Z,NON_SALE_CHARGE,,,0,0,0,0,0,0.11,USD,PAYOUT,Insertion Fee
2026-03-23T20:33:41.934Z,NON_SALE_CHARGE,,,0,0,0,0,0,0.11,USD,PAYOUT,Insertion Fee
2026-03-23T20:31:41.710Z,NON_SALE_CHARGE,,,0,0,0,0,0,0.11,USD,PAYOUT,Insertion Fee
2026-03-23T20:31:08.319Z,NON_SALE_CHARGE,,,0,0,0,0,0,0.11,USD,PAYOUT,Insertion Fee
2026-03-23T20:30:02.918Z,NON_SALE_CHARGE,,,0,0,0,0,0,0.11,USD,PAYOUT,Insertion Fee
2026-03-23T20:25:48.730Z,NON_SALE_CHARGE,,,0,0,0,0,0,0.11,USD,PAYOUT,Insertion Fee
2026-03-23T20:25:29.981Z,NON_SALE_CHARGE,,,0,0,0,0,0,0.11,USD,PAYOUT,Insertion Fee
2026-03-23T20:25:01.678Z,NON_SALE_CHARGE,,,0,0,0,0,0,0.11,USD,PAYOUT,Insertion Fee
2026-03-23T20:24:45.971Z,NON_SALE_CHARGE,,,0,0,0,0,0,0.11,USD,PAYOUT,Insertion Fee
2026-03-23T20:24:33.190Z,NON_SALE_CHARGE,,,0,0,0,0,0,0.11,USD,PAYOUT,Insertion Fee
2026-03-23T20:24:24.597Z,NON_SALE_CHARGE,,,0,0,0,0,0,0.11,USD,PAYOUT,Insertion Fee
2026-03-23T20:23:25.587Z,NON_SALE_CHARGE,,,0,0,0,0,0,0.11,USD,PAYOUT,Insertion Fee
2026-03-23T20:22:29.686Z,NON_SALE_CHARGE,,,0,0,0,0,0,0.11,USD,PAYOUT,Insertion Fee
2026-03-23T20:21:50.128Z,NON_SALE_CHARGE,,,0,0,0,0,0,0.11,USD,PAYOUT,Insertion Fee
2026-03-23T20:21:28.500Z,NON_SALE_CHARGE,,,0,0,0,0,0,0.11,USD,PAYOUT,Insertion Fee
2026-03-23T20:21:25.835Z,NON_SALE_CHARGE,,,0,0,0,0,0,0.11,USD,PAYOUT,Insertion Fee
2026-03-23T20:21:24.280Z,NON_SALE_CHARGE,,,0,0,0,0,0,0.11,USD,PAYOUT,Insertion Fee
2026-03-23T20:20:01.083Z,NON_SALE_CHARGE,,,0,0,0,0,0,0.11,USD,PAYOUT,Insertion Fee
2026-03-23T20:19:04.045Z,NON_SALE_CHARGE,,,0,0,0,0,0,0.11,USD,PAYOUT,Insertion Fee
2026-03-23T20:18:00.000Z,NON_SALE_CHARGE,,,0,0,0,0,0,0.11,USD,PAYOUT,Insertion Fee
2026-03-23T20:16:44.707Z,NON_SALE_CHARGE,,,0,0,0,0,0,0.11,USD,PAYOUT,Insertion Fee
2026-03-23T20:16:26.486Z,NON_SALE_CHARGE,,,0,0,0,0,0,0.11,USD,PAYOUT,Insertion Fee
2026-03-23T20:14:58.278Z,NON_SALE_CHARGE,,,0,0,0,0,0,0.11,USD,PAYOUT,Insertion Fee
2026-03-23T20:14:58.202Z,NON_SALE_CHARGE,,,0,0,0,0,0,0.11,USD,PAYOUT,Insertion Fee
2026-03-23T20:14:44.919Z,NON_SALE_CHARGE,,,0,0,0,0,0,0.11,USD,PAYOUT,Insertion Fee
2026-03-23T20:14:39.597Z,NON_SALE_CHARGE,,,0,0,0,0,0,0.11,USD,PAYOUT,Insertion Fee
2026-03-23T20:14:21.863Z,NON_SALE_CHARGE,,,0,0,0,0,0,0.11,USD,PAYOUT,Insertion Fee
2026-03-23T20:13:57.301Z,NON_SALE_CHARGE,,,0,0,0,0,0,0.11,USD,PAYOUT,Insertion Fee
2026-03-23T20:13:34.846Z,NON_SALE_CHARGE,,,0,0,0,0,0,0.11,USD,PAYOUT,Insertion Fee
2026-03-23T20:12:52.872Z,NON_SALE_CHARGE,,,0,0,0,0,0,0.11,USD,PAYOUT,Insertion Fee
2026-03-23T20:12:52.724Z,NON_SALE_CHARGE,,,0,0,0,0,0,0.11,USD,PAYOUT,Insertion Fee
2026-03-23T20:12:33.456Z,NON_SALE_CHARGE,,,0,0,0,0,0,0.11,USD,PAYOUT,Insertion Fee
2026-03-23T20:11:46.785Z,NON_SALE_CHARGE,,,0,0,0,0,0,0.11,USD,PAYOUT,Insertion Fee
2026-03-23T20:11:18.147Z,NON_SALE_CHARGE,,,0,0,0,0,0,0.11,USD,PAYOUT,Insertion Fee
2026-03-23T20:10:38.053Z,NON_SALE_CHARGE,,,0,0,0,0,0,0.11,USD,PAYOUT,Insertion Fee
2026-03-23T20:10:11.193Z,NON_SALE_CHARGE,,,0,0,0,0,0,0.11,USD,PAYOUT,Insertion Fee
2026-03-23T20:03:58.236Z,NON_SALE_CHARGE,,,0,0,0,0,0,0.11,USD,PAYOUT,Insertion Fee
2026-03-23T19:59:16.693Z,NON_SALE_CHARGE,,,0,0,0,0,0,0.11,USD,PAYOUT,Insertion Fee
2026-03-23T19:40:15.786Z,NON_SALE_CHARGE,,,0,0,0,0,0,0.11,USD,PAYOUT,Insertion Fee
2026-03-23T19:38:32.834Z,NON_SALE_CHARGE,,,0,0,0,0,0,0.11,USD,PAYOUT,Insertion Fee
2026-03-23T19:38:05.474Z,NON_SALE_CHARGE,,,0,0,0,0,0,0.11,USD,PAYOUT,Insertion Fee
2026-03-23T19:37:48.688Z,NON_SALE_CHARGE,,,0,0,0,0,0,0.11,USD,PAYOUT,Insertion Fee
2026-03-23T19:34:35.893Z,NON_SALE_CHARGE,,,0,0,0,0,0,0.11,USD,PAYOUT,Insertion Fee
2026-03-23T19:28:23.083Z,NON_SALE_CHARGE,,,0,0,0,0,0,0.11,USD,PAYOUT,Insertion Fee
2026-03-23T19:26:54.800Z,NON_SALE_CHARGE,,,0,0,0,0,0,0.11,USD,PAYOUT,Insertion Fee
2026-03-23T19:26:21.696Z,NON_SALE_CHARGE,,,0,0,0,0,0,0.11,USD,PAYOUT,Insertion Fee
2026-03-23T19:25:33.614Z,NON_SALE_CHARGE,,,0,0,0,0,0,0.11,USD,PAYOUT,Insertion Fee
2026-03-23T19:24:36.153Z,NON_SALE_CHARGE,,,0,0,0,0,0,0.11,USD,PAYOUT,Insertion Fee
2026-03-23T19:24:22.367Z,NON_SALE_CHARGE,,,0,0,0,0,0,0.11,USD,PAYOUT,Insertion Fee
2026-03-23T19:23:06.256Z,NON_SALE_CHARGE,,,0,0,0,0,0,0.11,USD,PAYOUT,Insertion Fee
2026-03-23T19:18:26.123Z,NON_SALE_CHARGE,,,0,0,0,0,0,0.11,USD,PAYOUT,Insertion Fee
2026-03-23T19:18:11.273Z,NON_SALE_CHARGE,,,0,0,0,0,0,0.11,USD,PAYOUT,Insertion Fee
2026-03-23T19:17:56.316Z,NON_SALE_CHARGE,,,0,0,0,0,0,0.11,USD,PAYOUT,Insertion Fee
2026-03-23T19:17:52.640Z,NON_SALE_CHARGE,,,0,0,0,0,0,0.11,USD,PAYOUT,Insertion Fee
2026-03-23T19:17:19.872Z,NON_SALE_CHARGE,,,0,0,0,0,0,0.11,USD,PAYOUT,Insertion Fee
2026-03-23T19:15:21.698Z,NON_SALE_CHARGE,,,0,0,0,0,0,0.11,USD,PAYOUT,Insertion Fee
2026-03-23T19:14:49.962Z,NON_SALE_CHARGE,,,0,0,0,0,0,0.11,USD,PAYOUT,Insertion Fee
2026-03-23T19:14:48.122Z,NON_SALE_CHARGE,,,0,0,0,0,0,0.11,USD,PAYOUT,Insertion Fee
2026-03-23T19:14:32.673Z,NON_SALE_CHARGE,,,0,0,0,0,0,0.11,USD,PAYOUT,Insertion Fee
2026-03-23T19:13:24.588Z,NON_SALE_CHARGE,,,0,0,0,0,0,0.11,USD,PAYOUT,Insertion Fee
2026-03-23T19:13:15.869Z,NON_SALE_CHARGE,,,0,0,0,0,0,0.11,USD,PAYOUT,Insertion Fee
2026-03-23T19:12:50.199Z,NON_SALE_CHARGE,,,0,0,0,0,0,0.11,USD,PAYOUT,Insertion Fee
2026-03-23T19:12:48.046Z,NON_SALE_CHARGE,,,0,0,0,0,0,0.11,USD,PAYOUT,Insertion Fee
2026-03-23T19:12:02.197Z,NON_SALE_CHARGE,,,0,0,0,0,0,0.11,USD,PAYOUT,Insertion Fee
2026-03-23T19:11:38.776Z,NON_SALE_CHARGE,,,0,0,0,0,0,0.11,USD,PAYOUT,Insertion Fee
2026-03-23T19:11:34.220Z,NON_SALE_CHARGE,,,0,0,0,0,0,0.11,USD,PAYOUT,Insertion Fee
2026-03-23T19:10:06.036Z,NON_SALE_CHARGE,,,0,0,0,0,0,0.11,USD,PAYOUT,Insertion Fee
2026-03-23T19:10:02.659Z,NON_SALE_CHARGE,,,0,0,0,0,0,0.11,USD,PAYOUT,Insertion Fee
2026-03-23T19:08:52.076Z,NON_SALE_CHARGE,,,0,0,0,0,0,0.11,USD,PAYOUT,Insertion Fee
2026-03-23T19:05:25.104Z,NON_SALE_CHARGE,,,0,0,0,0,0,0.11,USD,PAYOUT,Insertion Fee
2026-03-23T19:05:19.809Z,NON_SALE_CHARGE,,,0,0,0,0,0,0.11,USD,PAYOUT,Insertion Fee
2026-03-23T19:03:16.263Z,NON_SALE_CHARGE,,,0,0,0,0,0,0.11,USD,PAYOUT,Insertion Fee
2026-03-23T19:02:58.863Z,NON_SALE_CHARGE,,,0,0,0,0,0,0.11,USD,PAYOUT,Insertion Fee
2026-03-23T19:01:00.516Z,NON_SALE_CHARGE,,,0,0,0,0,0,0.11,USD,PAYOUT,Insertion Fee
2026-03-23T19:00:39.281Z,NON_SALE_CHARGE,,,0,0,0,0,0,0.11,USD,PAYOUT,Insertion Fee
2026-03-23T19:00:03.890Z,NON_SALE_CHARGE,,,0,0,0,0,0,0.11,USD,PAYOUT,Insertion Fee
2026-03-23T18:59:13.500Z,NON_SALE_CHARGE,,,0,0,0,0,0,0.11,USD,PAYOUT,Insertion Fee
2026-03-23T18:58:57.906Z,NON_SALE_CHARGE,,,0,0,0,0,0,0.11,USD,PAYOUT,Insertion Fee
2026-03-23T18:58:52.042Z,NON_SALE_CHARGE,,,0,0,0,0,0,0.11,USD,PAYOUT,Insertion Fee
2026-03-23T18:55:19.733Z,NON_SALE_CHARGE,,,0,0,0,0,0,0.11,USD,PAYOUT,Insertion Fee
2026-03-23T18:54:57.843Z,NON_SALE_CHARGE,,,0,0,0,0,0,0.11,USD,PAYOUT,Insertion Fee
2026-03-23T18:54:41.020Z,NON_SALE_CHARGE,,,0,0,0,0,0,0.11,USD,PAYOUT,Insertion Fee
2026-03-23T18:54:01.501Z,NON_SALE_CHARGE,,,0,0,0,0,0,0.11,USD,PAYOUT,Insertion Fee
2026-03-23T18:52:46.515Z,NON_SALE_CHARGE,,,0,0,0,0,0,0.11,USD,PAYOUT,Insertion Fee
2026-03-23T18:52:39.604Z,NON_SALE_CHARGE,,,0,0,0,0,0,0.11,USD,PAYOUT,Insertion Fee
2026-03-23T18:52:03.292Z,NON_SALE_CHARGE,,,0,0,0,0,0,0.11,USD,PAYOUT,Insertion Fee
2026-03-23T18:48:50.610Z,NON_SALE_CHARGE,,,0,0,0,0,0,0.11,USD,PAYOUT,Insertion Fee
2026-03-23T18:48:42.407Z,NON_SALE_CHARGE,,,0,0,0,0,0,0.11,USD,PAYOUT,Insertion Fee
2026-03-23T18:46:45.538Z,NON_SALE_CHARGE,,,0,0,0,0,0,0.11,USD,PAYOUT,Insertion Fee
2026-03-23T18:45:43.082Z,NON_SALE_CHARGE,,,0,0,0,0,0,0.11,USD,PAYOUT,Insertion Fee
2026-03-23T18:44:17.608Z,NON_SALE_CHARGE,,,0,0,0,0,0,0.11,USD,PAYOUT,Insertion Fee
2026-03-23T18:44:17.047Z,NON_SALE_CHARGE,,,0,0,0,0,0,0.11,USD,PAYOUT,Insertion Fee
2026-03-23T18:44:10.426Z,NON_SALE_CHARGE,,,0,0,0,0,0,0.11,USD,PAYOUT,Insertion Fee
2026-03-23T18:43:33.100Z,NON_SALE_CHARGE,,,0,0,0,0,0,0.11,USD,PAYOUT,Insertion Fee
2026-03-23T18:43:09.373Z,NON_SALE_CHARGE,,,0,0,0,0,0,0.11,USD,PAYOUT,Insertion Fee
2026-03-23T18:42:03.812Z,NON_SALE_CHARGE,,,0,0,0,0,0,0.11,USD,PAYOUT,Insertion Fee
2026-03-23T18:38:25.523Z,NON_SALE_CHARGE,,,0,0,0,0,0,0.11,USD,PAYOUT,Insertion Fee
2026-03-23T18:38:22.087Z,NON_SALE_CHARGE,,,0,0,0,0,0,0.11,USD,PAYOUT,Insertion Fee
2026-03-23T18:37:34.850Z,NON_SALE_CHARGE,,,0,0,0,0,0,0.11,USD,PAYOUT,Insertion Fee
2026-03-23T18:35:50.960Z,NON_SALE_CHARGE,,,0,0,0,0,0,0.11,USD,PAYOUT,Insertion Fee
2026-03-23T18:34:37.043Z,NON_SALE_CHARGE,,,0,0,0,0,0,0.11,USD,PAYOUT,Insertion Fee
2026-03-23T18:34:03.215Z,NON_SALE_CHARGE,,,0,0,0,0,0,0.11,USD,PAYOUT,Insertion Fee
2026-03-23T18:34:02.393Z,NON_SALE_CHARGE,,,0,0,0,0,0,0.11,USD,PAYOUT,Insertion Fee
2026-03-23T18:33:12.909Z,NON_SALE_CHARGE,,,0,0,0,0,0,0.11,USD,PAYOUT,Insertion Fee
2026-03-23T18:32:04.473Z,NON_SALE_CHARGE,,,0,0,0,0,0,0.11,USD,PAYOUT,Insertion Fee
2026-03-23T18:32:00.012Z,NON_SALE_CHARGE,,,0,0,0,0,0,0.11,USD,PAYOUT,Insertion Fee
2026-03-23T16:57:20.263Z,SALE,08-14407-33692,su-74864,109.01,16.58,0.44,1.76,18.78,90.23,USD,PAYOUT,
2026-03-23T12:42:28.091Z,NON_SALE_CHARGE,,,0,0,0,0,0,16.4,USD,PAYOUT,Promoted Listings - General fee
2026-03-23T03:30:29.725Z,NON_SALE_CHARGE,,,0,0,0,0,0,0.11,USD,PAYOUT,Insertion Fee
2026-03-23T03:26:35.732Z,NON_SALE_CHARGE,,,0,0,0,0,0,0.11,USD,PAYOUT,Insertion Fee
2026-03-23T03:20:31.647Z,NON_SALE_CHARGE,,,0,0,0,0,0,0.11,USD,PAYOUT,Insertion Fee
2026-03-23T03:13:42.239Z,NON_SALE_CHARGE,,,0,0,0,0,0,0.11,USD,PAYOUT,Insertion Fee
2026-03-23T02:57:27.479Z,NON_SALE_CHARGE,,,0,0,0,0,0,0.11,USD,PAYOUT,Insertion Fee
2026-03-23T02:47:28.551Z,NON_SALE_CHARGE,,,0,0,0,0,0,0.11,USD,PAYOUT,Insertion Fee
2026-03-23T02:45:30.298Z,NON_SALE_CHARGE,,,0,0,0,0,0,0.11,USD,PAYOUT,Insertion Fee
2026-03-23T02:43:45.473Z,NON_SALE_CHARGE,,,0,0,0,0,0,0.11,USD,PAYOUT,Insertion Fee
2026-03-23T02:43:08.722Z,NON_SALE_CHARGE,,,0,0,0,0,0,0.11,USD,PAYOUT,Insertion Fee
2026-03-23T02:42:28.887Z,NON_SALE_CHARGE,,,0,0,0,0,0,0.11,USD,PAYOUT,Insertion Fee
2026-03-23T02:39:53.260Z,NON_SALE_CHARGE,,,0,0,0,0,0,0.11,USD,PAYOUT,Insertion Fee
2026-03-23T02:38:08.473Z,NON_SALE_CHARGE,,,0,0,0,0,0,0.11,USD,PAYOUT,Insertion Fee
2026-03-23T02:37:27.522Z,NON_SALE_CHARGE,,,0,0,0,0,0,0.11,USD,PAYOUT,Insertion Fee
2026-03-23T02:37:15.945Z,NON_SALE_CHARGE,,,0,0,0,0,0,0.11,USD,PAYOUT,Insertion Fee
2026-03-23T02:16:09.987Z,NON_SALE_CHARGE,,,0,0,0,0,0,0.11,USD,PAYOUT,Insertion Fee
2026-03-23T02:07:27.940Z,NON_SALE_CHARGE,,,0,0,0,0,0,0.11,USD,PAYOUT,Insertion Fee
2026-03-23T02:07:07.811Z,NON_SALE_CHARGE,,,0,0,0,0,0,0.11,USD,PAYOUT,Insertion Fee
2026-03-23T02:06:58.933Z,NON_SALE_CHARGE,,,0,0,0,0,0,0.11,USD,PAYOUT,Insertion Fee
2026-03-23T02:05:22.140Z,NON_SALE_CHARGE,,,0,0,0,0,0,0.11,USD,PAYOUT,Insertion Fee
2026-03-23T02:03:01.751Z,NON_SALE_CHARGE,,,0,0,0,0,0,0.11,USD,PAYOUT,Insertion Fee
2026-03-23T02:02:07.363Z,NON_SALE_CHARGE,,,0,0,0,0,0,0.11,USD,PAYOUT,Insertion Fee
2026-03-23T02:01:59.145Z,NON_SALE_CHARGE,,,0,0,0,0,0,0.11,USD,PAYOUT,Insertion Fee
2026-03-23T01:52:10.609Z,NON_SALE_CHARGE,,,0,0,0,0,0,0.11,USD,PAYOUT,Insertion Fee
2026-03-23T01:50:30.068Z,NON_SALE_CHARGE,,,0,0,0,0,0,0.11,USD,PAYOUT,Insertion Fee
2026-03-23T01:48:00.560Z,NON_SALE_CHARGE,,,0,0,0,0,0,0.11,USD,PAYOUT,Insertion Fee
2026-03-23T01:45:29.398Z,NON_SALE_CHARGE,,,0,0,0,0,0,0.11,USD,PAYOUT,Insertion Fee
2026-03-23T01:40:20.153Z,NON_SALE_CHARGE,,,0,0,0,0,0,0.11,USD,PAYOUT,Insertion Fee
2026-03-23T01:30:03.109Z,NON_SALE_CHARGE,,,0,0,0,0,0,0.11,USD,PAYOUT,Insertion Fee
2026-03-23T01:28:33.076Z,NON_SALE_CHARGE,,,0,0,0,0,0,0.11,USD,PAYOUT,Insertion Fee
2026-03-23T01:25:47.789Z,NON_SALE_CHARGE,,,0,0,0,0,0,0.11,USD,PAYOUT,Insertion Fee
2026-03-23T01:15:43.743Z,NON_SALE_CHARGE,,,0,0,0,0,0,0.11,USD,PAYOUT,Insertion Fee
2026-03-23T01:05:36.917Z,NON_SALE_CHARGE,,,0,0,0,0,0,0.11,USD,PAYOUT,Insertion Fee
2026-03-23T01:04:55.721Z,NON_SALE_CHARGE,,,0,0,0,0,0,0.11,USD,PAYOUT,Insertion Fee
2026-03-23T01:04:40.085Z,NON_SALE_CHARGE,,,0,0,0,0,0,0.11,USD,PAYOUT,Insertion Fee
2026-03-23T01:02:37.883Z,NON_SALE_CHARGE,,,0,0,0,0,0,0.11,USD,PAYOUT,Insertion Fee
2026-03-23T00:45:27.748Z,NON_SALE_CHARGE,,,0,0,0,0,0,0.11,USD,PAYOUT,Insertion Fee
2026-03-23T00:44:13.280Z,NON_SALE_CHARGE,,,0,0,0,0,0,0.11,USD,PAYOUT,Insertion Fee
2026-03-23T00:42:48.086Z,NON_SALE_CHARGE,,,0,0,0,0,0,0.11,USD,PAYOUT,Insertion Fee
2026-03-23T00:39:15.201Z,NON_SALE_CHARGE,,,0,0,0,0,0,0.11,USD,PAYOUT,Insertion Fee
2026-03-23T00:34:53.755Z,NON_SALE_CHARGE,,,0,0,0,0,0,0.11,USD,PAYOUT,Insertion Fee
2026-03-23T00:34:15.390Z,NON_SALE_CHARGE,,,0,0,0,0,0,0.11,USD,PAYOUT,Insertion Fee
2026-03-23T00:33:21.354Z,NON_SALE_CHARGE,,,0,0,0,0,0,0.11,USD,PAYOUT,Insertion Fee
2026-03-23T00:32:57.195Z,NON_SALE_CHARGE,,,0,0,0,0,0,0.11,USD,PAYOUT,Insertion Fee
2026-03-23T00:31:01.140Z,NON_SALE_CHARGE,,,0,0,0,0,0,0.11,USD,PAYOUT,Insertion Fee
2026-03-23T00:30:36.130Z,NON_SALE_CHARGE,,,0,0,0,0,0,0.11,USD,PAYOUT,Insertion Fee
2026-03-23T00:26:24.207Z,NON_SALE_CHARGE,,,0,0,0,0,0,0.11,USD,PAYOUT,Insertion Fee
2026-03-23T00:22:32.911Z,NON_SALE_CHARGE,,,0,0,0,0,0,0.11,USD,PAYOUT,Insertion Fee
2026-03-23T00:21:26.918Z,NON_SALE_CHARGE,,,0,0,0,0,0,0.11,USD,PAYOUT,Insertion Fee
2026-03-23T00:21:23.804Z,NON_SALE_CHARGE,,,0,0,0,0,0,0.11,USD,PAYOUT,Insertion Fee
2026-03-23T00:19:55.284Z,NON_SALE_CHARGE,,,0,0,0,0,0,0.11,USD,PAYOUT,Insertion Fee
2026-03-23T00:17:31.270Z,NON_SALE_CHARGE,,,0,0,0,0,0,0.11,USD,PAYOUT,Insertion Fee
2026-03-23T00:15:25.028Z,NON_SALE_CHARGE,,,0,0,0,0,0,0.11,USD,PAYOUT,Insertion Fee
2026-03-23T00:14:52.799Z,NON_SALE_CHARGE,,,0,0,0,0,0,0.11,USD,PAYOUT,Insertion Fee
2026-03-23T00:13:45.626Z,NON_SALE_CHARGE,,,0,0,0,0,0,0.11,USD,PAYOUT,Insertion Fee
2026-03-23T00:12:26.696Z,NON_SALE_CHARGE,,,0,0,0,0,0,0.11,USD,PAYOUT,Insertion Fee
2026-03-23T00:03:47.596Z,NON_SALE_CHARGE,,,0,0,0,0,0,0.11,USD,PAYOUT,Insertion Fee
2026-03-23T00:02:45.835Z,NON_SALE_CHARGE,,,0,0,0,0,0,0.11,USD,PAYOUT,Insertion Fee
2026-03-22T23:59:02.919Z,NON_SALE_CHARGE,,,0,0,0,0,0,0.11,USD,PAYOUT,Insertion Fee
2026-03-22T23:58:58.831Z,NON_SALE_CHARGE,,,0,0,0,0,0,0.11,USD,PAYOUT,Insertion Fee
2026-03-22T23:56:02.773Z,NON_SALE_CHARGE,,,0,0,0,0,0,0.11,USD,PAYOUT,Insertion Fee
2026-03-22T23:55:34.021Z,NON_SALE_CHARGE,,,0,0,0,0,0,0.11,USD,PAYOUT,Insertion Fee
2026-03-22T23:53:01.963Z,NON_SALE_CHARGE,,,0,0,0,0,0,0.11,USD,PAYOUT,Insertion Fee
2026-03-22T23:50:44.519Z,NON_SALE_CHARGE,,,0,0,0,0,0,0.11,USD,PAYOUT,Insertion Fee
2026-03-22T23:49:01.605Z,NON_SALE_CHARGE,,,0,0,0,0,0,0.11,USD,PAYOUT,Insertion Fee
2026-03-22T23:47:53.778Z,NON_SALE_CHARGE,,,0,0,0,0,0,0.11,USD,PAYOUT,Insertion Fee
2026-03-22T23:44:07.684Z,NON_SALE_CHARGE,,,0,0,0,0,0,0.11,USD,PAYOUT,Insertion Fee
2026-03-22T23:40:34.161Z,NON_SALE_CHARGE,,,0,0,0,0,0,0.11,USD,PAYOUT,Insertion Fee
2026-03-22T23:38:47.004Z,NON_SALE_CHARGE,,,0,0,0,0,0,0.11,USD,PAYOUT,Insertion Fee
2026-03-22T23:36:21.084Z,NON_SALE_CHARGE,,,0,0,0,0,0,0.11,USD,PAYOUT,Insertion Fee
2026-03-22T23:36:09.090Z,NON_SALE_CHARGE,,,0,0,0,0,0,0.11,USD,PAYOUT,Insertion Fee
2026-03-22T23:35:58.471Z,NON_SALE_CHARGE,,,0,0,0,0,0,0.11,USD,PAYOUT,Insertion Fee
2026-03-22T23:34:01.643Z,NON_SALE_CHARGE,,,0,0,0,0,0,0.11,USD,PAYOUT,Insertion Fee
2026-03-22T23:23:40.220Z,NON_SALE_CHARGE,,,0,0,0,0,0,0.11,USD,PAYOUT,Insertion Fee
2026-03-22T23:10:21.365Z,NON_SALE_CHARGE,,,0,0,0,0,0,0.11,USD,PAYOUT,Insertion Fee
2026-03-22T23:07:44.863Z,NON_SALE_CHARGE,,,0,0,0,0,0,0.11,USD,PAYOUT,Insertion Fee
2026-03-22T23:01:21.628Z,NON_SALE_CHARGE,,,0,0,0,0,0,0.11,USD,PAYOUT,Insertion Fee
2026-03-22T22:58:42.403Z,NON_SALE_CHARGE,,,0,0,0,0,0,0.11,USD,PAYOUT,Insertion Fee
2026-03-22T22:56:01.087Z,NON_SALE_CHARGE,,,0,0,0,0,0,0.11,USD,PAYOUT,Insertion Fee
2026-03-22T22:54:50.317Z,NON_SALE_CHARGE,,,0,0,0,0,0,0.11,USD,PAYOUT,Insertion Fee
2026-03-22T22:54:33.083Z,NON_SALE_CHARGE,,,0,0,0,0,0,0.11,USD,PAYOUT,Insertion Fee
2026-03-22T22:54:26.516Z,NON_SALE_CHARGE,,,0,0,0,0,0,0.11,USD,PAYOUT,Insertion Fee
2026-03-22T22:53:39.512Z,NON_SALE_CHARGE,,,0,0,0,0,0,0.11,USD,PAYOUT,Insertion Fee
2026-03-22T22:52:45.638Z,NON_SALE_CHARGE,,,0,0,0,0,0,0.11,USD,PAYOUT,Insertion Fee
2026-03-22T22:52:32.788Z,NON_SALE_CHARGE,,,0,0,0,0,0,0.11,USD,PAYOUT,Insertion Fee
2026-03-22T22:51:01.226Z,NON_SALE_CHARGE,,,0,0,0,0,0,0.11,USD,PAYOUT,Insertion Fee
2026-03-22T22:45:14.947Z,NON_SALE_CHARGE,,,0,0,0,0,0,0.11,USD,PAYOUT,Insertion Fee
2026-03-22T22:44:11.353Z,NON_SALE_CHARGE,,,0,0,0,0,0,0.11,USD,PAYOUT,Insertion Fee
2026-03-22T22:44:02.410Z,NON_SALE_CHARGE,,,0,0,0,0,0,0.11,USD,PAYOUT,Insertion Fee
2026-03-22T22:42:16.853Z,NON_SALE_CHARGE,,,0,0,0,0,0,0.11,USD,PAYOUT,Insertion Fee
2026-03-22T22:40:40.527Z,NON_SALE_CHARGE,,,0,0,0,0,0,0.11,USD,PAYOUT,Insertion Fee
2026-03-22T22:40:17.191Z,NON_SALE_CHARGE,,,0,0,0,0,0,0.11,USD,PAYOUT,Insertion Fee
2026-03-22T22:39:53.070Z,NON_SALE_CHARGE,,,0,0,0,0,0,0.11,USD,PAYOUT,Insertion Fee
2026-03-22T22:39:09.324Z,NON_SALE_CHARGE,,,0,0,0,0,0,0.11,USD,PAYOUT,Insertion Fee
2026-03-22T22:33:02.400Z,NON_SALE_CHARGE,,,0,0,0,0,0,0.11,USD,PAYOUT,Insertion Fee
2026-03-22T22:30:00.761Z,NON_SALE_CHARGE,,,0,0,0,0,0,0.11,USD,PAYOUT,Insertion Fee
2026-03-22T22:28:23.916Z,NON_SALE_CHARGE,,,0,0,0,0,0,0.11,USD,PAYOUT,Insertion Fee
2026-03-22T22:26:50.135Z,NON_SALE_CHARGE,,,0,0,0,0,0,0.11,USD,PAYOUT,Insertion Fee
2026-03-22T22:25:54.764Z,NON_SALE_CHARGE,,,0,0,0,0,0,0.11,USD,PAYOUT,Insertion Fee
2026-03-22T22:19:12.000Z,NON_SALE_CHARGE,,,0,0,0,0,0,0.11,USD,PAYOUT,Insertion Fee
2026-03-22T22:17:40.585Z,NON_SALE_CHARGE,,,0,0,0,0,0,0.11,USD,PAYOUT,Insertion Fee
2026-03-22T22:14:46.340Z,NON_SALE_CHARGE,,,0,0,0,0,0,0.11,USD,PAYOUT,Insertion Fee
2026-03-22T22:13:45.841Z,NON_SALE_CHARGE,,,0,0,0,0,0,0.11,USD,PAYOUT,Insertion Fee
2026-03-22T22:13:29.379Z,NON_SALE_CHARGE,,,0,0,0,0,0,0.11,USD,PAYOUT,Insertion Fee
2026-03-22T21:53:45.979Z,NON_SALE_CHARGE,,,0,0,0,0,0,0.11,USD,PAYOUT,Insertion Fee
2026-03-22T21:41:28.720Z,NON_SALE_CHARGE,,,0,0,0,0,0,0.11,USD,PAYOUT,Insertion Fee
2026-03-22T21:39:55.966Z,NON_SALE_CHARGE,,,0,0,0,0,0,0.11,USD,PAYOUT,Insertion Fee
2026-03-22T21:39:53.276Z,NON_SALE_CHARGE,,,0,0,0,0,0,0.11,USD,PAYOUT,Insertion Fee
2026-03-22T21:39:41.810Z,NON_SALE_CHARGE,,,0,0,0,0,0,0.11,USD,PAYOUT,Insertion Fee
2026-03-22T21:38:36.120Z,NON_SALE_CHARGE,,,0,0,0,0,0,0.11,USD,PAYOUT,Insertion Fee
2026-03-22T21:38:04.457Z,NON_SALE_CHARGE,,,0,0,0,0,0,0.11,USD,PAYOUT,Insertion Fee
2026-03-22T21:37:17.001Z,NON_SALE_CHARGE,,,0,0,0,0,0,0.11,USD,PAYOUT,Insertion Fee
2026-03-22T21:36:05.546Z,NON_SALE_CHARGE,,,0,0,0,0,0,0.11,USD,PAYOUT,Insertion Fee
2026-03-22T21:36:03.454Z,NON_SALE_CHARGE,,,0,0,0,0,0,0.11,USD,PAYOUT,Insertion Fee
2026-03-22T21:35:48.592Z,NON_SALE_CHARGE,,,0,0,0,0,0,0.11,USD,PAYOUT,Insertion Fee
2026-03-22T21:35:20.124Z,NON_SALE_CHARGE,,,0,0,0,0,0,0.11,USD,PAYOUT,Insertion Fee
2026-03-22T21:33:45.573Z,NON_SALE_CHARGE,,,0,0,0,0,0,0.11,USD,PAYOUT,Insertion Fee
2026-03-22T21:30:47.486Z,NON_SALE_CHARGE,,,0,0,0,0,0,0.11,USD,PAYOUT,Insertion Fee
2026-03-22T21:29:11.191Z,NON_SALE_CHARGE,,,0,0,0,0,0,0.11,USD,PAYOUT,Insertion Fee
2026-03-22T21:28:24.195Z,NON_SALE_CHARGE,,,0,0,0,0,0,0.11,USD,PAYOUT,Insertion Fee
2026-03-22T21:28:10.903Z,NON_SALE_CHARGE,,,0,0,0,0,0,0.11,USD,PAYOUT,Insertion Fee
2026-03-22T21:27:32.261Z,NON_SALE_CHARGE,,,0,0,0,0,0,0.11,USD,PAYOUT,Insertion Fee
2026-03-22T21:23:13.189Z,NON_SALE_CHARGE,,,0,0,0,0,0,0.11,USD,PAYOUT,Insertion Fee
2026-03-22T21:13:57.548Z,NON_SALE_CHARGE,,,0,0,0,0,0,0.11,USD,PAYOUT,Insertion Fee
2026-03-22T21:05:44.009Z,NON_SALE_CHARGE,,,0,0,0,0,0,0.11,USD,PAYOUT,Insertion Fee
2026-03-22T21:04:21.670Z,NON_SALE_CHARGE,,,0,0,0,0,0,0.11,USD,PAYOUT,Insertion Fee
2026-03-22T21:02:20.202Z,NON_SALE_CHARGE,,,0,0,0,0,0,0.11,USD,PAYOUT,Insertion Fee
2026-03-22T21:00:54.912Z,NON_SALE_CHARGE,,,0,0,0,0,0,0.11,USD,PAYOUT,Insertion Fee
2026-03-22T21:00:34.624Z,NON_SALE_CHARGE,,,0,0,0,0,0,0.11,USD,PAYOUT,Insertion Fee
2026-03-22T20:55:22.274Z,NON_SALE_CHARGE,,,0,0,0,0,0,0.11,USD,PAYOUT,Insertion Fee
2026-03-22T20:50:56.590Z,NON_SALE_CHARGE,,,0,0,0,0,0,0.11,USD,PAYOUT,Insertion Fee
2026-03-22T20:50:52.687Z,NON_SALE_CHARGE,,,0,0,0,0,0,0.11,USD,PAYOUT,Insertion Fee
2026-03-22T20:45:07.710Z,NON_SALE_CHARGE,,,0,0,0,0,0,0.11,USD,PAYOUT,Insertion Fee
2026-03-22T20:43:49.130Z,NON_SALE_CHARGE,,,0,0,0,0,0,0.11,USD,PAYOUT,Insertion Fee
2026-03-22T20:40:32.122Z,NON_SALE_CHARGE,,,0,0,0,0,0,0.11,USD,PAYOUT,Insertion Fee
2026-03-22T20:36:29.818Z,NON_SALE_CHARGE,,,0,0,0,0,0,0.11,USD,PAYOUT,Insertion Fee
2026-03-22T20:31:44.785Z,NON_SALE_CHARGE,,,0,0,0,0,0,0.11,USD,PAYOUT,Insertion Fee
2026-03-22T20:31:19.538Z,NON_SALE_CHARGE,,,0,0,0,0,0,0.11,USD,PAYOUT,Insertion Fee
2026-03-22T20:31:11.620Z,NON_SALE_CHARGE,,,0,0,0,0,0,0.11,USD,PAYOUT,Insertion Fee
2026-03-22T20:25:25.556Z,NON_SALE_CHARGE,,,0,0,0,0,0,0.11,USD,PAYOUT,Insertion Fee
2026-03-22T20:23:00.868Z,NON_SALE_CHARGE,,,0,0,0,0,0,0.11,USD,PAYOUT,Insertion Fee
2026-03-22T20:21:14.875Z,NON_SALE_CHARGE,,,0,0,0,0,0,0.11,USD,PAYOUT,Insertion Fee
2026-03-22T20:15:27.755Z,NON_SALE_CHARGE,,,0,0,0,0,0,0.11,USD,PAYOUT,Insertion Fee
2026-03-22T20:06:19.860Z,NON_SALE_CHARGE,,,0,0,0,0,0,0.11,USD,PAYOUT,Insertion Fee
2026-03-22T20:03:40.792Z,NON_SALE_CHARGE,,,0,0,0,0,0,0.11,USD,PAYOUT,Insertion Fee
2026-03-22T20:02:47.279Z,NON_SALE_CHARGE,,,0,0,0,0,0,0.11,USD,PAYOUT,Insertion Fee
2026-03-22T20:02:29.154Z,NON_SALE_CHARGE,,,0,0,0,0,0,0.11,USD,PAYOUT,Insertion Fee
2026-03-22T20:00:42.916Z,NON_SALE_CHARGE,,,0,0,0,0,0,0.11,USD,PAYOUT,Insertion Fee
2026-03-22T19:59:27.061Z,NON_SALE_CHARGE,,,0,0,0,0,0,0.11,USD,PAYOUT,Insertion Fee
2026-03-22T19:50:39.349Z,NON_SALE_CHARGE,,,0,0,0,0,0,0.11,USD,PAYOUT,Insertion Fee
2026-03-22T19:48:40.478Z,NON_SALE_CHARGE,,,0,0,0,0,0,0.11,USD,PAYOUT,Insertion Fee
2026-03-22T19:48:00.512Z,NON_SALE_CHARGE,,,0,0,0,0,0,0.11,USD,PAYOUT,Insertion Fee
2026-03-22T19:47:51.265Z,NON_SALE_CHARGE,,,0,0,0,0,0,0.11,USD,PAYOUT,Insertion Fee
2026-03-22T19:47:48.881Z,NON_SALE_CHARGE,,,0,0,0,0,0,0.11,USD,PAYOUT,Insertion Fee
2026-03-22T19:46:31.126Z,NON_SALE_CHARGE,,,0,0,0,0,0,0.11,USD,PAYOUT,Insertion Fee
2026-03-22T19:45:07.898Z,NON_SALE_CHARGE,,,0,0,0,0,0,0.11,USD,PAYOUT,Insertion Fee
2026-03-22T19:42:04.487Z,NON_SALE_CHARGE,,,0,0,0,0,0,0.11,USD,PAYOUT,Insertion Fee
2026-03-22T19:41:29.139Z,NON_SALE_CHARGE,,,0,0,0,0,0,0.11,USD,PAYOUT,Insertion Fee
2026-03-22T19:39:15.595Z,NON_SALE_CHARGE,,,0,0,0,0,0,0.11,USD,PAYOUT,Insertion Fee
2026-03-22T19:34:13.416Z,NON_SALE_CHARGE,,,0,0,0,0,0,0.11,USD,PAYOUT,Insertion Fee
2026-03-22T12:46:47.519Z,NON_SALE_CHARGE,,,0,0,0,0,0,0.11,USD,PAYOUT,Insertion Fee
2026-03-22T11:58:45.492Z,NON_SALE_CHARGE,,,0,0,0,0,0,0.11,USD,PAYOUT,Insertion Fee
2026-03-22T08:24:39.194Z,SALE,26-14374-85343,bobtail5998,298.11,41.65,0.44,4.42,46.51,251.6,USD,PAYOUT,
2026-03-22T02:23:23.775Z,NON_SALE_CHARGE,,,0,0,0,0,0,0.11,USD,PAYOUT,Insertion Fee
2026-03-21T23:36:03.667Z,NON_SALE_CHARGE,,,0,0,0,0,0,0.11,USD,PAYOUT,Insertion Fee
2026-03-21T23:35:16.433Z,NON_SALE_CHARGE,,,0,0,0,0,0,0.11,USD,PAYOUT,Insertion Fee
2026-03-21T23:34:56.460Z,NON_SALE_CHARGE,,,0,0,0,0,0,0.11,USD,PAYOUT,Insertion Fee
2026-03-21T23:34:22.654Z,NON_SALE_CHARGE,,,0,0,0,0,0,0.11,USD,PAYOUT,Insertion Fee
2026-03-21T23:33:05.307Z,NON_SALE_CHARGE,,,0,0,0,0,0,0.11,USD,PAYOUT,Insertion Fee
2026-03-21T23:32:34.865Z,NON_SALE_CHARGE,,,0,0,0,0,0,0.11,USD,PAYOUT,Insertion Fee
2026-03-21T23:31:59.626Z,NON_SALE_CHARGE,,,0,0,0,0,0,0.11,USD,PAYOUT,Insertion Fee
2026-03-21T23:30:04.219Z,NON_SALE_CHARGE,,,0,0,0,0,0,0.11,USD,PAYOUT,Insertion Fee
2026-03-21T23:28:58.025Z,NON_SALE_CHARGE,,,0,0,0,0,0,0.11,USD,PAYOUT,Insertion Fee
2026-03-21T23:28:27.343Z,NON_SALE_CHARGE,,,0,0,0,0,0,0.11,USD,PAYOUT,Insertion Fee
2026-03-21T23:23:57.733Z,NON_SALE_CHARGE,,,0,0,0,0,0,0.11,USD,PAYOUT,Insertion Fee
2026-03-21T23:21:04.547Z,NON_SALE_CHARGE,,,0,0,0,0,0,0.11,USD,PAYOUT,Insertion Fee
2026-03-21T23:19:44.418Z,NON_SALE_CHARGE,,,0,0,0,0,0,0.11,USD,PAYOUT,Insertion Fee
2026-03-21T23:16:06.839Z,NON_SALE_CHARGE,,,0,0,0,0,0,0.11,USD,PAYOUT,Insertion Fee
2026-03-21T23:15:52.402Z,NON_SALE_CHARGE,,,0,0,0,0,0,0.11,USD,PAYOUT,Insertion Fee
2026-03-21T23:15:42.337Z,NON_SALE_CHARGE,,,0,0,0,0,0,0.11,USD,PAYOUT,Insertion Fee
2026-03-21T23:14:30.833Z,NON_SALE_CHARGE,,,0,0,0,0,0,0.11,USD,PAYOUT,Insertion Fee
2026-03-21T23:08:42.819Z,NON_SALE_CHARGE,,,0,0,0,0,0,0.11,USD,PAYOUT,Insertion Fee
2026-03-21T23:07:49.793Z,NON_SALE_CHARGE,,,0,0,0,0,0,0.11,USD,PAYOUT,Insertion Fee
2026-03-21T23:04:59.488Z,NON_SALE_CHARGE,,,0,0,0,0,0,0.11,USD,PAYOUT,Insertion Fee
2026-03-21T23:02:25.014Z,NON_SALE_CHARGE,,,0,0,0,0,0,0.11,USD,PAYOUT,Insertion Fee
2026-03-21T22:59:19.437Z,NON_SALE_CHARGE,,,0,0,0,0,0,0.11,USD,PAYOUT,Insertion Fee
2026-03-21T22:58:19.875Z,NON_SALE_CHARGE,,,0,0,0,0,0,0.11,USD,PAYOUT,Insertion Fee
2026-03-21T22:57:46.181Z,NON_SALE_CHARGE,,,0,0,0,0,0,0.11,USD,PAYOUT,Insertion Fee
2026-03-21T22:56:57.648Z,NON_SALE_CHARGE,,,0,0,0,0,0,0.11,USD,PAYOUT,Insertion Fee
2026-03-21T22:56:02.062Z,NON_SALE_CHARGE,,,0,0,0,0,0,0.11,USD,PAYOUT,Insertion Fee
2026-03-21T22:54:48.717Z,NON_SALE_CHARGE,,,0,0,0,0,0,0.11,USD,PAYOUT,Insertion Fee
2026-03-21T22:54:17.100Z,NON_SALE_CHARGE,,,0,0,0,0,0,0.11,USD,PAYOUT,Insertion Fee
2026-03-21T22:52:26.987Z,NON_SALE_CHARGE,,,0,0,0,0,0,0.11,USD,PAYOUT,Insertion Fee
2026-03-21T22:50:33.677Z,NON_SALE_CHARGE,,,0,0,0,0,0,0.11,USD,PAYOUT,Insertion Fee
2026-03-21T22:49:54.338Z,NON_SALE_CHARGE,,,0,0,0,0,0,0.11,USD,PAYOUT,Insertion Fee
2026-03-21T22:48:51.956Z,NON_SALE_CHARGE,,,0,0,0,0,0,0.11,USD,PAYOUT,Insertion Fee
2026-03-21T22:35:58.010Z,NON_SALE_CHARGE,,,0,0,0,0,0,0.11,USD,PAYOUT,Insertion Fee
2026-03-21T22:34:17.925Z,NON_SALE_CHARGE,,,0,0,0,0,0,0.11,USD,PAYOUT,Insertion Fee
2026-03-21T22:32:40.204Z,NON_SALE_CHARGE,,,0,0,0,0,0,0.11,USD,PAYOUT,Insertion Fee
2026-03-21T22:28:47.116Z,NON_SALE_CHARGE,,,0,0,0,0,0,0.11,USD,PAYOUT,Insertion Fee
2026-03-21T22:26:50.206Z,NON_SALE_CHARGE,,,0,0,0,0,0,0.11,USD,PAYOUT,Insertion Fee
2026-03-21T22:25:33.155Z,NON_SALE_CHARGE,,,0,0,0,0,0,0.11,USD,PAYOUT,Insertion Fee
2026-03-21T22:24:45.805Z,NON_SALE_CHARGE,,,0,0,0,0,0,0.11,USD,PAYOUT,Insertion Fee
2026-03-21T22:22:40.579Z,NON_SALE_CHARGE,,,0,0,0,0,0,0.11,USD,PAYOUT,Insertion Fee
2026-03-21T22:20:01.385Z,NON_SALE_CHARGE,,,0,0,0,0,0,0.11,USD,PAYOUT,Insertion Fee
2026-03-21T22:18:45.793Z,NON_SALE_CHARGE,,,0,0,0,0,0,0.11,USD,PAYOUT,Insertion Fee
2026-03-21T22:14:24.472Z,NON_SALE_CHARGE,,,0,0,0,0,0,0.11,USD,PAYOUT,Insertion Fee
2026-03-21T22:10:31.010Z,NON_SALE_CHARGE,,,0,0,0,0,0,0.11,USD,PAYOUT,Insertion Fee
2026-03-21T21:53:26.472Z,NON_SALE_CHARGE,,,0,0,0,0,0,0.11,USD,PAYOUT,Insertion Fee
2026-03-21T21:52:49.608Z,NON_SALE_CHARGE,,,0,0,0,0,0,0.11,USD,PAYOUT,Insertion Fee
2026-03-21T21:51:41.157Z,NON_SALE_CHARGE,,,0,0,0,0,0,0.11,USD,PAYOUT,Insertion Fee
2026-03-21T21:50:15.642Z,NON_SALE_CHARGE,,,0,0,0,0,0,0.11,USD,PAYOUT,Insertion Fee
2026-03-21T21:47:47.674Z,NON_SALE_CHARGE,,,0,0,0,0,0,0.11,USD,PAYOUT,Insertion Fee
2026-03-21T21:47:45.007Z,NON_SALE_CHARGE,,,0,0,0,0,0,0.11,USD,PAYOUT,Insertion Fee
2026-03-21T21:47:39.569Z,NON_SALE_CHARGE,,,0,0,0,0,0,0.11,USD,PAYOUT,Insertion Fee
2026-03-21T21:46:00.947Z,NON_SALE_CHARGE,,,0,0,0,0,0,0.11,USD,PAYOUT,Insertion Fee
2026-03-21T21:41:12.964Z,NON_SALE_CHARGE,,,0,0,0,0,0,0.11,USD,PAYOUT,Insertion Fee
2026-03-21T21:39:43.790Z,NON_SALE_CHARGE,,,0,0,0,0,0,0.11,USD,PAYOUT,Insertion Fee
2026-03-21T21:39:28.581Z,NON_SALE_CHARGE,,,0,0,0,0,0,0.11,USD,PAYOUT,Insertion Fee
2026-03-21T21:36:12.290Z,NON_SALE_CHARGE,,,0,0,0,0,0,0.11,USD,PAYOUT,Insertion Fee
2026-03-21T21:34:04.035Z,NON_SALE_CHARGE,,,0,0,0,0,0,0.11,USD,PAYOUT,Insertion Fee
2026-03-21T21:32:13.970Z,NON_SALE_CHARGE,,,0,0,0,0,0,0.11,USD,PAYOUT,Insertion Fee
2026-03-21T21:30:05.877Z,NON_SALE_CHARGE,,,0,0,0,0,0,0.11,USD,PAYOUT,Insertion Fee
2026-03-21T21:21:37.922Z,NON_SALE_CHARGE,,,0,0,0,0,0,0.11,USD,PAYOUT,Insertion Fee
2026-03-21T21:16:45.592Z,NON_SALE_CHARGE,,,0,0,0,0,0,0.11,USD,PAYOUT,Insertion Fee
2026-03-21T21:13:39.294Z,NON_SALE_CHARGE,,,0,0,0,0,0,0.11,USD,PAYOUT,Insertion Fee
2026-03-21T21:12:34.071Z,NON_SALE_CHARGE,,,0,0,0,0,0,0.11,USD,PAYOUT,Insertion Fee
2026-03-21T21:08:36.627Z,NON_SALE_CHARGE,,,0,0,0,0,0,0.11,USD,PAYOUT,Insertion Fee
2026-03-21T21:08:02.862Z,NON_SALE_CHARGE,,,0,0,0,0,0,0.11,USD,PAYOUT,Insertion Fee
2026-03-21T21:05:50.310Z,NON_SALE_CHARGE,,,0,0,0,0,0,0.11,USD,PAYOUT,Insertion Fee
2026-03-21T21:00:47.927Z,NON_SALE_CHARGE,,,0,0,0,0,0,0.11,USD,PAYOUT,Insertion Fee
2026-03-21T20:59:16.933Z,NON_SALE_CHARGE,,,0,0,0,0,0,0.11,USD,PAYOUT,Insertion Fee
2026-03-21T20:55:14.230Z,NON_SALE_CHARGE,,,0,0,0,0,0,0.11,USD,PAYOUT,Insertion Fee
2026-03-21T20:54:37.685Z,NON_SALE_CHARGE,,,0,0,0,0,0,0.11,USD,PAYOUT,Insertion Fee
2026-03-21T20:51:40.107Z,NON_SALE_CHARGE,,,0,0,0,0,0,0.11,USD,PAYOUT,Insertion Fee
2026-03-21T20:48:31.528Z,NON_SALE_CHARGE,,,0,0,0,0,0,0.11,USD,PAYOUT,Insertion Fee
2026-03-21T20:48:25.098Z,NON_SALE_CHARGE,,,0,0,0,0,0,0.11,USD,PAYOUT,Insertion Fee
2026-03-21T20:47:02.075Z,NON_SALE_CHARGE,,,0,0,0,0,0,0.11,USD,PAYOUT,Insertion Fee
2026-03-21T20:44:39.124Z,NON_SALE_CHARGE,,,0,0,0,0,0,0.11,USD,PAYOUT,Insertion Fee
2026-03-21T20:44:01.274Z,NON_SALE_CHARGE,,,0,0,0,0,0,0.11,USD,PAYOUT,Insertion Fee
2026-03-21T20:42:36.981Z,NON_SALE_CHARGE,,,0,0,0,0,0,0.11,USD,PAYOUT,Insertion Fee
2026-03-21T20:42:13.928Z,NON_SALE_CHARGE,,,0,0,0,0,0,0.11,USD,PAYOUT,Insertion Fee
2026-03-21T11:42:29.283Z,NON_SALE_CHARGE,,,0,0,0,0,0,18.45,USD,PAYOUT,Promoted Listings - General fee
2026-03-21T11:38:46.175Z,SALE,09-14395-88713,jamemurph0,308.12,46.86,0.44,4.98,52.28,255.84,USD,PAYOUT,
2026-03-21T10:43:41.361Z,NON_SALE_CHARGE,,,0,0,0,0,0,0.11,USD,PAYOUT,Insertion Fee
2026-03-21T08:52:21.004Z,NON_SALE_CHARGE,,,0,0,0,0,0,0.11,USD,PAYOUT,Insertion Fee
2026-03-21T08:25:15.602Z,NON_SALE_CHARGE,,,0,0,0,0,0,0.11,USD,PAYOUT,Insertion Fee
2026-03-21T08:23:24.034Z,NON_SALE_CHARGE,,,0,0,0,0,0,0.11,USD,PAYOUT,Insertion Fee
2026-03-21T08:22:25.390Z,NON_SALE_CHARGE,,,0,0,0,0,0,0.11,USD,PAYOUT,Insertion Fee
2026-03-21T08:22:13.883Z,NON_SALE_CHARGE,,,0,0,0,0,0,0.11,USD,PAYOUT,Insertion Fee
2026-03-21T08:15:12.859Z,NON_SALE_CHARGE,,,0,0,0,0,0,0.11,USD,PAYOUT,Insertion Fee
2026-03-21T08:13:43.451Z,NON_SALE_CHARGE,,,0,0,0,0,0,0.11,USD,PAYOUT,Insertion Fee
2026-03-21T08:12:25.850Z,NON_SALE_CHARGE,,,0,0,0,0,0,0.11,USD,PAYOUT,Insertion Fee
2026-03-21T08:12:23.007Z,NON_SALE_CHARGE,,,0,0,0,0,0,0.11,USD,PAYOUT,Insertion Fee
2026-03-21T08:12:20.153Z,NON_SALE_CHARGE,,,0,0,0,0,0,0.11,USD,PAYOUT,Insertion Fee
2026-03-21T08:10:14.032Z,NON_SALE_CHARGE,,,0,0,0,0,0,0.11,USD,PAYOUT,Insertion Fee
2026-03-21T08:05:13.239Z,NON_SALE_CHARGE,,,0,0,0,0,0,0.11,USD,PAYOUT,Insertion Fee
2026-03-21T08:04:01.099Z,NON_SALE_CHARGE,,,0,0,0,0,0,0.11,USD,PAYOUT,Insertion Fee
2026-03-21T08:03:20.237Z,NON_SALE_CHARGE,,,0,0,0,0,0,0.11,USD,PAYOUT,Insertion Fee
2026-03-21T08:02:18.413Z,NON_SALE_CHARGE,,,0,0,0,0,0,0.11,USD,PAYOUT,Insertion Fee
2026-03-21T07:59:27.207Z,NON_SALE_CHARGE,,,0,0,0,0,0,0.11,USD,PAYOUT,Insertion Fee
2026-03-21T07:57:18.866Z,NON_SALE_CHARGE,,,0,0,0,0,0,0.11,USD,PAYOUT,Insertion Fee
2026-03-21T07:57:17.417Z,NON_SALE_CHARGE,,,0,0,0,0,0,0.11,USD,PAYOUT,Insertion Fee
2026-03-21T07:57:17.000Z,NON_SALE_CHARGE,,,0,0,0,0,0,0.11,USD,PAYOUT,Insertion Fee
2026-03-21T07:54:07.194Z,NON_SALE_CHARGE,,,0,0,0,0,0,0.11,USD,PAYOUT,Insertion Fee
2026-03-21T07:54:04.274Z,NON_SALE_CHARGE,,,0,0,0,0,0,0.11,USD,PAYOUT,Insertion Fee
2026-03-21T07:53:54.383Z,NON_SALE_CHARGE,,,0,0,0,0,0,0.11,USD,PAYOUT,Insertion Fee
2026-03-21T07:52:25.127Z,NON_SALE_CHARGE,,,0,0,0,0,0,0.11,USD,PAYOUT,Insertion Fee
2026-03-21T07:52:23.122Z,NON_SALE_CHARGE,,,0,0,0,0,0,0.11,USD,PAYOUT,Insertion Fee
2026-03-21T07:52:18.901Z,NON_SALE_CHARGE,,,0,0,0,0,0,0.11,USD,PAYOUT,Insertion Fee
2026-03-21T07:50:25.337Z,NON_SALE_CHARGE,,,0,0,0,0,0,0.11,USD,PAYOUT,Insertion Fee
2026-03-21T07:50:15.680Z,NON_SALE_CHARGE,,,0,0,0,0,0,0.11,USD,PAYOUT,Insertion Fee
2026-03-21T07:49:21.702Z,NON_SALE_CHARGE,,,0,0,0,0,0,0.11,USD,PAYOUT,Insertion Fee
2026-03-21T07:49:03.847Z,NON_SALE_CHARGE,,,0,0,0,0,0,0.11,USD,PAYOUT,Insertion Fee
2026-03-21T07:48:24.952Z,NON_SALE_CHARGE,,,0,0,0,0,0,0.11,USD,PAYOUT,Insertion Fee
2026-03-21T07:48:23.597Z,NON_SALE_CHARGE,,,0,0,0,0,0,0.11,USD,PAYOUT,Insertion Fee
2026-03-21T07:46:13.484Z,NON_SALE_CHARGE,,,0,0,0,0,0,0.11,USD,PAYOUT,Insertion Fee
2026-03-21T07:45:11.016Z,NON_SALE_CHARGE,,,0,0,0,0,0,0.11,USD,PAYOUT,Insertion Fee
2026-03-21T07:43:59.401Z,NON_SALE_CHARGE,,,0,0,0,0,0,0.11,USD,PAYOUT,Insertion Fee
2026-03-21T07:43:21.116Z,NON_SALE_CHARGE,,,0,0,0,0,0,0.11,USD,PAYOUT,Insertion Fee
2026-03-21T07:42:20.421Z,NON_SALE_CHARGE,,,0,0,0,0,0,0.11,USD,PAYOUT,Insertion Fee
2026-03-21T07:42:17.422Z,NON_SALE_CHARGE,,,0,0,0,0,0,0.11,USD,PAYOUT,Insertion Fee
2026-03-21T07:42:12.922Z,NON_SALE_CHARGE,,,0,0,0,0,0,0.11,USD,PAYOUT,Insertion Fee
2026-03-21T07:41:12.839Z,NON_SALE_CHARGE,,,0,0,0,0,0,0.11,USD,PAYOUT,Insertion Fee
2026-03-21T07:40:24.962Z,NON_SALE_CHARGE,,,0,0,0,0,0,0.11,USD,PAYOUT,Insertion Fee
2026-03-21T07:40:11.686Z,NON_SALE_CHARGE,,,0,0,0,0,0,0.11,USD,PAYOUT,Insertion Fee
2026-03-21T07:39:21.344Z,NON_SALE_CHARGE,,,0,0,0,0,0,0.11,USD,PAYOUT,Insertion Fee
2026-03-21T07:38:19.817Z,NON_SALE_CHARGE,,,0,0,0,0,0,0.11,USD,PAYOUT,Insertion Fee
2026-03-21T07:37:18.988Z,NON_SALE_CHARGE,,,0,0,0,0,0,0.11,USD,PAYOUT,Insertion Fee
2026-03-21T07:37:05.968Z,NON_SALE_CHARGE,,,0,0,0,0,0,0.11,USD,PAYOUT,Insertion Fee
2026-03-21T07:35:10.920Z,NON_SALE_CHARGE,,,0,0,0,0,0,0.11,USD,PAYOUT,Insertion Fee
2026-03-21T07:34:25.800Z,NON_SALE_CHARGE,,,0,0,0,0,0,0.11,USD,PAYOUT,Insertion Fee
2026-03-21T07:33:59.317Z,NON_SALE_CHARGE,,,0,0,0,0,0,0.11,USD,PAYOUT,Insertion Fee
2026-03-21T07:33:18.234Z,NON_SALE_CHARGE,,,0,0,0,0,0,0.11,USD,PAYOUT,Insertion Fee
2026-03-21T07:33:16.872Z,NON_SALE_CHARGE,,,0,0,0,0,0,0.11,USD,PAYOUT,Insertion Fee
2026-03-21T07:32:14.822Z,NON_SALE_CHARGE,,,0,0,0,0,0,0.11,USD,PAYOUT,Insertion Fee
2026-03-21T07:30:10.818Z,NON_SALE_CHARGE,,,0,0,0,0,0,0.11,USD,PAYOUT,Insertion Fee
2026-03-21T07:30:09.356Z,NON_SALE_CHARGE,,,0,0,0,0,0,0.11,USD,PAYOUT,Insertion Fee
2026-03-21T07:29:24.572Z,NON_SALE_CHARGE,,,0,0,0,0,0,0.11,USD,PAYOUT,Insertion Fee
2026-03-21T07:28:44.265Z,NON_SALE_CHARGE,,,0,0,0,0,0,0.11,USD,PAYOUT,Insertion Fee
2026-03-21T07:28:43.739Z,NON_SALE_CHARGE,,,0,0,0,0,0,0.11,USD,PAYOUT,Insertion Fee
2026-03-21T07:27:14.449Z,NON_SALE_CHARGE,,,0,0,0,0,0,0.11,USD,PAYOUT,Insertion Fee
2026-03-21T07:24:06.856Z,NON_SALE_CHARGE,,,0,0,0,0,0,0.11,USD,PAYOUT,Insertion Fee
2026-03-21T07:23:47.741Z,NON_SALE_CHARGE,,,0,0,0,0,0,0.11,USD,PAYOUT,Insertion Fee
2026-03-21T07:23:25.842Z,NON_SALE_CHARGE,,,0,0,0,0,0,0.11,USD,PAYOUT,Insertion Fee
2026-03-21T07:22:22.328Z,NON_SALE_CHARGE,,,0,0,0,0,0,0.11,USD,PAYOUT,Insertion Fee
2026-03-21T07:22:19.900Z,NON_SALE_CHARGE,,,0,0,0,0,0,0.11,USD,PAYOUT,Insertion Fee
2026-03-21T07:22:15.577Z,NON_SALE_CHARGE,,,0,0,0,0,0,0.11,USD,PAYOUT,Insertion Fee
2026-03-21T07:22:14.113Z,NON_SALE_CHARGE,,,0,0,0,0,0,0.11,USD,PAYOUT,Insertion Fee
2026-03-21T07:21:14.650Z,NON_SALE_CHARGE,,,0,0,0,0,0,0.11,USD,PAYOUT,Insertion Fee
2026-03-21T07:20:32.836Z,NON_SALE_CHARGE,,,0,0,0,0,0,0.11,USD,PAYOUT,Insertion Fee
2026-03-21T07:20:09.368Z,NON_SALE_CHARGE,,,0,0,0,0,0,0.11,USD,PAYOUT,Insertion Fee
2026-03-21T07:20:07.601Z,NON_SALE_CHARGE,,,0,0,0,0,0,0.11,USD,PAYOUT,Insertion Fee
2026-03-21T07:19:03.542Z,NON_SALE_CHARGE,,,0,0,0,0,0,0.11,USD,PAYOUT,Insertion Fee
2026-03-21T07:18:15.981Z,NON_SALE_CHARGE,,,0,0,0,0,0,0.11,USD,PAYOUT,Insertion Fee
2026-03-21T07:17:21.572Z,NON_SALE_CHARGE,,,0,0,0,0,0,0.11,USD,PAYOUT,Insertion Fee
2026-03-21T07:15:20.980Z,NON_SALE_CHARGE,,,0,0,0,0,0,0.11,USD,PAYOUT,Insertion Fee
2026-03-21T07:13:44.645Z,NON_SALE_CHARGE,,,0,0,0,0,0,0.11,USD,PAYOUT,Insertion Fee
2026-03-21T07:13:17.330Z,NON_SALE_CHARGE,,,0,0,0,0,0,0.11,USD,PAYOUT,Insertion Fee
2026-03-21T07:12:27.869Z,NON_SALE_CHARGE,,,0,0,0,0,0,0.11,USD,PAYOUT,Insertion Fee
2026-03-21T07:12:12.330Z,NON_SALE_CHARGE,,,0,0,0,0,0,0.11,USD,PAYOUT,Insertion Fee
2026-03-21T07:11:31.845Z,NON_SALE_CHARGE,,,0,0,0,0,0,0.11,USD,PAYOUT,Insertion Fee
2026-03-21T07:10:23.322Z,NON_SALE_CHARGE,,,0,0,0,0,0,0.11,USD,PAYOUT,Insertion Fee
2026-03-21T07:10:09.962Z,NON_SALE_CHARGE,,,0,0,0,0,0,0.11,USD,PAYOUT,Insertion Fee
2026-03-21T07:08:58.827Z,NON_SALE_CHARGE,,,0,0,0,0,0,0.11,USD,PAYOUT,Insertion Fee
2026-03-21T07:08:15.102Z,NON_SALE_CHARGE,,,0,0,0,0,0,0.11,USD,PAYOUT,Insertion Fee
2026-03-21T07:07:18.696Z,NON_SALE_CHARGE,,,0,0,0,0,0,0.11,USD,PAYOUT,Insertion Fee
2026-03-21T07:07:14.399Z,NON_SALE_CHARGE,,,0,0,0,0,0,0.11,USD,PAYOUT,Insertion Fee
2026-03-21T07:03:58.303Z,NON_SALE_CHARGE,,,0,0,0,0,0,0.11,USD,PAYOUT,Insertion Fee
2026-03-21T07:03:43.284Z,NON_SALE_CHARGE,,,0,0,0,0,0,0.11,USD,PAYOUT,Insertion Fee
2026-03-21T07:02:24.303Z,NON_SALE_CHARGE,,,0,0,0,0,0,0.11,USD,PAYOUT,Insertion Fee
2026-03-21T07:00:06.087Z,NON_SALE_CHARGE,,,0,0,0,0,0,0.11,USD,PAYOUT,Insertion Fee
2026-03-21T06:59:05.778Z,NON_SALE_CHARGE,,,0,0,0,0,0,0.11,USD,PAYOUT,Insertion Fee
2026-03-21T06:58:47.616Z,NON_SALE_CHARGE,,,0,0,0,0,0,0.11,USD,PAYOUT,Insertion Fee
2026-03-21T06:57:15.224Z,NON_SALE_CHARGE,,,0,0,0,0,0,0.11,USD,PAYOUT,Insertion Fee
2026-03-21T06:56:12.383Z,NON_SALE_CHARGE,,,0,0,0,0,0,0.11,USD,PAYOUT,Insertion Fee
2026-03-21T06:55:10.245Z,NON_SALE_CHARGE,,,0,0,0,0,0,0.11,USD,PAYOUT,Insertion Fee
2026-03-21T06:54:16.360Z,NON_SALE_CHARGE,,,0,0,0,0,0,0.11,USD,PAYOUT,Insertion Fee
2026-03-21T06:54:06.411Z,NON_SALE_CHARGE,,,0,0,0,0,0,0.11,USD,PAYOUT,Insertion Fee
2026-03-21T06:53:57.387Z,NON_SALE_CHARGE,,,0,0,0,0,0,0.11,USD,PAYOUT,Insertion Fee
2026-03-21T06:53:16.690Z,NON_SALE_CHARGE,,,0,0,0,0,0,0.11,USD,PAYOUT,Insertion Fee
2026-03-21T06:52:16.395Z,NON_SALE_CHARGE,,,0,0,0,0,0,0.11,USD,PAYOUT,Insertion Fee
2026-03-21T06:48:12.692Z,NON_SALE_CHARGE,,,0,0,0,0,0,0.11,USD,PAYOUT,Insertion Fee
2026-03-21T06:47:02.009Z,NON_SALE_CHARGE,,,0,0,0,0,0,0.11,USD,PAYOUT,Insertion Fee
2026-03-21T06:45:03.378Z,NON_SALE_CHARGE,,,0,0,0,0,0,0.11,USD,PAYOUT,Insertion Fee
2026-03-21T06:44:16.383Z,NON_SALE_CHARGE,,,0,0,0,0,0,0.11,USD,PAYOUT,Insertion Fee
2026-03-21T06:42:25.963Z,NON_SALE_CHARGE,,,0,0,0,0,0,0.11,USD,PAYOUT,Insertion Fee
2026-03-21T06:42:17.952Z,NON_SALE_CHARGE,,,0,0,0,0,0,0.11,USD,PAYOUT,Insertion Fee
2026-03-21T06:38:57.033Z,NON_SALE_CHARGE,,,0,0,0,0,0,0.11,USD,PAYOUT,Insertion Fee
2026-03-21T06:36:57.783Z,NON_SALE_CHARGE,,,0,0,0,0,0,0.11,USD,PAYOUT,Insertion Fee
2026-03-21T06:35:02.711Z,NON_SALE_CHARGE,,,0,0,0,0,0,0.11,USD,PAYOUT,Insertion Fee
2026-03-21T06:31:55.098Z,NON_SALE_CHARGE,,,0,0,0,0,0,0.11,USD,PAYOUT,Insertion Fee
2026-03-21T06:31:11.842Z,NON_SALE_CHARGE,,,0,0,0,0,0,0.11,USD,PAYOUT,Insertion Fee
2026-03-21T06:28:10.288Z,NON_SALE_CHARGE,,,0,0,0,0,0,0.11,USD,PAYOUT,Insertion Fee
2026-03-21T06:27:16.468Z,NON_SALE_CHARGE,,,0,0,0,0,0,0.11,USD,PAYOUT,Insertion Fee
2026-03-21T06:26:13.072Z,NON_SALE_CHARGE,,,0,0,0,0,0,0.11,USD,PAYOUT,Insertion Fee
2026-03-21T06:17:12.398Z,NON_SALE_CHARGE,,,0,0,0,0,0,0.11,USD,PAYOUT,Insertion Fee
2026-03-21T06:16:52.604Z,NON_SALE_CHARGE,,,0,0,0,0,0,0.11,USD,PAYOUT,Insertion Fee
2026-03-21T06:15:02.707Z,NON_SALE_CHARGE,,,0,0,0,0,0,0.11,USD,PAYOUT,Insertion Fee
2026-03-21T06:09:14.663Z,NON_SALE_CHARGE,,,0,0,0,0,0,0.11,USD,PAYOUT,Insertion Fee
2026-03-21T06:08:41.101Z,NON_SALE_CHARGE,,,0,0,0,0,0,0.11,USD,PAYOUT,Insertion Fee
2026-03-21T06:07:12.642Z,NON_SALE_CHARGE,,,0,0,0,0,0,0.11,USD,PAYOUT,Insertion Fee
2026-03-21T06:02:19.679Z,NON_SALE_CHARGE,,,0,0,0,0,0,0.11,USD,PAYOUT,Insertion Fee
2026-03-21T06:02:15.260Z,NON_SALE_CHARGE,,,0,0,0,0,0,0.11,USD,PAYOUT,Insertion Fee
2026-03-21T06:02:11.549Z,NON_SALE_CHARGE,,,0,0,0,0,0,0.11,USD,PAYOUT,Insertion Fee
2026-03-21T06:01:14.438Z,NON_SALE_CHARGE,,,0,0,0,0,0,0.11,USD,PAYOUT,Insertion Fee
2026-03-21T06:00:12.670Z,NON_SALE_CHARGE,,,0,0,0,0,0,0.11,USD,PAYOUT,Insertion Fee
2026-03-21T06:00:01.146Z,NON_SALE_CHARGE,,,0,0,0,0,0,0.11,USD,PAYOUT,Insertion Fee
2026-03-21T06:00:01.088Z,NON_SALE_CHARGE,,,0,0,0,0,0,0.11,USD,PAYOUT,Insertion Fee
2026-03-21T05:58:59.466Z,NON_SALE_CHARGE,,,0,0,0,0,0,0.11,USD,PAYOUT,Insertion Fee
2026-03-21T05:58:40.596Z,NON_SALE_CHARGE,,,0,0,0,0,0,0.11,USD,PAYOUT,Insertion Fee
2026-03-21T05:57:14.566Z,NON_SALE_CHARGE,,,0,0,0,0,0,0.11,USD,PAYOUT,Insertion Fee
2026-03-21T05:53:40.953Z,NON_SALE_CHARGE,,,0,0,0,0,0,0.11,USD,PAYOUT,Insertion Fee
2026-03-21T05:51:51.993Z,NON_SALE_CHARGE,,,0,0,0,0,0,0.11,USD,PAYOUT,Insertion Fee
2026-03-21T05:42:10.759Z,NON_SALE_CHARGE,,,0,0,0,0,0,0.11,USD,PAYOUT,Insertion Fee
2026-03-21T05:41:49.202Z,NON_SALE_CHARGE,,,0,0,0,0,0,0.11,USD,PAYOUT,Insertion Fee
2026-03-21T05:41:11.797Z,NON_SALE_CHARGE,,,0,0,0,0,0,0.11,USD,PAYOUT,Insertion Fee
2026-03-21T05:39:04.003Z,NON_SALE_CHARGE,,,0,0,0,0,0,0.11,USD,PAYOUT,Insertion Fee
2026-03-21T05:39:02.099Z,NON_SALE_CHARGE,,,0,0,0,0,0,0.11,USD,PAYOUT,Insertion Fee
2026-03-21T05:30:13.723Z,NON_SALE_CHARGE,,,0,0,0,0,0,0.11,USD,PAYOUT,Insertion Fee
2026-03-21T05:28:56.801Z,NON_SALE_CHARGE,,,0,0,0,0,0,0.11,USD,PAYOUT,Insertion Fee
2026-03-21T05:27:21.633Z,NON_SALE_CHARGE,,,0,0,0,0,0,0.11,USD,PAYOUT,Insertion Fee
2026-03-21T05:27:17.910Z,NON_SALE_CHARGE,,,0,0,0,0,0,0.11,USD,PAYOUT,Insertion Fee
2026-03-21T05:24:25.173Z,NON_SALE_CHARGE,,,0,0,0,0,0,0.11,USD,PAYOUT,Insertion Fee
2026-03-21T05:24:23.739Z,NON_SALE_CHARGE,,,0,0,0,0,0,0.11,USD,PAYOUT,Insertion Fee
2026-03-21T05:21:45.974Z,NON_SALE_CHARGE,,,0,0,0,0,0,0.11,USD,PAYOUT,Insertion Fee
2026-03-21T05:19:05.980Z,NON_SALE_CHARGE,,,0,0,0,0,0,0.11,USD,PAYOUT,Insertion Fee
2026-03-21T05:13:02.435Z,NON_SALE_CHARGE,,,0,0,0,0,0,0.11,USD,PAYOUT,Insertion Fee
2026-03-21T05:12:17.939Z,NON_SALE_CHARGE,,,0,0,0,0,0,0.11,USD,PAYOUT,Insertion Fee
2026-03-21T05:12:16.374Z,NON_SALE_CHARGE,,,0,0,0,0,0,0.11,USD,PAYOUT,Insertion Fee
2026-03-21T05:12:10.201Z,NON_SALE_CHARGE,,,0,0,0,0,0,0.11,USD,PAYOUT,Insertion Fee
2026-03-21T05:11:10.974Z,NON_SALE_CHARGE,,,0,0,0,0,0,0.11,USD,PAYOUT,Insertion Fee
2026-03-21T05:09:58.602Z,NON_SALE_CHARGE,,,0,0,0,0,0,0.11,USD,PAYOUT,Insertion Fee
2026-03-21T05:09:57.015Z,NON_SALE_CHARGE,,,0,0,0,0,0,0.11,USD,PAYOUT,Insertion Fee
2026-03-21T05:09:02.815Z,NON_SALE_CHARGE,,,0,0,0,0,0,0.11,USD,PAYOUT,Insertion Fee
2026-03-21T05:08:55.617Z,NON_SALE_CHARGE,,,0,0,0,0,0,0.11,USD,PAYOUT,Insertion Fee
2026-03-21T05:08:53.620Z,NON_SALE_CHARGE,,,0,0,0,0,0,0.11,USD,PAYOUT,Insertion Fee
2026-03-21T05:08:04.556Z,NON_SALE_CHARGE,,,0,0,0,0,0,0.11,USD,PAYOUT,Insertion Fee
2026-03-21T05:08:03.901Z,NON_SALE_CHARGE,,,0,0,0,0,0,0.11,USD,PAYOUT,Insertion Fee
2026-03-21T04:51:48.983Z,NON_SALE_CHARGE,,,0,0,0,0,0,0.11,USD,PAYOUT,Insertion Fee
2026-03-21T04:50:05.276Z,NON_SALE_CHARGE,,,0,0,0,0,0,0.11,USD,PAYOUT,Insertion Fee
2026-03-21T04:49:47.088Z,NON_SALE_CHARGE,,,0,0,0,0,0,0.11,USD,PAYOUT,Insertion Fee
2026-03-21T04:46:42.382Z,NON_SALE_CHARGE,,,0,0,0,0,0,0.11,USD,PAYOUT,Insertion Fee
2026-03-21T03:19:46.283Z,NON_SALE_CHARGE,,,0,0,0,0,0,6.16,USD,PAYOUT,Promoted Listings - General fee
2026-03-21T03:16:16.102Z,SALE,05-14401-39828,marithrifts,105.67,15.65,0.44,1.66,17.75,87.92,USD,PAYOUT,
2026-03-21T02:44:28.582Z,NON_SALE_CHARGE,,,0,0,0,0,0,0.11,USD,PAYOUT,Insertion Fee
2026-03-21T02:44:28.501Z,NON_SALE_CHARGE,,,0,0,0,0,0,0.11,USD,PAYOUT,Insertion Fee
2026-03-21T02:43:39.303Z,NON_SALE_CHARGE,,,0,0,0,0,0,0.11,USD,PAYOUT,Insertion Fee
2026-03-21T02:43:37.871Z,NON_SALE_CHARGE,,,0,0,0,0,0,0.11,USD,PAYOUT,Insertion Fee
2026-03-21T02:42:50.472Z,NON_SALE_CHARGE,,,0,0,0,0,0,0.11,USD,PAYOUT,Insertion Fee
2026-03-21T02:39:55.664Z,NON_SALE_CHARGE,,,0,0,0,0,0,0.11,USD,PAYOUT,Insertion Fee
2026-03-21T02:39:03.831Z,NON_SALE_CHARGE,,,0,0,0,0,0,0.11,USD,PAYOUT,Insertion Fee
2026-03-21T02:39:01.159Z,NON_SALE_CHARGE,,,0,0,0,0,0,0.11,USD,PAYOUT,Insertion Fee
2026-03-21T02:38:56.028Z,NON_SALE_CHARGE,,,0,0,0,0,0,0.11,USD,PAYOUT,Insertion Fee
2026-03-21T02:38:36.035Z,NON_SALE_CHARGE,,,0,0,0,0,0,0.11,USD,PAYOUT,Insertion Fee
2026-03-21T02:37:46.417Z,NON_SALE_CHARGE,,,0,0,0,0,0,0.11,USD,PAYOUT,Insertion Fee
2026-03-21T02:37:19.242Z,NON_SALE_CHARGE,,,0,0,0,0,0,0.11,USD,PAYOUT,Insertion Fee
2026-03-21T02:36:55.919Z,NON_SALE_CHARGE,,,0,0,0,0,0,0.11,USD,PAYOUT,Insertion Fee
2026-03-21T02:36:52.677Z,NON_SALE_CHARGE,,,0,0,0,0,0,0.11,USD,PAYOUT,Insertion Fee
2026-03-21T02:36:10.455Z,NON_SALE_CHARGE,,,0,0,0,0,0,0.11,USD,PAYOUT,Insertion Fee
2026-03-21T02:34:44.045Z,NON_SALE_CHARGE,,,0,0,0,0,0,0.11,USD,PAYOUT,Insertion Fee
2026-03-21T02:33:31.106Z,NON_SALE_CHARGE,,,0,0,0,0,0,0.11,USD,PAYOUT,Insertion Fee
2026-03-21T02:32:51.670Z,NON_SALE_CHARGE,,,0,0,0,0,0,0.11,USD,PAYOUT,Insertion Fee
2026-03-21T02:32:48.107Z,NON_SALE_CHARGE,,,0,0,0,0,0,0.11,USD,PAYOUT,Insertion Fee
2026-03-21T02:32:12.857Z,NON_SALE_CHARGE,,,0,0,0,0,0,0.11,USD,PAYOUT,Insertion Fee
2026-03-21T02:31:58.937Z,NON_SALE_CHARGE,,,0,0,0,0,0,0.11,USD,PAYOUT,Insertion Fee
2026-03-21T02:31:17.549Z,NON_SALE_CHARGE,,,0,0,0,0,0,0.11,USD,PAYOUT,Insertion Fee
2026-03-21T02:16:16.072Z,NON_SALE_CHARGE,,,0,0,0,0,0,0.11,USD,PAYOUT,Insertion Fee
2026-03-21T02:15:03.473Z,NON_SALE_CHARGE,,,0,0,0,0,0,0.11,USD,PAYOUT,Insertion Fee
2026-03-21T02:14:42.045Z,NON_SALE_CHARGE,,,0,0,0,0,0,0.11,USD,PAYOUT,Insertion Fee
2026-03-21T02:14:06.736Z,NON_SALE_CHARGE,,,0,0,0,0,0,0.11,USD,PAYOUT,Insertion Fee
2026-03-21T02:13:55.578Z,NON_SALE_CHARGE,,,0,0,0,0,0,0.11,USD,PAYOUT,Insertion Fee
2026-03-21T02:12:51.605Z,NON_SALE_CHARGE,,,0,0,0,0,0,0.11,USD,PAYOUT,Insertion Fee
2026-03-21T02:12:20.729Z,NON_SALE_CHARGE,,,0,0,0,0,0,0.11,USD,PAYOUT,Insertion Fee
2026-03-21T02:11:16.269Z,NON_SALE_CHARGE,,,0,0,0,0,0,0.11,USD,PAYOUT,Insertion Fee
2026-03-21T02:10:04.141Z,NON_SALE_CHARGE,,,0,0,0,0,0,0.11,USD,PAYOUT,Insertion Fee
2026-03-21T02:10:01.888Z,NON_SALE_CHARGE,,,0,0,0,0,0,0.11,USD,PAYOUT,Insertion Fee
2026-03-21T02:09:01.997Z,NON_SALE_CHARGE,,,0,0,0,0,0,0.11,USD,PAYOUT,Insertion Fee
2026-03-21T02:09:00.101Z,NON_SALE_CHARGE,,,0,0,0,0,0,0.11,USD,PAYOUT,Insertion Fee
2026-03-21T02:08:54.211Z,NON_SALE_CHARGE,,,0,0,0,0,0,0.11,USD,PAYOUT,Insertion Fee
2026-03-21T02:00:07.640Z,REFUND,01-14400-03736,baronessred6zgc,458.29,68.51,0.44,7.28,76.23,382.06,USD,PAYOUT,
2026-03-20T23:18:50.486Z,NON_SALE_CHARGE,,,0,0,0,0,0,16.61,USD,PAYOUT,Promoted Listings - General fee
2026-03-20T23:14:57.371Z,SALE,21-14376-78387,meloz_6339,283.65,42.21,0.44,4.49,47.14,236.51,USD,PAYOUT,
2026-03-20T23:08:04.007Z,NON_SALE_CHARGE,,,0,0,0,0,0,6.61,USD,PAYOUT,Promoted Listings - General fee
2026-03-20T23:03:10.900Z,SALE,11-14391-49976,kaknob_87,112.35,16.8,0.44,1.78,19.02,93.33,USD,PAYOUT,
2026-03-20T21:32:47.024Z,NON_SALE_CHARGE,,,0,0,0,0,0,0.11,USD,PAYOUT,Insertion Fee
2026-03-20T17:27:27.932Z,NON_SALE_CHARGE,,,0,0,0,0,0,0.11,USD,PAYOUT,Insertion Fee
2026-03-20T17:24:15.601Z,NON_SALE_CHARGE,,,0,0,0,0,0,0.11,USD,PAYOUT,Insertion Fee
2026-03-20T17:20:28.360Z,NON_SALE_CHARGE,,,0,0,0,0,0,0.11,USD,PAYOUT,Insertion Fee
2026-03-20T16:21:13.422Z,NON_SALE_CHARGE,,,0,0,0,0,0,0.11,USD,PAYOUT,Insertion Fee
2026-03-20T16:07:18.579Z,NON_SALE_CHARGE,,,0,0,0,0,0,0.11,USD,PAYOUT,Insertion Fee
2026-03-20T12:25:27.664Z,NON_SALE_CHARGE,,,0,0,0,0,0,0.11,USD,PAYOUT,Insertion Fee
2026-03-20T12:25:24.292Z,NON_SALE_CHARGE,,,0,0,0,0,0,0.11,USD,PAYOUT,Insertion Fee
2026-03-20T12:25:22.634Z,NON_SALE_CHARGE,,,0,0,0,0,0,0.11,USD,PAYOUT,Insertion Fee
2026-03-20T12:25:21.937Z,NON_SALE_CHARGE,,,0,0,0,0,0,0.11,USD,PAYOUT,Insertion Fee
2026-03-20T12:25:21.904Z,NON_SALE_CHARGE,,,0,0,0,0,0,0.11,USD,PAYOUT,Insertion Fee
2026-03-20T12:25:19.565Z,NON_SALE_CHARGE,,,0,0,0,0,0,0.11,USD,PAYOUT,Insertion Fee
2026-03-20T12:25:18.570Z,NON_SALE_CHARGE,,,0,0,0,0,0,0.11,USD,PAYOUT,Insertion Fee
2026-03-20T12:24:26.067Z,NON_SALE_CHARGE,,,0,0,0,0,0,0.11,USD,PAYOUT,Insertion Fee
2026-03-20T12:24:22.008Z,NON_SALE_CHARGE,,,0,0,0,0,0,0.11,USD,PAYOUT,Insertion Fee
2026-03-20T12:24:18.874Z,NON_SALE_CHARGE,,,0,0,0,0,0,0.11,USD,PAYOUT,Insertion Fee
2026-03-20T12:24:13.179Z,NON_SALE_CHARGE,,,0,0,0,0,0,0.11,USD,PAYOUT,Insertion Fee
2026-03-20T12:24:06.708Z,NON_SALE_CHARGE,,,0,0,0,0,0,0.11,USD,PAYOUT,Insertion Fee
2026-03-20T12:24:06.089Z,NON_SALE_CHARGE,,,0,0,0,0,0,0.11,USD,PAYOUT,Insertion Fee
2026-03-20T12:24:03.544Z,NON_SALE_CHARGE,,,0,0,0,0,0,0.11,USD,PAYOUT,Insertion Fee
2026-03-20T12:24:00.800Z,NON_SALE_CHARGE,,,0,0,0,0,0,0.11,USD,PAYOUT,Insertion Fee
2026-03-20T12:23:58.026Z,NON_SALE_CHARGE,,,0,0,0,0,0,0.11,USD,PAYOUT,Insertion Fee
2026-03-20T12:23:57.025Z,NON_SALE_CHARGE,,,0,0,0,0,0,0.11,USD,PAYOUT,Insertion Fee
2026-03-20T12:23:46.668Z,NON_SALE_CHARGE,,,0,0,0,0,0,0.11,USD,PAYOUT,Insertion Fee
2026-03-20T12:23:41.986Z,NON_SALE_CHARGE,,,0,0,0,0,0,0.11,USD,PAYOUT,Insertion Fee
2026-03-20T12:23:05.672Z,NON_SALE_CHARGE,,,0,0,0,0,0,0.11,USD,PAYOUT,Insertion Fee
2026-03-20T12:22:59.816Z,NON_SALE_CHARGE,,,0,0,0,0,0,0.11,USD,PAYOUT,Insertion Fee
2026-03-20T12:22:59.547Z,NON_SALE_CHARGE,,,0,0,0,0,0,0.11,USD,PAYOUT,Insertion Fee
2026-03-20T12:21:48.577Z,NON_SALE_CHARGE,,,0,0,0,0,0,0.11,USD,PAYOUT,Insertion Fee
2026-03-20T12:21:46.752Z,NON_SALE_CHARGE,,,0,0,0,0,0,0.11,USD,PAYOUT,Insertion Fee
2026-03-20T12:21:46.418Z,NON_SALE_CHARGE,,,0,0,0,0,0,0.11,USD,PAYOUT,Insertion Fee
2026-03-20T12:21:45.877Z,NON_SALE_CHARGE,,,0,0,0,0,0,0.11,USD,PAYOUT,Insertion Fee
2026-03-20T12:21:45.540Z,NON_SALE_CHARGE,,,0,0,0,0,0,0.11,USD,PAYOUT,Insertion Fee
2026-03-20T12:21:23.126Z,NON_SALE_CHARGE,,,0,0,0,0,0,0.11,USD,PAYOUT,Insertion Fee
2026-03-20T12:21:18.788Z,NON_SALE_CHARGE,,,0,0,0,0,0,0.11,USD,PAYOUT,Insertion Fee
2026-03-20T12:21:05.242Z,NON_SALE_CHARGE,,,0,0,0,0,0,0.11,USD,PAYOUT,Insertion Fee
2026-03-20T12:21:04.189Z,NON_SALE_CHARGE,,,0,0,0,0,0,0.11,USD,PAYOUT,Insertion Fee
2026-03-20T12:20:43.368Z,NON_SALE_CHARGE,,,0,0,0,0,0,0.11,USD,PAYOUT,Insertion Fee
2026-03-20T12:20:43.270Z,NON_SALE_CHARGE,,,0,0,0,0,0,0.11,USD,PAYOUT,Insertion Fee
2026-03-20T12:20:31.424Z,NON_SALE_CHARGE,,,0,0,0,0,0,0.11,USD,PAYOUT,Insertion Fee
2026-03-20T12:20:30.871Z,NON_SALE_CHARGE,,,0,0,0,0,0,0.11,USD,PAYOUT,Insertion Fee
2026-03-20T12:20:27.752Z,NON_SALE_CHARGE,,,0,0,0,0,0,0.11,USD,PAYOUT,Insertion Fee
2026-03-20T12:20:26.829Z,NON_SALE_CHARGE,,,0,0,0,0,0,0.11,USD,PAYOUT,Insertion Fee
2026-03-20T12:20:22.189Z,NON_SALE_CHARGE,,,0,0,0,0,0,0.11,USD,PAYOUT,Insertion Fee
2026-03-20T12:20:21.298Z,NON_SALE_CHARGE,,,0,0,0,0,0,0.11,USD,PAYOUT,Insertion Fee
2026-03-20T12:20:19.850Z,NON_SALE_CHARGE,,,0,0,0,0,0,0.11,USD,PAYOUT,Insertion Fee
2026-03-20T12:20:19.434Z,NON_SALE_CHARGE,,,0,0,0,0,0,0.11,USD,PAYOUT,Insertion Fee
2026-03-20T12:19:23.627Z,NON_SALE_CHARGE,,,0,0,0,0,0,0.11,USD,PAYOUT,Insertion Fee
2026-03-20T12:19:20.957Z,NON_SALE_CHARGE,,,0,0,0,0,0,0.11,USD,PAYOUT,Insertion Fee
2026-03-20T12:19:09.664Z,NON_SALE_CHARGE,,,0,0,0,0,0,0.11,USD,PAYOUT,Insertion Fee
2026-03-20T12:19:08.634Z,NON_SALE_CHARGE,,,0,0,0,0,0,0.11,USD,PAYOUT,Insertion Fee
2026-03-20T12:19:06.145Z,NON_SALE_CHARGE,,,0,0,0,0,0,0.11,USD,PAYOUT,Insertion Fee
2026-03-20T12:19:03.708Z,NON_SALE_CHARGE,,,0,0,0,0,0,0.11,USD,PAYOUT,Insertion Fee
2026-03-20T12:19:00.599Z,NON_SALE_CHARGE,,,0,0,0,0,0,0.11,USD,PAYOUT,Insertion Fee
2026-03-20T12:18:49.674Z,NON_SALE_CHARGE,,,0,0,0,0,0,0.11,USD,PAYOUT,Insertion Fee
2026-03-20T12:18:40.254Z,NON_SALE_CHARGE,,,0,0,0,0,0,0.11,USD,PAYOUT,Insertion Fee
2026-03-20T12:18:40.226Z,NON_SALE_CHARGE,,,0,0,0,0,0,0.11,USD,PAYOUT,Insertion Fee
2026-03-20T12:18:05.209Z,NON_SALE_CHARGE,,,0,0,0,0,0,0.11,USD,PAYOUT,Insertion Fee
2026-03-20T12:18:01.649Z,NON_SALE_CHARGE,,,0,0,0,0,0,0.11,USD,PAYOUT,Insertion Fee
2026-03-20T12:16:46.064Z,NON_SALE_CHARGE,,,0,0,0,0,0,0.11,USD,PAYOUT,Insertion Fee
2026-03-20T12:16:44.461Z,NON_SALE_CHARGE,,,0,0,0,0,0,0.11,USD,PAYOUT,Insertion Fee
2026-03-20T12:16:42.092Z,NON_SALE_CHARGE,,,0,0,0,0,0,0.11,USD,PAYOUT,Insertion Fee
2026-03-20T12:16:14.881Z,NON_SALE_CHARGE,,,0,0,0,0,0,0.11,USD,PAYOUT,Insertion Fee
2026-03-20T12:16:12.739Z,NON_SALE_CHARGE,,,0,0,0,0,0,0.11,USD,PAYOUT,Insertion Fee
2026-03-20T12:16:08.445Z,NON_SALE_CHARGE,,,0,0,0,0,0,0.11,USD,PAYOUT,Insertion Fee
2026-03-20T12:16:06.222Z,NON_SALE_CHARGE,,,0,0,0,0,0,0.11,USD,PAYOUT,Insertion Fee
2026-03-20T12:16:05.864Z,NON_SALE_CHARGE,,,0,0,0,0,0,0.11,USD,PAYOUT,Insertion Fee
2026-03-20T12:16:01.922Z,NON_SALE_CHARGE,,,0,0,0,0,0,0.11,USD,PAYOUT,Insertion Fee
2026-03-20T12:15:43.502Z,NON_SALE_CHARGE,,,0,0,0,0,0,0.11,USD,PAYOUT,Insertion Fee
2026-03-20T12:15:42.959Z,NON_SALE_CHARGE,,,0,0,0,0,0,0.11,USD,PAYOUT,Insertion Fee
2026-03-20T12:15:42.161Z,NON_SALE_CHARGE,,,0,0,0,0,0,0.11,USD,PAYOUT,Insertion Fee
2026-03-20T12:15:39.504Z,NON_SALE_CHARGE,,,0,0,0,0,0,0.11,USD,PAYOUT,Insertion Fee
2026-03-20T12:15:28.250Z,NON_SALE_CHARGE,,,0,0,0,0,0,0.11,USD,PAYOUT,Insertion Fee
2026-03-20T12:15:26.519Z,NON_SALE_CHARGE,,,0,0,0,0,0,0.11,USD,PAYOUT,Insertion Fee
2026-03-20T12:15:25.327Z,NON_SALE_CHARGE,,,0,0,0,0,0,0.11,USD,PAYOUT,Insertion Fee
2026-03-20T12:15:22.607Z,NON_SALE_CHARGE,,,0,0,0,0,0,0.11,USD,PAYOUT,Insertion Fee
2026-03-20T12:15:22.253Z,NON_SALE_CHARGE,,,0,0,0,0,0,0.11,USD,PAYOUT,Insertion Fee
2026-03-20T12:15:21.649Z,NON_SALE_CHARGE,,,0,0,0,0,0,0.11,USD,PAYOUT,Insertion Fee
2026-03-20T12:15:20.582Z,NON_SALE_CHARGE,,,0,0,0,0,0,0.11,USD,PAYOUT,Insertion Fee
2026-03-20T12:15:19.720Z,NON_SALE_CHARGE,,,0,0,0,0,0,0.11,USD,PAYOUT,Insertion Fee
2026-03-20T12:14:45.617Z,NON_SALE_CHARGE,,,0,0,0,0,0,0.11,USD,PAYOUT,Insertion Fee
2026-03-20T12:14:44.857Z,NON_SALE_CHARGE,,,0,0,0,0,0,0.11,USD,PAYOUT,Insertion Fee
2026-03-20T12:14:36.802Z,NON_SALE_CHARGE,,,0,0,0,0,0,0.11,USD,PAYOUT,Insertion Fee
2026-03-20T12:14:04.601Z,NON_SALE_CHARGE,,,0,0,0,0,0,0.11,USD,PAYOUT,Insertion Fee
2026-03-20T12:13:57.553Z,NON_SALE_CHARGE,,,0,0,0,0,0,0.11,USD,PAYOUT,Insertion Fee
2026-03-20T12:13:53.533Z,NON_SALE_CHARGE,,,0,0,0,0,0,0.11,USD,PAYOUT,Insertion Fee
2026-03-20T12:13:51.244Z,NON_SALE_CHARGE,,,0,0,0,0,0,0.11,USD,PAYOUT,Insertion Fee
2026-03-20T12:13:46.638Z,NON_SALE_CHARGE,,,0,0,0,0,0,0.11,USD,PAYOUT,Insertion Fee
2026-03-20T12:13:40.471Z,NON_SALE_CHARGE,,,0,0,0,0,0,0.11,USD,PAYOUT,Insertion Fee
2026-03-20T12:13:38.228Z,NON_SALE_CHARGE,,,0,0,0,0,0,0.11,USD,PAYOUT,Insertion Fee
2026-03-20T12:13:38.094Z,NON_SALE_CHARGE,,,0,0,0,0,0,0.11,USD,PAYOUT,Insertion Fee
2026-03-20T12:13:38.068Z,NON_SALE_CHARGE,,,0,0,0,0,0,0.11,USD,PAYOUT,Insertion Fee
2026-03-20T12:12:58.962Z,NON_SALE_CHARGE,,,0,0,0,0,0,0.11,USD,PAYOUT,Insertion Fee
2026-03-20T12:12:57.335Z,NON_SALE_CHARGE,,,0,0,0,0,0,0.11,USD,PAYOUT,Insertion Fee
2026-03-20T12:11:54.407Z,NON_SALE_CHARGE,,,0,0,0,0,0,0.11,USD,PAYOUT,Insertion Fee
2026-03-20T12:11:51.408Z,NON_SALE_CHARGE,,,0,0,0,0,0,0.11,USD,PAYOUT,Insertion Fee
2026-03-20T12:11:50.013Z,NON_SALE_CHARGE,,,0,0,0,0,0,0.11,USD,PAYOUT,Insertion Fee
2026-03-20T12:11:49.316Z,NON_SALE_CHARGE,,,0,0,0,0,0,0.11,USD,PAYOUT,Insertion Fee
2026-03-20T12:11:46.497Z,NON_SALE_CHARGE,,,0,0,0,0,0,0.11,USD,PAYOUT,Insertion Fee
2026-03-20T12:11:45.710Z,NON_SALE_CHARGE,,,0,0,0,0,0,0.11,USD,PAYOUT,Insertion Fee
2026-03-20T12:11:41.007Z,NON_SALE_CHARGE,,,0,0,0,0,0,0.11,USD,PAYOUT,Insertion Fee
2026-03-20T12:11:16.631Z,NON_SALE_CHARGE,,,0,0,0,0,0,0.11,USD,PAYOUT,Insertion Fee
2026-03-20T12:11:16.181Z,NON_SALE_CHARGE,,,0,0,0,0,0,0.11,USD,PAYOUT,Insertion Fee
2026-03-20T12:11:11.410Z,NON_SALE_CHARGE,,,0,0,0,0,0,0.11,USD,PAYOUT,Insertion Fee
2026-03-20T12:11:10.082Z,NON_SALE_CHARGE,,,0,0,0,0,0,0.11,USD,PAYOUT,Insertion Fee
2026-03-20T12:11:08.628Z,NON_SALE_CHARGE,,,0,0,0,0,0,0.11,USD,PAYOUT,Insertion Fee
2026-03-20T12:11:08.586Z,NON_SALE_CHARGE,,,0,0,0,0,0,0.11,USD,PAYOUT,Insertion Fee
2026-03-20T12:11:06.371Z,NON_SALE_CHARGE,,,0,0,0,0,0,0.11,USD,PAYOUT,Insertion Fee
2026-03-20T12:11:06.288Z,NON_SALE_CHARGE,,,0,0,0,0,0,0.11,USD,PAYOUT,Insertion Fee
2026-03-20T12:11:05.951Z,NON_SALE_CHARGE,,,0,0,0,0,0,0.11,USD,PAYOUT,Insertion Fee
2026-03-20T12:11:05.876Z,NON_SALE_CHARGE,,,0,0,0,0,0,0.11,USD,PAYOUT,Insertion Fee
2026-03-20T12:11:04.480Z,NON_SALE_CHARGE,,,0,0,0,0,0,0.11,USD,PAYOUT,Insertion Fee
2026-03-20T12:11:03.945Z,NON_SALE_CHARGE,,,0,0,0,0,0,0.11,USD,PAYOUT,Insertion Fee
2026-03-20T12:11:02.537Z,NON_SALE_CHARGE,,,0,0,0,0,0,0.11,USD,PAYOUT,Insertion Fee
2026-03-20T12:11:02.118Z,NON_SALE_CHARGE,,,0,0,0,0,0,0.11,USD,PAYOUT,Insertion Fee
2026-03-20T12:11:00.400Z,NON_SALE_CHARGE,,,0,0,0,0,0,0.11,USD,PAYOUT,Insertion Fee
2026-03-20T12:10:58.461Z,NON_SALE_CHARGE,,,0,0,0,0,0,0.11,USD,PAYOUT,Insertion Fee
2026-03-20T12:10:55.812Z,NON_SALE_CHARGE,,,0,0,0,0,0,0.11,USD,PAYOUT,Insertion Fee
2026-03-20T12:10:55.116Z,NON_SALE_CHARGE,,,0,0,0,0,0,0.11,USD,PAYOUT,Insertion Fee
2026-03-20T12:10:49.525Z,NON_SALE_CHARGE,,,0,0,0,0,0,0.11,USD,PAYOUT,Insertion Fee
2026-03-20T12:10:47.527Z,NON_SALE_CHARGE,,,0,0,0,0,0,0.11,USD,PAYOUT,Insertion Fee
2026-03-20T12:10:44.945Z,NON_SALE_CHARGE,,,0,0,0,0,0,0.11,USD,PAYOUT,Insertion Fee
2026-03-20T12:10:33.809Z,NON_SALE_CHARGE,,,0,0,0,0,0,0.11,USD,PAYOUT,Insertion Fee
2026-03-20T12:10:29.534Z,NON_SALE_CHARGE,,,0,0,0,0,0,0.11,USD,PAYOUT,Insertion Fee
2026-03-20T12:10:27.453Z,NON_SALE_CHARGE,,,0,0,0,0,0,0.11,USD,PAYOUT,Insertion Fee
2026-03-20T12:10:23.989Z,NON_SALE_CHARGE,,,0,0,0,0,0,0.11,USD,PAYOUT,Insertion Fee
2026-03-20T12:10:22.106Z,NON_SALE_CHARGE,,,0,0,0,0,0,0.11,USD,PAYOUT,Insertion Fee
2026-03-20T12:10:19.518Z,NON_SALE_CHARGE,,,0,0,0,0,0,0.11,USD,PAYOUT,Insertion Fee
2026-03-20T12:10:18.075Z,NON_SALE_CHARGE,,,0,0,0,0,0,0.11,USD,PAYOUT,Insertion Fee
2026-03-20T12:10:17.644Z,NON_SALE_CHARGE,,,0,0,0,0,0,0.11,USD,PAYOUT,Insertion Fee
2026-03-20T12:09:40.984Z,NON_SALE_CHARGE,,,0,0,0,0,0,0.11,USD,PAYOUT,Insertion Fee
2026-03-20T12:09:39.182Z,NON_SALE_CHARGE,,,0,0,0,0,0,0.11,USD,PAYOUT,Insertion Fee
2026-03-20T12:09:30.100Z,NON_SALE_CHARGE,,,0,0,0,0,0,0.11,USD,PAYOUT,Insertion Fee
2026-03-20T12:09:28.215Z,NON_SALE_CHARGE,,,0,0,0,0,0,0.11,USD,PAYOUT,Insertion Fee
2026-03-20T12:09:16.185Z,NON_SALE_CHARGE,,,0,0,0,0,0,0.11,USD,PAYOUT,Insertion Fee
2026-03-20T12:09:16.046Z,NON_SALE_CHARGE,,,0,0,0,0,0,0.11,USD,PAYOUT,Insertion Fee
2026-03-20T12:09:15.948Z,NON_SALE_CHARGE,,,0,0,0,0,0,0.11,USD,PAYOUT,Insertion Fee
2026-03-20T12:09:14.196Z,NON_SALE_CHARGE,,,0,0,0,0,0,0.11,USD,PAYOUT,Insertion Fee
2026-03-20T12:09:14.188Z,NON_SALE_CHARGE,,,0,0,0,0,0,0.11,USD,PAYOUT,Insertion Fee
2026-03-20T12:09:14.178Z,NON_SALE_CHARGE,,,0,0,0,0,0,0.11,USD,PAYOUT,Insertion Fee
2026-03-20T12:08:43.739Z,NON_SALE_CHARGE,,,0,0,0,0,0,0.11,USD,PAYOUT,Insertion Fee
2026-03-20T12:08:30.023Z,NON_SALE_CHARGE,,,0,0,0,0,0,0.11,USD,PAYOUT,Insertion Fee
2026-03-20T12:08:15.500Z,NON_SALE_CHARGE,,,0,0,0,0,0,0.11,USD,PAYOUT,Insertion Fee
2026-03-20T12:07:59.991Z,NON_SALE_CHARGE,,,0,0,0,0,0,0.11,USD,PAYOUT,Insertion Fee
2026-03-19T13:19:06.313Z,SALE,01-14400-03736,baronessred6zgc,458.29,68.51,0.44,7.28,76.23,382.06,USD,PAYOUT,
2026-03-19T04:32:04.682Z,NON_SALE_CHARGE,,,0,0,0,0,0,7.81,USD,PAYOUT,Promoted Listings - General fee
2026-03-19T04:29:24.613Z,SALE,02-14397-12538,pinkbronxmama,131.26,19.82,0.44,2.11,22.37,108.89,USD,PAYOUT,
2026-03-18T16:55:17.353Z,NON_SALE_CHARGE,,,0,0,0,0,0,17.31,USD,PAYOUT,Promoted Listings - General fee
2026-03-18T16:49:34.515Z,SALE,04-14391-51444,blaze_82,314.79,43.98,0.44,4.67,49.09,265.7,USD,PAYOUT,
2026-03-18T13:36:40.682Z,NON_SALE_CHARGE,,,0,0,0,0,0,19.51,USD,PAYOUT,Promoted Listings - General fee
2026-03-18T00:45:43.100Z,NON_SALE_CHARGE,,,0,0,0,0,0,11.37,USD,PAYOUT,Promoted Listings - General fee
2026-03-18T00:38:02.680Z,REFUND,02-14372-43274,vene_76,190.21,28.9,0.44,3.07,32.41,157.8,USD,PAYOUT,
2026-03-17T14:17:31.864Z,SALE,15-14370-28316,serlo_4311,325.92,49.58,0.44,5.27,55.29,270.63,USD,PAYOUT,
2026-03-17T07:51:27.895Z,SALE,27-14352-22588,stocchero123,228.99,35.19,0.44,3.74,39.37,189.62,USD,PAYOUT,
2026-03-16T19:15:55.216Z,SALE,11-14372-68148,mah78598,159.07,24.2,0.44,2.57,27.21,131.86,USD,PAYOUT,
2026-03-16T16:56:36.456Z,NON_SALE_CHARGE,,,0,0,0,0,0,12.66,USD,PAYOUT,Promoted Listings - General fee
2026-03-16T16:51:09.125Z,SALE,05-14381-10346,renemull,213.57,32.15,0.44,3.42,36.01,177.56,USD,PAYOUT,
2026-03-15T13:01:58.622Z,NON_SALE_CHARGE,,,0,0,0,0,0,13.59,USD,PAYOUT,Promoted Listings - General fee
2026-03-14T18:36:29.046Z,SALE,11-14363-12954,m.r.business,246.94,34.5,0.44,3.66,38.6,208.34,USD,PAYOUT,
2026-03-14T14:45:30.061Z,NON_SALE_CHARGE,,,0,0,0,0,0,9.24,USD,PAYOUT,Promoted Listings - General fee
2026-03-14T14:41:03.251Z,SALE,13-14359-60394,sersakh-73,167.96,23.46,0.44,2.5,26.4,141.56,USD,PAYOUT,
2026-03-13T19:07:09.449Z,NON_SALE_CHARGE,,,0,0,0,0,0,11.37,USD,PAYOUT,Promoted Listings - General fee
2026-03-13T19:03:10.792Z,SALE,02-14372-43274,vene_76,190.21,28.9,0.44,3.07,32.41,157.8,USD,PAYOUT,
2026-03-13T12:48:44.187Z,NON_SALE_CHARGE,,,0,0,0,0,0,28.88,USD,PAYOUT,Promoted Listings - General fee
2026-03-13T12:33:47.215Z,NON_SALE_CHARGE,,,0,0,0,0,0,8.75,USD,PAYOUT,Promoted Listings - General fee
2026-03-13T05:18:38.086Z,SALE,18-14346-65284,pzfc9-0,147.93,22.22,0.44,2.36,25.02,122.91,USD,PAYOUT,
2026-03-12T12:28:27.393Z,SALE,21-14338-38305,xtjdg-306,525,73.35,0.44,7.8,81.59,443.41,USD,PAYOUT,
2026-03-11T15:58:49.373Z,NON_SALE_CHARGE,,,0,0,0,0,0,10.22,USD,PAYOUT,Promoted Listings - General fee
2026-03-10T16:20:06.026Z,SALE,15-14339-01018,tylertoby123craig,185.76,25.95,0.44,2.76,29.15,156.61,USD,PAYOUT,
2026-03-07T13:42:36.468Z,SALE,18-14320-10927,paty088,125.47,18.71,0.44,1.99,21.14,104.33,USD,PAYOUT,
2026-03-07T10:22:03.031Z,NON_SALE_CHARGE,,,0,0,0,0,0,10.15,USD,PAYOUT,Promoted Listings - General fee
2026-03-07T10:18:25.142Z,SALE,05-14338-75132,pattyi-4,170.19,25.8,0.44,2.74,28.98,141.21,USD,PAYOUT,
2026-03-05T00:36:03.295Z,SALE,22-14303-62552,adelnel_0,101.22,15.4,0.44,1.64,17.48,83.74,USD,PAYOUT,
2026-03-04T01:25:11.046Z,NON_SALE_CHARGE,,,0,0,0,0,0,22.92,USD,PAYOUT,Promoted Listings - General fee
2026-03-04T01:22:14.993Z,SALE,27-14291-97935,alina7656,390.43,58.22,0.44,6.19,64.85,325.58,USD,PAYOUT,
2026-03-01T23:42:35.332Z,ADJUSTMENT,,,0,0,0,0,0,0.01,USD,PAYOUT,TAX Only Credit
2026-03-01T21:16:46.000Z,TRANSFER,,,0,0,0,0,0,65.95,USD,PAYOUT,TRANSFER_FROM
2026-03-01T17:28:16.606Z,NON_SALE_CHARGE,,,0,0,0,0,0,65.95,USD,PAYOUT,2026-02-28 - 2026-03-30
2026-02-23T23:02:52.774Z,NON_SALE_CHARGE,,,0,0,0,0,0,5.51,USD,PAYOUT,Promoted Listings - General fee
2026-02-23T22:59:14.495Z,SALE,12-14275-50149,kt8920,94.55,14,0.44,1.49,15.93,78.62,USD,PAYOUT,
2026-02-22T16:24:43.763Z,SALE,20-14256-99684,josh10239,169.97,28.49,0.44,3.03,31.96,138.01,USD,PAYOUT,
2026-02-04T18:23:59.172Z,CREDIT,11-14148-68050,gcmpj,0,0,0,0,0,140,USD,PAYOUT,
2026-02-04T17:13:21.438Z,DISPUTE,11-14148-68050,gcmpj,0,0,0,0,0,140,USD,PAYOUT,
2026-02-01T23:39:48.142Z,ADJUSTMENT,,,0,0,0,0,0,0.04,USD,PAYOUT,TAX Only Credit
2026-02-01T17:15:44.715Z,NON_SALE_CHARGE,,,0,0,0,0,0,65.95,USD,PAYOUT,2026-01-31 - 2026-02-27
2026-01-30T01:12:18.365Z,NON_SALE_CHARGE,,,0,0,0,0,0,9.17,USD,PAYOUT,Promoted Listings - General fee
2026-01-30T01:08:53.765Z,SALE,10-14167-79468,altanise,151.28,23.3,0.44,2.48,26.22,125.06,USD,PAYOUT,
2026-01-26T14:22:18.721Z,NON_SALE_CHARGE,,,0,0,0,0,0,5.92,USD,PAYOUT,Promoted Listings - General fee
2026-01-26T03:19:26.213Z,SALE,25-14128-91953,carla11898,101.22,15.04,0.44,1.6,17.08,84.14,USD,PAYOUT,
2026-01-26T03:18:24.097Z,SALE,11-14148-68050,gcmpj,140,20.92,0.44,2.22,23.58,116.42,USD,PAYOUT,
2026-01-16T17:57:14.091Z,NON_SALE_CHARGE,,,0,0,0,0,0,5.89,USD,PAYOUT,Promoted Listings - General fee
2026-01-15T23:40:45.200Z,NON_SALE_CHARGE,,,0,0,0,0,0,7.66,USD,PAYOUT,Promoted Listings - General fee
2026-01-15T23:37:59.826Z,SALE,19-14093-34990,reesee420,131.26,19.44,0.44,2.07,21.95,109.31,USD,PAYOUT,
2026-01-15T16:32:57.986Z,SALE,07-14108-70350,beart-24,97.89,14.95,0.44,1.59,16.98,80.91,USD,PAYOUT,
2026-01-11T19:21:30.065Z,NON_SALE_CHARGE,,,0,0,0,0,0,6.61,USD,PAYOUT,Promoted Listings - General fee
2026-01-11T19:16:55.547Z,SALE,15-14079-59712,jessca.jxfxu,120.13,16.79,0.44,1.78,19.01,101.12,USD,PAYOUT,
2026-01-10T17:27:31.594Z,NON_SALE_CHARGE,,,0,0,0,0,0,6.68,USD,PAYOUT,Promoted Listings - General fee
2026-01-10T17:22:35.167Z,SALE,11-14080-79699,blasko8866,114.57,16.96,0.44,1.8,19.2,95.37,USD,PAYOUT,
2026-01-10T00:05:54.933Z,NON_SALE_CHARGE,,,0,0,0,0,0,5.68,USD,PAYOUT,Promoted Listings - General fee
2026-01-10T00:02:22.478Z,SALE,01-14092-89129,pres_419,103.23,14.42,0.44,1.53,16.39,86.84,USD,PAYOUT,
2026-01-06T19:16:31.483Z,NON_SALE_CHARGE,,,0,0,0,0,0,8.88,USD,PAYOUT,Promoted Listings - General fee
2026-01-06T19:10:20.062Z,SALE,12-14063-12548,weedud1969,149.05,22.54,0.44,2.4,25.38,123.67,USD,PAYOUT,
2026-01-05T00:33:03.743Z,NON_SALE_CHARGE,,,0,0,0,0,0,9.31,USD,PAYOUT,Promoted Listings - General fee
2026-01-05T00:27:17.509Z,SALE,18-14046-45747,soto1802,158.84,23.63,0.44,2.51,26.58,132.26,USD,PAYOUT,
2026-01-02T22:33:56.206Z,SALE,19-14036-39837,thecollectorarchetype,267.85,37.42,0.44,3.98,41.84,226.01,USD,PAYOUT,
2026-01-02T10:38:31.454Z,ADJUSTMENT,,,0,0,0,0,0,0.01,USD,PAYOUT,TAX Only Credit
2026-01-01T22:00:56.000Z,TRANSFER,,,0,0,0,0,0,65.95,USD,PAYOUT,TRANSFER_FROM
2026-01-01T17:16:42.449Z,NON_SALE_CHARGE,,,0,0,0,0,0,65.95,USD,PAYOUT,2025-12-31 - 2026-01-30
2025-12-27T18:23:02.917Z,NON_SALE_CHARGE,,,0,0,0,0,0,12.6,USD,PAYOUT,Promoted Listings - General fee
2025-12-27T18:15:58.324Z,SALE,26-14000-61222,lee.07,213.57,32,0.44,3.4,35.84,177.73,USD,PAYOUT,
2025-12-25T21:10:55.909Z,REFUND,10-14015-99693,coogrei0,161.07,24.3,0.44,2.58,27.32,133.75,USD,PAYOUT,
2025-12-25T18:30:36.717Z,SALE,10-14015-99693,coogrei0,161.07,24.3,0.44,2.58,27.32,133.75,USD,PAYOUT,
2025-12-20T18:58:10.207Z,NON_SALE_CHARGE,,,0,0,0,0,0,6.99,USD,PAYOUT,Promoted Listings - General fee
2025-12-20T18:51:58.518Z,SALE,08-14002-27641,badbabybaird59,115.68,17.73,0.44,1.88,20.05,95.63,USD,PAYOUT,
2025-12-20T00:15:48.981Z,NON_SALE_CHARGE,,,0,0,0,0,0,6.01,USD,PAYOUT,Promoted Listings - General fee
2025-12-20T00:11:23.397Z,SALE,14-13991-70803,ralstar,99.56,15.27,0.44,1.63,17.34,82.22,USD,PAYOUT,
2025-12-19T16:08:42.618Z,NON_SALE_CHARGE,,,0,0,0,0,0,5.48,USD,PAYOUT,Promoted Listings - General fee
2025-12-19T16:01:58.741Z,REFUND,03-13967-27466,ralstar,99.56,13.9,0.44,1.47,15.81,83.75,USD,PAYOUT,
2025-12-11T07:02:32.587Z,NON_SALE_CHARGE,,,0,0,0,0,0,5.48,USD,PAYOUT,Promoted Listings - General fee
2025-12-11T06:56:35.158Z,SALE,03-13967-27466,ralstar,99.56,13.9,0.44,1.47,15.81,83.75,USD,PAYOUT,
2025-12-10T04:32:17.894Z,NON_SALE_CHARGE,,,0,0,0,0,0,6.36,USD,PAYOUT,Promoted Listings - General fee
2025-12-10T04:27:35.608Z,SALE,03-13962-01304,myzerryn,106.79,16.15,0.44,1.72,18.31,88.48,USD,PAYOUT,
2025-12-09T04:52:54.212Z,NON_SALE_CHARGE,,,0,0,0,0,0,5.42,USD,PAYOUT,Promoted Listings - General fee
2025-12-09T04:48:40.548Z,SALE,25-13926-37055,iamquali5,91.21,13.76,0.44,1.46,15.66,75.55,USD,PAYOUT,
2025-12-07T03:39:20.796Z,NON_SALE_CHARGE,,,0,0,0,0,0,8.64,USD,PAYOUT,Promoted Listings - General fee
2025-12-07T03:33:13.406Z,SALE,13-13932-55640,nat_57048,144.59,21.94,0.44,2.33,24.71,119.88,USD,PAYOUT,
2025-12-07T03:26:45.823Z,NON_SALE_CHARGE,,,0,0,0,0,0,5.43,USD,PAYOUT,Promoted Listings - General fee
2025-12-07T03:20:59.372Z,SALE,22-13919-73010,frankimurriet0,91.21,13.81,0.44,1.46,15.71,75.5,USD,PAYOUT,
2025-12-05T21:14:22.461Z,NON_SALE_CHARGE,,,0,0,0,0,0,7.28,USD,PAYOUT,Promoted Listings - General fee
2025-12-05T21:03:17.327Z,REFUND,20-13914-41515,weedud1969,122.36,18.5,0.44,1.97,20.91,101.45,USD,PAYOUT,
2025-12-05T10:26:08.171Z,NON_SALE_CHARGE,,,0,0,0,0,0,7.28,USD,PAYOUT,Promoted Listings - General fee
2025-12-05T10:19:12.290Z,SALE,20-13914-41515,weedud1969,122.36,18.5,0.44,1.97,20.91,101.45,USD,PAYOUT,
2025-12-03T00:49:19.402Z,NON_SALE_CHARGE,,,0,0,0,0,0,6.97,USD,PAYOUT,Promoted Listings - General fee
2025-12-03T00:42:58.807Z,SALE,05-13924-68579,lyndsayturner1509,105.67,17.71,0.44,1.88,20.03,85.64,USD,PAYOUT,
2025-12-01T23:28:14.571Z,ADJUSTMENT,,,0,0,0,0,0,0.01,USD,PAYOUT,TAX Only Credit
2025-12-01T17:28:13.272Z,NON_SALE_CHARGE,,,0,0,0,0,0,65.95,USD,PAYOUT,2025-11-30 - 2025-12-30
2025-11-23T09:43:46.583Z,NON_SALE_CHARGE,,,0,0,0,0,0,17.59,USD,PAYOUT,2025-11-22 - 2025-11-29
2025-11-23T09:43:07.433Z,ADJUSTMENT,,,0,0,0,0,0,6.44,USD,PAYOUT,Store (Basic): Subscription Fee
2025-11-22T23:24:06.303Z,NON_SALE_CHARGE,,,0,0,0,0,0,7.28,USD,PAYOUT,Promoted Listings - General fee
2025-11-22T23:19:28.196Z,SALE,12-13867-35026,countrygall182,132.37,18.49,0.44,1.97,20.9,111.47,USD,PAYOUT,
2025-11-18T23:04:44.734Z,NON_SALE_CHARGE,,,0,0,0,0,0,10.46,USD,PAYOUT,2025-11-18 - 2025-11-29
2025-11-18T23:04:29.959Z,ADJUSTMENT,,,0,0,0,0,0,2.36,USD,PAYOUT,Starter Store Subscription: Subscription Fee
2025-11-13T01:48:08.555Z,REFUND,13-13463-49118,sopmil_1040,84,11.55,0,1.24,12.79,71.21,USD,PAYOUT,
2025-11-13T01:48:08.195Z,TRANSFER,,,0,0,0,0,0,71.21,USD,PAYOUT,TRANSFER_FROM
2025-11-09T00:01:08.000Z,TRANSFER,,,0,0,0,0,0,5.45,USD,PAYOUT,TRANSFER_FROM
2025-11-01T17:17:40.175Z,NON_SALE_CHARGE,,,0,0,0,0,0,5.45,USD,PAYOUT,2025-10-31 - 2025-11-29
2025-10-14T00:01:09.422Z,CREDIT,13-13463-49118,sopmil_1040,0,0,0,0,0,107,USD,PAYOUT,
2025-10-10T20:39:13.386Z,DISPUTE,13-13463-49118,sopmil_1040,0,0,0,0,0,107,USD,PAYOUT,
2025-10-08T22:04:51.000Z,TRANSFER,,,0,0,0,0,0,5.44,USD,PAYOUT,TRANSFER_FROM
2025-10-08T15:57:31.628Z,CREDIT,13-13463-49118,sopmil_1040,0,0,0,0,0,107,USD,PAYOUT,
2025-10-01T21:43:41.582Z,ADJUSTMENT,,,0,0,0,0,0,0.01,USD,PAYOUT,TAX Only Credit
2025-10-01T07:34:58.983Z,NON_SALE_CHARGE,,,0,0,0,0,0,5.45,USD,PAYOUT,2025-09-30 - 2025-10-30
2025-09-27T00:51:17.042Z,DISPUTE,13-13463-49118,sopmil_1040,0,0,0,0,0,107,USD,PAYOUT,
2025-09-17T01:47:21.223Z,NON_SALE_CHARGE,,,0,0,0,0,0,43.96,USD,PAYOUT,Subscription early termination fee
2025-09-02T04:18:23.139Z,ADJUSTMENT,,,0,0,0,0,0,0.02,USD,PAYOUT,TAX Only Credit
2025-09-01T17:06:11.522Z,NON_SALE_CHARGE,,,0,0,0,0,0,65.95,USD,PAYOUT,2025-08-31 - 2025-09-29
2025-09-01T04:11:08.991Z,NON_SALE_CHARGE,,,0,0,0,0,0,10.78,USD,PAYOUT,Promoted Listings - General fee
2025-09-01T04:02:04.997Z,REFUND,02-13497-46704,suz-989355,181,27.37,0.44,2.91,30.72,150.28,USD,PAYOUT,
2025-08-24T21:19:13.931Z,SALE,10-13491-09275,mattmc-56,272,41.99,0.44,4.47,46.9,225.1,USD,PAYOUT,
2025-08-24T13:24:51.152Z,SALE,19-13477-36465,commandercup,95,14.45,0.44,1.54,16.43,78.57,USD,PAYOUT,
2025-08-23T16:09:07.536Z,NON_SALE_CHARGE,,,0,0,0,0,0,10.78,USD,PAYOUT,Promoted Listings - General fee
2025-08-23T16:02:56.108Z,SALE,02-13497-46704,suz-989355,181,27.37,0.44,2.91,30.72,150.28,USD,PAYOUT,
2025-08-23T00:27:40.695Z,NON_SALE_CHARGE,,,0,0,0,0,0,12.82,USD,PAYOUT,Promoted Listings - General fee
2025-08-23T00:22:21.860Z,SALE,27-13461-72581,marsilvago_0,233,32.55,0.44,3.46,36.45,196.55,USD,PAYOUT,
2025-08-21T05:19:49.796Z,SALE,04-13485-16813,stealthwon,305,46.76,0.44,4.97,52.17,252.83,USD,PAYOUT,
2025-08-18T21:55:47.548Z,SALE,13-13463-49118,sopmil_1040,107,14.72,0.44,1.58,16.74,90.26,USD,PAYOUT,
2025-08-11T23:35:21.183Z,NON_SALE_CHARGE,,,0,0,0,0,0,6.27,USD,PAYOUT,Promoted Listings - General fee
2025-08-11T23:31:33.064Z,SALE,07-13442-65917,pinkstock2005,114,15.93,0.44,1.69,18.06,95.94,USD,PAYOUT,
2025-08-10T22:59:47.840Z,SALE,08-13436-07563,sa51425,136,21.85,0.44,2.32,24.61,111.39,USD,PAYOUT,
2025-08-08T07:54:41.978Z,SALE,11-13421-72857,greenhighmountain,109,18.12,0.44,1.93,20.49,88.51,USD,PAYOUT,
2025-08-03T14:05:52.437Z,NON_SALE_CHARGE,,,0,0,0,0,0,14.19,USD,PAYOUT,Promoted Listings - General fee
2025-08-03T14:02:05.586Z,SALE,15-13395-03109,abdulrahmanhamaalthan0,258,36.05,0.44,3.83,40.32,217.68,USD,PAYOUT,
2025-08-01T19:30:04.393Z,ADJUSTMENT,,,0,0,0,0,0,0.01,USD,PAYOUT,TAX Only Credit
2025-08-01T17:21:42.618Z,NON_SALE_CHARGE,,,0,0,0,0,0,65.95,USD,PAYOUT,2025-07-31 - 2025-08-30
2025-07-29T22:27:15.734Z,NON_SALE_CHARGE,,,0,0,0,0,0,9.77,USD,PAYOUT,Promoted Listings - General fee
2025-07-29T22:17:19.128Z,REFUND,19-13367-56077,priceypastime,166,24.82,0.44,2.64,27.9,138.1,USD,PAYOUT,
2025-07-29T01:32:42.582Z,NON_SALE_CHARGE,,,0,0,0,0,0,9.77,USD,PAYOUT,Promoted Listings - General fee
2025-07-29T01:28:36.937Z,SALE,19-13367-56077,priceypastime,166,24.82,0.44,2.64,27.9,138.1,USD,PAYOUT,
2025-07-25T13:38:59.422Z,SALE,14-13359-47569,majfree61,171,25.48,0.44,2.71,28.63,142.37,USD,PAYOUT,
2025-07-25T07:02:35.112Z,NON_SALE_CHARGE,,,0,0,0,0,0,9.38,USD,PAYOUT,Promoted Listings - General fee
2025-07-25T06:59:15.499Z,SALE,18-13353-25376,marysoft,163,23.85,0.44,2.53,26.82,136.18,USD,PAYOUT,
2025-07-25T03:36:01.563Z,NON_SALE_CHARGE,,,0,0,0,0,0,6.24,USD,PAYOUT,Promoted Listings - General fee
2025-07-25T03:32:46.322Z,SALE,27-13341-05431,me-717495,103,15.83,0.44,1.68,17.95,85.05,USD,PAYOUT,
2025-07-20T06:32:03.870Z,SALE,20-13329-48996,ladi7431,189,28.61,0.44,3.05,32.1,156.9,USD,PAYOUT,
2025-07-20T00:07:11.700Z,SALE,07-13346-26708,label_room,136,22.8,0.44,2.42,25.66,110.34,USD,PAYOUT,
2025-07-19T15:29:31.100Z,SALE,06-13346-09560,606orangutan,201,28.08,0.44,2.98,31.5,169.5,USD,PAYOUT,
2025-07-16T22:03:12.833Z,REFUND,24-13309-59335,design4yourhome,116,19.45,0.44,2.07,21.96,94.04,USD,PAYOUT,
2025-07-13T15:38:23.472Z,SALE,15-13309-20615,pe2015.fabr,123,17.18,0.44,1.83,19.45,103.55,USD,PAYOUT,
2025-07-12T20:12:40.114Z,SALE,24-13309-59335,design4yourhome,116,19.45,0.44,2.07,21.96,94.04,USD,PAYOUT,
2025-07-12T04:22:09.329Z,NON_SALE_CHARGE,,,0,0,0,0,0,15.04,USD,PAYOUT,Promoted Listings - General fee
2025-07-12T04:18:51.698Z,SALE,17-13301-87930,lizawinters,258,38.2,0.44,4.06,42.7,215.3,USD,PAYOUT,
2025-07-12T00:02:21.774Z,SALE,20-13297-38059,audretaya_0,105,16.1,0.44,1.72,18.26,86.74,USD,PAYOUT,
2025-07-11T18:15:04.529Z,NON_SALE_CHARGE,,,0,0,0,0,0,15.87,USD,PAYOUT,Promoted Listings - General fee
2025-07-11T18:11:06.980Z,SALE,22-13293-74584,gongoraconstruction-8,269,40.3,0.44,4.28,45.02,223.98,USD,PAYOUT,
2025-07-04T20:09:46.853Z,SALE,05-13289-00168,239dena3362,115,17.27,0.44,1.84,19.55,95.45,USD,PAYOUT,
2025-07-02T04:33:13.000Z,TRANSFER,,,0,0,0,0,0,65.95,USD,PAYOUT,TRANSFER_FROM
2025-07-01T17:08:11.763Z,NON_SALE_CHARGE,,,0,0,0,0,0,65.95,USD,PAYOUT,2025-06-30 - 2025-07-30
2025-06-23T16:52:22.854Z,CREDIT,21-13151-10071,divysh-73,0,0,0,0,0,221,USD,PAYOUT,
2025-06-23T16:42:06.253Z,REFUND,21-13151-10071,divysh-73,0,0,0,0,0,221,USD,PAYOUT,
2025-06-23T01:22:56.279Z,NON_SALE_CHARGE,,,0,0,0,0,0,2.53,USD,PAYOUT,Promoted Listings - General fee
2025-06-23T01:18:25.548Z,SALE,09-13235-51714,mintchoco_ykc,115,16.07,0.44,1.71,18.22,96.78,USD,PAYOUT,
2025-06-16T20:47:56.959Z,DISPUTE,21-13151-10071,divysh-73,0,0,0,0,0,221,USD,PAYOUT,
2025-06-16T13:37:57.117Z,SALE,10-13208-96476,boucheron100,145,20.26,0.44,2.16,22.86,122.14,USD,PAYOUT,
2025-06-12T06:36:51.603Z,NON_SALE_CHARGE,,,0,0,0,0,0,6.42,USD,PAYOUT,Promoted Listings - General fee
2025-06-12T06:33:19.023Z,SALE,06-13198-35063,glubglub,266,40.79,0.44,4.33,45.56,220.44,USD,PAYOUT,
2025-06-09T05:42:08.053Z,NON_SALE_CHARGE,,,0,0,0,0,0,4.58,USD,PAYOUT,Promoted Listings - General fee
2025-06-09T05:33:44.068Z,REFUND,27-13153-88621,greeneliasmiles,189,29.04,0.44,3.09,32.57,156.43,USD,PAYOUT,
2025-06-08T06:55:18.725Z,NON_SALE_CHARGE,,,0,0,0,0,0,4.58,USD,PAYOUT,Promoted Listings - General fee
2025-06-08T06:50:48.743Z,SALE,27-13153-88621,greeneliasmiles,189,29.04,0.44,3.09,32.57,156.43,USD,PAYOUT,
2025-06-07T22:31:09.745Z,NON_SALE_CHARGE,,,0,0,0,0,0,4.53,USD,PAYOUT,Promoted Listings - General fee
2025-06-07T22:23:42.217Z,REFUND,27-13139-40228,mcdlib,192,28.77,0.44,3.06,32.27,159.73,USD,PAYOUT,
2025-06-05T15:40:41.862Z,NON_SALE_CHARGE,,,0,0,0,0,0,5.28,USD,PAYOUT,Promoted Listings - General fee
2025-06-05T15:37:12.852Z,SALE,21-13151-10071,divysh-73,221,33.54,0.44,3.56,37.54,183.46,USD,PAYOUT,
2025-06-04T15:19:59.398Z,NON_SALE_CHARGE,,,0,0,0,0,0,4.53,USD,PAYOUT,Promoted Listings - General fee
2025-06-04T15:15:45.552Z,SALE,27-13139-40228,mcdlib,192,28.77,0.44,3.06,32.27,159.73,USD,PAYOUT,
2025-06-03T17:35:47.340Z,NON_SALE_CHARGE,,,0,0,0,0,0,14.85,USD,PAYOUT,Promoted Listings - General fee
2025-06-03T17:33:04.626Z,SALE,16-13149-78113,msj_93,675,94.3,0.44,10.02,104.76,570.24,USD,PAYOUT,
2025-06-02T19:17:21.558Z,ADJUSTMENT,,,0,0,0,0,0,0.02,USD,PAYOUT,TAX Only Credit
2025-06-01T17:25:01.531Z,NON_SALE_CHARGE,,,0,0,0,0,0,65.95,USD,PAYOUT,2025-05-31 - 2025-06-29
2025-05-28T03:52:25.496Z,NON_SALE_CHARGE,,,0,0,0,0,0,3.51,USD,PAYOUT,Promoted Listings - General fee
2025-05-28T03:47:46.393Z,SALE,03-13139-30931,bimboshop,145,22.29,0.44,2.37,25.1,119.9,USD,PAYOUT,
2025-05-27T00:59:52.289Z,NON_SALE_CHARGE,,,0,0,0,0,0,6.96,USD,PAYOUT,Promoted Listings - General fee
2025-05-27T00:56:00.406Z,SALE,19-13113-93339,linfos6997,287,44.21,0.44,4.7,49.35,237.65,USD,PAYOUT,
2025-05-18T23:15:09.038Z,REFUND,02-13101-81432,sdtnyc,147,22.54,0.44,2.4,25.38,121.62,USD,PAYOUT,
2025-05-18T15:10:23.583Z,SALE,02-13101-81432,sdtnyc,147,22.54,0.44,2.4,25.38,121.62,USD,PAYOUT,
2025-05-06T15:27:27.654Z,SALE,14-13038-97200,lisco-ny,301,42.05,0.44,4.47,46.96,254.04,USD,PAYOUT,
2025-05-05T04:08:36.144Z,REFUND,01-13046-71985,mive-11,294,45.79,0.44,4.87,51.1,242.9,USD,PAYOUT,
2025-05-04T15:52:05.259Z,SALE,01-13046-71985,mive-11,294,45.79,0.44,4.87,51.1,242.9,USD,PAYOUT,
2025-05-03T11:22:53.862Z,NON_SALE_CHARGE,,,0,0,0,0,0,5.06,USD,PAYOUT,Promoted Listings - General fee
2025-05-03T11:19:14.650Z,SALE,19-13019-23264,asereth1025,230,32.13,0.44,3.42,35.99,194.01,USD,PAYOUT,
2025-05-03T06:40:57.928Z,NON_SALE_CHARGE,,,0,0,0,0,0,4.73,USD,PAYOUT,Promoted Listings - General fee
2025-05-03T06:31:43.424Z,REFUND,16-13001-45937,asereth1025,215,30.04,0.44,3.19,33.67,181.33,USD,PAYOUT,
2025-05-03T06:31:43.135Z,TRANSFER,,,0,0,0,0,0,181.33,USD,PAYOUT,TRANSFER_FROM
2025-05-01T17:29:55.536Z,NON_SALE_CHARGE,,,0,0,0,0,0,65.95,USD,PAYOUT,2025-04-30 - 2025-05-30
2025-04-29T22:44:16.446Z,SALE,09-13018-09363,zh191185,146,24.68,0.44,2.62,27.74,118.26,USD,PAYOUT,
2025-04-29T18:53:26.251Z,NON_SALE_CHARGE,,,0,0,0,0,0,4.73,USD,PAYOUT,Promoted Listings - General fee
2025-04-29T18:48:11.842Z,SALE,03-13024-86563,nimukham0,215,30.04,0.44,3.19,33.67,181.33,USD,PAYOUT,
2025-04-28T05:26:55.579Z,NON_SALE_CHARGE,,,0,0,0,0,0,4.73,USD,PAYOUT,Promoted Listings - General fee
2025-04-28T05:23:13.505Z,SALE,16-13001-45937,asereth1025,215,30.04,0.44,3.19,33.67,181.33,USD,PAYOUT,
2025-04-24T13:59:10.380Z,REFUND,06-12954-36776,apoketavern,219,33.14,0.44,3.52,37.1,181.9,USD,PAYOUT,
2025-04-24T13:59:10.028Z,TRANSFER,,,0,0,0,0,0,181.9,USD,PAYOUT,TRANSFER_FROM
2025-04-17T23:12:13.045Z,SALE,21-12955-51038,jaimzv,345,51.08,0.44,5.43,56.95,288.05,USD,PAYOUT,
2025-04-14T04:51:13.734Z,SALE,13-12950-10056,dxbab-40,461,67.44,0.44,7.17,75.05,385.95,USD,PAYOUT,
2025-04-13T02:50:55.118Z,SALE,06-12954-36776,apoketavern,219,33.14,0.44,3.52,37.1,181.9,USD,PAYOUT,
2025-04-07T15:21:02.619Z,NON_SALE_CHARGE,,,0,0,0,0,0,3.51,USD,PAYOUT,Promoted Listings - General fee
2025-04-07T15:16:08.122Z,SALE,25-12908-34904,labonnevieluxe,149,22.27,0.44,2.37,25.08,123.92,USD,PAYOUT,
2025-04-05T22:21:01.782Z,NON_SALE_CHARGE,,,0,0,0,0,0,6.23,USD,PAYOUT,Promoted Listings - General fee
2025-04-05T22:18:32.560Z,SALE,11-12918-62045,cammo_3971,264,39.56,0.44,4.2,44.2,219.8,USD,PAYOUT,
2025-04-04T01:32:20.143Z,REFUND,14-12907-84528,shaol9554,225,33.32,0.44,3.54,37.3,187.7,USD,PAYOUT,
2025-04-04T01:15:47.605Z,SALE,14-12907-84528,shaol9554,225,33.32,0.44,3.54,37.3,187.7,USD,PAYOUT,
2025-04-01T22:12:28.000Z,TRANSFER,,,0,0,0,0,0,65.95,USD,PAYOUT,TRANSFER_FROM
2025-04-01T16:59:05.332Z,NON_SALE_CHARGE,,,0,0,0,0,0,65.95,USD,PAYOUT,2025-03-31 - 2025-04-29
2025-03-27T13:23:09.200Z,SALE,19-12869-91811,us_polos,330,46.1,0.44,4.36,50.9,279.1,USD,PAYOUT,
2025-03-26T01:23:47.987Z,NON_SALE_CHARGE,,,0,0,0,0,0,3.42,USD,PAYOUT,Promoted Listings - General fee
2025-03-26T01:19:52.210Z,SALE,23-12859-24364,popep1995,162,27.16,0.44,2.56,30.16,131.84,USD,PAYOUT,
2025-03-24T03:42:13.535Z,REFUND,12-12860-00734,primavl1,452,67.33,0.44,6.36,74.13,377.87,USD,PAYOUT,
2025-03-23T05:41:45.447Z,SALE,12-12860-00734,primavl1,452,67.33,0.44,6.36,74.13,377.87,USD,PAYOUT,
2025-03-22T13:15:45.393Z,NON_SALE_CHARGE,,,0,0,0,0,0,7.12,USD,PAYOUT,Promoted Listings - General fee
2025-03-22T13:10:59.643Z,SALE,05-12866-15913,princess.katie.315,370,56.47,0.44,5.34,62.25,307.75,USD,PAYOUT,
2025-03-18T21:33:52.829Z,SALE,09-12846-65854,rebhump_2966,135,20.75,0.44,1.96,23.15,111.85,USD,PAYOUT,
2025-03-14T21:20:54.570Z,SALE,13-12825-13292,jeppgrenaa-0,141,24.62,0.44,2.33,27.39,113.61,USD,PAYOUT,
2025-03-14T13:35:33.781Z,SALE,10-12826-67583,dr_chapple,169,25.5,0.44,2.41,28.35,140.65,USD,PAYOUT,
2025-03-09T09:33:59.720Z,CREDIT,16-12477-19253,treasuretracker56,0,0,0,0,0,182,USD,PAYOUT,
2025-03-09T09:30:08.935Z,REFUND,16-12477-19253,treasuretracker56,0,0,0,0,0,182,USD,PAYOUT,
2025-03-08T20:14:11.020Z,SALE,03-12811-03807,lenglick_0,321,48.83,0.44,4.61,53.88,267.12,USD,PAYOUT,
2025-03-03T15:53:13.288Z,DISPUTE,16-12477-19253,treasuretracker56,0,0,0,0,0,182,USD,PAYOUT,
2025-03-02T16:06:07.806Z,CREDIT,16-12477-19253,treasuretracker56,0,0,0,0,0,182,USD,PAYOUT,
2025-03-01T17:20:26.778Z,NON_SALE_CHARGE,,,0,0,0,0,0,65.95,USD,PAYOUT,2025-02-28 - 2025-03-30
2025-02-28T20:40:19.403Z,SALE,21-12755-97956,maxsimus71-7,169,23.61,0.44,2.23,26.28,142.72,USD,PAYOUT,
2025-02-28T13:47:18.753Z,SALE,03-12776-05046,mollyavalon95,196,27.38,0.44,2.59,30.41,165.59,USD,PAYOUT,
2025-02-27T20:50:28.490Z,SALE,12-12762-87175,ppopelas,481,71.57,0.44,6.76,78.77,402.23,USD,PAYOUT,
2025-02-26T07:26:53.507Z,CREDIT,25-12627-37757,pt92661,0,0,0,0,0,127,USD,PAYOUT,
2025-02-26T07:17:13.152Z,REFUND,25-12627-37757,pt92661,127,18.83,0,2.06,20.89,106.11,USD,PAYOUT,
2025-02-22T01:30:47.082Z,REFUND,05-12743-07209,tr_433358,246,37.88,0.44,3.58,41.9,204.1,USD,PAYOUT,
2025-02-21T00:35:39.136Z,SALE,05-12743-07209,tr_433358,246,37.88,0.44,3.58,41.9,204.1,USD,PAYOUT,
2025-02-20T05:42:29.109Z,SALE,26-12714-19380,belviderefashions,240,36.46,0.44,3.44,40.34,199.66,USD,PAYOUT,
2025-02-20T03:03:51.493Z,CREDIT,12-12605-46715,live.fast.die.hard,0,0,0,0,0,192,USD,PAYOUT,
2025-02-19T14:18:57.171Z,CREDIT,22-12592-80886,luis1251,0,0,0,0,0,195,USD,PAYOUT,
2025-02-19T13:50:28.692Z,DISPUTE,22-12592-80886,luis1251,0,0,0,0,0,195,USD,PAYOUT,
2025-02-19T01:00:38.998Z,REFUND,25-12686-98085,kesser2000,287,42.11,0.44,4.09,46.64,240.36,USD,PAYOUT,
2025-02-18T23:15:26.853Z,REFUND,11-12719-39188,ha_30669045,176,27.05,0.44,2.55,30.04,145.96,USD,PAYOUT,
2025-02-18T17:28:20.341Z,REFUND,22-12584-35086,nana_10211,0,0,0,0,0,367,USD,PAYOUT,
2025-02-17T13:56:40.750Z,SALE,01-12732-65812,kesser2000,273,41.18,0.44,3.89,45.51,227.49,USD,PAYOUT,
2025-02-17T06:16:50.198Z,SALE,11-12719-39188,ha_30669045,176,27.05,0.44,2.55,30.04,145.96,USD,PAYOUT,
2025-02-15T02:38:13.861Z,SALE,15-12706-27222,recyclenutt,217,33.41,0.44,3.16,37.01,179.99,USD,PAYOUT,
2025-02-13T22:09:40.165Z,CREDIT,12-12605-46715,live.fast.die.hard,0,0,0,0,0,192,USD,PAYOUT,
2025-02-13T22:02:57.499Z,REFUND,12-12605-46715,live.fast.die.hard,0,0,0,0,0,192,USD,PAYOUT,
2025-02-13T04:10:42.534Z,SALE,25-12686-98085,kesser2000,287,42.11,0.44,4.09,46.64,240.36,USD,PAYOUT,
2025-02-11T14:43:14.897Z,SALE,13-12694-28859,chantelejmsedoo,387,52.57,0.44,5.1,58.11,328.89,USD,PAYOUT,
2025-02-10T04:49:09.626Z,DISPUTE,25-12627-37757,pt92661,0,0,0,0,0,127,USD,PAYOUT,
2025-02-09T09:59:10.877Z,REFUND,24-12581-82428,crisbrou0,30,4.08,0,0.45,4.53,25.47,USD,PAYOUT,
2025-02-08T08:34:29.787Z,REFUND,07-12510-53973,babyblu95,65,9.62,0,1.05,10.67,54.33,USD,PAYOUT,
2025-02-08T00:55:20.096Z,REFUND,16-12504-35598,le690994,104,14.91,0,1.63,16.54,87.46,USD,PAYOUT,
2025-02-06T16:08:37.932Z,CREDIT,05-12587-23379,andrews275,0,0,0,0,0,136,USD,PAYOUT,
2025-02-06T16:04:59.005Z,REFUND,05-12587-23379,andrews275,0,0,0,0,0,136,USD,PAYOUT,
2025-02-05T19:25:00.915Z,CREDIT,07-12510-53973,babyblu95,0,0,0,0,0,65,USD,PAYOUT,
2025-02-05T19:22:57.295Z,DISPUTE,07-12510-53973,babyblu95,0,0,0,0,0,65,USD,PAYOUT,
2025-02-05T00:55:22.335Z,CREDIT,08-12592-92401,supergeeked,0,0,0,0,0,300,USD,PAYOUT,
2025-02-05T00:49:25.355Z,REFUND,08-12592-92401,supergeeked,300,43.6,0,4.76,48.36,251.64,USD,PAYOUT,
2025-02-05T00:49:24.568Z,TRANSFER,,,0,0,0,0,0,251.64,USD,PAYOUT,TRANSFER_FROM
2025-02-05T00:47:33.703Z,REFUND,26-12622-34486,papereyes,251,36.92,0.44,4.04,41.4,209.6,USD,PAYOUT,
2025-02-05T00:47:33.377Z,TRANSFER,,,0,0,0,0,0,209.6,USD,PAYOUT,TRANSFER_FROM
2025-02-02T19:17:51.938Z,SALE,03-12667-81960,hugoaldep,147.57,21.67,0.44,2.1,24.21,123.36,USD,PAYOUT,
2025-02-02T15:17:24.516Z,DISPUTE,08-12592-92401,supergeeked,0,0,0,0,0,300,USD,PAYOUT,
2025-02-01T17:21:03.626Z,NON_SALE_CHARGE,,,0,0,0,0,0,65.95,USD,PAYOUT,2025-01-31 - 2025-02-27
2025-01-31T15:58:14.716Z,DISPUTE,05-12587-23379,andrews275,0,0,0,0,0,136,USD,PAYOUT,
2025-01-31T15:20:21.550Z,REFUND,18-12639-53014,luxbyladyd,251,36.74,0.44,4.02,41.2,209.8,USD,PAYOUT,
2025-01-31T11:26:39.297Z,DISPUTE,12-12605-46715,live.fast.die.hard,0,0,0,0,0,192,USD,PAYOUT,
2025-01-31T02:16:16.765Z,SALE,18-12639-53014,luxbyladyd,251,36.74,0.44,4.02,41.2,209.8,USD,PAYOUT,
2025-01-31T02:09:41.405Z,SALE,02-12658-38243,nathso-63,135,18.34,0.44,2,20.78,114.22,USD,PAYOUT,
2025-01-30T16:02:10.957Z,DISPUTE,16-12477-19253,treasuretracker56,0,0,0,0,0,182,USD,PAYOUT,
2025-01-30T02:46:53.175Z,SALE,25-12627-37757,pt92661,127,18.83,0.44,2.06,21.33,105.67,USD,PAYOUT,
2025-01-29T06:33:47.300Z,SALE,26-12622-34486,papereyes,251,36.92,0.44,4.04,41.4,209.6,USD,PAYOUT,
2025-01-28T05:41:04.956Z,SALE,09-12637-80932,heyuitzmelol,376,55.03,0.44,6.02,61.49,314.51,USD,PAYOUT,
2025-01-28T01:02:26.978Z,REFUND,07-12510-53973,babyblu95,16,2.37,0,0.26,2.63,13.37,USD,PAYOUT,
2025-01-27T09:38:16.795Z,REFUND,21-12543-38575,bbv_2020,83,11.28,0,1.23,12.51,70.49,USD,PAYOUT,
2025-01-27T00:54:53.161Z,REFUND,06-12592-61886,sassy*grace,71,10.54,0.44,1.15,12.13,58.87,USD,PAYOUT,
2025-01-26T17:26:13.096Z,SALE,24-12627-95692,pam4so82,171,24.63,0.44,2.69,27.76,143.24,USD,PAYOUT,
2025-01-26T00:03:55.546Z,SALE,20-12615-29132,dakrifaust,322,52.49,0.44,5.74,58.67,263.33,USD,PAYOUT,
2025-01-24T20:01:13.967Z,SALE,25-12605-07484,kormca2371,287,42.34,0.44,4.63,47.41,239.59,USD,PAYOUT,
2025-01-23T00:11:33.149Z,SALE,11-12613-90526,designerarmcandy,225,30.57,0.44,3.34,34.35,190.65,USD,PAYOUT,
2025-01-22T17:54:35.950Z,SALE,08-12615-85514,alex572bbc,297,43.68,0.44,4.77,48.89,248.11,USD,PAYOUT,
2025-01-22T08:26:26.703Z,SALE,09-12613-02556,si-35587,281,38.17,0.44,4.17,42.78,238.22,USD,PAYOUT,
2025-01-22T03:18:17.533Z,SALE,03-12619-53105,its.l_21,153,23.18,0.44,2.53,26.15,126.85,USD,PAYOUT,
2025-01-22T02:22:20.369Z,SALE,18-12602-07650,mc1223-0,277,40.07,0.44,4.38,44.89,232.11,USD,PAYOUT,
2025-01-22T01:20:57.001Z,SALE,02-12620-61990,liberation56,450,65.56,0.44,7.17,73.17,376.83,USD,PAYOUT,
2025-01-21T08:17:56.452Z,SALE,12-12605-46715,live.fast.die.hard,192,26.08,0.44,2.85,29.37,162.63,USD,PAYOUT,
2025-01-21T00:38:28.369Z,SALE,22-12592-80886,luis1251,195,29.54,0.44,3.23,33.21,161.79,USD,PAYOUT,
2025-01-20T19:55:46.906Z,SALE,03-12613-70243,rococopia,133,19.79,0.44,2.17,22.4,110.6,USD,PAYOUT,
2025-01-19T16:20:32.661Z,SALE,27-12580-63625,melm_us_prklgcrwc,266,39.03,0.44,4.27,43.74,222.26,USD,PAYOUT,
2025-01-19T02:32:27.259Z,SALE,17-12590-18557,mckenziestuff,265,38.79,0.44,4.24,43.47,221.53,USD,PAYOUT,
2025-01-19T01:55:07.690Z,SALE,22-12584-35086,nana_10211,367,52.84,0.44,5.78,59.06,307.94,USD,PAYOUT,
2025-01-18T01:41:09.940Z,SALE,11-12593-21115,thelongs1,53,7.84,0.44,0.86,9.14,43.86,USD,PAYOUT,
2025-01-17T04:32:16.052Z,SALE,08-12592-92401,supergeeked,300,43.6,0.44,4.76,48.8,251.2,USD,PAYOUT,
2025-01-16T18:08:39.980Z,SALE,12-12586-64111,kj140109,88,13.06,0.44,1.43,14.93,73.07,USD,PAYOUT,
2025-01-16T15:41:44.636Z,SALE,17-12580-19437,victoc_83,171,25.21,0.44,2.76,28.41,142.59,USD,PAYOUT,
2025-01-16T13:39:17.174Z,SALE,06-12592-61886,sassy*grace,71,10.54,0.44,1.15,12.13,58.87,USD,PAYOUT,
2025-01-16T05:32:11.883Z,REFUND,27-12522-14570,dvgl_24,167,23.91,0.44,2.62,26.97,140.03,USD,PAYOUT,
2025-01-16T02:27:41.594Z,SALE,04-12593-21536,sie-2237,102,15.25,0.44,1.66,17.35,84.65,USD,PAYOUT,
2025-01-16T00:16:11.329Z,SALE,01-12596-59228,missgeez,311,45.21,0.44,4.94,50.59,260.41,USD,PAYOUT,
2025-01-15T10:54:42.297Z,SALE,24-12581-82428,crisbrou0,322,14.95,0.44,1.64,48.99,273.01,USD,PAYOUT,
2025-01-14T20:23:06.106Z,SALE,05-12587-23379,andrews275,136,19.73,0.44,2.16,22.33,113.67,USD,PAYOUT,
2025-01-14T05:51:08.705Z,SALE,18-12569-27037,2012andrewt1111,179,26.75,0.44,2.93,30.12,148.88,USD,PAYOUT,
2025-01-13T18:18:17.822Z,SALE,01-12586-71473,daisy.9945,140,20.54,0.44,2.24,23.22,116.78,USD,PAYOUT,
2025-01-13T04:48:21.429Z,SALE,08-12575-70185,kesser2000,338,49.41,0.44,5.4,55.25,282.75,USD,PAYOUT,
2025-01-12T16:19:27.304Z,SALE,08-12572-86243,moliflo89,100,14.98,0.44,1.64,17.06,82.94,USD,PAYOUT,
2025-01-12T02:35:33.034Z,SALE,25-12551-80191,natcof74,128,18.83,0.44,2.06,21.33,106.67,USD,PAYOUT,
2025-01-11T16:11:16.135Z,SALE,12-12564-73206,darom748069,255,37.5,0.44,4.1,42.04,212.96,USD,PAYOUT,
2025-01-10T15:20:22.748Z,SALE,21-12550-10959,blitz92030,286,42.06,0.44,4.6,47.1,238.9,USD,PAYOUT,
2025-01-10T08:29:32.445Z,SALE,05-12568-06315,crisbrou0,116,15.76,0.44,1.73,17.93,98.07,USD,PAYOUT,
2025-01-08T20:46:09.299Z,SALE,21-12543-38575,bbv_2020,309,11.28,0.44,1.23,47.01,261.99,USD,PAYOUT,
2025-01-07T21:50:01.375Z,REFUND,19-12526-23004,day-3635,157,23.09,0.44,2.52,26.05,130.95,USD,PAYOUT,
2025-01-05T14:26:44.043Z,SALE,27-12522-14570,dvgl_24,167,23.91,0.44,2.62,26.97,140.03,USD,PAYOUT,
2025-01-04T05:20:43.634Z,SALE,19-12526-23004,day-3635,157,23.09,0.44,2.52,26.05,130.95,USD,PAYOUT,
2025-01-02T14:44:45.634Z,SALE,07-12532-71912,lojoh6308,135,19.44,0.44,2.12,22,113,USD,PAYOUT,
2025-01-01T19:21:11.453Z,SALE,13-12523-10776,shastr9597,157,22.82,0.44,2.5,25.76,131.24,USD,PAYOUT,
2025-01-01T17:19:03.203Z,NON_SALE_CHARGE,,,0,0,0,0,0,65.95,USD,PAYOUT,2024-12-31 - 2025-01-30
2025-01-01T01:57:52.454Z,REFUND,21-12471-00859,anniturnques_0,212,30.81,0.44,3.37,34.62,177.38,USD,PAYOUT,
2025-01-01T01:20:39.292Z,NON_SALE_CHARGE,,,0,0,0,0,0,0.11,USD,PAYOUT,Insertion Fee
2025-01-01T01:20:38.565Z,NON_SALE_CHARGE,,,0,0,0,0,0,0.11,USD,PAYOUT,Insertion Fee
2025-01-01T01:20:38.089Z,NON_SALE_CHARGE,,,0,0,0,0,0,0.11,USD,PAYOUT,Insertion Fee
2025-01-01T01:20:37.299Z,NON_SALE_CHARGE,,,0,0,0,0,0,0.11,USD,PAYOUT,Insertion Fee
2025-01-01T01:20:36.333Z,NON_SALE_CHARGE,,,0,0,0,0,0,0.11,USD,PAYOUT,Insertion Fee
2025-01-01T01:20:35.314Z,NON_SALE_CHARGE,,,0,0,0,0,0,0.11,USD,PAYOUT,Insertion Fee
2025-01-01T01:20:34.873Z,NON_SALE_CHARGE,,,0,0,0,0,0,0.11,USD,PAYOUT,Insertion Fee
2025-01-01T01:20:34.307Z,NON_SALE_CHARGE,,,0,0,0,0,0,0.11,USD,PAYOUT,Insertion Fee
2025-01-01T01:20:34.098Z,NON_SALE_CHARGE,,,0,0,0,0,0,0.11,USD,PAYOUT,Insertion Fee
2025-01-01T01:20:33.598Z,NON_SALE_CHARGE,,,0,0,0,0,0,0.11,USD,PAYOUT,Insertion Fee
2025-01-01T01:20:33.328Z,NON_SALE_CHARGE,,,0,0,0,0,0,0.11,USD,PAYOUT,Insertion Fee
2025-01-01T01:20:32.755Z,NON_SALE_CHARGE,,,0,0,0,0,0,0.11,USD,PAYOUT,Insertion Fee
2025-01-01T01:20:32.408Z,NON_SALE_CHARGE,,,0,0,0,0,0,0.11,USD,PAYOUT,Insertion Fee
2025-01-01T01:20:31.758Z,NON_SALE_CHARGE,,,0,0,0,0,0,0.11,USD,PAYOUT,Insertion Fee
2025-01-01T01:20:31.710Z,NON_SALE_CHARGE,,,0,0,0,0,0,0.11,USD,PAYOUT,Insertion Fee
2025-01-01T01:20:31.431Z,NON_SALE_CHARGE,,,0,0,0,0,0,0.11,USD,PAYOUT,Insertion Fee
2025-01-01T01:20:30.777Z,NON_SALE_CHARGE,,,0,0,0,0,0,0.11,USD,PAYOUT,Insertion Fee
2025-01-01T01:20:30.605Z,NON_SALE_CHARGE,,,0,0,0,0,0,0.11,USD,PAYOUT,Insertion Fee
2025-01-01T01:20:30.372Z,NON_SALE_CHARGE,,,0,0,0,0,0,0.11,USD,PAYOUT,Insertion Fee
2025-01-01T01:20:29.773Z,NON_SALE_CHARGE,,,0,0,0,0,0,0.11,USD,PAYOUT,Insertion Fee
2025-01-01T01:20:29.379Z,NON_SALE_CHARGE,,,0,0,0,0,0,0.11,USD,PAYOUT,Insertion Fee
2025-01-01T01:20:29.349Z,NON_SALE_CHARGE,,,0,0,0,0,0,0.11,USD,PAYOUT,Insertion Fee
2025-01-01T01:20:28.802Z,NON_SALE_CHARGE,,,0,0,0,0,0,0.11,USD,PAYOUT,Insertion Fee
2025-01-01T01:20:28.389Z,NON_SALE_CHARGE,,,0,0,0,0,0,0.11,USD,PAYOUT,Insertion Fee
2025-01-01T01:20:28.275Z,NON_SALE_CHARGE,,,0,0,0,0,0,0.11,USD,PAYOUT,Insertion Fee
2025-01-01T01:20:27.856Z,NON_SALE_CHARGE,,,0,0,0,0,0,0.11,USD,PAYOUT,Insertion Fee
2025-01-01T01:20:27.424Z,NON_SALE_CHARGE,,,0,0,0,0,0,0.11,USD,PAYOUT,Insertion Fee
2025-01-01T01:20:27.294Z,NON_SALE_CHARGE,,,0,0,0,0,0,0.11,USD,PAYOUT,Insertion Fee
2025-01-01T01:20:26.883Z,NON_SALE_CHARGE,,,0,0,0,0,0,0.11,USD,PAYOUT,Insertion Fee
2025-01-01T01:20:26.526Z,NON_SALE_CHARGE,,,0,0,0,0,0,0.11,USD,PAYOUT,Insertion Fee
2025-01-01T01:20:26.283Z,NON_SALE_CHARGE,,,0,0,0,0,0,0.11,USD,PAYOUT,Insertion Fee
2025-01-01T01:20:25.953Z,NON_SALE_CHARGE,,,0,0,0,0,0,0.11,USD,PAYOUT,Insertion Fee
2025-01-01T01:20:25.569Z,NON_SALE_CHARGE,,,0,0,0,0,0,0.11,USD,PAYOUT,Insertion Fee
2025-01-01T01:20:25.313Z,NON_SALE_CHARGE,,,0,0,0,0,0,0.11,USD,PAYOUT,Insertion Fee
2025-01-01T01:20:25.069Z,NON_SALE_CHARGE,,,0,0,0,0,0,0.11,USD,PAYOUT,Insertion Fee
2025-01-01T01:20:25.015Z,NON_SALE_CHARGE,,,0,0,0,0,0,0.11,USD,PAYOUT,Insertion Fee
2025-01-01T01:20:24.654Z,NON_SALE_CHARGE,,,0,0,0,0,0,0.11,USD,PAYOUT,Insertion Fee
2025-01-01T01:20:24.644Z,NON_SALE_CHARGE,,,0,0,0,0,0,0.11,USD,PAYOUT,Insertion Fee
2025-01-01T01:20:24.389Z,NON_SALE_CHARGE,,,0,0,0,0,0,0.11,USD,PAYOUT,Insertion Fee
2025-01-01T01:20:24.150Z,NON_SALE_CHARGE,,,0,0,0,0,0,0.11,USD,PAYOUT,Insertion Fee
2025-01-01T01:20:23.981Z,NON_SALE_CHARGE,,,0,0,0,0,0,0.11,USD,PAYOUT,Insertion Fee
2025-01-01T01:20:23.760Z,NON_SALE_CHARGE,,,0,0,0,0,0,0.11,USD,PAYOUT,Insertion Fee
2025-01-01T01:20:23.671Z,NON_SALE_CHARGE,,,0,0,0,0,0,0.11,USD,PAYOUT,Insertion Fee
2025-01-01T01:20:23.389Z,NON_SALE_CHARGE,,,0,0,0,0,0,0.11,USD,PAYOUT,Insertion Fee
2025-01-01T01:20:22.915Z,NON_SALE_CHARGE,,,0,0,0,0,0,0.11,USD,PAYOUT,Insertion Fee
2025-01-01T01:20:22.852Z,NON_SALE_CHARGE,,,0,0,0,0,0,0.11,USD,PAYOUT,Insertion Fee
2025-01-01T01:20:22.766Z,NON_SALE_CHARGE,,,0,0,0,0,0,0.11,USD,PAYOUT,Insertion Fee
2025-01-01T01:20:22.683Z,NON_SALE_CHARGE,,,0,0,0,0,0,0.11,USD,PAYOUT,Insertion Fee
2025-01-01T01:20:22.377Z,NON_SALE_CHARGE,,,0,0,0,0,0,0.11,USD,PAYOUT,Insertion Fee
2025-01-01T01:20:21.936Z,NON_SALE_CHARGE,,,0,0,0,0,0,0.11,USD,PAYOUT,Insertion Fee
2025-01-01T01:20:21.895Z,NON_SALE_CHARGE,,,0,0,0,0,0,0.11,USD,PAYOUT,Insertion Fee
2025-01-01T01:20:21.821Z,NON_SALE_CHARGE,,,0,0,0,0,0,0.11,USD,PAYOUT,Insertion Fee
2025-01-01T01:20:21.745Z,NON_SALE_CHARGE,,,0,0,0,0,0,0.11,USD,PAYOUT,Insertion Fee
2025-01-01T01:20:21.484Z,NON_SALE_CHARGE,,,0,0,0,0,0,0.11,USD,PAYOUT,Insertion Fee
2025-01-01T01:20:21.046Z,NON_SALE_CHARGE,,,0,0,0,0,0,0.11,USD,PAYOUT,Insertion Fee
2025-01-01T01:20:20.929Z,NON_SALE_CHARGE,,,0,0,0,0,0,0.11,USD,PAYOUT,Insertion Fee
2025-01-01T01:20:20.917Z,NON_SALE_CHARGE,,,0,0,0,0,0,0.11,USD,PAYOUT,Insertion Fee
2025-01-01T01:20:20.820Z,NON_SALE_CHARGE,,,0,0,0,0,0,0.11,USD,PAYOUT,Insertion Fee
2025-01-01T01:20:20.647Z,NON_SALE_CHARGE,,,0,0,0,0,0,0.11,USD,PAYOUT,Insertion Fee
2025-01-01T01:20:20.548Z,NON_SALE_CHARGE,,,0,0,0,0,0,0.11,USD,PAYOUT,Insertion Fee
2025-01-01T01:20:20.133Z,NON_SALE_CHARGE,,,0,0,0,0,0,0.11,USD,PAYOUT,Insertion Fee
2025-01-01T01:20:19.992Z,NON_SALE_CHARGE,,,0,0,0,0,0,0.11,USD,PAYOUT,Insertion Fee
2025-01-01T01:20:19.964Z,NON_SALE_CHARGE,,,0,0,0,0,0,0.11,USD,PAYOUT,Insertion Fee
2025-01-01T01:20:19.950Z,NON_SALE_CHARGE,,,0,0,0,0,0,0.11,USD,PAYOUT,Insertion Fee
2025-01-01T01:20:19.649Z,NON_SALE_CHARGE,,,0,0,0,0,0,0.11,USD,PAYOUT,Insertion Fee
2025-01-01T01:20:19.590Z,NON_SALE_CHARGE,,,0,0,0,0,0,0.11,USD,PAYOUT,Insertion Fee
2025-01-01T01:20:19.107Z,NON_SALE_CHARGE,,,0,0,0,0,0,0.11,USD,PAYOUT,Insertion Fee
2025-01-01T01:20:19.009Z,NON_SALE_CHARGE,,,0,0,0,0,0,0.11,USD,PAYOUT,Insertion Fee
2025-01-01T01:20:18.953Z,NON_SALE_CHARGE,,,0,0,0,0,0,0.11,USD,PAYOUT,Insertion Fee
2025-01-01T01:20:18.912Z,NON_SALE_CHARGE,,,0,0,0,0,0,0.11,USD,PAYOUT,Insertion Fee
2025-01-01T01:20:18.710Z,NON_SALE_CHARGE,,,0,0,0,0,0,0.11,USD,PAYOUT,Insertion Fee
2025-01-01T01:20:18.671Z,NON_SALE_CHARGE,,,0,0,0,0,0,0.11,USD,PAYOUT,Insertion Fee
2025-01-01T01:20:18.047Z,NON_SALE_CHARGE,,,0,0,0,0,0,0.11,USD,PAYOUT,Insertion Fee
2025-01-01T01:20:18.007Z,NON_SALE_CHARGE,,,0,0,0,0,0,0.11,USD,PAYOUT,Insertion Fee
2025-01-01T01:20:17.970Z,NON_SALE_CHARGE,,,0,0,0,0,0,0.11,USD,PAYOUT,Insertion Fee
2025-01-01T01:20:17.822Z,NON_SALE_CHARGE,,,0,0,0,0,0,0.11,USD,PAYOUT,Insertion Fee
2025-01-01T01:20:17.745Z,NON_SALE_CHARGE,,,0,0,0,0,0,0.11,USD,PAYOUT,Insertion Fee
2025-01-01T01:20:17.718Z,NON_SALE_CHARGE,,,0,0,0,0,0,0.11,USD,PAYOUT,Insertion Fee
2025-01-01T01:20:17.103Z,NON_SALE_CHARGE,,,0,0,0,0,0,0.11,USD,PAYOUT,Insertion Fee
2025-01-01T01:20:17.029Z,NON_SALE_CHARGE,,,0,0,0,0,0,0.11,USD,PAYOUT,Insertion Fee
2025-01-01T01:20:16.965Z,NON_SALE_CHARGE,,,0,0,0,0,0,0.11,USD,PAYOUT,Insertion Fee
2025-01-01T01:20:16.816Z,NON_SALE_CHARGE,,,0,0,0,0,0,0.11,USD,PAYOUT,Insertion Fee
2025-01-01T01:20:16.805Z,NON_SALE_CHARGE,,,0,0,0,0,0,0.11,USD,PAYOUT,Insertion Fee
2025-01-01T01:20:16.732Z,NON_SALE_CHARGE,,,0,0,0,0,0,0.11,USD,PAYOUT,Insertion Fee
2025-01-01T01:20:16.155Z,NON_SALE_CHARGE,,,0,0,0,0,0,0.11,USD,PAYOUT,Insertion Fee
2025-01-01T01:20:16.006Z,NON_SALE_CHARGE,,,0,0,0,0,0,0.11,USD,PAYOUT,Insertion Fee
2025-01-01T01:20:15.964Z,NON_SALE_CHARGE,,,0,0,0,0,0,0.11,USD,PAYOUT,Insertion Fee
2025-01-01T01:20:15.868Z,NON_SALE_CHARGE,,,0,0,0,0,0,0.11,USD,PAYOUT,Insertion Fee
2025-01-01T01:20:15.798Z,NON_SALE_CHARGE,,,0,0,0,0,0,0.11,USD,PAYOUT,Insertion Fee
2025-01-01T01:20:15.752Z,NON_SALE_CHARGE,,,0,0,0,0,0,0.11,USD,PAYOUT,Insertion Fee
2025-01-01T01:20:15.701Z,NON_SALE_CHARGE,,,0,0,0,0,0,0.11,USD,PAYOUT,Insertion Fee
2025-01-01T01:20:15.243Z,NON_SALE_CHARGE,,,0,0,0,0,0,0.11,USD,PAYOUT,Insertion Fee
2025-01-01T01:20:15.011Z,NON_SALE_CHARGE,,,0,0,0,0,0,0.11,USD,PAYOUT,Insertion Fee
2025-01-01T01:20:14.911Z,NON_SALE_CHARGE,,,0,0,0,0,0,0.11,USD,PAYOUT,Insertion Fee
2025-01-01T01:20:14.893Z,NON_SALE_CHARGE,,,0,0,0,0,0,0.11,USD,PAYOUT,Insertion Fee
2025-01-01T01:20:14.881Z,NON_SALE_CHARGE,,,0,0,0,0,0,0.11,USD,PAYOUT,Insertion Fee
2025-01-01T01:20:14.806Z,NON_SALE_CHARGE,,,0,0,0,0,0,0.11,USD,PAYOUT,Insertion Fee
2025-01-01T01:20:14.641Z,NON_SALE_CHARGE,,,0,0,0,0,0,0.11,USD,PAYOUT,Insertion Fee
2025-01-01T01:20:14.237Z,NON_SALE_CHARGE,,,0,0,0,0,0,0.11,USD,PAYOUT,Insertion Fee
2025-01-01T01:20:14.005Z,NON_SALE_CHARGE,,,0,0,0,0,0,0.11,USD,PAYOUT,Insertion Fee
2025-01-01T01:20:13.975Z,NON_SALE_CHARGE,,,0,0,0,0,0,0.11,USD,PAYOUT,Insertion Fee
2025-01-01T01:20:13.957Z,NON_SALE_CHARGE,,,0,0,0,0,0,0.11,USD,PAYOUT,Insertion Fee
2025-01-01T01:20:13.909Z,NON_SALE_CHARGE,,,0,0,0,0,0,0.11,USD,PAYOUT,Insertion Fee
2025-01-01T01:20:13.860Z,NON_SALE_CHARGE,,,0,0,0,0,0,0.11,USD,PAYOUT,Insertion Fee
2025-01-01T01:20:13.585Z,NON_SALE_CHARGE,,,0,0,0,0,0,0.11,USD,PAYOUT,Insertion Fee
2025-01-01T01:20:13.287Z,NON_SALE_CHARGE,,,0,0,0,0,0,0.11,USD,PAYOUT,Insertion Fee
2025-01-01T01:20:13.051Z,NON_SALE_CHARGE,,,0,0,0,0,0,0.11,USD,PAYOUT,Insertion Fee
2025-01-01T01:20:13.006Z,NON_SALE_CHARGE,,,0,0,0,0,0,0.11,USD,PAYOUT,Insertion Fee
2025-01-01T01:20:12.987Z,NON_SALE_CHARGE,,,0,0,0,0,0,0.11,USD,PAYOUT,Insertion Fee
2025-01-01T01:20:12.974Z,NON_SALE_CHARGE,,,0,0,0,0,0,0.11,USD,PAYOUT,Insertion Fee
2025-01-01T01:20:12.931Z,NON_SALE_CHARGE,,,0,0,0,0,0,0.11,USD,PAYOUT,Insertion Fee
2025-01-01T01:20:12.581Z,NON_SALE_CHARGE,,,0,0,0,0,0,0.11,USD,PAYOUT,Insertion Fee
2025-01-01T01:20:12.335Z,NON_SALE_CHARGE,,,0,0,0,0,0,0.11,USD,PAYOUT,Insertion Fee
2025-01-01T01:20:12.039Z,NON_SALE_CHARGE,,,0,0,0,0,0,0.11,USD,PAYOUT,Insertion Fee
2025-01-01T01:20:12.024Z,NON_SALE_CHARGE,,,0,0,0,0,0,0.11,USD,PAYOUT,Insertion Fee
2025-01-01T01:20:12.000Z,NON_SALE_CHARGE,,,0,0,0,0,0,0.11,USD,PAYOUT,Insertion Fee
2025-01-01T01:20:11.993Z,NON_SALE_CHARGE,,,0,0,0,0,0,0.11,USD,PAYOUT,Insertion Fee
2025-01-01T01:20:11.929Z,NON_SALE_CHARGE,,,0,0,0,0,0,0.11,USD,PAYOUT,Insertion Fee
2025-01-01T01:20:11.557Z,NON_SALE_CHARGE,,,0,0,0,0,0,0.11,USD,PAYOUT,Insertion Fee
2025-01-01T01:20:11.421Z,NON_SALE_CHARGE,,,0,0,0,0,0,0.11,USD,PAYOUT,Insertion Fee
2025-01-01T01:20:11.049Z,NON_SALE_CHARGE,,,0,0,0,0,0,0.11,USD,PAYOUT,Insertion Fee
2025-01-01T01:20:11.003Z,NON_SALE_CHARGE,,,0,0,0,0,0,0.11,USD,PAYOUT,Insertion Fee
2025-01-01T01:20:10.997Z,NON_SALE_CHARGE,,,0,0,0,0,0,0.11,USD,PAYOUT,Insertion Fee
2025-01-01T01:20:10.967Z,NON_SALE_CHARGE,,,0,0,0,0,0,0.11,USD,PAYOUT,Insertion Fee
2025-01-01T01:20:10.964Z,NON_SALE_CHARGE,,,0,0,0,0,0,0.11,USD,PAYOUT,Insertion Fee
2025-01-01T01:20:10.905Z,NON_SALE_CHARGE,,,0,0,0,0,0,0.11,USD,PAYOUT,Insertion Fee
2025-01-01T01:20:10.842Z,NON_SALE_CHARGE,,,0,0,0,0,0,0.11,USD,PAYOUT,Insertion Fee
2025-01-01T01:20:10.625Z,NON_SALE_CHARGE,,,0,0,0,0,0,0.11,USD,PAYOUT,Insertion Fee
2025-01-01T01:20:10.252Z,NON_SALE_CHARGE,,,0,0,0,0,0,0.11,USD,PAYOUT,Insertion Fee
2025-01-01T01:20:10.051Z,NON_SALE_CHARGE,,,0,0,0,0,0,0.11,USD,PAYOUT,Insertion Fee
2025-01-01T01:20:10.033Z,NON_SALE_CHARGE,,,0,0,0,0,0,0.11,USD,PAYOUT,Insertion Fee
2025-01-01T01:20:10.029Z,NON_SALE_CHARGE,,,0,0,0,0,0,0.11,USD,PAYOUT,Insertion Fee
2025-01-01T01:20:09.988Z,NON_SALE_CHARGE,,,0,0,0,0,0,0.11,USD,PAYOUT,Insertion Fee
2025-01-01T01:20:09.930Z,NON_SALE_CHARGE,,,0,0,0,0,0,0.11,USD,PAYOUT,Insertion Fee
2025-01-01T01:20:09.859Z,NON_SALE_CHARGE,,,0,0,0,0,0,0.11,USD,PAYOUT,Insertion Fee
2025-01-01T01:20:09.853Z,NON_SALE_CHARGE,,,0,0,0,0,0,0.11,USD,PAYOUT,Insertion Fee
2025-01-01T01:20:09.379Z,NON_SALE_CHARGE,,,0,0,0,0,0,0.11,USD,PAYOUT,Insertion Fee
2025-01-01T01:20:09.155Z,NON_SALE_CHARGE,,,0,0,0,0,0,0.11,USD,PAYOUT,Insertion Fee
2025-01-01T01:20:09.152Z,NON_SALE_CHARGE,,,0,0,0,0,0,0.11,USD,PAYOUT,Insertion Fee
2025-01-01T01:20:09.014Z,NON_SALE_CHARGE,,,0,0,0,0,0,0.11,USD,PAYOUT,Insertion Fee
2025-01-01T01:20:09.003Z,NON_SALE_CHARGE,,,0,0,0,0,0,0.11,USD,PAYOUT,Insertion Fee
2025-01-01T01:20:08.950Z,NON_SALE_CHARGE,,,0,0,0,0,0,0.11,USD,PAYOUT,Insertion Fee
2025-01-01T01:20:08.935Z,NON_SALE_CHARGE,,,0,0,0,0,0,0.11,USD,PAYOUT,Insertion Fee
2025-01-01T01:20:08.885Z,NON_SALE_CHARGE,,,0,0,0,0,0,0.11,USD,PAYOUT,Insertion Fee
2025-01-01T01:20:08.852Z,NON_SALE_CHARGE,,,0,0,0,0,0,0.11,USD,PAYOUT,Insertion Fee
2025-01-01T01:20:08.423Z,NON_SALE_CHARGE,,,0,0,0,0,0,0.11,USD,PAYOUT,Insertion Fee
2025-01-01T01:20:08.222Z,NON_SALE_CHARGE,,,0,0,0,0,0,0.11,USD,PAYOUT,Insertion Fee
2025-01-01T01:20:08.104Z,NON_SALE_CHARGE,,,0,0,0,0,0,0.11,USD,PAYOUT,Insertion Fee
2025-01-01T01:20:08.076Z,NON_SALE_CHARGE,,,0,0,0,0,0,0.11,USD,PAYOUT,Insertion Fee
2025-01-01T01:20:08.035Z,NON_SALE_CHARGE,,,0,0,0,0,0,0.11,USD,PAYOUT,Insertion Fee
2025-01-01T01:20:07.964Z,NON_SALE_CHARGE,,,0,0,0,0,0,0.11,USD,PAYOUT,Insertion Fee
2025-01-01T01:20:07.887Z,NON_SALE_CHARGE,,,0,0,0,0,0,0.11,USD,PAYOUT,Insertion Fee
2025-01-01T01:20:07.869Z,NON_SALE_CHARGE,,,0,0,0,0,0,0.11,USD,PAYOUT,Insertion Fee
2025-01-01T01:20:07.567Z,NON_SALE_CHARGE,,,0,0,0,0,0,0.11,USD,PAYOUT,Insertion Fee
2025-01-01T01:20:07.170Z,NON_SALE_CHARGE,,,0,0,0,0,0,0.11,USD,PAYOUT,Insertion Fee
2025-01-01T01:20:07.141Z,NON_SALE_CHARGE,,,0,0,0,0,0,0.11,USD,PAYOUT,Insertion Fee
2025-01-01T01:20:07.141Z,NON_SALE_CHARGE,,,0,0,0,0,0,0.11,USD,PAYOUT,Insertion Fee
2025-01-01T01:20:07.082Z,NON_SALE_CHARGE,,,0,0,0,0,0,0.11,USD,PAYOUT,Insertion Fee
2025-01-01T01:20:07.016Z,NON_SALE_CHARGE,,,0,0,0,0,0,0.11,USD,PAYOUT,Insertion Fee
2025-01-01T01:20:06.903Z,NON_SALE_CHARGE,,,0,0,0,0,0,0.11,USD,PAYOUT,Insertion Fee
2025-01-01T01:20:06.864Z,NON_SALE_CHARGE,,,0,0,0,0,0,0.11,USD,PAYOUT,Insertion Fee
2025-01-01T01:20:06.824Z,NON_SALE_CHARGE,,,0,0,0,0,0,0.11,USD,PAYOUT,Insertion Fee
2025-01-01T01:20:06.378Z,NON_SALE_CHARGE,,,0,0,0,0,0,0.11,USD,PAYOUT,Insertion Fee
2025-01-01T01:20:06.215Z,NON_SALE_CHARGE,,,0,0,0,0,0,0.11,USD,PAYOUT,Insertion Fee
2025-01-01T01:20:06.152Z,NON_SALE_CHARGE,,,0,0,0,0,0,0.11,USD,PAYOUT,Insertion Fee
2025-01-01T01:20:06.141Z,NON_SALE_CHARGE,,,0,0,0,0,0,0.11,USD,PAYOUT,Insertion Fee
2025-01-01T01:20:06.061Z,NON_SALE_CHARGE,,,0,0,0,0,0,0.11,USD,PAYOUT,Insertion Fee
2025-01-01T01:20:06.021Z,NON_SALE_CHARGE,,,0,0,0,0,0,0.11,USD,PAYOUT,Insertion Fee
2025-01-01T01:20:05.954Z,NON_SALE_CHARGE,,,0,0,0,0,0,0.11,USD,PAYOUT,Insertion Fee
2025-01-01T01:20:05.860Z,NON_SALE_CHARGE,,,0,0,0,0,0,0.11,USD,PAYOUT,Insertion Fee
2025-01-01T01:20:05.783Z,NON_SALE_CHARGE,,,0,0,0,0,0,0.11,USD,PAYOUT,Insertion Fee
2025-01-01T01:20:05.401Z,NON_SALE_CHARGE,,,0,0,0,0,0,0.11,USD,PAYOUT,Insertion Fee
2025-01-01T01:20:05.341Z,NON_SALE_CHARGE,,,0,0,0,0,0,0.11,USD,PAYOUT,Insertion Fee
2025-01-01T01:20:05.322Z,NON_SALE_CHARGE,,,0,0,0,0,0,0.11,USD,PAYOUT,Insertion Fee
2025-01-01T01:20:05.203Z,NON_SALE_CHARGE,,,0,0,0,0,0,0.11,USD,PAYOUT,Insertion Fee
2025-01-01T01:20:05.130Z,NON_SALE_CHARGE,,,0,0,0,0,0,0.11,USD,PAYOUT,Insertion Fee
2025-01-01T01:20:05.098Z,NON_SALE_CHARGE,,,0,0,0,0,0,0.11,USD,PAYOUT,Insertion Fee
2025-01-01T01:20:05.090Z,NON_SALE_CHARGE,,,0,0,0,0,0,0.11,USD,PAYOUT,Insertion Fee
2025-01-01T01:20:05.043Z,NON_SALE_CHARGE,,,0,0,0,0,0,0.11,USD,PAYOUT,Insertion Fee
2025-01-01T01:20:04.920Z,NON_SALE_CHARGE,,,0,0,0,0,0,0.11,USD,PAYOUT,Insertion Fee
2025-01-01T01:20:04.872Z,NON_SALE_CHARGE,,,0,0,0,0,0,0.11,USD,PAYOUT,Insertion Fee
2025-01-01T01:20:04.405Z,NON_SALE_CHARGE,,,0,0,0,0,0,0.11,USD,PAYOUT,Insertion Fee
2025-01-01T01:20:04.361Z,NON_SALE_CHARGE,,,0,0,0,0,0,0.11,USD,PAYOUT,Insertion Fee
2025-01-01T01:20:04.351Z,NON_SALE_CHARGE,,,0,0,0,0,0,0.11,USD,PAYOUT,Insertion Fee
2025-01-01T01:20:04.235Z,NON_SALE_CHARGE,,,0,0,0,0,0,0.11,USD,PAYOUT,Insertion Fee
2025-01-01T01:20:04.227Z,NON_SALE_CHARGE,,,0,0,0,0,0,0.11,USD,PAYOUT,Insertion Fee
2025-01-01T01:20:04.186Z,NON_SALE_CHARGE,,,0,0,0,0,0,0.11,USD,PAYOUT,Insertion Fee
2025-01-01T01:20:04.124Z,NON_SALE_CHARGE,,,0,0,0,0,0,0.11,USD,PAYOUT,Insertion Fee
2025-01-01T01:20:04.062Z,NON_SALE_CHARGE,,,0,0,0,0,0,0.11,USD,PAYOUT,Insertion Fee
2025-01-01T01:20:03.971Z,NON_SALE_CHARGE,,,0,0,0,0,0,0.11,USD,PAYOUT,Insertion Fee
2025-01-01T01:20:03.413Z,NON_SALE_CHARGE,,,0,0,0,0,0,0.11,USD,PAYOUT,Insertion Fee
2025-01-01T01:20:03.397Z,NON_SALE_CHARGE,,,0,0,0,0,0,0.11,USD,PAYOUT,Insertion Fee
2025-01-01T01:20:03.343Z,NON_SALE_CHARGE,,,0,0,0,0,0,0.11,USD,PAYOUT,Insertion Fee
2025-01-01T01:20:03.307Z,NON_SALE_CHARGE,,,0,0,0,0,0,0.11,USD,PAYOUT,Insertion Fee
2025-01-01T01:20:03.282Z,NON_SALE_CHARGE,,,0,0,0,0,0,0.11,USD,PAYOUT,Insertion Fee
2025-01-01T01:20:03.250Z,NON_SALE_CHARGE,,,0,0,0,0,0,0.11,USD,PAYOUT,Insertion Fee
2025-01-01T01:20:03.170Z,NON_SALE_CHARGE,,,0,0,0,0,0,0.11,USD,PAYOUT,Insertion Fee
2025-01-01T01:20:03.144Z,NON_SALE_CHARGE,,,0,0,0,0,0,0.11,USD,PAYOUT,Insertion Fee
2025-01-01T01:20:02.947Z,NON_SALE_CHARGE,,,0,0,0,0,0,0.11,USD,PAYOUT,Insertion Fee
2025-01-01T01:20:02.886Z,NON_SALE_CHARGE,,,0,0,0,0,0,0.11,USD,PAYOUT,Insertion Fee
2025-01-01T01:20:02.507Z,NON_SALE_CHARGE,,,0,0,0,0,0,0.11,USD,PAYOUT,Insertion Fee
2025-01-01T01:20:02.415Z,NON_SALE_CHARGE,,,0,0,0,0,0,0.11,USD,PAYOUT,Insertion Fee
2025-01-01T01:20:02.389Z,NON_SALE_CHARGE,,,0,0,0,0,0,0.11,USD,PAYOUT,Insertion Fee
2025-01-01T01:20:02.337Z,NON_SALE_CHARGE,,,0,0,0,0,0,0.11,USD,PAYOUT,Insertion Fee
2025-01-01T01:20:02.282Z,NON_SALE_CHARGE,,,0,0,0,0,0,0.11,USD,PAYOUT,Insertion Fee
2025-01-01T01:20:02.274Z,NON_SALE_CHARGE,,,0,0,0,0,0,0.11,USD,PAYOUT,Insertion Fee
2025-01-01T01:20:02.271Z,NON_SALE_CHARGE,,,0,0,0,0,0,0.11,USD,PAYOUT,Insertion Fee
2025-01-01T01:20:02.137Z,NON_SALE_CHARGE,,,0,0,0,0,0,0.11,USD,PAYOUT,Insertion Fee
2025-01-01T01:20:01.935Z,NON_SALE_CHARGE,,,0,0,0,0,0,0.11,USD,PAYOUT,Insertion Fee
2025-01-01T01:20:01.903Z,NON_SALE_CHARGE,,,0,0,0,0,0,0.11,USD,PAYOUT,Insertion Fee
2025-01-01T01:20:01.555Z,NON_SALE_CHARGE,,,0,0,0,0,0,0.11,USD,PAYOUT,Insertion Fee
2025-01-01T01:20:01.396Z,NON_SALE_CHARGE,,,0,0,0,0,0,0.11,USD,PAYOUT,Insertion Fee
2025-01-01T01:20:01.360Z,NON_SALE_CHARGE,,,0,0,0,0,0,0.11,USD,PAYOUT,Insertion Fee
2025-01-01T01:20:01.297Z,NON_SALE_CHARGE,,,0,0,0,0,0,0.11,USD,PAYOUT,Insertion Fee
2025-01-01T01:20:01.277Z,NON_SALE_CHARGE,,,0,0,0,0,0,0.11,USD,PAYOUT,Insertion Fee
2025-01-01T01:20:01.265Z,NON_SALE_CHARGE,,,0,0,0,0,0,0.11,USD,PAYOUT,Insertion Fee
2025-01-01T01:20:01.220Z,NON_SALE_CHARGE,,,0,0,0,0,0,0.11,USD,PAYOUT,Insertion Fee
2025-01-01T01:20:01.144Z,NON_SALE_CHARGE,,,0,0,0,0,0,0.11,USD,PAYOUT,Insertion Fee
2025-01-01T01:20:00.973Z,NON_SALE_CHARGE,,,0,0,0,0,0,0.11,USD,PAYOUT,Insertion Fee
2025-01-01T01:20:00.948Z,NON_SALE_CHARGE,,,0,0,0,0,0,0.11,USD,PAYOUT,Insertion Fee
2025-01-01T01:20:00.530Z,NON_SALE_CHARGE,,,0,0,0,0,0,0.11,USD,PAYOUT,Insertion Fee
2025-01-01T01:20:00.420Z,NON_SALE_CHARGE,,,0,0,0,0,0,0.11,USD,PAYOUT,Insertion Fee
2025-01-01T01:20:00.354Z,NON_SALE_CHARGE,,,0,0,0,0,0,0.11,USD,PAYOUT,Insertion Fee
2025-01-01T01:20:00.345Z,NON_SALE_CHARGE,,,0,0,0,0,0,0.11,USD,PAYOUT,Insertion Fee
2025-01-01T01:20:00.342Z,NON_SALE_CHARGE,,,0,0,0,0,0,0.11,USD,PAYOUT,Insertion Fee
2025-01-01T01:20:00.225Z,NON_SALE_CHARGE,,,0,0,0,0,0,0.11,USD,PAYOUT,Insertion Fee
2025-01-01T01:20:00.193Z,NON_SALE_CHARGE,,,0,0,0,0,0,0.11,USD,PAYOUT,Insertion Fee
2025-01-01T01:20:00.163Z,NON_SALE_CHARGE,,,0,0,0,0,0,0.11,USD,PAYOUT,Insertion Fee
2025-01-01T01:20:00.064Z,NON_SALE_CHARGE,,,0,0,0,0,0,0.11,USD,PAYOUT,Insertion Fee
2025-01-01T01:20:00.031Z,NON_SALE_CHARGE,,,0,0,0,0,0,0.11,USD,PAYOUT,Insertion Fee
2025-01-01T01:19:59.549Z,NON_SALE_CHARGE,,,0,0,0,0,0,0.11,USD,PAYOUT,Insertion Fee
2025-01-01T01:19:59.508Z,NON_SALE_CHARGE,,,0,0,0,0,0,0.11,USD,PAYOUT,Insertion Fee
2025-01-01T01:19:59.422Z,NON_SALE_CHARGE,,,0,0,0,0,0,0.11,USD,PAYOUT,Insertion Fee
2025-01-01T01:19:59.364Z,NON_SALE_CHARGE,,,0,0,0,0,0,0.11,USD,PAYOUT,Insertion Fee
2025-01-01T01:19:59.262Z,NON_SALE_CHARGE,,,0,0,0,0,0,0.11,USD,PAYOUT,Insertion Fee
2025-01-01T01:19:59.196Z,NON_SALE_CHARGE,,,0,0,0,0,0,0.11,USD,PAYOUT,Insertion Fee
2025-01-01T01:19:59.170Z,NON_SALE_CHARGE,,,0,0,0,0,0,0.11,USD,PAYOUT,Insertion Fee
2025-01-01T01:19:59.131Z,NON_SALE_CHARGE,,,0,0,0,0,0,0.11,USD,PAYOUT,Insertion Fee
2025-01-01T01:19:59.106Z,NON_SALE_CHARGE,,,0,0,0,0,0,0.11,USD,PAYOUT,Insertion Fee
2025-01-01T01:19:58.588Z,NON_SALE_CHARGE,,,0,0,0,0,0,0.11,USD,PAYOUT,Insertion Fee
2025-01-01T01:19:58.523Z,NON_SALE_CHARGE,,,0,0,0,0,0,0.11,USD,PAYOUT,Insertion Fee
2025-01-01T01:19:58.396Z,NON_SALE_CHARGE,,,0,0,0,0,0,0.11,USD,PAYOUT,Insertion Fee
2025-01-01T01:19:58.395Z,NON_SALE_CHARGE,,,0,0,0,0,0,0.11,USD,PAYOUT,Insertion Fee
2025-01-01T01:19:58.293Z,NON_SALE_CHARGE,,,0,0,0,0,0,0.11,USD,PAYOUT,Insertion Fee
2025-01-01T01:19:58.217Z,NON_SALE_CHARGE,,,0,0,0,0,0,0.11,USD,PAYOUT,Insertion Fee
2025-01-01T01:19:58.217Z,NON_SALE_CHARGE,,,0,0,0,0,0,0.11,USD,PAYOUT,Insertion Fee
2025-01-01T01:19:58.206Z,NON_SALE_CHARGE,,,0,0,0,0,0,0.11,USD,PAYOUT,Insertion Fee
2025-01-01T01:19:58.124Z,NON_SALE_CHARGE,,,0,0,0,0,0,0.11,USD,PAYOUT,Insertion Fee
2025-01-01T01:19:58.089Z,NON_SALE_CHARGE,,,0,0,0,0,0,0.11,USD,PAYOUT,Insertion Fee
2025-01-01T01:19:57.638Z,NON_SALE_CHARGE,,,0,0,0,0,0,0.11,USD,PAYOUT,Insertion Fee
2025-01-01T01:19:57.520Z,NON_SALE_CHARGE,,,0,0,0,0,0,0.11,USD,PAYOUT,Insertion Fee
2025-01-01T01:19:57.436Z,NON_SALE_CHARGE,,,0,0,0,0,0,0.11,USD,PAYOUT,Insertion Fee
2025-01-01T01:19:57.383Z,NON_SALE_CHARGE,,,0,0,0,0,0,0.11,USD,PAYOUT,Insertion Fee
2025-01-01T01:19:57.286Z,NON_SALE_CHARGE,,,0,0,0,0,0,0.11,USD,PAYOUT,Insertion Fee
2025-01-01T01:19:57.279Z,NON_SALE_CHARGE,,,0,0,0,0,0,0.11,USD,PAYOUT,Insertion Fee
2025-01-01T01:19:57.224Z,NON_SALE_CHARGE,,,0,0,0,0,0,0.11,USD,PAYOUT,Insertion Fee
2025-01-01T01:19:57.205Z,NON_SALE_CHARGE,,,0,0,0,0,0,0.11,USD,PAYOUT,Insertion Fee
2025-01-01T01:19:57.156Z,NON_SALE_CHARGE,,,0,0,0,0,0,0.11,USD,PAYOUT,Insertion Fee
2025-01-01T01:19:57.055Z,NON_SALE_CHARGE,,,0,0,0,0,0,0.11,USD,PAYOUT,Insertion Fee
2025-01-01T01:19:56.757Z,NON_SALE_CHARGE,,,0,0,0,0,0,0.11,USD,PAYOUT,Insertion Fee
2025-01-01T01:19:56.604Z,NON_SALE_CHARGE,,,0,0,0,0,0,0.11,USD,PAYOUT,Insertion Fee
2025-01-01T01:19:56.505Z,NON_SALE_CHARGE,,,0,0,0,0,0,0.11,USD,PAYOUT,Insertion Fee
2025-01-01T01:19:56.363Z,NON_SALE_CHARGE,,,0,0,0,0,0,0.11,USD,PAYOUT,Insertion Fee
2025-01-01T01:19:56.342Z,NON_SALE_CHARGE,,,0,0,0,0,0,0.11,USD,PAYOUT,Insertion Fee
2025-01-01T01:19:56.330Z,NON_SALE_CHARGE,,,0,0,0,0,0,0.11,USD,PAYOUT,Insertion Fee
2025-01-01T01:19:56.247Z,NON_SALE_CHARGE,,,0,0,0,0,0,0.11,USD,PAYOUT,Insertion Fee
2025-01-01T01:19:56.195Z,NON_SALE_CHARGE,,,0,0,0,0,0,0.11,USD,PAYOUT,Insertion Fee
2025-01-01T01:19:56.148Z,NON_SALE_CHARGE,,,0,0,0,0,0,0.11,USD,PAYOUT,Insertion Fee
2025-01-01T01:19:56.099Z,NON_SALE_CHARGE,,,0,0,0,0,0,0.11,USD,PAYOUT,Insertion Fee
2025-01-01T01:19:55.745Z,NON_SALE_CHARGE,,,0,0,0,0,0,0.11,USD,PAYOUT,Insertion Fee
2025-01-01T01:19:55.709Z,NON_SALE_CHARGE,,,0,0,0,0,0,0.11,USD,PAYOUT,Insertion Fee
2025-01-01T01:19:55.465Z,NON_SALE_CHARGE,,,0,0,0,0,0,0.11,USD,PAYOUT,Insertion Fee
2025-01-01T01:19:55.372Z,NON_SALE_CHARGE,,,0,0,0,0,0,0.11,USD,PAYOUT,Insertion Fee
2025-01-01T01:19:55.355Z,NON_SALE_CHARGE,,,0,0,0,0,0,0.11,USD,PAYOUT,Insertion Fee
2025-01-01T01:19:55.350Z,NON_SALE_CHARGE,,,0,0,0,0,0,0.11,USD,PAYOUT,Insertion Fee
2025-01-01T01:19:55.260Z,NON_SALE_CHARGE,,,0,0,0,0,0,0.11,USD,PAYOUT,Insertion Fee
2025-01-01T01:19:55.229Z,NON_SALE_CHARGE,,,0,0,0,0,0,0.11,USD,PAYOUT,Insertion Fee
2025-01-01T01:19:55.186Z,NON_SALE_CHARGE,,,0,0,0,0,0,0.11,USD,PAYOUT,Insertion Fee
2025-01-01T01:19:55.138Z,NON_SALE_CHARGE,,,0,0,0,0,0,0.11,USD,PAYOUT,Insertion Fee
2025-01-01T01:19:54.744Z,NON_SALE_CHARGE,,,0,0,0,0,0,0.11,USD,PAYOUT,Insertion Fee
2025-01-01T01:19:54.677Z,NON_SALE_CHARGE,,,0,0,0,0,0,0.11,USD,PAYOUT,Insertion Fee
2025-01-01T01:19:54.482Z,NON_SALE_CHARGE,,,0,0,0,0,0,0.11,USD,PAYOUT,Insertion Fee
2025-01-01T01:19:54.473Z,NON_SALE_CHARGE,,,0,0,0,0,0,0.11,USD,PAYOUT,Insertion Fee
2025-01-01T01:19:54.350Z,NON_SALE_CHARGE,,,0,0,0,0,0,0.11,USD,PAYOUT,Insertion Fee
2025-01-01T01:19:54.298Z,NON_SALE_CHARGE,,,0,0,0,0,0,0.11,USD,PAYOUT,Insertion Fee
2025-01-01T01:19:54.244Z,NON_SALE_CHARGE,,,0,0,0,0,0,0.11,USD,PAYOUT,Insertion Fee
2025-01-01T01:19:54.123Z,NON_SALE_CHARGE,,,0,0,0,0,0,0.11,USD,PAYOUT,Insertion Fee
2025-01-01T01:19:53.698Z,NON_SALE_CHARGE,,,0,0,0,0,0,0.11,USD,PAYOUT,Insertion Fee
2025-01-01T01:19:53.692Z,NON_SALE_CHARGE,,,0,0,0,0,0,0.11,USD,PAYOUT,Insertion Fee
2025-01-01T01:19:53.544Z,NON_SALE_CHARGE,,,0,0,0,0,0,0.11,USD,PAYOUT,Insertion Fee
2025-01-01T01:19:53.520Z,NON_SALE_CHARGE,,,0,0,0,0,0,0.11,USD,PAYOUT,Insertion Fee
2025-01-01T01:19:53.390Z,NON_SALE_CHARGE,,,0,0,0,0,0,0.11,USD,PAYOUT,Insertion Fee
2025-01-01T01:19:53.379Z,NON_SALE_CHARGE,,,0,0,0,0,0,0.11,USD,PAYOUT,Insertion Fee
2025-01-01T01:19:53.309Z,NON_SALE_CHARGE,,,0,0,0,0,0,0.11,USD,PAYOUT,Insertion Fee
2025-01-01T01:19:53.250Z,NON_SALE_CHARGE,,,0,0,0,0,0,0.11,USD,PAYOUT,Insertion Fee
2025-01-01T01:19:53.219Z,NON_SALE_CHARGE,,,0,0,0,0,0,0.11,USD,PAYOUT,Insertion Fee
2025-01-01T01:19:53.179Z,NON_SALE_CHARGE,,,0,0,0,0,0,0.11,USD,PAYOUT,Insertion Fee
2025-01-01T01:19:52.756Z,NON_SALE_CHARGE,,,0,0,0,0,0,0.11,USD,PAYOUT,Insertion Fee
2025-01-01T01:19:52.732Z,NON_SALE_CHARGE,,,0,0,0,0,0,0.11,USD,PAYOUT,Insertion Fee
2025-01-01T01:19:52.613Z,NON_SALE_CHARGE,,,0,0,0,0,0,0.11,USD,PAYOUT,Insertion Fee
2025-01-01T01:19:52.605Z,NON_SALE_CHARGE,,,0,0,0,0,0,0.11,USD,PAYOUT,Insertion Fee
2025-01-01T01:19:52.536Z,NON_SALE_CHARGE,,,0,0,0,0,0,0.11,USD,PAYOUT,Insertion Fee
2025-01-01T01:19:52.479Z,NON_SALE_CHARGE,,,0,0,0,0,0,0.11,USD,PAYOUT,Insertion Fee
2025-01-01T01:19:52.456Z,NON_SALE_CHARGE,,,0,0,0,0,0,0.11,USD,PAYOUT,Insertion Fee
2025-01-01T01:19:52.298Z,NON_SALE_CHARGE,,,0,0,0,0,0,0.11,USD,PAYOUT,Insertion Fee
2025-01-01T01:19:52.280Z,NON_SALE_CHARGE,,,0,0,0,0,0,0.11,USD,PAYOUT,Insertion Fee
2025-01-01T01:19:52.161Z,NON_SALE_CHARGE,,,0,0,0,0,0,0.11,USD,PAYOUT,Insertion Fee
2025-01-01T01:19:52.128Z,NON_SALE_CHARGE,,,0,0,0,0,0,0.11,USD,PAYOUT,Insertion Fee
2025-01-01T01:19:51.938Z,NON_SALE_CHARGE,,,0,0,0,0,0,0.11,USD,PAYOUT,Insertion Fee
2025-01-01T01:19:51.815Z,NON_SALE_CHARGE,,,0,0,0,0,0,0.11,USD,PAYOUT,Insertion Fee
2025-01-01T01:19:51.801Z,NON_SALE_CHARGE,,,0,0,0,0,0,0.11,USD,PAYOUT,Insertion Fee
2025-01-01T01:19:51.633Z,NON_SALE_CHARGE,,,0,0,0,0,0,0.11,USD,PAYOUT,Insertion Fee
2025-01-01T01:19:51.602Z,NON_SALE_CHARGE,,,0,0,0,0,0,0.11,USD,PAYOUT,Insertion Fee
2025-01-01T01:19:51.594Z,NON_SALE_CHARGE,,,0,0,0,0,0,0.11,USD,PAYOUT,Insertion Fee
2025-01-01T01:19:51.476Z,NON_SALE_CHARGE,,,0,0,0,0,0,0.11,USD,PAYOUT,Insertion Fee
2025-01-01T01:19:51.418Z,NON_SALE_CHARGE,,,0,0,0,0,0,0.11,USD,PAYOUT,Insertion Fee
2025-01-01T01:19:51.340Z,NON_SALE_CHARGE,,,0,0,0,0,0,0.11,USD,PAYOUT,Insertion Fee
2025-01-01T01:19:51.198Z,NON_SALE_CHARGE,,,0,0,0,0,0,0.11,USD,PAYOUT,Insertion Fee
2025-01-01T01:19:51.013Z,NON_SALE_CHARGE,,,0,0,0,0,0,0.11,USD,PAYOUT,Insertion Fee
2025-01-01T01:19:50.872Z,NON_SALE_CHARGE,,,0,0,0,0,0,0.11,USD,PAYOUT,Insertion Fee
2025-01-01T01:19:50.759Z,NON_SALE_CHARGE,,,0,0,0,0,0,0.11,USD,PAYOUT,Insertion Fee
2025-01-01T01:19:50.735Z,NON_SALE_CHARGE,,,0,0,0,0,0,0.11,USD,PAYOUT,Insertion Fee
2025-01-01T01:19:50.694Z,NON_SALE_CHARGE,,,0,0,0,0,0,0.11,USD,PAYOUT,Insertion Fee
2025-01-01T01:19:50.686Z,NON_SALE_CHARGE,,,0,0,0,0,0,0.11,USD,PAYOUT,Insertion Fee
2025-01-01T01:19:50.576Z,NON_SALE_CHARGE,,,0,0,0,0,0,0.11,USD,PAYOUT,Insertion Fee
2025-01-01T01:19:50.428Z,NON_SALE_CHARGE,,,0,0,0,0,0,0.11,USD,PAYOUT,Insertion Fee
2025-01-01T01:19:50.353Z,NON_SALE_CHARGE,,,0,0,0,0,0,0.11,USD,PAYOUT,Insertion Fee
2025-01-01T01:19:50.333Z,NON_SALE_CHARGE,,,0,0,0,0,0,0.11,USD,PAYOUT,Insertion Fee
2025-01-01T01:19:50.252Z,NON_SALE_CHARGE,,,0,0,0,0,0,0.11,USD,PAYOUT,Insertion Fee
2025-01-01T01:19:50.092Z,NON_SALE_CHARGE,,,0,0,0,0,0,0.11,USD,PAYOUT,Insertion Fee
2025-01-01T01:19:50.059Z,NON_SALE_CHARGE,,,0,0,0,0,0,0.11,USD,PAYOUT,Insertion Fee
2025-01-01T01:19:49.976Z,NON_SALE_CHARGE,,,0,0,0,0,0,0.11,USD,PAYOUT,Insertion Fee
2025-01-01T01:19:49.812Z,NON_SALE_CHARGE,,,0,0,0,0,0,0.11,USD,PAYOUT,Insertion Fee
2025-01-01T01:19:49.740Z,NON_SALE_CHARGE,,,0,0,0,0,0,0.11,USD,PAYOUT,Insertion Fee
2025-01-01T01:19:49.716Z,NON_SALE_CHARGE,,,0,0,0,0,0,0.11,USD,PAYOUT,Insertion Fee
2025-01-01T01:19:49.712Z,NON_SALE_CHARGE,,,0,0,0,0,0,0.11,USD,PAYOUT,Insertion Fee
2025-01-01T01:19:49.675Z,NON_SALE_CHARGE,,,0,0,0,0,0,0.11,USD,PAYOUT,Insertion Fee
2025-01-01T01:19:49.375Z,NON_SALE_CHARGE,,,0,0,0,0,0,0.11,USD,PAYOUT,Insertion Fee
2025-01-01T01:19:49.374Z,NON_SALE_CHARGE,,,0,0,0,0,0,0.11,USD,PAYOUT,Insertion Fee
2025-01-01T01:19:49.166Z,NON_SALE_CHARGE,,,0,0,0,0,0,0.11,USD,PAYOUT,Insertion Fee
2025-01-01T01:19:49.137Z,NON_SALE_CHARGE,,,0,0,0,0,0,0.11,USD,PAYOUT,Insertion Fee
2025-01-01T01:19:49.118Z,NON_SALE_CHARGE,,,0,0,0,0,0,0.11,USD,PAYOUT,Insertion Fee
2025-01-01T01:19:49.048Z,NON_SALE_CHARGE,,,0,0,0,0,0,0.11,USD,PAYOUT,Insertion Fee
2025-01-01T01:19:49.037Z,NON_SALE_CHARGE,,,0,0,0,0,0,0.11,USD,PAYOUT,Insertion Fee
2025-01-01T01:19:48.853Z,NON_SALE_CHARGE,,,0,0,0,0,0,0.11,USD,PAYOUT,Insertion Fee
2025-01-01T01:19:48.827Z,NON_SALE_CHARGE,,,0,0,0,0,0,0.11,USD,PAYOUT,Insertion Fee
2025-01-01T01:19:48.707Z,NON_SALE_CHARGE,,,0,0,0,0,0,0.11,USD,PAYOUT,Insertion Fee
2025-01-01T01:19:48.696Z,NON_SALE_CHARGE,,,0,0,0,0,0,0.11,USD,PAYOUT,Insertion Fee
2025-01-01T01:19:48.411Z,NON_SALE_CHARGE,,,0,0,0,0,0,0.11,USD,PAYOUT,Insertion Fee
2025-01-01T01:19:48.382Z,NON_SALE_CHARGE,,,0,0,0,0,0,0.11,USD,PAYOUT,Insertion Fee
2025-01-01T01:19:48.366Z,NON_SALE_CHARGE,,,0,0,0,0,0,0.11,USD,PAYOUT,Insertion Fee
2025-01-01T01:19:48.163Z,NON_SALE_CHARGE,,,0,0,0,0,0,0.11,USD,PAYOUT,Insertion Fee
2025-01-01T01:19:48.139Z,NON_SALE_CHARGE,,,0,0,0,0,0,0.11,USD,PAYOUT,Insertion Fee
2025-01-01T01:19:48.117Z,NON_SALE_CHARGE,,,0,0,0,0,0,0.11,USD,PAYOUT,Insertion Fee
2025-01-01T01:19:48.115Z,NON_SALE_CHARGE,,,0,0,0,0,0,0.11,USD,PAYOUT,Insertion Fee
2025-01-01T01:19:47.923Z,NON_SALE_CHARGE,,,0,0,0,0,0,0.11,USD,PAYOUT,Insertion Fee
2025-01-01T01:19:47.826Z,NON_SALE_CHARGE,,,0,0,0,0,0,0.11,USD,PAYOUT,Insertion Fee
2025-01-01T01:19:47.809Z,NON_SALE_CHARGE,,,0,0,0,0,0,0.11,USD,PAYOUT,Insertion Fee
2025-01-01T01:19:47.784Z,NON_SALE_CHARGE,,,0,0,0,0,0,0.11,USD,PAYOUT,Insertion Fee
2025-01-01T01:19:47.724Z,NON_SALE_CHARGE,,,0,0,0,0,0,0.11,USD,PAYOUT,Insertion Fee
2025-01-01T01:19:47.452Z,NON_SALE_CHARGE,,,0,0,0,0,0,0.11,USD,PAYOUT,Insertion Fee
2025-01-01T01:19:47.444Z,NON_SALE_CHARGE,,,0,0,0,0,0,0.11,USD,PAYOUT,Insertion Fee
2025-01-01T01:19:47.215Z,NON_SALE_CHARGE,,,0,0,0,0,0,0.11,USD,PAYOUT,Insertion Fee
2025-01-01T01:19:47.199Z,NON_SALE_CHARGE,,,0,0,0,0,0,0.11,USD,PAYOUT,Insertion Fee
2025-01-01T01:19:47.149Z,NON_SALE_CHARGE,,,0,0,0,0,0,0.11,USD,PAYOUT,Insertion Fee
2025-01-01T01:19:47.148Z,NON_SALE_CHARGE,,,0,0,0,0,0,0.11,USD,PAYOUT,Insertion Fee
2025-01-01T01:19:47.047Z,NON_SALE_CHARGE,,,0,0,0,0,0,0.11,USD,PAYOUT,Insertion Fee
2025-01-01T01:19:46.970Z,NON_SALE_CHARGE,,,0,0,0,0,0,0.11,USD,PAYOUT,Insertion Fee
2025-01-01T01:19:46.888Z,NON_SALE_CHARGE,,,0,0,0,0,0,0.11,USD,PAYOUT,Insertion Fee
2025-01-01T01:19:46.784Z,NON_SALE_CHARGE,,,0,0,0,0,0,0.11,USD,PAYOUT,Insertion Fee
2025-01-01T01:19:46.769Z,NON_SALE_CHARGE,,,0,0,0,0,0,0.11,USD,PAYOUT,Insertion Fee
2025-01-01T01:19:46.483Z,NON_SALE_CHARGE,,,0,0,0,0,0,0.11,USD,PAYOUT,Insertion Fee
2025-01-01T01:19:46.482Z,NON_SALE_CHARGE,,,0,0,0,0,0,0.11,USD,PAYOUT,Insertion Fee
2025-01-01T01:19:46.358Z,NON_SALE_CHARGE,,,0,0,0,0,0,0.11,USD,PAYOUT,Insertion Fee
2025-01-01T01:19:46.303Z,NON_SALE_CHARGE,,,0,0,0,0,0,0.11,USD,PAYOUT,Insertion Fee
2025-01-01T01:19:46.289Z,NON_SALE_CHARGE,,,0,0,0,0,0,0.11,USD,PAYOUT,Insertion Fee
2025-01-01T01:19:46.239Z,NON_SALE_CHARGE,,,0,0,0,0,0,0.11,USD,PAYOUT,Insertion Fee
2025-01-01T01:19:46.143Z,NON_SALE_CHARGE,,,0,0,0,0,0,0.11,USD,PAYOUT,Insertion Fee
2025-01-01T01:19:46.092Z,NON_SALE_CHARGE,,,0,0,0,0,0,0.11,USD,PAYOUT,Insertion Fee
2025-01-01T01:19:46.031Z,NON_SALE_CHARGE,,,0,0,0,0,0,0.11,USD,PAYOUT,Insertion Fee
2025-01-01T01:19:46.027Z,NON_SALE_CHARGE,,,0,0,0,0,0,0.11,USD,PAYOUT,Insertion Fee
2025-01-01T01:19:45.959Z,NON_SALE_CHARGE,,,0,0,0,0,0,0.11,USD,PAYOUT,Insertion Fee
2025-01-01T01:19:45.770Z,NON_SALE_CHARGE,,,0,0,0,0,0,0.11,USD,PAYOUT,Insertion Fee
2025-01-01T01:19:45.745Z,NON_SALE_CHARGE,,,0,0,0,0,0,0.11,USD,PAYOUT,Insertion Fee
2025-01-01T01:19:45.639Z,NON_SALE_CHARGE,,,0,0,0,0,0,0.11,USD,PAYOUT,Insertion Fee
2025-01-01T01:19:45.620Z,NON_SALE_CHARGE,,,0,0,0,0,0,0.11,USD,PAYOUT,Insertion Fee
2025-01-01T01:19:45.553Z,NON_SALE_CHARGE,,,0,0,0,0,0,0.11,USD,PAYOUT,Insertion Fee
2025-01-01T01:19:45.521Z,NON_SALE_CHARGE,,,0,0,0,0,0,0.11,USD,PAYOUT,Insertion Fee
2025-01-01T01:19:45.328Z,NON_SALE_CHARGE,,,0,0,0,0,0,0.11,USD,PAYOUT,Insertion Fee
2025-01-01T01:19:45.291Z,NON_SALE_CHARGE,,,0,0,0,0,0,0.11,USD,PAYOUT,Insertion Fee
2025-01-01T01:19:45.231Z,NON_SALE_CHARGE,,,0,0,0,0,0,0.11,USD,PAYOUT,Insertion Fee
2025-01-01T01:19:45.195Z,NON_SALE_CHARGE,,,0,0,0,0,0,0.11,USD,PAYOUT,Insertion Fee
2025-01-01T01:19:45.164Z,NON_SALE_CHARGE,,,0,0,0,0,0,0.11,USD,PAYOUT,Insertion Fee
2025-01-01T01:19:45.121Z,NON_SALE_CHARGE,,,0,0,0,0,0,0.11,USD,PAYOUT,Insertion Fee
2025-01-01T01:19:45.021Z,NON_SALE_CHARGE,,,0,0,0,0,0,0.11,USD,PAYOUT,Insertion Fee
2025-01-01T01:19:44.949Z,NON_SALE_CHARGE,,,0,0,0,0,0,0.11,USD,PAYOUT,Insertion Fee
2025-01-01T01:19:44.886Z,NON_SALE_CHARGE,,,0,0,0,0,0,0.11,USD,PAYOUT,Insertion Fee
2025-01-01T01:19:44.817Z,NON_SALE_CHARGE,,,0,0,0,0,0,0.11,USD,PAYOUT,Insertion Fee
2025-01-01T01:19:44.751Z,NON_SALE_CHARGE,,,0,0,0,0,0,0.11,USD,PAYOUT,Insertion Fee
2025-01-01T01:19:44.552Z,NON_SALE_CHARGE,,,0,0,0,0,0,0.11,USD,PAYOUT,Insertion Fee
2025-01-01T01:19:44.549Z,NON_SALE_CHARGE,,,0,0,0,0,0,0.11,USD,PAYOUT,Insertion Fee
2025-01-01T01:19:44.518Z,NON_SALE_CHARGE,,,0,0,0,0,0,0.11,USD,PAYOUT,Insertion Fee
2025-01-01T01:19:44.488Z,NON_SALE_CHARGE,,,0,0,0,0,0,0.11,USD,PAYOUT,Insertion Fee
2025-01-01T01:19:44.309Z,NON_SALE_CHARGE,,,0,0,0,0,0,0.11,USD,PAYOUT,Insertion Fee
2025-01-01T01:19:44.305Z,NON_SALE_CHARGE,,,0,0,0,0,0,0.11,USD,PAYOUT,Insertion Fee
2025-01-01T01:19:44.286Z,NON_SALE_CHARGE,,,0,0,0,0,0,0.11,USD,PAYOUT,Insertion Fee
2025-01-01T01:19:44.230Z,NON_SALE_CHARGE,,,0,0,0,0,0,0.11,USD,PAYOUT,Insertion Fee
2025-01-01T01:19:44.194Z,NON_SALE_CHARGE,,,0,0,0,0,0,0.11,USD,PAYOUT,Insertion Fee
2025-01-01T01:19:44.191Z,NON_SALE_CHARGE,,,0,0,0,0,0,0.11,USD,PAYOUT,Insertion Fee
2025-01-01T01:19:44.185Z,NON_SALE_CHARGE,,,0,0,0,0,0,0.11,USD,PAYOUT,Insertion Fee
2025-01-01T01:19:44.012Z,NON_SALE_CHARGE,,,0,0,0,0,0,0.11,USD,PAYOUT,Insertion Fee
2025-01-01T01:19:43.898Z,NON_SALE_CHARGE,,,0,0,0,0,0,0.11,USD,PAYOUT,Insertion Fee
2025-01-01T01:19:43.848Z,NON_SALE_CHARGE,,,0,0,0,0,0,0.11,USD,PAYOUT,Insertion Fee
2025-01-01T01:19:43.749Z,NON_SALE_CHARGE,,,0,0,0,0,0,0.11,USD,PAYOUT,Insertion Fee
2025-01-01T01:19:43.669Z,NON_SALE_CHARGE,,,0,0,0,0,0,0.11,USD,PAYOUT,Insertion Fee
2025-01-01T01:19:43.611Z,NON_SALE_CHARGE,,,0,0,0,0,0,0.11,USD,PAYOUT,Insertion Fee
2025-01-01T01:19:43.609Z,NON_SALE_CHARGE,,,0,0,0,0,0,0.11,USD,PAYOUT,Insertion Fee
2025-01-01T01:19:43.545Z,NON_SALE_CHARGE,,,0,0,0,0,0,0.11,USD,PAYOUT,Insertion Fee
2025-01-01T01:19:43.531Z,NON_SALE_CHARGE,,,0,0,0,0,0,0.11,USD,PAYOUT,Insertion Fee
2025-01-01T01:19:43.503Z,NON_SALE_CHARGE,,,0,0,0,0,0,0.11,USD,PAYOUT,Insertion Fee
2025-01-01T01:19:43.346Z,NON_SALE_CHARGE,,,0,0,0,0,0,0.11,USD,PAYOUT,Insertion Fee
2025-01-01T01:19:43.251Z,NON_SALE_CHARGE,,,0,0,0,0,0,0.11,USD,PAYOUT,Insertion Fee
2025-01-01T01:19:43.244Z,NON_SALE_CHARGE,,,0,0,0,0,0,0.11,USD,PAYOUT,Insertion Fee
2025-01-01T01:19:43.221Z,NON_SALE_CHARGE,,,0,0,0,0,0,0.11,USD,PAYOUT,Insertion Fee
2025-01-01T01:19:43.199Z,NON_SALE_CHARGE,,,0,0,0,0,0,0.11,USD,PAYOUT,Insertion Fee
2025-01-01T01:19:43.068Z,NON_SALE_CHARGE,,,0,0,0,0,0,0.11,USD,PAYOUT,Insertion Fee
2025-01-01T01:19:42.955Z,NON_SALE_CHARGE,,,0,0,0,0,0,0.11,USD,PAYOUT,Insertion Fee
2025-01-01T01:19:42.939Z,NON_SALE_CHARGE,,,0,0,0,0,0,0.11,USD,PAYOUT,Insertion Fee
2025-01-01T01:19:42.928Z,NON_SALE_CHARGE,,,0,0,0,0,0,0.11,USD,PAYOUT,Insertion Fee
2025-01-01T01:19:42.887Z,NON_SALE_CHARGE,,,0,0,0,0,0,0.11,USD,PAYOUT,Insertion Fee
2025-01-01T01:19:42.796Z,NON_SALE_CHARGE,,,0,0,0,0,0,0.11,USD,PAYOUT,Insertion Fee
2025-01-01T01:19:42.761Z,NON_SALE_CHARGE,,,0,0,0,0,0,0.11,USD,PAYOUT,Insertion Fee
2025-01-01T01:19:42.731Z,NON_SALE_CHARGE,,,0,0,0,0,0,0.11,USD,PAYOUT,Insertion Fee
2025-01-01T01:19:42.620Z,NON_SALE_CHARGE,,,0,0,0,0,0,0.11,USD,PAYOUT,Insertion Fee
2025-01-01T01:19:42.555Z,NON_SALE_CHARGE,,,0,0,0,0,0,0.11,USD,PAYOUT,Insertion Fee
2025-01-01T01:19:42.454Z,NON_SALE_CHARGE,,,0,0,0,0,0,0.11,USD,PAYOUT,Insertion Fee
2025-01-01T01:19:42.408Z,NON_SALE_CHARGE,,,0,0,0,0,0,0.11,USD,PAYOUT,Insertion Fee
2025-01-01T01:19:42.312Z,NON_SALE_CHARGE,,,0,0,0,0,0,0.11,USD,PAYOUT,Insertion Fee
2025-01-01T01:19:42.289Z,NON_SALE_CHARGE,,,0,0,0,0,0,0.11,USD,PAYOUT,Insertion Fee
2025-01-01T01:19:42.265Z,NON_SALE_CHARGE,,,0,0,0,0,0,0.11,USD,PAYOUT,Insertion Fee
2025-01-01T01:19:42.243Z,NON_SALE_CHARGE,,,0,0,0,0,0,0.11,USD,PAYOUT,Insertion Fee
2025-01-01T01:19:42.221Z,NON_SALE_CHARGE,,,0,0,0,0,0,0.11,USD,PAYOUT,Insertion Fee
2025-01-01T01:19:42.215Z,NON_SALE_CHARGE,,,0,0,0,0,0,0.11,USD,PAYOUT,Insertion Fee
2025-01-01T01:19:42.187Z,NON_SALE_CHARGE,,,0,0,0,0,0,0.11,USD,PAYOUT,Insertion Fee
2025-01-01T01:19:42.187Z,NON_SALE_CHARGE,,,0,0,0,0,0,0.11,USD,PAYOUT,Insertion Fee
2025-01-01T01:19:42.084Z,NON_SALE_CHARGE,,,0,0,0,0,0,0.11,USD,PAYOUT,Insertion Fee
2025-01-01T01:19:42.056Z,NON_SALE_CHARGE,,,0,0,0,0,0,0.11,USD,PAYOUT,Insertion Fee
2025-01-01T01:19:41.912Z,NON_SALE_CHARGE,,,0,0,0,0,0,0.11,USD,PAYOUT,Insertion Fee
2025-01-01T01:19:41.910Z,NON_SALE_CHARGE,,,0,0,0,0,0,0.11,USD,PAYOUT,Insertion Fee
2025-01-01T01:19:41.855Z,NON_SALE_CHARGE,,,0,0,0,0,0,0.11,USD,PAYOUT,Insertion Fee
2025-01-01T01:19:41.806Z,NON_SALE_CHARGE,,,0,0,0,0,0,0.11,USD,PAYOUT,Insertion Fee
2025-01-01T01:19:41.771Z,NON_SALE_CHARGE,,,0,0,0,0,0,0.11,USD,PAYOUT,Insertion Fee
2025-01-01T01:19:41.754Z,NON_SALE_CHARGE,,,0,0,0,0,0,0.11,USD,PAYOUT,Insertion Fee
2025-01-01T01:19:41.624Z,NON_SALE_CHARGE,,,0,0,0,0,0,0.11,USD,PAYOUT,Insertion Fee
2025-01-01T01:19:41.555Z,NON_SALE_CHARGE,,,0,0,0,0,0,0.11,USD,PAYOUT,Insertion Fee
2025-01-01T01:19:41.548Z,NON_SALE_CHARGE,,,0,0,0,0,0,0.11,USD,PAYOUT,Insertion Fee
2025-01-01T01:19:41.531Z,NON_SALE_CHARGE,,,0,0,0,0,0,0.11,USD,PAYOUT,Insertion Fee
2025-01-01T01:19:41.498Z,NON_SALE_CHARGE,,,0,0,0,0,0,0.11,USD,PAYOUT,Insertion Fee
2025-01-01T01:19:41.320Z,NON_SALE_CHARGE,,,0,0,0,0,0,0.11,USD,PAYOUT,Insertion Fee
2025-01-01T01:19:41.317Z,NON_SALE_CHARGE,,,0,0,0,0,0,0.11,USD,PAYOUT,Insertion Fee
2025-01-01T01:19:41.282Z,NON_SALE_CHARGE,,,0,0,0,0,0,0.11,USD,PAYOUT,Insertion Fee
2025-01-01T01:19:41.273Z,NON_SALE_CHARGE,,,0,0,0,0,0,0.11,USD,PAYOUT,Insertion Fee
2025-01-01T01:19:41.269Z,NON_SALE_CHARGE,,,0,0,0,0,0,0.11,USD,PAYOUT,Insertion Fee
2025-01-01T01:19:41.210Z,NON_SALE_CHARGE,,,0,0,0,0,0,0.11,USD,PAYOUT,Insertion Fee
2025-01-01T01:19:41.202Z,NON_SALE_CHARGE,,,0,0,0,0,0,0.11,USD,PAYOUT,Insertion Fee
2025-01-01T01:19:41.202Z,NON_SALE_CHARGE,,,0,0,0,0,0,0.11,USD,PAYOUT,Insertion Fee
2025-01-01T01:19:41.135Z,NON_SALE_CHARGE,,,0,0,0,0,0,0.11,USD,PAYOUT,Insertion Fee
2025-01-01T01:19:41.109Z,NON_SALE_CHARGE,,,0,0,0,0,0,0.11,USD,PAYOUT,Insertion Fee
2025-01-01T01:19:40.973Z,NON_SALE_CHARGE,,,0,0,0,0,0,0.11,USD,PAYOUT,Insertion Fee
2025-01-01T01:19:40.906Z,NON_SALE_CHARGE,,,0,0,0,0,0,0.11,USD,PAYOUT,Insertion Fee
2025-01-01T01:19:40.906Z,NON_SALE_CHARGE,,,0,0,0,0,0,0.11,USD,PAYOUT,Insertion Fee
2025-01-01T01:19:40.866Z,NON_SALE_CHARGE,,,0,0,0,0,0,0.11,USD,PAYOUT,Insertion Fee
2025-01-01T01:19:40.865Z,NON_SALE_CHARGE,,,0,0,0,0,0,0.11,USD,PAYOUT,Insertion Fee
2025-01-01T01:19:40.862Z,NON_SALE_CHARGE,,,0,0,0,0,0,0.11,USD,PAYOUT,Insertion Fee
2025-01-01T01:19:40.840Z,NON_SALE_CHARGE,,,0,0,0,0,0,0.11,USD,PAYOUT,Insertion Fee
2025-01-01T01:19:40.834Z,NON_SALE_CHARGE,,,0,0,0,0,0,0.11,USD,PAYOUT,Insertion Fee
2025-01-01T01:19:40.824Z,NON_SALE_CHARGE,,,0,0,0,0,0,0.11,USD,PAYOUT,Insertion Fee
2025-01-01T01:19:40.562Z,NON_SALE_CHARGE,,,0,0,0,0,0,0.11,USD,PAYOUT,Insertion Fee
2025-01-01T01:19:40.559Z,NON_SALE_CHARGE,,,0,0,0,0,0,0.11,USD,PAYOUT,Insertion Fee
2025-01-01T01:19:40.539Z,NON_SALE_CHARGE,,,0,0,0,0,0,0.11,USD,PAYOUT,Insertion Fee
2025-01-01T01:19:40.526Z,NON_SALE_CHARGE,,,0,0,0,0,0,0.11,USD,PAYOUT,Insertion Fee
2025-01-01T01:19:40.525Z,NON_SALE_CHARGE,,,0,0,0,0,0,0.11,USD,PAYOUT,Insertion Fee
2025-01-01T01:19:40.463Z,NON_SALE_CHARGE,,,0,0,0,0,0,0.11,USD,PAYOUT,Insertion Fee
2025-01-01T01:19:40.459Z,NON_SALE_CHARGE,,,0,0,0,0,0,0.11,USD,PAYOUT,Insertion Fee
2025-01-01T01:19:40.450Z,NON_SALE_CHARGE,,,0,0,0,0,0,0.11,USD,PAYOUT,Insertion Fee
2025-01-01T01:19:40.310Z,NON_SALE_CHARGE,,,0,0,0,0,0,0.11,USD,PAYOUT,Insertion Fee
2025-01-01T01:19:40.305Z,NON_SALE_CHARGE,,,0,0,0,0,0,0.11,USD,PAYOUT,Insertion Fee
2025-01-01T01:19:40.291Z,NON_SALE_CHARGE,,,0,0,0,0,0,0.11,USD,PAYOUT,Insertion Fee
2025-01-01T01:19:40.277Z,NON_SALE_CHARGE,,,0,0,0,0,0,0.11,USD,PAYOUT,Insertion Fee
2025-01-01T01:19:40.258Z,NON_SALE_CHARGE,,,0,0,0,0,0,0.11,USD,PAYOUT,Insertion Fee
2025-01-01T01:19:40.220Z,NON_SALE_CHARGE,,,0,0,0,0,0,0.11,USD,PAYOUT,Insertion Fee
2025-01-01T01:19:40.204Z,NON_SALE_CHARGE,,,0,0,0,0,0,0.11,USD,PAYOUT,Insertion Fee
2025-01-01T01:19:40.192Z,NON_SALE_CHARGE,,,0,0,0,0,0,0.11,USD,PAYOUT,Insertion Fee
2025-01-01T01:19:40.190Z,NON_SALE_CHARGE,,,0,0,0,0,0,0.11,USD,PAYOUT,Insertion Fee
2025-01-01T01:19:40.184Z,NON_SALE_CHARGE,,,0,0,0,0,0,0.11,USD,PAYOUT,Insertion Fee
2025-01-01T01:19:40.142Z,NON_SALE_CHARGE,,,0,0,0,0,0,0.11,USD,PAYOUT,Insertion Fee
2025-01-01T01:19:39.998Z,NON_SALE_CHARGE,,,0,0,0,0,0,0.11,USD,PAYOUT,Insertion Fee
2025-01-01T01:19:39.972Z,NON_SALE_CHARGE,,,0,0,0,0,0,0.11,USD,PAYOUT,Insertion Fee
2025-01-01T01:19:39.895Z,NON_SALE_CHARGE,,,0,0,0,0,0,0.11,USD,PAYOUT,Insertion Fee
2025-01-01T01:19:39.890Z,NON_SALE_CHARGE,,,0,0,0,0,0,0.11,USD,PAYOUT,Insertion Fee
2025-01-01T01:19:39.884Z,NON_SALE_CHARGE,,,0,0,0,0,0,0.11,USD,PAYOUT,Insertion Fee
2025-01-01T01:19:39.857Z,NON_SALE_CHARGE,,,0,0,0,0,0,0.11,USD,PAYOUT,Insertion Fee
2025-01-01T01:19:39.854Z,NON_SALE_CHARGE,,,0,0,0,0,0,0.11,USD,PAYOUT,Insertion Fee
2025-01-01T01:19:39.853Z,NON_SALE_CHARGE,,,0,0,0,0,0,0.11,USD,PAYOUT,Insertion Fee
2025-01-01T01:19:39.846Z,NON_SALE_CHARGE,,,0,0,0,0,0,0.11,USD,PAYOUT,Insertion Fee
2025-01-01T01:19:39.825Z,NON_SALE_CHARGE,,,0,0,0,0,0,0.11,USD,PAYOUT,Insertion Fee
2025-01-01T01:19:39.772Z,NON_SALE_CHARGE,,,0,0,0,0,0,0.11,USD,PAYOUT,Insertion Fee
2025-01-01T01:19:39.689Z,NON_SALE_CHARGE,,,0,0,0,0,0,0.11,USD,PAYOUT,Insertion Fee
2025-01-01T01:19:39.649Z,NON_SALE_CHARGE,,,0,0,0,0,0,0.11,USD,PAYOUT,Insertion Fee
2025-01-01T01:19:39.649Z,NON_SALE_CHARGE,,,0,0,0,0,0,0.11,USD,PAYOUT,Insertion Fee
2025-01-01T01:19:39.648Z,NON_SALE_CHARGE,,,0,0,0,0,0,0.11,USD,PAYOUT,Insertion Fee
2025-01-01T01:19:39.638Z,NON_SALE_CHARGE,,,0,0,0,0,0,0.11,USD,PAYOUT,Insertion Fee
2025-01-01T01:19:39.589Z,NON_SALE_CHARGE,,,0,0,0,0,0,0.11,USD,PAYOUT,Insertion Fee
2025-01-01T01:19:39.546Z,NON_SALE_CHARGE,,,0,0,0,0,0,0.11,USD,PAYOUT,Insertion Fee
2025-01-01T01:19:39.542Z,NON_SALE_CHARGE,,,0,0,0,0,0,0.11,USD,PAYOUT,Insertion Fee
2025-01-01T01:19:39.523Z,NON_SALE_CHARGE,,,0,0,0,0,0,0.11,USD,PAYOUT,Insertion Fee
2025-01-01T01:19:39.514Z,NON_SALE_CHARGE,,,0,0,0,0,0,0.11,USD,PAYOUT,Insertion Fee
2025-01-01T01:19:39.466Z,NON_SALE_CHARGE,,,0,0,0,0,0,0.11,USD,PAYOUT,Insertion Fee
2025-01-01T01:19:39.463Z,NON_SALE_CHARGE,,,0,0,0,0,0,0.11,USD,PAYOUT,Insertion Fee
2025-01-01T01:19:39.375Z,NON_SALE_CHARGE,,,0,0,0,0,0,0.11,USD,PAYOUT,Insertion Fee
2025-01-01T01:19:39.368Z,NON_SALE_CHARGE,,,0,0,0,0,0,0.11,USD,PAYOUT,Insertion Fee
2025-01-01T01:19:39.322Z,NON_SALE_CHARGE,,,0,0,0,0,0,0.11,USD,PAYOUT,Insertion Fee
2025-01-01T01:19:39.321Z,NON_SALE_CHARGE,,,0,0,0,0,0,0.11,USD,PAYOUT,Insertion Fee
2025-01-01T01:19:39.299Z,NON_SALE_CHARGE,,,0,0,0,0,0,0.11,USD,PAYOUT,Insertion Fee
2025-01-01T01:19:39.297Z,NON_SALE_CHARGE,,,0,0,0,0,0,0.11,USD,PAYOUT,Insertion Fee
2025-01-01T01:19:39.253Z,NON_SALE_CHARGE,,,0,0,0,0,0,0.11,USD,PAYOUT,Insertion Fee
2025-01-01T01:19:39.238Z,NON_SALE_CHARGE,,,0,0,0,0,0,0.11,USD,PAYOUT,Insertion Fee
2025-01-01T01:19:39.227Z,NON_SALE_CHARGE,,,0,0,0,0,0,0.11,USD,PAYOUT,Insertion Fee
2025-01-01T01:19:39.187Z,NON_SALE_CHARGE,,,0,0,0,0,0,0.11,USD,PAYOUT,Insertion Fee
2025-01-01T01:19:39.185Z,NON_SALE_CHARGE,,,0,0,0,0,0,0.11,USD,PAYOUT,Insertion Fee
2025-01-01T01:19:39.170Z,NON_SALE_CHARGE,,,0,0,0,0,0,0.11,USD,PAYOUT,Insertion Fee
2025-01-01T01:19:39.156Z,NON_SALE_CHARGE,,,0,0,0,0,0,0.11,USD,PAYOUT,Insertion Fee
2025-01-01T01:19:39.126Z,NON_SALE_CHARGE,,,0,0,0,0,0,0.11,USD,PAYOUT,Insertion Fee
2025-01-01T01:19:39.007Z,NON_SALE_CHARGE,,,0,0,0,0,0,0.11,USD,PAYOUT,Insertion Fee
2025-01-01T01:19:39.002Z,NON_SALE_CHARGE,,,0,0,0,0,0,0.11,USD,PAYOUT,Insertion Fee
2025-01-01T01:19:38.965Z,NON_SALE_CHARGE,,,0,0,0,0,0,0.11,USD,PAYOUT,Insertion Fee
2025-01-01T01:19:38.963Z,NON_SALE_CHARGE,,,0,0,0,0,0,0.11,USD,PAYOUT,Insertion Fee
2025-01-01T01:19:38.882Z,NON_SALE_CHARGE,,,0,0,0,0,0,0.11,USD,PAYOUT,Insertion Fee
2025-01-01T01:19:38.881Z,NON_SALE_CHARGE,,,0,0,0,0,0,0.11,USD,PAYOUT,Insertion Fee
2025-01-01T01:19:38.881Z,NON_SALE_CHARGE,,,0,0,0,0,0,0.11,USD,PAYOUT,Insertion Fee
2025-01-01T01:19:38.847Z,NON_SALE_CHARGE,,,0,0,0,0,0,0.11,USD,PAYOUT,Insertion Fee
2025-01-01T01:19:38.826Z,NON_SALE_CHARGE,,,0,0,0,0,0,0.11,USD,PAYOUT,Insertion Fee
2025-01-01T01:19:38.817Z,NON_SALE_CHARGE,,,0,0,0,0,0,0.11,USD,PAYOUT,Insertion Fee
2025-01-01T01:19:38.816Z,NON_SALE_CHARGE,,,0,0,0,0,0,0.11,USD,PAYOUT,Insertion Fee
2025-01-01T01:19:38.811Z,NON_SALE_CHARGE,,,0,0,0,0,0,0.11,USD,PAYOUT,Insertion Fee
2025-01-01T01:19:38.715Z,NON_SALE_CHARGE,,,0,0,0,0,0,0.11,USD,PAYOUT,Insertion Fee
2025-01-01T01:19:38.681Z,NON_SALE_CHARGE,,,0,0,0,0,0,0.11,USD,PAYOUT,Insertion Fee
2025-01-01T01:19:38.650Z,NON_SALE_CHARGE,,,0,0,0,0,0,0.11,USD,PAYOUT,Insertion Fee
2025-01-01T01:19:38.640Z,NON_SALE_CHARGE,,,0,0,0,0,0,0.11,USD,PAYOUT,Insertion Fee
2025-01-01T01:19:38.575Z,NON_SALE_CHARGE,,,0,0,0,0,0,0.11,USD,PAYOUT,Insertion Fee
2025-01-01T01:19:38.534Z,NON_SALE_CHARGE,,,0,0,0,0,0,0.11,USD,PAYOUT,Insertion Fee
2025-01-01T01:19:38.534Z,NON_SALE_CHARGE,,,0,0,0,0,0,0.11,USD,PAYOUT,Insertion Fee
2025-01-01T01:19:38.501Z,NON_SALE_CHARGE,,,0,0,0,0,0,0.11,USD,PAYOUT,Insertion Fee
2025-01-01T01:19:38.487Z,NON_SALE_CHARGE,,,0,0,0,0,0,0.11,USD,PAYOUT,Insertion Fee
2025-01-01T01:19:38.471Z,NON_SALE_CHARGE,,,0,0,0,0,0,0.11,USD,PAYOUT,Insertion Fee
2025-01-01T01:19:38.462Z,NON_SALE_CHARGE,,,0,0,0,0,0,0.11,USD,PAYOUT,Insertion Fee
2025-01-01T01:19:38.461Z,NON_SALE_CHARGE,,,0,0,0,0,0,0.11,USD,PAYOUT,Insertion Fee
2025-01-01T01:19:38.448Z,NON_SALE_CHARGE,,,0,0,0,0,0,0.11,USD,PAYOUT,Insertion Fee
2025-01-01T01:19:38.448Z,NON_SALE_CHARGE,,,0,0,0,0,0,0.11,USD,PAYOUT,Insertion Fee
2025-01-01T01:19:38.370Z,NON_SALE_CHARGE,,,0,0,0,0,0,0.11,USD,PAYOUT,Insertion Fee
2025-01-01T01:19:38.367Z,NON_SALE_CHARGE,,,0,0,0,0,0,0.11,USD,PAYOUT,Insertion Fee
2025-01-01T01:19:38.332Z,NON_SALE_CHARGE,,,0,0,0,0,0,0.11,USD,PAYOUT,Insertion Fee
2025-01-01T01:19:38.326Z,NON_SALE_CHARGE,,,0,0,0,0,0,0.11,USD,PAYOUT,Insertion Fee
2025-01-01T01:19:38.313Z,NON_SALE_CHARGE,,,0,0,0,0,0,0.11,USD,PAYOUT,Insertion Fee
2025-01-01T01:19:38.305Z,NON_SALE_CHARGE,,,0,0,0,0,0,0.11,USD,PAYOUT,Insertion Fee
2025-01-01T01:19:38.191Z,NON_SALE_CHARGE,,,0,0,0,0,0,0.11,USD,PAYOUT,Insertion Fee
2025-01-01T01:19:38.160Z,NON_SALE_CHARGE,,,0,0,0,0,0,0.11,USD,PAYOUT,Insertion Fee
2025-01-01T01:19:38.133Z,NON_SALE_CHARGE,,,0,0,0,0,0,0.11,USD,PAYOUT,Insertion Fee
2025-01-01T01:19:38.126Z,NON_SALE_CHARGE,,,0,0,0,0,0,0.11,USD,PAYOUT,Insertion Fee
2025-01-01T01:19:38.119Z,NON_SALE_CHARGE,,,0,0,0,0,0,0.11,USD,PAYOUT,Insertion Fee
2025-01-01T01:19:38.048Z,NON_SALE_CHARGE,,,0,0,0,0,0,0.11,USD,PAYOUT,Insertion Fee
2025-01-01T01:19:38.038Z,NON_SALE_CHARGE,,,0,0,0,0,0,0.11,USD,PAYOUT,Insertion Fee
2025-01-01T01:19:38.033Z,NON_SALE_CHARGE,,,0,0,0,0,0,0.11,USD,PAYOUT,Insertion Fee
2025-01-01T01:19:38.022Z,NON_SALE_CHARGE,,,0,0,0,0,0,0.11,USD,PAYOUT,Insertion Fee
2025-01-01T01:19:37.962Z,NON_SALE_CHARGE,,,0,0,0,0,0,0.11,USD,PAYOUT,Insertion Fee
2025-01-01T01:19:37.901Z,NON_SALE_CHARGE,,,0,0,0,0,0,0.11,USD,PAYOUT,Insertion Fee
2025-01-01T01:19:37.879Z,NON_SALE_CHARGE,,,0,0,0,0,0,0.11,USD,PAYOUT,Insertion Fee
2025-01-01T01:19:37.860Z,NON_SALE_CHARGE,,,0,0,0,0,0,0.11,USD,PAYOUT,Insertion Fee
2025-01-01T01:19:37.834Z,NON_SALE_CHARGE,,,0,0,0,0,0,0.11,USD,PAYOUT,Insertion Fee
2025-01-01T01:19:37.826Z,NON_SALE_CHARGE,,,0,0,0,0,0,0.11,USD,PAYOUT,Insertion Fee
2025-01-01T01:19:37.814Z,NON_SALE_CHARGE,,,0,0,0,0,0,0.11,USD,PAYOUT,Insertion Fee
2025-01-01T01:19:37.813Z,NON_SALE_CHARGE,,,0,0,0,0,0,0.11,USD,PAYOUT,Insertion Fee
2025-01-01T01:19:37.756Z,NON_SALE_CHARGE,,,0,0,0,0,0,0.11,USD,PAYOUT,Insertion Fee
2025-01-01T01:19:37.751Z,NON_SALE_CHARGE,,,0,0,0,0,0,0.11,USD,PAYOUT,Insertion Fee
2025-01-01T01:19:37.703Z,NON_SALE_CHARGE,,,0,0,0,0,0,0.11,USD,PAYOUT,Insertion Fee
2025-01-01T01:19:37.693Z,NON_SALE_CHARGE,,,0,0,0,0,0,0.11,USD,PAYOUT,Insertion Fee
2025-01-01T01:19:37.551Z,NON_SALE_CHARGE,,,0,0,0,0,0,0.11,USD,PAYOUT,Insertion Fee
2025-01-01T01:19:37.547Z,NON_SALE_CHARGE,,,0,0,0,0,0,0.11,USD,PAYOUT,Insertion Fee
2025-01-01T01:19:37.537Z,NON_SALE_CHARGE,,,0,0,0,0,0,0.11,USD,PAYOUT,Insertion Fee
2025-01-01T01:19:37.530Z,NON_SALE_CHARGE,,,0,0,0,0,0,0.11,USD,PAYOUT,Insertion Fee
2025-01-01T01:19:37.508Z,NON_SALE_CHARGE,,,0,0,0,0,0,0.11,USD,PAYOUT,Insertion Fee
2025-01-01T01:19:37.501Z,NON_SALE_CHARGE,,,0,0,0,0,0,0.11,USD,PAYOUT,Insertion Fee
2025-01-01T01:19:37.499Z,NON_SALE_CHARGE,,,0,0,0,0,0,0.11,USD,PAYOUT,Insertion Fee
2025-01-01T01:19:37.484Z,NON_SALE_CHARGE,,,0,0,0,0,0,0.11,USD,PAYOUT,Insertion Fee
2025-01-01T01:19:37.471Z,NON_SALE_CHARGE,,,0,0,0,0,0,0.11,USD,PAYOUT,Insertion Fee
2025-01-01T01:19:37.457Z,NON_SALE_CHARGE,,,0,0,0,0,0,0.11,USD,PAYOUT,Insertion Fee
2025-01-01T01:19:37.415Z,NON_SALE_CHARGE,,,0,0,0,0,0,0.11,USD,PAYOUT,Insertion Fee
2025-01-01T01:19:37.386Z,NON_SALE_CHARGE,,,0,0,0,0,0,0.11,USD,PAYOUT,Insertion Fee
2025-01-01T01:19:37.372Z,NON_SALE_CHARGE,,,0,0,0,0,0,0.11,USD,PAYOUT,Insertion Fee
2025-01-01T01:19:37.300Z,NON_SALE_CHARGE,,,0,0,0,0,0,0.11,USD,PAYOUT,Insertion Fee
2025-01-01T01:19:37.250Z,NON_SALE_CHARGE,,,0,0,0,0,0,0.11,USD,PAYOUT,Insertion Fee
2025-01-01T01:19:37.247Z,NON_SALE_CHARGE,,,0,0,0,0,0,0.11,USD,PAYOUT,Insertion Fee
2025-01-01T01:19:37.185Z,NON_SALE_CHARGE,,,0,0,0,0,0,0.11,USD,PAYOUT,Insertion Fee
2025-01-01T01:19:37.179Z,NON_SALE_CHARGE,,,0,0,0,0,0,0.11,USD,PAYOUT,Insertion Fee
2025-01-01T01:19:37.167Z,NON_SALE_CHARGE,,,0,0,0,0,0,0.11,USD,PAYOUT,Insertion Fee
2025-01-01T01:19:37.119Z,NON_SALE_CHARGE,,,0,0,0,0,0,0.11,USD,PAYOUT,Insertion Fee
2025-01-01T01:19:37.111Z,NON_SALE_CHARGE,,,0,0,0,0,0,0.11,USD,PAYOUT,Insertion Fee
2025-01-01T01:19:37.081Z,NON_SALE_CHARGE,,,0,0,0,0,0,0.11,USD,PAYOUT,Insertion Fee
2025-01-01T01:19:37.038Z,NON_SALE_CHARGE,,,0,0,0,0,0,0.11,USD,PAYOUT,Insertion Fee
2025-01-01T01:19:37.025Z,NON_SALE_CHARGE,,,0,0,0,0,0,0.11,USD,PAYOUT,Insertion Fee
2025-01-01T01:19:37.001Z,NON_SALE_CHARGE,,,0,0,0,0,0,0.11,USD,PAYOUT,Insertion Fee
2025-01-01T01:19:36.981Z,NON_SALE_CHARGE,,,0,0,0,0,0,0.11,USD,PAYOUT,Insertion Fee
2025-01-01T01:19:36.972Z,NON_SALE_CHARGE,,,0,0,0,0,0,0.11,USD,PAYOUT,Insertion Fee
2025-01-01T01:19:36.969Z,NON_SALE_CHARGE,,,0,0,0,0,0,0.11,USD,PAYOUT,Insertion Fee
2025-01-01T01:19:36.952Z,NON_SALE_CHARGE,,,0,0,0,0,0,0.11,USD,PAYOUT,Insertion Fee
2025-01-01T01:19:36.912Z,NON_SALE_CHARGE,,,0,0,0,0,0,0.11,USD,PAYOUT,Insertion Fee
2025-01-01T01:19:36.868Z,NON_SALE_CHARGE,,,0,0,0,0,0,0.11,USD,PAYOUT,Insertion Fee
2025-01-01T01:19:36.841Z,NON_SALE_CHARGE,,,0,0,0,0,0,0.11,USD,PAYOUT,Insertion Fee
2025-01-01T01:19:36.818Z,NON_SALE_CHARGE,,,0,0,0,0,0,0.11,USD,PAYOUT,Insertion Fee
2025-01-01T01:19:36.811Z,NON_SALE_CHARGE,,,0,0,0,0,0,0.11,USD,PAYOUT,Insertion Fee
2025-01-01T01:19:36.809Z,NON_SALE_CHARGE,,,0,0,0,0,0,0.11,USD,PAYOUT,Insertion Fee
2025-01-01T01:19:36.764Z,NON_SALE_CHARGE,,,0,0,0,0,0,0.11,USD,PAYOUT,Insertion Fee
2025-01-01T01:19:36.701Z,NON_SALE_CHARGE,,,0,0,0,0,0,0.11,USD,PAYOUT,Insertion Fee
2025-01-01T01:19:36.665Z,NON_SALE_CHARGE,,,0,0,0,0,0,0.11,USD,PAYOUT,Insertion Fee
2025-01-01T01:19:36.656Z,NON_SALE_CHARGE,,,0,0,0,0,0,0.11,USD,PAYOUT,Insertion Fee
2025-01-01T01:19:36.640Z,NON_SALE_CHARGE,,,0,0,0,0,0,0.11,USD,PAYOUT,Insertion Fee
2025-01-01T01:19:36.635Z,NON_SALE_CHARGE,,,0,0,0,0,0,0.11,USD,PAYOUT,Insertion Fee
2025-01-01T01:19:36.626Z,NON_SALE_CHARGE,,,0,0,0,0,0,0.11,USD,PAYOUT,Insertion Fee
2025-01-01T01:19:36.620Z,NON_SALE_CHARGE,,,0,0,0,0,0,0.11,USD,PAYOUT,Insertion Fee
2025-01-01T01:19:36.587Z,NON_SALE_CHARGE,,,0,0,0,0,0,0.11,USD,PAYOUT,Insertion Fee
2025-01-01T01:19:36.567Z,NON_SALE_CHARGE,,,0,0,0,0,0,0.11,USD,PAYOUT,Insertion Fee
2025-01-01T01:19:36.516Z,NON_SALE_CHARGE,,,0,0,0,0,0,0.11,USD,PAYOUT,Insertion Fee
2025-01-01T01:19:36.500Z,NON_SALE_CHARGE,,,0,0,0,0,0,0.11,USD,PAYOUT,Insertion Fee
2025-01-01T01:19:36.464Z,NON_SALE_CHARGE,,,0,0,0,0,0,0.11,USD,PAYOUT,Insertion Fee
2025-01-01T01:19:36.448Z,NON_SALE_CHARGE,,,0,0,0,0,0,0.11,USD,PAYOUT,Insertion Fee
2025-01-01T01:19:36.426Z,NON_SALE_CHARGE,,,0,0,0,0,0,0.11,USD,PAYOUT,Insertion Fee
2025-01-01T01:19:36.419Z,NON_SALE_CHARGE,,,0,0,0,0,0,0.11,USD,PAYOUT,Insertion Fee
2025-01-01T01:19:36.411Z,NON_SALE_CHARGE,,,0,0,0,0,0,0.11,USD,PAYOUT,Insertion Fee
2025-01-01T01:19:36.351Z,NON_SALE_CHARGE,,,0,0,0,0,0,0.11,USD,PAYOUT,Insertion Fee
2025-01-01T01:19:36.335Z,NON_SALE_CHARGE,,,0,0,0,0,0,0.11,USD,PAYOUT,Insertion Fee
2025-01-01T01:19:36.316Z,NON_SALE_CHARGE,,,0,0,0,0,0,0.11,USD,PAYOUT,Insertion Fee
2025-01-01T01:19:36.306Z,NON_SALE_CHARGE,,,0,0,0,0,0,0.11,USD,PAYOUT,Insertion Fee
2025-01-01T01:19:36.301Z,NON_SALE_CHARGE,,,0,0,0,0,0,0.11,USD,PAYOUT,Insertion Fee
2025-01-01T01:19:36.301Z,NON_SALE_CHARGE,,,0,0,0,0,0,0.11,USD,PAYOUT,Insertion Fee
2025-01-01T01:19:36.285Z,NON_SALE_CHARGE,,,0,0,0,0,0,0.11,USD,PAYOUT,Insertion Fee
2025-01-01T01:19:36.273Z,NON_SALE_CHARGE,,,0,0,0,0,0,0.11,USD,PAYOUT,Insertion Fee
2025-01-01T01:19:36.191Z,NON_SALE_CHARGE,,,0,0,0,0,0,0.11,USD,PAYOUT,Insertion Fee
2025-01-01T01:19:36.140Z,NON_SALE_CHARGE,,,0,0,0,0,0,0.11,USD,PAYOUT,Insertion Fee
2025-01-01T01:19:36.124Z,NON_SALE_CHARGE,,,0,0,0,0,0,0.11,USD,PAYOUT,Insertion Fee
2025-01-01T01:19:36.115Z,NON_SALE_CHARGE,,,0,0,0,0,0,0.11,USD,PAYOUT,Insertion Fee
2025-01-01T01:19:36.105Z,NON_SALE_CHARGE,,,0,0,0,0,0,0.11,USD,PAYOUT,Insertion Fee
2025-01-01T01:19:36.024Z,NON_SALE_CHARGE,,,0,0,0,0,0,0.11,USD,PAYOUT,Insertion Fee
2025-01-01T01:19:36.010Z,NON_SALE_CHARGE,,,0,0,0,0,0,0.11,USD,PAYOUT,Insertion Fee
2025-01-01T01:19:35.997Z,NON_SALE_CHARGE,,,0,0,0,0,0,0.11,USD,PAYOUT,Insertion Fee
2025-01-01T01:19:35.964Z,NON_SALE_CHARGE,,,0,0,0,0,0,0.11,USD,PAYOUT,Insertion Fee
2025-01-01T01:19:35.962Z,NON_SALE_CHARGE,,,0,0,0,0,0,0.11,USD,PAYOUT,Insertion Fee
2025-01-01T01:19:35.958Z,NON_SALE_CHARGE,,,0,0,0,0,0,0.11,USD,PAYOUT,Insertion Fee
2025-01-01T01:19:35.955Z,NON_SALE_CHARGE,,,0,0,0,0,0,0.11,USD,PAYOUT,Insertion Fee
2025-01-01T01:19:35.951Z,NON_SALE_CHARGE,,,0,0,0,0,0,0.11,USD,PAYOUT,Insertion Fee
2025-01-01T01:19:35.913Z,NON_SALE_CHARGE,,,0,0,0,0,0,0.11,USD,PAYOUT,Insertion Fee
2025-01-01T01:19:35.821Z,NON_SALE_CHARGE,,,0,0,0,0,0,0.11,USD,PAYOUT,Insertion Fee
2025-01-01T01:19:35.806Z,NON_SALE_CHARGE,,,0,0,0,0,0,0.11,USD,PAYOUT,Insertion Fee
2025-01-01T01:19:35.777Z,NON_SALE_CHARGE,,,0,0,0,0,0,0.11,USD,PAYOUT,Insertion Fee
2025-01-01T01:19:35.777Z,NON_SALE_CHARGE,,,0,0,0,0,0,0.11,USD,PAYOUT,Insertion Fee
2025-01-01T01:19:35.771Z,NON_SALE_CHARGE,,,0,0,0,0,0,0.11,USD,PAYOUT,Insertion Fee
2025-01-01T01:19:35.733Z,NON_SALE_CHARGE,,,0,0,0,0,0,0.11,USD,PAYOUT,Insertion Fee
2025-01-01T01:19:35.672Z,NON_SALE_CHARGE,,,0,0,0,0,0,0.11,USD,PAYOUT,Insertion Fee
2025-01-01T01:19:35.658Z,NON_SALE_CHARGE,,,0,0,0,0,0,0.11,USD,PAYOUT,Insertion Fee
2025-01-01T01:19:35.648Z,NON_SALE_CHARGE,,,0,0,0,0,0,0.11,USD,PAYOUT,Insertion Fee
2025-01-01T01:19:35.638Z,NON_SALE_CHARGE,,,0,0,0,0,0,0.11,USD,PAYOUT,Insertion Fee
2025-01-01T01:19:35.635Z,NON_SALE_CHARGE,,,0,0,0,0,0,0.11,USD,PAYOUT,Insertion Fee
2025-01-01T01:19:35.606Z,NON_SALE_CHARGE,,,0,0,0,0,0,0.11,USD,PAYOUT,Insertion Fee
2025-01-01T01:19:35.581Z,NON_SALE_CHARGE,,,0,0,0,0,0,0.11,USD,PAYOUT,Insertion Fee
2025-01-01T01:19:35.559Z,NON_SALE_CHARGE,,,0,0,0,0,0,0.11,USD,PAYOUT,Insertion Fee
2025-01-01T01:19:35.534Z,NON_SALE_CHARGE,,,0,0,0,0,0,0.11,USD,PAYOUT,Insertion Fee
2025-01-01T01:19:35.463Z,NON_SALE_CHARGE,,,0,0,0,0,0,0.11,USD,PAYOUT,Insertion Fee
2025-01-01T01:19:35.457Z,NON_SALE_CHARGE,,,0,0,0,0,0,0.11,USD,PAYOUT,Insertion Fee
2025-01-01T01:19:35.415Z,NON_SALE_CHARGE,,,0,0,0,0,0,0.11,USD,PAYOUT,Insertion Fee
2025-01-01T01:19:35.414Z,NON_SALE_CHARGE,,,0,0,0,0,0,0.11,USD,PAYOUT,Insertion Fee
2025-01-01T01:19:35.387Z,NON_SALE_CHARGE,,,0,0,0,0,0,0.11,USD,PAYOUT,Insertion Fee
2025-01-01T01:19:35.350Z,NON_SALE_CHARGE,,,0,0,0,0,0,0.11,USD,PAYOUT,Insertion Fee
2025-01-01T01:19:35.339Z,NON_SALE_CHARGE,,,0,0,0,0,0,0.11,USD,PAYOUT,Insertion Fee
2025-01-01T01:19:35.321Z,NON_SALE_CHARGE,,,0,0,0,0,0,0.11,USD,PAYOUT,Insertion Fee
2025-01-01T01:19:35.295Z,NON_SALE_CHARGE,,,0,0,0,0,0,0.11,USD,PAYOUT,Insertion Fee
2025-01-01T01:19:35.278Z,NON_SALE_CHARGE,,,0,0,0,0,0,0.11,USD,PAYOUT,Insertion Fee
2025-01-01T01:19:35.274Z,NON_SALE_CHARGE,,,0,0,0,0,0,0.11,USD,PAYOUT,Insertion Fee
2025-01-01T01:19:35.246Z,NON_SALE_CHARGE,,,0,0,0,0,0,0.11,USD,PAYOUT,Insertion Fee
2025-01-01T01:19:35.243Z,NON_SALE_CHARGE,,,0,0,0,0,0,0.11,USD,PAYOUT,Insertion Fee
2025-01-01T01:19:35.216Z,NON_SALE_CHARGE,,,0,0,0,0,0,0.11,USD,PAYOUT,Insertion Fee
2025-01-01T01:19:35.208Z,NON_SALE_CHARGE,,,0,0,0,0,0,0.11,USD,PAYOUT,Insertion Fee
2025-01-01T01:19:35.151Z,NON_SALE_CHARGE,,,0,0,0,0,0,0.11,USD,PAYOUT,Insertion Fee
2025-01-01T01:19:35.107Z,NON_SALE_CHARGE,,,0,0,0,0,0,0.11,USD,PAYOUT,Insertion Fee
2025-01-01T01:19:35.079Z,NON_SALE_CHARGE,,,0,0,0,0,0,0.11,USD,PAYOUT,Insertion Fee
2025-01-01T01:19:35.073Z,NON_SALE_CHARGE,,,0,0,0,0,0,0.11,USD,PAYOUT,Insertion Fee
2025-01-01T01:19:35.066Z,NON_SALE_CHARGE,,,0,0,0,0,0,0.11,USD,PAYOUT,Insertion Fee
2025-01-01T01:19:35.028Z,NON_SALE_CHARGE,,,0,0,0,0,0,0.11,USD,PAYOUT,Insertion Fee
2025-01-01T01:19:35.023Z,NON_SALE_CHARGE,,,0,0,0,0,0,0.11,USD,PAYOUT,Insertion Fee
2025-01-01T01:19:34.984Z,NON_SALE_CHARGE,,,0,0,0,0,0,0.11,USD,PAYOUT,Insertion Fee
2025-01-01T01:19:34.929Z,NON_SALE_CHARGE,,,0,0,0,0,0,0.11,USD,PAYOUT,Insertion Fee
2025-01-01T01:19:34.920Z,NON_SALE_CHARGE,,,0,0,0,0,0,0.11,USD,PAYOUT,Insertion Fee
2025-01-01T01:19:34.915Z,NON_SALE_CHARGE,,,0,0,0,0,0,0.11,USD,PAYOUT,Insertion Fee
2025-01-01T01:19:34.903Z,NON_SALE_CHARGE,,,0,0,0,0,0,0.11,USD,PAYOUT,Insertion Fee
2025-01-01T01:19:34.895Z,NON_SALE_CHARGE,,,0,0,0,0,0,0.11,USD,PAYOUT,Insertion Fee
2025-01-01T01:19:34.850Z,NON_SALE_CHARGE,,,0,0,0,0,0,0.11,USD,PAYOUT,Insertion Fee
2025-01-01T01:19:34.839Z,NON_SALE_CHARGE,,,0,0,0,0,0,0.11,USD,PAYOUT,Insertion Fee
2025-01-01T01:19:34.839Z,NON_SALE_CHARGE,,,0,0,0,0,0,0.11,USD,PAYOUT,Insertion Fee
2025-01-01T01:19:34.835Z,NON_SALE_CHARGE,,,0,0,0,0,0,0.11,USD,PAYOUT,Insertion Fee
2025-01-01T01:19:34.787Z,NON_SALE_CHARGE,,,0,0,0,0,0,0.11,USD,PAYOUT,Insertion Fee
2025-01-01T01:19:34.782Z,NON_SALE_CHARGE,,,0,0,0,0,0,0.11,USD,PAYOUT,Insertion Fee
2025-01-01T01:19:34.754Z,NON_SALE_CHARGE,,,0,0,0,0,0,0.11,USD,PAYOUT,Insertion Fee
2025-01-01T01:19:34.726Z,NON_SALE_CHARGE,,,0,0,0,0,0,0.11,USD,PAYOUT,Insertion Fee
2025-01-01T01:19:34.674Z,NON_SALE_CHARGE,,,0,0,0,0,0,0.11,USD,PAYOUT,Insertion Fee
2025-01-01T01:19:34.642Z,NON_SALE_CHARGE,,,0,0,0,0,0,0.11,USD,PAYOUT,Insertion Fee
2025-01-01T01:19:34.634Z,NON_SALE_CHARGE,,,0,0,0,0,0,0.11,USD,PAYOUT,Insertion Fee
2025-01-01T01:19:34.600Z,NON_SALE_CHARGE,,,0,0,0,0,0,0.11,USD,PAYOUT,Insertion Fee
2025-01-01T01:19:34.591Z,NON_SALE_CHARGE,,,0,0,0,0,0,0.11,USD,PAYOUT,Insertion Fee
2025-01-01T01:19:34.556Z,NON_SALE_CHARGE,,,0,0,0,0,0,0.11,USD,PAYOUT,Insertion Fee
2025-01-01T01:19:34.549Z,NON_SALE_CHARGE,,,0,0,0,0,0,0.11,USD,PAYOUT,Insertion Fee
2025-01-01T01:19:34.527Z,NON_SALE_CHARGE,,,0,0,0,0,0,0.11,USD,PAYOUT,Insertion Fee
2025-01-01T01:19:34.527Z,NON_SALE_CHARGE,,,0,0,0,0,0,0.11,USD,PAYOUT,Insertion Fee
2025-01-01T01:19:34.522Z,NON_SALE_CHARGE,,,0,0,0,0,0,0.11,USD,PAYOUT,Insertion Fee
2025-01-01T01:19:34.513Z,NON_SALE_CHARGE,,,0,0,0,0,0,0.11,USD,PAYOUT,Insertion Fee
2025-01-01T01:19:34.472Z,NON_SALE_CHARGE,,,0,0,0,0,0,0.11,USD,PAYOUT,Insertion Fee
2025-01-01T01:19:34.415Z,NON_SALE_CHARGE,,,0,0,0,0,0,0.11,USD,PAYOUT,Insertion Fee
2025-01-01T01:19:34.402Z,NON_SALE_CHARGE,,,0,0,0,0,0,0.11,USD,PAYOUT,Insertion Fee
2025-01-01T01:19:34.393Z,NON_SALE_CHARGE,,,0,0,0,0,0,0.11,USD,PAYOUT,Insertion Fee
2025-01-01T01:19:34.366Z,NON_SALE_CHARGE,,,0,0,0,0,0,0.11,USD,PAYOUT,Insertion Fee
2025-01-01T01:19:34.333Z,NON_SALE_CHARGE,,,0,0,0,0,0,0.11,USD,PAYOUT,Insertion Fee
2025-01-01T01:19:34.307Z,NON_SALE_CHARGE,,,0,0,0,0,0,0.11,USD,PAYOUT,Insertion Fee
2025-01-01T01:19:34.261Z,NON_SALE_CHARGE,,,0,0,0,0,0,0.11,USD,PAYOUT,Insertion Fee
2025-01-01T01:19:34.250Z,NON_SALE_CHARGE,,,0,0,0,0,0,0.11,USD,PAYOUT,Insertion Fee
2025-01-01T01:19:34.239Z,NON_SALE_CHARGE,,,0,0,0,0,0,0.11,USD,PAYOUT,Insertion Fee
2025-01-01T01:19:34.229Z,NON_SALE_CHARGE,,,0,0,0,0,0,0.11,USD,PAYOUT,Insertion Fee
2025-01-01T01:19:34.221Z,NON_SALE_CHARGE,,,0,0,0,0,0,0.11,USD,PAYOUT,Insertion Fee
2025-01-01T01:19:34.213Z,NON_SALE_CHARGE,,,0,0,0,0,0,0.11,USD,PAYOUT,Insertion Fee
2025-01-01T01:19:34.206Z,NON_SALE_CHARGE,,,0,0,0,0,0,0.11,USD,PAYOUT,Insertion Fee
2025-01-01T01:19:34.205Z,NON_SALE_CHARGE,,,0,0,0,0,0,0.11,USD,PAYOUT,Insertion Fee
2025-01-01T01:19:34.182Z,NON_SALE_CHARGE,,,0,0,0,0,0,0.11,USD,PAYOUT,Insertion Fee
2025-01-01T01:19:34.175Z,NON_SALE_CHARGE,,,0,0,0,0,0,0.11,USD,PAYOUT,Insertion Fee
2025-01-01T01:19:34.146Z,NON_SALE_CHARGE,,,0,0,0,0,0,0.11,USD,PAYOUT,Insertion Fee
2025-01-01T01:19:34.118Z,NON_SALE_CHARGE,,,0,0,0,0,0,0.11,USD,PAYOUT,Insertion Fee
2025-01-01T01:19:34.056Z,NON_SALE_CHARGE,,,0,0,0,0,0,0.11,USD,PAYOUT,Insertion Fee
2025-01-01T01:19:34.035Z,NON_SALE_CHARGE,,,0,0,0,0,0,0.11,USD,PAYOUT,Insertion Fee
2025-01-01T01:19:33.942Z,NON_SALE_CHARGE,,,0,0,0,0,0,0.11,USD,PAYOUT,Insertion Fee
2025-01-01T01:19:33.919Z,NON_SALE_CHARGE,,,0,0,0,0,0,0.11,USD,PAYOUT,Insertion Fee
2025-01-01T01:19:33.918Z,NON_SALE_CHARGE,,,0,0,0,0,0,0.11,USD,PAYOUT,Insertion Fee
2025-01-01T01:19:33.917Z,NON_SALE_CHARGE,,,0,0,0,0,0,0.11,USD,PAYOUT,Insertion Fee
2025-01-01T01:19:33.915Z,NON_SALE_CHARGE,,,0,0,0,0,0,0.11,USD,PAYOUT,Insertion Fee
2025-01-01T01:19:33.914Z,NON_SALE_CHARGE,,,0,0,0,0,0,0.11,USD,PAYOUT,Insertion Fee
2025-01-01T01:19:33.895Z,NON_SALE_CHARGE,,,0,0,0,0,0,0.11,USD,PAYOUT,Insertion Fee
2025-01-01T01:19:33.893Z,NON_SALE_CHARGE,,,0,0,0,0,0,0.11,USD,PAYOUT,Insertion Fee
2025-01-01T01:19:33.873Z,NON_SALE_CHARGE,,,0,0,0,0,0,0.11,USD,PAYOUT,Insertion Fee
2025-01-01T01:19:33.852Z,NON_SALE_CHARGE,,,0,0,0,0,0,0.11,USD,PAYOUT,Insertion Fee
2025-01-01T01:19:33.826Z,NON_SALE_CHARGE,,,0,0,0,0,0,0.11,USD,PAYOUT,Insertion Fee
2025-01-01T01:19:33.804Z,NON_SALE_CHARGE,,,0,0,0,0,0,0.11,USD,PAYOUT,Insertion Fee
2025-01-01T01:19:33.794Z,NON_SALE_CHARGE,,,0,0,0,0,0,0.11,USD,PAYOUT,Insertion Fee
2025-01-01T01:19:33.769Z,NON_SALE_CHARGE,,,0,0,0,0,0,0.11,USD,PAYOUT,Insertion Fee
2025-01-01T01:19:33.745Z,NON_SALE_CHARGE,,,0,0,0,0,0,0.11,USD,PAYOUT,Insertion Fee
2025-01-01T01:19:33.711Z,NON_SALE_CHARGE,,,0,0,0,0,0,0.11,USD,PAYOUT,Insertion Fee
2025-01-01T01:19:33.707Z,NON_SALE_CHARGE,,,0,0,0,0,0,0.11,USD,PAYOUT,Insertion Fee
2025-01-01T01:19:33.658Z,NON_SALE_CHARGE,,,0,0,0,0,0,0.11,USD,PAYOUT,Insertion Fee
2025-01-01T01:19:33.591Z,NON_SALE_CHARGE,,,0,0,0,0,0,0.11,USD,PAYOUT,Insertion Fee
2025-01-01T01:19:33.588Z,NON_SALE_CHARGE,,,0,0,0,0,0,0.11,USD,PAYOUT,Insertion Fee
2025-01-01T01:19:33.577Z,NON_SALE_CHARGE,,,0,0,0,0,0,0.11,USD,PAYOUT,Insertion Fee
2025-01-01T01:19:33.571Z,NON_SALE_CHARGE,,,0,0,0,0,0,0.11,USD,PAYOUT,Insertion Fee
2025-01-01T01:19:33.549Z,NON_SALE_CHARGE,,,0,0,0,0,0,0.11,USD,PAYOUT,Insertion Fee
2025-01-01T01:19:33.541Z,NON_SALE_CHARGE,,,0,0,0,0,0,0.11,USD,PAYOUT,Insertion Fee
2025-01-01T01:19:33.538Z,NON_SALE_CHARGE,,,0,0,0,0,0,0.11,USD,PAYOUT,Insertion Fee
2025-01-01T01:19:33.473Z,NON_SALE_CHARGE,,,0,0,0,0,0,0.11,USD,PAYOUT,Insertion Fee
2025-01-01T01:19:33.452Z,NON_SALE_CHARGE,,,0,0,0,0,0,0.11,USD,PAYOUT,Insertion Fee
2025-01-01T01:19:33.427Z,NON_SALE_CHARGE,,,0,0,0,0,0,0.11,USD,PAYOUT,Insertion Fee
2025-01-01T01:19:33.384Z,NON_SALE_CHARGE,,,0,0,0,0,0,0.11,USD,PAYOUT,Insertion Fee
2025-01-01T01:19:33.352Z,NON_SALE_CHARGE,,,0,0,0,0,0,0.11,USD,PAYOUT,Insertion Fee
2025-01-01T01:19:33.348Z,NON_SALE_CHARGE,,,0,0,0,0,0,0.11,USD,PAYOUT,Insertion Fee
2025-01-01T01:19:33.289Z,NON_SALE_CHARGE,,,0,0,0,0,0,0.11,USD,PAYOUT,Insertion Fee
2025-01-01T01:19:33.276Z,NON_SALE_CHARGE,,,0,0,0,0,0,0.11,USD,PAYOUT,Insertion Fee
2025-01-01T01:19:33.273Z,NON_SALE_CHARGE,,,0,0,0,0,0,0.11,USD,PAYOUT,Insertion Fee
2025-01-01T01:19:33.257Z,NON_SALE_CHARGE,,,0,0,0,0,0,0.11,USD,PAYOUT,Insertion Fee
2025-01-01T01:19:33.255Z,NON_SALE_CHARGE,,,0,0,0,0,0,0.11,USD,PAYOUT,Insertion Fee
2025-01-01T01:19:33.250Z,NON_SALE_CHARGE,,,0,0,0,0,0,0.11,USD,PAYOUT,Insertion Fee
2025-01-01T01:19:33.229Z,NON_SALE_CHARGE,,,0,0,0,0,0,0.11,USD,PAYOUT,Insertion Fee
2025-01-01T01:19:33.195Z,NON_SALE_CHARGE,,,0,0,0,0,0,0.11,USD,PAYOUT,Insertion Fee
2025-01-01T01:19:33.176Z,NON_SALE_CHARGE,,,0,0,0,0,0,0.11,USD,PAYOUT,Insertion Fee
2025-01-01T01:19:33.149Z,NON_SALE_CHARGE,,,0,0,0,0,0,0.11,USD,PAYOUT,Insertion Fee
2025-01-01T01:19:33.090Z,NON_SALE_CHARGE,,,0,0,0,0,0,0.11,USD,PAYOUT,Insertion Fee
2025-01-01T01:19:33.087Z,NON_SALE_CHARGE,,,0,0,0,0,0,0.11,USD,PAYOUT,Insertion Fee
2025-01-01T01:19:33.080Z,NON_SALE_CHARGE,,,0,0,0,0,0,0.11,USD,PAYOUT,Insertion Fee
2025-01-01T01:19:33.050Z,NON_SALE_CHARGE,,,0,0,0,0,0,0.11,USD,PAYOUT,Insertion Fee
2025-01-01T01:19:33.034Z,NON_SALE_CHARGE,,,0,0,0,0,0,0.11,USD,PAYOUT,Insertion Fee
2025-01-01T01:19:33.032Z,NON_SALE_CHARGE,,,0,0,0,0,0,0.11,USD,PAYOUT,Insertion Fee
2025-01-01T01:19:32.961Z,NON_SALE_CHARGE,,,0,0,0,0,0,0.11,USD,PAYOUT,Insertion Fee
2025-01-01T01:19:32.942Z,NON_SALE_CHARGE,,,0,0,0,0,0,0.11,USD,PAYOUT,Insertion Fee
2025-01-01T01:19:32.940Z,NON_SALE_CHARGE,,,0,0,0,0,0,0.11,USD,PAYOUT,Insertion Fee
2025-01-01T01:19:32.907Z,NON_SALE_CHARGE,,,0,0,0,0,0,0.11,USD,PAYOUT,Insertion Fee
2025-01-01T01:19:32.906Z,NON_SALE_CHARGE,,,0,0,0,0,0,0.11,USD,PAYOUT,Insertion Fee
2025-01-01T01:19:32.862Z,NON_SALE_CHARGE,,,0,0,0,0,0,0.11,USD,PAYOUT,Insertion Fee
2025-01-01T01:19:32.854Z,NON_SALE_CHARGE,,,0,0,0,0,0,0.11,USD,PAYOUT,Insertion Fee
2025-01-01T01:19:32.850Z,NON_SALE_CHARGE,,,0,0,0,0,0,0.11,USD,PAYOUT,Insertion Fee
2025-01-01T01:19:32.825Z,NON_SALE_CHARGE,,,0,0,0,0,0,0.11,USD,PAYOUT,Insertion Fee
2025-01-01T01:19:32.818Z,NON_SALE_CHARGE,,,0,0,0,0,0,0.11,USD,PAYOUT,Insertion Fee
2025-01-01T01:19:32.786Z,NON_SALE_CHARGE,,,0,0,0,0,0,0.11,USD,PAYOUT,Insertion Fee
2025-01-01T01:19:32.785Z,NON_SALE_CHARGE,,,0,0,0,0,0,0.11,USD,PAYOUT,Insertion Fee
2025-01-01T01:19:32.766Z,NON_SALE_CHARGE,,,0,0,0,0,0,0.11,USD,PAYOUT,Insertion Fee
2025-01-01T01:19:32.738Z,NON_SALE_CHARGE,,,0,0,0,0,0,0.11,USD,PAYOUT,Insertion Fee
2025-01-01T01:19:32.706Z,NON_SALE_CHARGE,,,0,0,0,0,0,0.11,USD,PAYOUT,Insertion Fee
2025-01-01T01:19:32.704Z,NON_SALE_CHARGE,,,0,0,0,0,0,0.11,USD,PAYOUT,Insertion Fee
2025-01-01T01:19:32.669Z,NON_SALE_CHARGE,,,0,0,0,0,0,0.11,USD,PAYOUT,Insertion Fee
2025-01-01T01:19:32.655Z,NON_SALE_CHARGE,,,0,0,0,0,0,0.11,USD,PAYOUT,Insertion Fee
2025-01-01T01:19:32.623Z,NON_SALE_CHARGE,,,0,0,0,0,0,0.11,USD,PAYOUT,Insertion Fee
2025-01-01T01:19:32.607Z,NON_SALE_CHARGE,,,0,0,0,0,0,0.11,USD,PAYOUT,Insertion Fee
2025-01-01T01:19:32.606Z,NON_SALE_CHARGE,,,0,0,0,0,0,0.11,USD,PAYOUT,Insertion Fee
2025-01-01T01:19:32.602Z,NON_SALE_CHARGE,,,0,0,0,0,0,0.11,USD,PAYOUT,Insertion Fee
2025-01-01T01:19:32.583Z,NON_SALE_CHARGE,,,0,0,0,0,0,0.11,USD,PAYOUT,Insertion Fee
2025-01-01T01:19:32.495Z,NON_SALE_CHARGE,,,0,0,0,0,0,0.11,USD,PAYOUT,Insertion Fee
2025-01-01T01:19:32.494Z,NON_SALE_CHARGE,,,0,0,0,0,0,0.11,USD,PAYOUT,Insertion Fee
2025-01-01T01:19:32.486Z,NON_SALE_CHARGE,,,0,0,0,0,0,0.11,USD,PAYOUT,Insertion Fee
2025-01-01T01:19:32.443Z,NON_SALE_CHARGE,,,0,0,0,0,0,0.11,USD,PAYOUT,Insertion Fee
2025-01-01T01:19:32.407Z,NON_SALE_CHARGE,,,0,0,0,0,0,0.11,USD,PAYOUT,Insertion Fee
2025-01-01T01:19:32.407Z,NON_SALE_CHARGE,,,0,0,0,0,0,0.11,USD,PAYOUT,Insertion Fee
2025-01-01T01:19:32.406Z,NON_SALE_CHARGE,,,0,0,0,0,0,0.11,USD,PAYOUT,Insertion Fee
2025-01-01T01:19:32.403Z,NON_SALE_CHARGE,,,0,0,0,0,0,0.11,USD,PAYOUT,Insertion Fee
2025-01-01T01:19:32.403Z,NON_SALE_CHARGE,,,0,0,0,0,0,0.11,USD,PAYOUT,Insertion Fee
2025-01-01T01:19:32.389Z,NON_SALE_CHARGE,,,0,0,0,0,0,0.11,USD,PAYOUT,Insertion Fee
2025-01-01T01:19:32.355Z,NON_SALE_CHARGE,,,0,0,0,0,0,0.11,USD,PAYOUT,Insertion Fee
2025-01-01T01:19:32.342Z,NON_SALE_CHARGE,,,0,0,0,0,0,0.11,USD,PAYOUT,Insertion Fee
2025-01-01T01:19:32.342Z,NON_SALE_CHARGE,,,0,0,0,0,0,0.11,USD,PAYOUT,Insertion Fee
2025-01-01T01:19:32.324Z,NON_SALE_CHARGE,,,0,0,0,0,0,0.11,USD,PAYOUT,Insertion Fee
2025-01-01T01:19:32.287Z,NON_SALE_CHARGE,,,0,0,0,0,0,0.11,USD,PAYOUT,Insertion Fee
2025-01-01T01:19:32.260Z,NON_SALE_CHARGE,,,0,0,0,0,0,0.11,USD,PAYOUT,Insertion Fee
2025-01-01T01:19:32.258Z,NON_SALE_CHARGE,,,0,0,0,0,0,0.11,USD,PAYOUT,Insertion Fee
2025-01-01T01:19:32.209Z,NON_SALE_CHARGE,,,0,0,0,0,0,0.11,USD,PAYOUT,Insertion Fee
2025-01-01T01:19:32.173Z,NON_SALE_CHARGE,,,0,0,0,0,0,0.11,USD,PAYOUT,Insertion Fee
2025-01-01T01:19:32.169Z,NON_SALE_CHARGE,,,0,0,0,0,0,0.11,USD,PAYOUT,Insertion Fee
2025-01-01T01:19:32.158Z,NON_SALE_CHARGE,,,0,0,0,0,0,0.11,USD,PAYOUT,Insertion Fee
2025-01-01T01:19:32.143Z,NON_SALE_CHARGE,,,0,0,0,0,0,0.11,USD,PAYOUT,Insertion Fee
2025-01-01T01:19:32.132Z,NON_SALE_CHARGE,,,0,0,0,0,0,0.11,USD,PAYOUT,Insertion Fee
2025-01-01T01:19:32.130Z,NON_SALE_CHARGE,,,0,0,0,0,0,0.11,USD,PAYOUT,Insertion Fee
2025-01-01T01:19:32.113Z,NON_SALE_CHARGE,,,0,0,0,0,0,0.11,USD,PAYOUT,Insertion Fee
2025-01-01T01:19:32.084Z,NON_SALE_CHARGE,,,0,0,0,0,0,0.11,USD,PAYOUT,Insertion Fee
2025-01-01T01:19:32.057Z,NON_SALE_CHARGE,,,0,0,0,0,0,0.11,USD,PAYOUT,Insertion Fee
2025-01-01T01:19:32.041Z,NON_SALE_CHARGE,,,0,0,0,0,0,0.11,USD,PAYOUT,Insertion Fee
2025-01-01T01:19:32.018Z,NON_SALE_CHARGE,,,0,0,0,0,0,0.11,USD,PAYOUT,Insertion Fee
2025-01-01T01:19:32.000Z,NON_SALE_CHARGE,,,0,0,0,0,0,0.11,USD,PAYOUT,Insertion Fee
2025-01-01T01:19:31.972Z,NON_SALE_CHARGE,,,0,0,0,0,0,0.11,USD,PAYOUT,Insertion Fee
2025-01-01T01:19:31.943Z,NON_SALE_CHARGE,,,0,0,0,0,0,0.11,USD,PAYOUT,Insertion Fee
2025-01-01T01:19:31.908Z,NON_SALE_CHARGE,,,0,0,0,0,0,0.11,USD,PAYOUT,Insertion Fee
2025-01-01T01:19:31.893Z,NON_SALE_CHARGE,,,0,0,0,0,0,0.11,USD,PAYOUT,Insertion Fee
2025-01-01T01:19:31.854Z,NON_SALE_CHARGE,,,0,0,0,0,0,0.11,USD,PAYOUT,Insertion Fee
2025-01-01T01:19:31.824Z,NON_SALE_CHARGE,,,0,0,0,0,0,0.11,USD,PAYOUT,Insertion Fee
2025-01-01T01:19:31.819Z,NON_SALE_CHARGE,,,0,0,0,0,0,0.11,USD,PAYOUT,Insertion Fee
2025-01-01T01:19:31.809Z,NON_SALE_CHARGE,,,0,0,0,0,0,0.11,USD,PAYOUT,Insertion Fee
2025-01-01T01:19:31.784Z,NON_SALE_CHARGE,,,0,0,0,0,0,0.11,USD,PAYOUT,Insertion Fee
2025-01-01T01:19:31.782Z,NON_SALE_CHARGE,,,0,0,0,0,0,0.11,USD,PAYOUT,Insertion Fee
2025-01-01T01:19:31.755Z,NON_SALE_CHARGE,,,0,0,0,0,0,0.11,USD,PAYOUT,Insertion Fee
2025-01-01T01:19:31.742Z,NON_SALE_CHARGE,,,0,0,0,0,0,0.11,USD,PAYOUT,Insertion Fee
2025-01-01T01:19:31.737Z,NON_SALE_CHARGE,,,0,0,0,0,0,0.11,USD,PAYOUT,Insertion Fee
2025-01-01T01:19:31.728Z,NON_SALE_CHARGE,,,0,0,0,0,0,0.11,USD,PAYOUT,Insertion Fee
2025-01-01T01:19:31.712Z,NON_SALE_CHARGE,,,0,0,0,0,0,0.11,USD,PAYOUT,Insertion Fee
2025-01-01T01:19:31.684Z,NON_SALE_CHARGE,,,0,0,0,0,0,0.11,USD,PAYOUT,Insertion Fee
2025-01-01T01:19:31.648Z,NON_SALE_CHARGE,,,0,0,0,0,0,0.11,USD,PAYOUT,Insertion Fee
2025-01-01T01:19:31.646Z,NON_SALE_CHARGE,,,0,0,0,0,0,0.11,USD,PAYOUT,Insertion Fee
2025-01-01T01:19:31.620Z,NON_SALE_CHARGE,,,0,0,0,0,0,0.11,USD,PAYOUT,Insertion Fee
2025-01-01T01:19:31.605Z,NON_SALE_CHARGE,,,0,0,0,0,0,0.11,USD,PAYOUT,Insertion Fee
2025-01-01T01:19:31.598Z,NON_SALE_CHARGE,,,0,0,0,0,0,0.11,USD,PAYOUT,Insertion Fee
2025-01-01T01:19:31.587Z,NON_SALE_CHARGE,,,0,0,0,0,0,0.11,USD,PAYOUT,Insertion Fee
2025-01-01T01:19:31.515Z,NON_SALE_CHARGE,,,0,0,0,0,0,0.11,USD,PAYOUT,Insertion Fee
2025-01-01T01:19:31.489Z,NON_SALE_CHARGE,,,0,0,0,0,0,0.11,USD,PAYOUT,Insertion Fee
2025-01-01T01:19:31.474Z,NON_SALE_CHARGE,,,0,0,0,0,0,0.11,USD,PAYOUT,Insertion Fee
2025-01-01T01:19:31.465Z,NON_SALE_CHARGE,,,0,0,0,0,0,0.11,USD,PAYOUT,Insertion Fee
2025-01-01T01:19:31.458Z,NON_SALE_CHARGE,,,0,0,0,0,0,0.11,USD,PAYOUT,Insertion Fee
2025-01-01T01:19:31.451Z,NON_SALE_CHARGE,,,0,0,0,0,0,0.11,USD,PAYOUT,Insertion Fee
2025-01-01T01:19:31.434Z,NON_SALE_CHARGE,,,0,0,0,0,0,0.11,USD,PAYOUT,Insertion Fee
2025-01-01T01:19:31.418Z,NON_SALE_CHARGE,,,0,0,0,0,0,0.11,USD,PAYOUT,Insertion Fee
2025-01-01T01:19:31.406Z,NON_SALE_CHARGE,,,0,0,0,0,0,0.11,USD,PAYOUT,Insertion Fee
2025-01-01T01:19:31.388Z,NON_SALE_CHARGE,,,0,0,0,0,0,0.11,USD,PAYOUT,Insertion Fee
2025-01-01T01:19:31.369Z,NON_SALE_CHARGE,,,0,0,0,0,0,0.11,USD,PAYOUT,Insertion Fee
2025-01-01T01:19:31.354Z,NON_SALE_CHARGE,,,0,0,0,0,0,0.11,USD,PAYOUT,Insertion Fee
2025-01-01T01:19:31.352Z,NON_SALE_CHARGE,,,0,0,0,0,0,0.11,USD,PAYOUT,Insertion Fee
2025-01-01T01:19:31.342Z,NON_SALE_CHARGE,,,0,0,0,0,0,0.11,USD,PAYOUT,Insertion Fee
2025-01-01T01:19:31.305Z,NON_SALE_CHARGE,,,0,0,0,0,0,0.11,USD,PAYOUT,Insertion Fee
2025-01-01T01:19:31.301Z,NON_SALE_CHARGE,,,0,0,0,0,0,0.11,USD,PAYOUT,Insertion Fee
2025-01-01T01:19:31.266Z,NON_SALE_CHARGE,,,0,0,0,0,0,0.11,USD,PAYOUT,Insertion Fee
2025-01-01T01:19:31.209Z,NON_SALE_CHARGE,,,0,0,0,0,0,0.11,USD,PAYOUT,Insertion Fee
2025-01-01T01:19:31.165Z,NON_SALE_CHARGE,,,0,0,0,0,0,0.11,USD,PAYOUT,Insertion Fee
2025-01-01T01:19:31.163Z,NON_SALE_CHARGE,,,0,0,0,0,0,0.11,USD,PAYOUT,Insertion Fee
2025-01-01T01:19:31.116Z,NON_SALE_CHARGE,,,0,0,0,0,0,0.11,USD,PAYOUT,Insertion Fee
2025-01-01T01:19:31.094Z,NON_SALE_CHARGE,,,0,0,0,0,0,0.11,USD,PAYOUT,Insertion Fee
2025-01-01T01:19:31.093Z,NON_SALE_CHARGE,,,0,0,0,0,0,0.11,USD,PAYOUT,Insertion Fee
2025-01-01T01:19:31.075Z,NON_SALE_CHARGE,,,0,0,0,0,0,0.11,USD,PAYOUT,Insertion Fee
2025-01-01T01:19:31.073Z,NON_SALE_CHARGE,,,0,0,0,0,0,0.11,USD,PAYOUT,Insertion Fee
2025-01-01T01:19:31.065Z,NON_SALE_CHARGE,,,0,0,0,0,0,0.11,USD,PAYOUT,Insertion Fee
2025-01-01T01:19:31.063Z,NON_SALE_CHARGE,,,0,0,0,0,0,0.11,USD,PAYOUT,Insertion Fee
2025-01-01T01:19:31.022Z,NON_SALE_CHARGE,,,0,0,0,0,0,0.11,USD,PAYOUT,Insertion Fee
2025-01-01T01:19:31.012Z,NON_SALE_CHARGE,,,0,0,0,0,0,0.11,USD,PAYOUT,Insertion Fee
2025-01-01T01:19:30.999Z,NON_SALE_CHARGE,,,0,0,0,0,0,0.11,USD,PAYOUT,Insertion Fee
2025-01-01T01:19:30.978Z,NON_SALE_CHARGE,,,0,0,0,0,0,0.11,USD,PAYOUT,Insertion Fee
2025-01-01T01:19:30.972Z,NON_SALE_CHARGE,,,0,0,0,0,0,0.11,USD,PAYOUT,Insertion Fee
2025-01-01T01:19:30.970Z,NON_SALE_CHARGE,,,0,0,0,0,0,0.11,USD,PAYOUT,Insertion Fee
2025-01-01T01:19:30.966Z,NON_SALE_CHARGE,,,0,0,0,0,0,0.11,USD,PAYOUT,Insertion Fee
2025-01-01T01:19:30.909Z,NON_SALE_CHARGE,,,0,0,0,0,0,0.11,USD,PAYOUT,Insertion Fee
2025-01-01T01:19:30.829Z,NON_SALE_CHARGE,,,0,0,0,0,0,0.11,USD,PAYOUT,Insertion Fee
2025-01-01T01:19:30.810Z,NON_SALE_CHARGE,,,0,0,0,0,0,0.11,USD,PAYOUT,Insertion Fee
2025-01-01T01:19:30.802Z,NON_SALE_CHARGE,,,0,0,0,0,0,0.11,USD,PAYOUT,Insertion Fee
2025-01-01T01:19:30.800Z,NON_SALE_CHARGE,,,0,0,0,0,0,0.11,USD,PAYOUT,Insertion Fee
2025-01-01T01:19:30.754Z,NON_SALE_CHARGE,,,0,0,0,0,0,0.11,USD,PAYOUT,Insertion Fee
2025-01-01T01:19:30.731Z,NON_SALE_CHARGE,,,0,0,0,0,0,0.11,USD,PAYOUT,Insertion Fee
2025-01-01T01:19:30.726Z,NON_SALE_CHARGE,,,0,0,0,0,0,0.11,USD,PAYOUT,Insertion Fee
2025-01-01T01:19:30.720Z,NON_SALE_CHARGE,,,0,0,0,0,0,0.11,USD,PAYOUT,Insertion Fee
2025-01-01T01:19:30.720Z,NON_SALE_CHARGE,,,0,0,0,0,0,0.11,USD,PAYOUT,Insertion Fee
2025-01-01T01:19:30.675Z,NON_SALE_CHARGE,,,0,0,0,0,0,0.11,USD,PAYOUT,Insertion Fee
2025-01-01T01:19:30.667Z,NON_SALE_CHARGE,,,0,0,0,0,0,0.11,USD,PAYOUT,Insertion Fee
2025-01-01T01:19:30.655Z,NON_SALE_CHARGE,,,0,0,0,0,0,0.11,USD,PAYOUT,Insertion Fee
2025-01-01T01:19:30.651Z,NON_SALE_CHARGE,,,0,0,0,0,0,0.11,USD,PAYOUT,Insertion Fee
2025-01-01T01:19:30.647Z,NON_SALE_CHARGE,,,0,0,0,0,0,0.11,USD,PAYOUT,Insertion Fee
2025-01-01T01:19:30.643Z,NON_SALE_CHARGE,,,0,0,0,0,0,0.11,USD,PAYOUT,Insertion Fee
2025-01-01T01:19:30.635Z,NON_SALE_CHARGE,,,0,0,0,0,0,0.11,USD,PAYOUT,Insertion Fee
2025-01-01T01:19:30.605Z,NON_SALE_CHARGE,,,0,0,0,0,0,0.11,USD,PAYOUT,Insertion Fee
2025-01-01T01:19:30.537Z,NON_SALE_CHARGE,,,0,0,0,0,0,0.11,USD,PAYOUT,Insertion Fee
2025-01-01T01:19:30.533Z,NON_SALE_CHARGE,,,0,0,0,0,0,0.11,USD,PAYOUT,Insertion Fee
2025-01-01T01:19:30.526Z,NON_SALE_CHARGE,,,0,0,0,0,0,0.11,USD,PAYOUT,Insertion Fee
2025-01-01T01:19:30.484Z,NON_SALE_CHARGE,,,0,0,0,0,0,0.11,USD,PAYOUT,Insertion Fee
2025-01-01T01:19:30.456Z,NON_SALE_CHARGE,,,0,0,0,0,0,0.11,USD,PAYOUT,Insertion Fee
2025-01-01T01:19:30.451Z,NON_SALE_CHARGE,,,0,0,0,0,0,0.11,USD,PAYOUT,Insertion Fee
2025-01-01T01:19:30.447Z,NON_SALE_CHARGE,,,0,0,0,0,0,0.11,USD,PAYOUT,Insertion Fee
2025-01-01T01:19:30.398Z,NON_SALE_CHARGE,,,0,0,0,0,0,0.11,USD,PAYOUT,Insertion Fee
2025-01-01T01:19:30.379Z,NON_SALE_CHARGE,,,0,0,0,0,0,0.11,USD,PAYOUT,Insertion Fee
2025-01-01T01:19:30.379Z,NON_SALE_CHARGE,,,0,0,0,0,0,0.11,USD,PAYOUT,Insertion Fee
2025-01-01T01:19:30.377Z,NON_SALE_CHARGE,,,0,0,0,0,0,0.11,USD,PAYOUT,Insertion Fee
2025-01-01T01:19:30.373Z,NON_SALE_CHARGE,,,0,0,0,0,0,0.11,USD,PAYOUT,Insertion Fee
2025-01-01T01:19:30.345Z,NON_SALE_CHARGE,,,0,0,0,0,0,0.11,USD,PAYOUT,Insertion Fee
2025-01-01T01:19:30.327Z,NON_SALE_CHARGE,,,0,0,0,0,0,0.11,USD,PAYOUT,Insertion Fee
2025-01-01T01:19:30.321Z,NON_SALE_CHARGE,,,0,0,0,0,0,0.11,USD,PAYOUT,Insertion Fee
2025-01-01T01:19:30.304Z,NON_SALE_CHARGE,,,0,0,0,0,0,0.11,USD,PAYOUT,Insertion Fee
2025-01-01T01:19:30.297Z,NON_SALE_CHARGE,,,0,0,0,0,0,0.11,USD,PAYOUT,Insertion Fee
2025-01-01T01:19:30.282Z,NON_SALE_CHARGE,,,0,0,0,0,0,0.11,USD,PAYOUT,Insertion Fee
2025-01-01T01:19:30.280Z,NON_SALE_CHARGE,,,0,0,0,0,0,0.11,USD,PAYOUT,Insertion Fee
2025-01-01T01:19:30.270Z,NON_SALE_CHARGE,,,0,0,0,0,0,0.11,USD,PAYOUT,Insertion Fee
2025-01-01T01:19:30.182Z,NON_SALE_CHARGE,,,0,0,0,0,0,0.11,USD,PAYOUT,Insertion Fee
2025-01-01T01:19:30.132Z,NON_SALE_CHARGE,,,0,0,0,0,0,0.11,USD,PAYOUT,Insertion Fee
2025-01-01T01:19:30.111Z,NON_SALE_CHARGE,,,0,0,0,0,0,0.11,USD,PAYOUT,Insertion Fee
2025-01-01T01:19:30.107Z,NON_SALE_CHARGE,,,0,0,0,0,0,0.11,USD,PAYOUT,Insertion Fee
2025-01-01T01:19:30.091Z,NON_SALE_CHARGE,,,0,0,0,0,0,0.11,USD,PAYOUT,Insertion Fee
2025-01-01T01:19:30.042Z,NON_SALE_CHARGE,,,0,0,0,0,0,0.11,USD,PAYOUT,Insertion Fee
2025-01-01T01:19:30.009Z,NON_SALE_CHARGE,,,0,0,0,0,0,0.11,USD,PAYOUT,Insertion Fee
2025-01-01T01:19:30.007Z,NON_SALE_CHARGE,,,0,0,0,0,0,0.11,USD,PAYOUT,Insertion Fee
2025-01-01T01:19:30.002Z,NON_SALE_CHARGE,,,0,0,0,0,0,0.11,USD,PAYOUT,Insertion Fee
2025-01-01T01:19:29.992Z,NON_SALE_CHARGE,,,0,0,0,0,0,0.11,USD,PAYOUT,Insertion Fee
2025-01-01T01:19:29.992Z,NON_SALE_CHARGE,,,0,0,0,0,0,0.11,USD,PAYOUT,Insertion Fee
2025-01-01T01:19:29.985Z,NON_SALE_CHARGE,,,0,0,0,0,0,0.11,USD,PAYOUT,Insertion Fee
2025-01-01T01:19:29.985Z,NON_SALE_CHARGE,,,0,0,0,0,0,0.11,USD,PAYOUT,Insertion Fee
2025-01-01T01:19:29.977Z,NON_SALE_CHARGE,,,0,0,0,0,0,0.11,USD,PAYOUT,Insertion Fee
2025-01-01T01:19:29.933Z,NON_SALE_CHARGE,,,0,0,0,0,0,0.11,USD,PAYOUT,Insertion Fee
2025-01-01T01:19:29.926Z,NON_SALE_CHARGE,,,0,0,0,0,0,0.11,USD,PAYOUT,Insertion Fee
2025-01-01T01:19:29.853Z,NON_SALE_CHARGE,,,0,0,0,0,0,0.11,USD,PAYOUT,Insertion Fee
2025-01-01T01:19:29.848Z,NON_SALE_CHARGE,,,0,0,0,0,0,0.11,USD,PAYOUT,Insertion Fee
2025-01-01T01:19:29.841Z,NON_SALE_CHARGE,,,0,0,0,0,0,0.11,USD,PAYOUT,Insertion Fee
2025-01-01T01:19:29.813Z,NON_SALE_CHARGE,,,0,0,0,0,0,0.11,USD,PAYOUT,Insertion Fee
2025-01-01T01:19:29.812Z,NON_SALE_CHARGE,,,0,0,0,0,0,0.11,USD,PAYOUT,Insertion Fee
2025-01-01T01:19:29.776Z,NON_SALE_CHARGE,,,0,0,0,0,0,0.11,USD,PAYOUT,Insertion Fee
2025-01-01T01:19:29.765Z,NON_SALE_CHARGE,,,0,0,0,0,0,0.11,USD,PAYOUT,Insertion Fee
2025-01-01T01:19:29.706Z,NON_SALE_CHARGE,,,0,0,0,0,0,0.11,USD,PAYOUT,Insertion Fee
2025-01-01T01:19:29.700Z,NON_SALE_CHARGE,,,0,0,0,0,0,0.11,USD,PAYOUT,Insertion Fee
2025-01-01T01:19:29.698Z,NON_SALE_CHARGE,,,0,0,0,0,0,0.11,USD,PAYOUT,Insertion Fee
2025-01-01T01:19:29.689Z,NON_SALE_CHARGE,,,0,0,0,0,0,0.11,USD,PAYOUT,Insertion Fee
2025-01-01T01:19:29.681Z,NON_SALE_CHARGE,,,0,0,0,0,0,0.11,USD,PAYOUT,Insertion Fee
2025-01-01T01:19:29.653Z,NON_SALE_CHARGE,,,0,0,0,0,0,0.11,USD,PAYOUT,Insertion Fee
2025-01-01T01:19:29.647Z,NON_SALE_CHARGE,,,0,0,0,0,0,0.11,USD,PAYOUT,Insertion Fee
2025-01-01T01:19:29.645Z,NON_SALE_CHARGE,,,0,0,0,0,0,0.11,USD,PAYOUT,Insertion Fee
2025-01-01T01:19:29.638Z,NON_SALE_CHARGE,,,0,0,0,0,0,0.11,USD,PAYOUT,Insertion Fee
2025-01-01T01:19:29.621Z,NON_SALE_CHARGE,,,0,0,0,0,0,0.11,USD,PAYOUT,Insertion Fee
2025-01-01T01:19:29.612Z,NON_SALE_CHARGE,,,0,0,0,0,0,0.11,USD,PAYOUT,Insertion Fee
2025-01-01T01:19:29.602Z,NON_SALE_CHARGE,,,0,0,0,0,0,0.11,USD,PAYOUT,Insertion Fee
2025-01-01T01:19:29.569Z,NON_SALE_CHARGE,,,0,0,0,0,0,0.11,USD,PAYOUT,Insertion Fee
2025-01-01T01:19:29.563Z,NON_SALE_CHARGE,,,0,0,0,0,0,0.11,USD,PAYOUT,Insertion Fee
2025-01-01T01:19:29.517Z,NON_SALE_CHARGE,,,0,0,0,0,0,0.11,USD,PAYOUT,Insertion Fee
2025-01-01T01:19:29.472Z,NON_SALE_CHARGE,,,0,0,0,0,0,0.11,USD,PAYOUT,Insertion Fee
2025-01-01T01:19:29.446Z,NON_SALE_CHARGE,,,0,0,0,0,0,0.11,USD,PAYOUT,Insertion Fee
2025-01-01T01:19:29.431Z,NON_SALE_CHARGE,,,0,0,0,0,0,0.11,USD,PAYOUT,Insertion Fee
2025-01-01T01:19:29.431Z,NON_SALE_CHARGE,,,0,0,0,0,0,0.11,USD,PAYOUT,Insertion Fee
2025-01-01T01:19:29.429Z,NON_SALE_CHARGE,,,0,0,0,0,0,0.11,USD,PAYOUT,Insertion Fee
2025-01-01T01:19:29.377Z,NON_SALE_CHARGE,,,0,0,0,0,0,0.11,USD,PAYOUT,Insertion Fee
2025-01-01T01:19:29.357Z,NON_SALE_CHARGE,,,0,0,0,0,0,0.11,USD,PAYOUT,Insertion Fee
2025-01-01T01:19:29.342Z,NON_SALE_CHARGE,,,0,0,0,0,0,0.11,USD,PAYOUT,Insertion Fee
2025-01-01T01:19:29.341Z,NON_SALE_CHARGE,,,0,0,0,0,0,0.11,USD,PAYOUT,Insertion Fee
2025-01-01T01:19:29.340Z,NON_SALE_CHARGE,,,0,0,0,0,0,0.11,USD,PAYOUT,Insertion Fee
2025-01-01T01:19:29.313Z,NON_SALE_CHARGE,,,0,0,0,0,0,0.11,USD,PAYOUT,Insertion Fee
2025-01-01T01:19:29.303Z,NON_SALE_CHARGE,,,0,0,0,0,0,0.11,USD,PAYOUT,Insertion Fee
2025-01-01T01:19:29.294Z,NON_SALE_CHARGE,,,0,0,0,0,0,0.11,USD,PAYOUT,Insertion Fee
2025-01-01T01:19:29.254Z,NON_SALE_CHARGE,,,0,0,0,0,0,0.11,USD,PAYOUT,Insertion Fee
2025-01-01T01:19:29.240Z,NON_SALE_CHARGE,,,0,0,0,0,0,0.11,USD,PAYOUT,Insertion Fee
2025-01-01T01:19:29.233Z,NON_SALE_CHARGE,,,0,0,0,0,0,0.11,USD,PAYOUT,Insertion Fee
2025-01-01T01:19:29.198Z,NON_SALE_CHARGE,,,0,0,0,0,0,0.11,USD,PAYOUT,Insertion Fee
2025-01-01T01:19:29.170Z,NON_SALE_CHARGE,,,0,0,0,0,0,0.11,USD,PAYOUT,Insertion Fee
2025-01-01T01:19:29.169Z,NON_SALE_CHARGE,,,0,0,0,0,0,0.11,USD,PAYOUT,Insertion Fee
2025-01-01T01:19:29.143Z,NON_SALE_CHARGE,,,0,0,0,0,0,0.11,USD,PAYOUT,Insertion Fee
2025-01-01T01:19:29.117Z,NON_SALE_CHARGE,,,0,0,0,0,0,0.11,USD,PAYOUT,Insertion Fee
2025-01-01T01:19:29.033Z,NON_SALE_CHARGE,,,0,0,0,0,0,0.11,USD,PAYOUT,Insertion Fee
2025-01-01T01:19:29.025Z,NON_SALE_CHARGE,,,0,0,0,0,0,0.11,USD,PAYOUT,Insertion Fee
2025-01-01T01:19:29.015Z,NON_SALE_CHARGE,,,0,0,0,0,0,0.11,USD,PAYOUT,Insertion Fee
2025-01-01T01:19:29.011Z,NON_SALE_CHARGE,,,0,0,0,0,0,0.11,USD,PAYOUT,Insertion Fee
2025-01-01T01:19:29.007Z,NON_SALE_CHARGE,,,0,0,0,0,0,0.11,USD,PAYOUT,Insertion Fee
2025-01-01T01:19:28.997Z,NON_SALE_CHARGE,,,0,0,0,0,0,0.11,USD,PAYOUT,Insertion Fee
2025-01-01T01:19:28.994Z,NON_SALE_CHARGE,,,0,0,0,0,0,0.11,USD,PAYOUT,Insertion Fee
2025-01-01T01:19:28.981Z,NON_SALE_CHARGE,,,0,0,0,0,0,0.11,USD,PAYOUT,Insertion Fee
2025-01-01T01:19:28.963Z,NON_SALE_CHARGE,,,0,0,0,0,0,0.11,USD,PAYOUT,Insertion Fee
2025-01-01T01:19:28.943Z,NON_SALE_CHARGE,,,0,0,0,0,0,0.11,USD,PAYOUT,Insertion Fee
2025-01-01T01:19:28.908Z,NON_SALE_CHARGE,,,0,0,0,0,0,0.11,USD,PAYOUT,Insertion Fee
2025-01-01T01:19:28.901Z,NON_SALE_CHARGE,,,0,0,0,0,0,0.11,USD,PAYOUT,Insertion Fee
2025-01-01T01:19:28.833Z,NON_SALE_CHARGE,,,0,0,0,0,0,0.11,USD,PAYOUT,Insertion Fee
2025-01-01T01:19:28.825Z,NON_SALE_CHARGE,,,0,0,0,0,0,0.11,USD,PAYOUT,Insertion Fee
2025-01-01T01:19:28.823Z,NON_SALE_CHARGE,,,0,0,0,0,0,0.11,USD,PAYOUT,Insertion Fee
2025-01-01T01:19:28.794Z,NON_SALE_CHARGE,,,0,0,0,0,0,0.11,USD,PAYOUT,Insertion Fee
2025-01-01T01:19:28.775Z,NON_SALE_CHARGE,,,0,0,0,0,0,0.11,USD,PAYOUT,Insertion Fee
2025-01-01T01:19:28.773Z,NON_SALE_CHARGE,,,0,0,0,0,0,0.11,USD,PAYOUT,Insertion Fee
2025-01-01T01:19:28.729Z,NON_SALE_CHARGE,,,0,0,0,0,0,0.11,USD,PAYOUT,Insertion Fee
2025-01-01T01:19:28.722Z,NON_SALE_CHARGE,,,0,0,0,0,0,0.11,USD,PAYOUT,Insertion Fee
2025-01-01T01:19:28.717Z,NON_SALE_CHARGE,,,0,0,0,0,0,0.11,USD,PAYOUT,Insertion Fee
2025-01-01T01:19:28.702Z,NON_SALE_CHARGE,,,0,0,0,0,0,0.11,USD,PAYOUT,Insertion Fee
2025-01-01T01:19:28.696Z,NON_SALE_CHARGE,,,0,0,0,0,0,0.11,USD,PAYOUT,Insertion Fee
2025-01-01T01:19:28.675Z,NON_SALE_CHARGE,,,0,0,0,0,0,0.11,USD,PAYOUT,Insertion Fee
2025-01-01T01:19:28.647Z,NON_SALE_CHARGE,,,0,0,0,0,0,0.11,USD,PAYOUT,Insertion Fee
2025-01-01T01:19:28.645Z,NON_SALE_CHARGE,,,0,0,0,0,0,0.11,USD,PAYOUT,Insertion Fee
2025-01-01T01:19:28.644Z,NON_SALE_CHARGE,,,0,0,0,0,0,0.11,USD,PAYOUT,Insertion Fee
2025-01-01T01:19:28.569Z,NON_SALE_CHARGE,,,0,0,0,0,0,0.11,USD,PAYOUT,Insertion Fee
2025-01-01T01:19:28.559Z,NON_SALE_CHARGE,,,0,0,0,0,0,0.11,USD,PAYOUT,Insertion Fee
2025-01-01T01:19:28.552Z,NON_SALE_CHARGE,,,0,0,0,0,0,0.11,USD,PAYOUT,Insertion Fee
2025-01-01T01:19:28.504Z,NON_SALE_CHARGE,,,0,0,0,0,0,0.11,USD,PAYOUT,Insertion Fee
2025-01-01T01:19:28.489Z,NON_SALE_CHARGE,,,0,0,0,0,0,0.11,USD,PAYOUT,Insertion Fee
2025-01-01T01:19:28.484Z,NON_SALE_CHARGE,,,0,0,0,0,0,0.11,USD,PAYOUT,Insertion Fee
2025-01-01T01:19:28.482Z,NON_SALE_CHARGE,,,0,0,0,0,0,0.11,USD,PAYOUT,Insertion Fee
2025-01-01T01:19:28.449Z,NON_SALE_CHARGE,,,0,0,0,0,0,0.11,USD,PAYOUT,Insertion Fee
2025-01-01T01:19:28.436Z,NON_SALE_CHARGE,,,0,0,0,0,0,0.11,USD,PAYOUT,Insertion Fee
2025-01-01T01:19:28.431Z,NON_SALE_CHARGE,,,0,0,0,0,0,0.11,USD,PAYOUT,Insertion Fee
2025-01-01T01:19:28.376Z,NON_SALE_CHARGE,,,0,0,0,0,0,0.11,USD,PAYOUT,Insertion Fee
2025-01-01T01:19:28.375Z,NON_SALE_CHARGE,,,0,0,0,0,0,0.11,USD,PAYOUT,Insertion Fee
2025-01-01T01:19:28.348Z,NON_SALE_CHARGE,,,0,0,0,0,0,0.11,USD,PAYOUT,Insertion Fee
2025-01-01T01:19:28.335Z,NON_SALE_CHARGE,,,0,0,0,0,0,0.11,USD,PAYOUT,Insertion Fee
2025-01-01T01:19:28.306Z,NON_SALE_CHARGE,,,0,0,0,0,0,0.11,USD,PAYOUT,Insertion Fee
2025-01-01T01:19:28.304Z,NON_SALE_CHARGE,,,0,0,0,0,0,0.11,USD,PAYOUT,Insertion Fee
2025-01-01T01:19:28.261Z,NON_SALE_CHARGE,,,0,0,0,0,0,0.11,USD,PAYOUT,Insertion Fee
2025-01-01T01:19:28.252Z,NON_SALE_CHARGE,,,0,0,0,0,0,0.11,USD,PAYOUT,Insertion Fee
2025-01-01T01:19:28.197Z,NON_SALE_CHARGE,,,0,0,0,0,0,0.11,USD,PAYOUT,Insertion Fee
2025-01-01T01:19:28.188Z,NON_SALE_CHARGE,,,0,0,0,0,0,0.11,USD,PAYOUT,Insertion Fee
2025-01-01T01:19:28.164Z,NON_SALE_CHARGE,,,0,0,0,0,0,0.11,USD,PAYOUT,Insertion Fee
2025-01-01T01:19:28.129Z,NON_SALE_CHARGE,,,0,0,0,0,0,0.11,USD,PAYOUT,Insertion Fee
2025-01-01T01:19:28.064Z,NON_SALE_CHARGE,,,0,0,0,0,0,0.11,USD,PAYOUT,Insertion Fee
2025-01-01T01:19:28.061Z,NON_SALE_CHARGE,,,0,0,0,0,0,0.11,USD,PAYOUT,Insertion Fee
2025-01-01T01:19:28.056Z,NON_SALE_CHARGE,,,0,0,0,0,0,0.11,USD,PAYOUT,Insertion Fee
2025-01-01T01:19:28.036Z,NON_SALE_CHARGE,,,0,0,0,0,0,0.11,USD,PAYOUT,Insertion Fee
2025-01-01T01:19:28.017Z,NON_SALE_CHARGE,,,0,0,0,0,0,0.11,USD,PAYOUT,Insertion Fee
2025-01-01T01:19:28.005Z,NON_SALE_CHARGE,,,0,0,0,0,0,0.11,USD,PAYOUT,Insertion Fee
2025-01-01T01:19:27.990Z,NON_SALE_CHARGE,,,0,0,0,0,0,0.11,USD,PAYOUT,Insertion Fee
2025-01-01T01:19:27.962Z,NON_SALE_CHARGE,,,0,0,0,0,0,0.11,USD,PAYOUT,Insertion Fee
2025-01-01T01:19:27.940Z,NON_SALE_CHARGE,,,0,0,0,0,0,0.11,USD,PAYOUT,Insertion Fee
2025-01-01T01:19:27.928Z,NON_SALE_CHARGE,,,0,0,0,0,0,0.11,USD,PAYOUT,Insertion Fee
2025-01-01T01:19:27.880Z,NON_SALE_CHARGE,,,0,0,0,0,0,0.11,USD,PAYOUT,Insertion Fee
2025-01-01T01:19:27.866Z,NON_SALE_CHARGE,,,0,0,0,0,0,0.11,USD,PAYOUT,Insertion Fee
2025-01-01T01:19:27.861Z,NON_SALE_CHARGE,,,0,0,0,0,0,0.11,USD,PAYOUT,Insertion Fee
2025-01-01T01:19:27.854Z,NON_SALE_CHARGE,,,0,0,0,0,0,0.11,USD,PAYOUT,Insertion Fee
2025-01-01T01:19:27.849Z,NON_SALE_CHARGE,,,0,0,0,0,0,0.11,USD,PAYOUT,Insertion Fee
2025-01-01T01:19:27.841Z,NON_SALE_CHARGE,,,0,0,0,0,0,0.11,USD,PAYOUT,Insertion Fee
2025-01-01T01:19:27.792Z,NON_SALE_CHARGE,,,0,0,0,0,0,0.11,USD,PAYOUT,Insertion Fee
2025-01-01T01:19:27.770Z,NON_SALE_CHARGE,,,0,0,0,0,0,0.11,USD,PAYOUT,Insertion Fee
2025-01-01T01:19:27.746Z,NON_SALE_CHARGE,,,0,0,0,0,0,0.11,USD,PAYOUT,Insertion Fee
2025-01-01T01:19:27.745Z,NON_SALE_CHARGE,,,0,0,0,0,0,0.11,USD,PAYOUT,Insertion Fee
2025-01-01T01:19:27.730Z,NON_SALE_CHARGE,,,0,0,0,0,0,0.11,USD,PAYOUT,Insertion Fee
2025-01-01T01:19:27.664Z,NON_SALE_CHARGE,,,0,0,0,0,0,0.11,USD,PAYOUT,Insertion Fee
2025-01-01T01:19:27.661Z,NON_SALE_CHARGE,,,0,0,0,0,0,0.11,USD,PAYOUT,Insertion Fee
2025-01-01T01:19:27.647Z,NON_SALE_CHARGE,,,0,0,0,0,0,0.11,USD,PAYOUT,Insertion Fee
2025-01-01T01:19:27.624Z,NON_SALE_CHARGE,,,0,0,0,0,0,0.11,USD,PAYOUT,Insertion Fee
2025-01-01T01:19:27.605Z,NON_SALE_CHARGE,,,0,0,0,0,0,0.11,USD,PAYOUT,Insertion Fee
2025-01-01T01:19:27.588Z,NON_SALE_CHARGE,,,0,0,0,0,0,0.11,USD,PAYOUT,Insertion Fee
2025-01-01T01:19:27.559Z,NON_SALE_CHARGE,,,0,0,0,0,0,0.11,USD,PAYOUT,Insertion Fee
2025-01-01T01:19:27.539Z,NON_SALE_CHARGE,,,0,0,0,0,0,0.11,USD,PAYOUT,Insertion Fee
2025-01-01T01:19:27.528Z,NON_SALE_CHARGE,,,0,0,0,0,0,0.11,USD,PAYOUT,Insertion Fee
2025-01-01T01:19:27.498Z,NON_SALE_CHARGE,,,0,0,0,0,0,0.11,USD,PAYOUT,Insertion Fee
2025-01-01T01:19:27.486Z,NON_SALE_CHARGE,,,0,0,0,0,0,0.11,USD,PAYOUT,Insertion Fee
2025-01-01T01:19:27.447Z,NON_SALE_CHARGE,,,0,0,0,0,0,0.11,USD,PAYOUT,Insertion Fee
2025-01-01T01:19:27.447Z,NON_SALE_CHARGE,,,0,0,0,0,0,0.11,USD,PAYOUT,Insertion Fee
2025-01-01T01:19:27.439Z,NON_SALE_CHARGE,,,0,0,0,0,0,0.11,USD,PAYOUT,Insertion Fee
2025-01-01T01:19:27.432Z,NON_SALE_CHARGE,,,0,0,0,0,0,0.11,USD,PAYOUT,Insertion Fee
2025-01-01T01:19:27.431Z,NON_SALE_CHARGE,,,0,0,0,0,0,0.11,USD,PAYOUT,Insertion Fee
2025-01-01T01:19:27.339Z,NON_SALE_CHARGE,,,0,0,0,0,0,0.11,USD,PAYOUT,Insertion Fee
2025-01-01T01:19:27.325Z,NON_SALE_CHARGE,,,0,0,0,0,0,0.11,USD,PAYOUT,Insertion Fee
2025-01-01T01:19:27.323Z,NON_SALE_CHARGE,,,0,0,0,0,0,0.11,USD,PAYOUT,Insertion Fee
2025-01-01T01:19:27.294Z,NON_SALE_CHARGE,,,0,0,0,0,0,0.11,USD,PAYOUT,Insertion Fee
2025-01-01T01:19:27.272Z,NON_SALE_CHARGE,,,0,0,0,0,0,0.11,USD,PAYOUT,Insertion Fee
2025-01-01T01:19:27.251Z,NON_SALE_CHARGE,,,0,0,0,0,0,0.11,USD,PAYOUT,Insertion Fee
2025-01-01T01:19:27.228Z,NON_SALE_CHARGE,,,0,0,0,0,0,0.11,USD,PAYOUT,Insertion Fee
2025-01-01T01:19:27.202Z,NON_SALE_CHARGE,,,0,0,0,0,0,0.11,USD,PAYOUT,Insertion Fee
2025-01-01T01:19:27.200Z,NON_SALE_CHARGE,,,0,0,0,0,0,0.11,USD,PAYOUT,Insertion Fee
2025-01-01T01:19:27.176Z,NON_SALE_CHARGE,,,0,0,0,0,0,0.11,USD,PAYOUT,Insertion Fee
2025-01-01T01:19:27.155Z,NON_SALE_CHARGE,,,0,0,0,0,0,0.11,USD,PAYOUT,Insertion Fee
2025-01-01T01:19:27.093Z,NON_SALE_CHARGE,,,0,0,0,0,0,0.11,USD,PAYOUT,Insertion Fee
2025-01-01T01:19:27.088Z,NON_SALE_CHARGE,,,0,0,0,0,0,0.11,USD,PAYOUT,Insertion Fee
2025-01-01T01:19:27.083Z,NON_SALE_CHARGE,,,0,0,0,0,0,0.11,USD,PAYOUT,Insertion Fee
2025-01-01T01:19:27.063Z,NON_SALE_CHARGE,,,0,0,0,0,0,0.11,USD,PAYOUT,Insertion Fee
2025-01-01T01:19:27.046Z,NON_SALE_CHARGE,,,0,0,0,0,0,0.11,USD,PAYOUT,Insertion Fee
2025-01-01T01:19:27.012Z,NON_SALE_CHARGE,,,0,0,0,0,0,0.11,USD,PAYOUT,Insertion Fee
2025-01-01T01:19:27.001Z,NON_SALE_CHARGE,,,0,0,0,0,0,0.11,USD,PAYOUT,Insertion Fee
2025-01-01T01:19:27.001Z,NON_SALE_CHARGE,,,0,0,0,0,0,0.11,USD,PAYOUT,Insertion Fee
2025-01-01T01:19:26.981Z,NON_SALE_CHARGE,,,0,0,0,0,0,0.11,USD,PAYOUT,Insertion Fee
2025-01-01T01:19:26.970Z,NON_SALE_CHARGE,,,0,0,0,0,0,0.11,USD,PAYOUT,Insertion Fee
2025-01-01T01:19:26.944Z,NON_SALE_CHARGE,,,0,0,0,0,0,0.11,USD,PAYOUT,Insertion Fee
2025-01-01T01:19:26.944Z,NON_SALE_CHARGE,,,0,0,0,0,0,0.11,USD,PAYOUT,Insertion Fee
2025-01-01T01:19:26.939Z,NON_SALE_CHARGE,,,0,0,0,0,0,0.11,USD,PAYOUT,Insertion Fee
2025-01-01T01:19:26.916Z,NON_SALE_CHARGE,,,0,0,0,0,0,0.11,USD,PAYOUT,Insertion Fee
2025-01-01T01:19:26.912Z,NON_SALE_CHARGE,,,0,0,0,0,0,0.11,USD,PAYOUT,Insertion Fee
2025-01-01T01:19:26.902Z,NON_SALE_CHARGE,,,0,0,0,0,0,0.11,USD,PAYOUT,Insertion Fee
2025-01-01T01:19:26.894Z,NON_SALE_CHARGE,,,0,0,0,0,0,0.11,USD,PAYOUT,Insertion Fee
2025-01-01T01:19:26.847Z,NON_SALE_CHARGE,,,0,0,0,0,0,0.11,USD,PAYOUT,Insertion Fee
2025-01-01T01:19:26.829Z,NON_SALE_CHARGE,,,0,0,0,0,0,0.11,USD,PAYOUT,Insertion Fee
2025-01-01T01:19:26.806Z,NON_SALE_CHARGE,,,0,0,0,0,0,0.11,USD,PAYOUT,Insertion Fee
2025-01-01T01:19:26.765Z,NON_SALE_CHARGE,,,0,0,0,0,0,0.11,USD,PAYOUT,Insertion Fee
2025-01-01T01:19:26.711Z,NON_SALE_CHARGE,,,0,0,0,0,0,0.11,USD,PAYOUT,Insertion Fee
2025-01-01T01:19:26.700Z,NON_SALE_CHARGE,,,0,0,0,0,0,0.11,USD,PAYOUT,Insertion Fee
2025-01-01T01:19:26.676Z,NON_SALE_CHARGE,,,0,0,0,0,0,0.11,USD,PAYOUT,Insertion Fee
2025-01-01T01:19:26.672Z,NON_SALE_CHARGE,,,0,0,0,0,0,0.11,USD,PAYOUT,Insertion Fee
2025-01-01T01:19:26.646Z,NON_SALE_CHARGE,,,0,0,0,0,0,0.11,USD,PAYOUT,Insertion Fee
2025-01-01T01:19:26.632Z,NON_SALE_CHARGE,,,0,0,0,0,0,0.11,USD,PAYOUT,Insertion Fee
2025-01-01T01:19:26.623Z,NON_SALE_CHARGE,,,0,0,0,0,0,0.11,USD,PAYOUT,Insertion Fee
2025-01-01T01:19:26.613Z,NON_SALE_CHARGE,,,0,0,0,0,0,0.11,USD,PAYOUT,Insertion Fee
2025-01-01T01:19:26.605Z,NON_SALE_CHARGE,,,0,0,0,0,0,0.11,USD,PAYOUT,Insertion Fee
2025-01-01T01:19:26.593Z,NON_SALE_CHARGE,,,0,0,0,0,0,0.11,USD,PAYOUT,Insertion Fee
2025-01-01T01:19:26.580Z,NON_SALE_CHARGE,,,0,0,0,0,0,0.11,USD,PAYOUT,Insertion Fee
2025-01-01T01:19:26.553Z,NON_SALE_CHARGE,,,0,0,0,0,0,0.11,USD,PAYOUT,Insertion Fee
2025-01-01T01:19:26.519Z,NON_SALE_CHARGE,,,0,0,0,0,0,0.11,USD,PAYOUT,Insertion Fee
2025-01-01T01:19:26.508Z,NON_SALE_CHARGE,,,0,0,0,0,0,0.11,USD,PAYOUT,Insertion Fee
2025-01-01T01:19:26.501Z,NON_SALE_CHARGE,,,0,0,0,0,0,0.11,USD,PAYOUT,Insertion Fee
2025-01-01T01:19:26.485Z,NON_SALE_CHARGE,,,0,0,0,0,0,0.11,USD,PAYOUT,Insertion Fee
2025-01-01T01:19:26.457Z,NON_SALE_CHARGE,,,0,0,0,0,0,0.11,USD,PAYOUT,Insertion Fee
2025-01-01T01:19:26.418Z,NON_SALE_CHARGE,,,0,0,0,0,0,0.11,USD,PAYOUT,Insertion Fee
2025-01-01T01:19:26.413Z,NON_SALE_CHARGE,,,0,0,0,0,0,0.11,USD,PAYOUT,Insertion Fee
2025-01-01T01:19:26.364Z,NON_SALE_CHARGE,,,0,0,0,0,0,0.11,USD,PAYOUT,Insertion Fee
2025-01-01T01:19:26.340Z,NON_SALE_CHARGE,,,0,0,0,0,0,0.11,USD,PAYOUT,Insertion Fee
2025-01-01T01:19:26.331Z,NON_SALE_CHARGE,,,0,0,0,0,0,0.11,USD,PAYOUT,Insertion Fee
2025-01-01T01:19:26.326Z,NON_SALE_CHARGE,,,0,0,0,0,0,0.11,USD,PAYOUT,Insertion Fee
2025-01-01T01:19:26.299Z,NON_SALE_CHARGE,,,0,0,0,0,0,0.11,USD,PAYOUT,Insertion Fee
2025-01-01T01:19:26.284Z,NON_SALE_CHARGE,,,0,0,0,0,0,0.11,USD,PAYOUT,Insertion Fee
2025-01-01T01:19:26.253Z,NON_SALE_CHARGE,,,0,0,0,0,0,0.11,USD,PAYOUT,Insertion Fee
2025-01-01T01:19:26.233Z,NON_SALE_CHARGE,,,0,0,0,0,0,0.11,USD,PAYOUT,Insertion Fee
2025-01-01T01:19:26.229Z,NON_SALE_CHARGE,,,0,0,0,0,0,0.11,USD,PAYOUT,Insertion Fee
2025-01-01T01:19:26.193Z,NON_SALE_CHARGE,,,0,0,0,0,0,0.11,USD,PAYOUT,Insertion Fee
2025-01-01T01:19:26.181Z,NON_SALE_CHARGE,,,0,0,0,0,0,0.11,USD,PAYOUT,Insertion Fee
2025-01-01T01:19:26.168Z,NON_SALE_CHARGE,,,0,0,0,0,0,0.11,USD,PAYOUT,Insertion Fee
2025-01-01T01:19:26.159Z,NON_SALE_CHARGE,,,0,0,0,0,0,0.11,USD,PAYOUT,Insertion Fee
2025-01-01T01:19:26.138Z,NON_SALE_CHARGE,,,0,0,0,0,0,0.11,USD,PAYOUT,Insertion Fee
2025-01-01T01:19:26.133Z,NON_SALE_CHARGE,,,0,0,0,0,0,0.11,USD,PAYOUT,Insertion Fee
2025-01-01T01:19:26.129Z,NON_SALE_CHARGE,,,0,0,0,0,0,0.11,USD,PAYOUT,Insertion Fee
2025-01-01T01:19:26.079Z,NON_SALE_CHARGE,,,0,0,0,0,0,0.11,USD,PAYOUT,Insertion Fee
2025-01-01T01:19:26.078Z,NON_SALE_CHARGE,,,0,0,0,0,0,0.11,USD,PAYOUT,Insertion Fee
2025-01-01T01:19:26.029Z,NON_SALE_CHARGE,,,0,0,0,0,0,0.11,USD,PAYOUT,Insertion Fee
2025-01-01T01:19:26.019Z,NON_SALE_CHARGE,,,0,0,0,0,0,0.11,USD,PAYOUT,Insertion Fee
2025-01-01T01:19:25.992Z,NON_SALE_CHARGE,,,0,0,0,0,0,0.11,USD,PAYOUT,Insertion Fee
2025-01-01T01:19:25.975Z,NON_SALE_CHARGE,,,0,0,0,0,0,0.11,USD,PAYOUT,Insertion Fee
2025-01-01T01:19:25.967Z,NON_SALE_CHARGE,,,0,0,0,0,0,0.11,USD,PAYOUT,Insertion Fee
2025-01-01T01:19:25.947Z,NON_SALE_CHARGE,,,0,0,0,0,0,0.11,USD,PAYOUT,Insertion Fee
2025-01-01T01:19:25.895Z,NON_SALE_CHARGE,,,0,0,0,0,0,0.11,USD,PAYOUT,Insertion Fee
2025-01-01T01:19:25.881Z,NON_SALE_CHARGE,,,0,0,0,0,0,0.11,USD,PAYOUT,Insertion Fee
2025-01-01T01:19:25.850Z,NON_SALE_CHARGE,,,0,0,0,0,0,0.11,USD,PAYOUT,Insertion Fee
2025-01-01T01:19:25.848Z,NON_SALE_CHARGE,,,0,0,0,0,0,0.11,USD,PAYOUT,Insertion Fee
2025-01-01T01:19:25.846Z,NON_SALE_CHARGE,,,0,0,0,0,0,0.11,USD,PAYOUT,Insertion Fee
2025-01-01T01:19:25.822Z,NON_SALE_CHARGE,,,0,0,0,0,0,0.11,USD,PAYOUT,Insertion Fee
2025-01-01T01:19:25.804Z,NON_SALE_CHARGE,,,0,0,0,0,0,0.11,USD,PAYOUT,Insertion Fee
2025-01-01T01:19:25.802Z,NON_SALE_CHARGE,,,0,0,0,0,0,0.11,USD,PAYOUT,Insertion Fee
2025-01-01T01:19:25.751Z,NON_SALE_CHARGE,,,0,0,0,0,0,0.11,USD,PAYOUT,Insertion Fee
2025-01-01T01:19:25.732Z,NON_SALE_CHARGE,,,0,0,0,0,0,0.11,USD,PAYOUT,Insertion Fee
2025-01-01T01:19:25.710Z,NON_SALE_CHARGE,,,0,0,0,0,0,0.11,USD,PAYOUT,Insertion Fee
2025-01-01T01:19:25.710Z,NON_SALE_CHARGE,,,0,0,0,0,0,0.11,USD,PAYOUT,Insertion Fee
2025-01-01T01:19:25.703Z,NON_SALE_CHARGE,,,0,0,0,0,0,0.11,USD,PAYOUT,Insertion Fee
2025-01-01T01:19:25.694Z,NON_SALE_CHARGE,,,0,0,0,0,0,0.11,USD,PAYOUT,Insertion Fee
2025-01-01T01:19:25.681Z,NON_SALE_CHARGE,,,0,0,0,0,0,0.11,USD,PAYOUT,Insertion Fee
2025-01-01T01:19:25.670Z,NON_SALE_CHARGE,,,0,0,0,0,0,0.11,USD,PAYOUT,Insertion Fee
2025-01-01T01:19:25.665Z,NON_SALE_CHARGE,,,0,0,0,0,0,0.11,USD,PAYOUT,Insertion Fee
2025-01-01T01:19:25.627Z,NON_SALE_CHARGE,,,0,0,0,0,0,0.11,USD,PAYOUT,Insertion Fee
2025-01-01T01:19:25.623Z,NON_SALE_CHARGE,,,0,0,0,0,0,0.11,USD,PAYOUT,Insertion Fee
2025-01-01T01:19:25.622Z,NON_SALE_CHARGE,,,0,0,0,0,0,0.11,USD,PAYOUT,Insertion Fee
2025-01-01T01:19:25.587Z,NON_SALE_CHARGE,,,0,0,0,0,0,0.11,USD,PAYOUT,Insertion Fee
2025-01-01T01:19:25.555Z,NON_SALE_CHARGE,,,0,0,0,0,0,0.11,USD,PAYOUT,Insertion Fee
2025-01-01T01:19:25.522Z,NON_SALE_CHARGE,,,0,0,0,0,0,0.11,USD,PAYOUT,Insertion Fee
2025-01-01T01:19:25.501Z,NON_SALE_CHARGE,,,0,0,0,0,0,0.11,USD,PAYOUT,Insertion Fee
2025-01-01T01:19:25.494Z,NON_SALE_CHARGE,,,0,0,0,0,0,0.11,USD,PAYOUT,Insertion Fee
2025-01-01T01:19:25.461Z,NON_SALE_CHARGE,,,0,0,0,0,0,0.11,USD,PAYOUT,Insertion Fee
2025-01-01T01:19:25.435Z,NON_SALE_CHARGE,,,0,0,0,0,0,0.11,USD,PAYOUT,Insertion Fee
2025-01-01T01:19:25.370Z,NON_SALE_CHARGE,,,0,0,0,0,0,0.11,USD,PAYOUT,Insertion Fee
2025-01-01T01:19:25.368Z,NON_SALE_CHARGE,,,0,0,0,0,0,0.11,USD,PAYOUT,Insertion Fee
2025-01-01T01:19:25.359Z,NON_SALE_CHARGE,,,0,0,0,0,0,0.11,USD,PAYOUT,Insertion Fee
2025-01-01T01:19:25.352Z,NON_SALE_CHARGE,,,0,0,0,0,0,0.11,USD,PAYOUT,Insertion Fee
2025-01-01T01:19:25.336Z,NON_SALE_CHARGE,,,0,0,0,0,0,0.11,USD,PAYOUT,Insertion Fee
2025-01-01T01:19:25.328Z,NON_SALE_CHARGE,,,0,0,0,0,0,0.11,USD,PAYOUT,Insertion Fee
2025-01-01T01:19:25.298Z,NON_SALE_CHARGE,,,0,0,0,0,0,0.11,USD,PAYOUT,Insertion Fee
2025-01-01T01:19:25.296Z,NON_SALE_CHARGE,,,0,0,0,0,0,0.11,USD,PAYOUT,Insertion Fee
2025-01-01T01:19:25.238Z,NON_SALE_CHARGE,,,0,0,0,0,0,0.11,USD,PAYOUT,Insertion Fee
2025-01-01T01:19:25.229Z,NON_SALE_CHARGE,,,0,0,0,0,0,0.11,USD,PAYOUT,Insertion Fee
2025-01-01T01:19:25.171Z,NON_SALE_CHARGE,,,0,0,0,0,0,0.11,USD,PAYOUT,Insertion Fee
2025-01-01T01:19:25.163Z,NON_SALE_CHARGE,,,0,0,0,0,0,0.11,USD,PAYOUT,Insertion Fee
2025-01-01T01:19:25.161Z,NON_SALE_CHARGE,,,0,0,0,0,0,0.11,USD,PAYOUT,Insertion Fee
2025-01-01T01:19:25.152Z,NON_SALE_CHARGE,,,0,0,0,0,0,0.11,USD,PAYOUT,Insertion Fee
2025-01-01T01:19:25.079Z,NON_SALE_CHARGE,,,0,0,0,0,0,0.11,USD,PAYOUT,Insertion Fee
2025-01-01T01:19:25.071Z,NON_SALE_CHARGE,,,0,0,0,0,0,0.11,USD,PAYOUT,Insertion Fee
2025-01-01T01:19:25.048Z,NON_SALE_CHARGE,,,0,0,0,0,0,0.11,USD,PAYOUT,Insertion Fee
2025-01-01T01:19:25.036Z,NON_SALE_CHARGE,,,0,0,0,0,0,0.11,USD,PAYOUT,Insertion Fee
2025-01-01T01:19:25.030Z,NON_SALE_CHARGE,,,0,0,0,0,0,0.11,USD,PAYOUT,Insertion Fee
2025-01-01T01:19:25.027Z,NON_SALE_CHARGE,,,0,0,0,0,0,0.11,USD,PAYOUT,Insertion Fee
2025-01-01T01:19:25.026Z,NON_SALE_CHARGE,,,0,0,0,0,0,0.11,USD,PAYOUT,Insertion Fee
2025-01-01T01:19:25.007Z,NON_SALE_CHARGE,,,0,0,0,0,0,0.11,USD,PAYOUT,Insertion Fee
2025-01-01T01:19:24.967Z,NON_SALE_CHARGE,,,0,0,0,0,0,0.11,USD,PAYOUT,Insertion Fee
2025-01-01T01:19:24.956Z,NON_SALE_CHARGE,,,0,0,0,0,0,0.11,USD,PAYOUT,Insertion Fee
2025-01-01T01:19:24.885Z,NON_SALE_CHARGE,,,0,0,0,0,0,0.11,USD,PAYOUT,Insertion Fee
2025-01-01T01:19:24.882Z,NON_SALE_CHARGE,,,0,0,0,0,0,0.11,USD,PAYOUT,Insertion Fee
2025-01-01T01:19:24.873Z,NON_SALE_CHARGE,,,0,0,0,0,0,0.11,USD,PAYOUT,Insertion Fee
2025-01-01T01:19:24.856Z,NON_SALE_CHARGE,,,0,0,0,0,0,0.11,USD,PAYOUT,Insertion Fee
2025-01-01T01:19:24.806Z,NON_SALE_CHARGE,,,0,0,0,0,0,0.11,USD,PAYOUT,Insertion Fee
2025-01-01T01:19:24.788Z,NON_SALE_CHARGE,,,0,0,0,0,0,0.11,USD,PAYOUT,Insertion Fee
2025-01-01T01:19:24.787Z,NON_SALE_CHARGE,,,0,0,0,0,0,0.11,USD,PAYOUT,Insertion Fee
2025-01-01T01:19:24.780Z,NON_SALE_CHARGE,,,0,0,0,0,0,0.11,USD,PAYOUT,Insertion Fee
2025-01-01T01:19:24.777Z,NON_SALE_CHARGE,,,0,0,0,0,0,0.11,USD,PAYOUT,Insertion Fee
2025-01-01T01:19:24.715Z,NON_SALE_CHARGE,,,0,0,0,0,0,0.11,USD,PAYOUT,Insertion Fee
2025-01-01T01:19:24.710Z,NON_SALE_CHARGE,,,0,0,0,0,0,0.11,USD,PAYOUT,Insertion Fee
2025-01-01T01:19:24.709Z,NON_SALE_CHARGE,,,0,0,0,0,0,0.11,USD,PAYOUT,Insertion Fee
2025-01-01T01:19:24.695Z,NON_SALE_CHARGE,,,0,0,0,0,0,0.11,USD,PAYOUT,Insertion Fee
2025-01-01T01:19:24.667Z,NON_SALE_CHARGE,,,0,0,0,0,0,0.11,USD,PAYOUT,Insertion Fee
2025-01-01T01:19:24.659Z,NON_SALE_CHARGE,,,0,0,0,0,0,0.11,USD,PAYOUT,Insertion Fee
2025-01-01T01:19:24.637Z,NON_SALE_CHARGE,,,0,0,0,0,0,0.11,USD,PAYOUT,Insertion Fee
2025-01-01T01:19:24.635Z,NON_SALE_CHARGE,,,0,0,0,0,0,0.11,USD,PAYOUT,Insertion Fee
2025-01-01T01:19:24.599Z,NON_SALE_CHARGE,,,0,0,0,0,0,0.11,USD,PAYOUT,Insertion Fee
2025-01-01T01:19:24.557Z,NON_SALE_CHARGE,,,0,0,0,0,0,0.11,USD,PAYOUT,Insertion Fee
2025-01-01T01:19:24.557Z,NON_SALE_CHARGE,,,0,0,0,0,0,0.11,USD,PAYOUT,Insertion Fee
2025-01-01T01:19:24.494Z,NON_SALE_CHARGE,,,0,0,0,0,0,0.11,USD,PAYOUT,Insertion Fee
2025-01-01T01:19:24.488Z,NON_SALE_CHARGE,,,0,0,0,0,0,0.11,USD,PAYOUT,Insertion Fee
2025-01-01T01:19:24.445Z,NON_SALE_CHARGE,,,0,0,0,0,0,0.11,USD,PAYOUT,Insertion Fee
2025-01-01T01:19:24.438Z,NON_SALE_CHARGE,,,0,0,0,0,0,0.11,USD,PAYOUT,Insertion Fee
2025-01-01T01:19:24.409Z,NON_SALE_CHARGE,,,0,0,0,0,0,0.11,USD,PAYOUT,Insertion Fee
2025-01-01T01:19:24.409Z,NON_SALE_CHARGE,,,0,0,0,0,0,0.11,USD,PAYOUT,Insertion Fee
2025-01-01T01:19:24.381Z,NON_SALE_CHARGE,,,0,0,0,0,0,0.11,USD,PAYOUT,Insertion Fee
2025-01-01T01:19:24.377Z,NON_SALE_CHARGE,,,0,0,0,0,0,0.11,USD,PAYOUT,Insertion Fee
2025-01-01T01:19:24.367Z,NON_SALE_CHARGE,,,0,0,0,0,0,0.11,USD,PAYOUT,Insertion Fee
2025-01-01T01:19:24.310Z,NON_SALE_CHARGE,,,0,0,0,0,0,0.11,USD,PAYOUT,Insertion Fee
2025-01-01T01:19:24.295Z,NON_SALE_CHARGE,,,0,0,0,0,0,0.11,USD,PAYOUT,Insertion Fee
2025-01-01T01:19:24.242Z,NON_SALE_CHARGE,,,0,0,0,0,0,0.11,USD,PAYOUT,Insertion Fee
2025-01-01T01:19:24.242Z,NON_SALE_CHARGE,,,0,0,0,0,0,0.11,USD,PAYOUT,Insertion Fee
2025-01-01T01:19:24.229Z,NON_SALE_CHARGE,,,0,0,0,0,0,0.11,USD,PAYOUT,Insertion Fee
2025-01-01T01:19:24.228Z,NON_SALE_CHARGE,,,0,0,0,0,0,0.11,USD,PAYOUT,Insertion Fee
2025-01-01T01:19:24.219Z,NON_SALE_CHARGE,,,0,0,0,0,0,0.11,USD,PAYOUT,Insertion Fee
2025-01-01T01:19:24.185Z,NON_SALE_CHARGE,,,0,0,0,0,0,0.11,USD,PAYOUT,Insertion Fee
2025-01-01T01:19:24.150Z,NON_SALE_CHARGE,,,0,0,0,0,0,0.11,USD,PAYOUT,Insertion Fee
2025-01-01T01:19:24.100Z,NON_SALE_CHARGE,,,0,0,0,0,0,0.11,USD,PAYOUT,Insertion Fee
2025-01-01T01:19:24.077Z,NON_SALE_CHARGE,,,0,0,0,0,0,0.11,USD,PAYOUT,Insertion Fee
2025-01-01T01:19:24.068Z,NON_SALE_CHARGE,,,0,0,0,0,0,0.11,USD,PAYOUT,Insertion Fee
2025-01-01T01:19:24.067Z,NON_SALE_CHARGE,,,0,0,0,0,0,0.11,USD,PAYOUT,Insertion Fee
2025-01-01T01:19:24.066Z,NON_SALE_CHARGE,,,0,0,0,0,0,0.11,USD,PAYOUT,Insertion Fee
2025-01-01T01:19:24.043Z,NON_SALE_CHARGE,,,0,0,0,0,0,0.11,USD,PAYOUT,Insertion Fee
2025-01-01T01:19:24.028Z,NON_SALE_CHARGE,,,0,0,0,0,0,0.11,USD,PAYOUT,Insertion Fee
2025-01-01T01:19:24.001Z,NON_SALE_CHARGE,,,0,0,0,0,0,0.11,USD,PAYOUT,Insertion Fee
2025-01-01T01:19:23.992Z,NON_SALE_CHARGE,,,0,0,0,0,0,0.11,USD,PAYOUT,Insertion Fee
2025-01-01T01:19:23.975Z,NON_SALE_CHARGE,,,0,0,0,0,0,0.11,USD,PAYOUT,Insertion Fee
2025-01-01T01:19:23.952Z,NON_SALE_CHARGE,,,0,0,0,0,0,0.11,USD,PAYOUT,Insertion Fee
2025-01-01T01:19:23.893Z,NON_SALE_CHARGE,,,0,0,0,0,0,0.11,USD,PAYOUT,Insertion Fee
2025-01-01T01:19:23.889Z,NON_SALE_CHARGE,,,0,0,0,0,0,0.11,USD,PAYOUT,Insertion Fee
2025-01-01T01:19:23.885Z,NON_SALE_CHARGE,,,0,0,0,0,0,0.11,USD,PAYOUT,Insertion Fee
2025-01-01T01:19:23.850Z,NON_SALE_CHARGE,,,0,0,0,0,0,0.11,USD,PAYOUT,Insertion Fee
2025-01-01T01:19:23.812Z,NON_SALE_CHARGE,,,0,0,0,0,0,0.11,USD,PAYOUT,Insertion Fee
2025-01-01T01:19:23.779Z,NON_SALE_CHARGE,,,0,0,0,0,0,0.11,USD,PAYOUT,Insertion Fee
2025-01-01T01:19:23.745Z,NON_SALE_CHARGE,,,0,0,0,0,0,0.11,USD,PAYOUT,Insertion Fee
2025-01-01T01:19:23.741Z,NON_SALE_CHARGE,,,0,0,0,0,0,0.11,USD,PAYOUT,Insertion Fee
2025-01-01T01:19:23.735Z,NON_SALE_CHARGE,,,0,0,0,0,0,0.11,USD,PAYOUT,Insertion Fee
2025-01-01T01:19:23.658Z,NON_SALE_CHARGE,,,0,0,0,0,0,0.11,USD,PAYOUT,Insertion Fee
2025-01-01T01:19:23.658Z,NON_SALE_CHARGE,,,0,0,0,0,0,0.11,USD,PAYOUT,Insertion Fee
2025-01-01T01:19:23.644Z,NON_SALE_CHARGE,,,0,0,0,0,0,0.11,USD,PAYOUT,Insertion Fee
2025-01-01T01:19:23.627Z,NON_SALE_CHARGE,,,0,0,0,0,0,0.11,USD,PAYOUT,Insertion Fee
2025-01-01T01:19:23.606Z,NON_SALE_CHARGE,,,0,0,0,0,0,0.11,USD,PAYOUT,Insertion Fee
2025-01-01T01:19:23.605Z,NON_SALE_CHARGE,,,0,0,0,0,0,0.11,USD,PAYOUT,Insertion Fee
2025-01-01T01:19:23.589Z,NON_SALE_CHARGE,,,0,0,0,0,0,0.11,USD,PAYOUT,Insertion Fee
2025-01-01T01:19:23.580Z,NON_SALE_CHARGE,,,0,0,0,0,0,0.11,USD,PAYOUT,Insertion Fee
2025-01-01T01:19:23.568Z,NON_SALE_CHARGE,,,0,0,0,0,0,0.11,USD,PAYOUT,Insertion Fee
2025-01-01T01:19:23.551Z,NON_SALE_CHARGE,,,0,0,0,0,0,0.11,USD,PAYOUT,Insertion Fee
2025-01-01T01:19:23.534Z,NON_SALE_CHARGE,,,0,0,0,0,0,0.11,USD,PAYOUT,Insertion Fee
2025-01-01T01:19:23.531Z,NON_SALE_CHARGE,,,0,0,0,0,0,0.11,USD,PAYOUT,Insertion Fee
2025-01-01T01:19:23.478Z,NON_SALE_CHARGE,,,0,0,0,0,0,0.11,USD,PAYOUT,Insertion Fee
2025-01-01T01:19:23.430Z,NON_SALE_CHARGE,,,0,0,0,0,0,0.11,USD,PAYOUT,Insertion Fee
2025-01-01T01:19:23.401Z,NON_SALE_CHARGE,,,0,0,0,0,0,0.11,USD,PAYOUT,Insertion Fee
2025-01-01T01:19:23.401Z,NON_SALE_CHARGE,,,0,0,0,0,0,0.11,USD,PAYOUT,Insertion Fee
2025-01-01T01:19:23.379Z,NON_SALE_CHARGE,,,0,0,0,0,0,0.11,USD,PAYOUT,Insertion Fee
2025-01-01T01:19:23.332Z,NON_SALE_CHARGE,,,0,0,0,0,0,0.11,USD,PAYOUT,Insertion Fee
2025-01-01T01:19:23.310Z,NON_SALE_CHARGE,,,0,0,0,0,0,0.11,USD,PAYOUT,Insertion Fee
2025-01-01T01:19:23.309Z,NON_SALE_CHARGE,,,0,0,0,0,0,0.11,USD,PAYOUT,Insertion Fee
2025-01-01T01:19:23.302Z,NON_SALE_CHARGE,,,0,0,0,0,0,0.11,USD,PAYOUT,Insertion Fee
2025-01-01T01:19:23.302Z,NON_SALE_CHARGE,,,0,0,0,0,0,0.11,USD,PAYOUT,Insertion Fee
2025-01-01T01:19:23.282Z,NON_SALE_CHARGE,,,0,0,0,0,0,0.11,USD,PAYOUT,Insertion Fee
2025-01-01T01:19:23.235Z,NON_SALE_CHARGE,,,0,0,0,0,0,0.11,USD,PAYOUT,Insertion Fee
2025-01-01T01:19:23.220Z,NON_SALE_CHARGE,,,0,0,0,0,0,0.11,USD,PAYOUT,Insertion Fee
2025-01-01T01:19:23.217Z,NON_SALE_CHARGE,,,0,0,0,0,0,0.11,USD,PAYOUT,Insertion Fee
2025-01-01T01:19:23.189Z,NON_SALE_CHARGE,,,0,0,0,0,0,0.11,USD,PAYOUT,Insertion Fee
2025-01-01T01:19:23.173Z,NON_SALE_CHARGE,,,0,0,0,0,0,0.11,USD,PAYOUT,Insertion Fee
2025-01-01T01:19:23.169Z,NON_SALE_CHARGE,,,0,0,0,0,0,0.11,USD,PAYOUT,Insertion Fee
2025-01-01T01:19:23.118Z,NON_SALE_CHARGE,,,0,0,0,0,0,0.11,USD,PAYOUT,Insertion Fee
2025-01-01T01:19:23.061Z,NON_SALE_CHARGE,,,0,0,0,0,0,0.11,USD,PAYOUT,Insertion Fee
2025-01-01T01:19:23.039Z,NON_SALE_CHARGE,,,0,0,0,0,0,0.11,USD,PAYOUT,Insertion Fee
2025-01-01T01:19:22.998Z,NON_SALE_CHARGE,,,0,0,0,0,0,0.11,USD,PAYOUT,Insertion Fee
2025-01-01T01:19:22.973Z,NON_SALE_CHARGE,,,0,0,0,0,0,0.11,USD,PAYOUT,Insertion Fee
2025-01-01T01:19:22.964Z,NON_SALE_CHARGE,,,0,0,0,0,0,0.11,USD,PAYOUT,Insertion Fee
2025-01-01T01:19:22.938Z,NON_SALE_CHARGE,,,0,0,0,0,0,0.11,USD,PAYOUT,Insertion Fee
2025-01-01T01:19:22.924Z,NON_SALE_CHARGE,,,0,0,0,0,0,0.11,USD,PAYOUT,Insertion Fee
2025-01-01T01:19:22.909Z,NON_SALE_CHARGE,,,0,0,0,0,0,0.11,USD,PAYOUT,Insertion Fee
2025-01-01T01:19:22.897Z,NON_SALE_CHARGE,,,0,0,0,0,0,0.11,USD,PAYOUT,Insertion Fee
2025-01-01T01:19:22.882Z,NON_SALE_CHARGE,,,0,0,0,0,0,0.11,USD,PAYOUT,Insertion Fee
2025-01-01T01:19:22.876Z,NON_SALE_CHARGE,,,0,0,0,0,0,0.11,USD,PAYOUT,Insertion Fee
2025-01-01T01:19:22.865Z,NON_SALE_CHARGE,,,0,0,0,0,0,0.11,USD,PAYOUT,Insertion Fee
2025-01-01T01:19:22.846Z,NON_SALE_CHARGE,,,0,0,0,0,0,0.11,USD,PAYOUT,Insertion Fee
2025-01-01T01:19:22.841Z,NON_SALE_CHARGE,,,0,0,0,0,0,0.11,USD,PAYOUT,Insertion Fee
2025-01-01T01:19:22.833Z,NON_SALE_CHARGE,,,0,0,0,0,0,0.11,USD,PAYOUT,Insertion Fee
2025-01-01T01:19:22.719Z,NON_SALE_CHARGE,,,0,0,0,0,0,0.11,USD,PAYOUT,Insertion Fee
2025-01-01T01:19:22.682Z,NON_SALE_CHARGE,,,0,0,0,0,0,0.11,USD,PAYOUT,Insertion Fee
2025-01-01T01:19:22.668Z,NON_SALE_CHARGE,,,0,0,0,0,0,0.11,USD,PAYOUT,Insertion Fee
2025-01-01T01:19:22.627Z,NON_SALE_CHARGE,,,0,0,0,0,0,0.11,USD,PAYOUT,Insertion Fee
2025-01-01T01:19:22.607Z,NON_SALE_CHARGE,,,0,0,0,0,0,0.11,USD,PAYOUT,Insertion Fee
2025-01-01T01:19:22.599Z,NON_SALE_CHARGE,,,0,0,0,0,0,0.11,USD,PAYOUT,Insertion Fee
2025-01-01T01:19:22.579Z,NON_SALE_CHARGE,,,0,0,0,0,0,0.11,USD,PAYOUT,Insertion Fee
2025-01-01T01:19:22.571Z,NON_SALE_CHARGE,,,0,0,0,0,0,0.11,USD,PAYOUT,Insertion Fee
2025-01-01T01:19:22.570Z,NON_SALE_CHARGE,,,0,0,0,0,0,0.11,USD,PAYOUT,Insertion Fee
2025-01-01T01:19:22.567Z,NON_SALE_CHARGE,,,0,0,0,0,0,0.11,USD,PAYOUT,Insertion Fee
2025-01-01T01:19:22.559Z,NON_SALE_CHARGE,,,0,0,0,0,0,0.11,USD,PAYOUT,Insertion Fee
2025-01-01T01:19:22.541Z,NON_SALE_CHARGE,,,0,0,0,0,0,0.11,USD,PAYOUT,Insertion Fee
2025-01-01T01:19:22.537Z,NON_SALE_CHARGE,,,0,0,0,0,0,0.11,USD,PAYOUT,Insertion Fee
2025-01-01T01:19:22.513Z,NON_SALE_CHARGE,,,0,0,0,0,0,0.11,USD,PAYOUT,Insertion Fee
2025-01-01T01:19:22.444Z,NON_SALE_CHARGE,,,0,0,0,0,0,0.11,USD,PAYOUT,Insertion Fee
2025-01-01T01:19:22.443Z,NON_SALE_CHARGE,,,0,0,0,0,0,0.11,USD,PAYOUT,Insertion Fee
2025-01-01T01:19:22.429Z,NON_SALE_CHARGE,,,0,0,0,0,0,0.11,USD,PAYOUT,Insertion Fee
2025-01-01T01:19:22.416Z,NON_SALE_CHARGE,,,0,0,0,0,0,0.11,USD,PAYOUT,Insertion Fee
2025-01-01T01:19:22.353Z,NON_SALE_CHARGE,,,0,0,0,0,0,0.11,USD,PAYOUT,Insertion Fee
2025-01-01T01:19:22.271Z,NON_SALE_CHARGE,,,0,0,0,0,0,0.11,USD,PAYOUT,Insertion Fee
2025-01-01T01:19:22.264Z,NON_SALE_CHARGE,,,0,0,0,0,0,0.11,USD,PAYOUT,Insertion Fee
2025-01-01T01:19:22.262Z,NON_SALE_CHARGE,,,0,0,0,0,0,0.11,USD,PAYOUT,Insertion Fee
2025-01-01T01:19:22.239Z,NON_SALE_CHARGE,,,0,0,0,0,0,0.11,USD,PAYOUT,Insertion Fee
2025-01-01T01:19:22.227Z,NON_SALE_CHARGE,,,0,0,0,0,0,0.11,USD,PAYOUT,Insertion Fee
2025-01-01T01:19:22.223Z,NON_SALE_CHARGE,,,0,0,0,0,0,0.11,USD,PAYOUT,Insertion Fee
2025-01-01T01:19:22.221Z,NON_SALE_CHARGE,,,0,0,0,0,0,0.11,USD,PAYOUT,Insertion Fee
2025-01-01T01:19:22.204Z,NON_SALE_CHARGE,,,0,0,0,0,0,0.11,USD,PAYOUT,Insertion Fee
2025-01-01T01:19:22.199Z,NON_SALE_CHARGE,,,0,0,0,0,0,0.11,USD,PAYOUT,Insertion Fee
2025-01-01T01:19:22.194Z,NON_SALE_CHARGE,,,0,0,0,0,0,0.11,USD,PAYOUT,Insertion Fee
2025-01-01T01:19:22.194Z,NON_SALE_CHARGE,,,0,0,0,0,0,0.11,USD,PAYOUT,Insertion Fee
2025-01-01T01:19:22.192Z,NON_SALE_CHARGE,,,0,0,0,0,0,0.11,USD,PAYOUT,Insertion Fee
2025-01-01T01:19:22.185Z,NON_SALE_CHARGE,,,0,0,0,0,0,0.11,USD,PAYOUT,Insertion Fee
2025-01-01T01:19:22.168Z,NON_SALE_CHARGE,,,0,0,0,0,0,0.11,USD,PAYOUT,Insertion Fee
2025-01-01T01:19:22.109Z,NON_SALE_CHARGE,,,0,0,0,0,0,0.11,USD,PAYOUT,Insertion Fee
2025-01-01T01:19:22.036Z,NON_SALE_CHARGE,,,0,0,0,0,0,0.11,USD,PAYOUT,Insertion Fee
2025-01-01T01:19:22.021Z,NON_SALE_CHARGE,,,0,0,0,0,0,0.11,USD,PAYOUT,Insertion Fee
2025-01-01T01:19:21.979Z,NON_SALE_CHARGE,,,0,0,0,0,0,0.11,USD,PAYOUT,Insertion Fee
2025-01-01T01:19:21.949Z,NON_SALE_CHARGE,,,0,0,0,0,0,0.11,USD,PAYOUT,Insertion Fee
2025-01-01T01:19:21.947Z,NON_SALE_CHARGE,,,0,0,0,0,0,0.11,USD,PAYOUT,Insertion Fee
2025-01-01T01:19:21.933Z,NON_SALE_CHARGE,,,0,0,0,0,0,0.11,USD,PAYOUT,Insertion Fee
2025-01-01T01:19:21.923Z,NON_SALE_CHARGE,,,0,0,0,0,0,0.11,USD,PAYOUT,Insertion Fee
2025-01-01T01:19:21.922Z,NON_SALE_CHARGE,,,0,0,0,0,0,0.11,USD,PAYOUT,Insertion Fee
2025-01-01T01:19:21.918Z,NON_SALE_CHARGE,,,0,0,0,0,0,0.11,USD,PAYOUT,Insertion Fee
2025-01-01T01:19:21.915Z,NON_SALE_CHARGE,,,0,0,0,0,0,0.11,USD,PAYOUT,Insertion Fee
2025-01-01T01:19:21.883Z,NON_SALE_CHARGE,,,0,0,0,0,0,0.11,USD,PAYOUT,Insertion Fee
2025-01-01T01:19:21.869Z,NON_SALE_CHARGE,,,0,0,0,0,0,0.11,USD,PAYOUT,Insertion Fee
2025-01-01T01:19:21.822Z,NON_SALE_CHARGE,,,0,0,0,0,0,0.11,USD,PAYOUT,Insertion Fee
2025-01-01T01:19:21.776Z,NON_SALE_CHARGE,,,0,0,0,0,0,0.11,USD,PAYOUT,Insertion Fee
2025-01-01T01:19:21.772Z,NON_SALE_CHARGE,,,0,0,0,0,0,0.11,USD,PAYOUT,Insertion Fee
2025-01-01T01:19:21.753Z,NON_SALE_CHARGE,,,0,0,0,0,0,0.11,USD,PAYOUT,Insertion Fee
2025-01-01T01:19:21.701Z,NON_SALE_CHARGE,,,0,0,0,0,0,0.11,USD,PAYOUT,Insertion Fee
2025-01-01T01:19:21.701Z,NON_SALE_CHARGE,,,0,0,0,0,0,0.11,USD,PAYOUT,Insertion Fee
2025-01-01T01:19:21.629Z,NON_SALE_CHARGE,,,0,0,0,0,0,0.11,USD,PAYOUT,Insertion Fee
2025-01-01T01:19:21.608Z,NON_SALE_CHARGE,,,0,0,0,0,0,0.11,USD,PAYOUT,Insertion Fee
2025-01-01T01:19:21.603Z,NON_SALE_CHARGE,,,0,0,0,0,0,0.11,USD,PAYOUT,Insertion Fee
2025-01-01T01:19:21.600Z,NON_SALE_CHARGE,,,0,0,0,0,0,0.11,USD,PAYOUT,Insertion Fee
2025-01-01T01:19:21.569Z,NON_SALE_CHARGE,,,0,0,0,0,0,0.11,USD,PAYOUT,Insertion Fee
2025-01-01T01:19:21.568Z,NON_SALE_CHARGE,,,0,0,0,0,0,0.11,USD,PAYOUT,Insertion Fee
2025-01-01T01:19:21.547Z,NON_SALE_CHARGE,,,0,0,0,0,0,0.11,USD,PAYOUT,Insertion Fee
2025-01-01T01:19:21.532Z,NON_SALE_CHARGE,,,0,0,0,0,0,0.11,USD,PAYOUT,Insertion Fee
2025-01-01T01:19:21.530Z,NON_SALE_CHARGE,,,0,0,0,0,0,0.11,USD,PAYOUT,Insertion Fee
2025-01-01T01:19:21.522Z,NON_SALE_CHARGE,,,0,0,0,0,0,0.11,USD,PAYOUT,Insertion Fee
2025-01-01T01:19:21.522Z,NON_SALE_CHARGE,,,0,0,0,0,0,0.11,USD,PAYOUT,Insertion Fee
2025-01-01T01:19:21.513Z,NON_SALE_CHARGE,,,0,0,0,0,0,0.11,USD,PAYOUT,Insertion Fee
2025-01-01T01:19:21.505Z,NON_SALE_CHARGE,,,0,0,0,0,0,0.11,USD,PAYOUT,Insertion Fee
2025-01-01T01:19:21.491Z,NON_SALE_CHARGE,,,0,0,0,0,0,0.11,USD,PAYOUT,Insertion Fee
2025-01-01T01:19:21.423Z,NON_SALE_CHARGE,,,0,0,0,0,0,0.11,USD,PAYOUT,Insertion Fee
2025-01-01T01:19:21.413Z,NON_SALE_CHARGE,,,0,0,0,0,0,0.11,USD,PAYOUT,Insertion Fee
2025-01-01T01:19:21.397Z,NON_SALE_CHARGE,,,0,0,0,0,0,0.11,USD,PAYOUT,Insertion Fee
2025-01-01T01:19:21.364Z,NON_SALE_CHARGE,,,0,0,0,0,0,0.11,USD,PAYOUT,Insertion Fee
2025-01-01T01:19:21.314Z,NON_SALE_CHARGE,,,0,0,0,0,0,0.11,USD,PAYOUT,Insertion Fee
2025-01-01T01:19:21.314Z,NON_SALE_CHARGE,,,0,0,0,0,0,0.11,USD,PAYOUT,Insertion Fee
2025-01-01T01:19:21.292Z,NON_SALE_CHARGE,,,0,0,0,0,0,0.11,USD,PAYOUT,Insertion Fee
2025-01-01T01:19:21.285Z,NON_SALE_CHARGE,,,0,0,0,0,0,0.11,USD,PAYOUT,Insertion Fee
2025-01-01T01:19:21.262Z,NON_SALE_CHARGE,,,0,0,0,0,0,0.11,USD,PAYOUT,Insertion Fee
2025-01-01T01:19:21.262Z,NON_SALE_CHARGE,,,0,0,0,0,0,0.11,USD,PAYOUT,Insertion Fee
2025-01-01T01:19:21.222Z,NON_SALE_CHARGE,,,0,0,0,0,0,0.11,USD,PAYOUT,Insertion Fee
2025-01-01T01:19:21.207Z,NON_SALE_CHARGE,,,0,0,0,0,0,0.11,USD,PAYOUT,Insertion Fee
2025-01-01T01:19:21.201Z,NON_SALE_CHARGE,,,0,0,0,0,0,0.11,USD,PAYOUT,Insertion Fee
2025-01-01T01:19:21.171Z,NON_SALE_CHARGE,,,0,0,0,0,0,0.11,USD,PAYOUT,Insertion Fee
2025-01-01T01:19:21.168Z,NON_SALE_CHARGE,,,0,0,0,0,0,0.11,USD,PAYOUT,Insertion Fee
2025-01-01T01:19:21.149Z,NON_SALE_CHARGE,,,0,0,0,0,0,0.11,USD,PAYOUT,Insertion Fee
2025-01-01T01:19:21.107Z,NON_SALE_CHARGE,,,0,0,0,0,0,0.11,USD,PAYOUT,Insertion Fee
2025-01-01T01:19:21.093Z,NON_SALE_CHARGE,,,0,0,0,0,0,0.11,USD,PAYOUT,Insertion Fee
2025-01-01T01:19:21.083Z,NON_SALE_CHARGE,,,0,0,0,0,0,0.11,USD,PAYOUT,Insertion Fee
2025-01-01T01:19:21.037Z,NON_SALE_CHARGE,,,0,0,0,0,0,0.11,USD,PAYOUT,Insertion Fee
2025-01-01T01:19:21.009Z,NON_SALE_CHARGE,,,0,0,0,0,0,0.11,USD,PAYOUT,Insertion Fee
2025-01-01T01:19:21.009Z,NON_SALE_CHARGE,,,0,0,0,0,0,0.11,USD,PAYOUT,Insertion Fee
2025-01-01T01:19:20.955Z,NON_SALE_CHARGE,,,0,0,0,0,0,0.11,USD,PAYOUT,Insertion Fee
2025-01-01T01:19:20.954Z,NON_SALE_CHARGE,,,0,0,0,0,0,0.11,USD,PAYOUT,Insertion Fee
2025-01-01T01:19:20.928Z,NON_SALE_CHARGE,,,0,0,0,0,0,0.11,USD,PAYOUT,Insertion Fee
2025-01-01T01:19:20.909Z,NON_SALE_CHARGE,,,0,0,0,0,0,0.11,USD,PAYOUT,Insertion Fee
2025-01-01T01:19:20.894Z,NON_SALE_CHARGE,,,0,0,0,0,0,0.11,USD,PAYOUT,Insertion Fee
2025-01-01T01:19:20.869Z,NON_SALE_CHARGE,,,0,0,0,0,0,0.11,USD,PAYOUT,Insertion Fee
2025-01-01T01:19:20.858Z,NON_SALE_CHARGE,,,0,0,0,0,0,0.11,USD,PAYOUT,Insertion Fee
2025-01-01T01:19:20.854Z,NON_SALE_CHARGE,,,0,0,0,0,0,0.11,USD,PAYOUT,Insertion Fee
2025-01-01T01:19:20.836Z,NON_SALE_CHARGE,,,0,0,0,0,0,0.11,USD,PAYOUT,Insertion Fee
2025-01-01T01:19:20.835Z,NON_SALE_CHARGE,,,0,0,0,0,0,0.11,USD,PAYOUT,Insertion Fee
2025-01-01T01:19:20.799Z,NON_SALE_CHARGE,,,0,0,0,0,0,0.11,USD,PAYOUT,Insertion Fee
2025-01-01T01:19:20.733Z,NON_SALE_CHARGE,,,0,0,0,0,0,0.11,USD,PAYOUT,Insertion Fee
2025-01-01T01:19:20.727Z,NON_SALE_CHARGE,,,0,0,0,0,0,0.11,USD,PAYOUT,Insertion Fee
2025-01-01T01:19:20.687Z,NON_SALE_CHARGE,,,0,0,0,0,0,0.11,USD,PAYOUT,Insertion Fee
2025-01-01T01:19:20.674Z,NON_SALE_CHARGE,,,0,0,0,0,0,0.11,USD,PAYOUT,Insertion Fee
2025-01-01T01:19:20.606Z,NON_SALE_CHARGE,,,0,0,0,0,0,0.11,USD,PAYOUT,Insertion Fee
2025-01-01T01:19:20.604Z,NON_SALE_CHARGE,,,0,0,0,0,0,0.11,USD,PAYOUT,Insertion Fee
2025-01-01T01:19:20.588Z,NON_SALE_CHARGE,,,0,0,0,0,0,0.11,USD,PAYOUT,Insertion Fee
2025-01-01T01:19:20.574Z,NON_SALE_CHARGE,,,0,0,0,0,0,0.11,USD,PAYOUT,Insertion Fee
2025-01-01T01:19:20.571Z,NON_SALE_CHARGE,,,0,0,0,0,0,0.11,USD,PAYOUT,Insertion Fee
2025-01-01T01:19:20.571Z,NON_SALE_CHARGE,,,0,0,0,0,0,0.11,USD,PAYOUT,Insertion Fee
2025-01-01T01:19:20.565Z,NON_SALE_CHARGE,,,0,0,0,0,0,0.11,USD,PAYOUT,Insertion Fee
2025-01-01T01:19:20.555Z,NON_SALE_CHARGE,,,0,0,0,0,0,0.11,USD,PAYOUT,Insertion Fee
2025-01-01T01:19:20.540Z,NON_SALE_CHARGE,,,0,0,0,0,0,0.11,USD,PAYOUT,Insertion Fee
2025-01-01T01:19:20.452Z,NON_SALE_CHARGE,,,0,0,0,0,0,0.11,USD,PAYOUT,Insertion Fee
2025-01-01T01:19:20.445Z,NON_SALE_CHARGE,,,0,0,0,0,0,0.11,USD,PAYOUT,Insertion Fee
2025-01-01T01:19:20.443Z,NON_SALE_CHARGE,,,0,0,0,0,0,0.11,USD,PAYOUT,Insertion Fee
2025-01-01T01:19:20.404Z,NON_SALE_CHARGE,,,0,0,0,0,0,0.11,USD,PAYOUT,Insertion Fee
2025-01-01T01:19:20.390Z,NON_SALE_CHARGE,,,0,0,0,0,0,0.11,USD,PAYOUT,Insertion Fee
2025-01-01T01:19:20.338Z,NON_SALE_CHARGE,,,0,0,0,0,0,0.11,USD,PAYOUT,Insertion Fee
2025-01-01T01:19:20.332Z,NON_SALE_CHARGE,,,0,0,0,0,0,0.11,USD,PAYOUT,Insertion Fee
2025-01-01T01:19:20.280Z,NON_SALE_CHARGE,,,0,0,0,0,0,0.11,USD,PAYOUT,Insertion Fee
2025-01-01T01:19:20.270Z,NON_SALE_CHARGE,,,0,0,0,0,0,0.11,USD,PAYOUT,Insertion Fee
2025-01-01T01:19:20.262Z,NON_SALE_CHARGE,,,0,0,0,0,0,0.11,USD,PAYOUT,Insertion Fee
2025-01-01T01:19:20.256Z,NON_SALE_CHARGE,,,0,0,0,0,0,0.11,USD,PAYOUT,Insertion Fee
2025-01-01T01:19:20.255Z,NON_SALE_CHARGE,,,0,0,0,0,0,0.11,USD,PAYOUT,Insertion Fee
2025-01-01T01:19:20.250Z,NON_SALE_CHARGE,,,0,0,0,0,0,0.11,USD,PAYOUT,Insertion Fee
2025-01-01T01:19:20.239Z,NON_SALE_CHARGE,,,0,0,0,0,0,0.11,USD,PAYOUT,Insertion Fee
2025-01-01T01:19:20.231Z,NON_SALE_CHARGE,,,0,0,0,0,0,0.11,USD,PAYOUT,Insertion Fee
2025-01-01T01:19:20.228Z,NON_SALE_CHARGE,,,0,0,0,0,0,0.11,USD,PAYOUT,Insertion Fee
2025-01-01T01:19:20.197Z,NON_SALE_CHARGE,,,0,0,0,0,0,0.11,USD,PAYOUT,Insertion Fee
2025-01-01T01:19:20.195Z,NON_SALE_CHARGE,,,0,0,0,0,0,0.11,USD,PAYOUT,Insertion Fee
2025-01-01T01:19:20.188Z,NON_SALE_CHARGE,,,0,0,0,0,0,0.11,USD,PAYOUT,Insertion Fee
2025-01-01T01:19:20.187Z,NON_SALE_CHARGE,,,0,0,0,0,0,0.11,USD,PAYOUT,Insertion Fee
2025-01-01T01:19:20.168Z,NON_SALE_CHARGE,,,0,0,0,0,0,0.11,USD,PAYOUT,Insertion Fee
2025-01-01T01:19:20.130Z,NON_SALE_CHARGE,,,0,0,0,0,0,0.11,USD,PAYOUT,Insertion Fee
2025-01-01T01:19:20.063Z,NON_SALE_CHARGE,,,0,0,0,0,0,0.11,USD,PAYOUT,Insertion Fee
2025-01-01T01:19:20.063Z,NON_SALE_CHARGE,,,0,0,0,0,0,0.11,USD,PAYOUT,Insertion Fee
2025-01-01T01:19:20.034Z,NON_SALE_CHARGE,,,0,0,0,0,0,0.11,USD,PAYOUT,Insertion Fee
2025-01-01T01:19:20.011Z,NON_SALE_CHARGE,,,0,0,0,0,0,0.11,USD,PAYOUT,Insertion Fee
2025-01-01T01:19:19.982Z,NON_SALE_CHARGE,,,0,0,0,0,0,0.11,USD,PAYOUT,Insertion Fee
2025-01-01T01:19:19.978Z,NON_SALE_CHARGE,,,0,0,0,0,0,0.11,USD,PAYOUT,Insertion Fee
2025-01-01T01:19:19.942Z,NON_SALE_CHARGE,,,0,0,0,0,0,0.11,USD,PAYOUT,Insertion Fee
2025-01-01T01:19:19.915Z,NON_SALE_CHARGE,,,0,0,0,0,0,0.11,USD,PAYOUT,Insertion Fee
2025-01-01T01:19:19.911Z,NON_SALE_CHARGE,,,0,0,0,0,0,0.11,USD,PAYOUT,Insertion Fee
2025-01-01T01:19:19.903Z,NON_SALE_CHARGE,,,0,0,0,0,0,0.11,USD,PAYOUT,Insertion Fee
2025-01-01T01:19:19.878Z,NON_SALE_CHARGE,,,0,0,0,0,0,0.11,USD,PAYOUT,Insertion Fee
2025-01-01T01:19:19.858Z,NON_SALE_CHARGE,,,0,0,0,0,0,0.11,USD,PAYOUT,Insertion Fee
2025-01-01T01:19:19.829Z,NON_SALE_CHARGE,,,0,0,0,0,0,0.11,USD,PAYOUT,Insertion Fee
2025-01-01T01:19:19.814Z,NON_SALE_CHARGE,,,0,0,0,0,0,0.11,USD,PAYOUT,Insertion Fee
2025-01-01T01:19:19.716Z,NON_SALE_CHARGE,,,0,0,0,0,0,0.11,USD,PAYOUT,Insertion Fee
2025-01-01T01:19:19.713Z,NON_SALE_CHARGE,,,0,0,0,0,0,0.11,USD,PAYOUT,Insertion Fee
2025-01-01T01:19:19.712Z,NON_SALE_CHARGE,,,0,0,0,0,0,0.11,USD,PAYOUT,Insertion Fee
2025-01-01T01:19:19.700Z,NON_SALE_CHARGE,,,0,0,0,0,0,0.11,USD,PAYOUT,Insertion Fee
2025-01-01T01:19:19.643Z,NON_SALE_CHARGE,,,0,0,0,0,0,0.11,USD,PAYOUT,Insertion Fee
2025-01-01T01:19:19.642Z,NON_SALE_CHARGE,,,0,0,0,0,0,0.11,USD,PAYOUT,Insertion Fee
2025-01-01T01:19:19.639Z,NON_SALE_CHARGE,,,0,0,0,0,0,0.11,USD,PAYOUT,Insertion Fee
2025-01-01T01:19:19.629Z,NON_SALE_CHARGE,,,0,0,0,0,0,0.11,USD,PAYOUT,Insertion Fee
2025-01-01T01:19:19.618Z,NON_SALE_CHARGE,,,0,0,0,0,0,0.11,USD,PAYOUT,Insertion Fee
2025-01-01T01:19:19.610Z,NON_SALE_CHARGE,,,0,0,0,0,0,0.11,USD,PAYOUT,Insertion Fee
2025-01-01T01:19:19.565Z,NON_SALE_CHARGE,,,0,0,0,0,0,0.11,USD,PAYOUT,Insertion Fee
2025-01-01T01:19:19.550Z,NON_SALE_CHARGE,,,0,0,0,0,0,0.11,USD,PAYOUT,Insertion Fee
2025-01-01T01:19:19.550Z,NON_SALE_CHARGE,,,0,0,0,0,0,0.11,USD,PAYOUT,Insertion Fee
2025-01-01T01:19:19.541Z,NON_SALE_CHARGE,,,0,0,0,0,0,0.11,USD,PAYOUT,Insertion Fee
2025-01-01T01:19:19.540Z,NON_SALE_CHARGE,,,0,0,0,0,0,0.11,USD,PAYOUT,Insertion Fee
2025-01-01T01:19:19.538Z,NON_SALE_CHARGE,,,0,0,0,0,0,0.11,USD,PAYOUT,Insertion Fee
2025-01-01T01:19:19.503Z,NON_SALE_CHARGE,,,0,0,0,0,0,0.11,USD,PAYOUT,Insertion Fee
2025-01-01T01:19:19.481Z,NON_SALE_CHARGE,,,0,0,0,0,0,0.11,USD,PAYOUT,Insertion Fee
2025-01-01T01:19:19.443Z,NON_SALE_CHARGE,,,0,0,0,0,0,0.11,USD,PAYOUT,Insertion Fee
2025-01-01T01:19:19.358Z,NON_SALE_CHARGE,,,0,0,0,0,0,0.11,USD,PAYOUT,Insertion Fee
2025-01-01T01:19:19.353Z,NON_SALE_CHARGE,,,0,0,0,0,0,0.11,USD,PAYOUT,Insertion Fee
2025-01-01T01:19:19.336Z,NON_SALE_CHARGE,,,0,0,0,0,0,0.11,USD,PAYOUT,Insertion Fee
2025-01-01T01:19:19.333Z,NON_SALE_CHARGE,,,0,0,0,0,0,0.11,USD,PAYOUT,Insertion Fee
2025-01-01T01:19:19.318Z,NON_SALE_CHARGE,,,0,0,0,0,0,0.11,USD,PAYOUT,Insertion Fee
2025-01-01T01:19:19.296Z,NON_SALE_CHARGE,,,0,0,0,0,0,0.11,USD,PAYOUT,Insertion Fee
2025-01-01T01:19:19.292Z,NON_SALE_CHARGE,,,0,0,0,0,0,0.11,USD,PAYOUT,Insertion Fee
2025-01-01T01:19:19.288Z,NON_SALE_CHARGE,,,0,0,0,0,0,0.11,USD,PAYOUT,Insertion Fee
2025-01-01T01:19:19.286Z,NON_SALE_CHARGE,,,0,0,0,0,0,0.11,USD,PAYOUT,Insertion Fee
2025-01-01T01:19:19.252Z,NON_SALE_CHARGE,,,0,0,0,0,0,0.11,USD,PAYOUT,Insertion Fee
2025-01-01T01:19:19.240Z,NON_SALE_CHARGE,,,0,0,0,0,0,0.11,USD,PAYOUT,Insertion Fee
2025-01-01T01:19:19.223Z,NON_SALE_CHARGE,,,0,0,0,0,0,0.11,USD,PAYOUT,Insertion Fee
2025-01-01T01:19:19.211Z,NON_SALE_CHARGE,,,0,0,0,0,0,0.11,USD,PAYOUT,Insertion Fee
2025-01-01T01:19:19.205Z,NON_SALE_CHARGE,,,0,0,0,0,0,0.11,USD,PAYOUT,Insertion Fee
2025-01-01T01:19:19.199Z,NON_SALE_CHARGE,,,0,0,0,0,0,0.11,USD,PAYOUT,Insertion Fee
2025-01-01T01:19:19.197Z,NON_SALE_CHARGE,,,0,0,0,0,0,0.11,USD,PAYOUT,Insertion Fee
2025-01-01T01:19:19.191Z,NON_SALE_CHARGE,,,0,0,0,0,0,0.11,USD,PAYOUT,Insertion Fee
2025-01-01T01:19:19.064Z,NON_SALE_CHARGE,,,0,0,0,0,0,0.11,USD,PAYOUT,Insertion Fee
2025-01-01T01:19:19.020Z,NON_SALE_CHARGE,,,0,0,0,0,0,0.11,USD,PAYOUT,Insertion Fee
2025-01-01T01:19:19.004Z,NON_SALE_CHARGE,,,0,0,0,0,0,0.11,USD,PAYOUT,Insertion Fee
2025-01-01T01:19:18.977Z,NON_SALE_CHARGE,,,0,0,0,0,0,0.11,USD,PAYOUT,Insertion Fee
2025-01-01T01:19:18.966Z,NON_SALE_CHARGE,,,0,0,0,0,0,0.11,USD,PAYOUT,Insertion Fee
2025-01-01T01:19:18.962Z,NON_SALE_CHARGE,,,0,0,0,0,0,0.11,USD,PAYOUT,Insertion Fee
2025-01-01T01:19:18.928Z,NON_SALE_CHARGE,,,0,0,0,0,0,0.11,USD,PAYOUT,Insertion Fee
2025-01-01T01:19:18.895Z,NON_SALE_CHARGE,,,0,0,0,0,0,0.11,USD,PAYOUT,Insertion Fee
2025-01-01T01:19:18.893Z,NON_SALE_CHARGE,,,0,0,0,0,0,0.11,USD,PAYOUT,Insertion Fee
2025-01-01T01:19:18.892Z,NON_SALE_CHARGE,,,0,0,0,0,0,0.11,USD,PAYOUT,Insertion Fee
2025-01-01T01:19:18.862Z,NON_SALE_CHARGE,,,0,0,0,0,0,0.11,USD,PAYOUT,Insertion Fee
2025-01-01T01:19:18.841Z,NON_SALE_CHARGE,,,0,0,0,0,0,0.11,USD,PAYOUT,Insertion Fee
2025-01-01T01:19:18.829Z,NON_SALE_CHARGE,,,0,0,0,0,0,0.11,USD,PAYOUT,Insertion Fee
2025-01-01T01:19:18.806Z,NON_SALE_CHARGE,,,0,0,0,0,0,0.11,USD,PAYOUT,Insertion Fee
2025-01-01T01:19:18.775Z,NON_SALE_CHARGE,,,0,0,0,0,0,0.11,USD,PAYOUT,Insertion Fee
2025-01-01T01:19:18.737Z,NON_SALE_CHARGE,,,0,0,0,0,0,0.11,USD,PAYOUT,Insertion Fee
2025-01-01T01:19:18.680Z,NON_SALE_CHARGE,,,0,0,0,0,0,0.11,USD,PAYOUT,Insertion Fee
2025-01-01T01:19:18.677Z,NON_SALE_CHARGE,,,0,0,0,0,0,0.11,USD,PAYOUT,Insertion Fee
2025-01-01T01:19:18.674Z,NON_SALE_CHARGE,,,0,0,0,0,0,0.11,USD,PAYOUT,Insertion Fee
2025-01-01T01:19:18.656Z,NON_SALE_CHARGE,,,0,0,0,0,0,0.11,USD,PAYOUT,Insertion Fee
2025-01-01T01:19:18.649Z,NON_SALE_CHARGE,,,0,0,0,0,0,0.11,USD,PAYOUT,Insertion Fee
2025-01-01T01:19:18.625Z,NON_SALE_CHARGE,,,0,0,0,0,0,0.11,USD,PAYOUT,Insertion Fee
2025-01-01T01:19:18.602Z,NON_SALE_CHARGE,,,0,0,0,0,0,0.11,USD,PAYOUT,Insertion Fee
2025-01-01T01:19:18.596Z,NON_SALE_CHARGE,,,0,0,0,0,0,0.11,USD,PAYOUT,Insertion Fee
2025-01-01T01:19:18.570Z,NON_SALE_CHARGE,,,0,0,0,0,0,0.11,USD,PAYOUT,Insertion Fee
2025-01-01T01:19:18.566Z,NON_SALE_CHARGE,,,0,0,0,0,0,0.11,USD,PAYOUT,Insertion Fee
2025-01-01T01:19:18.553Z,NON_SALE_CHARGE,,,0,0,0,0,0,0.11,USD,PAYOUT,Insertion Fee
2025-01-01T01:19:18.499Z,NON_SALE_CHARGE,,,0,0,0,0,0,0.11,USD,PAYOUT,Insertion Fee
2025-01-01T01:19:18.498Z,NON_SALE_CHARGE,,,0,0,0,0,0,0.11,USD,PAYOUT,Insertion Fee
2025-01-01T01:19:18.475Z,NON_SALE_CHARGE,,,0,0,0,0,0,0.11,USD,PAYOUT,Insertion Fee
2025-01-01T01:19:18.373Z,NON_SALE_CHARGE,,,0,0,0,0,0,0.11,USD,PAYOUT,Insertion Fee
2025-01-01T01:19:18.361Z,NON_SALE_CHARGE,,,0,0,0,0,0,0.11,USD,PAYOUT,Insertion Fee
2025-01-01T01:19:18.338Z,NON_SALE_CHARGE,,,0,0,0,0,0,0.11,USD,PAYOUT,Insertion Fee
2025-01-01T01:19:18.336Z,NON_SALE_CHARGE,,,0,0,0,0,0,0.11,USD,PAYOUT,Insertion Fee
2025-01-01T01:19:18.319Z,NON_SALE_CHARGE,,,0,0,0,0,0,0.11,USD,PAYOUT,Insertion Fee
2025-01-01T01:19:18.315Z,NON_SALE_CHARGE,,,0,0,0,0,0,0.11,USD,PAYOUT,Insertion Fee
2025-01-01T01:19:18.306Z,NON_SALE_CHARGE,,,0,0,0,0,0,0.11,USD,PAYOUT,Insertion Fee
2025-01-01T01:19:18.292Z,NON_SALE_CHARGE,,,0,0,0,0,0,0.11,USD,PAYOUT,Insertion Fee
2025-01-01T01:19:18.266Z,NON_SALE_CHARGE,,,0,0,0,0,0,0.11,USD,PAYOUT,Insertion Fee
2025-01-01T01:19:18.242Z,NON_SALE_CHARGE,,,0,0,0,0,0,0.11,USD,PAYOUT,Insertion Fee
2025-01-01T01:19:18.233Z,NON_SALE_CHARGE,,,0,0,0,0,0,0.11,USD,PAYOUT,Insertion Fee
2025-01-01T01:19:18.214Z,NON_SALE_CHARGE,,,0,0,0,0,0,0.11,USD,PAYOUT,Insertion Fee
2025-01-01T01:19:18.194Z,NON_SALE_CHARGE,,,0,0,0,0,0,0.11,USD,PAYOUT,Insertion Fee
2025-01-01T01:19:18.186Z,NON_SALE_CHARGE,,,0,0,0,0,0,0.11,USD,PAYOUT,Insertion Fee
2025-01-01T01:19:18.161Z,NON_SALE_CHARGE,,,0,0,0,0,0,0.11,USD,PAYOUT,Insertion Fee
2025-01-01T01:19:18.160Z,NON_SALE_CHARGE,,,0,0,0,0,0,0.11,USD,PAYOUT,Insertion Fee
2025-01-01T01:19:18.155Z,NON_SALE_CHARGE,,,0,0,0,0,0,0.11,USD,PAYOUT,Insertion Fee
2025-01-01T01:19:18.145Z,NON_SALE_CHARGE,,,0,0,0,0,0,0.11,USD,PAYOUT,Insertion Fee
2025-01-01T01:19:18.082Z,NON_SALE_CHARGE,,,0,0,0,0,0,0.11,USD,PAYOUT,Insertion Fee
2025-01-01T01:19:18.080Z,NON_SALE_CHARGE,,,0,0,0,0,0,0.11,USD,PAYOUT,Insertion Fee
2025-01-01T01:19:18.033Z,NON_SALE_CHARGE,,,0,0,0,0,0,0.11,USD,PAYOUT,Insertion Fee
2025-01-01T01:19:18.010Z,NON_SALE_CHARGE,,,0,0,0,0,0,0.11,USD,PAYOUT,Insertion Fee
2025-01-01T01:19:18.000Z,NON_SALE_CHARGE,,,0,0,0,0,0,0.11,USD,PAYOUT,Insertion Fee
2025-01-01T01:19:17.984Z,NON_SALE_CHARGE,,,0,0,0,0,0,0.11,USD,PAYOUT,Insertion Fee
2025-01-01T01:19:17.926Z,NON_SALE_CHARGE,,,0,0,0,0,0,0.11,USD,PAYOUT,Insertion Fee
2025-01-01T01:19:17.902Z,NON_SALE_CHARGE,,,0,0,0,0,0,0.11,USD,PAYOUT,Insertion Fee
2025-01-01T01:19:17.901Z,NON_SALE_CHARGE,,,0,0,0,0,0,0.11,USD,PAYOUT,Insertion Fee
2025-01-01T01:19:17.883Z,NON_SALE_CHARGE,,,0,0,0,0,0,0.11,USD,PAYOUT,Insertion Fee
2025-01-01T01:19:17.841Z,NON_SALE_CHARGE,,,0,0,0,0,0,0.11,USD,PAYOUT,Insertion Fee
2025-01-01T01:19:17.820Z,NON_SALE_CHARGE,,,0,0,0,0,0,0.11,USD,PAYOUT,Insertion Fee
2025-01-01T01:19:17.795Z,NON_SALE_CHARGE,,,0,0,0,0,0,0.11,USD,PAYOUT,Insertion Fee
2025-01-01T01:19:17.715Z,NON_SALE_CHARGE,,,0,0,0,0,0,0.11,USD,PAYOUT,Insertion Fee
2025-01-01T01:19:17.699Z,NON_SALE_CHARGE,,,0,0,0,0,0,0.11,USD,PAYOUT,Insertion Fee
2025-01-01T01:19:17.690Z,NON_SALE_CHARGE,,,0,0,0,0,0,0.11,USD,PAYOUT,Insertion Fee
2025-01-01T01:19:17.680Z,NON_SALE_CHARGE,,,0,0,0,0,0,0.11,USD,PAYOUT,Insertion Fee
2025-01-01T01:19:17.663Z,NON_SALE_CHARGE,,,0,0,0,0,0,0.11,USD,PAYOUT,Insertion Fee
2025-01-01T01:19:17.653Z,NON_SALE_CHARGE,,,0,0,0,0,0,0.11,USD,PAYOUT,Insertion Fee
2025-01-01T01:19:17.629Z,NON_SALE_CHARGE,,,0,0,0,0,0,0.11,USD,PAYOUT,Insertion Fee
2025-01-01T01:19:17.627Z,NON_SALE_CHARGE,,,0,0,0,0,0,0.11,USD,PAYOUT,Insertion Fee
2025-01-01T01:19:17.616Z,NON_SALE_CHARGE,,,0,0,0,0,0,0.11,USD,PAYOUT,Insertion Fee
2025-01-01T01:19:17.569Z,NON_SALE_CHARGE,,,0,0,0,0,0,0.11,USD,PAYOUT,Insertion Fee
2025-01-01T01:19:17.561Z,NON_SALE_CHARGE,,,0,0,0,0,0,0.11,USD,PAYOUT,Insertion Fee
2025-01-01T01:19:17.553Z,NON_SALE_CHARGE,,,0,0,0,0,0,0.11,USD,PAYOUT,Insertion Fee
2025-01-01T01:19:17.517Z,NON_SALE_CHARGE,,,0,0,0,0,0,0.11,USD,PAYOUT,Insertion Fee
2025-01-01T01:19:17.500Z,NON_SALE_CHARGE,,,0,0,0,0,0,0.11,USD,PAYOUT,Insertion Fee
2025-01-01T01:19:17.494Z,NON_SALE_CHARGE,,,0,0,0,0,0,0.11,USD,PAYOUT,Insertion Fee
2025-01-01T01:19:17.488Z,NON_SALE_CHARGE,,,0,0,0,0,0,0.11,USD,PAYOUT,Insertion Fee
2025-01-01T01:19:17.438Z,NON_SALE_CHARGE,,,0,0,0,0,0,0.11,USD,PAYOUT,Insertion Fee
2025-01-01T01:19:17.423Z,NON_SALE_CHARGE,,,0,0,0,0,0,0.11,USD,PAYOUT,Insertion Fee
2025-01-01T01:19:17.385Z,NON_SALE_CHARGE,,,0,0,0,0,0,0.11,USD,PAYOUT,Insertion Fee
2025-01-01T01:19:17.383Z,NON_SALE_CHARGE,,,0,0,0,0,0,0.11,USD,PAYOUT,Insertion Fee
2025-01-01T01:19:17.366Z,NON_SALE_CHARGE,,,0,0,0,0,0,0.11,USD,PAYOUT,Insertion Fee
2025-01-01T01:19:17.339Z,NON_SALE_CHARGE,,,0,0,0,0,0,0.11,USD,PAYOUT,Insertion Fee
2025-01-01T01:19:17.315Z,NON_SALE_CHARGE,,,0,0,0,0,0,0.11,USD,PAYOUT,Insertion Fee
2025-01-01T01:19:17.293Z,NON_SALE_CHARGE,,,0,0,0,0,0,0.11,USD,PAYOUT,Insertion Fee
2025-01-01T01:19:17.289Z,NON_SALE_CHARGE,,,0,0,0,0,0,0.11,USD,PAYOUT,Insertion Fee
2025-01-01T01:19:17.286Z,NON_SALE_CHARGE,,,0,0,0,0,0,0.11,USD,PAYOUT,Insertion Fee
2025-01-01T01:19:17.232Z,NON_SALE_CHARGE,,,0,0,0,0,0,0.11,USD,PAYOUT,Insertion Fee
2025-01-01T01:19:17.229Z,NON_SALE_CHARGE,,,0,0,0,0,0,0.11,USD,PAYOUT,Insertion Fee
2025-01-01T01:19:17.225Z,NON_SALE_CHARGE,,,0,0,0,0,0,0.11,USD,PAYOUT,Insertion Fee
2025-01-01T01:19:17.225Z,NON_SALE_CHARGE,,,0,0,0,0,0,0.11,USD,PAYOUT,Insertion Fee
2025-01-01T01:19:17.211Z,NON_SALE_CHARGE,,,0,0,0,0,0,0.11,USD,PAYOUT,Insertion Fee
2025-01-01T01:19:17.208Z,NON_SALE_CHARGE,,,0,0,0,0,0,0.11,USD,PAYOUT,Insertion Fee
2025-01-01T01:19:17.202Z,NON_SALE_CHARGE,,,0,0,0,0,0,0.11,USD,PAYOUT,Insertion Fee
2025-01-01T01:19:17.174Z,NON_SALE_CHARGE,,,0,0,0,0,0,0.11,USD,PAYOUT,Insertion Fee
2025-01-01T01:19:17.156Z,NON_SALE_CHARGE,,,0,0,0,0,0,0.11,USD,PAYOUT,Insertion Fee
2025-01-01T01:19:17.147Z,NON_SALE_CHARGE,,,0,0,0,0,0,0.11,USD,PAYOUT,Insertion Fee
2025-01-01T01:19:17.018Z,NON_SALE_CHARGE,,,0,0,0,0,0,0.11,USD,PAYOUT,Insertion Fee
2025-01-01T01:19:16.984Z,NON_SALE_CHARGE,,,0,0,0,0,0,0.11,USD,PAYOUT,Insertion Fee
2025-01-01T01:19:16.983Z,NON_SALE_CHARGE,,,0,0,0,0,0,0.11,USD,PAYOUT,Insertion Fee
2025-01-01T01:19:16.936Z,NON_SALE_CHARGE,,,0,0,0,0,0,0.11,USD,PAYOUT,Insertion Fee
2025-01-01T01:19:16.934Z,NON_SALE_CHARGE,,,0,0,0,0,0,0.11,USD,PAYOUT,Insertion Fee
2025-01-01T01:19:16.911Z,NON_SALE_CHARGE,,,0,0,0,0,0,0.11,USD,PAYOUT,Insertion Fee
2025-01-01T01:19:16.894Z,NON_SALE_CHARGE,,,0,0,0,0,0,0.11,USD,PAYOUT,Insertion Fee
2025-01-01T01:19:16.869Z,NON_SALE_CHARGE,,,0,0,0,0,0,0.11,USD,PAYOUT,Insertion Fee
2025-01-01T01:19:16.857Z,NON_SALE_CHARGE,,,0,0,0,0,0,0.11,USD,PAYOUT,Insertion Fee
2025-01-01T01:19:16.854Z,NON_SALE_CHARGE,,,0,0,0,0,0,0.11,USD,PAYOUT,Insertion Fee
2025-01-01T01:19:16.847Z,NON_SALE_CHARGE,,,0,0,0,0,0,0.11,USD,PAYOUT,Insertion Fee
2025-01-01T01:19:16.838Z,NON_SALE_CHARGE,,,0,0,0,0,0,0.11,USD,PAYOUT,Insertion Fee
2025-01-01T01:19:16.837Z,NON_SALE_CHARGE,,,0,0,0,0,0,0.11,USD,PAYOUT,Insertion Fee
2025-01-01T01:19:16.836Z,NON_SALE_CHARGE,,,0,0,0,0,0,0.11,USD,PAYOUT,Insertion Fee
2025-01-01T01:19:16.820Z,NON_SALE_CHARGE,,,0,0,0,0,0,0.11,USD,PAYOUT,Insertion Fee
2025-01-01T01:19:16.805Z,NON_SALE_CHARGE,,,0,0,0,0,0,0.11,USD,PAYOUT,Insertion Fee
2025-01-01T01:19:16.782Z,NON_SALE_CHARGE,,,0,0,0,0,0,0.11,USD,PAYOUT,Insertion Fee
2025-01-01T01:19:16.754Z,NON_SALE_CHARGE,,,0,0,0,0,0,0.11,USD,PAYOUT,Insertion Fee
2025-01-01T01:19:16.713Z,NON_SALE_CHARGE,,,0,0,0,0,0,0.11,USD,PAYOUT,Insertion Fee
2025-01-01T01:19:16.698Z,NON_SALE_CHARGE,,,0,0,0,0,0,0.11,USD,PAYOUT,Insertion Fee
2025-01-01T01:19:16.616Z,NON_SALE_CHARGE,,,0,0,0,0,0,0.11,USD,PAYOUT,Insertion Fee
2025-01-01T01:19:16.605Z,NON_SALE_CHARGE,,,0,0,0,0,0,0.11,USD,PAYOUT,Insertion Fee
2025-01-01T01:19:16.598Z,NON_SALE_CHARGE,,,0,0,0,0,0,0.11,USD,PAYOUT,Insertion Fee
2025-01-01T01:19:16.563Z,NON_SALE_CHARGE,,,0,0,0,0,0,0.11,USD,PAYOUT,Insertion Fee
2025-01-01T01:19:16.534Z,NON_SALE_CHARGE,,,0,0,0,0,0,0.11,USD,PAYOUT,Insertion Fee
2025-01-01T01:19:16.521Z,NON_SALE_CHARGE,,,0,0,0,0,0,0.11,USD,PAYOUT,Insertion Fee
2025-01-01T01:19:16.489Z,NON_SALE_CHARGE,,,0,0,0,0,0,0.11,USD,PAYOUT,Insertion Fee
2025-01-01T01:19:16.481Z,NON_SALE_CHARGE,,,0,0,0,0,0,0.11,USD,PAYOUT,Insertion Fee
2025-01-01T01:19:16.476Z,NON_SALE_CHARGE,,,0,0,0,0,0,0.11,USD,PAYOUT,Insertion Fee
2025-01-01T01:19:16.434Z,NON_SALE_CHARGE,,,0,0,0,0,0,0.11,USD,PAYOUT,Insertion Fee
2025-01-01T01:19:16.433Z,NON_SALE_CHARGE,,,0,0,0,0,0,0.11,USD,PAYOUT,Insertion Fee
2025-01-01T01:19:16.432Z,NON_SALE_CHARGE,,,0,0,0,0,0,0.11,USD,PAYOUT,Insertion Fee
2025-01-01T01:19:16.382Z,NON_SALE_CHARGE,,,0,0,0,0,0,0.11,USD,PAYOUT,Insertion Fee
2025-01-01T01:19:16.382Z,NON_SALE_CHARGE,,,0,0,0,0,0,0.11,USD,PAYOUT,Insertion Fee
2025-01-01T01:19:16.347Z,NON_SALE_CHARGE,,,0,0,0,0,0,0.11,USD,PAYOUT,Insertion Fee
2025-01-01T01:19:16.287Z,NON_SALE_CHARGE,,,0,0,0,0,0,0.11,USD,PAYOUT,Insertion Fee
2025-01-01T01:19:16.281Z,NON_SALE_CHARGE,,,0,0,0,0,0,0.11,USD,PAYOUT,Insertion Fee
2025-01-01T01:19:16.275Z,NON_SALE_CHARGE,,,0,0,0,0,0,0.11,USD,PAYOUT,Insertion Fee
2025-01-01T01:19:16.253Z,NON_SALE_CHARGE,,,0,0,0,0,0,0.11,USD,PAYOUT,Insertion Fee
2025-01-01T01:19:16.252Z,NON_SALE_CHARGE,,,0,0,0,0,0,0.11,USD,PAYOUT,Insertion Fee
2025-01-01T01:19:16.242Z,NON_SALE_CHARGE,,,0,0,0,0,0,0.11,USD,PAYOUT,Insertion Fee
2025-01-01T01:19:16.230Z,NON_SALE_CHARGE,,,0,0,0,0,0,0.11,USD,PAYOUT,Insertion Fee
2025-01-01T01:19:16.224Z,NON_SALE_CHARGE,,,0,0,0,0,0,0.11,USD,PAYOUT,Insertion Fee
2025-01-01T01:19:16.222Z,NON_SALE_CHARGE,,,0,0,0,0,0,0.11,USD,PAYOUT,Insertion Fee
2025-01-01T01:19:16.190Z,NON_SALE_CHARGE,,,0,0,0,0,0,0.11,USD,PAYOUT,Insertion Fee
2025-01-01T01:19:16.189Z,NON_SALE_CHARGE,,,0,0,0,0,0,0.11,USD,PAYOUT,Insertion Fee
2025-01-01T01:19:16.172Z,NON_SALE_CHARGE,,,0,0,0,0,0,0.11,USD,PAYOUT,Insertion Fee
2025-01-01T01:19:16.150Z,NON_SALE_CHARGE,,,0,0,0,0,0,0.11,USD,PAYOUT,Insertion Fee
2025-01-01T01:19:16.143Z,NON_SALE_CHARGE,,,0,0,0,0,0,0.11,USD,PAYOUT,Insertion Fee
2025-01-01T01:19:16.138Z,NON_SALE_CHARGE,,,0,0,0,0,0,0.11,USD,PAYOUT,Insertion Fee
2025-01-01T01:19:16.114Z,NON_SALE_CHARGE,,,0,0,0,0,0,0.11,USD,PAYOUT,Insertion Fee
2025-01-01T01:19:16.112Z,NON_SALE_CHARGE,,,0,0,0,0,0,0.11,USD,PAYOUT,Insertion Fee
2025-01-01T01:19:16.101Z,NON_SALE_CHARGE,,,0,0,0,0,0,0.11,USD,PAYOUT,Insertion Fee
2025-01-01T01:19:16.073Z,NON_SALE_CHARGE,,,0,0,0,0,0,0.11,USD,PAYOUT,Insertion Fee
2025-01-01T01:19:16.049Z,NON_SALE_CHARGE,,,0,0,0,0,0,0.11,USD,PAYOUT,Insertion Fee
2025-01-01T01:19:15.965Z,NON_SALE_CHARGE,,,0,0,0,0,0,0.11,USD,PAYOUT,Insertion Fee
2025-01-01T01:19:15.963Z,NON_SALE_CHARGE,,,0,0,0,0,0,0.11,USD,PAYOUT,Insertion Fee
2025-01-01T01:19:15.896Z,NON_SALE_CHARGE,,,0,0,0,0,0,0.11,USD,PAYOUT,Insertion Fee
2025-01-01T01:19:15.869Z,NON_SALE_CHARGE,,,0,0,0,0,0,0.11,USD,PAYOUT,Insertion Fee
2025-01-01T01:19:15.865Z,NON_SALE_CHARGE,,,0,0,0,0,0,0.11,USD,PAYOUT,Insertion Fee
2025-01-01T01:19:15.861Z,NON_SALE_CHARGE,,,0,0,0,0,0,0.11,USD,PAYOUT,Insertion Fee
2025-01-01T01:19:15.858Z,NON_SALE_CHARGE,,,0,0,0,0,0,0.11,USD,PAYOUT,Insertion Fee
2025-01-01T01:19:15.834Z,NON_SALE_CHARGE,,,0,0,0,0,0,0.11,USD,PAYOUT,Insertion Fee
2025-01-01T01:19:15.819Z,NON_SALE_CHARGE,,,0,0,0,0,0,0.11,USD,PAYOUT,Insertion Fee
2025-01-01T01:19:15.810Z,NON_SALE_CHARGE,,,0,0,0,0,0,0.11,USD,PAYOUT,Insertion Fee
2025-01-01T01:19:15.792Z,NON_SALE_CHARGE,,,0,0,0,0,0,0.11,USD,PAYOUT,Insertion Fee
2025-01-01T01:19:15.769Z,NON_SALE_CHARGE,,,0,0,0,0,0,0.11,USD,PAYOUT,Insertion Fee
2025-01-01T01:19:15.750Z,NON_SALE_CHARGE,,,0,0,0,0,0,0.11,USD,PAYOUT,Insertion Fee
2025-01-01T01:19:15.706Z,NON_SALE_CHARGE,,,0,0,0,0,0,0.11,USD,PAYOUT,Insertion Fee
2025-01-01T01:19:15.653Z,NON_SALE_CHARGE,,,0,0,0,0,0,0.11,USD,PAYOUT,Insertion Fee
2025-01-01T01:19:15.633Z,NON_SALE_CHARGE,,,0,0,0,0,0,0.11,USD,PAYOUT,Insertion Fee
2025-01-01T01:19:15.593Z,NON_SALE_CHARGE,,,0,0,0,0,0,0.11,USD,PAYOUT,Insertion Fee
2025-01-01T01:19:15.583Z,NON_SALE_CHARGE,,,0,0,0,0,0,0.11,USD,PAYOUT,Insertion Fee
2025-01-01T01:19:15.563Z,NON_SALE_CHARGE,,,0,0,0,0,0,0.11,USD,PAYOUT,Insertion Fee
2025-01-01T01:19:15.555Z,NON_SALE_CHARGE,,,0,0,0,0,0,0.11,USD,PAYOUT,Insertion Fee
2025-01-01T01:19:15.530Z,NON_SALE_CHARGE,,,0,0,0,0,0,0.11,USD,PAYOUT,Insertion Fee
2025-01-01T01:19:15.528Z,NON_SALE_CHARGE,,,0,0,0,0,0,0.11,USD,PAYOUT,Insertion Fee
2025-01-01T01:19:15.514Z,NON_SALE_CHARGE,,,0,0,0,0,0,0.11,USD,PAYOUT,Insertion Fee
2025-01-01T01:19:15.500Z,NON_SALE_CHARGE,,,0,0,0,0,0,0.11,USD,PAYOUT,Insertion Fee
2025-01-01T01:19:15.498Z,NON_SALE_CHARGE,,,0,0,0,0,0,0.11,USD,PAYOUT,Insertion Fee
2025-01-01T01:19:15.494Z,NON_SALE_CHARGE,,,0,0,0,0,0,0.11,USD,PAYOUT,Insertion Fee
2025-01-01T01:19:15.482Z,NON_SALE_CHARGE,,,0,0,0,0,0,0.11,USD,PAYOUT,Insertion Fee
2025-01-01T01:19:15.471Z,NON_SALE_CHARGE,,,0,0,0,0,0,0.11,USD,PAYOUT,Insertion Fee
2025-01-01T01:19:15.453Z,NON_SALE_CHARGE,,,0,0,0,0,0,0.11,USD,PAYOUT,Insertion Fee
2025-01-01T01:19:15.450Z,NON_SALE_CHARGE,,,0,0,0,0,0,0.11,USD,PAYOUT,Insertion Fee
2025-01-01T01:19:15.439Z,NON_SALE_CHARGE,,,0,0,0,0,0,0.11,USD,PAYOUT,Insertion Fee
2025-01-01T01:19:15.425Z,NON_SALE_CHARGE,,,0,0,0,0,0,0.11,USD,PAYOUT,Insertion Fee
2025-01-01T01:19:15.425Z,NON_SALE_CHARGE,,,0,0,0,0,0,0.11,USD,PAYOUT,Insertion Fee
2025-01-01T01:19:15.421Z,NON_SALE_CHARGE,,,0,0,0,0,0,0.11,USD,PAYOUT,Insertion Fee
2025-01-01T01:19:15.414Z,NON_SALE_CHARGE,,,0,0,0,0,0,0.11,USD,PAYOUT,Insertion Fee
2025-01-01T01:19:15.407Z,NON_SALE_CHARGE,,,0,0,0,0,0,0.11,USD,PAYOUT,Insertion Fee
2025-01-01T01:19:15.350Z,NON_SALE_CHARGE,,,0,0,0,0,0,0.11,USD,PAYOUT,Insertion Fee
2025-01-01T01:19:15.279Z,NON_SALE_CHARGE,,,0,0,0,0,0,0.11,USD,PAYOUT,Insertion Fee
2025-01-01T01:19:15.278Z,NON_SALE_CHARGE,,,0,0,0,0,0,0.11,USD,PAYOUT,Insertion Fee
2025-01-01T01:19:15.260Z,NON_SALE_CHARGE,,,0,0,0,0,0,0.11,USD,PAYOUT,Insertion Fee
2025-01-01T01:19:15.241Z,NON_SALE_CHARGE,,,0,0,0,0,0,0.11,USD,PAYOUT,Insertion Fee
2025-01-01T01:19:15.226Z,NON_SALE_CHARGE,,,0,0,0,0,0,0.11,USD,PAYOUT,Insertion Fee
2025-01-01T01:19:15.225Z,NON_SALE_CHARGE,,,0,0,0,0,0,0.11,USD,PAYOUT,Insertion Fee
2025-01-01T01:19:15.202Z,NON_SALE_CHARGE,,,0,0,0,0,0,0.11,USD,PAYOUT,Insertion Fee
2025-01-01T01:19:15.140Z,NON_SALE_CHARGE,,,0,0,0,0,0,0.11,USD,PAYOUT,Insertion Fee
2025-01-01T01:19:15.114Z,NON_SALE_CHARGE,,,0,0,0,0,0,0.11,USD,PAYOUT,Insertion Fee
2025-01-01T01:19:15.099Z,NON_SALE_CHARGE,,,0,0,0,0,0,0.11,USD,PAYOUT,Insertion Fee
2025-01-01T01:19:15.094Z,NON_SALE_CHARGE,,,0,0,0,0,0,0.11,USD,PAYOUT,Insertion Fee
2025-01-01T01:19:15.078Z,NON_SALE_CHARGE,,,0,0,0,0,0,0.11,USD,PAYOUT,Insertion Fee
2025-01-01T01:19:15.054Z,NON_SALE_CHARGE,,,0,0,0,0,0,0.11,USD,PAYOUT,Insertion Fee
2025-01-01T01:19:14.993Z,NON_SALE_CHARGE,,,0,0,0,0,0,0.11,USD,PAYOUT,Insertion Fee
2025-01-01T01:19:14.948Z,NON_SALE_CHARGE,,,0,0,0,0,0,0.11,USD,PAYOUT,Insertion Fee
2025-01-01T01:19:14.914Z,NON_SALE_CHARGE,,,0,0,0,0,0,0.11,USD,PAYOUT,Insertion Fee
2025-01-01T01:19:14.883Z,NON_SALE_CHARGE,,,0,0,0,0,0,0.11,USD,PAYOUT,Insertion Fee
2025-01-01T01:19:14.882Z,NON_SALE_CHARGE,,,0,0,0,0,0,0.11,USD,PAYOUT,Insertion Fee
2025-01-01T01:19:14.880Z,NON_SALE_CHARGE,,,0,0,0,0,0,0.11,USD,PAYOUT,Insertion Fee
2025-01-01T01:19:14.876Z,NON_SALE_CHARGE,,,0,0,0,0,0,0.11,USD,PAYOUT,Insertion Fee
2025-01-01T01:19:14.820Z,NON_SALE_CHARGE,,,0,0,0,0,0,0.11,USD,PAYOUT,Insertion Fee
2025-01-01T01:19:14.799Z,NON_SALE_CHARGE,,,0,0,0,0,0,0.11,USD,PAYOUT,Insertion Fee
2025-01-01T01:19:14.791Z,NON_SALE_CHARGE,,,0,0,0,0,0,0.11,USD,PAYOUT,Insertion Fee
2025-01-01T01:19:14.790Z,NON_SALE_CHARGE,,,0,0,0,0,0,0.11,USD,PAYOUT,Insertion Fee
2025-01-01T01:19:14.776Z,NON_SALE_CHARGE,,,0,0,0,0,0,0.11,USD,PAYOUT,Insertion Fee
2025-01-01T01:19:14.771Z,NON_SALE_CHARGE,,,0,0,0,0,0,0.11,USD,PAYOUT,Insertion Fee
2025-01-01T01:19:14.753Z,NON_SALE_CHARGE,,,0,0,0,0,0,0.11,USD,PAYOUT,Insertion Fee
2025-01-01T01:19:14.752Z,NON_SALE_CHARGE,,,0,0,0,0,0,0.11,USD,PAYOUT,Insertion Fee
2025-01-01T01:19:14.742Z,NON_SALE_CHARGE,,,0,0,0,0,0,0.11,USD,PAYOUT,Insertion Fee
2025-01-01T01:19:14.621Z,NON_SALE_CHARGE,,,0,0,0,0,0,0.11,USD,PAYOUT,Insertion Fee
2025-01-01T01:19:14.599Z,NON_SALE_CHARGE,,,0,0,0,0,0,0.11,USD,PAYOUT,Insertion Fee
2025-01-01T01:19:14.585Z,NON_SALE_CHARGE,,,0,0,0,0,0,0.11,USD,PAYOUT,Insertion Fee
2025-01-01T01:19:14.579Z,NON_SALE_CHARGE,,,0,0,0,0,0,0.11,USD,PAYOUT,Insertion Fee
2025-01-01T01:19:14.543Z,NON_SALE_CHARGE,,,0,0,0,0,0,0.11,USD,PAYOUT,Insertion Fee
2025-01-01T01:19:14.543Z,NON_SALE_CHARGE,,,0,0,0,0,0,0.11,USD,PAYOUT,Insertion Fee
2025-01-01T01:19:14.541Z,NON_SALE_CHARGE,,,0,0,0,0,0,0.11,USD,PAYOUT,Insertion Fee
2025-01-01T01:19:14.523Z,NON_SALE_CHARGE,,,0,0,0,0,0,0.11,USD,PAYOUT,Insertion Fee
2025-01-01T01:19:14.520Z,NON_SALE_CHARGE,,,0,0,0,0,0,0.11,USD,PAYOUT,Insertion Fee
2025-01-01T01:19:14.490Z,NON_SALE_CHARGE,,,0,0,0,0,0,0.11,USD,PAYOUT,Insertion Fee
2025-01-01T01:19:14.474Z,NON_SALE_CHARGE,,,0,0,0,0,0,0.11,USD,PAYOUT,Insertion Fee
2025-01-01T01:19:14.470Z,NON_SALE_CHARGE,,,0,0,0,0,0,0.11,USD,PAYOUT,Insertion Fee
2025-01-01T01:19:14.452Z,NON_SALE_CHARGE,,,0,0,0,0,0,0.11,USD,PAYOUT,Insertion Fee
2025-01-01T01:19:14.447Z,NON_SALE_CHARGE,,,0,0,0,0,0,0.11,USD,PAYOUT,Insertion Fee
2025-01-01T01:19:14.420Z,NON_SALE_CHARGE,,,0,0,0,0,0,0.11,USD,PAYOUT,Insertion Fee
2025-01-01T01:19:14.397Z,NON_SALE_CHARGE,,,0,0,0,0,0,0.11,USD,PAYOUT,Insertion Fee
2025-01-01T01:19:14.307Z,NON_SALE_CHARGE,,,0,0,0,0,0,0.11,USD,PAYOUT,Insertion Fee
2025-01-01T01:19:14.277Z,NON_SALE_CHARGE,,,0,0,0,0,0,0.11,USD,PAYOUT,Insertion Fee
2025-01-01T01:19:14.233Z,NON_SALE_CHARGE,,,0,0,0,0,0,0.11,USD,PAYOUT,Insertion Fee
2025-01-01T01:19:14.210Z,NON_SALE_CHARGE,,,0,0,0,0,0,0.11,USD,PAYOUT,Insertion Fee
2025-01-01T01:19:14.187Z,NON_SALE_CHARGE,,,0,0,0,0,0,0.11,USD,PAYOUT,Insertion Fee
2025-01-01T01:19:14.187Z,NON_SALE_CHARGE,,,0,0,0,0,0,0.11,USD,PAYOUT,Insertion Fee
2025-01-01T01:19:14.153Z,NON_SALE_CHARGE,,,0,0,0,0,0,0.11,USD,PAYOUT,Insertion Fee
2025-01-01T01:19:14.142Z,NON_SALE_CHARGE,,,0,0,0,0,0,0.11,USD,PAYOUT,Insertion Fee
2025-01-01T01:19:14.129Z,NON_SALE_CHARGE,,,0,0,0,0,0,0.11,USD,PAYOUT,Insertion Fee
2025-01-01T01:19:14.126Z,NON_SALE_CHARGE,,,0,0,0,0,0,0.11,USD,PAYOUT,Insertion Fee
2025-01-01T01:19:14.122Z,NON_SALE_CHARGE,,,0,0,0,0,0,0.11,USD,PAYOUT,Insertion Fee
2025-01-01T01:19:14.101Z,NON_SALE_CHARGE,,,0,0,0,0,0,0.11,USD,PAYOUT,Insertion Fee
2025-01-01T01:19:14.097Z,NON_SALE_CHARGE,,,0,0,0,0,0,0.11,USD,PAYOUT,Insertion Fee
2025-01-01T01:19:14.083Z,NON_SALE_CHARGE,,,0,0,0,0,0,0.11,USD,PAYOUT,Insertion Fee
2025-01-01T01:19:14.052Z,NON_SALE_CHARGE,,,0,0,0,0,0,0.11,USD,PAYOUT,Insertion Fee
2025-01-01T01:19:14.025Z,NON_SALE_CHARGE,,,0,0,0,0,0,0.11,USD,PAYOUT,Insertion Fee
2025-01-01T01:19:14.015Z,NON_SALE_CHARGE,,,0,0,0,0,0,0.11,USD,PAYOUT,Insertion Fee
2025-01-01T01:19:14.013Z,NON_SALE_CHARGE,,,0,0,0,0,0,0.11,USD,PAYOUT,Insertion Fee
2025-01-01T01:19:13.958Z,NON_SALE_CHARGE,,,0,0,0,0,0,0.11,USD,PAYOUT,Insertion Fee
2025-01-01T01:19:13.847Z,NON_SALE_CHARGE,,,0,0,0,0,0,0.11,USD,PAYOUT,Insertion Fee
2025-01-01T01:19:13.845Z,NON_SALE_CHARGE,,,0,0,0,0,0,0.11,USD,PAYOUT,Insertion Fee
2025-01-01T01:19:13.834Z,NON_SALE_CHARGE,,,0,0,0,0,0,0.11,USD,PAYOUT,Insertion Fee
2025-01-01T01:19:13.795Z,NON_SALE_CHARGE,,,0,0,0,0,0,0.11,USD,PAYOUT,Insertion Fee
2025-01-01T01:19:13.778Z,NON_SALE_CHARGE,,,0,0,0,0,0,0.11,USD,PAYOUT,Insertion Fee
2025-01-01T01:19:13.757Z,NON_SALE_CHARGE,,,0,0,0,0,0,0.11,USD,PAYOUT,Insertion Fee
2025-01-01T01:19:13.757Z,NON_SALE_CHARGE,,,0,0,0,0,0,0.11,USD,PAYOUT,Insertion Fee
2025-01-01T01:19:13.736Z,NON_SALE_CHARGE,,,0,0,0,0,0,0.11,USD,PAYOUT,Insertion Fee
2025-01-01T01:19:13.734Z,NON_SALE_CHARGE,,,0,0,0,0,0,0.11,USD,PAYOUT,Insertion Fee
2025-01-01T01:19:13.685Z,NON_SALE_CHARGE,,,0,0,0,0,0,0.11,USD,PAYOUT,Insertion Fee
2025-01-01T01:19:13.680Z,NON_SALE_CHARGE,,,0,0,0,0,0,0.11,USD,PAYOUT,Insertion Fee
2025-01-01T01:19:13.635Z,NON_SALE_CHARGE,,,0,0,0,0,0,0.11,USD,PAYOUT,Insertion Fee
2025-01-01T01:19:13.592Z,NON_SALE_CHARGE,,,0,0,0,0,0,0.11,USD,PAYOUT,Insertion Fee
2025-01-01T01:19:13.548Z,NON_SALE_CHARGE,,,0,0,0,0,0,0.11,USD,PAYOUT,Insertion Fee
2025-01-01T01:19:13.501Z,NON_SALE_CHARGE,,,0,0,0,0,0,0.11,USD,PAYOUT,Insertion Fee
2025-01-01T01:19:13.496Z,NON_SALE_CHARGE,,,0,0,0,0,0,0.11,USD,PAYOUT,Insertion Fee
2025-01-01T01:19:13.487Z,NON_SALE_CHARGE,,,0,0,0,0,0,0.11,USD,PAYOUT,Insertion Fee
2025-01-01T01:19:13.483Z,NON_SALE_CHARGE,,,0,0,0,0,0,0.11,USD,PAYOUT,Insertion Fee
2025-01-01T01:19:13.457Z,NON_SALE_CHARGE,,,0,0,0,0,0,0.11,USD,PAYOUT,Insertion Fee
2025-01-01T01:19:13.456Z,NON_SALE_CHARGE,,,0,0,0,0,0,0.11,USD,PAYOUT,Insertion Fee
2025-01-01T01:19:13.453Z,NON_SALE_CHARGE,,,0,0,0,0,0,0.11,USD,PAYOUT,Insertion Fee
2025-01-01T01:19:13.452Z,NON_SALE_CHARGE,,,0,0,0,0,0,0.11,USD,PAYOUT,Insertion Fee
2025-01-01T01:19:13.446Z,NON_SALE_CHARGE,,,0,0,0,0,0,0.11,USD,PAYOUT,Insertion Fee
2025-01-01T01:19:13.441Z,NON_SALE_CHARGE,,,0,0,0,0,0,0.11,USD,PAYOUT,Insertion Fee
2025-01-01T01:19:13.437Z,NON_SALE_CHARGE,,,0,0,0,0,0,0.11,USD,PAYOUT,Insertion Fee
2025-01-01T01:19:13.426Z,NON_SALE_CHARGE,,,0,0,0,0,0,0.11,USD,PAYOUT,Insertion Fee
2025-01-01T01:19:13.383Z,NON_SALE_CHARGE,,,0,0,0,0,0,0.11,USD,PAYOUT,Insertion Fee
2025-01-01T01:19:13.374Z,NON_SALE_CHARGE,,,0,0,0,0,0,0.11,USD,PAYOUT,Insertion Fee
2025-01-01T01:19:13.374Z,NON_SALE_CHARGE,,,0,0,0,0,0,0.11,USD,PAYOUT,Insertion Fee
2025-01-01T01:19:13.363Z,NON_SALE_CHARGE,,,0,0,0,0,0,0.11,USD,PAYOUT,Insertion Fee
2025-01-01T01:19:13.361Z,NON_SALE_CHARGE,,,0,0,0,0,0,0.11,USD,PAYOUT,Insertion Fee
2025-01-01T01:19:13.351Z,NON_SALE_CHARGE,,,0,0,0,0,0,0.11,USD,PAYOUT,Insertion Fee
2025-01-01T01:19:13.346Z,NON_SALE_CHARGE,,,0,0,0,0,0,0.11,USD,PAYOUT,Insertion Fee
2025-01-01T01:19:13.344Z,NON_SALE_CHARGE,,,0,0,0,0,0,0.11,USD,PAYOUT,Insertion Fee
2025-01-01T01:19:13.276Z,NON_SALE_CHARGE,,,0,0,0,0,0,0.11,USD,PAYOUT,Insertion Fee
2025-01-01T01:19:13.184Z,NON_SALE_CHARGE,,,0,0,0,0,0,0.11,USD,PAYOUT,Insertion Fee
2025-01-01T01:19:13.156Z,NON_SALE_CHARGE,,,0,0,0,0,0,0.11,USD,PAYOUT,Insertion Fee
2025-01-01T01:19:13.146Z,NON_SALE_CHARGE,,,0,0,0,0,0,0.11,USD,PAYOUT,Insertion Fee
2025-01-01T01:19:13.134Z,NON_SALE_CHARGE,,,0,0,0,0,0,0.11,USD,PAYOUT,Insertion Fee
2025-01-01T01:19:13.096Z,NON_SALE_CHARGE,,,0,0,0,0,0,0.11,USD,PAYOUT,Insertion Fee
2025-01-01T01:19:13.088Z,NON_SALE_CHARGE,,,0,0,0,0,0,0.11,USD,PAYOUT,Insertion Fee
2025-01-01T01:19:13.084Z,NON_SALE_CHARGE,,,0,0,0,0,0,0.11,USD,PAYOUT,Insertion Fee
2025-01-01T01:19:13.073Z,NON_SALE_CHARGE,,,0,0,0,0,0,0.11,USD,PAYOUT,Insertion Fee
2025-01-01T01:19:13.052Z,NON_SALE_CHARGE,,,0,0,0,0,0,0.11,USD,PAYOUT,Insertion Fee
2025-01-01T01:19:13.042Z,NON_SALE_CHARGE,,,0,0,0,0,0,0.11,USD,PAYOUT,Insertion Fee
2025-01-01T01:19:13.024Z,NON_SALE_CHARGE,,,0,0,0,0,0,0.11,USD,PAYOUT,Insertion Fee
2025-01-01T01:19:13.002Z,NON_SALE_CHARGE,,,0,0,0,0,0,0.11,USD,PAYOUT,Insertion Fee
2025-01-01T01:19:12.957Z,NON_SALE_CHARGE,,,0,0,0,0,0,0.11,USD,PAYOUT,Insertion Fee
2025-01-01T01:19:12.823Z,NON_SALE_CHARGE,,,0,0,0,0,0,0.11,USD,PAYOUT,Insertion Fee
2025-01-01T01:19:12.815Z,NON_SALE_CHARGE,,,0,0,0,0,0,0.11,USD,PAYOUT,Insertion Fee
2025-01-01T01:19:12.814Z,NON_SALE_CHARGE,,,0,0,0,0,0,0.11,USD,PAYOUT,Insertion Fee
2025-01-01T01:19:12.790Z,NON_SALE_CHARGE,,,0,0,0,0,0,0.11,USD,PAYOUT,Insertion Fee
2025-01-01T01:19:12.781Z,NON_SALE_CHARGE,,,0,0,0,0,0,0.11,USD,PAYOUT,Insertion Fee
2025-01-01T01:19:12.770Z,NON_SALE_CHARGE,,,0,0,0,0,0,0.11,USD,PAYOUT,Insertion Fee
2025-01-01T01:19:12.769Z,NON_SALE_CHARGE,,,0,0,0,0,0,0.11,USD,PAYOUT,Insertion Fee
2025-01-01T01:19:12.756Z,NON_SALE_CHARGE,,,0,0,0,0,0,0.11,USD,PAYOUT,Insertion Fee
2025-01-01T01:19:12.725Z,NON_SALE_CHARGE,,,0,0,0,0,0,0.11,USD,PAYOUT,Insertion Fee
2025-01-01T01:19:12.700Z,NON_SALE_CHARGE,,,0,0,0,0,0,0.11,USD,PAYOUT,Insertion Fee
2025-01-01T01:19:12.696Z,NON_SALE_CHARGE,,,0,0,0,0,0,0.11,USD,PAYOUT,Insertion Fee
2025-01-01T01:19:12.645Z,NON_SALE_CHARGE,,,0,0,0,0,0,0.11,USD,PAYOUT,Insertion Fee
2025-01-01T01:19:12.640Z,NON_SALE_CHARGE,,,0,0,0,0,0,0.11,USD,PAYOUT,Insertion Fee
2025-01-01T01:19:12.632Z,NON_SALE_CHARGE,,,0,0,0,0,0,0.11,USD,PAYOUT,Insertion Fee
2025-01-01T01:19:12.615Z,NON_SALE_CHARGE,,,0,0,0,0,0,0.11,USD,PAYOUT,Insertion Fee
2025-01-01T01:19:12.613Z,NON_SALE_CHARGE,,,0,0,0,0,0,0.11,USD,PAYOUT,Insertion Fee
2025-01-01T01:19:12.606Z,NON_SALE_CHARGE,,,0,0,0,0,0,0.11,USD,PAYOUT,Insertion Fee
2025-01-01T01:19:12.571Z,NON_SALE_CHARGE,,,0,0,0,0,0,0.11,USD,PAYOUT,Insertion Fee
2025-01-01T01:19:12.528Z,NON_SALE_CHARGE,,,0,0,0,0,0,0.11,USD,PAYOUT,Insertion Fee
2025-01-01T01:19:12.488Z,NON_SALE_CHARGE,,,0,0,0,0,0,0.11,USD,PAYOUT,Insertion Fee
2025-01-01T01:19:12.481Z,NON_SALE_CHARGE,,,0,0,0,0,0,0.11,USD,PAYOUT,Insertion Fee
2025-01-01T01:19:12.473Z,NON_SALE_CHARGE,,,0,0,0,0,0,0.11,USD,PAYOUT,Insertion Fee
2025-01-01T01:19:12.438Z,NON_SALE_CHARGE,,,0,0,0,0,0,0.11,USD,PAYOUT,Insertion Fee
2025-01-01T01:19:12.431Z,NON_SALE_CHARGE,,,0,0,0,0,0,0.11,USD,PAYOUT,Insertion Fee
2025-01-01T01:19:12.419Z,NON_SALE_CHARGE,,,0,0,0,0,0,0.11,USD,PAYOUT,Insertion Fee
2025-01-01T01:19:12.413Z,NON_SALE_CHARGE,,,0,0,0,0,0,0.11,USD,PAYOUT,Insertion Fee
2025-01-01T01:19:12.406Z,NON_SALE_CHARGE,,,0,0,0,0,0,0.11,USD,PAYOUT,Insertion Fee
2025-01-01T01:19:12.398Z,NON_SALE_CHARGE,,,0,0,0,0,0,0.11,USD,PAYOUT,Insertion Fee
2025-01-01T01:19:12.393Z,NON_SALE_CHARGE,,,0,0,0,0,0,0.11,USD,PAYOUT,Insertion Fee
2025-01-01T01:19:12.383Z,NON_SALE_CHARGE,,,0,0,0,0,0,0.11,USD,PAYOUT,Insertion Fee
2025-01-01T01:19:12.379Z,NON_SALE_CHARGE,,,0,0,0,0,0,0.11,USD,PAYOUT,Insertion Fee
2025-01-01T01:19:12.317Z,NON_SALE_CHARGE,,,0,0,0,0,0,0.11,USD,PAYOUT,Insertion Fee
2025-01-01T01:19:12.314Z,NON_SALE_CHARGE,,,0,0,0,0,0,0.11,USD,PAYOUT,Insertion Fee
2025-01-01T01:19:12.295Z,NON_SALE_CHARGE,,,0,0,0,0,0,0.11,USD,PAYOUT,Insertion Fee
2025-01-01T01:19:12.284Z,NON_SALE_CHARGE,,,0,0,0,0,0,0.11,USD,PAYOUT,Insertion Fee
2025-01-01T01:19:12.277Z,NON_SALE_CHARGE,,,0,0,0,0,0,0.11,USD,PAYOUT,Insertion Fee
2025-01-01T01:19:12.266Z,NON_SALE_CHARGE,,,0,0,0,0,0,0.11,USD,PAYOUT,Insertion Fee
2025-01-01T01:19:12.244Z,NON_SALE_CHARGE,,,0,0,0,0,0,0.11,USD,PAYOUT,Insertion Fee
2025-01-01T01:19:12.229Z,NON_SALE_CHARGE,,,0,0,0,0,0,0.11,USD,PAYOUT,Insertion Fee
2025-01-01T01:19:12.174Z,NON_SALE_CHARGE,,,0,0,0,0,0,0.11,USD,PAYOUT,Insertion Fee
2025-01-01T01:19:12.172Z,NON_SALE_CHARGE,,,0,0,0,0,0,0.11,USD,PAYOUT,Insertion Fee
2025-01-01T01:19:12.171Z,NON_SALE_CHARGE,,,0,0,0,0,0,0.11,USD,PAYOUT,Insertion Fee
2025-01-01T01:19:12.152Z,NON_SALE_CHARGE,,,0,0,0,0,0,0.11,USD,PAYOUT,Insertion Fee
2025-01-01T01:19:12.112Z,NON_SALE_CHARGE,,,0,0,0,0,0,0.11,USD,PAYOUT,Insertion Fee
2025-01-01T01:19:12.102Z,NON_SALE_CHARGE,,,0,0,0,0,0,0.11,USD,PAYOUT,Insertion Fee
2025-01-01T01:19:12.098Z,NON_SALE_CHARGE,,,0,0,0,0,0,0.11,USD,PAYOUT,Insertion Fee
2025-01-01T01:19:12.010Z,NON_SALE_CHARGE,,,0,0,0,0,0,0.11,USD,PAYOUT,Insertion Fee
2025-01-01T01:19:12.003Z,NON_SALE_CHARGE,,,0,0,0,0,0,0.11,USD,PAYOUT,Insertion Fee
2025-01-01T01:19:11.952Z,NON_SALE_CHARGE,,,0,0,0,0,0,0.11,USD,PAYOUT,Insertion Fee
2025-01-01T01:19:11.952Z,NON_SALE_CHARGE,,,0,0,0,0,0,0.11,USD,PAYOUT,Insertion Fee
2025-01-01T01:19:11.931Z,NON_SALE_CHARGE,,,0,0,0,0,0,0.11,USD,PAYOUT,Insertion Fee
2025-01-01T01:19:11.926Z,NON_SALE_CHARGE,,,0,0,0,0,0,0.11,USD,PAYOUT,Insertion Fee
2025-01-01T01:19:11.911Z,NON_SALE_CHARGE,,,0,0,0,0,0,0.11,USD,PAYOUT,Insertion Fee
2025-01-01T01:19:11.878Z,NON_SALE_CHARGE,,,0,0,0,0,0,0.11,USD,PAYOUT,Insertion Fee
2025-01-01T01:19:11.823Z,NON_SALE_CHARGE,,,0,0,0,0,0,0.11,USD,PAYOUT,Insertion Fee
2025-01-01T01:19:11.803Z,NON_SALE_CHARGE,,,0,0,0,0,0,0.11,USD,PAYOUT,Insertion Fee
2025-01-01T01:19:11.778Z,NON_SALE_CHARGE,,,0,0,0,0,0,0.11,USD,PAYOUT,Insertion Fee
2025-01-01T01:19:11.701Z,NON_SALE_CHARGE,,,0,0,0,0,0,0.11,USD,PAYOUT,Insertion Fee
2025-01-01T01:19:11.672Z,NON_SALE_CHARGE,,,0,0,0,0,0,0.11,USD,PAYOUT,Insertion Fee
2025-01-01T01:19:11.666Z,NON_SALE_CHARGE,,,0,0,0,0,0,0.11,USD,PAYOUT,Insertion Fee
2025-01-01T01:19:11.660Z,NON_SALE_CHARGE,,,0,0,0,0,0,0.11,USD,PAYOUT,Insertion Fee
2025-01-01T01:19:11.654Z,NON_SALE_CHARGE,,,0,0,0,0,0,0.11,USD,PAYOUT,Insertion Fee
2025-01-01T01:19:11.635Z,NON_SALE_CHARGE,,,0,0,0,0,0,0.11,USD,PAYOUT,Insertion Fee
2025-01-01T01:19:11.632Z,NON_SALE_CHARGE,,,0,0,0,0,0,0.11,USD,PAYOUT,Insertion Fee
2025-01-01T01:19:11.614Z,NON_SALE_CHARGE,,,0,0,0,0,0,0.11,USD,PAYOUT,Insertion Fee
2025-01-01T01:19:11.609Z,NON_SALE_CHARGE,,,0,0,0,0,0,0.11,USD,PAYOUT,Insertion Fee
2025-01-01T01:19:11.595Z,NON_SALE_CHARGE,,,0,0,0,0,0,0.11,USD,PAYOUT,Insertion Fee
2025-01-01T01:19:11.581Z,NON_SALE_CHARGE,,,0,0,0,0,0,0.11,USD,PAYOUT,Insertion Fee
2025-01-01T01:19:11.581Z,NON_SALE_CHARGE,,,0,0,0,0,0,0.11,USD,PAYOUT,Insertion Fee
2025-01-01T01:19:11.581Z,NON_SALE_CHARGE,,,0,0,0,0,0,0.11,USD,PAYOUT,Insertion Fee
2025-01-01T01:19:11.562Z,NON_SALE_CHARGE,,,0,0,0,0,0,0.11,USD,PAYOUT,Insertion Fee
2025-01-01T01:19:11.538Z,NON_SALE_CHARGE,,,0,0,0,0,0,0.11,USD,PAYOUT,Insertion Fee
2025-01-01T01:19:11.538Z,NON_SALE_CHARGE,,,0,0,0,0,0,0.11,USD,PAYOUT,Insertion Fee
2025-01-01T01:19:11.531Z,NON_SALE_CHARGE,,,0,0,0,0,0,0.11,USD,PAYOUT,Insertion Fee
2025-01-01T01:19:11.528Z,NON_SALE_CHARGE,,,0,0,0,0,0,0.11,USD,PAYOUT,Insertion Fee
2025-01-01T01:19:11.521Z,NON_SALE_CHARGE,,,0,0,0,0,0,0.11,USD,PAYOUT,Insertion Fee
2025-01-01T01:19:11.512Z,NON_SALE_CHARGE,,,0,0,0,0,0,0.11,USD,PAYOUT,Insertion Fee
2025-01-01T01:19:11.511Z,NON_SALE_CHARGE,,,0,0,0,0,0,0.11,USD,PAYOUT,Insertion Fee
2025-01-01T01:19:11.511Z,NON_SALE_CHARGE,,,0,0,0,0,0,0.11,USD,PAYOUT,Insertion Fee
2025-01-01T01:19:11.494Z,NON_SALE_CHARGE,,,0,0,0,0,0,0.11,USD,PAYOUT,Insertion Fee
2025-01-01T01:19:11.477Z,NON_SALE_CHARGE,,,0,0,0,0,0,0.11,USD,PAYOUT,Insertion Fee
2025-01-01T01:19:11.454Z,NON_SALE_CHARGE,,,0,0,0,0,0,0.11,USD,PAYOUT,Insertion Fee
2025-01-01T01:19:11.414Z,NON_SALE_CHARGE,,,0,0,0,0,0,0.11,USD,PAYOUT,Insertion Fee
2025-01-01T01:19:11.327Z,NON_SALE_CHARGE,,,0,0,0,0,0,0.11,USD,PAYOUT,Insertion Fee
2025-01-01T01:19:11.326Z,NON_SALE_CHARGE,,,0,0,0,0,0,0.11,USD,PAYOUT,Insertion Fee
2025-01-01T01:19:11.312Z,NON_SALE_CHARGE,,,0,0,0,0,0,0.11,USD,PAYOUT,Insertion Fee
2025-01-01T01:19:11.285Z,NON_SALE_CHARGE,,,0,0,0,0,0,0.11,USD,PAYOUT,Insertion Fee
2025-01-01T01:19:11.281Z,NON_SALE_CHARGE,,,0,0,0,0,0,0.11,USD,PAYOUT,Insertion Fee
2025-01-01T01:19:11.253Z,NON_SALE_CHARGE,,,0,0,0,0,0,0.11,USD,PAYOUT,Insertion Fee
2025-01-01T01:19:11.228Z,NON_SALE_CHARGE,,,0,0,0,0,0,0.11,USD,PAYOUT,Insertion Fee
2025-01-01T01:19:11.189Z,NON_SALE_CHARGE,,,0,0,0,0,0,0.11,USD,PAYOUT,Insertion Fee
2025-01-01T01:19:11.187Z,NON_SALE_CHARGE,,,0,0,0,0,0,0.11,USD,PAYOUT,Insertion Fee
2025-01-01T01:19:11.179Z,NON_SALE_CHARGE,,,0,0,0,0,0,0.11,USD,PAYOUT,Insertion Fee
2025-01-01T01:19:11.170Z,NON_SALE_CHARGE,,,0,0,0,0,0,0.11,USD,PAYOUT,Insertion Fee
2025-01-01T01:19:11.137Z,NON_SALE_CHARGE,,,0,0,0,0,0,0.11,USD,PAYOUT,Insertion Fee
2025-01-01T01:19:11.121Z,NON_SALE_CHARGE,,,0,0,0,0,0,0.11,USD,PAYOUT,Insertion Fee
2025-01-01T01:19:11.009Z,NON_SALE_CHARGE,,,0,0,0,0,0,0.11,USD,PAYOUT,Insertion Fee
2025-01-01T01:19:10.978Z,NON_SALE_CHARGE,,,0,0,0,0,0,0.11,USD,PAYOUT,Insertion Fee
2025-01-01T01:19:10.941Z,NON_SALE_CHARGE,,,0,0,0,0,0,0.11,USD,PAYOUT,Insertion Fee
2025-01-01T01:19:10.872Z,NON_SALE_CHARGE,,,0,0,0,0,0,0.11,USD,PAYOUT,Insertion Fee
2025-01-01T01:19:10.870Z,NON_SALE_CHARGE,,,0,0,0,0,0,0.11,USD,PAYOUT,Insertion Fee
2025-01-01T01:19:10.869Z,NON_SALE_CHARGE,,,0,0,0,0,0,0.11,USD,PAYOUT,Insertion Fee
2025-01-01T01:19:10.869Z,NON_SALE_CHARGE,,,0,0,0,0,0,0.11,USD,PAYOUT,Insertion Fee
2025-01-01T01:19:10.865Z,NON_SALE_CHARGE,,,0,0,0,0,0,0.11,USD,PAYOUT,Insertion Fee
2025-01-01T01:19:10.865Z,NON_SALE_CHARGE,,,0,0,0,0,0,0.11,USD,PAYOUT,Insertion Fee
2025-01-01T01:19:10.860Z,NON_SALE_CHARGE,,,0,0,0,0,0,0.11,USD,PAYOUT,Insertion Fee
2025-01-01T01:19:10.860Z,NON_SALE_CHARGE,,,0,0,0,0,0,0.11,USD,PAYOUT,Insertion Fee
2025-01-01T01:19:10.860Z,NON_SALE_CHARGE,,,0,0,0,0,0,0.11,USD,PAYOUT,Insertion Fee
2025-01-01T01:19:10.859Z,NON_SALE_CHARGE,,,0,0,0,0,0,0.11,USD,PAYOUT,Insertion Fee
2025-01-01T01:19:10.844Z,NON_SALE_CHARGE,,,0,0,0,0,0,0.11,USD,PAYOUT,Insertion Fee
2025-01-01T01:19:10.835Z,NON_SALE_CHARGE,,,0,0,0,0,0,0.11,USD,PAYOUT,Insertion Fee
2025-01-01T01:19:10.762Z,NON_SALE_CHARGE,,,0,0,0,0,0,0.11,USD,PAYOUT,Insertion Fee
2025-01-01T01:19:10.689Z,NON_SALE_CHARGE,,,0,0,0,0,0,0.11,USD,PAYOUT,Insertion Fee
2025-01-01T01:19:10.618Z,NON_SALE_CHARGE,,,0,0,0,0,0,0.11,USD,PAYOUT,Insertion Fee
2025-01-01T01:19:10.493Z,NON_SALE_CHARGE,,,0,0,0,0,0,0.11,USD,PAYOUT,Insertion Fee
2025-01-01T01:19:10.357Z,NON_SALE_CHARGE,,,0,0,0,0,0,0.11,USD,PAYOUT,Insertion Fee
2025-01-01T01:19:10.281Z,NON_SALE_CHARGE,,,0,0,0,0,0,0.11,USD,PAYOUT,Insertion Fee
2025-01-01T01:19:10.261Z,NON_SALE_CHARGE,,,0,0,0,0,0,0.11,USD,PAYOUT,Insertion Fee
2025-01-01T01:19:10.210Z,NON_SALE_CHARGE,,,0,0,0,0,0,0.11,USD,PAYOUT,Insertion Fee
2025-01-01T01:19:10.186Z,NON_SALE_CHARGE,,,0,0,0,0,0,0.11,USD,PAYOUT,Insertion Fee
2025-01-01T01:19:10.185Z,NON_SALE_CHARGE,,,0,0,0,0,0,0.11,USD,PAYOUT,Insertion Fee
2025-01-01T01:19:10.148Z,NON_SALE_CHARGE,,,0,0,0,0,0,0.11,USD,PAYOUT,Insertion Fee
2025-01-01T01:19:09.981Z,NON_SALE_CHARGE,,,0,0,0,0,0,0.11,USD,PAYOUT,Insertion Fee
2025-01-01T01:19:09.910Z,NON_SALE_CHARGE,,,0,0,0,0,0,0.11,USD,PAYOUT,Insertion Fee
2025-01-01T01:19:09.861Z,NON_SALE_CHARGE,,,0,0,0,0,0,0.11,USD,PAYOUT,Insertion Fee
2025-01-01T01:19:09.724Z,NON_SALE_CHARGE,,,0,0,0,0,0,0.11,USD,PAYOUT,Insertion Fee
2025-01-01T01:19:09.634Z,NON_SALE_CHARGE,,,0,0,0,0,0,0.11,USD,PAYOUT,Insertion Fee
2025-01-01T01:19:09.575Z,NON_SALE_CHARGE,,,0,0,0,0,0,0.11,USD,PAYOUT,Insertion Fee
2025-01-01T01:19:09.566Z,NON_SALE_CHARGE,,,0,0,0,0,0,0.11,USD,PAYOUT,Insertion Fee
2025-01-01T01:19:09.556Z,NON_SALE_CHARGE,,,0,0,0,0,0,0.11,USD,PAYOUT,Insertion Fee
2025-01-01T01:19:09.500Z,NON_SALE_CHARGE,,,0,0,0,0,0,0.11,USD,PAYOUT,Insertion Fee
2025-01-01T01:19:09.385Z,NON_SALE_CHARGE,,,0,0,0,0,0,0.11,USD,PAYOUT,Insertion Fee
2025-01-01T01:19:09.255Z,NON_SALE_CHARGE,,,0,0,0,0,0,0.11,USD,PAYOUT,Insertion Fee
2025-01-01T01:19:09.194Z,NON_SALE_CHARGE,,,0,0,0,0,0,0.11,USD,PAYOUT,Insertion Fee
2025-01-01T01:19:08.952Z,NON_SALE_CHARGE,,,0,0,0,0,0,0.11,USD,PAYOUT,Insertion Fee
2025-01-01T01:19:08.914Z,NON_SALE_CHARGE,,,0,0,0,0,0,0.11,USD,PAYOUT,Insertion Fee
2025-01-01T01:19:08.903Z,NON_SALE_CHARGE,,,0,0,0,0,0,0.11,USD,PAYOUT,Insertion Fee
2025-01-01T01:19:08.899Z,NON_SALE_CHARGE,,,0,0,0,0,0,0.11,USD,PAYOUT,Insertion Fee
2025-01-01T01:19:08.856Z,NON_SALE_CHARGE,,,0,0,0,0,0,0.11,USD,PAYOUT,Insertion Fee
2025-01-01T01:19:08.835Z,NON_SALE_CHARGE,,,0,0,0,0,0,0.11,USD,PAYOUT,Insertion Fee
2025-01-01T01:19:08.835Z,NON_SALE_CHARGE,,,0,0,0,0,0,0.11,USD,PAYOUT,Insertion Fee
2025-01-01T01:19:08.693Z,NON_SALE_CHARGE,,,0,0,0,0,0,0.11,USD,PAYOUT,Insertion Fee
2025-01-01T01:19:08.585Z,NON_SALE_CHARGE,,,0,0,0,0,0,0.11,USD,PAYOUT,Insertion Fee
2025-01-01T01:19:08.575Z,NON_SALE_CHARGE,,,0,0,0,0,0,0.11,USD,PAYOUT,Insertion Fee
2025-01-01T01:19:08.305Z,NON_SALE_CHARGE,,,0,0,0,0,0,0.11,USD,PAYOUT,Insertion Fee
2025-01-01T01:19:08.266Z,NON_SALE_CHARGE,,,0,0,0,0,0,0.11,USD,PAYOUT,Insertion Fee
2025-01-01T01:19:08.260Z,NON_SALE_CHARGE,,,0,0,0,0,0,0.11,USD,PAYOUT,Insertion Fee
2025-01-01T01:19:08.253Z,NON_SALE_CHARGE,,,0,0,0,0,0,0.11,USD,PAYOUT,Insertion Fee
2025-01-01T01:19:08.198Z,NON_SALE_CHARGE,,,0,0,0,0,0,0.11,USD,PAYOUT,Insertion Fee
2025-01-01T01:19:08.128Z,NON_SALE_CHARGE,,,0,0,0,0,0,0.11,USD,PAYOUT,Insertion Fee
2025-01-01T01:19:08.071Z,NON_SALE_CHARGE,,,0,0,0,0,0,0.11,USD,PAYOUT,Insertion Fee
2025-01-01T01:19:07.940Z,NON_SALE_CHARGE,,,0,0,0,0,0,0.11,USD,PAYOUT,Insertion Fee
2025-01-01T01:19:07.937Z,NON_SALE_CHARGE,,,0,0,0,0,0,0.11,USD,PAYOUT,Insertion Fee
2025-01-01T01:19:07.889Z,NON_SALE_CHARGE,,,0,0,0,0,0,0.11,USD,PAYOUT,Insertion Fee
2025-01-01T01:19:07.659Z,NON_SALE_CHARGE,,,0,0,0,0,0,0.11,USD,PAYOUT,Insertion Fee
2025-01-01T01:19:07.654Z,NON_SALE_CHARGE,,,0,0,0,0,0,0.11,USD,PAYOUT,Insertion Fee
2025-01-01T01:19:07.609Z,NON_SALE_CHARGE,,,0,0,0,0,0,0.11,USD,PAYOUT,Insertion Fee
2025-01-01T01:19:07.536Z,NON_SALE_CHARGE,,,0,0,0,0,0,0.11,USD,PAYOUT,Insertion Fee
2025-01-01T01:19:07.528Z,NON_SALE_CHARGE,,,0,0,0,0,0,0.11,USD,PAYOUT,Insertion Fee
2025-01-01T01:19:07.498Z,NON_SALE_CHARGE,,,0,0,0,0,0,0.11,USD,PAYOUT,Insertion Fee
2025-01-01T01:19:07.453Z,NON_SALE_CHARGE,,,0,0,0,0,0,0.11,USD,PAYOUT,Insertion Fee
2025-01-01T01:19:07.258Z,NON_SALE_CHARGE,,,0,0,0,0,0,0.11,USD,PAYOUT,Insertion Fee
2025-01-01T01:19:07.249Z,NON_SALE_CHARGE,,,0,0,0,0,0,0.11,USD,PAYOUT,Insertion Fee
2025-01-01T01:19:07.226Z,NON_SALE_CHARGE,,,0,0,0,0,0,0.11,USD,PAYOUT,Insertion Fee
2025-01-01T01:19:07.005Z,NON_SALE_CHARGE,,,0,0,0,0,0,0.11,USD,PAYOUT,Insertion Fee
2025-01-01T01:19:06.998Z,NON_SALE_CHARGE,,,0,0,0,0,0,0.11,USD,PAYOUT,Insertion Fee
2025-01-01T01:19:06.871Z,NON_SALE_CHARGE,,,0,0,0,0,0,0.11,USD,PAYOUT,Insertion Fee
2025-01-01T01:19:06.850Z,NON_SALE_CHARGE,,,0,0,0,0,0,0.11,USD,PAYOUT,Insertion Fee
2025-01-01T01:19:06.842Z,NON_SALE_CHARGE,,,0,0,0,0,0,0.11,USD,PAYOUT,Insertion Fee
2025-01-01T01:19:06.794Z,NON_SALE_CHARGE,,,0,0,0,0,0,0.11,USD,PAYOUT,Insertion Fee
2025-01-01T01:19:06.591Z,NON_SALE_CHARGE,,,0,0,0,0,0,0.11,USD,PAYOUT,Insertion Fee
2025-01-01T01:19:06.541Z,NON_SALE_CHARGE,,,0,0,0,0,0,0.11,USD,PAYOUT,Insertion Fee
2025-01-01T01:19:06.365Z,NON_SALE_CHARGE,,,0,0,0,0,0,0.11,USD,PAYOUT,Insertion Fee
2025-01-01T01:19:06.320Z,NON_SALE_CHARGE,,,0,0,0,0,0,0.11,USD,PAYOUT,Insertion Fee
2025-01-01T01:19:06.278Z,NON_SALE_CHARGE,,,0,0,0,0,0,0.11,USD,PAYOUT,Insertion Fee
2025-01-01T01:19:06.230Z,NON_SALE_CHARGE,,,0,0,0,0,0,0.11,USD,PAYOUT,Insertion Fee
2025-01-01T01:19:06.162Z,NON_SALE_CHARGE,,,0,0,0,0,0,0.11,USD,PAYOUT,Insertion Fee
2025-01-01T01:19:06.157Z,NON_SALE_CHARGE,,,0,0,0,0,0,0.11,USD,PAYOUT,Insertion Fee
2025-01-01T01:19:06.126Z,NON_SALE_CHARGE,,,0,0,0,0,0,0.11,USD,PAYOUT,Insertion Fee
2025-01-01T01:19:05.941Z,NON_SALE_CHARGE,,,0,0,0,0,0,0.11,USD,PAYOUT,Insertion Fee
2025-01-01T01:19:05.908Z,NON_SALE_CHARGE,,,0,0,0,0,0,0.11,USD,PAYOUT,Insertion Fee
2025-01-01T01:19:05.892Z,NON_SALE_CHARGE,,,0,0,0,0,0,0.11,USD,PAYOUT,Insertion Fee
2025-01-01T01:19:05.708Z,NON_SALE_CHARGE,,,0,0,0,0,0,0.11,USD,PAYOUT,Insertion Fee
2025-01-01T01:19:05.634Z,NON_SALE_CHARGE,,,0,0,0,0,0,0.11,USD,PAYOUT,Insertion Fee
2025-01-01T01:19:05.585Z,NON_SALE_CHARGE,,,0,0,0,0,0,0.11,USD,PAYOUT,Insertion Fee
2025-01-01T01:19:05.508Z,NON_SALE_CHARGE,,,0,0,0,0,0,0.11,USD,PAYOUT,Insertion Fee
2025-01-01T01:19:05.507Z,NON_SALE_CHARGE,,,0,0,0,0,0,0.11,USD,PAYOUT,Insertion Fee
2025-01-01T01:19:05.507Z,NON_SALE_CHARGE,,,0,0,0,0,0,0.11,USD,PAYOUT,Insertion Fee
2025-01-01T01:19:05.461Z,NON_SALE_CHARGE,,,0,0,0,0,0,0.11,USD,PAYOUT,Insertion Fee
2025-01-01T01:19:05.268Z,NON_SALE_CHARGE,,,0,0,0,0,0,0.11,USD,PAYOUT,Insertion Fee
2025-01-01T01:19:05.239Z,NON_SALE_CHARGE,,,0,0,0,0,0,0.11,USD,PAYOUT,Insertion Fee
2025-01-01T01:19:05.229Z,NON_SALE_CHARGE,,,0,0,0,0,0,0.11,USD,PAYOUT,Insertion Fee
2025-01-01T01:19:05.045Z,NON_SALE_CHARGE,,,0,0,0,0,0,0.11,USD,PAYOUT,Insertion Fee
2025-01-01T01:19:05.003Z,NON_SALE_CHARGE,,,0,0,0,0,0,0.11,USD,PAYOUT,Insertion Fee
2025-01-01T01:19:04.906Z,NON_SALE_CHARGE,,,0,0,0,0,0,0.11,USD,PAYOUT,Insertion Fee
2025-01-01T01:19:04.865Z,NON_SALE_CHARGE,,,0,0,0,0,0,0.11,USD,PAYOUT,Insertion Fee
2025-01-01T01:19:04.824Z,NON_SALE_CHARGE,,,0,0,0,0,0,0.11,USD,PAYOUT,Insertion Fee
2025-01-01T01:19:04.817Z,NON_SALE_CHARGE,,,0,0,0,0,0,0.11,USD,PAYOUT,Insertion Fee
2025-01-01T01:19:04.809Z,NON_SALE_CHARGE,,,0,0,0,0,0,0.11,USD,PAYOUT,Insertion Fee
2025-01-01T01:19:04.582Z,NON_SALE_CHARGE,,,0,0,0,0,0,0.11,USD,PAYOUT,Insertion Fee
2025-01-01T01:19:04.572Z,NON_SALE_CHARGE,,,0,0,0,0,0,0.11,USD,PAYOUT,Insertion Fee
2025-01-01T01:19:04.552Z,NON_SALE_CHARGE,,,0,0,0,0,0,0.11,USD,PAYOUT,Insertion Fee
2025-01-01T01:19:04.369Z,NON_SALE_CHARGE,,,0,0,0,0,0,0.11,USD,PAYOUT,Insertion Fee
2025-01-01T01:19:04.258Z,NON_SALE_CHARGE,,,0,0,0,0,0,0.11,USD,PAYOUT,Insertion Fee
2025-01-01T01:19:04.223Z,NON_SALE_CHARGE,,,0,0,0,0,0,0.11,USD,PAYOUT,Insertion Fee
2025-01-01T01:19:04.190Z,NON_SALE_CHARGE,,,0,0,0,0,0,0.11,USD,PAYOUT,Insertion Fee
2025-01-01T01:19:04.187Z,NON_SALE_CHARGE,,,0,0,0,0,0,0.11,USD,PAYOUT,Insertion Fee
2025-01-01T01:19:04.168Z,NON_SALE_CHARGE,,,0,0,0,0,0,0.11,USD,PAYOUT,Insertion Fee
2025-01-01T01:19:04.146Z,NON_SALE_CHARGE,,,0,0,0,0,0,0.11,USD,PAYOUT,Insertion Fee
2025-01-01T01:19:03.963Z,NON_SALE_CHARGE,,,0,0,0,0,0,0.11,USD,PAYOUT,Insertion Fee
2025-01-01T01:19:03.939Z,NON_SALE_CHARGE,,,0,0,0,0,0,0.11,USD,PAYOUT,Insertion Fee
2025-01-01T01:19:03.915Z,NON_SALE_CHARGE,,,0,0,0,0,0,0.11,USD,PAYOUT,Insertion Fee
2025-01-01T01:19:03.753Z,NON_SALE_CHARGE,,,0,0,0,0,0,0.11,USD,PAYOUT,Insertion Fee
2025-01-01T01:19:03.590Z,NON_SALE_CHARGE,,,0,0,0,0,0,0.11,USD,PAYOUT,Insertion Fee
2025-01-01T01:19:03.562Z,NON_SALE_CHARGE,,,0,0,0,0,0,0.11,USD,PAYOUT,Insertion Fee
2025-01-01T01:19:03.553Z,NON_SALE_CHARGE,,,0,0,0,0,0,0.11,USD,PAYOUT,Insertion Fee
2025-01-01T01:19:03.494Z,NON_SALE_CHARGE,,,0,0,0,0,0,0.11,USD,PAYOUT,Insertion Fee
2025-01-01T01:19:03.491Z,NON_SALE_CHARGE,,,0,0,0,0,0,0.11,USD,PAYOUT,Insertion Fee
2025-01-01T01:19:03.470Z,NON_SALE_CHARGE,,,0,0,0,0,0,0.11,USD,PAYOUT,Insertion Fee
2025-01-01T01:19:03.328Z,NON_SALE_CHARGE,,,0,0,0,0,0,0.11,USD,PAYOUT,Insertion Fee
2025-01-01T01:19:03.304Z,NON_SALE_CHARGE,,,0,0,0,0,0,0.11,USD,PAYOUT,Insertion Fee
2025-01-01T01:19:03.236Z,NON_SALE_CHARGE,,,0,0,0,0,0,0.11,USD,PAYOUT,Insertion Fee
2025-01-01T01:19:03.180Z,NON_SALE_CHARGE,,,0,0,0,0,0,0.11,USD,PAYOUT,Insertion Fee
2025-01-01T01:19:02.936Z,NON_SALE_CHARGE,,,0,0,0,0,0,0.11,USD,PAYOUT,Insertion Fee
2025-01-01T01:19:02.911Z,NON_SALE_CHARGE,,,0,0,0,0,0,0.11,USD,PAYOUT,Insertion Fee
2025-01-01T01:19:02.852Z,NON_SALE_CHARGE,,,0,0,0,0,0,0.11,USD,PAYOUT,Insertion Fee
2025-01-01T01:19:02.832Z,NON_SALE_CHARGE,,,0,0,0,0,0,0.11,USD,PAYOUT,Insertion Fee
2025-01-01T01:19:02.803Z,NON_SALE_CHARGE,,,0,0,0,0,0,0.11,USD,PAYOUT,Insertion Fee
2025-01-01T01:19:02.779Z,NON_SALE_CHARGE,,,0,0,0,0,0,0.11,USD,PAYOUT,Insertion Fee
2025-01-01T01:19:02.772Z,NON_SALE_CHARGE,,,0,0,0,0,0,0.11,USD,PAYOUT,Insertion Fee
2025-01-01T01:19:02.678Z,NON_SALE_CHARGE,,,0,0,0,0,0,0.11,USD,PAYOUT,Insertion Fee
2025-01-01T01:19:02.658Z,NON_SALE_CHARGE,,,0,0,0,0,0,0.11,USD,PAYOUT,Insertion Fee
2025-01-01T01:19:02.577Z,NON_SALE_CHARGE,,,0,0,0,0,0,0.11,USD,PAYOUT,Insertion Fee
2025-01-01T01:19:02.218Z,NON_SALE_CHARGE,,,0,0,0,0,0,0.11,USD,PAYOUT,Insertion Fee
2025-01-01T01:19:02.217Z,NON_SALE_CHARGE,,,0,0,0,0,0,0.11,USD,PAYOUT,Insertion Fee
2025-01-01T01:19:02.186Z,NON_SALE_CHARGE,,,0,0,0,0,0,0.11,USD,PAYOUT,Insertion Fee
2025-01-01T01:19:02.171Z,NON_SALE_CHARGE,,,0,0,0,0,0,0.11,USD,PAYOUT,Insertion Fee
2025-01-01T01:19:02.126Z,NON_SALE_CHARGE,,,0,0,0,0,0,0.11,USD,PAYOUT,Insertion Fee
2025-01-01T01:19:02.123Z,NON_SALE_CHARGE,,,0,0,0,0,0,0.11,USD,PAYOUT,Insertion Fee
2025-01-01T01:19:02.055Z,NON_SALE_CHARGE,,,0,0,0,0,0,0.11,USD,PAYOUT,Insertion Fee
2025-01-01T01:19:01.980Z,NON_SALE_CHARGE,,,0,0,0,0,0,0.11,USD,PAYOUT,Insertion Fee
2025-01-01T01:19:01.967Z,NON_SALE_CHARGE,,,0,0,0,0,0,0.11,USD,PAYOUT,Insertion Fee
2025-01-01T01:19:01.930Z,NON_SALE_CHARGE,,,0,0,0,0,0,0.11,USD,PAYOUT,Insertion Fee
2025-01-01T01:19:01.585Z,NON_SALE_CHARGE,,,0,0,0,0,0,0.11,USD,PAYOUT,Insertion Fee
2025-01-01T01:19:01.531Z,NON_SALE_CHARGE,,,0,0,0,0,0,0.11,USD,PAYOUT,Insertion Fee
2025-01-01T01:19:01.528Z,NON_SALE_CHARGE,,,0,0,0,0,0,0.11,USD,PAYOUT,Insertion Fee
2025-01-01T01:19:01.525Z,NON_SALE_CHARGE,,,0,0,0,0,0,0.11,USD,PAYOUT,Insertion Fee
2025-01-01T01:19:01.498Z,NON_SALE_CHARGE,,,0,0,0,0,0,0.11,USD,PAYOUT,Insertion Fee
2025-01-01T01:19:01.472Z,NON_SALE_CHARGE,,,0,0,0,0,0,0.11,USD,PAYOUT,Insertion Fee
2025-01-01T01:19:01.370Z,NON_SALE_CHARGE,,,0,0,0,0,0,0.11,USD,PAYOUT,Insertion Fee
2025-01-01T01:19:01.313Z,NON_SALE_CHARGE,,,0,0,0,0,0,0.11,USD,PAYOUT,Insertion Fee
2025-01-01T01:19:01.290Z,NON_SALE_CHARGE,,,0,0,0,0,0,0.11,USD,PAYOUT,Insertion Fee
2025-01-01T01:19:01.284Z,NON_SALE_CHARGE,,,0,0,0,0,0,0.11,USD,PAYOUT,Insertion Fee
2025-01-01T01:19:00.922Z,NON_SALE_CHARGE,,,0,0,0,0,0,0.11,USD,PAYOUT,Insertion Fee
2025-01-01T01:19:00.885Z,NON_SALE_CHARGE,,,0,0,0,0,0,0.11,USD,PAYOUT,Insertion Fee
2025-01-01T01:19:00.862Z,NON_SALE_CHARGE,,,0,0,0,0,0,0.11,USD,PAYOUT,Insertion Fee
2025-01-01T01:19:00.830Z,NON_SALE_CHARGE,,,0,0,0,0,0,0.11,USD,PAYOUT,Insertion Fee
2025-01-01T01:19:00.818Z,NON_SALE_CHARGE,,,0,0,0,0,0,0.11,USD,PAYOUT,Insertion Fee
2025-01-01T01:19:00.805Z,NON_SALE_CHARGE,,,0,0,0,0,0,0.11,USD,PAYOUT,Insertion Fee
2025-01-01T01:19:00.685Z,NON_SALE_CHARGE,,,0,0,0,0,0,0.11,USD,PAYOUT,Insertion Fee
2025-01-01T01:19:00.652Z,NON_SALE_CHARGE,,,0,0,0,0,0,0.11,USD,PAYOUT,Insertion Fee
2025-01-01T01:19:00.645Z,NON_SALE_CHARGE,,,0,0,0,0,0,0.11,USD,PAYOUT,Insertion Fee
2025-01-01T01:19:00.624Z,NON_SALE_CHARGE,,,0,0,0,0,0,0.11,USD,PAYOUT,Insertion Fee
2025-01-01T01:19:00.239Z,NON_SALE_CHARGE,,,0,0,0,0,0,0.11,USD,PAYOUT,Insertion Fee
2025-01-01T01:19:00.233Z,NON_SALE_CHARGE,,,0,0,0,0,0,0.11,USD,PAYOUT,Insertion Fee
2025-01-01T01:19:00.205Z,NON_SALE_CHARGE,,,0,0,0,0,0,0.11,USD,PAYOUT,Insertion Fee
2025-01-01T01:19:00.172Z,NON_SALE_CHARGE,,,0,0,0,0,0,0.11,USD,PAYOUT,Insertion Fee
2025-01-01T01:19:00.138Z,NON_SALE_CHARGE,,,0,0,0,0,0,0.11,USD,PAYOUT,Insertion Fee
2025-01-01T01:19:00.129Z,NON_SALE_CHARGE,,,0,0,0,0,0,0.11,USD,PAYOUT,Insertion Fee
2025-01-01T01:19:00.002Z,NON_SALE_CHARGE,,,0,0,0,0,0,0.11,USD,PAYOUT,Insertion Fee
2025-01-01T01:18:59.996Z,NON_SALE_CHARGE,,,0,0,0,0,0,0.11,USD,PAYOUT,Insertion Fee
2025-01-01T01:18:59.980Z,NON_SALE_CHARGE,,,0,0,0,0,0,0.11,USD,PAYOUT,Insertion Fee
2025-01-01T01:18:59.974Z,NON_SALE_CHARGE,,,0,0,0,0,0,0.11,USD,PAYOUT,Insertion Fee
2025-01-01T01:18:59.578Z,NON_SALE_CHARGE,,,0,0,0,0,0,0.11,USD,PAYOUT,Insertion Fee
2025-01-01T01:18:59.562Z,NON_SALE_CHARGE,,,0,0,0,0,0,0.11,USD,PAYOUT,Insertion Fee
2025-01-01T01:18:59.526Z,NON_SALE_CHARGE,,,0,0,0,0,0,0.11,USD,PAYOUT,Insertion Fee
2025-01-01T01:18:59.508Z,NON_SALE_CHARGE,,,0,0,0,0,0,0.11,USD,PAYOUT,Insertion Fee
2025-01-01T01:18:59.476Z,NON_SALE_CHARGE,,,0,0,0,0,0,0.11,USD,PAYOUT,Insertion Fee
2025-01-01T01:18:59.430Z,NON_SALE_CHARGE,,,0,0,0,0,0,0.11,USD,PAYOUT,Insertion Fee
2025-01-01T01:18:59.356Z,NON_SALE_CHARGE,,,0,0,0,0,0,0.11,USD,PAYOUT,Insertion Fee
2025-01-01T01:18:59.351Z,NON_SALE_CHARGE,,,0,0,0,0,0,0.11,USD,PAYOUT,Insertion Fee
2025-01-01T01:18:59.322Z,NON_SALE_CHARGE,,,0,0,0,0,0,0.11,USD,PAYOUT,Insertion Fee
2025-01-01T01:18:59.289Z,NON_SALE_CHARGE,,,0,0,0,0,0,0.11,USD,PAYOUT,Insertion Fee
2025-01-01T01:18:58.928Z,NON_SALE_CHARGE,,,0,0,0,0,0,0.11,USD,PAYOUT,Insertion Fee
2025-01-01T01:18:58.913Z,NON_SALE_CHARGE,,,0,0,0,0,0,0.11,USD,PAYOUT,Insertion Fee
2025-01-01T01:18:58.881Z,NON_SALE_CHARGE,,,0,0,0,0,0,0.11,USD,PAYOUT,Insertion Fee
2025-01-01T01:18:58.841Z,NON_SALE_CHARGE,,,0,0,0,0,0,0.11,USD,PAYOUT,Insertion Fee
2025-01-01T01:18:58.838Z,NON_SALE_CHARGE,,,0,0,0,0,0,0.11,USD,PAYOUT,Insertion Fee
2025-01-01T01:18:58.752Z,NON_SALE_CHARGE,,,0,0,0,0,0,0.11,USD,PAYOUT,Insertion Fee
2025-01-01T01:18:58.739Z,NON_SALE_CHARGE,,,0,0,0,0,0,0.11,USD,PAYOUT,Insertion Fee
2025-01-01T01:18:58.694Z,NON_SALE_CHARGE,,,0,0,0,0,0,0.11,USD,PAYOUT,Insertion Fee
2025-01-01T01:18:58.672Z,NON_SALE_CHARGE,,,0,0,0,0,0,0.11,USD,PAYOUT,Insertion Fee
2025-01-01T01:18:58.642Z,NON_SALE_CHARGE,,,0,0,0,0,0,0.11,USD,PAYOUT,Insertion Fee
2025-01-01T01:18:58.277Z,NON_SALE_CHARGE,,,0,0,0,0,0,0.11,USD,PAYOUT,Insertion Fee
2025-01-01T01:18:58.229Z,NON_SALE_CHARGE,,,0,0,0,0,0,0.11,USD,PAYOUT,Insertion Fee
2025-01-01T01:18:58.178Z,NON_SALE_CHARGE,,,0,0,0,0,0,0.11,USD,PAYOUT,Insertion Fee
2025-01-01T01:18:58.170Z,NON_SALE_CHARGE,,,0,0,0,0,0,0.11,USD,PAYOUT,Insertion Fee
2025-01-01T01:18:58.091Z,NON_SALE_CHARGE,,,0,0,0,0,0,0.11,USD,PAYOUT,Insertion Fee
2025-01-01T01:18:58.085Z,NON_SALE_CHARGE,,,0,0,0,0,0,0.11,USD,PAYOUT,Insertion Fee
2025-01-01T01:18:58.025Z,NON_SALE_CHARGE,,,0,0,0,0,0,0.11,USD,PAYOUT,Insertion Fee
2025-01-01T01:18:58.024Z,NON_SALE_CHARGE,,,0,0,0,0,0,0.11,USD,PAYOUT,Insertion Fee
2025-01-01T01:18:57.958Z,NON_SALE_CHARGE,,,0,0,0,0,0,0.11,USD,PAYOUT,Insertion Fee
2025-01-01T01:18:57.524Z,NON_SALE_CHARGE,,,0,0,0,0,0,0.11,USD,PAYOUT,Insertion Fee
2025-01-01T01:18:57.516Z,NON_SALE_CHARGE,,,0,0,0,0,0,0.11,USD,PAYOUT,Insertion Fee
2025-01-01T01:18:57.516Z,NON_SALE_CHARGE,,,0,0,0,0,0,0.11,USD,PAYOUT,Insertion Fee
2025-01-01T01:18:57.499Z,NON_SALE_CHARGE,,,0,0,0,0,0,0.11,USD,PAYOUT,Insertion Fee
2025-01-01T01:18:57.445Z,NON_SALE_CHARGE,,,0,0,0,0,0,0.11,USD,PAYOUT,Insertion Fee
2025-01-01T01:18:57.438Z,NON_SALE_CHARGE,,,0,0,0,0,0,0.11,USD,PAYOUT,Insertion Fee
2025-01-01T01:18:57.418Z,NON_SALE_CHARGE,,,0,0,0,0,0,0.11,USD,PAYOUT,Insertion Fee
2025-01-01T01:18:57.406Z,NON_SALE_CHARGE,,,0,0,0,0,0,0.11,USD,PAYOUT,Insertion Fee
2025-01-01T01:18:57.384Z,NON_SALE_CHARGE,,,0,0,0,0,0,0.11,USD,PAYOUT,Insertion Fee
2025-01-01T01:18:57.354Z,NON_SALE_CHARGE,,,0,0,0,0,0,0.11,USD,PAYOUT,Insertion Fee
2025-01-01T01:18:56.874Z,NON_SALE_CHARGE,,,0,0,0,0,0,0.11,USD,PAYOUT,Insertion Fee
2025-01-01T01:18:56.856Z,NON_SALE_CHARGE,,,0,0,0,0,0,0.11,USD,PAYOUT,Insertion Fee
2025-01-01T01:18:56.839Z,NON_SALE_CHARGE,,,0,0,0,0,0,0.11,USD,PAYOUT,Insertion Fee
2025-01-01T01:18:56.837Z,NON_SALE_CHARGE,,,0,0,0,0,0,0.11,USD,PAYOUT,Insertion Fee
2025-01-01T01:18:56.786Z,NON_SALE_CHARGE,,,0,0,0,0,0,0.11,USD,PAYOUT,Insertion Fee
2025-01-01T01:18:56.767Z,NON_SALE_CHARGE,,,0,0,0,0,0,0.11,USD,PAYOUT,Insertion Fee
2025-01-01T01:18:56.735Z,NON_SALE_CHARGE,,,0,0,0,0,0,0.11,USD,PAYOUT,Insertion Fee
2025-01-01T01:18:56.686Z,NON_SALE_CHARGE,,,0,0,0,0,0,0.11,USD,PAYOUT,Insertion Fee
2025-01-01T01:18:56.677Z,NON_SALE_CHARGE,,,0,0,0,0,0,0.11,USD,PAYOUT,Insertion Fee
2025-01-01T01:18:56.617Z,NON_SALE_CHARGE,,,0,0,0,0,0,0.11,USD,PAYOUT,Insertion Fee
2025-01-01T01:18:56.241Z,NON_SALE_CHARGE,,,0,0,0,0,0,0.11,USD,PAYOUT,Insertion Fee
2025-01-01T01:18:56.167Z,NON_SALE_CHARGE,,,0,0,0,0,0,0.11,USD,PAYOUT,Insertion Fee
2025-01-01T01:18:56.143Z,NON_SALE_CHARGE,,,0,0,0,0,0,0.11,USD,PAYOUT,Insertion Fee
2025-01-01T01:18:56.130Z,NON_SALE_CHARGE,,,0,0,0,0,0,0.11,USD,PAYOUT,Insertion Fee
2025-01-01T01:18:56.075Z,NON_SALE_CHARGE,,,0,0,0,0,0,0.11,USD,PAYOUT,Insertion Fee
2025-01-01T01:18:56.075Z,NON_SALE_CHARGE,,,0,0,0,0,0,0.11,USD,PAYOUT,Insertion Fee
2025-01-01T01:18:56.034Z,NON_SALE_CHARGE,,,0,0,0,0,0,0.11,USD,PAYOUT,Insertion Fee
2025-01-01T01:18:56.021Z,NON_SALE_CHARGE,,,0,0,0,0,0,0.11,USD,PAYOUT,Insertion Fee
2025-01-01T01:18:56.006Z,NON_SALE_CHARGE,,,0,0,0,0,0,0.11,USD,PAYOUT,Insertion Fee
2025-01-01T01:18:55.974Z,NON_SALE_CHARGE,,,0,0,0,0,0,0.11,USD,PAYOUT,Insertion Fee
2025-01-01T01:18:55.599Z,NON_SALE_CHARGE,,,0,0,0,0,0,0.11,USD,PAYOUT,Insertion Fee
2025-01-01T01:18:55.492Z,NON_SALE_CHARGE,,,0,0,0,0,0,0.11,USD,PAYOUT,Insertion Fee
2025-01-01T01:18:55.486Z,NON_SALE_CHARGE,,,0,0,0,0,0,0.11,USD,PAYOUT,Insertion Fee
2025-01-01T01:18:55.472Z,NON_SALE_CHARGE,,,0,0,0,0,0,0.11,USD,PAYOUT,Insertion Fee
2025-01-01T01:18:55.413Z,NON_SALE_CHARGE,,,0,0,0,0,0,0.11,USD,PAYOUT,Insertion Fee
2025-01-01T01:18:55.405Z,NON_SALE_CHARGE,,,0,0,0,0,0,0.11,USD,PAYOUT,Insertion Fee
2025-01-01T01:18:55.366Z,NON_SALE_CHARGE,,,0,0,0,0,0,0.11,USD,PAYOUT,Insertion Fee
2025-01-01T01:18:55.366Z,NON_SALE_CHARGE,,,0,0,0,0,0,0.11,USD,PAYOUT,Insertion Fee
2025-01-01T01:18:55.365Z,NON_SALE_CHARGE,,,0,0,0,0,0,0.11,USD,PAYOUT,Insertion Fee
2025-01-01T01:18:55.149Z,NON_SALE_CHARGE,,,0,0,0,0,0,0.11,USD,PAYOUT,Insertion Fee
2025-01-01T01:18:54.869Z,NON_SALE_CHARGE,,,0,0,0,0,0,0.11,USD,PAYOUT,Insertion Fee
2025-01-01T01:18:54.842Z,NON_SALE_CHARGE,,,0,0,0,0,0,0.11,USD,PAYOUT,Insertion Fee
2025-01-01T01:18:54.826Z,NON_SALE_CHARGE,,,0,0,0,0,0,0.11,USD,PAYOUT,Insertion Fee
2025-01-01T01:18:54.812Z,NON_SALE_CHARGE,,,0,0,0,0,0,0.11,USD,PAYOUT,Insertion Fee
2025-01-01T01:18:54.733Z,NON_SALE_CHARGE,,,0,0,0,0,0,0.11,USD,PAYOUT,Insertion Fee
2025-01-01T01:18:54.697Z,NON_SALE_CHARGE,,,0,0,0,0,0,0.11,USD,PAYOUT,Insertion Fee
2025-01-01T01:18:54.688Z,NON_SALE_CHARGE,,,0,0,0,0,0,0.11,USD,PAYOUT,Insertion Fee
2025-01-01T01:18:54.672Z,NON_SALE_CHARGE,,,0,0,0,0,0,0.11,USD,PAYOUT,Insertion Fee
2025-01-01T01:18:54.647Z,NON_SALE_CHARGE,,,0,0,0,0,0,0.11,USD,PAYOUT,Insertion Fee
2025-01-01T01:18:54.193Z,NON_SALE_CHARGE,,,0,0,0,0,0,0.11,USD,PAYOUT,Insertion Fee
2025-01-01T01:18:54.192Z,NON_SALE_CHARGE,,,0,0,0,0,0,0.11,USD,PAYOUT,Insertion Fee
2025-01-01T01:18:54.130Z,NON_SALE_CHARGE,,,0,0,0,0,0,0.11,USD,PAYOUT,Insertion Fee
2025-01-01T01:18:54.128Z,NON_SALE_CHARGE,,,0,0,0,0,0,0.11,USD,PAYOUT,Insertion Fee
2025-01-01T01:18:54.114Z,NON_SALE_CHARGE,,,0,0,0,0,0,0.11,USD,PAYOUT,Insertion Fee
2025-01-01T01:18:54.057Z,NON_SALE_CHARGE,,,0,0,0,0,0,0.11,USD,PAYOUT,Insertion Fee
2025-01-01T01:18:54.055Z,NON_SALE_CHARGE,,,0,0,0,0,0,0.11,USD,PAYOUT,Insertion Fee
2025-01-01T01:18:54.033Z,NON_SALE_CHARGE,,,0,0,0,0,0,0.11,USD,PAYOUT,Insertion Fee
2025-01-01T01:18:54.025Z,NON_SALE_CHARGE,,,0,0,0,0,0,0.11,USD,PAYOUT,Insertion Fee
2025-01-01T01:18:54.021Z,NON_SALE_CHARGE,,,0,0,0,0,0,0.11,USD,PAYOUT,Insertion Fee
2025-01-01T01:18:53.502Z,NON_SALE_CHARGE,,,0,0,0,0,0,0.11,USD,PAYOUT,Insertion Fee
2025-01-01T01:18:53.466Z,NON_SALE_CHARGE,,,0,0,0,0,0,0.11,USD,PAYOUT,Insertion Fee
2025-01-01T01:18:53.429Z,NON_SALE_CHARGE,,,0,0,0,0,0,0.11,USD,PAYOUT,Insertion Fee
2025-01-01T01:18:53.411Z,NON_SALE_CHARGE,,,0,0,0,0,0,0.11,USD,PAYOUT,Insertion Fee
2025-01-01T01:18:53.372Z,NON_SALE_CHARGE,,,0,0,0,0,0,0.11,USD,PAYOUT,Insertion Fee
2025-01-01T01:18:53.364Z,NON_SALE_CHARGE,,,0,0,0,0,0,0.11,USD,PAYOUT,Insertion Fee
2025-01-01T01:18:53.354Z,NON_SALE_CHARGE,,,0,0,0,0,0,0.11,USD,PAYOUT,Insertion Fee
2025-01-01T01:18:53.336Z,NON_SALE_CHARGE,,,0,0,0,0,0,0.11,USD,PAYOUT,Insertion Fee
2025-01-01T01:18:52.756Z,NON_SALE_CHARGE,,,0,0,0,0,0,0.11,USD,PAYOUT,Insertion Fee
2025-01-01T01:18:52.734Z,NON_SALE_CHARGE,,,0,0,0,0,0,0.11,USD,PAYOUT,Insertion Fee
2025-01-01T01:18:52.720Z,NON_SALE_CHARGE,,,0,0,0,0,0,0.11,USD,PAYOUT,Insertion Fee
2025-01-01T01:18:52.694Z,NON_SALE_CHARGE,,,0,0,0,0,0,0.11,USD,PAYOUT,Insertion Fee
2025-01-01T01:18:52.694Z,NON_SALE_CHARGE,,,0,0,0,0,0,0.11,USD,PAYOUT,Insertion Fee
2025-01-01T01:18:52.694Z,NON_SALE_CHARGE,,,0,0,0,0,0,0.11,USD,PAYOUT,Insertion Fee
2025-01-01T01:18:52.694Z,NON_SALE_CHARGE,,,0,0,0,0,0,0.11,USD,PAYOUT,Insertion Fee
2025-01-01T01:18:52.693Z,NON_SALE_CHARGE,,,0,0,0,0,0,0.11,USD,PAYOUT,Insertion Fee
2025-01-01T01:18:52.680Z,NON_SALE_CHARGE,,,0,0,0,0,0,0.11,USD,PAYOUT,Insertion Fee
2024-12-31T21:27:24.951Z,SALE,26-12505-17906,carbor5124,116,17.06,0.44,1.87,19.37,96.63,USD,PAYOUT,
2024-12-30T16:01:32.151Z,SALE,21-12505-61838,dvga5397,90,14.67,0.44,1.61,16.72,73.28,USD,PAYOUT,
2024-12-28T17:59:56.809Z,SALE,16-12504-35598,le690994,104,14.91,0.44,1.63,16.98,87.02,USD,PAYOUT,
2024-12-28T15:57:12.514Z,SALE,09-12511-76157,wr6nf_39,149,20.24,0.44,2.21,22.89,126.11,USD,PAYOUT,
2024-12-28T14:31:32.734Z,SALE,22-12496-78505,wr6nf_39,136,18.48,0.44,2.02,20.94,115.06,USD,PAYOUT,
2024-12-27T15:40:43.343Z,SALE,07-12510-53973,babyblu95,81,11.99,0.44,1.31,13.74,67.26,USD,PAYOUT,
2024-12-23T13:48:39.132Z,SALE,20-12482-80961,deznachos,225,30.57,0.44,3.34,34.35,190.65,USD,PAYOUT,
2024-12-21T23:26:08.473Z,SALE,18-12480-34942,amyavila1,160,23.03,0.44,2.52,25.99,134.01,USD,PAYOUT,
2024-12-20T09:20:13.295Z,SALE,16-12477-19253,treasuretracker56,182,26.46,0.44,2.89,29.79,152.21,USD,PAYOUT,
2024-12-20T06:02:40.760Z,SALE,21-12471-00859,anniturnques_0,212,30.81,0.44,3.37,34.62,177.38,USD,PAYOUT,
2024-12-18T14:30:00.763Z,SALE,27-12457-81269,jmlibby,206,16.13,0.44,1.76,33.35,172.65,USD,PAYOUT,
2024-12-10T18:18:09.121Z,SALE,25-12423-82637,cobramac,207,30.02,0.44,3.28,33.74,173.26,USD,PAYOUT,
2024-12-05T22:18:17.594Z,SALE,13-12414-63540,kel_44129,159,25.92,0.44,2.84,29.2,129.8,USD,PAYOUT,
2024-12-03T03:58:16.266Z,SALE,04-12411-02717,eil-73415,168,23.91,0.44,2.62,26.97,141.03,USD,PAYOUT,
2024-12-01T17:14:35.776Z,NON_SALE_CHARGE,,,0,0,0,0,0,65.95,USD,PAYOUT,2024-11-30 - 2024-12-30
2024-11-26T02:28:06.847Z,ADJUSTMENT,,,0,0,0,0,0,6.15,USD,PAYOUT,Store (Basic): Subscription Fee
2024-11-26T02:26:33.206Z,NON_SALE_CHARGE,,,0,0,0,0,0,13.19,USD,PAYOUT,2024-11-25 - 2024-11-29
2024-11-22T08:03:10.007Z,SALE,19-12344-70268,suhiz_0,138,20.81,0.44,2.28,23.53,114.47,USD,PAYOUT,
2024-11-16T08:42:53.698Z,NON_SALE_CHARGE,,,0,0,0,0,0,15.38,USD,PAYOUT,2024-11-15 - 2024-11-29
2024-11-15T14:18:47.031Z,NON_SALE_CHARGE,,,0,0,0,0,0,0.39,USD,PAYOUT,Insertion Fee
2024-11-15T14:18:46.093Z,NON_SALE_CHARGE,,,0,0,0,0,0,0.39,USD,PAYOUT,Insertion Fee
2024-11-15T14:18:44.210Z,NON_SALE_CHARGE,,,0,0,0,0,0,0.39,USD,PAYOUT,Insertion Fee
2024-11-15T14:18:43.245Z,NON_SALE_CHARGE,,,0,0,0,0,0,0.39,USD,PAYOUT,Insertion Fee
2024-11-15T14:18:41.417Z,NON_SALE_CHARGE,,,0,0,0,0,0,0.39,USD,PAYOUT,Insertion Fee
2024-11-15T14:18:40.477Z,NON_SALE_CHARGE,,,0,0,0,0,0,0.39,USD,PAYOUT,Insertion Fee
2024-11-15T14:18:39.538Z,NON_SALE_CHARGE,,,0,0,0,0,0,0.39,USD,PAYOUT,Insertion Fee
2024-11-15T14:18:37.497Z,NON_SALE_CHARGE,,,0,0,0,0,0,0.39,USD,PAYOUT,Insertion Fee
2024-11-15T14:18:36.577Z,NON_SALE_CHARGE,,,0,0,0,0,0,0.39,USD,PAYOUT,Insertion Fee
2024-11-15T14:18:35.609Z,NON_SALE_CHARGE,,,0,0,0,0,0,0.39,USD,PAYOUT,Insertion Fee
2024-11-15T14:18:34.652Z,NON_SALE_CHARGE,,,0,0,0,0,0,0.39,USD,PAYOUT,Insertion Fee
2024-11-15T14:18:33.661Z,NON_SALE_CHARGE,,,0,0,0,0,0,0.39,USD,PAYOUT,Insertion Fee
2024-11-15T14:18:32.815Z,NON_SALE_CHARGE,,,0,0,0,0,0,0.39,USD,PAYOUT,Insertion Fee
2024-11-15T14:18:31.908Z,NON_SALE_CHARGE,,,0,0,0,0,0,0.39,USD,PAYOUT,Insertion Fee
2024-11-15T14:18:30.992Z,NON_SALE_CHARGE,,,0,0,0,0,0,0.39,USD,PAYOUT,Insertion Fee
2024-11-15T14:18:29.988Z,NON_SALE_CHARGE,,,0,0,0,0,0,0.39,USD,PAYOUT,Insertion Fee
2024-11-15T14:18:29.057Z,NON_SALE_CHARGE,,,0,0,0,0,0,0.39,USD,PAYOUT,Insertion Fee
2024-11-15T14:18:28.077Z,NON_SALE_CHARGE,,,0,0,0,0,0,0.39,USD,PAYOUT,Insertion Fee
2024-11-15T14:18:26.900Z,NON_SALE_CHARGE,,,0,0,0,0,0,0.39,USD,PAYOUT,Insertion Fee
2024-11-15T14:18:25.882Z,NON_SALE_CHARGE,,,0,0,0,0,0,0.39,USD,PAYOUT,Insertion Fee
2024-11-15T14:18:24.917Z,NON_SALE_CHARGE,,,0,0,0,0,0,0.39,USD,PAYOUT,Insertion Fee
2024-11-15T14:18:22.958Z,NON_SALE_CHARGE,,,0,0,0,0,0,0.39,USD,PAYOUT,Insertion Fee
2024-11-15T14:18:21.887Z,NON_SALE_CHARGE,,,0,0,0,0,0,0.39,USD,PAYOUT,Insertion Fee
2024-11-15T14:18:20.885Z,NON_SALE_CHARGE,,,0,0,0,0,0,0.39,USD,PAYOUT,Insertion Fee
2024-11-15T14:18:19.885Z,NON_SALE_CHARGE,,,0,0,0,0,0,0.39,USD,PAYOUT,Insertion Fee
2024-11-15T14:18:19.220Z,NON_SALE_CHARGE,,,0,0,0,0,0,0.39,USD,PAYOUT,Insertion Fee
2024-11-15T14:18:18.869Z,NON_SALE_CHARGE,,,0,0,0,0,0,0.39,USD,PAYOUT,Insertion Fee
2024-11-15T14:18:18.234Z,NON_SALE_CHARGE,,,0,0,0,0,0,0.39,USD,PAYOUT,Insertion Fee
2024-11-15T14:18:17.922Z,NON_SALE_CHARGE,,,0,0,0,0,0,0.39,USD,PAYOUT,Insertion Fee
2024-11-15T14:18:17.286Z,NON_SALE_CHARGE,,,0,0,0,0,0,0.39,USD,PAYOUT,Insertion Fee
2024-11-15T14:18:16.985Z,NON_SALE_CHARGE,,,0,0,0,0,0,0.39,USD,PAYOUT,Insertion Fee
2024-11-15T14:18:16.321Z,NON_SALE_CHARGE,,,0,0,0,0,0,0.39,USD,PAYOUT,Insertion Fee
2024-11-15T14:18:16.077Z,NON_SALE_CHARGE,,,0,0,0,0,0,0.39,USD,PAYOUT,Insertion Fee
2024-11-15T14:18:15.362Z,NON_SALE_CHARGE,,,0,0,0,0,0,0.39,USD,PAYOUT,Insertion Fee
2024-11-15T14:18:15.100Z,NON_SALE_CHARGE,,,0,0,0,0,0,0.39,USD,PAYOUT,Insertion Fee
2024-11-15T14:18:14.454Z,NON_SALE_CHARGE,,,0,0,0,0,0,0.39,USD,PAYOUT,Insertion Fee
2024-11-15T14:18:14.042Z,NON_SALE_CHARGE,,,0,0,0,0,0,0.39,USD,PAYOUT,Insertion Fee
2024-11-15T14:18:13.509Z,NON_SALE_CHARGE,,,0,0,0,0,0,0.39,USD,PAYOUT,Insertion Fee
2024-11-15T14:18:12.538Z,NON_SALE_CHARGE,,,0,0,0,0,0,0.39,USD,PAYOUT,Insertion Fee
2024-11-15T14:18:11.952Z,NON_SALE_CHARGE,,,0,0,0,0,0,0.39,USD,PAYOUT,Insertion Fee
2024-11-15T14:18:11.529Z,NON_SALE_CHARGE,,,0,0,0,0,0,0.39,USD,PAYOUT,Insertion Fee
2024-11-15T14:18:10.974Z,NON_SALE_CHARGE,,,0,0,0,0,0,0.39,USD,PAYOUT,Insertion Fee
2024-11-15T14:18:10.555Z,NON_SALE_CHARGE,,,0,0,0,0,0,0.39,USD,PAYOUT,Insertion Fee
2024-11-15T14:18:10.047Z,NON_SALE_CHARGE,,,0,0,0,0,0,0.39,USD,PAYOUT,Insertion Fee
2024-11-15T14:18:09.636Z,NON_SALE_CHARGE,,,0,0,0,0,0,0.39,USD,PAYOUT,Insertion Fee
2024-11-15T14:18:09.113Z,NON_SALE_CHARGE,,,0,0,0,0,0,0.39,USD,PAYOUT,Insertion Fee
2024-11-15T14:18:08.681Z,NON_SALE_CHARGE,,,0,0,0,0,0,0.39,USD,PAYOUT,Insertion Fee
2024-11-15T14:18:08.159Z,NON_SALE_CHARGE,,,0,0,0,0,0,0.39,USD,PAYOUT,Insertion Fee
2024-11-15T14:18:07.652Z,NON_SALE_CHARGE,,,0,0,0,0,0,0.39,USD,PAYOUT,Insertion Fee
2024-11-15T14:18:07.438Z,NON_SALE_CHARGE,,,0,0,0,0,0,0.39,USD,PAYOUT,Insertion Fee
2024-11-15T03:05:51.678Z,NON_SALE_CHARGE,,,0,0,0,0,0,0.39,USD,PAYOUT,Insertion Fee
2024-11-15T03:05:51.288Z,NON_SALE_CHARGE,,,0,0,0,0,0,0.39,USD,PAYOUT,Insertion Fee
2024-11-15T03:05:49.101Z,NON_SALE_CHARGE,,,0,0,0,0,0,0.39,USD,PAYOUT,Insertion Fee
2024-11-14T06:19:53.126Z,NON_SALE_CHARGE,,,0,0,0,0,0,0.39,USD,PAYOUT,Insertion Fee
2024-11-14T06:19:52.471Z,NON_SALE_CHARGE,,,0,0,0,0,0,0.39,USD,PAYOUT,Insertion Fee
2024-11-14T06:19:51.834Z,NON_SALE_CHARGE,,,0,0,0,0,0,0.39,USD,PAYOUT,Insertion Fee
2024-11-14T06:19:51.146Z,NON_SALE_CHARGE,,,0,0,0,0,0,0.39,USD,PAYOUT,Insertion Fee
2024-11-14T06:19:50.484Z,NON_SALE_CHARGE,,,0,0,0,0,0,0.39,USD,PAYOUT,Insertion Fee
2024-11-14T06:19:49.740Z,NON_SALE_CHARGE,,,0,0,0,0,0,0.39,USD,PAYOUT,Insertion Fee
2024-11-14T06:19:49.063Z,NON_SALE_CHARGE,,,0,0,0,0,0,0.39,USD,PAYOUT,Insertion Fee
2024-11-14T06:19:48.418Z,NON_SALE_CHARGE,,,0,0,0,0,0,0.39,USD,PAYOUT,Insertion Fee
2024-11-14T06:19:47.760Z,NON_SALE_CHARGE,,,0,0,0,0,0,0.39,USD,PAYOUT,Insertion Fee
2024-11-14T06:19:47.130Z,NON_SALE_CHARGE,,,0,0,0,0,0,0.39,USD,PAYOUT,Insertion Fee
2024-11-14T06:19:46.498Z,NON_SALE_CHARGE,,,0,0,0,0,0,0.39,USD,PAYOUT,Insertion Fee
2024-11-14T06:19:45.832Z,NON_SALE_CHARGE,,,0,0,0,0,0,0.39,USD,PAYOUT,Insertion Fee
2024-11-14T06:19:45.189Z,NON_SALE_CHARGE,,,0,0,0,0,0,0.39,USD,PAYOUT,Insertion Fee
2024-11-14T06:19:44.540Z,NON_SALE_CHARGE,,,0,0,0,0,0,0.39,USD,PAYOUT,Insertion Fee
2024-11-14T06:19:43.861Z,NON_SALE_CHARGE,,,0,0,0,0,0,0.39,USD,PAYOUT,Insertion Fee
2024-11-14T06:19:43.210Z,NON_SALE_CHARGE,,,0,0,0,0,0,0.39,USD,PAYOUT,Insertion Fee
2024-11-14T06:19:42.518Z,NON_SALE_CHARGE,,,0,0,0,0,0,0.39,USD,PAYOUT,Insertion Fee
2024-11-14T06:19:41.715Z,NON_SALE_CHARGE,,,0,0,0,0,0,0.39,USD,PAYOUT,Insertion Fee
2024-11-14T06:19:40.783Z,NON_SALE_CHARGE,,,0,0,0,0,0,0.39,USD,PAYOUT,Insertion Fee
2024-11-14T06:19:40.151Z,NON_SALE_CHARGE,,,0,0,0,0,0,0.39,USD,PAYOUT,Insertion Fee
2024-11-14T06:19:39.573Z,NON_SALE_CHARGE,,,0,0,0,0,0,0.39,USD,PAYOUT,Insertion Fee
2024-11-14T06:19:38.873Z,NON_SALE_CHARGE,,,0,0,0,0,0,0.39,USD,PAYOUT,Insertion Fee
2024-11-14T06:19:38.197Z,NON_SALE_CHARGE,,,0,0,0,0,0,0.39,USD,PAYOUT,Insertion Fee
2024-11-14T06:19:37.531Z,NON_SALE_CHARGE,,,0,0,0,0,0,0.39,USD,PAYOUT,Insertion Fee
2024-11-14T06:19:36.879Z,NON_SALE_CHARGE,,,0,0,0,0,0,0.39,USD,PAYOUT,Insertion Fee
2024-11-14T06:19:36.212Z,NON_SALE_CHARGE,,,0,0,0,0,0,0.39,USD,PAYOUT,Insertion Fee
2024-11-14T06:19:35.549Z,NON_SALE_CHARGE,,,0,0,0,0,0,0.39,USD,PAYOUT,Insertion Fee
2024-11-14T06:19:34.889Z,NON_SALE_CHARGE,,,0,0,0,0,0,0.39,USD,PAYOUT,Insertion Fee
2024-11-14T06:19:34.189Z,NON_SALE_CHARGE,,,0,0,0,0,0,0.39,USD,PAYOUT,Insertion Fee
2024-11-14T06:19:33.516Z,NON_SALE_CHARGE,,,0,0,0,0,0,0.39,USD,PAYOUT,Insertion Fee
2024-11-14T06:19:32.842Z,NON_SALE_CHARGE,,,0,0,0,0,0,0.39,USD,PAYOUT,Insertion Fee
2024-11-14T06:19:32.132Z,NON_SALE_CHARGE,,,0,0,0,0,0,0.39,USD,PAYOUT,Insertion Fee
2024-11-14T06:19:31.450Z,NON_SALE_CHARGE,,,0,0,0,0,0,0.39,USD,PAYOUT,Insertion Fee
2024-11-14T06:19:30.780Z,NON_SALE_CHARGE,,,0,0,0,0,0,0.39,USD,PAYOUT,Insertion Fee
2024-11-14T06:19:30.060Z,NON_SALE_CHARGE,,,0,0,0,0,0,0.39,USD,PAYOUT,Insertion Fee
2024-11-14T06:19:29.364Z,NON_SALE_CHARGE,,,0,0,0,0,0,0.39,USD,PAYOUT,Insertion Fee
2024-11-14T06:19:28.674Z,NON_SALE_CHARGE,,,0,0,0,0,0,0.39,USD,PAYOUT,Insertion Fee
2024-11-14T06:19:27.989Z,NON_SALE_CHARGE,,,0,0,0,0,0,0.39,USD,PAYOUT,Insertion Fee
2024-11-14T06:19:27.330Z,NON_SALE_CHARGE,,,0,0,0,0,0,0.39,USD,PAYOUT,Insertion Fee
2024-11-14T06:19:26.655Z,NON_SALE_CHARGE,,,0,0,0,0,0,0.39,USD,PAYOUT,Insertion Fee
2024-11-14T06:19:25.955Z,NON_SALE_CHARGE,,,0,0,0,0,0,0.39,USD,PAYOUT,Insertion Fee
2024-11-14T06:19:25.267Z,NON_SALE_CHARGE,,,0,0,0,0,0,0.39,USD,PAYOUT,Insertion Fee
2024-11-14T06:19:24.006Z,NON_SALE_CHARGE,,,0,0,0,0,0,0.39,USD,PAYOUT,Insertion Fee
2024-11-14T06:19:23.921Z,NON_SALE_CHARGE,,,0,0,0,0,0,0.39,USD,PAYOUT,Insertion Fee
2024-11-14T06:19:23.243Z,NON_SALE_CHARGE,,,0,0,0,0,0,0.39,USD,PAYOUT,Insertion Fee
2024-11-14T06:19:22.617Z,NON_SALE_CHARGE,,,0,0,0,0,0,0.39,USD,PAYOUT,Insertion Fee
2024-11-14T06:19:21.881Z,NON_SALE_CHARGE,,,0,0,0,0,0,0.39,USD,PAYOUT,Insertion Fee
2024-11-14T06:19:21.217Z,NON_SALE_CHARGE,,,0,0,0,0,0,0.39,USD,PAYOUT,Insertion Fee
2024-11-13T03:24:14.263Z,NON_SALE_CHARGE,,,0,0,0,0,0,0.39,USD,PAYOUT,Insertion Fee
2024-11-13T03:24:13.573Z,NON_SALE_CHARGE,,,0,0,0,0,0,0.39,USD,PAYOUT,Insertion Fee
2024-11-13T03:24:12.890Z,NON_SALE_CHARGE,,,0,0,0,0,0,0.39,USD,PAYOUT,Insertion Fee
2024-11-13T03:24:12.168Z,NON_SALE_CHARGE,,,0,0,0,0,0,0.39,USD,PAYOUT,Insertion Fee
2024-11-13T03:24:07.944Z,NON_SALE_CHARGE,,,0,0,0,0,0,0.39,USD,PAYOUT,Insertion Fee
2024-11-13T03:24:07.240Z,NON_SALE_CHARGE,,,0,0,0,0,0,0.39,USD,PAYOUT,Insertion Fee
2024-11-13T03:24:06.542Z,NON_SALE_CHARGE,,,0,0,0,0,0,0.39,USD,PAYOUT,Insertion Fee
2024-11-13T03:24:05.848Z,NON_SALE_CHARGE,,,0,0,0,0,0,0.39,USD,PAYOUT,Insertion Fee
2024-11-13T03:24:05.160Z,NON_SALE_CHARGE,,,0,0,0,0,0,0.39,USD,PAYOUT,Insertion Fee
2024-11-13T03:24:04.443Z,NON_SALE_CHARGE,,,0,0,0,0,0,0.39,USD,PAYOUT,Insertion Fee
2024-11-13T03:24:02.991Z,NON_SALE_CHARGE,,,0,0,0,0,0,0.39,USD,PAYOUT,Insertion Fee
2024-11-13T03:24:00.211Z,NON_SALE_CHARGE,,,0,0,0,0,0,0.39,USD,PAYOUT,Insertion Fee
2024-11-13T03:23:58.844Z,NON_SALE_CHARGE,,,0,0,0,0,0,0.39,USD,PAYOUT,Insertion Fee
2024-11-13T03:23:58.718Z,NON_SALE_CHARGE,,,0,0,0,0,0,0.39,USD,PAYOUT,Insertion Fee
2024-11-13T03:23:58.134Z,NON_SALE_CHARGE,,,0,0,0,0,0,0.39,USD,PAYOUT,Insertion Fee
2024-11-13T03:23:58.046Z,NON_SALE_CHARGE,,,0,0,0,0,0,0.39,USD,PAYOUT,Insertion Fee
2024-11-13T03:23:57.756Z,NON_SALE_CHARGE,,,0,0,0,0,0,0.39,USD,PAYOUT,Insertion Fee
2024-11-13T03:23:57.498Z,NON_SALE_CHARGE,,,0,0,0,0,0,0.39,USD,PAYOUT,Insertion Fee
2024-11-13T03:23:57.397Z,NON_SALE_CHARGE,,,0,0,0,0,0,0.39,USD,PAYOUT,Insertion Fee
2024-11-13T03:23:57.224Z,NON_SALE_CHARGE,,,0,0,0,0,0,0.39,USD,PAYOUT,Insertion Fee
2024-11-13T03:23:56.830Z,NON_SALE_CHARGE,,,0,0,0,0,0,0.39,USD,PAYOUT,Insertion Fee
2024-11-13T03:23:56.708Z,NON_SALE_CHARGE,,,0,0,0,0,0,0.39,USD,PAYOUT,Insertion Fee
2024-11-13T03:23:56.181Z,NON_SALE_CHARGE,,,0,0,0,0,0,0.39,USD,PAYOUT,Insertion Fee
2024-11-13T03:23:56.059Z,NON_SALE_CHARGE,,,0,0,0,0,0,0.39,USD,PAYOUT,Insertion Fee
2024-11-13T03:23:55.517Z,NON_SALE_CHARGE,,,0,0,0,0,0,0.39,USD,PAYOUT,Insertion Fee
2024-11-13T03:23:55.430Z,NON_SALE_CHARGE,,,0,0,0,0,0,0.39,USD,PAYOUT,Insertion Fee
2024-11-13T03:23:54.813Z,NON_SALE_CHARGE,,,0,0,0,0,0,0.39,USD,PAYOUT,Insertion Fee
2024-11-13T03:23:54.770Z,NON_SALE_CHARGE,,,0,0,0,0,0,0.39,USD,PAYOUT,Insertion Fee
2024-11-13T03:23:54.119Z,NON_SALE_CHARGE,,,0,0,0,0,0,0.39,USD,PAYOUT,Insertion Fee
2024-11-13T03:23:54.084Z,NON_SALE_CHARGE,,,0,0,0,0,0,0.39,USD,PAYOUT,Insertion Fee
2024-11-13T03:23:53.375Z,NON_SALE_CHARGE,,,0,0,0,0,0,0.39,USD,PAYOUT,Insertion Fee
2024-11-13T03:23:53.346Z,NON_SALE_CHARGE,,,0,0,0,0,0,0.39,USD,PAYOUT,Insertion Fee
