Transaction Date (取引日),Transaction Type (タイプ),Order ID (オーダーID),Buyer Username (購入者ID),Gross Amount (総額),Final Value Fee (落札手数料),Fixed Fee (固定手数料),International Fee (海外手数料),Total Fee (手数料合計),Net Amount (純額),Currency (通貨),Transaction Status (ステータス),Memo (メモ)
2026-06-01T16:39:30.940Z,NON_SALE_CHARGE,,,0.0,0.0,0.0,0.0,0.0,65.95,USD,FUNDS_AVAILABLE_FOR_PAYOUT,2026-05-31 - 2026-06-29
2026-05-31T03:49:58.641Z,NON_SALE_CHARGE,,,0.0,0.0,0.0,0.0,0.0,3.31,USD,FUNDS_AVAILABLE_FOR_PAYOUT,Promoted Listings - General fee
2026-05-31T03:46:11.918Z,SALE,11-14705-37115,kitbro,139.99,21.02,0.44,1.99,23.45,116.54,USD,FUNDS_ON_HOLD,Funds available within 2 days of order delivery
2026-05-31T02:55:27.073Z,NON_SALE_CHARGE,,,0.0,0.0,0.0,0.0,0.0,4.84,USD,FUNDS_AVAILABLE_FOR_PAYOUT,Promoted Listings - General fee
2026-05-31T02:51:27.514Z,SALE,19-14692-63596,eng.m-49,219.99,30.73,0.44,2.9,34.07,185.92,USD,FUNDS_ON_HOLD,Funds available within 2 days of order delivery
2026-05-30T14:47:54.143Z,SALE,14-14698-31620,jr970180,309.99,51.96,0.44,4.91,57.31,252.68,USD,FUNDS_ON_HOLD,Funds available within 2 days of order delivery
2026-05-30T12:43:59.153Z,NON_SALE_CHARGE,,,0.0,0.0,0.0,0.0,0.0,6.36,USD,FUNDS_AVAILABLE_FOR_PAYOUT,Promoted Listings - General fee
2026-05-30T04:35:23.846Z,SALE,24-14695-85934,katherinehook,269.99,40.35,0.44,3.82,44.61,225.38,USD,FUNDS_ON_HOLD,Funds available within 2 days of order delivery
2026-05-29T20:43:19.325Z,SALE,12-14698-96511,alrichie--0,139.99,21.32,0.44,2.01,23.77,116.22,USD,FUNDS_ON_HOLD,Funds available within 2 days of order delivery
2026-05-29T07:26:53.132Z,NON_SALE_CHARGE,,,0.0,0.0,0.0,0.0,0.0,8.16,USD,FUNDS_AVAILABLE_FOR_PAYOUT,Promoted Listings - General fee
2026-05-29T07:23:30.775Z,SALE,13-14694-93472,jaagdijot,339.99,51.82,0.44,4.9,57.16,282.83,USD,FUNDS_ON_HOLD,Funds available within 2 days of order delivery
2026-05-27T13:03:10.197Z,NON_SALE_CHARGE,,,0.0,0.0,0.0,0.0,0.0,5.72,USD,FUNDS_AVAILABLE_FOR_PAYOUT,Promoted Listings - General fee
2026-05-27T04:46:41.349Z,SALE,04-14700-03940,selvesagl0,259.99,36.32,0.44,3.43,40.19,219.8,USD,FUNDS_ON_HOLD,Funds available within 2 days of order delivery
2026-05-26T13:18:39.973Z,NON_SALE_CHARGE,,,0.0,0.0,0.0,0.0,0.0,2.86,USD,FUNDS_AVAILABLE_FOR_PAYOUT,Promoted Listings - General fee
2026-05-25T20:28:44.011Z,SALE,15-14676-14313,smith_aint_goin_nowhere,129.99,18.16,0.44,1.72,20.32,109.67,USD,FUNDS_ON_HOLD,Funds available within 2 days of order delivery
2026-05-22T05:02:57.453Z,NON_SALE_CHARGE,,,0.0,0.0,0.0,0.0,0.0,4.18,USD,PAYOUT,Promoted Listings - General fee
2026-05-22T04:58:37.614Z,SALE,13-14665-31872,janoya-0,189.99,26.54,0.44,2.51,29.49,160.5,USD,PAYOUT,
2026-05-21T12:33:27.952Z,SALE,06-14673-09249,nuttyputty*,239.99,33.53,0.44,3.17,37.14,202.85,USD,PAYOUT,
2026-05-20T14:13:40.682Z,SALE,18-14650-04228,saphi_1351,229.99,32.13,0.44,3.04,35.61,194.38,USD,PAYOUT,
2026-05-20T03:06:43.595Z,NON_SALE_CHARGE,,,0.0,0.0,0.0,0.0,0.0,3.64,USD,PAYOUT,Promoted Listings - General fee
2026-05-20T03:02:56.264Z,SALE,25-14637-44881,bulaceno1,149.99,23.15,0.44,2.19,25.78,124.21,USD,PAYOUT,
2026-05-18T12:55:53.898Z,NON_SALE_CHARGE,,,0.0,0.0,0.0,0.0,0.0,3.96,USD,PAYOUT,Promoted Listings - General fee
2026-05-17T22:27:48.334Z,NON_SALE_CHARGE,,,0.0,0.0,0.0,0.0,0.0,6.91,USD,PAYOUT,Promoted Listings - General fee
2026-05-17T22:23:57.674Z,SALE,04-14660-15893,andover0915,299.99,43.88,0.44,4.15,48.47,251.52,USD,PAYOUT,
2026-05-17T17:29:59.144Z,SALE,13-14644-93913,hector202022,179.99,25.15,0.44,2.38,27.97,152.02,USD,PAYOUT,
2026-05-16T13:05:14.527Z,NON_SALE_CHARGE,,,0.0,0.0,0.0,0.0,0.0,6.38,USD,PAYOUT,Promoted Listings - General fee
2026-05-15T07:31:27.679Z,SALE,07-14644-75682,myre28,289.99,40.51,0.44,3.83,44.78,245.21,USD,PAYOUT,
2026-05-14T15:40:08.774Z,NON_SALE_CHARGE,,,0.0,0.0,0.0,0.0,0.0,4.3,USD,PAYOUT,Promoted Listings - General fee
2026-05-14T15:35:39.184Z,SALE,10-14636-81477,ela_85146,179.99,27.34,0.44,2.58,30.36,149.63,USD,PAYOUT,
2026-05-14T05:07:22.313Z,NON_SALE_CHARGE,,,0.0,0.0,0.0,0.0,0.0,7.0,USD,PAYOUT,Promoted Listings - General fee
2026-05-14T05:04:08.046Z,SALE,21-14617-96506,dr_58889,299.99,44.42,0.44,4.2,49.06,250.93,USD,PAYOUT,
2026-05-11T12:29:02.725Z,NON_SALE_CHARGE,,,0.0,0.0,0.0,0.0,0.0,7.6,USD,PAYOUT,Promoted Listings - General fee
2026-05-11T01:40:37.110Z,SALE,20-14605-39355,krystalynoxox,329.99,48.27,0.44,4.56,53.27,276.72,USD,PAYOUT,
2026-05-10T13:27:16.201Z,NON_SALE_CHARGE,,,0.0,0.0,0.0,0.0,0.0,6.18,USD,PAYOUT,Promoted Listings - General fee
2026-05-09T14:59:12.522Z,NON_SALE_CHARGE,,,0.0,0.0,0.0,0.0,0.0,3.51,USD,PAYOUT,Promoted Listings - General fee
2026-05-09T14:54:57.570Z,SALE,26-14589-83234,havnfun9273,149.99,22.32,0.44,2.11,24.87,125.12,USD,PAYOUT,
2026-05-09T14:19:41.074Z,SALE,24-14607-57147,isch9474,259.99,39.23,0.44,3.71,43.38,216.61,USD,PAYOUT,
2026-05-08T23:47:58.872Z,NON_SALE_CHARGE,,,0.0,0.0,0.0,0.0,0.0,8.26,USD,PAYOUT,Promoted Listings - General fee
2026-05-08T23:44:30.849Z,SALE,06-14618-67148,rac-8986,349.99,52.44,0.44,4.95,57.83,292.16,USD,PAYOUT,
2026-05-08T00:35:36.967Z,CREDIT,07-14516-37175,rubbrow-37,0.0,0.0,0.0,0.0,0.0,310.0,USD,PAYOUT,
2026-05-08T00:34:29.970Z,NON_SALE_CHARGE,,,0.0,0.0,0.0,0.0,0.0,7.28,USD,PAYOUT,Promoted Listings - General fee
2026-05-08T00:28:20.138Z,REFUND,07-14516-37175,rubbrow-37,310.0,46.23,0.0,4.37,50.6,259.4,USD,PAYOUT,
2026-05-07T04:40:48.599Z,NON_SALE_CHARGE,,,0.0,0.0,0.0,0.0,0.0,7.21,USD,PAYOUT,Promoted Listings - General fee
2026-05-07T04:37:16.752Z,SALE,24-14597-63209,diantyrre-0,299.99,45.78,0.44,4.32,50.54,249.45,USD,PAYOUT,
2026-05-02T05:26:53.353Z,ADJUSTMENT,,,0.0,0.0,0.0,0.0,0.0,0.01,USD,PAYOUT,TAX Only Credit
2026-05-02T05:26:44.232Z,ADJUSTMENT,,,0.0,0.0,0.0,0.0,0.0,0.04,USD,PAYOUT,TAX Only Debit
2026-05-01T16:26:55.613Z,NON_SALE_CHARGE,,,0.0,0.0,0.0,0.0,0.0,65.95,USD,PAYOUT,2026-04-30 - 2026-05-30
2026-04-30T12:57:09.748Z,NON_SALE_CHARGE,,,0.0,0.0,0.0,0.0,0.0,7.29,USD,PAYOUT,Promoted Listings - General fee
2026-04-30T09:36:49.169Z,NON_SALE_CHARGE,,,0.0,0.0,0.0,0.0,0.0,4.11,USD,PAYOUT,Promoted Listings - General fee
2026-04-30T09:31:10.681Z,SALE,01-14587-92582,jcbrow_55,187.0,26.12,0.44,2.46,29.02,157.98,USD,PAYOUT,
2026-04-30T00:07:12.276Z,SALE,16-14562-88874,jashue_65,309.99,46.33,0.44,4.38,51.15,258.84,USD,PAYOUT,
2026-04-24T08:59:36.169Z,NON_SALE_CHARGE,,,0.0,0.0,0.0,0.0,0.0,4.4,USD,PAYOUT,Promoted Listings - General fee
2026-04-24T08:56:19.179Z,SALE,27-14521-81464,veiluha-0,199.99,27.94,0.44,2.64,31.02,168.97,USD,PAYOUT,
2026-04-23T19:19:20.129Z,CREDIT,21-14388-34980,ksfashion,0.0,0.0,0.0,0.0,0.0,109.99,USD,PAYOUT,
2026-04-23T11:24:31.474Z,SALE,07-14547-80009,nemi_4262,299.99,44.64,0.44,4.21,49.29,250.7,USD,PAYOUT,
2026-04-22T12:31:34.453Z,NON_SALE_CHARGE,,,0.0,0.0,0.0,0.0,0.0,5.98,USD,PAYOUT,Promoted Listings - General fee
2026-04-21T19:24:02.939Z,DISPUTE,07-14516-37175,rubbrow-37,0.0,0.0,0.0,0.0,0.0,310.0,USD,PAYOUT,
2026-04-21T07:05:49.800Z,SALE,07-14538-03079,fres-6596,249.99,37.98,0.44,3.59,42.01,207.98,USD,PAYOUT,
2026-04-17T13:19:50.512Z,NON_SALE_CHARGE,,,0.0,0.0,0.0,0.0,0.0,7.28,USD,PAYOUT,Promoted Listings - General fee
2026-04-17T12:56:42.529Z,NON_SALE_CHARGE,,,0.0,0.0,0.0,0.0,0.0,7.62,USD,PAYOUT,Promoted Listings - General fee
2026-04-17T06:31:08.227Z,SALE,18-14503-35897,ommart5263,319.99,48.39,0.44,4.58,53.41,266.58,USD,PAYOUT,
2026-04-17T01:45:02.181Z,SALE,22-14496-78247,li_1500101,249.99,38.32,0.44,3.62,42.38,207.61,USD,PAYOUT,
2026-04-16T13:01:23.845Z,SALE,07-14516-37175,rubbrow-37,310.0,46.23,0.44,4.37,51.04,258.96,USD,PAYOUT,
2026-04-14T20:22:45.560Z,CREDIT,21-14365-25100,joa6322,0.0,0.0,0.0,0.0,0.0,359.29,USD,PAYOUT,
2026-04-13T15:04:59.268Z,SALE,06-14504-16348,veiluha-0,260.0,36.32,0.44,3.43,40.19,219.81,USD,PAYOUT,
2026-04-12T02:04:07.935Z,SALE,10-14490-90818,pacific_group,189.99,26.54,0.44,2.51,29.49,160.5,USD,PAYOUT,
2026-04-07T04:43:52.564Z,SALE,05-14477-14244,sxlu12,249.99,37.02,0.44,3.5,40.96,209.03,USD,PAYOUT,
2026-04-06T12:59:48.665Z,NON_SALE_CHARGE,,,0.0,0.0,0.0,0.0,0.0,5.74,USD,PAYOUT,Promoted Listings - General fee
2026-04-06T00:50:00.125Z,SALE,06-14469-76064,metrue-67,239.99,36.44,0.44,3.44,40.32,199.67,USD,PAYOUT,
2026-04-05T20:37:09.454Z,REFUND,26-14438-26459,shortyinsa,299.99,45.36,0.44,4.29,50.09,249.9,USD,PAYOUT,
2026-04-05T16:21:09.574Z,SALE,26-14438-26459,shortyinsa,299.99,45.36,0.44,4.29,50.09,249.9,USD,PAYOUT,
2026-04-04T17:16:15.038Z,NON_SALE_CHARGE,,,0.0,0.0,0.0,0.0,0.0,7.38,USD,PAYOUT,Promoted Listings - General fee
2026-04-04T17:06:50.969Z,NON_SALE_CHARGE,,,0.0,0.0,0.0,0.0,0.0,6.81,USD,PAYOUT,Promoted Listings - General fee
2026-04-04T17:05:56.962Z,REFUND,02-14469-97692,lisadt1971,309.99,46.88,0.44,4.43,51.75,258.24,USD,PAYOUT,
2026-04-04T17:01:43.552Z,SALE,06-14464-09197,lisadt1971,285.87,43.23,0.44,4.08,47.75,238.12,USD,PAYOUT,
2026-04-04T16:50:51.827Z,NON_SALE_CHARGE,,,0.0,0.0,0.0,0.0,0.0,7.38,USD,PAYOUT,Promoted Listings - General fee
2026-04-04T16:46:06.572Z,SALE,02-14469-97692,lisadt1971,309.99,46.88,0.44,4.43,51.75,258.24,USD,PAYOUT,
2026-04-04T11:59:13.910Z,NON_SALE_CHARGE,,,0.0,0.0,0.0,0.0,0.0,5.03,USD,PAYOUT,Promoted Listings - General fee
2026-04-04T11:54:29.759Z,SALE,05-14464-75969,tull3333,209.99,31.94,0.44,3.01,35.39,174.6,USD,PAYOUT,
2026-04-03T23:13:32.799Z,DISPUTE,21-14388-34980,ksfashion,0.0,0.0,0.0,0.0,0.0,109.99,USD,PAYOUT,
2026-04-03T22:16:45.122Z,NON_SALE_CHARGE,,,0.0,0.0,0.0,0.0,0.0,3.3,USD,PAYOUT,Promoted Listings - General fee
2026-04-03T22:10:46.727Z,SALE,01-14469-13395,townyork,139.99,20.92,0.44,1.98,23.34,116.65,USD,PAYOUT,
2026-04-03T02:19:28.712Z,NON_SALE_CHARGE,,,0.0,0.0,0.0,0.0,0.0,8.83,USD,PAYOUT,Promoted Listings - General fee
2026-04-03T02:14:41.856Z,SALE,10-14451-54738,valerianicole212,359.99,56.08,0.44,5.3,61.82,298.17,USD,PAYOUT,
2026-04-02T18:09:35.627Z,ADJUSTMENT,,,0.0,0.0,0.0,0.0,0.0,0.01,USD,PAYOUT,TAX Only Debit
2026-04-01T16:24:37.350Z,NON_SALE_CHARGE,,,0.0,0.0,0.0,0.0,0.0,65.95,USD,PAYOUT,2026-03-31 - 2026-04-29
2026-03-31T12:25:04.831Z,NON_SALE_CHARGE,,,0.0,0.0,0.0,0.0,0.0,8.56,USD,PAYOUT,Promoted Listings - General fee
2026-03-31T04:11:13.138Z,SALE,05-14446-40729,esterma-0,379.99,54.35,0.44,5.78,60.57,319.42,USD,PAYOUT,
2026-03-30T01:14:33.348Z,NON_SALE_CHARGE,,,0.0,0.0,0.0,0.0,0.0,2.94,USD,PAYOUT,Promoted Listings - General fee
2026-03-30T01:10:35.496Z,SALE,23-14414-27370,mcqueen2008,123.47,18.63,0.44,1.98,21.05,102.42,USD,PAYOUT,
2026-03-29T06:40:59.373Z,NON_SALE_CHARGE,,,0.0,0.0,0.0,0.0,0.0,0.11,USD,PAYOUT,Insertion Fee
2026-03-29T04:55:02.718Z,NON_SALE_CHARGE,,,0.0,0.0,0.0,0.0,0.0,0.11,USD,PAYOUT,Insertion Fee
2026-03-29T04:45:05.880Z,NON_SALE_CHARGE,,,0.0,0.0,0.0,0.0,0.0,0.11,USD,PAYOUT,Insertion Fee
2026-03-29T04:38:00.858Z,NON_SALE_CHARGE,,,0.0,0.0,0.0,0.0,0.0,0.11,USD,PAYOUT,Insertion Fee
2026-03-29T04:35:59.299Z,NON_SALE_CHARGE,,,0.0,0.0,0.0,0.0,0.0,0.11,USD,PAYOUT,Insertion Fee
2026-03-29T04:02:13.474Z,NON_SALE_CHARGE,,,0.0,0.0,0.0,0.0,0.0,0.11,USD,PAYOUT,Insertion Fee
2026-03-29T03:54:24.679Z,NON_SALE_CHARGE,,,0.0,0.0,0.0,0.0,0.0,0.11,USD,PAYOUT,Insertion Fee
2026-03-29T03:52:10.770Z,NON_SALE_CHARGE,,,0.0,0.0,0.0,0.0,0.0,0.11,USD,PAYOUT,Insertion Fee
2026-03-29T03:49:46.974Z,NON_SALE_CHARGE,,,0.0,0.0,0.0,0.0,0.0,0.11,USD,PAYOUT,Insertion Fee
2026-03-29T03:47:46.926Z,NON_SALE_CHARGE,,,0.0,0.0,0.0,0.0,0.0,0.11,USD,PAYOUT,Insertion Fee
2026-03-29T03:40:43.836Z,NON_SALE_CHARGE,,,0.0,0.0,0.0,0.0,0.0,0.11,USD,PAYOUT,Insertion Fee
2026-03-29T03:39:18.305Z,NON_SALE_CHARGE,,,0.0,0.0,0.0,0.0,0.0,0.11,USD,PAYOUT,Insertion Fee
2026-03-29T03:37:45.721Z,NON_SALE_CHARGE,,,0.0,0.0,0.0,0.0,0.0,0.11,USD,PAYOUT,Insertion Fee
2026-03-29T03:36:34.918Z,NON_SALE_CHARGE,,,0.0,0.0,0.0,0.0,0.0,0.11,USD,PAYOUT,Insertion Fee
2026-03-29T03:06:11.218Z,NON_SALE_CHARGE,,,0.0,0.0,0.0,0.0,0.0,0.11,USD,PAYOUT,Insertion Fee
2026-03-29T03:05:56.744Z,NON_SALE_CHARGE,,,0.0,0.0,0.0,0.0,0.0,0.11,USD,PAYOUT,Insertion Fee
2026-03-27T06:36:52.329Z,NON_SALE_CHARGE,,,0.0,0.0,0.0,0.0,0.0,8.15,USD,PAYOUT,Promoted Listings - General fee
2026-03-27T06:33:14.400Z,SALE,27-14396-48671,steben-1748,370.41,51.74,0.44,5.5,57.68,312.73,USD,PAYOUT,
2026-03-25T21:55:03.982Z,DISPUTE,21-14365-25100,joa6322,0.0,0.0,0.0,0.0,0.0,359.29,USD,PAYOUT,
2026-03-25T13:16:05.042Z,NON_SALE_CHARGE,,,0.0,0.0,0.0,0.0,0.0,3.96,USD,PAYOUT,Promoted Listings - General fee
2026-03-25T02:22:11.192Z,NON_SALE_CHARGE,,,0.0,0.0,0.0,0.0,0.0,0.11,USD,PAYOUT,Insertion Fee
2026-03-25T02:21:57.835Z,NON_SALE_CHARGE,,,0.0,0.0,0.0,0.0,0.0,0.11,USD,PAYOUT,Insertion Fee
2026-03-25T02:17:58.826Z,NON_SALE_CHARGE,,,0.0,0.0,0.0,0.0,0.0,0.11,USD,PAYOUT,Insertion Fee
2026-03-25T02:14:22.354Z,NON_SALE_CHARGE,,,0.0,0.0,0.0,0.0,0.0,0.11,USD,PAYOUT,Insertion Fee
2026-03-25T02:13:14.951Z,NON_SALE_CHARGE,,,0.0,0.0,0.0,0.0,0.0,0.11,USD,PAYOUT,Insertion Fee
2026-03-25T02:13:02.404Z,NON_SALE_CHARGE,,,0.0,0.0,0.0,0.0,0.0,0.11,USD,PAYOUT,Insertion Fee
2026-03-25T02:12:02.768Z,NON_SALE_CHARGE,,,0.0,0.0,0.0,0.0,0.0,0.11,USD,PAYOUT,Insertion Fee
2026-03-25T02:11:43.488Z,NON_SALE_CHARGE,,,0.0,0.0,0.0,0.0,0.0,0.11,USD,PAYOUT,Insertion Fee
2026-03-25T02:07:57.507Z,NON_SALE_CHARGE,,,0.0,0.0,0.0,0.0,0.0,0.11,USD,PAYOUT,Insertion Fee
2026-03-25T02:07:10.666Z,NON_SALE_CHARGE,,,0.0,0.0,0.0,0.0,0.0,0.11,USD,PAYOUT,Insertion Fee
2026-03-25T02:07:01.805Z,NON_SALE_CHARGE,,,0.0,0.0,0.0,0.0,0.0,0.11,USD,PAYOUT,Insertion Fee
2026-03-25T02:05:33.164Z,NON_SALE_CHARGE,,,0.0,0.0,0.0,0.0,0.0,0.11,USD,PAYOUT,Insertion Fee
2026-03-25T02:03:27.170Z,NON_SALE_CHARGE,,,0.0,0.0,0.0,0.0,0.0,0.11,USD,PAYOUT,Insertion Fee
2026-03-25T02:03:08.868Z,NON_SALE_CHARGE,,,0.0,0.0,0.0,0.0,0.0,0.11,USD,PAYOUT,Insertion Fee
2026-03-25T02:03:01.812Z,NON_SALE_CHARGE,,,0.0,0.0,0.0,0.0,0.0,0.11,USD,PAYOUT,Insertion Fee
2026-03-25T02:00:32.503Z,NON_SALE_CHARGE,,,0.0,0.0,0.0,0.0,0.0,0.11,USD,PAYOUT,Insertion Fee
2026-03-25T01:58:11.660Z,NON_SALE_CHARGE,,,0.0,0.0,0.0,0.0,0.0,0.11,USD,PAYOUT,Insertion Fee
2026-03-25T01:58:00.730Z,NON_SALE_CHARGE,,,0.0,0.0,0.0,0.0,0.0,0.11,USD,PAYOUT,Insertion Fee
2026-03-25T01:58:00.522Z,NON_SALE_CHARGE,,,0.0,0.0,0.0,0.0,0.0,0.11,USD,PAYOUT,Insertion Fee
2026-03-25T01:57:11.455Z,NON_SALE_CHARGE,,,0.0,0.0,0.0,0.0,0.0,0.11,USD,PAYOUT,Insertion Fee
2026-03-25T01:56:26.153Z,NON_SALE_CHARGE,,,0.0,0.0,0.0,0.0,0.0,0.11,USD,PAYOUT,Insertion Fee
2026-03-25T01:54:11.912Z,NON_SALE_CHARGE,,,0.0,0.0,0.0,0.0,0.0,0.11,USD,PAYOUT,Insertion Fee
2026-03-25T01:53:05.186Z,NON_SALE_CHARGE,,,0.0,0.0,0.0,0.0,0.0,0.11,USD,PAYOUT,Insertion Fee
2026-03-25T01:51:57.938Z,NON_SALE_CHARGE,,,0.0,0.0,0.0,0.0,0.0,0.11,USD,PAYOUT,Insertion Fee
2026-03-25T01:50:32.891Z,NON_SALE_CHARGE,,,0.0,0.0,0.0,0.0,0.0,0.11,USD,PAYOUT,Insertion Fee
2026-03-25T01:46:56.889Z,NON_SALE_CHARGE,,,0.0,0.0,0.0,0.0,0.0,0.11,USD,PAYOUT,Insertion Fee
2026-03-25T01:45:27.885Z,NON_SALE_CHARGE,,,0.0,0.0,0.0,0.0,0.0,0.11,USD,PAYOUT,Insertion Fee
2026-03-25T01:44:21.532Z,NON_SALE_CHARGE,,,0.0,0.0,0.0,0.0,0.0,0.11,USD,PAYOUT,Insertion Fee
2026-03-25T01:43:28.317Z,NON_SALE_CHARGE,,,0.0,0.0,0.0,0.0,0.0,0.11,USD,PAYOUT,Insertion Fee
2026-03-25T01:42:59.368Z,NON_SALE_CHARGE,,,0.0,0.0,0.0,0.0,0.0,0.11,USD,PAYOUT,Insertion Fee
2026-03-25T01:42:12.077Z,NON_SALE_CHARGE,,,0.0,0.0,0.0,0.0,0.0,0.11,USD,PAYOUT,Insertion Fee
2026-03-25T01:41:57.133Z,NON_SALE_CHARGE,,,0.0,0.0,0.0,0.0,0.0,0.11,USD,PAYOUT,Insertion Fee
2026-03-25T01:41:20.025Z,NON_SALE_CHARGE,,,0.0,0.0,0.0,0.0,0.0,0.11,USD,PAYOUT,Insertion Fee
2026-03-25T01:40:41.492Z,NON_SALE_CHARGE,,,0.0,0.0,0.0,0.0,0.0,0.11,USD,PAYOUT,Insertion Fee
2026-03-25T01:40:27.903Z,NON_SALE_CHARGE,,,0.0,0.0,0.0,0.0,0.0,0.11,USD,PAYOUT,Insertion Fee
2026-03-25T01:35:27.478Z,NON_SALE_CHARGE,,,0.0,0.0,0.0,0.0,0.0,0.11,USD,PAYOUT,Insertion Fee
2026-03-25T01:34:23.696Z,NON_SALE_CHARGE,,,0.0,0.0,0.0,0.0,0.0,0.11,USD,PAYOUT,Insertion Fee
2026-03-25T01:33:27.518Z,NON_SALE_CHARGE,,,0.0,0.0,0.0,0.0,0.0,0.11,USD,PAYOUT,Insertion Fee
2026-03-25T01:32:01.584Z,NON_SALE_CHARGE,,,0.0,0.0,0.0,0.0,0.0,0.11,USD,PAYOUT,Insertion Fee
2026-03-25T01:30:38.989Z,NON_SALE_CHARGE,,,0.0,0.0,0.0,0.0,0.0,0.11,USD,PAYOUT,Insertion Fee
2026-03-25T01:26:03.076Z,NON_SALE_CHARGE,,,0.0,0.0,0.0,0.0,0.0,0.11,USD,PAYOUT,Insertion Fee
2026-03-25T01:26:00.128Z,NON_SALE_CHARGE,,,0.0,0.0,0.0,0.0,0.0,0.11,USD,PAYOUT,Insertion Fee
2026-03-25T01:25:16.021Z,NON_SALE_CHARGE,,,0.0,0.0,0.0,0.0,0.0,0.11,USD,PAYOUT,Insertion Fee
2026-03-25T01:23:42.103Z,NON_SALE_CHARGE,,,0.0,0.0,0.0,0.0,0.0,0.11,USD,PAYOUT,Insertion Fee
2026-03-25T01:23:38.619Z,NON_SALE_CHARGE,,,0.0,0.0,0.0,0.0,0.0,0.11,USD,PAYOUT,Insertion Fee
2026-03-25T01:23:22.656Z,NON_SALE_CHARGE,,,0.0,0.0,0.0,0.0,0.0,0.11,USD,PAYOUT,Insertion Fee
2026-03-25T01:22:15.517Z,NON_SALE_CHARGE,,,0.0,0.0,0.0,0.0,0.0,0.11,USD,PAYOUT,Insertion Fee
2026-03-25T01:22:11.293Z,NON_SALE_CHARGE,,,0.0,0.0,0.0,0.0,0.0,0.11,USD,PAYOUT,Insertion Fee
2026-03-25T01:21:36.520Z,NON_SALE_CHARGE,,,0.0,0.0,0.0,0.0,0.0,0.11,USD,PAYOUT,Insertion Fee
2026-03-25T01:20:57.726Z,NON_SALE_CHARGE,,,0.0,0.0,0.0,0.0,0.0,0.11,USD,PAYOUT,Insertion Fee
2026-03-25T01:14:53.234Z,NON_SALE_CHARGE,,,0.0,0.0,0.0,0.0,0.0,0.11,USD,PAYOUT,Insertion Fee
2026-03-25T01:07:03.029Z,NON_SALE_CHARGE,,,0.0,0.0,0.0,0.0,0.0,0.11,USD,PAYOUT,Insertion Fee
2026-03-25T01:03:40.622Z,NON_SALE_CHARGE,,,0.0,0.0,0.0,0.0,0.0,0.11,USD,PAYOUT,Insertion Fee
2026-03-25T01:02:57.416Z,NON_SALE_CHARGE,,,0.0,0.0,0.0,0.0,0.0,0.11,USD,PAYOUT,Insertion Fee
2026-03-25T01:02:37.596Z,NON_SALE_CHARGE,,,0.0,0.0,0.0,0.0,0.0,0.11,USD,PAYOUT,Insertion Fee
2026-03-25T01:01:20.094Z,NON_SALE_CHARGE,,,0.0,0.0,0.0,0.0,0.0,0.11,USD,PAYOUT,Insertion Fee
2026-03-25T01:00:45.737Z,NON_SALE_CHARGE,,,0.0,0.0,0.0,0.0,0.0,0.11,USD,PAYOUT,Insertion Fee
2026-03-25T01:00:14.989Z,NON_SALE_CHARGE,,,0.0,0.0,0.0,0.0,0.0,0.11,USD,PAYOUT,Insertion Fee
2026-03-25T00:59:19.082Z,NON_SALE_CHARGE,,,0.0,0.0,0.0,0.0,0.0,0.11,USD,PAYOUT,Insertion Fee
2026-03-25T00:57:22.742Z,NON_SALE_CHARGE,,,0.0,0.0,0.0,0.0,0.0,0.11,USD,PAYOUT,Insertion Fee
2026-03-25T00:56:20.564Z,NON_SALE_CHARGE,,,0.0,0.0,0.0,0.0,0.0,0.11,USD,PAYOUT,Insertion Fee
2026-03-25T00:54:09.567Z,NON_SALE_CHARGE,,,0.0,0.0,0.0,0.0,0.0,0.11,USD,PAYOUT,Insertion Fee
2026-03-25T00:54:09.099Z,NON_SALE_CHARGE,,,0.0,0.0,0.0,0.0,0.0,0.11,USD,PAYOUT,Insertion Fee
2026-03-25T00:53:36.505Z,NON_SALE_CHARGE,,,0.0,0.0,0.0,0.0,0.0,0.11,USD,PAYOUT,Insertion Fee
2026-03-25T00:53:36.494Z,NON_SALE_CHARGE,,,0.0,0.0,0.0,0.0,0.0,0.11,USD,PAYOUT,Insertion Fee
2026-03-25T00:50:25.707Z,NON_SALE_CHARGE,,,0.0,0.0,0.0,0.0,0.0,0.11,USD,PAYOUT,Insertion Fee
2026-03-25T00:50:06.188Z,NON_SALE_CHARGE,,,0.0,0.0,0.0,0.0,0.0,0.11,USD,PAYOUT,Insertion Fee
2026-03-25T00:46:14.173Z,NON_SALE_CHARGE,,,0.0,0.0,0.0,0.0,0.0,0.11,USD,PAYOUT,Insertion Fee
2026-03-25T00:45:42.415Z,NON_SALE_CHARGE,,,0.0,0.0,0.0,0.0,0.0,0.11,USD,PAYOUT,Insertion Fee
2026-03-25T00:39:36.119Z,NON_SALE_CHARGE,,,0.0,0.0,0.0,0.0,0.0,0.11,USD,PAYOUT,Insertion Fee
2026-03-25T00:38:51.037Z,NON_SALE_CHARGE,,,0.0,0.0,0.0,0.0,0.0,0.11,USD,PAYOUT,Insertion Fee
2026-03-25T00:38:21.447Z,NON_SALE_CHARGE,,,0.0,0.0,0.0,0.0,0.0,0.11,USD,PAYOUT,Insertion Fee
2026-03-25T00:37:14.804Z,NON_SALE_CHARGE,,,0.0,0.0,0.0,0.0,0.0,0.11,USD,PAYOUT,Insertion Fee
2026-03-25T00:35:44.844Z,NON_SALE_CHARGE,,,0.0,0.0,0.0,0.0,0.0,0.11,USD,PAYOUT,Insertion Fee
2026-03-25T00:34:37.844Z,NON_SALE_CHARGE,,,0.0,0.0,0.0,0.0,0.0,0.11,USD,PAYOUT,Insertion Fee
2026-03-25T00:34:03.349Z,NON_SALE_CHARGE,,,0.0,0.0,0.0,0.0,0.0,0.11,USD,PAYOUT,Insertion Fee
2026-03-25T00:32:43.370Z,NON_SALE_CHARGE,,,0.0,0.0,0.0,0.0,0.0,0.11,USD,PAYOUT,Insertion Fee
2026-03-25T00:30:08.160Z,NON_SALE_CHARGE,,,0.0,0.0,0.0,0.0,0.0,0.11,USD,PAYOUT,Insertion Fee
2026-03-25T00:29:24.733Z,NON_SALE_CHARGE,,,0.0,0.0,0.0,0.0,0.0,0.11,USD,PAYOUT,Insertion Fee
2026-03-25T00:28:01.603Z,NON_SALE_CHARGE,,,0.0,0.0,0.0,0.0,0.0,0.11,USD,PAYOUT,Insertion Fee
2026-03-25T00:27:34.718Z,NON_SALE_CHARGE,,,0.0,0.0,0.0,0.0,0.0,0.11,USD,PAYOUT,Insertion Fee
2026-03-25T00:26:20.835Z,NON_SALE_CHARGE,,,0.0,0.0,0.0,0.0,0.0,0.11,USD,PAYOUT,Insertion Fee
2026-03-25T00:24:41.743Z,NON_SALE_CHARGE,,,0.0,0.0,0.0,0.0,0.0,0.11,USD,PAYOUT,Insertion Fee
2026-03-25T00:22:42.905Z,NON_SALE_CHARGE,,,0.0,0.0,0.0,0.0,0.0,0.11,USD,PAYOUT,Insertion Fee
2026-03-25T00:22:32.021Z,NON_SALE_CHARGE,,,0.0,0.0,0.0,0.0,0.0,0.11,USD,PAYOUT,Insertion Fee
2026-03-25T00:21:24.172Z,NON_SALE_CHARGE,,,0.0,0.0,0.0,0.0,0.0,0.11,USD,PAYOUT,Insertion Fee
2026-03-25T00:20:25.530Z,NON_SALE_CHARGE,,,0.0,0.0,0.0,0.0,0.0,0.11,USD,PAYOUT,Insertion Fee
2026-03-25T00:16:17.483Z,NON_SALE_CHARGE,,,0.0,0.0,0.0,0.0,0.0,0.11,USD,PAYOUT,Insertion Fee
2026-03-25T00:14:39.396Z,NON_SALE_CHARGE,,,0.0,0.0,0.0,0.0,0.0,0.11,USD,PAYOUT,Insertion Fee
2026-03-25T00:13:57.535Z,NON_SALE_CHARGE,,,0.0,0.0,0.0,0.0,0.0,0.11,USD,PAYOUT,Insertion Fee
2026-03-25T00:13:33.595Z,NON_SALE_CHARGE,,,0.0,0.0,0.0,0.0,0.0,0.11,USD,PAYOUT,Insertion Fee
2026-03-25T00:12:39.165Z,NON_SALE_CHARGE,,,0.0,0.0,0.0,0.0,0.0,0.11,USD,PAYOUT,Insertion Fee
2026-03-25T00:10:28.466Z,NON_SALE_CHARGE,,,0.0,0.0,0.0,0.0,0.0,0.11,USD,PAYOUT,Insertion Fee
2026-03-25T00:08:37.548Z,NON_SALE_CHARGE,,,0.0,0.0,0.0,0.0,0.0,0.11,USD,PAYOUT,Insertion Fee
2026-03-25T00:07:44.225Z,NON_SALE_CHARGE,,,0.0,0.0,0.0,0.0,0.0,0.11,USD,PAYOUT,Insertion Fee
2026-03-25T00:07:11.736Z,NON_SALE_CHARGE,,,0.0,0.0,0.0,0.0,0.0,0.11,USD,PAYOUT,Insertion Fee
2026-03-25T00:04:34.983Z,NON_SALE_CHARGE,,,0.0,0.0,0.0,0.0,0.0,0.11,USD,PAYOUT,Insertion Fee
2026-03-25T00:00:04.130Z,NON_SALE_CHARGE,,,0.0,0.0,0.0,0.0,0.0,0.11,USD,PAYOUT,Insertion Fee
2026-03-24T23:59:08.955Z,NON_SALE_CHARGE,,,0.0,0.0,0.0,0.0,0.0,0.11,USD,PAYOUT,Insertion Fee
2026-03-24T23:54:50.742Z,NON_SALE_CHARGE,,,0.0,0.0,0.0,0.0,0.0,0.11,USD,PAYOUT,Insertion Fee
2026-03-24T23:54:30.042Z,NON_SALE_CHARGE,,,0.0,0.0,0.0,0.0,0.0,0.11,USD,PAYOUT,Insertion Fee
2026-03-24T23:53:04.925Z,NON_SALE_CHARGE,,,0.0,0.0,0.0,0.0,0.0,0.11,USD,PAYOUT,Insertion Fee
2026-03-24T23:53:03.376Z,NON_SALE_CHARGE,,,0.0,0.0,0.0,0.0,0.0,0.11,USD,PAYOUT,Insertion Fee
2026-03-24T23:52:02.954Z,NON_SALE_CHARGE,,,0.0,0.0,0.0,0.0,0.0,0.11,USD,PAYOUT,Insertion Fee
2026-03-24T23:50:23.842Z,NON_SALE_CHARGE,,,0.0,0.0,0.0,0.0,0.0,0.11,USD,PAYOUT,Insertion Fee
2026-03-24T23:49:49.014Z,NON_SALE_CHARGE,,,0.0,0.0,0.0,0.0,0.0,0.11,USD,PAYOUT,Insertion Fee
2026-03-24T23:48:01.018Z,NON_SALE_CHARGE,,,0.0,0.0,0.0,0.0,0.0,0.11,USD,PAYOUT,Insertion Fee
2026-03-24T23:47:10.021Z,NON_SALE_CHARGE,,,0.0,0.0,0.0,0.0,0.0,0.11,USD,PAYOUT,Insertion Fee
2026-03-24T23:47:03.537Z,NON_SALE_CHARGE,,,0.0,0.0,0.0,0.0,0.0,0.11,USD,PAYOUT,Insertion Fee
2026-03-24T23:45:45.361Z,NON_SALE_CHARGE,,,0.0,0.0,0.0,0.0,0.0,0.11,USD,PAYOUT,Insertion Fee
2026-03-24T23:41:34.504Z,NON_SALE_CHARGE,,,0.0,0.0,0.0,0.0,0.0,0.11,USD,PAYOUT,Insertion Fee
2026-03-24T23:40:59.544Z,NON_SALE_CHARGE,,,0.0,0.0,0.0,0.0,0.0,0.11,USD,PAYOUT,Insertion Fee
2026-03-24T23:39:45.588Z,NON_SALE_CHARGE,,,0.0,0.0,0.0,0.0,0.0,0.11,USD,PAYOUT,Insertion Fee
2026-03-24T23:38:15.897Z,NON_SALE_CHARGE,,,0.0,0.0,0.0,0.0,0.0,0.11,USD,PAYOUT,Insertion Fee
2026-03-24T23:37:43.396Z,NON_SALE_CHARGE,,,0.0,0.0,0.0,0.0,0.0,0.11,USD,PAYOUT,Insertion Fee
2026-03-24T23:36:51.160Z,NON_SALE_CHARGE,,,0.0,0.0,0.0,0.0,0.0,0.11,USD,PAYOUT,Insertion Fee
2026-03-24T23:35:17.543Z,NON_SALE_CHARGE,,,0.0,0.0,0.0,0.0,0.0,0.11,USD,PAYOUT,Insertion Fee
2026-03-24T23:35:13.204Z,NON_SALE_CHARGE,,,0.0,0.0,0.0,0.0,0.0,0.11,USD,PAYOUT,Insertion Fee
2026-03-24T23:34:15.363Z,NON_SALE_CHARGE,,,0.0,0.0,0.0,0.0,0.0,0.11,USD,PAYOUT,Insertion Fee
2026-03-24T23:33:26.977Z,NON_SALE_CHARGE,,,0.0,0.0,0.0,0.0,0.0,0.11,USD,PAYOUT,Insertion Fee
2026-03-24T23:30:57.281Z,NON_SALE_CHARGE,,,0.0,0.0,0.0,0.0,0.0,0.11,USD,PAYOUT,Insertion Fee
2026-03-24T23:01:33.283Z,NON_SALE_CHARGE,,,0.0,0.0,0.0,0.0,0.0,0.11,USD,PAYOUT,Insertion Fee
2026-03-24T23:00:57.020Z,NON_SALE_CHARGE,,,0.0,0.0,0.0,0.0,0.0,0.11,USD,PAYOUT,Insertion Fee
2026-03-24T22:59:23.889Z,NON_SALE_CHARGE,,,0.0,0.0,0.0,0.0,0.0,0.11,USD,PAYOUT,Insertion Fee
2026-03-24T22:52:39.811Z,NON_SALE_CHARGE,,,0.0,0.0,0.0,0.0,0.0,0.11,USD,PAYOUT,Insertion Fee
2026-03-24T22:51:56.020Z,NON_SALE_CHARGE,,,0.0,0.0,0.0,0.0,0.0,0.11,USD,PAYOUT,Insertion Fee
2026-03-24T22:50:22.085Z,NON_SALE_CHARGE,,,0.0,0.0,0.0,0.0,0.0,0.11,USD,PAYOUT,Insertion Fee
2026-03-24T22:48:56.361Z,NON_SALE_CHARGE,,,0.0,0.0,0.0,0.0,0.0,0.11,USD,PAYOUT,Insertion Fee
2026-03-24T22:48:13.910Z,NON_SALE_CHARGE,,,0.0,0.0,0.0,0.0,0.0,0.11,USD,PAYOUT,Insertion Fee
2026-03-24T22:48:13.774Z,NON_SALE_CHARGE,,,0.0,0.0,0.0,0.0,0.0,0.11,USD,PAYOUT,Insertion Fee
2026-03-24T22:45:26.075Z,NON_SALE_CHARGE,,,0.0,0.0,0.0,0.0,0.0,0.11,USD,PAYOUT,Insertion Fee
2026-03-24T22:42:39.553Z,NON_SALE_CHARGE,,,0.0,0.0,0.0,0.0,0.0,0.11,USD,PAYOUT,Insertion Fee
2026-03-24T22:42:35.250Z,NON_SALE_CHARGE,,,0.0,0.0,0.0,0.0,0.0,0.11,USD,PAYOUT,Insertion Fee
2026-03-24T22:42:33.085Z,NON_SALE_CHARGE,,,0.0,0.0,0.0,0.0,0.0,0.11,USD,PAYOUT,Insertion Fee
2026-03-24T22:41:22.989Z,NON_SALE_CHARGE,,,0.0,0.0,0.0,0.0,0.0,0.11,USD,PAYOUT,Insertion Fee
2026-03-24T22:41:09.997Z,NON_SALE_CHARGE,,,0.0,0.0,0.0,0.0,0.0,0.11,USD,PAYOUT,Insertion Fee
2026-03-24T22:40:45.812Z,NON_SALE_CHARGE,,,0.0,0.0,0.0,0.0,0.0,0.11,USD,PAYOUT,Insertion Fee
2026-03-24T22:38:54.014Z,NON_SALE_CHARGE,,,0.0,0.0,0.0,0.0,0.0,0.11,USD,PAYOUT,Insertion Fee
2026-03-24T22:38:42.850Z,NON_SALE_CHARGE,,,0.0,0.0,0.0,0.0,0.0,0.11,USD,PAYOUT,Insertion Fee
2026-03-24T22:37:39.959Z,NON_SALE_CHARGE,,,0.0,0.0,0.0,0.0,0.0,0.11,USD,PAYOUT,Insertion Fee
2026-03-24T22:36:09.701Z,NON_SALE_CHARGE,,,0.0,0.0,0.0,0.0,0.0,0.11,USD,PAYOUT,Insertion Fee
2026-03-24T22:36:04.613Z,NON_SALE_CHARGE,,,0.0,0.0,0.0,0.0,0.0,0.11,USD,PAYOUT,Insertion Fee
2026-03-24T22:35:45.083Z,NON_SALE_CHARGE,,,0.0,0.0,0.0,0.0,0.0,0.11,USD,PAYOUT,Insertion Fee
2026-03-24T22:35:31.303Z,NON_SALE_CHARGE,,,0.0,0.0,0.0,0.0,0.0,0.11,USD,PAYOUT,Insertion Fee
2026-03-24T22:35:18.806Z,NON_SALE_CHARGE,,,0.0,0.0,0.0,0.0,0.0,0.11,USD,PAYOUT,Insertion Fee
2026-03-24T22:34:26.876Z,NON_SALE_CHARGE,,,0.0,0.0,0.0,0.0,0.0,0.11,USD,PAYOUT,Insertion Fee
2026-03-24T22:34:16.424Z,NON_SALE_CHARGE,,,0.0,0.0,0.0,0.0,0.0,0.11,USD,PAYOUT,Insertion Fee
2026-03-24T22:32:32.146Z,NON_SALE_CHARGE,,,0.0,0.0,0.0,0.0,0.0,0.11,USD,PAYOUT,Insertion Fee
2026-03-24T22:31:18.975Z,NON_SALE_CHARGE,,,0.0,0.0,0.0,0.0,0.0,0.11,USD,PAYOUT,Insertion Fee
2026-03-24T22:30:54.602Z,NON_SALE_CHARGE,,,0.0,0.0,0.0,0.0,0.0,0.11,USD,PAYOUT,Insertion Fee
2026-03-24T22:30:11.893Z,NON_SALE_CHARGE,,,0.0,0.0,0.0,0.0,0.0,0.11,USD,PAYOUT,Insertion Fee
2026-03-24T22:26:43.285Z,NON_SALE_CHARGE,,,0.0,0.0,0.0,0.0,0.0,0.11,USD,PAYOUT,Insertion Fee
2026-03-24T22:25:37.256Z,NON_SALE_CHARGE,,,0.0,0.0,0.0,0.0,0.0,0.11,USD,PAYOUT,Insertion Fee
2026-03-24T22:25:34.316Z,NON_SALE_CHARGE,,,0.0,0.0,0.0,0.0,0.0,0.11,USD,PAYOUT,Insertion Fee
2026-03-24T22:24:30.610Z,NON_SALE_CHARGE,,,0.0,0.0,0.0,0.0,0.0,0.11,USD,PAYOUT,Insertion Fee
2026-03-24T22:24:25.982Z,NON_SALE_CHARGE,,,0.0,0.0,0.0,0.0,0.0,0.11,USD,PAYOUT,Insertion Fee
2026-03-24T22:24:23.605Z,NON_SALE_CHARGE,,,0.0,0.0,0.0,0.0,0.0,0.11,USD,PAYOUT,Insertion Fee
2026-03-24T22:23:42.292Z,NON_SALE_CHARGE,,,0.0,0.0,0.0,0.0,0.0,0.11,USD,PAYOUT,Insertion Fee
2026-03-24T22:23:41.857Z,NON_SALE_CHARGE,,,0.0,0.0,0.0,0.0,0.0,0.11,USD,PAYOUT,Insertion Fee
2026-03-24T22:22:59.400Z,NON_SALE_CHARGE,,,0.0,0.0,0.0,0.0,0.0,0.11,USD,PAYOUT,Insertion Fee
2026-03-24T22:22:55.876Z,NON_SALE_CHARGE,,,0.0,0.0,0.0,0.0,0.0,0.11,USD,PAYOUT,Insertion Fee
2026-03-24T22:22:27.608Z,NON_SALE_CHARGE,,,0.0,0.0,0.0,0.0,0.0,0.11,USD,PAYOUT,Insertion Fee
2026-03-24T22:22:19.326Z,NON_SALE_CHARGE,,,0.0,0.0,0.0,0.0,0.0,0.11,USD,PAYOUT,Insertion Fee
2026-03-24T22:22:19.223Z,NON_SALE_CHARGE,,,0.0,0.0,0.0,0.0,0.0,0.11,USD,PAYOUT,Insertion Fee
2026-03-24T22:21:10.001Z,NON_SALE_CHARGE,,,0.0,0.0,0.0,0.0,0.0,0.11,USD,PAYOUT,Insertion Fee
2026-03-24T22:21:03.101Z,NON_SALE_CHARGE,,,0.0,0.0,0.0,0.0,0.0,0.11,USD,PAYOUT,Insertion Fee
2026-03-24T22:20:51.250Z,NON_SALE_CHARGE,,,0.0,0.0,0.0,0.0,0.0,0.11,USD,PAYOUT,Insertion Fee
2026-03-24T22:19:58.473Z,NON_SALE_CHARGE,,,0.0,0.0,0.0,0.0,0.0,0.11,USD,PAYOUT,Insertion Fee
2026-03-24T22:19:19.899Z,NON_SALE_CHARGE,,,0.0,0.0,0.0,0.0,0.0,0.11,USD,PAYOUT,Insertion Fee
2026-03-24T22:18:36.108Z,NON_SALE_CHARGE,,,0.0,0.0,0.0,0.0,0.0,0.11,USD,PAYOUT,Insertion Fee
2026-03-24T22:18:33.212Z,NON_SALE_CHARGE,,,0.0,0.0,0.0,0.0,0.0,0.11,USD,PAYOUT,Insertion Fee
2026-03-24T22:17:54.464Z,NON_SALE_CHARGE,,,0.0,0.0,0.0,0.0,0.0,0.11,USD,PAYOUT,Insertion Fee
2026-03-24T22:16:37.924Z,NON_SALE_CHARGE,,,0.0,0.0,0.0,0.0,0.0,0.11,USD,PAYOUT,Insertion Fee
2026-03-24T22:15:46.077Z,NON_SALE_CHARGE,,,0.0,0.0,0.0,0.0,0.0,0.11,USD,PAYOUT,Insertion Fee
2026-03-24T22:15:15.784Z,NON_SALE_CHARGE,,,0.0,0.0,0.0,0.0,0.0,0.11,USD,PAYOUT,Insertion Fee
2026-03-24T22:13:30.613Z,NON_SALE_CHARGE,,,0.0,0.0,0.0,0.0,0.0,0.11,USD,PAYOUT,Insertion Fee
2026-03-24T22:11:37.830Z,NON_SALE_CHARGE,,,0.0,0.0,0.0,0.0,0.0,0.11,USD,PAYOUT,Insertion Fee
2026-03-24T22:10:36.573Z,NON_SALE_CHARGE,,,0.0,0.0,0.0,0.0,0.0,0.11,USD,PAYOUT,Insertion Fee
2026-03-24T22:03:45.882Z,SALE,12-14407-87896,afred340,169.99,25.17,0.44,2.67,28.28,141.71,USD,PAYOUT,
2026-03-24T21:54:15.533Z,NON_SALE_CHARGE,,,0.0,0.0,0.0,0.0,0.0,0.11,USD,PAYOUT,Insertion Fee
2026-03-24T21:54:14.220Z,NON_SALE_CHARGE,,,0.0,0.0,0.0,0.0,0.0,0.11,USD,PAYOUT,Insertion Fee
2026-03-24T21:53:33.550Z,NON_SALE_CHARGE,,,0.0,0.0,0.0,0.0,0.0,0.11,USD,PAYOUT,Insertion Fee
2026-03-24T21:53:32.486Z,NON_SALE_CHARGE,,,0.0,0.0,0.0,0.0,0.0,0.11,USD,PAYOUT,Insertion Fee
2026-03-24T21:51:55.068Z,NON_SALE_CHARGE,,,0.0,0.0,0.0,0.0,0.0,0.11,USD,PAYOUT,Insertion Fee
2026-03-24T21:40:48.370Z,NON_SALE_CHARGE,,,0.0,0.0,0.0,0.0,0.0,0.11,USD,PAYOUT,Insertion Fee
2026-03-24T21:40:10.024Z,NON_SALE_CHARGE,,,0.0,0.0,0.0,0.0,0.0,0.11,USD,PAYOUT,Insertion Fee
2026-03-24T21:39:53.924Z,NON_SALE_CHARGE,,,0.0,0.0,0.0,0.0,0.0,0.11,USD,PAYOUT,Insertion Fee
2026-03-24T21:39:16.660Z,NON_SALE_CHARGE,,,0.0,0.0,0.0,0.0,0.0,0.11,USD,PAYOUT,Insertion Fee
2026-03-24T21:39:12.979Z,NON_SALE_CHARGE,,,0.0,0.0,0.0,0.0,0.0,0.11,USD,PAYOUT,Insertion Fee
2026-03-24T21:38:30.401Z,NON_SALE_CHARGE,,,0.0,0.0,0.0,0.0,0.0,0.11,USD,PAYOUT,Insertion Fee
2026-03-24T21:34:52.503Z,NON_SALE_CHARGE,,,0.0,0.0,0.0,0.0,0.0,0.11,USD,PAYOUT,Insertion Fee
2026-03-24T21:34:48.897Z,NON_SALE_CHARGE,,,0.0,0.0,0.0,0.0,0.0,0.11,USD,PAYOUT,Insertion Fee
2026-03-24T21:33:31.824Z,NON_SALE_CHARGE,,,0.0,0.0,0.0,0.0,0.0,0.11,USD,PAYOUT,Insertion Fee
2026-03-24T21:33:30.221Z,NON_SALE_CHARGE,,,0.0,0.0,0.0,0.0,0.0,0.11,USD,PAYOUT,Insertion Fee
2026-03-24T21:31:56.481Z,NON_SALE_CHARGE,,,0.0,0.0,0.0,0.0,0.0,0.11,USD,PAYOUT,Insertion Fee
2026-03-24T21:28:34.070Z,NON_SALE_CHARGE,,,0.0,0.0,0.0,0.0,0.0,0.11,USD,PAYOUT,Insertion Fee
2026-03-24T21:27:14.349Z,NON_SALE_CHARGE,,,0.0,0.0,0.0,0.0,0.0,0.11,USD,PAYOUT,Insertion Fee
2026-03-24T21:26:51.548Z,NON_SALE_CHARGE,,,0.0,0.0,0.0,0.0,0.0,0.11,USD,PAYOUT,Insertion Fee
2026-03-24T21:26:11.679Z,NON_SALE_CHARGE,,,0.0,0.0,0.0,0.0,0.0,0.11,USD,PAYOUT,Insertion Fee
2026-03-24T21:25:25.372Z,NON_SALE_CHARGE,,,0.0,0.0,0.0,0.0,0.0,0.11,USD,PAYOUT,Insertion Fee
2026-03-24T21:24:52.736Z,NON_SALE_CHARGE,,,0.0,0.0,0.0,0.0,0.0,0.11,USD,PAYOUT,Insertion Fee
2026-03-24T21:24:05.518Z,NON_SALE_CHARGE,,,0.0,0.0,0.0,0.0,0.0,0.11,USD,PAYOUT,Insertion Fee
2026-03-24T21:23:27.315Z,NON_SALE_CHARGE,,,0.0,0.0,0.0,0.0,0.0,0.11,USD,PAYOUT,Insertion Fee
2026-03-24T21:22:45.443Z,NON_SALE_CHARGE,,,0.0,0.0,0.0,0.0,0.0,0.11,USD,PAYOUT,Insertion Fee
2026-03-24T21:21:20.411Z,NON_SALE_CHARGE,,,0.0,0.0,0.0,0.0,0.0,0.11,USD,PAYOUT,Insertion Fee
2026-03-24T21:20:16.424Z,NON_SALE_CHARGE,,,0.0,0.0,0.0,0.0,0.0,0.11,USD,PAYOUT,Insertion Fee
2026-03-24T21:19:39.059Z,NON_SALE_CHARGE,,,0.0,0.0,0.0,0.0,0.0,0.11,USD,PAYOUT,Insertion Fee
2026-03-24T21:18:21.690Z,NON_SALE_CHARGE,,,0.0,0.0,0.0,0.0,0.0,0.11,USD,PAYOUT,Insertion Fee
2026-03-24T21:17:47.656Z,NON_SALE_CHARGE,,,0.0,0.0,0.0,0.0,0.0,0.11,USD,PAYOUT,Insertion Fee
2026-03-24T21:17:19.042Z,NON_SALE_CHARGE,,,0.0,0.0,0.0,0.0,0.0,0.11,USD,PAYOUT,Insertion Fee
2026-03-24T21:16:01.971Z,NON_SALE_CHARGE,,,0.0,0.0,0.0,0.0,0.0,0.11,USD,PAYOUT,Insertion Fee
2026-03-24T21:15:40.827Z,NON_SALE_CHARGE,,,0.0,0.0,0.0,0.0,0.0,0.11,USD,PAYOUT,Insertion Fee
2026-03-24T21:14:41.125Z,NON_SALE_CHARGE,,,0.0,0.0,0.0,0.0,0.0,0.11,USD,PAYOUT,Insertion Fee
2026-03-24T21:14:26.117Z,NON_SALE_CHARGE,,,0.0,0.0,0.0,0.0,0.0,0.11,USD,PAYOUT,Insertion Fee
2026-03-24T21:14:06.800Z,NON_SALE_CHARGE,,,0.0,0.0,0.0,0.0,0.0,0.11,USD,PAYOUT,Insertion Fee
2026-03-24T21:12:29.103Z,NON_SALE_CHARGE,,,0.0,0.0,0.0,0.0,0.0,0.11,USD,PAYOUT,Insertion Fee
2026-03-24T21:11:57.823Z,NON_SALE_CHARGE,,,0.0,0.0,0.0,0.0,0.0,0.11,USD,PAYOUT,Insertion Fee
2026-03-24T21:09:41.010Z,NON_SALE_CHARGE,,,0.0,0.0,0.0,0.0,0.0,0.11,USD,PAYOUT,Insertion Fee
2026-03-24T21:07:48.392Z,NON_SALE_CHARGE,,,0.0,0.0,0.0,0.0,0.0,0.11,USD,PAYOUT,Insertion Fee
2026-03-24T21:05:27.409Z,NON_SALE_CHARGE,,,0.0,0.0,0.0,0.0,0.0,0.11,USD,PAYOUT,Insertion Fee
2026-03-24T21:03:46.335Z,NON_SALE_CHARGE,,,0.0,0.0,0.0,0.0,0.0,0.11,USD,PAYOUT,Insertion Fee
2026-03-24T21:03:41.557Z,NON_SALE_CHARGE,,,0.0,0.0,0.0,0.0,0.0,0.11,USD,PAYOUT,Insertion Fee
2026-03-24T21:03:01.397Z,NON_SALE_CHARGE,,,0.0,0.0,0.0,0.0,0.0,0.11,USD,PAYOUT,Insertion Fee
2026-03-24T21:02:28.210Z,NON_SALE_CHARGE,,,0.0,0.0,0.0,0.0,0.0,0.11,USD,PAYOUT,Insertion Fee
2026-03-24T21:01:45.835Z,NON_SALE_CHARGE,,,0.0,0.0,0.0,0.0,0.0,0.11,USD,PAYOUT,Insertion Fee
2026-03-24T21:00:39.752Z,NON_SALE_CHARGE,,,0.0,0.0,0.0,0.0,0.0,0.11,USD,PAYOUT,Insertion Fee
2026-03-24T20:59:11.680Z,NON_SALE_CHARGE,,,0.0,0.0,0.0,0.0,0.0,0.11,USD,PAYOUT,Insertion Fee
2026-03-24T20:57:58.279Z,NON_SALE_CHARGE,,,0.0,0.0,0.0,0.0,0.0,0.11,USD,PAYOUT,Insertion Fee
2026-03-24T20:57:36.588Z,NON_SALE_CHARGE,,,0.0,0.0,0.0,0.0,0.0,0.11,USD,PAYOUT,Insertion Fee
2026-03-24T20:57:08.888Z,NON_SALE_CHARGE,,,0.0,0.0,0.0,0.0,0.0,0.11,USD,PAYOUT,Insertion Fee
2026-03-24T20:56:31.517Z,NON_SALE_CHARGE,,,0.0,0.0,0.0,0.0,0.0,0.11,USD,PAYOUT,Insertion Fee
2026-03-24T20:56:22.796Z,NON_SALE_CHARGE,,,0.0,0.0,0.0,0.0,0.0,0.11,USD,PAYOUT,Insertion Fee
2026-03-24T20:54:20.127Z,NON_SALE_CHARGE,,,0.0,0.0,0.0,0.0,0.0,0.11,USD,PAYOUT,Insertion Fee
2026-03-24T20:53:17.362Z,NON_SALE_CHARGE,,,0.0,0.0,0.0,0.0,0.0,0.11,USD,PAYOUT,Insertion Fee
2026-03-24T20:52:17.105Z,NON_SALE_CHARGE,,,0.0,0.0,0.0,0.0,0.0,0.11,USD,PAYOUT,Insertion Fee
2026-03-24T20:51:26.152Z,NON_SALE_CHARGE,,,0.0,0.0,0.0,0.0,0.0,0.11,USD,PAYOUT,Insertion Fee
2026-03-24T20:49:14.018Z,NON_SALE_CHARGE,,,0.0,0.0,0.0,0.0,0.0,0.11,USD,PAYOUT,Insertion Fee
2026-03-24T20:47:01.391Z,NON_SALE_CHARGE,,,0.0,0.0,0.0,0.0,0.0,0.11,USD,PAYOUT,Insertion Fee
2026-03-24T20:46:45.681Z,NON_SALE_CHARGE,,,0.0,0.0,0.0,0.0,0.0,0.11,USD,PAYOUT,Insertion Fee
2026-03-24T20:46:06.926Z,NON_SALE_CHARGE,,,0.0,0.0,0.0,0.0,0.0,0.11,USD,PAYOUT,Insertion Fee
2026-03-24T20:45:55.565Z,NON_SALE_CHARGE,,,0.0,0.0,0.0,0.0,0.0,0.11,USD,PAYOUT,Insertion Fee
2026-03-24T20:45:02.128Z,NON_SALE_CHARGE,,,0.0,0.0,0.0,0.0,0.0,0.11,USD,PAYOUT,Insertion Fee
2026-03-24T20:43:52.514Z,NON_SALE_CHARGE,,,0.0,0.0,0.0,0.0,0.0,0.11,USD,PAYOUT,Insertion Fee
2026-03-24T20:41:58.652Z,NON_SALE_CHARGE,,,0.0,0.0,0.0,0.0,0.0,0.11,USD,PAYOUT,Insertion Fee
2026-03-24T20:40:55.417Z,NON_SALE_CHARGE,,,0.0,0.0,0.0,0.0,0.0,0.11,USD,PAYOUT,Insertion Fee
2026-03-24T20:38:13.354Z,NON_SALE_CHARGE,,,0.0,0.0,0.0,0.0,0.0,0.11,USD,PAYOUT,Insertion Fee
2026-03-24T20:36:45.506Z,NON_SALE_CHARGE,,,0.0,0.0,0.0,0.0,0.0,0.11,USD,PAYOUT,Insertion Fee
2026-03-24T20:36:42.450Z,NON_SALE_CHARGE,,,0.0,0.0,0.0,0.0,0.0,0.11,USD,PAYOUT,Insertion Fee
2026-03-24T20:35:04.443Z,NON_SALE_CHARGE,,,0.0,0.0,0.0,0.0,0.0,0.11,USD,PAYOUT,Insertion Fee
2026-03-24T20:34:57.028Z,NON_SALE_CHARGE,,,0.0,0.0,0.0,0.0,0.0,0.11,USD,PAYOUT,Insertion Fee
2026-03-24T15:32:08.629Z,NON_SALE_CHARGE,,,0.0,0.0,0.0,0.0,0.0,5.74,USD,PAYOUT,Promoted Listings - General fee
2026-03-24T15:27:33.344Z,SALE,09-14410-36229,lau-3770,239.99,36.46,0.44,3.87,40.77,199.22,USD,PAYOUT,
2026-03-24T12:37:58.428Z,NON_SALE_CHARGE,,,0.0,0.0,0.0,0.0,0.0,2.62,USD,PAYOUT,Promoted Listings - General fee
2026-03-24T01:57:01.634Z,NON_SALE_CHARGE,,,0.0,0.0,0.0,0.0,0.0,0.11,USD,PAYOUT,Insertion Fee
2026-03-24T01:56:03.690Z,NON_SALE_CHARGE,,,0.0,0.0,0.0,0.0,0.0,0.11,USD,PAYOUT,Insertion Fee
2026-03-24T00:57:52.537Z,NON_SALE_CHARGE,,,0.0,0.0,0.0,0.0,0.0,0.11,USD,PAYOUT,Insertion Fee
2026-03-24T00:51:39.022Z,NON_SALE_CHARGE,,,0.0,0.0,0.0,0.0,0.0,0.11,USD,PAYOUT,Insertion Fee
2026-03-24T00:49:02.889Z,NON_SALE_CHARGE,,,0.0,0.0,0.0,0.0,0.0,0.11,USD,PAYOUT,Insertion Fee
2026-03-24T00:48:37.448Z,NON_SALE_CHARGE,,,0.0,0.0,0.0,0.0,0.0,0.11,USD,PAYOUT,Insertion Fee
2026-03-24T00:42:32.525Z,NON_SALE_CHARGE,,,0.0,0.0,0.0,0.0,0.0,0.11,USD,PAYOUT,Insertion Fee
2026-03-24T00:34:25.041Z,NON_SALE_CHARGE,,,0.0,0.0,0.0,0.0,0.0,0.11,USD,PAYOUT,Insertion Fee
2026-03-24T00:33:52.222Z,NON_SALE_CHARGE,,,0.0,0.0,0.0,0.0,0.0,0.11,USD,PAYOUT,Insertion Fee
2026-03-24T00:33:08.436Z,NON_SALE_CHARGE,,,0.0,0.0,0.0,0.0,0.0,0.11,USD,PAYOUT,Insertion Fee
2026-03-24T00:31:37.201Z,NON_SALE_CHARGE,,,0.0,0.0,0.0,0.0,0.0,0.11,USD,PAYOUT,Insertion Fee
2026-03-24T00:30:51.695Z,NON_SALE_CHARGE,,,0.0,0.0,0.0,0.0,0.0,0.11,USD,PAYOUT,Insertion Fee
2026-03-24T00:29:26.932Z,NON_SALE_CHARGE,,,0.0,0.0,0.0,0.0,0.0,0.11,USD,PAYOUT,Insertion Fee
2026-03-24T00:27:01.658Z,NON_SALE_CHARGE,,,0.0,0.0,0.0,0.0,0.0,0.11,USD,PAYOUT,Insertion Fee
2026-03-24T00:22:02.410Z,NON_SALE_CHARGE,,,0.0,0.0,0.0,0.0,0.0,0.11,USD,PAYOUT,Insertion Fee
2026-03-24T00:17:50.028Z,NON_SALE_CHARGE,,,0.0,0.0,0.0,0.0,0.0,0.11,USD,PAYOUT,Insertion Fee
2026-03-24T00:17:03.066Z,NON_SALE_CHARGE,,,0.0,0.0,0.0,0.0,0.0,0.11,USD,PAYOUT,Insertion Fee
2026-03-24T00:16:12.533Z,NON_SALE_CHARGE,,,0.0,0.0,0.0,0.0,0.0,0.11,USD,PAYOUT,Insertion Fee
2026-03-24T00:16:06.518Z,NON_SALE_CHARGE,,,0.0,0.0,0.0,0.0,0.0,0.11,USD,PAYOUT,Insertion Fee
2026-03-24T00:15:41.005Z,NON_SALE_CHARGE,,,0.0,0.0,0.0,0.0,0.0,0.11,USD,PAYOUT,Insertion Fee
2026-03-24T00:14:23.230Z,NON_SALE_CHARGE,,,0.0,0.0,0.0,0.0,0.0,0.11,USD,PAYOUT,Insertion Fee
2026-03-24T00:13:46.256Z,NON_SALE_CHARGE,,,0.0,0.0,0.0,0.0,0.0,0.11,USD,PAYOUT,Insertion Fee
2026-03-24T00:13:06.378Z,NON_SALE_CHARGE,,,0.0,0.0,0.0,0.0,0.0,0.11,USD,PAYOUT,Insertion Fee
2026-03-24T00:12:27.511Z,NON_SALE_CHARGE,,,0.0,0.0,0.0,0.0,0.0,0.11,USD,PAYOUT,Insertion Fee
2026-03-24T00:12:02.030Z,NON_SALE_CHARGE,,,0.0,0.0,0.0,0.0,0.0,0.11,USD,PAYOUT,Insertion Fee
2026-03-24T00:11:34.997Z,NON_SALE_CHARGE,,,0.0,0.0,0.0,0.0,0.0,0.11,USD,PAYOUT,Insertion Fee
2026-03-24T00:08:50.982Z,NON_SALE_CHARGE,,,0.0,0.0,0.0,0.0,0.0,0.11,USD,PAYOUT,Insertion Fee
2026-03-24T00:01:56.895Z,NON_SALE_CHARGE,,,0.0,0.0,0.0,0.0,0.0,0.11,USD,PAYOUT,Insertion Fee
2026-03-24T00:00:48.478Z,NON_SALE_CHARGE,,,0.0,0.0,0.0,0.0,0.0,0.11,USD,PAYOUT,Insertion Fee
2026-03-23T23:59:24.442Z,NON_SALE_CHARGE,,,0.0,0.0,0.0,0.0,0.0,0.11,USD,PAYOUT,Insertion Fee
2026-03-23T23:58:08.005Z,NON_SALE_CHARGE,,,0.0,0.0,0.0,0.0,0.0,0.11,USD,PAYOUT,Insertion Fee
2026-03-23T23:56:57.196Z,NON_SALE_CHARGE,,,0.0,0.0,0.0,0.0,0.0,0.11,USD,PAYOUT,Insertion Fee
2026-03-23T23:55:50.220Z,NON_SALE_CHARGE,,,0.0,0.0,0.0,0.0,0.0,0.11,USD,PAYOUT,Insertion Fee
2026-03-23T23:55:20.429Z,NON_SALE_CHARGE,,,0.0,0.0,0.0,0.0,0.0,0.11,USD,PAYOUT,Insertion Fee
2026-03-23T23:54:21.278Z,NON_SALE_CHARGE,,,0.0,0.0,0.0,0.0,0.0,0.11,USD,PAYOUT,Insertion Fee
2026-03-23T23:53:27.553Z,NON_SALE_CHARGE,,,0.0,0.0,0.0,0.0,0.0,0.11,USD,PAYOUT,Insertion Fee
2026-03-23T23:52:45.170Z,NON_SALE_CHARGE,,,0.0,0.0,0.0,0.0,0.0,0.11,USD,PAYOUT,Insertion Fee
2026-03-23T23:50:45.111Z,NON_SALE_CHARGE,,,0.0,0.0,0.0,0.0,0.0,0.11,USD,PAYOUT,Insertion Fee
2026-03-23T23:47:28.584Z,NON_SALE_CHARGE,,,0.0,0.0,0.0,0.0,0.0,0.11,USD,PAYOUT,Insertion Fee
2026-03-23T23:38:49.291Z,NON_SALE_CHARGE,,,0.0,0.0,0.0,0.0,0.0,0.11,USD,PAYOUT,Insertion Fee
2026-03-23T23:37:47.285Z,NON_SALE_CHARGE,,,0.0,0.0,0.0,0.0,0.0,0.11,USD,PAYOUT,Insertion Fee
2026-03-23T23:35:41.441Z,NON_SALE_CHARGE,,,0.0,0.0,0.0,0.0,0.0,0.11,USD,PAYOUT,Insertion Fee
2026-03-23T23:35:19.415Z,NON_SALE_CHARGE,,,0.0,0.0,0.0,0.0,0.0,0.11,USD,PAYOUT,Insertion Fee
2026-03-23T23:33:58.996Z,NON_SALE_CHARGE,,,0.0,0.0,0.0,0.0,0.0,0.11,USD,PAYOUT,Insertion Fee
2026-03-23T23:31:53.346Z,NON_SALE_CHARGE,,,0.0,0.0,0.0,0.0,0.0,0.11,USD,PAYOUT,Insertion Fee
2026-03-23T23:30:18.801Z,NON_SALE_CHARGE,,,0.0,0.0,0.0,0.0,0.0,0.11,USD,PAYOUT,Insertion Fee
2026-03-23T23:28:43.191Z,NON_SALE_CHARGE,,,0.0,0.0,0.0,0.0,0.0,0.11,USD,PAYOUT,Insertion Fee
2026-03-23T23:24:22.614Z,NON_SALE_CHARGE,,,0.0,0.0,0.0,0.0,0.0,0.11,USD,PAYOUT,Insertion Fee
2026-03-23T23:21:02.107Z,NON_SALE_CHARGE,,,0.0,0.0,0.0,0.0,0.0,0.11,USD,PAYOUT,Insertion Fee
2026-03-23T23:20:02.628Z,NON_SALE_CHARGE,,,0.0,0.0,0.0,0.0,0.0,0.11,USD,PAYOUT,Insertion Fee
2026-03-23T23:18:39.507Z,NON_SALE_CHARGE,,,0.0,0.0,0.0,0.0,0.0,0.11,USD,PAYOUT,Insertion Fee
2026-03-23T23:18:37.422Z,NON_SALE_CHARGE,,,0.0,0.0,0.0,0.0,0.0,0.11,USD,PAYOUT,Insertion Fee
2026-03-23T23:18:22.482Z,NON_SALE_CHARGE,,,0.0,0.0,0.0,0.0,0.0,0.11,USD,PAYOUT,Insertion Fee
2026-03-23T23:16:48.686Z,NON_SALE_CHARGE,,,0.0,0.0,0.0,0.0,0.0,0.11,USD,PAYOUT,Insertion Fee
2026-03-23T23:11:42.640Z,NON_SALE_CHARGE,,,0.0,0.0,0.0,0.0,0.0,0.11,USD,PAYOUT,Insertion Fee
2026-03-23T23:09:51.155Z,NON_SALE_CHARGE,,,0.0,0.0,0.0,0.0,0.0,0.11,USD,PAYOUT,Insertion Fee
2026-03-23T23:07:17.260Z,NON_SALE_CHARGE,,,0.0,0.0,0.0,0.0,0.0,0.11,USD,PAYOUT,Insertion Fee
2026-03-23T23:02:56.416Z,NON_SALE_CHARGE,,,0.0,0.0,0.0,0.0,0.0,0.11,USD,PAYOUT,Insertion Fee
2026-03-23T23:00:23.363Z,NON_SALE_CHARGE,,,0.0,0.0,0.0,0.0,0.0,0.11,USD,PAYOUT,Insertion Fee
2026-03-23T22:59:00.659Z,NON_SALE_CHARGE,,,0.0,0.0,0.0,0.0,0.0,0.11,USD,PAYOUT,Insertion Fee
2026-03-23T22:57:53.332Z,NON_SALE_CHARGE,,,0.0,0.0,0.0,0.0,0.0,0.11,USD,PAYOUT,Insertion Fee
2026-03-23T22:54:25.336Z,NON_SALE_CHARGE,,,0.0,0.0,0.0,0.0,0.0,0.11,USD,PAYOUT,Insertion Fee
2026-03-23T22:54:02.863Z,NON_SALE_CHARGE,,,0.0,0.0,0.0,0.0,0.0,0.11,USD,PAYOUT,Insertion Fee
2026-03-23T22:52:57.769Z,NON_SALE_CHARGE,,,0.0,0.0,0.0,0.0,0.0,0.11,USD,PAYOUT,Insertion Fee
2026-03-23T22:51:27.975Z,NON_SALE_CHARGE,,,0.0,0.0,0.0,0.0,0.0,0.11,USD,PAYOUT,Insertion Fee
2026-03-23T22:48:25.120Z,NON_SALE_CHARGE,,,0.0,0.0,0.0,0.0,0.0,0.11,USD,PAYOUT,Insertion Fee
2026-03-23T22:47:27.066Z,NON_SALE_CHARGE,,,0.0,0.0,0.0,0.0,0.0,0.11,USD,PAYOUT,Insertion Fee
2026-03-23T22:42:14.131Z,NON_SALE_CHARGE,,,0.0,0.0,0.0,0.0,0.0,0.11,USD,PAYOUT,Insertion Fee
2026-03-23T22:40:04.335Z,NON_SALE_CHARGE,,,0.0,0.0,0.0,0.0,0.0,0.11,USD,PAYOUT,Insertion Fee
2026-03-23T22:35:55.167Z,NON_SALE_CHARGE,,,0.0,0.0,0.0,0.0,0.0,0.11,USD,PAYOUT,Insertion Fee
2026-03-23T22:35:08.341Z,NON_SALE_CHARGE,,,0.0,0.0,0.0,0.0,0.0,0.11,USD,PAYOUT,Insertion Fee
2026-03-23T22:34:01.537Z,NON_SALE_CHARGE,,,0.0,0.0,0.0,0.0,0.0,0.11,USD,PAYOUT,Insertion Fee
2026-03-23T22:27:09.884Z,NON_SALE_CHARGE,,,0.0,0.0,0.0,0.0,0.0,0.11,USD,PAYOUT,Insertion Fee
2026-03-23T22:25:37.678Z,NON_SALE_CHARGE,,,0.0,0.0,0.0,0.0,0.0,0.11,USD,PAYOUT,Insertion Fee
2026-03-23T22:24:11.673Z,NON_SALE_CHARGE,,,0.0,0.0,0.0,0.0,0.0,0.11,USD,PAYOUT,Insertion Fee
2026-03-23T22:23:03.636Z,NON_SALE_CHARGE,,,0.0,0.0,0.0,0.0,0.0,0.11,USD,PAYOUT,Insertion Fee
2026-03-23T22:21:47.689Z,NON_SALE_CHARGE,,,0.0,0.0,0.0,0.0,0.0,0.11,USD,PAYOUT,Insertion Fee
2026-03-23T22:20:43.492Z,NON_SALE_CHARGE,,,0.0,0.0,0.0,0.0,0.0,0.11,USD,PAYOUT,Insertion Fee
2026-03-23T22:20:21.167Z,NON_SALE_CHARGE,,,0.0,0.0,0.0,0.0,0.0,0.11,USD,PAYOUT,Insertion Fee
2026-03-23T22:12:49.288Z,NON_SALE_CHARGE,,,0.0,0.0,0.0,0.0,0.0,0.11,USD,PAYOUT,Insertion Fee
2026-03-23T22:06:05.131Z,NON_SALE_CHARGE,,,0.0,0.0,0.0,0.0,0.0,0.11,USD,PAYOUT,Insertion Fee
2026-03-23T21:57:13.731Z,NON_SALE_CHARGE,,,0.0,0.0,0.0,0.0,0.0,0.11,USD,PAYOUT,Insertion Fee
2026-03-23T21:56:00.354Z,NON_SALE_CHARGE,,,0.0,0.0,0.0,0.0,0.0,0.11,USD,PAYOUT,Insertion Fee
2026-03-23T21:54:13.906Z,NON_SALE_CHARGE,,,0.0,0.0,0.0,0.0,0.0,0.11,USD,PAYOUT,Insertion Fee
2026-03-23T21:48:23.423Z,NON_SALE_CHARGE,,,0.0,0.0,0.0,0.0,0.0,0.11,USD,PAYOUT,Insertion Fee
2026-03-23T21:47:45.085Z,NON_SALE_CHARGE,,,0.0,0.0,0.0,0.0,0.0,0.11,USD,PAYOUT,Insertion Fee
2026-03-23T21:46:10.300Z,NON_SALE_CHARGE,,,0.0,0.0,0.0,0.0,0.0,0.11,USD,PAYOUT,Insertion Fee
2026-03-23T21:45:58.702Z,NON_SALE_CHARGE,,,0.0,0.0,0.0,0.0,0.0,0.11,USD,PAYOUT,Insertion Fee
2026-03-23T21:45:27.598Z,NON_SALE_CHARGE,,,0.0,0.0,0.0,0.0,0.0,0.11,USD,PAYOUT,Insertion Fee
2026-03-23T21:44:47.473Z,NON_SALE_CHARGE,,,0.0,0.0,0.0,0.0,0.0,0.11,USD,PAYOUT,Insertion Fee
2026-03-23T21:41:41.282Z,NON_SALE_CHARGE,,,0.0,0.0,0.0,0.0,0.0,0.11,USD,PAYOUT,Insertion Fee
2026-03-23T21:41:28.865Z,NON_SALE_CHARGE,,,0.0,0.0,0.0,0.0,0.0,0.11,USD,PAYOUT,Insertion Fee
2026-03-23T21:39:46.615Z,NON_SALE_CHARGE,,,0.0,0.0,0.0,0.0,0.0,0.11,USD,PAYOUT,Insertion Fee
2026-03-23T21:35:57.878Z,NON_SALE_CHARGE,,,0.0,0.0,0.0,0.0,0.0,0.11,USD,PAYOUT,Insertion Fee
2026-03-23T21:34:13.922Z,NON_SALE_CHARGE,,,0.0,0.0,0.0,0.0,0.0,0.11,USD,PAYOUT,Insertion Fee
2026-03-23T21:29:32.154Z,NON_SALE_CHARGE,,,0.0,0.0,0.0,0.0,0.0,0.11,USD,PAYOUT,Insertion Fee
2026-03-23T21:26:38.892Z,NON_SALE_CHARGE,,,0.0,0.0,0.0,0.0,0.0,0.11,USD,PAYOUT,Insertion Fee
2026-03-23T21:25:45.253Z,NON_SALE_CHARGE,,,0.0,0.0,0.0,0.0,0.0,0.11,USD,PAYOUT,Insertion Fee
2026-03-23T21:25:41.141Z,NON_SALE_CHARGE,,,0.0,0.0,0.0,0.0,0.0,0.11,USD,PAYOUT,Insertion Fee
2026-03-23T21:24:03.919Z,NON_SALE_CHARGE,,,0.0,0.0,0.0,0.0,0.0,0.11,USD,PAYOUT,Insertion Fee
2026-03-23T21:22:47.193Z,NON_SALE_CHARGE,,,0.0,0.0,0.0,0.0,0.0,0.11,USD,PAYOUT,Insertion Fee
2026-03-23T20:35:21.962Z,NON_SALE_CHARGE,,,0.0,0.0,0.0,0.0,0.0,0.11,USD,PAYOUT,Insertion Fee
2026-03-23T20:33:37.061Z,NON_SALE_CHARGE,,,0.0,0.0,0.0,0.0,0.0,0.11,USD,PAYOUT,Insertion Fee
2026-03-23T20:33:32.746Z,NON_SALE_CHARGE,,,0.0,0.0,0.0,0.0,0.0,0.11,USD,PAYOUT,Insertion Fee
2026-03-23T20:31:37.042Z,NON_SALE_CHARGE,,,0.0,0.0,0.0,0.0,0.0,0.11,USD,PAYOUT,Insertion Fee
2026-03-23T20:27:12.098Z,NON_SALE_CHARGE,,,0.0,0.0,0.0,0.0,0.0,0.11,USD,PAYOUT,Insertion Fee
2026-03-23T20:26:54.133Z,NON_SALE_CHARGE,,,0.0,0.0,0.0,0.0,0.0,0.11,USD,PAYOUT,Insertion Fee
2026-03-23T20:25:28.053Z,NON_SALE_CHARGE,,,0.0,0.0,0.0,0.0,0.0,0.11,USD,PAYOUT,Insertion Fee
2026-03-23T20:23:37.735Z,NON_SALE_CHARGE,,,0.0,0.0,0.0,0.0,0.0,0.11,USD,PAYOUT,Insertion Fee
2026-03-23T20:23:37.353Z,NON_SALE_CHARGE,,,0.0,0.0,0.0,0.0,0.0,0.11,USD,PAYOUT,Insertion Fee
2026-03-23T20:23:37.241Z,NON_SALE_CHARGE,,,0.0,0.0,0.0,0.0,0.0,0.11,USD,PAYOUT,Insertion Fee
2026-03-23T20:21:56.291Z,NON_SALE_CHARGE,,,0.0,0.0,0.0,0.0,0.0,0.11,USD,PAYOUT,Insertion Fee
2026-03-23T20:21:39.452Z,NON_SALE_CHARGE,,,0.0,0.0,0.0,0.0,0.0,0.11,USD,PAYOUT,Insertion Fee
2026-03-23T20:20:28.832Z,NON_SALE_CHARGE,,,0.0,0.0,0.0,0.0,0.0,0.11,USD,PAYOUT,Insertion Fee
2026-03-23T20:20:15.568Z,NON_SALE_CHARGE,,,0.0,0.0,0.0,0.0,0.0,0.11,USD,PAYOUT,Insertion Fee
2026-03-23T20:20:09.392Z,NON_SALE_CHARGE,,,0.0,0.0,0.0,0.0,0.0,0.11,USD,PAYOUT,Insertion Fee
2026-03-23T20:18:41.027Z,NON_SALE_CHARGE,,,0.0,0.0,0.0,0.0,0.0,0.11,USD,PAYOUT,Insertion Fee
2026-03-23T20:18:27.963Z,NON_SALE_CHARGE,,,0.0,0.0,0.0,0.0,0.0,0.11,USD,PAYOUT,Insertion Fee
2026-03-23T20:17:41.190Z,NON_SALE_CHARGE,,,0.0,0.0,0.0,0.0,0.0,0.11,USD,PAYOUT,Insertion Fee
2026-03-23T20:15:34.901Z,NON_SALE_CHARGE,,,0.0,0.0,0.0,0.0,0.0,0.11,USD,PAYOUT,Insertion Fee
2026-03-23T20:15:08.038Z,NON_SALE_CHARGE,,,0.0,0.0,0.0,0.0,0.0,0.11,USD,PAYOUT,Insertion Fee
2026-03-23T20:14:01.967Z,NON_SALE_CHARGE,,,0.0,0.0,0.0,0.0,0.0,0.11,USD,PAYOUT,Insertion Fee
2026-03-23T20:13:36.506Z,NON_SALE_CHARGE,,,0.0,0.0,0.0,0.0,0.0,0.11,USD,PAYOUT,Insertion Fee
2026-03-23T20:13:24.553Z,NON_SALE_CHARGE,,,0.0,0.0,0.0,0.0,0.0,0.11,USD,PAYOUT,Insertion Fee
2026-03-23T20:13:14.185Z,NON_SALE_CHARGE,,,0.0,0.0,0.0,0.0,0.0,0.11,USD,PAYOUT,Insertion Fee
2026-03-23T20:12:34.830Z,NON_SALE_CHARGE,,,0.0,0.0,0.0,0.0,0.0,0.11,USD,PAYOUT,Insertion Fee
2026-03-23T20:12:09.136Z,NON_SALE_CHARGE,,,0.0,0.0,0.0,0.0,0.0,0.11,USD,PAYOUT,Insertion Fee
2026-03-23T20:11:47.081Z,NON_SALE_CHARGE,,,0.0,0.0,0.0,0.0,0.0,0.11,USD,PAYOUT,Insertion Fee
2026-03-23T20:11:40.526Z,NON_SALE_CHARGE,,,0.0,0.0,0.0,0.0,0.0,0.11,USD,PAYOUT,Insertion Fee
2026-03-23T20:10:33.145Z,NON_SALE_CHARGE,,,0.0,0.0,0.0,0.0,0.0,0.11,USD,PAYOUT,Insertion Fee
2026-03-23T20:10:10.181Z,NON_SALE_CHARGE,,,0.0,0.0,0.0,0.0,0.0,0.11,USD,PAYOUT,Insertion Fee
2026-03-23T20:09:29.235Z,NON_SALE_CHARGE,,,0.0,0.0,0.0,0.0,0.0,0.11,USD,PAYOUT,Insertion Fee
2026-03-23T20:09:08.570Z,NON_SALE_CHARGE,,,0.0,0.0,0.0,0.0,0.0,0.11,USD,PAYOUT,Insertion Fee
2026-03-23T20:09:04.921Z,NON_SALE_CHARGE,,,0.0,0.0,0.0,0.0,0.0,0.11,USD,PAYOUT,Insertion Fee
2026-03-23T20:02:47.200Z,NON_SALE_CHARGE,,,0.0,0.0,0.0,0.0,0.0,0.11,USD,PAYOUT,Insertion Fee
2026-03-23T19:59:50.753Z,NON_SALE_CHARGE,,,0.0,0.0,0.0,0.0,0.0,0.11,USD,PAYOUT,Insertion Fee
2026-03-23T19:58:46.764Z,NON_SALE_CHARGE,,,0.0,0.0,0.0,0.0,0.0,0.11,USD,PAYOUT,Insertion Fee
2026-03-23T19:58:34.669Z,NON_SALE_CHARGE,,,0.0,0.0,0.0,0.0,0.0,0.11,USD,PAYOUT,Insertion Fee
2026-03-23T19:39:35.963Z,NON_SALE_CHARGE,,,0.0,0.0,0.0,0.0,0.0,0.11,USD,PAYOUT,Insertion Fee
2026-03-23T19:36:42.776Z,NON_SALE_CHARGE,,,0.0,0.0,0.0,0.0,0.0,0.11,USD,PAYOUT,Insertion Fee
2026-03-23T19:36:40.801Z,NON_SALE_CHARGE,,,0.0,0.0,0.0,0.0,0.0,0.11,USD,PAYOUT,Insertion Fee
2026-03-23T19:28:00.016Z,NON_SALE_CHARGE,,,0.0,0.0,0.0,0.0,0.0,0.11,USD,PAYOUT,Insertion Fee
2026-03-23T19:27:57.253Z,NON_SALE_CHARGE,,,0.0,0.0,0.0,0.0,0.0,0.11,USD,PAYOUT,Insertion Fee
2026-03-23T19:27:36.251Z,NON_SALE_CHARGE,,,0.0,0.0,0.0,0.0,0.0,0.11,USD,PAYOUT,Insertion Fee
2026-03-23T19:23:09.806Z,NON_SALE_CHARGE,,,0.0,0.0,0.0,0.0,0.0,0.11,USD,PAYOUT,Insertion Fee
2026-03-23T19:22:59.165Z,NON_SALE_CHARGE,,,0.0,0.0,0.0,0.0,0.0,0.11,USD,PAYOUT,Insertion Fee
2026-03-23T19:19:53.700Z,NON_SALE_CHARGE,,,0.0,0.0,0.0,0.0,0.0,0.11,USD,PAYOUT,Insertion Fee
2026-03-23T19:17:31.145Z,NON_SALE_CHARGE,,,0.0,0.0,0.0,0.0,0.0,0.11,USD,PAYOUT,Insertion Fee
2026-03-23T19:17:20.967Z,NON_SALE_CHARGE,,,0.0,0.0,0.0,0.0,0.0,0.11,USD,PAYOUT,Insertion Fee
2026-03-23T19:17:05.976Z,NON_SALE_CHARGE,,,0.0,0.0,0.0,0.0,0.0,0.11,USD,PAYOUT,Insertion Fee
2026-03-23T19:16:12.629Z,NON_SALE_CHARGE,,,0.0,0.0,0.0,0.0,0.0,0.11,USD,PAYOUT,Insertion Fee
2026-03-23T19:14:56.159Z,NON_SALE_CHARGE,,,0.0,0.0,0.0,0.0,0.0,0.11,USD,PAYOUT,Insertion Fee
2026-03-23T19:13:29.912Z,NON_SALE_CHARGE,,,0.0,0.0,0.0,0.0,0.0,0.11,USD,PAYOUT,Insertion Fee
2026-03-23T19:13:17.151Z,NON_SALE_CHARGE,,,0.0,0.0,0.0,0.0,0.0,0.11,USD,PAYOUT,Insertion Fee
2026-03-23T19:13:09.601Z,NON_SALE_CHARGE,,,0.0,0.0,0.0,0.0,0.0,0.11,USD,PAYOUT,Insertion Fee
2026-03-23T19:13:05.816Z,NON_SALE_CHARGE,,,0.0,0.0,0.0,0.0,0.0,0.11,USD,PAYOUT,Insertion Fee
2026-03-23T19:12:40.030Z,NON_SALE_CHARGE,,,0.0,0.0,0.0,0.0,0.0,0.11,USD,PAYOUT,Insertion Fee
2026-03-23T19:12:34.926Z,NON_SALE_CHARGE,,,0.0,0.0,0.0,0.0,0.0,0.11,USD,PAYOUT,Insertion Fee
2026-03-23T19:12:15.473Z,NON_SALE_CHARGE,,,0.0,0.0,0.0,0.0,0.0,0.11,USD,PAYOUT,Insertion Fee
2026-03-23T19:11:45.469Z,NON_SALE_CHARGE,,,0.0,0.0,0.0,0.0,0.0,0.11,USD,PAYOUT,Insertion Fee
2026-03-23T19:11:40.888Z,NON_SALE_CHARGE,,,0.0,0.0,0.0,0.0,0.0,0.11,USD,PAYOUT,Insertion Fee
2026-03-23T19:11:01.768Z,NON_SALE_CHARGE,,,0.0,0.0,0.0,0.0,0.0,0.11,USD,PAYOUT,Insertion Fee
2026-03-23T19:10:44.575Z,NON_SALE_CHARGE,,,0.0,0.0,0.0,0.0,0.0,0.11,USD,PAYOUT,Insertion Fee
2026-03-23T19:08:47.075Z,NON_SALE_CHARGE,,,0.0,0.0,0.0,0.0,0.0,0.11,USD,PAYOUT,Insertion Fee
2026-03-23T19:08:41.566Z,NON_SALE_CHARGE,,,0.0,0.0,0.0,0.0,0.0,0.11,USD,PAYOUT,Insertion Fee
2026-03-23T19:06:19.514Z,NON_SALE_CHARGE,,,0.0,0.0,0.0,0.0,0.0,0.11,USD,PAYOUT,Insertion Fee
2026-03-23T19:04:57.392Z,NON_SALE_CHARGE,,,0.0,0.0,0.0,0.0,0.0,0.11,USD,PAYOUT,Insertion Fee
2026-03-23T19:04:39.087Z,NON_SALE_CHARGE,,,0.0,0.0,0.0,0.0,0.0,0.11,USD,PAYOUT,Insertion Fee
2026-03-23T19:03:49.445Z,NON_SALE_CHARGE,,,0.0,0.0,0.0,0.0,0.0,0.11,USD,PAYOUT,Insertion Fee
2026-03-23T19:03:48.540Z,NON_SALE_CHARGE,,,0.0,0.0,0.0,0.0,0.0,0.11,USD,PAYOUT,Insertion Fee
2026-03-23T19:01:47.395Z,NON_SALE_CHARGE,,,0.0,0.0,0.0,0.0,0.0,0.11,USD,PAYOUT,Insertion Fee
2026-03-23T19:01:11.134Z,NON_SALE_CHARGE,,,0.0,0.0,0.0,0.0,0.0,0.11,USD,PAYOUT,Insertion Fee
2026-03-23T19:00:30.816Z,NON_SALE_CHARGE,,,0.0,0.0,0.0,0.0,0.0,0.11,USD,PAYOUT,Insertion Fee
2026-03-23T18:58:04.997Z,NON_SALE_CHARGE,,,0.0,0.0,0.0,0.0,0.0,0.11,USD,PAYOUT,Insertion Fee
2026-03-23T18:55:03.272Z,NON_SALE_CHARGE,,,0.0,0.0,0.0,0.0,0.0,0.11,USD,PAYOUT,Insertion Fee
2026-03-23T18:54:19.605Z,NON_SALE_CHARGE,,,0.0,0.0,0.0,0.0,0.0,0.11,USD,PAYOUT,Insertion Fee
2026-03-23T18:53:57.719Z,NON_SALE_CHARGE,,,0.0,0.0,0.0,0.0,0.0,0.11,USD,PAYOUT,Insertion Fee
2026-03-23T18:50:45.430Z,NON_SALE_CHARGE,,,0.0,0.0,0.0,0.0,0.0,0.11,USD,PAYOUT,Insertion Fee
2026-03-23T18:48:16.902Z,NON_SALE_CHARGE,,,0.0,0.0,0.0,0.0,0.0,0.11,USD,PAYOUT,Insertion Fee
2026-03-23T18:47:37.267Z,NON_SALE_CHARGE,,,0.0,0.0,0.0,0.0,0.0,0.11,USD,PAYOUT,Insertion Fee
2026-03-23T18:47:22.062Z,NON_SALE_CHARGE,,,0.0,0.0,0.0,0.0,0.0,0.11,USD,PAYOUT,Insertion Fee
2026-03-23T18:45:57.661Z,NON_SALE_CHARGE,,,0.0,0.0,0.0,0.0,0.0,0.11,USD,PAYOUT,Insertion Fee
2026-03-23T18:45:53.654Z,NON_SALE_CHARGE,,,0.0,0.0,0.0,0.0,0.0,0.11,USD,PAYOUT,Insertion Fee
2026-03-23T18:43:54.852Z,NON_SALE_CHARGE,,,0.0,0.0,0.0,0.0,0.0,0.11,USD,PAYOUT,Insertion Fee
2026-03-23T18:40:49.369Z,NON_SALE_CHARGE,,,0.0,0.0,0.0,0.0,0.0,0.11,USD,PAYOUT,Insertion Fee
2026-03-23T18:40:49.239Z,NON_SALE_CHARGE,,,0.0,0.0,0.0,0.0,0.0,0.11,USD,PAYOUT,Insertion Fee
2026-03-23T18:40:10.237Z,NON_SALE_CHARGE,,,0.0,0.0,0.0,0.0,0.0,0.11,USD,PAYOUT,Insertion Fee
2026-03-23T18:39:38.479Z,NON_SALE_CHARGE,,,0.0,0.0,0.0,0.0,0.0,0.11,USD,PAYOUT,Insertion Fee
2026-03-23T18:36:35.121Z,NON_SALE_CHARGE,,,0.0,0.0,0.0,0.0,0.0,0.11,USD,PAYOUT,Insertion Fee
2026-03-23T18:36:08.719Z,NON_SALE_CHARGE,,,0.0,0.0,0.0,0.0,0.0,0.11,USD,PAYOUT,Insertion Fee
2026-03-23T18:35:47.617Z,NON_SALE_CHARGE,,,0.0,0.0,0.0,0.0,0.0,0.11,USD,PAYOUT,Insertion Fee
2026-03-23T18:34:55.281Z,NON_SALE_CHARGE,,,0.0,0.0,0.0,0.0,0.0,0.11,USD,PAYOUT,Insertion Fee
2026-03-23T18:34:38.555Z,NON_SALE_CHARGE,,,0.0,0.0,0.0,0.0,0.0,0.11,USD,PAYOUT,Insertion Fee
2026-03-23T18:33:34.346Z,NON_SALE_CHARGE,,,0.0,0.0,0.0,0.0,0.0,0.11,USD,PAYOUT,Insertion Fee
2026-03-23T18:33:30.804Z,NON_SALE_CHARGE,,,0.0,0.0,0.0,0.0,0.0,0.11,USD,PAYOUT,Insertion Fee
2026-03-23T18:33:28.965Z,NON_SALE_CHARGE,,,0.0,0.0,0.0,0.0,0.0,0.11,USD,PAYOUT,Insertion Fee
2026-03-23T18:33:18.499Z,NON_SALE_CHARGE,,,0.0,0.0,0.0,0.0,0.0,0.11,USD,PAYOUT,Insertion Fee
2026-03-23T18:32:54.964Z,NON_SALE_CHARGE,,,0.0,0.0,0.0,0.0,0.0,0.11,USD,PAYOUT,Insertion Fee
2026-03-23T18:32:00.820Z,NON_SALE_CHARGE,,,0.0,0.0,0.0,0.0,0.0,0.11,USD,PAYOUT,Insertion Fee
2026-03-23T18:31:53.425Z,NON_SALE_CHARGE,,,0.0,0.0,0.0,0.0,0.0,0.11,USD,PAYOUT,Insertion Fee
2026-03-23T18:31:04.213Z,NON_SALE_CHARGE,,,0.0,0.0,0.0,0.0,0.0,0.11,USD,PAYOUT,Insertion Fee
2026-03-23T17:04:22.600Z,NON_SALE_CHARGE,,,0.0,0.0,0.0,0.0,0.0,0.11,USD,PAYOUT,Insertion Fee
2026-03-23T16:45:00.628Z,SALE,21-14388-34980,ksfashion,109.99,16.63,0.44,1.77,18.84,91.15,USD,PAYOUT,
2026-03-23T03:23:59.595Z,NON_SALE_CHARGE,,,0.0,0.0,0.0,0.0,0.0,0.11,USD,PAYOUT,Insertion Fee
2026-03-23T03:22:38.065Z,NON_SALE_CHARGE,,,0.0,0.0,0.0,0.0,0.0,0.11,USD,PAYOUT,Insertion Fee
2026-03-23T03:10:36.151Z,NON_SALE_CHARGE,,,0.0,0.0,0.0,0.0,0.0,0.11,USD,PAYOUT,Insertion Fee
2026-03-23T03:04:33.962Z,NON_SALE_CHARGE,,,0.0,0.0,0.0,0.0,0.0,0.11,USD,PAYOUT,Insertion Fee
2026-03-23T02:49:31.457Z,NON_SALE_CHARGE,,,0.0,0.0,0.0,0.0,0.0,0.11,USD,PAYOUT,Insertion Fee
2026-03-23T02:47:48.977Z,NON_SALE_CHARGE,,,0.0,0.0,0.0,0.0,0.0,0.11,USD,PAYOUT,Insertion Fee
2026-03-23T02:45:28.472Z,NON_SALE_CHARGE,,,0.0,0.0,0.0,0.0,0.0,0.11,USD,PAYOUT,Insertion Fee
2026-03-23T02:45:00.861Z,NON_SALE_CHARGE,,,0.0,0.0,0.0,0.0,0.0,0.11,USD,PAYOUT,Insertion Fee
2026-03-23T02:44:29.392Z,NON_SALE_CHARGE,,,0.0,0.0,0.0,0.0,0.0,0.11,USD,PAYOUT,Insertion Fee
2026-03-23T02:42:37.256Z,NON_SALE_CHARGE,,,0.0,0.0,0.0,0.0,0.0,0.11,USD,PAYOUT,Insertion Fee
2026-03-23T02:41:09.208Z,NON_SALE_CHARGE,,,0.0,0.0,0.0,0.0,0.0,0.11,USD,PAYOUT,Insertion Fee
2026-03-23T02:35:22.995Z,NON_SALE_CHARGE,,,0.0,0.0,0.0,0.0,0.0,0.11,USD,PAYOUT,Insertion Fee
2026-03-23T02:33:02.985Z,NON_SALE_CHARGE,,,0.0,0.0,0.0,0.0,0.0,0.11,USD,PAYOUT,Insertion Fee
2026-03-23T02:29:29.842Z,NON_SALE_CHARGE,,,0.0,0.0,0.0,0.0,0.0,0.11,USD,PAYOUT,Insertion Fee
2026-03-23T02:11:09.137Z,NON_SALE_CHARGE,,,0.0,0.0,0.0,0.0,0.0,0.11,USD,PAYOUT,Insertion Fee
2026-03-23T02:08:56.718Z,NON_SALE_CHARGE,,,0.0,0.0,0.0,0.0,0.0,0.11,USD,PAYOUT,Insertion Fee
2026-03-23T02:07:48.204Z,NON_SALE_CHARGE,,,0.0,0.0,0.0,0.0,0.0,0.11,USD,PAYOUT,Insertion Fee
2026-03-23T02:06:11.058Z,NON_SALE_CHARGE,,,0.0,0.0,0.0,0.0,0.0,0.11,USD,PAYOUT,Insertion Fee
2026-03-23T02:02:31.594Z,NON_SALE_CHARGE,,,0.0,0.0,0.0,0.0,0.0,0.11,USD,PAYOUT,Insertion Fee
2026-03-23T02:00:01.824Z,NON_SALE_CHARGE,,,0.0,0.0,0.0,0.0,0.0,0.11,USD,PAYOUT,Insertion Fee
2026-03-23T01:55:17.590Z,NON_SALE_CHARGE,,,0.0,0.0,0.0,0.0,0.0,0.11,USD,PAYOUT,Insertion Fee
2026-03-23T01:53:57.909Z,NON_SALE_CHARGE,,,0.0,0.0,0.0,0.0,0.0,0.11,USD,PAYOUT,Insertion Fee
2026-03-23T01:53:57.240Z,NON_SALE_CHARGE,,,0.0,0.0,0.0,0.0,0.0,0.11,USD,PAYOUT,Insertion Fee
2026-03-23T01:31:04.296Z,NON_SALE_CHARGE,,,0.0,0.0,0.0,0.0,0.0,0.11,USD,PAYOUT,Insertion Fee
2026-03-23T01:29:25.656Z,NON_SALE_CHARGE,,,0.0,0.0,0.0,0.0,0.0,0.11,USD,PAYOUT,Insertion Fee
2026-03-23T01:27:38.659Z,NON_SALE_CHARGE,,,0.0,0.0,0.0,0.0,0.0,0.11,USD,PAYOUT,Insertion Fee
2026-03-23T01:24:57.760Z,NON_SALE_CHARGE,,,0.0,0.0,0.0,0.0,0.0,0.11,USD,PAYOUT,Insertion Fee
2026-03-23T01:22:33.041Z,NON_SALE_CHARGE,,,0.0,0.0,0.0,0.0,0.0,0.11,USD,PAYOUT,Insertion Fee
2026-03-23T01:05:28.547Z,NON_SALE_CHARGE,,,0.0,0.0,0.0,0.0,0.0,0.11,USD,PAYOUT,Insertion Fee
2026-03-23T01:02:43.302Z,NON_SALE_CHARGE,,,0.0,0.0,0.0,0.0,0.0,0.11,USD,PAYOUT,Insertion Fee
2026-03-23T00:51:35.490Z,NON_SALE_CHARGE,,,0.0,0.0,0.0,0.0,0.0,0.11,USD,PAYOUT,Insertion Fee
2026-03-23T00:48:30.643Z,NON_SALE_CHARGE,,,0.0,0.0,0.0,0.0,0.0,0.11,USD,PAYOUT,Insertion Fee
2026-03-23T00:44:23.451Z,NON_SALE_CHARGE,,,0.0,0.0,0.0,0.0,0.0,0.11,USD,PAYOUT,Insertion Fee
2026-03-23T00:43:56.362Z,NON_SALE_CHARGE,,,0.0,0.0,0.0,0.0,0.0,0.11,USD,PAYOUT,Insertion Fee
2026-03-23T00:42:55.398Z,NON_SALE_CHARGE,,,0.0,0.0,0.0,0.0,0.0,0.11,USD,PAYOUT,Insertion Fee
2026-03-23T00:39:28.325Z,NON_SALE_CHARGE,,,0.0,0.0,0.0,0.0,0.0,0.11,USD,PAYOUT,Insertion Fee
2026-03-23T00:37:48.421Z,NON_SALE_CHARGE,,,0.0,0.0,0.0,0.0,0.0,0.11,USD,PAYOUT,Insertion Fee
2026-03-23T00:37:21.128Z,NON_SALE_CHARGE,,,0.0,0.0,0.0,0.0,0.0,0.11,USD,PAYOUT,Insertion Fee
2026-03-23T00:33:23.794Z,NON_SALE_CHARGE,,,0.0,0.0,0.0,0.0,0.0,0.11,USD,PAYOUT,Insertion Fee
2026-03-23T00:31:38.959Z,NON_SALE_CHARGE,,,0.0,0.0,0.0,0.0,0.0,0.11,USD,PAYOUT,Insertion Fee
2026-03-23T00:28:28.655Z,NON_SALE_CHARGE,,,0.0,0.0,0.0,0.0,0.0,0.11,USD,PAYOUT,Insertion Fee
2026-03-23T00:22:57.150Z,NON_SALE_CHARGE,,,0.0,0.0,0.0,0.0,0.0,0.11,USD,PAYOUT,Insertion Fee
2026-03-23T00:21:29.209Z,NON_SALE_CHARGE,,,0.0,0.0,0.0,0.0,0.0,0.11,USD,PAYOUT,Insertion Fee
2026-03-23T00:20:10.834Z,NON_SALE_CHARGE,,,0.0,0.0,0.0,0.0,0.0,0.11,USD,PAYOUT,Insertion Fee
2026-03-23T00:19:05.681Z,NON_SALE_CHARGE,,,0.0,0.0,0.0,0.0,0.0,0.11,USD,PAYOUT,Insertion Fee
2026-03-23T00:16:14.405Z,NON_SALE_CHARGE,,,0.0,0.0,0.0,0.0,0.0,0.11,USD,PAYOUT,Insertion Fee
2026-03-23T00:12:05.935Z,NON_SALE_CHARGE,,,0.0,0.0,0.0,0.0,0.0,0.11,USD,PAYOUT,Insertion Fee
2026-03-23T00:06:55.029Z,NON_SALE_CHARGE,,,0.0,0.0,0.0,0.0,0.0,0.11,USD,PAYOUT,Insertion Fee
2026-03-23T00:06:26.724Z,NON_SALE_CHARGE,,,0.0,0.0,0.0,0.0,0.0,0.11,USD,PAYOUT,Insertion Fee
2026-03-23T00:05:36.456Z,NON_SALE_CHARGE,,,0.0,0.0,0.0,0.0,0.0,0.11,USD,PAYOUT,Insertion Fee
2026-03-23T00:05:14.417Z,NON_SALE_CHARGE,,,0.0,0.0,0.0,0.0,0.0,0.11,USD,PAYOUT,Insertion Fee
2026-03-23T00:03:37.894Z,NON_SALE_CHARGE,,,0.0,0.0,0.0,0.0,0.0,0.11,USD,PAYOUT,Insertion Fee
2026-03-23T00:02:31.660Z,NON_SALE_CHARGE,,,0.0,0.0,0.0,0.0,0.0,0.11,USD,PAYOUT,Insertion Fee
2026-03-23T00:00:58.303Z,NON_SALE_CHARGE,,,0.0,0.0,0.0,0.0,0.0,0.11,USD,PAYOUT,Insertion Fee
2026-03-22T23:56:39.804Z,NON_SALE_CHARGE,,,0.0,0.0,0.0,0.0,0.0,0.11,USD,PAYOUT,Insertion Fee
2026-03-22T23:56:38.121Z,NON_SALE_CHARGE,,,0.0,0.0,0.0,0.0,0.0,0.11,USD,PAYOUT,Insertion Fee
2026-03-22T23:52:02.024Z,NON_SALE_CHARGE,,,0.0,0.0,0.0,0.0,0.0,0.11,USD,PAYOUT,Insertion Fee
2026-03-22T23:51:45.575Z,NON_SALE_CHARGE,,,0.0,0.0,0.0,0.0,0.0,0.11,USD,PAYOUT,Insertion Fee
2026-03-22T23:47:29.513Z,NON_SALE_CHARGE,,,0.0,0.0,0.0,0.0,0.0,0.11,USD,PAYOUT,Insertion Fee
2026-03-22T23:43:49.487Z,NON_SALE_CHARGE,,,0.0,0.0,0.0,0.0,0.0,0.11,USD,PAYOUT,Insertion Fee
2026-03-22T23:36:22.368Z,NON_SALE_CHARGE,,,0.0,0.0,0.0,0.0,0.0,0.11,USD,PAYOUT,Insertion Fee
2026-03-22T23:35:36.804Z,NON_SALE_CHARGE,,,0.0,0.0,0.0,0.0,0.0,0.11,USD,PAYOUT,Insertion Fee
2026-03-22T23:19:04.866Z,NON_SALE_CHARGE,,,0.0,0.0,0.0,0.0,0.0,0.11,USD,PAYOUT,Insertion Fee
2026-03-22T23:16:44.181Z,NON_SALE_CHARGE,,,0.0,0.0,0.0,0.0,0.0,0.11,USD,PAYOUT,Insertion Fee
2026-03-22T23:06:39.192Z,NON_SALE_CHARGE,,,0.0,0.0,0.0,0.0,0.0,0.11,USD,PAYOUT,Insertion Fee
2026-03-22T23:05:26.638Z,NON_SALE_CHARGE,,,0.0,0.0,0.0,0.0,0.0,0.11,USD,PAYOUT,Insertion Fee
2026-03-22T23:00:35.507Z,NON_SALE_CHARGE,,,0.0,0.0,0.0,0.0,0.0,0.11,USD,PAYOUT,Insertion Fee
2026-03-22T22:56:58.630Z,NON_SALE_CHARGE,,,0.0,0.0,0.0,0.0,0.0,0.11,USD,PAYOUT,Insertion Fee
2026-03-22T22:55:48.751Z,NON_SALE_CHARGE,,,0.0,0.0,0.0,0.0,0.0,0.11,USD,PAYOUT,Insertion Fee
2026-03-22T22:55:23.396Z,NON_SALE_CHARGE,,,0.0,0.0,0.0,0.0,0.0,0.11,USD,PAYOUT,Insertion Fee
2026-03-22T22:55:13.485Z,NON_SALE_CHARGE,,,0.0,0.0,0.0,0.0,0.0,0.11,USD,PAYOUT,Insertion Fee
2026-03-22T22:54:15.422Z,NON_SALE_CHARGE,,,0.0,0.0,0.0,0.0,0.0,0.11,USD,PAYOUT,Insertion Fee
2026-03-22T22:52:32.084Z,NON_SALE_CHARGE,,,0.0,0.0,0.0,0.0,0.0,0.11,USD,PAYOUT,Insertion Fee
2026-03-22T22:52:12.349Z,NON_SALE_CHARGE,,,0.0,0.0,0.0,0.0,0.0,0.11,USD,PAYOUT,Insertion Fee
2026-03-22T22:52:08.804Z,NON_SALE_CHARGE,,,0.0,0.0,0.0,0.0,0.0,0.11,USD,PAYOUT,Insertion Fee
2026-03-22T22:50:19.930Z,NON_SALE_CHARGE,,,0.0,0.0,0.0,0.0,0.0,0.11,USD,PAYOUT,Insertion Fee
2026-03-22T22:49:18.810Z,NON_SALE_CHARGE,,,0.0,0.0,0.0,0.0,0.0,0.11,USD,PAYOUT,Insertion Fee
2026-03-22T22:47:56.442Z,NON_SALE_CHARGE,,,0.0,0.0,0.0,0.0,0.0,0.11,USD,PAYOUT,Insertion Fee
2026-03-22T22:47:11.838Z,NON_SALE_CHARGE,,,0.0,0.0,0.0,0.0,0.0,0.11,USD,PAYOUT,Insertion Fee
2026-03-22T22:47:09.742Z,NON_SALE_CHARGE,,,0.0,0.0,0.0,0.0,0.0,0.11,USD,PAYOUT,Insertion Fee
2026-03-22T22:44:47.509Z,NON_SALE_CHARGE,,,0.0,0.0,0.0,0.0,0.0,0.11,USD,PAYOUT,Insertion Fee
2026-03-22T22:44:16.663Z,NON_SALE_CHARGE,,,0.0,0.0,0.0,0.0,0.0,0.11,USD,PAYOUT,Insertion Fee
2026-03-22T22:44:01.580Z,NON_SALE_CHARGE,,,0.0,0.0,0.0,0.0,0.0,0.11,USD,PAYOUT,Insertion Fee
2026-03-22T22:43:10.295Z,NON_SALE_CHARGE,,,0.0,0.0,0.0,0.0,0.0,0.11,USD,PAYOUT,Insertion Fee
2026-03-22T22:40:48.462Z,NON_SALE_CHARGE,,,0.0,0.0,0.0,0.0,0.0,0.11,USD,PAYOUT,Insertion Fee
2026-03-22T22:39:46.623Z,NON_SALE_CHARGE,,,0.0,0.0,0.0,0.0,0.0,0.11,USD,PAYOUT,Insertion Fee
2026-03-22T22:39:19.895Z,NON_SALE_CHARGE,,,0.0,0.0,0.0,0.0,0.0,0.11,USD,PAYOUT,Insertion Fee
2026-03-22T22:27:04.838Z,NON_SALE_CHARGE,,,0.0,0.0,0.0,0.0,0.0,0.11,USD,PAYOUT,Insertion Fee
2026-03-22T22:25:21.679Z,NON_SALE_CHARGE,,,0.0,0.0,0.0,0.0,0.0,0.11,USD,PAYOUT,Insertion Fee
2026-03-22T22:24:15.537Z,NON_SALE_CHARGE,,,0.0,0.0,0.0,0.0,0.0,0.11,USD,PAYOUT,Insertion Fee
2026-03-22T22:23:22.342Z,NON_SALE_CHARGE,,,0.0,0.0,0.0,0.0,0.0,0.11,USD,PAYOUT,Insertion Fee
2026-03-22T22:17:37.578Z,NON_SALE_CHARGE,,,0.0,0.0,0.0,0.0,0.0,0.11,USD,PAYOUT,Insertion Fee
2026-03-22T22:17:21.360Z,NON_SALE_CHARGE,,,0.0,0.0,0.0,0.0,0.0,0.11,USD,PAYOUT,Insertion Fee
2026-03-22T22:13:56.412Z,NON_SALE_CHARGE,,,0.0,0.0,0.0,0.0,0.0,0.11,USD,PAYOUT,Insertion Fee
2026-03-22T22:13:47.781Z,NON_SALE_CHARGE,,,0.0,0.0,0.0,0.0,0.0,0.11,USD,PAYOUT,Insertion Fee
2026-03-22T22:13:19.626Z,NON_SALE_CHARGE,,,0.0,0.0,0.0,0.0,0.0,0.11,USD,PAYOUT,Insertion Fee
2026-03-22T21:46:42.462Z,NON_SALE_CHARGE,,,0.0,0.0,0.0,0.0,0.0,0.11,USD,PAYOUT,Insertion Fee
2026-03-22T21:46:17.587Z,NON_SALE_CHARGE,,,0.0,0.0,0.0,0.0,0.0,0.11,USD,PAYOUT,Insertion Fee
2026-03-22T21:41:44.391Z,NON_SALE_CHARGE,,,0.0,0.0,0.0,0.0,0.0,0.11,USD,PAYOUT,Insertion Fee
2026-03-22T21:40:34.697Z,NON_SALE_CHARGE,,,0.0,0.0,0.0,0.0,0.0,0.11,USD,PAYOUT,Insertion Fee
2026-03-22T21:39:59.490Z,NON_SALE_CHARGE,,,0.0,0.0,0.0,0.0,0.0,0.11,USD,PAYOUT,Insertion Fee
2026-03-22T21:37:54.239Z,NON_SALE_CHARGE,,,0.0,0.0,0.0,0.0,0.0,0.11,USD,PAYOUT,Insertion Fee
2026-03-22T21:37:22.802Z,NON_SALE_CHARGE,,,0.0,0.0,0.0,0.0,0.0,0.11,USD,PAYOUT,Insertion Fee
2026-03-22T21:36:51.855Z,NON_SALE_CHARGE,,,0.0,0.0,0.0,0.0,0.0,0.11,USD,PAYOUT,Insertion Fee
2026-03-22T21:34:39.214Z,NON_SALE_CHARGE,,,0.0,0.0,0.0,0.0,0.0,0.11,USD,PAYOUT,Insertion Fee
2026-03-22T21:32:50.964Z,NON_SALE_CHARGE,,,0.0,0.0,0.0,0.0,0.0,0.11,USD,PAYOUT,Insertion Fee
2026-03-22T21:29:39.637Z,NON_SALE_CHARGE,,,0.0,0.0,0.0,0.0,0.0,0.11,USD,PAYOUT,Insertion Fee
2026-03-22T21:27:02.851Z,NON_SALE_CHARGE,,,0.0,0.0,0.0,0.0,0.0,0.11,USD,PAYOUT,Insertion Fee
2026-03-22T21:26:44.568Z,NON_SALE_CHARGE,,,0.0,0.0,0.0,0.0,0.0,0.11,USD,PAYOUT,Insertion Fee
2026-03-22T21:26:41.883Z,NON_SALE_CHARGE,,,0.0,0.0,0.0,0.0,0.0,0.11,USD,PAYOUT,Insertion Fee
2026-03-22T21:25:12.230Z,NON_SALE_CHARGE,,,0.0,0.0,0.0,0.0,0.0,0.11,USD,PAYOUT,Insertion Fee
2026-03-22T21:05:48.892Z,NON_SALE_CHARGE,,,0.0,0.0,0.0,0.0,0.0,0.11,USD,PAYOUT,Insertion Fee
2026-03-22T21:04:23.063Z,NON_SALE_CHARGE,,,0.0,0.0,0.0,0.0,0.0,0.11,USD,PAYOUT,Insertion Fee
2026-03-22T21:01:50.622Z,NON_SALE_CHARGE,,,0.0,0.0,0.0,0.0,0.0,0.11,USD,PAYOUT,Insertion Fee
2026-03-22T20:58:19.418Z,NON_SALE_CHARGE,,,0.0,0.0,0.0,0.0,0.0,0.11,USD,PAYOUT,Insertion Fee
2026-03-22T20:56:03.069Z,NON_SALE_CHARGE,,,0.0,0.0,0.0,0.0,0.0,0.11,USD,PAYOUT,Insertion Fee
2026-03-22T20:55:25.576Z,NON_SALE_CHARGE,,,0.0,0.0,0.0,0.0,0.0,0.11,USD,PAYOUT,Insertion Fee
2026-03-22T20:50:39.118Z,NON_SALE_CHARGE,,,0.0,0.0,0.0,0.0,0.0,0.11,USD,PAYOUT,Insertion Fee
2026-03-22T20:49:18.744Z,NON_SALE_CHARGE,,,0.0,0.0,0.0,0.0,0.0,0.11,USD,PAYOUT,Insertion Fee
2026-03-22T20:48:33.089Z,NON_SALE_CHARGE,,,0.0,0.0,0.0,0.0,0.0,0.11,USD,PAYOUT,Insertion Fee
2026-03-22T20:48:23.130Z,NON_SALE_CHARGE,,,0.0,0.0,0.0,0.0,0.0,0.11,USD,PAYOUT,Insertion Fee
2026-03-22T20:47:20.158Z,NON_SALE_CHARGE,,,0.0,0.0,0.0,0.0,0.0,0.11,USD,PAYOUT,Insertion Fee
2026-03-22T20:42:18.927Z,NON_SALE_CHARGE,,,0.0,0.0,0.0,0.0,0.0,0.11,USD,PAYOUT,Insertion Fee
2026-03-22T20:40:50.788Z,NON_SALE_CHARGE,,,0.0,0.0,0.0,0.0,0.0,0.11,USD,PAYOUT,Insertion Fee
2026-03-22T20:36:55.152Z,NON_SALE_CHARGE,,,0.0,0.0,0.0,0.0,0.0,0.11,USD,PAYOUT,Insertion Fee
2026-03-22T20:35:41.160Z,NON_SALE_CHARGE,,,0.0,0.0,0.0,0.0,0.0,0.11,USD,PAYOUT,Insertion Fee
2026-03-22T20:32:46.416Z,NON_SALE_CHARGE,,,0.0,0.0,0.0,0.0,0.0,0.11,USD,PAYOUT,Insertion Fee
2026-03-22T20:32:32.603Z,NON_SALE_CHARGE,,,0.0,0.0,0.0,0.0,0.0,0.11,USD,PAYOUT,Insertion Fee
2026-03-22T20:32:17.437Z,NON_SALE_CHARGE,,,0.0,0.0,0.0,0.0,0.0,0.11,USD,PAYOUT,Insertion Fee
2026-03-22T20:24:56.152Z,NON_SALE_CHARGE,,,0.0,0.0,0.0,0.0,0.0,0.11,USD,PAYOUT,Insertion Fee
2026-03-22T20:22:16.095Z,NON_SALE_CHARGE,,,0.0,0.0,0.0,0.0,0.0,0.11,USD,PAYOUT,Insertion Fee
2026-03-22T20:18:38.564Z,NON_SALE_CHARGE,,,0.0,0.0,0.0,0.0,0.0,0.11,USD,PAYOUT,Insertion Fee
2026-03-22T20:18:23.092Z,NON_SALE_CHARGE,,,0.0,0.0,0.0,0.0,0.0,0.11,USD,PAYOUT,Insertion Fee
2026-03-22T20:10:34.100Z,NON_SALE_CHARGE,,,0.0,0.0,0.0,0.0,0.0,0.11,USD,PAYOUT,Insertion Fee
2026-03-22T20:09:55.484Z,NON_SALE_CHARGE,,,0.0,0.0,0.0,0.0,0.0,0.11,USD,PAYOUT,Insertion Fee
2026-03-22T20:04:00.360Z,NON_SALE_CHARGE,,,0.0,0.0,0.0,0.0,0.0,0.11,USD,PAYOUT,Insertion Fee
2026-03-22T20:03:29.527Z,NON_SALE_CHARGE,,,0.0,0.0,0.0,0.0,0.0,0.11,USD,PAYOUT,Insertion Fee
2026-03-22T20:03:05.020Z,NON_SALE_CHARGE,,,0.0,0.0,0.0,0.0,0.0,0.11,USD,PAYOUT,Insertion Fee
2026-03-22T20:02:48.403Z,NON_SALE_CHARGE,,,0.0,0.0,0.0,0.0,0.0,0.11,USD,PAYOUT,Insertion Fee
2026-03-22T19:59:00.792Z,NON_SALE_CHARGE,,,0.0,0.0,0.0,0.0,0.0,0.11,USD,PAYOUT,Insertion Fee
2026-03-22T19:58:08.622Z,NON_SALE_CHARGE,,,0.0,0.0,0.0,0.0,0.0,0.11,USD,PAYOUT,Insertion Fee
2026-03-22T19:58:06.967Z,NON_SALE_CHARGE,,,0.0,0.0,0.0,0.0,0.0,0.11,USD,PAYOUT,Insertion Fee
2026-03-22T19:57:15.384Z,NON_SALE_CHARGE,,,0.0,0.0,0.0,0.0,0.0,0.11,USD,PAYOUT,Insertion Fee
2026-03-22T19:55:18.450Z,NON_SALE_CHARGE,,,0.0,0.0,0.0,0.0,0.0,0.11,USD,PAYOUT,Insertion Fee
2026-03-22T19:51:00.021Z,NON_SALE_CHARGE,,,0.0,0.0,0.0,0.0,0.0,0.11,USD,PAYOUT,Insertion Fee
2026-03-22T19:48:15.114Z,NON_SALE_CHARGE,,,0.0,0.0,0.0,0.0,0.0,0.11,USD,PAYOUT,Insertion Fee
2026-03-22T19:48:06.555Z,NON_SALE_CHARGE,,,0.0,0.0,0.0,0.0,0.0,0.11,USD,PAYOUT,Insertion Fee
2026-03-22T19:47:59.281Z,NON_SALE_CHARGE,,,0.0,0.0,0.0,0.0,0.0,0.11,USD,PAYOUT,Insertion Fee
2026-03-22T19:47:05.290Z,NON_SALE_CHARGE,,,0.0,0.0,0.0,0.0,0.0,0.11,USD,PAYOUT,Insertion Fee
2026-03-22T19:46:41.371Z,NON_SALE_CHARGE,,,0.0,0.0,0.0,0.0,0.0,0.11,USD,PAYOUT,Insertion Fee
2026-03-22T19:45:20.127Z,NON_SALE_CHARGE,,,0.0,0.0,0.0,0.0,0.0,0.11,USD,PAYOUT,Insertion Fee
2026-03-22T19:44:50.365Z,NON_SALE_CHARGE,,,0.0,0.0,0.0,0.0,0.0,0.11,USD,PAYOUT,Insertion Fee
2026-03-22T19:44:08.259Z,NON_SALE_CHARGE,,,0.0,0.0,0.0,0.0,0.0,0.11,USD,PAYOUT,Insertion Fee
2026-03-22T19:43:35.009Z,NON_SALE_CHARGE,,,0.0,0.0,0.0,0.0,0.0,0.11,USD,PAYOUT,Insertion Fee
2026-03-22T19:41:33.190Z,NON_SALE_CHARGE,,,0.0,0.0,0.0,0.0,0.0,0.11,USD,PAYOUT,Insertion Fee
2026-03-22T19:41:11.381Z,NON_SALE_CHARGE,,,0.0,0.0,0.0,0.0,0.0,0.11,USD,PAYOUT,Insertion Fee
2026-03-22T19:36:49.490Z,NON_SALE_CHARGE,,,0.0,0.0,0.0,0.0,0.0,0.11,USD,PAYOUT,Insertion Fee
2026-03-22T19:35:33.143Z,NON_SALE_CHARGE,,,0.0,0.0,0.0,0.0,0.0,0.11,USD,PAYOUT,Insertion Fee
2026-03-22T17:26:39.747Z,NON_SALE_CHARGE,,,0.0,0.0,0.0,0.0,0.0,3.4,USD,PAYOUT,Promoted Listings - General fee
2026-03-22T17:21:32.995Z,SALE,08-14402-31633,fabmor-468,144.61,21.62,0.44,2.3,24.36,120.25,USD,PAYOUT,
2026-03-21T23:36:56.791Z,NON_SALE_CHARGE,,,0.0,0.0,0.0,0.0,0.0,0.11,USD,PAYOUT,Insertion Fee
2026-03-21T23:35:21.899Z,NON_SALE_CHARGE,,,0.0,0.0,0.0,0.0,0.0,0.11,USD,PAYOUT,Insertion Fee
2026-03-21T23:35:04.579Z,NON_SALE_CHARGE,,,0.0,0.0,0.0,0.0,0.0,0.11,USD,PAYOUT,Insertion Fee
2026-03-21T23:34:36.228Z,NON_SALE_CHARGE,,,0.0,0.0,0.0,0.0,0.0,0.11,USD,PAYOUT,Insertion Fee
2026-03-21T23:34:14.550Z,NON_SALE_CHARGE,,,0.0,0.0,0.0,0.0,0.0,0.11,USD,PAYOUT,Insertion Fee
2026-03-21T23:34:12.484Z,NON_SALE_CHARGE,,,0.0,0.0,0.0,0.0,0.0,0.11,USD,PAYOUT,Insertion Fee
2026-03-21T23:34:00.841Z,NON_SALE_CHARGE,,,0.0,0.0,0.0,0.0,0.0,0.11,USD,PAYOUT,Insertion Fee
2026-03-21T23:32:59.149Z,NON_SALE_CHARGE,,,0.0,0.0,0.0,0.0,0.0,0.11,USD,PAYOUT,Insertion Fee
2026-03-21T23:30:09.451Z,NON_SALE_CHARGE,,,0.0,0.0,0.0,0.0,0.0,0.11,USD,PAYOUT,Insertion Fee
2026-03-21T23:29:33.436Z,NON_SALE_CHARGE,,,0.0,0.0,0.0,0.0,0.0,0.11,USD,PAYOUT,Insertion Fee
2026-03-21T23:29:09.621Z,NON_SALE_CHARGE,,,0.0,0.0,0.0,0.0,0.0,0.11,USD,PAYOUT,Insertion Fee
2026-03-21T23:27:57.432Z,NON_SALE_CHARGE,,,0.0,0.0,0.0,0.0,0.0,0.11,USD,PAYOUT,Insertion Fee
2026-03-21T23:24:32.561Z,NON_SALE_CHARGE,,,0.0,0.0,0.0,0.0,0.0,0.11,USD,PAYOUT,Insertion Fee
2026-03-21T23:22:38.779Z,NON_SALE_CHARGE,,,0.0,0.0,0.0,0.0,0.0,0.11,USD,PAYOUT,Insertion Fee
2026-03-21T23:22:19.907Z,NON_SALE_CHARGE,,,0.0,0.0,0.0,0.0,0.0,0.11,USD,PAYOUT,Insertion Fee
2026-03-21T23:19:34.003Z,NON_SALE_CHARGE,,,0.0,0.0,0.0,0.0,0.0,0.11,USD,PAYOUT,Insertion Fee
2026-03-21T23:19:31.805Z,NON_SALE_CHARGE,,,0.0,0.0,0.0,0.0,0.0,0.11,USD,PAYOUT,Insertion Fee
2026-03-21T23:17:18.761Z,NON_SALE_CHARGE,,,0.0,0.0,0.0,0.0,0.0,0.11,USD,PAYOUT,Insertion Fee
2026-03-21T23:14:15.360Z,NON_SALE_CHARGE,,,0.0,0.0,0.0,0.0,0.0,0.11,USD,PAYOUT,Insertion Fee
2026-03-21T23:12:57.857Z,NON_SALE_CHARGE,,,0.0,0.0,0.0,0.0,0.0,0.11,USD,PAYOUT,Insertion Fee
2026-03-21T23:12:38.206Z,NON_SALE_CHARGE,,,0.0,0.0,0.0,0.0,0.0,0.11,USD,PAYOUT,Insertion Fee
2026-03-21T23:10:42.821Z,NON_SALE_CHARGE,,,0.0,0.0,0.0,0.0,0.0,0.11,USD,PAYOUT,Insertion Fee
2026-03-21T23:08:21.452Z,NON_SALE_CHARGE,,,0.0,0.0,0.0,0.0,0.0,0.11,USD,PAYOUT,Insertion Fee
2026-03-21T23:03:48.880Z,NON_SALE_CHARGE,,,0.0,0.0,0.0,0.0,0.0,0.11,USD,PAYOUT,Insertion Fee
2026-03-21T23:02:56.958Z,NON_SALE_CHARGE,,,0.0,0.0,0.0,0.0,0.0,0.11,USD,PAYOUT,Insertion Fee
2026-03-21T23:01:53.820Z,NON_SALE_CHARGE,,,0.0,0.0,0.0,0.0,0.0,0.11,USD,PAYOUT,Insertion Fee
2026-03-21T23:00:22.663Z,NON_SALE_CHARGE,,,0.0,0.0,0.0,0.0,0.0,0.11,USD,PAYOUT,Insertion Fee
2026-03-21T23:00:20.997Z,NON_SALE_CHARGE,,,0.0,0.0,0.0,0.0,0.0,0.11,USD,PAYOUT,Insertion Fee
2026-03-21T22:57:56.945Z,NON_SALE_CHARGE,,,0.0,0.0,0.0,0.0,0.0,0.11,USD,PAYOUT,Insertion Fee
2026-03-21T22:57:18.668Z,NON_SALE_CHARGE,,,0.0,0.0,0.0,0.0,0.0,0.11,USD,PAYOUT,Insertion Fee
2026-03-21T22:54:04.313Z,NON_SALE_CHARGE,,,0.0,0.0,0.0,0.0,0.0,0.11,USD,PAYOUT,Insertion Fee
2026-03-21T22:52:20.196Z,NON_SALE_CHARGE,,,0.0,0.0,0.0,0.0,0.0,0.11,USD,PAYOUT,Insertion Fee
2026-03-21T22:51:29.374Z,NON_SALE_CHARGE,,,0.0,0.0,0.0,0.0,0.0,0.11,USD,PAYOUT,Insertion Fee
2026-03-21T22:48:39.211Z,NON_SALE_CHARGE,,,0.0,0.0,0.0,0.0,0.0,0.11,USD,PAYOUT,Insertion Fee
2026-03-21T22:46:53.486Z,NON_SALE_CHARGE,,,0.0,0.0,0.0,0.0,0.0,0.11,USD,PAYOUT,Insertion Fee
2026-03-21T22:45:22.958Z,NON_SALE_CHARGE,,,0.0,0.0,0.0,0.0,0.0,0.11,USD,PAYOUT,Insertion Fee
2026-03-21T22:40:24.405Z,NON_SALE_CHARGE,,,0.0,0.0,0.0,0.0,0.0,0.11,USD,PAYOUT,Insertion Fee
2026-03-21T22:40:23.391Z,NON_SALE_CHARGE,,,0.0,0.0,0.0,0.0,0.0,0.11,USD,PAYOUT,Insertion Fee
2026-03-21T22:37:52.796Z,NON_SALE_CHARGE,,,0.0,0.0,0.0,0.0,0.0,0.11,USD,PAYOUT,Insertion Fee
2026-03-21T22:37:20.053Z,NON_SALE_CHARGE,,,0.0,0.0,0.0,0.0,0.0,0.11,USD,PAYOUT,Insertion Fee
2026-03-21T22:36:19.000Z,TRANSFER,,,0.0,0.0,0.0,0.0,0.0,44.44,USD,PAYOUT,TRANSFER_FROM
2026-03-21T22:35:20.392Z,NON_SALE_CHARGE,,,0.0,0.0,0.0,0.0,0.0,0.11,USD,PAYOUT,Insertion Fee
2026-03-21T22:35:08.393Z,NON_SALE_CHARGE,,,0.0,0.0,0.0,0.0,0.0,0.11,USD,PAYOUT,Insertion Fee
2026-03-21T22:33:01.212Z,NON_SALE_CHARGE,,,0.0,0.0,0.0,0.0,0.0,0.11,USD,PAYOUT,Insertion Fee
2026-03-21T22:31:47.009Z,NON_SALE_CHARGE,,,0.0,0.0,0.0,0.0,0.0,0.11,USD,PAYOUT,Insertion Fee
2026-03-21T22:30:19.789Z,NON_SALE_CHARGE,,,0.0,0.0,0.0,0.0,0.0,0.11,USD,PAYOUT,Insertion Fee
2026-03-21T22:29:56.177Z,NON_SALE_CHARGE,,,0.0,0.0,0.0,0.0,0.0,0.11,USD,PAYOUT,Insertion Fee
2026-03-21T22:29:30.013Z,NON_SALE_CHARGE,,,0.0,0.0,0.0,0.0,0.0,0.11,USD,PAYOUT,Insertion Fee
2026-03-21T22:29:03.198Z,NON_SALE_CHARGE,,,0.0,0.0,0.0,0.0,0.0,0.11,USD,PAYOUT,Insertion Fee
2026-03-21T22:29:00.151Z,NON_SALE_CHARGE,,,0.0,0.0,0.0,0.0,0.0,0.11,USD,PAYOUT,Insertion Fee
2026-03-21T22:28:37.203Z,NON_SALE_CHARGE,,,0.0,0.0,0.0,0.0,0.0,0.11,USD,PAYOUT,Insertion Fee
2026-03-21T22:27:40.516Z,NON_SALE_CHARGE,,,0.0,0.0,0.0,0.0,0.0,0.11,USD,PAYOUT,Insertion Fee
2026-03-21T22:27:21.332Z,NON_SALE_CHARGE,,,0.0,0.0,0.0,0.0,0.0,0.11,USD,PAYOUT,Insertion Fee
2026-03-21T22:26:56.681Z,NON_SALE_CHARGE,,,0.0,0.0,0.0,0.0,0.0,0.11,USD,PAYOUT,Insertion Fee
2026-03-21T22:24:03.597Z,NON_SALE_CHARGE,,,0.0,0.0,0.0,0.0,0.0,0.11,USD,PAYOUT,Insertion Fee
2026-03-21T22:21:48.715Z,NON_SALE_CHARGE,,,0.0,0.0,0.0,0.0,0.0,0.11,USD,PAYOUT,Insertion Fee
2026-03-21T22:18:48.498Z,NON_SALE_CHARGE,,,0.0,0.0,0.0,0.0,0.0,0.11,USD,PAYOUT,Insertion Fee
2026-03-21T22:14:28.045Z,NON_SALE_CHARGE,,,0.0,0.0,0.0,0.0,0.0,0.11,USD,PAYOUT,Insertion Fee
2026-03-21T21:52:38.133Z,NON_SALE_CHARGE,,,0.0,0.0,0.0,0.0,0.0,0.11,USD,PAYOUT,Insertion Fee
2026-03-21T21:46:46.575Z,NON_SALE_CHARGE,,,0.0,0.0,0.0,0.0,0.0,0.11,USD,PAYOUT,Insertion Fee
2026-03-21T21:46:43.199Z,NON_SALE_CHARGE,,,0.0,0.0,0.0,0.0,0.0,0.11,USD,PAYOUT,Insertion Fee
2026-03-21T21:44:06.068Z,NON_SALE_CHARGE,,,0.0,0.0,0.0,0.0,0.0,0.11,USD,PAYOUT,Insertion Fee
2026-03-21T21:43:55.898Z,NON_SALE_CHARGE,,,0.0,0.0,0.0,0.0,0.0,0.11,USD,PAYOUT,Insertion Fee
2026-03-21T21:41:43.157Z,NON_SALE_CHARGE,,,0.0,0.0,0.0,0.0,0.0,0.11,USD,PAYOUT,Insertion Fee
2026-03-21T21:40:17.286Z,NON_SALE_CHARGE,,,0.0,0.0,0.0,0.0,0.0,0.11,USD,PAYOUT,Insertion Fee
2026-03-21T21:38:24.908Z,NON_SALE_CHARGE,,,0.0,0.0,0.0,0.0,0.0,0.11,USD,PAYOUT,Insertion Fee
2026-03-21T21:38:09.040Z,NON_SALE_CHARGE,,,0.0,0.0,0.0,0.0,0.0,0.11,USD,PAYOUT,Insertion Fee
2026-03-21T21:37:35.846Z,NON_SALE_CHARGE,,,0.0,0.0,0.0,0.0,0.0,0.11,USD,PAYOUT,Insertion Fee
2026-03-21T21:37:19.125Z,NON_SALE_CHARGE,,,0.0,0.0,0.0,0.0,0.0,0.11,USD,PAYOUT,Insertion Fee
2026-03-21T21:36:47.132Z,NON_SALE_CHARGE,,,0.0,0.0,0.0,0.0,0.0,0.11,USD,PAYOUT,Insertion Fee
2026-03-21T21:33:59.130Z,NON_SALE_CHARGE,,,0.0,0.0,0.0,0.0,0.0,0.11,USD,PAYOUT,Insertion Fee
2026-03-21T21:32:56.574Z,NON_SALE_CHARGE,,,0.0,0.0,0.0,0.0,0.0,0.11,USD,PAYOUT,Insertion Fee
2026-03-21T21:32:39.386Z,NON_SALE_CHARGE,,,0.0,0.0,0.0,0.0,0.0,0.11,USD,PAYOUT,Insertion Fee
2026-03-21T21:32:18.935Z,NON_SALE_CHARGE,,,0.0,0.0,0.0,0.0,0.0,0.11,USD,PAYOUT,Insertion Fee
2026-03-21T21:31:40.602Z,NON_SALE_CHARGE,,,0.0,0.0,0.0,0.0,0.0,0.11,USD,PAYOUT,Insertion Fee
2026-03-21T21:31:22.427Z,NON_SALE_CHARGE,,,0.0,0.0,0.0,0.0,0.0,0.11,USD,PAYOUT,Insertion Fee
2026-03-21T21:12:09.174Z,NON_SALE_CHARGE,,,0.0,0.0,0.0,0.0,0.0,0.11,USD,PAYOUT,Insertion Fee
2026-03-21T21:07:25.696Z,NON_SALE_CHARGE,,,0.0,0.0,0.0,0.0,0.0,0.11,USD,PAYOUT,Insertion Fee
2026-03-21T21:05:47.685Z,NON_SALE_CHARGE,,,0.0,0.0,0.0,0.0,0.0,0.11,USD,PAYOUT,Insertion Fee
2026-03-21T21:01:01.592Z,NON_SALE_CHARGE,,,0.0,0.0,0.0,0.0,0.0,0.11,USD,PAYOUT,Insertion Fee
2026-03-21T21:00:39.610Z,NON_SALE_CHARGE,,,0.0,0.0,0.0,0.0,0.0,0.11,USD,PAYOUT,Insertion Fee
2026-03-21T21:00:37.400Z,NON_SALE_CHARGE,,,0.0,0.0,0.0,0.0,0.0,0.11,USD,PAYOUT,Insertion Fee
2026-03-21T21:00:02.120Z,NON_SALE_CHARGE,,,0.0,0.0,0.0,0.0,0.0,0.11,USD,PAYOUT,Insertion Fee
2026-03-21T20:56:29.505Z,NON_SALE_CHARGE,,,0.0,0.0,0.0,0.0,0.0,0.11,USD,PAYOUT,Insertion Fee
2026-03-21T20:56:10.825Z,NON_SALE_CHARGE,,,0.0,0.0,0.0,0.0,0.0,0.11,USD,PAYOUT,Insertion Fee
2026-03-21T20:54:17.130Z,NON_SALE_CHARGE,,,0.0,0.0,0.0,0.0,0.0,0.11,USD,PAYOUT,Insertion Fee
2026-03-21T20:51:19.786Z,NON_SALE_CHARGE,,,0.0,0.0,0.0,0.0,0.0,0.11,USD,PAYOUT,Insertion Fee
2026-03-21T20:46:14.975Z,NON_SALE_CHARGE,,,0.0,0.0,0.0,0.0,0.0,0.11,USD,PAYOUT,Insertion Fee
2026-03-21T20:45:28.699Z,NON_SALE_CHARGE,,,0.0,0.0,0.0,0.0,0.0,0.11,USD,PAYOUT,Insertion Fee
2026-03-21T20:44:23.484Z,NON_SALE_CHARGE,,,0.0,0.0,0.0,0.0,0.0,0.11,USD,PAYOUT,Insertion Fee
2026-03-21T20:41:51.905Z,NON_SALE_CHARGE,,,0.0,0.0,0.0,0.0,0.0,0.11,USD,PAYOUT,Insertion Fee
2026-03-21T20:41:23.565Z,NON_SALE_CHARGE,,,0.0,0.0,0.0,0.0,0.0,0.11,USD,PAYOUT,Insertion Fee
2026-03-21T08:25:02.581Z,NON_SALE_CHARGE,,,0.0,0.0,0.0,0.0,0.0,0.11,USD,PAYOUT,Insertion Fee
2026-03-21T08:24:58.962Z,NON_SALE_CHARGE,,,0.0,0.0,0.0,0.0,0.0,0.11,USD,PAYOUT,Insertion Fee
2026-03-21T08:23:02.696Z,NON_SALE_CHARGE,,,0.0,0.0,0.0,0.0,0.0,0.11,USD,PAYOUT,Insertion Fee
2026-03-21T08:22:26.224Z,NON_SALE_CHARGE,,,0.0,0.0,0.0,0.0,0.0,0.11,USD,PAYOUT,Insertion Fee
2026-03-21T08:21:36.183Z,NON_SALE_CHARGE,,,0.0,0.0,0.0,0.0,0.0,0.11,USD,PAYOUT,Insertion Fee
2026-03-21T08:20:42.643Z,NON_SALE_CHARGE,,,0.0,0.0,0.0,0.0,0.0,0.11,USD,PAYOUT,Insertion Fee
2026-03-21T08:17:36.236Z,NON_SALE_CHARGE,,,0.0,0.0,0.0,0.0,0.0,0.11,USD,PAYOUT,Insertion Fee
2026-03-21T08:15:35.365Z,NON_SALE_CHARGE,,,0.0,0.0,0.0,0.0,0.0,0.11,USD,PAYOUT,Insertion Fee
2026-03-21T08:14:59.614Z,NON_SALE_CHARGE,,,0.0,0.0,0.0,0.0,0.0,0.11,USD,PAYOUT,Insertion Fee
2026-03-21T08:14:56.446Z,NON_SALE_CHARGE,,,0.0,0.0,0.0,0.0,0.0,0.11,USD,PAYOUT,Insertion Fee
2026-03-21T08:14:55.814Z,NON_SALE_CHARGE,,,0.0,0.0,0.0,0.0,0.0,0.11,USD,PAYOUT,Insertion Fee
2026-03-21T08:12:58.056Z,NON_SALE_CHARGE,,,0.0,0.0,0.0,0.0,0.0,0.11,USD,PAYOUT,Insertion Fee
2026-03-21T08:12:57.562Z,NON_SALE_CHARGE,,,0.0,0.0,0.0,0.0,0.0,0.11,USD,PAYOUT,Insertion Fee
2026-03-21T08:12:57.266Z,NON_SALE_CHARGE,,,0.0,0.0,0.0,0.0,0.0,0.11,USD,PAYOUT,Insertion Fee
2026-03-21T08:11:48.884Z,NON_SALE_CHARGE,,,0.0,0.0,0.0,0.0,0.0,0.11,USD,PAYOUT,Insertion Fee
2026-03-21T08:11:30.710Z,NON_SALE_CHARGE,,,0.0,0.0,0.0,0.0,0.0,0.11,USD,PAYOUT,Insertion Fee
2026-03-21T08:10:38.548Z,NON_SALE_CHARGE,,,0.0,0.0,0.0,0.0,0.0,0.11,USD,PAYOUT,Insertion Fee
2026-03-21T08:09:58.395Z,NON_SALE_CHARGE,,,0.0,0.0,0.0,0.0,0.0,0.11,USD,PAYOUT,Insertion Fee
2026-03-21T08:09:56.313Z,NON_SALE_CHARGE,,,0.0,0.0,0.0,0.0,0.0,0.11,USD,PAYOUT,Insertion Fee
2026-03-21T08:09:29.592Z,NON_SALE_CHARGE,,,0.0,0.0,0.0,0.0,0.0,0.11,USD,PAYOUT,Insertion Fee
2026-03-21T08:08:01.661Z,NON_SALE_CHARGE,,,0.0,0.0,0.0,0.0,0.0,0.11,USD,PAYOUT,Insertion Fee
2026-03-21T08:06:37.274Z,NON_SALE_CHARGE,,,0.0,0.0,0.0,0.0,0.0,0.11,USD,PAYOUT,Insertion Fee
2026-03-21T08:05:03.549Z,NON_SALE_CHARGE,,,0.0,0.0,0.0,0.0,0.0,0.11,USD,PAYOUT,Insertion Fee
2026-03-21T08:04:54.569Z,NON_SALE_CHARGE,,,0.0,0.0,0.0,0.0,0.0,0.11,USD,PAYOUT,Insertion Fee
2026-03-21T08:04:28.880Z,NON_SALE_CHARGE,,,0.0,0.0,0.0,0.0,0.0,0.11,USD,PAYOUT,Insertion Fee
2026-03-21T08:03:02.705Z,NON_SALE_CHARGE,,,0.0,0.0,0.0,0.0,0.0,0.11,USD,PAYOUT,Insertion Fee
2026-03-21T08:02:58.313Z,NON_SALE_CHARGE,,,0.0,0.0,0.0,0.0,0.0,0.11,USD,PAYOUT,Insertion Fee
2026-03-21T08:02:57.062Z,NON_SALE_CHARGE,,,0.0,0.0,0.0,0.0,0.0,0.11,USD,PAYOUT,Insertion Fee
2026-03-21T08:02:30.455Z,NON_SALE_CHARGE,,,0.0,0.0,0.0,0.0,0.0,0.11,USD,PAYOUT,Insertion Fee
2026-03-21T08:01:33.113Z,NON_SALE_CHARGE,,,0.0,0.0,0.0,0.0,0.0,0.11,USD,PAYOUT,Insertion Fee
2026-03-21T08:00:35.795Z,NON_SALE_CHARGE,,,0.0,0.0,0.0,0.0,0.0,0.11,USD,PAYOUT,Insertion Fee
2026-03-21T08:00:33.143Z,NON_SALE_CHARGE,,,0.0,0.0,0.0,0.0,0.0,0.11,USD,PAYOUT,Insertion Fee
2026-03-21T08:00:01.243Z,NON_SALE_CHARGE,,,0.0,0.0,0.0,0.0,0.0,0.11,USD,PAYOUT,Insertion Fee
2026-03-21T07:59:57.294Z,NON_SALE_CHARGE,,,0.0,0.0,0.0,0.0,0.0,0.11,USD,PAYOUT,Insertion Fee
2026-03-21T07:59:57.003Z,NON_SALE_CHARGE,,,0.0,0.0,0.0,0.0,0.0,0.11,USD,PAYOUT,Insertion Fee
2026-03-21T07:59:55.551Z,NON_SALE_CHARGE,,,0.0,0.0,0.0,0.0,0.0,0.11,USD,PAYOUT,Insertion Fee
2026-03-21T07:59:27.224Z,NON_SALE_CHARGE,,,0.0,0.0,0.0,0.0,0.0,0.11,USD,PAYOUT,Insertion Fee
2026-03-21T07:58:01.287Z,NON_SALE_CHARGE,,,0.0,0.0,0.0,0.0,0.0,0.11,USD,PAYOUT,Insertion Fee
2026-03-21T07:57:57.824Z,NON_SALE_CHARGE,,,0.0,0.0,0.0,0.0,0.0,0.11,USD,PAYOUT,Insertion Fee
2026-03-21T07:57:35.175Z,NON_SALE_CHARGE,,,0.0,0.0,0.0,0.0,0.0,0.11,USD,PAYOUT,Insertion Fee
2026-03-21T07:57:34.963Z,NON_SALE_CHARGE,,,0.0,0.0,0.0,0.0,0.0,0.11,USD,PAYOUT,Insertion Fee
2026-03-21T07:56:27.299Z,NON_SALE_CHARGE,,,0.0,0.0,0.0,0.0,0.0,0.11,USD,PAYOUT,Insertion Fee
2026-03-21T07:55:34.147Z,NON_SALE_CHARGE,,,0.0,0.0,0.0,0.0,0.0,0.11,USD,PAYOUT,Insertion Fee
2026-03-21T07:55:33.040Z,NON_SALE_CHARGE,,,0.0,0.0,0.0,0.0,0.0,0.11,USD,PAYOUT,Insertion Fee
2026-03-21T07:55:02.746Z,NON_SALE_CHARGE,,,0.0,0.0,0.0,0.0,0.0,0.11,USD,PAYOUT,Insertion Fee
2026-03-21T07:54:55.310Z,NON_SALE_CHARGE,,,0.0,0.0,0.0,0.0,0.0,0.11,USD,PAYOUT,Insertion Fee
2026-03-21T07:54:54.976Z,NON_SALE_CHARGE,,,0.0,0.0,0.0,0.0,0.0,0.11,USD,PAYOUT,Insertion Fee
2026-03-21T07:54:28.351Z,NON_SALE_CHARGE,,,0.0,0.0,0.0,0.0,0.0,0.11,USD,PAYOUT,Insertion Fee
2026-03-21T07:53:44.637Z,NON_SALE_CHARGE,,,0.0,0.0,0.0,0.0,0.0,0.11,USD,PAYOUT,Insertion Fee
2026-03-21T07:53:01.209Z,NON_SALE_CHARGE,,,0.0,0.0,0.0,0.0,0.0,0.11,USD,PAYOUT,Insertion Fee
2026-03-21T07:52:55.697Z,NON_SALE_CHARGE,,,0.0,0.0,0.0,0.0,0.0,0.11,USD,PAYOUT,Insertion Fee
2026-03-21T07:51:32.358Z,NON_SALE_CHARGE,,,0.0,0.0,0.0,0.0,0.0,0.11,USD,PAYOUT,Insertion Fee
2026-03-21T07:51:31.687Z,NON_SALE_CHARGE,,,0.0,0.0,0.0,0.0,0.0,0.11,USD,PAYOUT,Insertion Fee
2026-03-21T07:50:37.737Z,NON_SALE_CHARGE,,,0.0,0.0,0.0,0.0,0.0,0.11,USD,PAYOUT,Insertion Fee
2026-03-21T07:50:35.752Z,NON_SALE_CHARGE,,,0.0,0.0,0.0,0.0,0.0,0.11,USD,PAYOUT,Insertion Fee
2026-03-21T07:49:57.948Z,NON_SALE_CHARGE,,,0.0,0.0,0.0,0.0,0.0,0.11,USD,PAYOUT,Insertion Fee
2026-03-21T07:49:57.591Z,NON_SALE_CHARGE,,,0.0,0.0,0.0,0.0,0.0,0.11,USD,PAYOUT,Insertion Fee
2026-03-21T07:49:56.821Z,NON_SALE_CHARGE,,,0.0,0.0,0.0,0.0,0.0,0.11,USD,PAYOUT,Insertion Fee
2026-03-21T07:49:53.847Z,NON_SALE_CHARGE,,,0.0,0.0,0.0,0.0,0.0,0.11,USD,PAYOUT,Insertion Fee
2026-03-21T07:49:26.663Z,NON_SALE_CHARGE,,,0.0,0.0,0.0,0.0,0.0,0.11,USD,PAYOUT,Insertion Fee
2026-03-21T07:48:43.051Z,NON_SALE_CHARGE,,,0.0,0.0,0.0,0.0,0.0,0.11,USD,PAYOUT,Insertion Fee
2026-03-21T07:47:57.181Z,NON_SALE_CHARGE,,,0.0,0.0,0.0,0.0,0.0,0.11,USD,PAYOUT,Insertion Fee
2026-03-21T07:47:55.773Z,NON_SALE_CHARGE,,,0.0,0.0,0.0,0.0,0.0,0.11,USD,PAYOUT,Insertion Fee
2026-03-21T07:47:55.735Z,NON_SALE_CHARGE,,,0.0,0.0,0.0,0.0,0.0,0.11,USD,PAYOUT,Insertion Fee
2026-03-21T07:47:34.210Z,NON_SALE_CHARGE,,,0.0,0.0,0.0,0.0,0.0,0.11,USD,PAYOUT,Insertion Fee
2026-03-21T07:47:33.367Z,NON_SALE_CHARGE,,,0.0,0.0,0.0,0.0,0.0,0.11,USD,PAYOUT,Insertion Fee
2026-03-21T07:46:30.900Z,NON_SALE_CHARGE,,,0.0,0.0,0.0,0.0,0.0,0.11,USD,PAYOUT,Insertion Fee
2026-03-21T07:46:29.932Z,NON_SALE_CHARGE,,,0.0,0.0,0.0,0.0,0.0,0.11,USD,PAYOUT,Insertion Fee
2026-03-21T07:45:40.631Z,NON_SALE_CHARGE,,,0.0,0.0,0.0,0.0,0.0,0.11,USD,PAYOUT,Insertion Fee
2026-03-21T07:45:34.594Z,NON_SALE_CHARGE,,,0.0,0.0,0.0,0.0,0.0,0.11,USD,PAYOUT,Insertion Fee
2026-03-21T07:45:32.842Z,NON_SALE_CHARGE,,,0.0,0.0,0.0,0.0,0.0,0.11,USD,PAYOUT,Insertion Fee
2026-03-21T07:44:58.631Z,NON_SALE_CHARGE,,,0.0,0.0,0.0,0.0,0.0,0.11,USD,PAYOUT,Insertion Fee
2026-03-21T07:44:54.401Z,NON_SALE_CHARGE,,,0.0,0.0,0.0,0.0,0.0,0.11,USD,PAYOUT,Insertion Fee
2026-03-21T07:44:29.159Z,NON_SALE_CHARGE,,,0.0,0.0,0.0,0.0,0.0,0.11,USD,PAYOUT,Insertion Fee
2026-03-21T07:44:28.088Z,NON_SALE_CHARGE,,,0.0,0.0,0.0,0.0,0.0,0.11,USD,PAYOUT,Insertion Fee
2026-03-21T07:43:42.495Z,NON_SALE_CHARGE,,,0.0,0.0,0.0,0.0,0.0,0.11,USD,PAYOUT,Insertion Fee
2026-03-21T07:43:04.833Z,NON_SALE_CHARGE,,,0.0,0.0,0.0,0.0,0.0,0.11,USD,PAYOUT,Insertion Fee
2026-03-21T07:42:54.646Z,NON_SALE_CHARGE,,,0.0,0.0,0.0,0.0,0.0,0.11,USD,PAYOUT,Insertion Fee
2026-03-21T07:42:24.346Z,NON_SALE_CHARGE,,,0.0,0.0,0.0,0.0,0.0,0.11,USD,PAYOUT,Insertion Fee
2026-03-21T07:41:32.033Z,NON_SALE_CHARGE,,,0.0,0.0,0.0,0.0,0.0,0.11,USD,PAYOUT,Insertion Fee
2026-03-21T07:40:45.338Z,NON_SALE_CHARGE,,,0.0,0.0,0.0,0.0,0.0,0.11,USD,PAYOUT,Insertion Fee
2026-03-21T07:40:33.042Z,NON_SALE_CHARGE,,,0.0,0.0,0.0,0.0,0.0,0.11,USD,PAYOUT,Insertion Fee
2026-03-21T07:39:56.967Z,NON_SALE_CHARGE,,,0.0,0.0,0.0,0.0,0.0,0.11,USD,PAYOUT,Insertion Fee
2026-03-21T07:39:55.487Z,NON_SALE_CHARGE,,,0.0,0.0,0.0,0.0,0.0,0.11,USD,PAYOUT,Insertion Fee
2026-03-21T07:39:55.408Z,NON_SALE_CHARGE,,,0.0,0.0,0.0,0.0,0.0,0.11,USD,PAYOUT,Insertion Fee
2026-03-21T07:39:30.229Z,NON_SALE_CHARGE,,,0.0,0.0,0.0,0.0,0.0,0.11,USD,PAYOUT,Insertion Fee
2026-03-21T07:38:00.842Z,NON_SALE_CHARGE,,,0.0,0.0,0.0,0.0,0.0,0.11,USD,PAYOUT,Insertion Fee
2026-03-21T07:37:56.002Z,NON_SALE_CHARGE,,,0.0,0.0,0.0,0.0,0.0,0.11,USD,PAYOUT,Insertion Fee
2026-03-21T07:37:31.444Z,NON_SALE_CHARGE,,,0.0,0.0,0.0,0.0,0.0,0.11,USD,PAYOUT,Insertion Fee
2026-03-21T07:37:31.419Z,NON_SALE_CHARGE,,,0.0,0.0,0.0,0.0,0.0,0.11,USD,PAYOUT,Insertion Fee
2026-03-21T07:37:30.397Z,NON_SALE_CHARGE,,,0.0,0.0,0.0,0.0,0.0,0.11,USD,PAYOUT,Insertion Fee
2026-03-21T07:36:29.097Z,NON_SALE_CHARGE,,,0.0,0.0,0.0,0.0,0.0,0.11,USD,PAYOUT,Insertion Fee
2026-03-21T07:36:28.439Z,NON_SALE_CHARGE,,,0.0,0.0,0.0,0.0,0.0,0.11,USD,PAYOUT,Insertion Fee
2026-03-21T07:36:27.698Z,NON_SALE_CHARGE,,,0.0,0.0,0.0,0.0,0.0,0.11,USD,PAYOUT,Insertion Fee
2026-03-21T07:35:32.555Z,NON_SALE_CHARGE,,,0.0,0.0,0.0,0.0,0.0,0.11,USD,PAYOUT,Insertion Fee
2026-03-21T07:34:59.229Z,NON_SALE_CHARGE,,,0.0,0.0,0.0,0.0,0.0,0.11,USD,PAYOUT,Insertion Fee
2026-03-21T07:34:56.663Z,NON_SALE_CHARGE,,,0.0,0.0,0.0,0.0,0.0,0.11,USD,PAYOUT,Insertion Fee
2026-03-21T07:34:54.872Z,NON_SALE_CHARGE,,,0.0,0.0,0.0,0.0,0.0,0.11,USD,PAYOUT,Insertion Fee
2026-03-21T07:34:53.842Z,NON_SALE_CHARGE,,,0.0,0.0,0.0,0.0,0.0,0.11,USD,PAYOUT,Insertion Fee
2026-03-21T07:34:23.633Z,NON_SALE_CHARGE,,,0.0,0.0,0.0,0.0,0.0,0.11,USD,PAYOUT,Insertion Fee
2026-03-21T07:33:42.112Z,NON_SALE_CHARGE,,,0.0,0.0,0.0,0.0,0.0,0.11,USD,PAYOUT,Insertion Fee
2026-03-21T07:32:54.371Z,NON_SALE_CHARGE,,,0.0,0.0,0.0,0.0,0.0,0.11,USD,PAYOUT,Insertion Fee
2026-03-21T07:32:31.918Z,NON_SALE_CHARGE,,,0.0,0.0,0.0,0.0,0.0,0.11,USD,PAYOUT,Insertion Fee
2026-03-21T07:31:28.862Z,NON_SALE_CHARGE,,,0.0,0.0,0.0,0.0,0.0,0.11,USD,PAYOUT,Insertion Fee
2026-03-21T07:31:25.308Z,NON_SALE_CHARGE,,,0.0,0.0,0.0,0.0,0.0,0.11,USD,PAYOUT,Insertion Fee
2026-03-21T07:30:41.799Z,NON_SALE_CHARGE,,,0.0,0.0,0.0,0.0,0.0,0.11,USD,PAYOUT,Insertion Fee
2026-03-21T07:30:35.444Z,NON_SALE_CHARGE,,,0.0,0.0,0.0,0.0,0.0,0.11,USD,PAYOUT,Insertion Fee
2026-03-21T07:30:02.029Z,NON_SALE_CHARGE,,,0.0,0.0,0.0,0.0,0.0,0.11,USD,PAYOUT,Insertion Fee
2026-03-21T07:29:58.141Z,NON_SALE_CHARGE,,,0.0,0.0,0.0,0.0,0.0,0.11,USD,PAYOUT,Insertion Fee
2026-03-21T07:29:54.641Z,NON_SALE_CHARGE,,,0.0,0.0,0.0,0.0,0.0,0.11,USD,PAYOUT,Insertion Fee
2026-03-21T07:29:54.485Z,NON_SALE_CHARGE,,,0.0,0.0,0.0,0.0,0.0,0.11,USD,PAYOUT,Insertion Fee
2026-03-21T07:29:53.921Z,NON_SALE_CHARGE,,,0.0,0.0,0.0,0.0,0.0,0.11,USD,PAYOUT,Insertion Fee
2026-03-21T07:29:22.905Z,NON_SALE_CHARGE,,,0.0,0.0,0.0,0.0,0.0,0.11,USD,PAYOUT,Insertion Fee
2026-03-21T07:28:40.867Z,NON_SALE_CHARGE,,,0.0,0.0,0.0,0.0,0.0,0.11,USD,PAYOUT,Insertion Fee
2026-03-21T07:27:56.346Z,NON_SALE_CHARGE,,,0.0,0.0,0.0,0.0,0.0,0.11,USD,PAYOUT,Insertion Fee
2026-03-21T07:27:54.718Z,NON_SALE_CHARGE,,,0.0,0.0,0.0,0.0,0.0,0.11,USD,PAYOUT,Insertion Fee
2026-03-21T07:27:54.567Z,NON_SALE_CHARGE,,,0.0,0.0,0.0,0.0,0.0,0.11,USD,PAYOUT,Insertion Fee
2026-03-21T07:26:29.209Z,NON_SALE_CHARGE,,,0.0,0.0,0.0,0.0,0.0,0.11,USD,PAYOUT,Insertion Fee
2026-03-21T07:25:33.700Z,NON_SALE_CHARGE,,,0.0,0.0,0.0,0.0,0.0,0.11,USD,PAYOUT,Insertion Fee
2026-03-21T07:25:00.240Z,NON_SALE_CHARGE,,,0.0,0.0,0.0,0.0,0.0,0.11,USD,PAYOUT,Insertion Fee
2026-03-21T07:24:57.285Z,NON_SALE_CHARGE,,,0.0,0.0,0.0,0.0,0.0,0.11,USD,PAYOUT,Insertion Fee
2026-03-21T07:24:54.907Z,NON_SALE_CHARGE,,,0.0,0.0,0.0,0.0,0.0,0.11,USD,PAYOUT,Insertion Fee
2026-03-21T07:24:53.948Z,NON_SALE_CHARGE,,,0.0,0.0,0.0,0.0,0.0,0.11,USD,PAYOUT,Insertion Fee
2026-03-21T07:23:41.570Z,NON_SALE_CHARGE,,,0.0,0.0,0.0,0.0,0.0,0.11,USD,PAYOUT,Insertion Fee
2026-03-21T07:22:55.351Z,NON_SALE_CHARGE,,,0.0,0.0,0.0,0.0,0.0,0.11,USD,PAYOUT,Insertion Fee
2026-03-21T07:22:53.910Z,NON_SALE_CHARGE,,,0.0,0.0,0.0,0.0,0.0,0.11,USD,PAYOUT,Insertion Fee
2026-03-21T07:22:29.084Z,NON_SALE_CHARGE,,,0.0,0.0,0.0,0.0,0.0,0.11,USD,PAYOUT,Insertion Fee
2026-03-21T07:21:28.876Z,NON_SALE_CHARGE,,,0.0,0.0,0.0,0.0,0.0,0.11,USD,PAYOUT,Insertion Fee
2026-03-21T07:21:26.365Z,NON_SALE_CHARGE,,,0.0,0.0,0.0,0.0,0.0,0.11,USD,PAYOUT,Insertion Fee
2026-03-21T07:20:37.700Z,NON_SALE_CHARGE,,,0.0,0.0,0.0,0.0,0.0,0.11,USD,PAYOUT,Insertion Fee
2026-03-21T07:20:34.767Z,NON_SALE_CHARGE,,,0.0,0.0,0.0,0.0,0.0,0.11,USD,PAYOUT,Insertion Fee
2026-03-21T07:19:53.870Z,NON_SALE_CHARGE,,,0.0,0.0,0.0,0.0,0.0,0.11,USD,PAYOUT,Insertion Fee
2026-03-21T07:19:51.364Z,NON_SALE_CHARGE,,,0.0,0.0,0.0,0.0,0.0,0.11,USD,PAYOUT,Insertion Fee
2026-03-21T07:19:21.339Z,NON_SALE_CHARGE,,,0.0,0.0,0.0,0.0,0.0,0.11,USD,PAYOUT,Insertion Fee
2026-03-21T07:18:45.653Z,NON_SALE_CHARGE,,,0.0,0.0,0.0,0.0,0.0,0.11,USD,PAYOUT,Insertion Fee
2026-03-21T07:18:41.097Z,NON_SALE_CHARGE,,,0.0,0.0,0.0,0.0,0.0,0.11,USD,PAYOUT,Insertion Fee
2026-03-21T07:17:59.548Z,NON_SALE_CHARGE,,,0.0,0.0,0.0,0.0,0.0,0.11,USD,PAYOUT,Insertion Fee
2026-03-21T07:17:57.552Z,NON_SALE_CHARGE,,,0.0,0.0,0.0,0.0,0.0,0.11,USD,PAYOUT,Insertion Fee
2026-03-21T07:17:56.096Z,NON_SALE_CHARGE,,,0.0,0.0,0.0,0.0,0.0,0.11,USD,PAYOUT,Insertion Fee
2026-03-21T07:17:27.854Z,NON_SALE_CHARGE,,,0.0,0.0,0.0,0.0,0.0,0.11,USD,PAYOUT,Insertion Fee
2026-03-21T07:17:24.962Z,NON_SALE_CHARGE,,,0.0,0.0,0.0,0.0,0.0,0.11,USD,PAYOUT,Insertion Fee
2026-03-21T07:16:26.811Z,NON_SALE_CHARGE,,,0.0,0.0,0.0,0.0,0.0,0.11,USD,PAYOUT,Insertion Fee
2026-03-21T07:16:25.906Z,NON_SALE_CHARGE,,,0.0,0.0,0.0,0.0,0.0,0.11,USD,PAYOUT,Insertion Fee
2026-03-21T07:15:35.822Z,NON_SALE_CHARGE,,,0.0,0.0,0.0,0.0,0.0,0.11,USD,PAYOUT,Insertion Fee
2026-03-21T07:15:33.716Z,NON_SALE_CHARGE,,,0.0,0.0,0.0,0.0,0.0,0.11,USD,PAYOUT,Insertion Fee
2026-03-21T07:15:07.168Z,NON_SALE_CHARGE,,,0.0,0.0,0.0,0.0,0.0,0.11,USD,PAYOUT,Insertion Fee
2026-03-21T07:15:00.539Z,NON_SALE_CHARGE,,,0.0,0.0,0.0,0.0,0.0,0.11,USD,PAYOUT,Insertion Fee
2026-03-21T07:14:54.693Z,NON_SALE_CHARGE,,,0.0,0.0,0.0,0.0,0.0,0.11,USD,PAYOUT,Insertion Fee
2026-03-21T07:14:51.111Z,NON_SALE_CHARGE,,,0.0,0.0,0.0,0.0,0.0,0.11,USD,PAYOUT,Insertion Fee
2026-03-21T07:14:20.628Z,NON_SALE_CHARGE,,,0.0,0.0,0.0,0.0,0.0,0.11,USD,PAYOUT,Insertion Fee
2026-03-21T07:14:19.759Z,NON_SALE_CHARGE,,,0.0,0.0,0.0,0.0,0.0,0.11,USD,PAYOUT,Insertion Fee
2026-03-21T07:13:41.520Z,NON_SALE_CHARGE,,,0.0,0.0,0.0,0.0,0.0,0.11,USD,PAYOUT,Insertion Fee
2026-03-21T07:12:31.565Z,NON_SALE_CHARGE,,,0.0,0.0,0.0,0.0,0.0,0.11,USD,PAYOUT,Insertion Fee
2026-03-21T07:12:30.401Z,NON_SALE_CHARGE,,,0.0,0.0,0.0,0.0,0.0,0.11,USD,PAYOUT,Insertion Fee
2026-03-21T07:12:27.218Z,NON_SALE_CHARGE,,,0.0,0.0,0.0,0.0,0.0,0.11,USD,PAYOUT,Insertion Fee
2026-03-21T07:12:24.073Z,NON_SALE_CHARGE,,,0.0,0.0,0.0,0.0,0.0,0.11,USD,PAYOUT,Insertion Fee
2026-03-21T07:11:26.317Z,NON_SALE_CHARGE,,,0.0,0.0,0.0,0.0,0.0,0.11,USD,PAYOUT,Insertion Fee
2026-03-21T07:11:23.093Z,NON_SALE_CHARGE,,,0.0,0.0,0.0,0.0,0.0,0.11,USD,PAYOUT,Insertion Fee
2026-03-21T07:09:56.016Z,NON_SALE_CHARGE,,,0.0,0.0,0.0,0.0,0.0,0.11,USD,PAYOUT,Insertion Fee
2026-03-21T07:09:55.256Z,NON_SALE_CHARGE,,,0.0,0.0,0.0,0.0,0.0,0.11,USD,PAYOUT,Insertion Fee
2026-03-21T07:09:53.532Z,NON_SALE_CHARGE,,,0.0,0.0,0.0,0.0,0.0,0.11,USD,PAYOUT,Insertion Fee
2026-03-21T07:09:19.030Z,NON_SALE_CHARGE,,,0.0,0.0,0.0,0.0,0.0,0.11,USD,PAYOUT,Insertion Fee
2026-03-21T07:07:54.638Z,NON_SALE_CHARGE,,,0.0,0.0,0.0,0.0,0.0,0.11,USD,PAYOUT,Insertion Fee
2026-03-21T07:07:52.926Z,NON_SALE_CHARGE,,,0.0,0.0,0.0,0.0,0.0,0.11,USD,PAYOUT,Insertion Fee
2026-03-21T07:07:29.659Z,NON_SALE_CHARGE,,,0.0,0.0,0.0,0.0,0.0,0.11,USD,PAYOUT,Insertion Fee
2026-03-21T07:07:28.537Z,NON_SALE_CHARGE,,,0.0,0.0,0.0,0.0,0.0,0.11,USD,PAYOUT,Insertion Fee
2026-03-21T07:07:28.088Z,NON_SALE_CHARGE,,,0.0,0.0,0.0,0.0,0.0,0.11,USD,PAYOUT,Insertion Fee
2026-03-21T07:07:28.024Z,NON_SALE_CHARGE,,,0.0,0.0,0.0,0.0,0.0,0.11,USD,PAYOUT,Insertion Fee
2026-03-21T07:06:24.516Z,NON_SALE_CHARGE,,,0.0,0.0,0.0,0.0,0.0,0.11,USD,PAYOUT,Insertion Fee
2026-03-21T07:05:45.149Z,NON_SALE_CHARGE,,,0.0,0.0,0.0,0.0,0.0,0.11,USD,PAYOUT,Insertion Fee
2026-03-21T07:05:33.385Z,NON_SALE_CHARGE,,,0.0,0.0,0.0,0.0,0.0,0.11,USD,PAYOUT,Insertion Fee
2026-03-21T07:05:32.866Z,NON_SALE_CHARGE,,,0.0,0.0,0.0,0.0,0.0,0.11,USD,PAYOUT,Insertion Fee
2026-03-21T07:04:56.999Z,NON_SALE_CHARGE,,,0.0,0.0,0.0,0.0,0.0,0.11,USD,PAYOUT,Insertion Fee
2026-03-21T07:04:54.617Z,NON_SALE_CHARGE,,,0.0,0.0,0.0,0.0,0.0,0.11,USD,PAYOUT,Insertion Fee
2026-03-21T07:04:54.483Z,NON_SALE_CHARGE,,,0.0,0.0,0.0,0.0,0.0,0.11,USD,PAYOUT,Insertion Fee
2026-03-21T07:03:40.883Z,NON_SALE_CHARGE,,,0.0,0.0,0.0,0.0,0.0,0.11,USD,PAYOUT,Insertion Fee
2026-03-21T07:03:40.655Z,NON_SALE_CHARGE,,,0.0,0.0,0.0,0.0,0.0,0.11,USD,PAYOUT,Insertion Fee
2026-03-21T07:03:40.435Z,NON_SALE_CHARGE,,,0.0,0.0,0.0,0.0,0.0,0.11,USD,PAYOUT,Insertion Fee
2026-03-21T07:02:56.117Z,NON_SALE_CHARGE,,,0.0,0.0,0.0,0.0,0.0,0.11,USD,PAYOUT,Insertion Fee
2026-03-21T07:02:55.181Z,NON_SALE_CHARGE,,,0.0,0.0,0.0,0.0,0.0,0.11,USD,PAYOUT,Insertion Fee
2026-03-21T07:02:31.772Z,NON_SALE_CHARGE,,,0.0,0.0,0.0,0.0,0.0,0.11,USD,PAYOUT,Insertion Fee
2026-03-21T07:02:26.626Z,NON_SALE_CHARGE,,,0.0,0.0,0.0,0.0,0.0,0.11,USD,PAYOUT,Insertion Fee
2026-03-21T07:02:24.189Z,NON_SALE_CHARGE,,,0.0,0.0,0.0,0.0,0.0,0.11,USD,PAYOUT,Insertion Fee
2026-03-21T07:01:23.177Z,NON_SALE_CHARGE,,,0.0,0.0,0.0,0.0,0.0,0.11,USD,PAYOUT,Insertion Fee
2026-03-21T07:01:22.083Z,NON_SALE_CHARGE,,,0.0,0.0,0.0,0.0,0.0,0.11,USD,PAYOUT,Insertion Fee
2026-03-21T07:00:37.384Z,NON_SALE_CHARGE,,,0.0,0.0,0.0,0.0,0.0,0.11,USD,PAYOUT,Insertion Fee
2026-03-21T07:00:34.099Z,NON_SALE_CHARGE,,,0.0,0.0,0.0,0.0,0.0,0.11,USD,PAYOUT,Insertion Fee
2026-03-21T06:59:57.251Z,NON_SALE_CHARGE,,,0.0,0.0,0.0,0.0,0.0,0.11,USD,PAYOUT,Insertion Fee
2026-03-21T06:59:56.538Z,NON_SALE_CHARGE,,,0.0,0.0,0.0,0.0,0.0,0.11,USD,PAYOUT,Insertion Fee
2026-03-21T06:59:22.312Z,NON_SALE_CHARGE,,,0.0,0.0,0.0,0.0,0.0,0.11,USD,PAYOUT,Insertion Fee
2026-03-21T06:59:21.409Z,NON_SALE_CHARGE,,,0.0,0.0,0.0,0.0,0.0,0.11,USD,PAYOUT,Insertion Fee
2026-03-21T06:59:19.386Z,NON_SALE_CHARGE,,,0.0,0.0,0.0,0.0,0.0,0.11,USD,PAYOUT,Insertion Fee
2026-03-21T06:57:57.323Z,NON_SALE_CHARGE,,,0.0,0.0,0.0,0.0,0.0,0.11,USD,PAYOUT,Insertion Fee
2026-03-21T06:57:56.053Z,NON_SALE_CHARGE,,,0.0,0.0,0.0,0.0,0.0,0.11,USD,PAYOUT,Insertion Fee
2026-03-21T06:57:27.689Z,NON_SALE_CHARGE,,,0.0,0.0,0.0,0.0,0.0,0.11,USD,PAYOUT,Insertion Fee
2026-03-21T06:57:23.474Z,NON_SALE_CHARGE,,,0.0,0.0,0.0,0.0,0.0,0.11,USD,PAYOUT,Insertion Fee
2026-03-21T06:56:23.022Z,NON_SALE_CHARGE,,,0.0,0.0,0.0,0.0,0.0,0.11,USD,PAYOUT,Insertion Fee
2026-03-21T06:55:32.957Z,NON_SALE_CHARGE,,,0.0,0.0,0.0,0.0,0.0,0.11,USD,PAYOUT,Insertion Fee
2026-03-21T06:55:32.894Z,NON_SALE_CHARGE,,,0.0,0.0,0.0,0.0,0.0,0.11,USD,PAYOUT,Insertion Fee
2026-03-21T06:55:32.828Z,NON_SALE_CHARGE,,,0.0,0.0,0.0,0.0,0.0,0.11,USD,PAYOUT,Insertion Fee
2026-03-21T06:54:55.938Z,NON_SALE_CHARGE,,,0.0,0.0,0.0,0.0,0.0,0.11,USD,PAYOUT,Insertion Fee
2026-03-21T06:54:54.159Z,NON_SALE_CHARGE,,,0.0,0.0,0.0,0.0,0.0,0.11,USD,PAYOUT,Insertion Fee
2026-03-21T06:54:47.617Z,NON_SALE_CHARGE,,,0.0,0.0,0.0,0.0,0.0,0.11,USD,PAYOUT,Insertion Fee
2026-03-21T06:54:23.490Z,NON_SALE_CHARGE,,,0.0,0.0,0.0,0.0,0.0,0.11,USD,PAYOUT,Insertion Fee
2026-03-21T06:53:39.705Z,NON_SALE_CHARGE,,,0.0,0.0,0.0,0.0,0.0,0.11,USD,PAYOUT,Insertion Fee
2026-03-21T06:52:59.037Z,NON_SALE_CHARGE,,,0.0,0.0,0.0,0.0,0.0,0.11,USD,PAYOUT,Insertion Fee
2026-03-21T06:52:55.676Z,NON_SALE_CHARGE,,,0.0,0.0,0.0,0.0,0.0,0.11,USD,PAYOUT,Insertion Fee
2026-03-21T06:52:30.235Z,NON_SALE_CHARGE,,,0.0,0.0,0.0,0.0,0.0,0.11,USD,PAYOUT,Insertion Fee
2026-03-21T06:52:23.811Z,NON_SALE_CHARGE,,,0.0,0.0,0.0,0.0,0.0,0.11,USD,PAYOUT,Insertion Fee
2026-03-21T06:51:22.251Z,NON_SALE_CHARGE,,,0.0,0.0,0.0,0.0,0.0,0.11,USD,PAYOUT,Insertion Fee
2026-03-21T06:47:53.549Z,NON_SALE_CHARGE,,,0.0,0.0,0.0,0.0,0.0,0.11,USD,PAYOUT,Insertion Fee
2026-03-21T06:46:21.462Z,NON_SALE_CHARGE,,,0.0,0.0,0.0,0.0,0.0,0.11,USD,PAYOUT,Insertion Fee
2026-03-21T06:45:33.151Z,NON_SALE_CHARGE,,,0.0,0.0,0.0,0.0,0.0,0.11,USD,PAYOUT,Insertion Fee
2026-03-21T06:43:51.695Z,NON_SALE_CHARGE,,,0.0,0.0,0.0,0.0,0.0,0.11,USD,PAYOUT,Insertion Fee
2026-03-21T06:42:52.715Z,NON_SALE_CHARGE,,,0.0,0.0,0.0,0.0,0.0,0.11,USD,PAYOUT,Insertion Fee
2026-03-21T06:42:24.119Z,NON_SALE_CHARGE,,,0.0,0.0,0.0,0.0,0.0,0.11,USD,PAYOUT,Insertion Fee
2026-03-21T06:37:54.748Z,NON_SALE_CHARGE,,,0.0,0.0,0.0,0.0,0.0,0.11,USD,PAYOUT,Insertion Fee
2026-03-21T06:37:53.094Z,NON_SALE_CHARGE,,,0.0,0.0,0.0,0.0,0.0,0.11,USD,PAYOUT,Insertion Fee
2026-03-21T06:34:55.245Z,NON_SALE_CHARGE,,,0.0,0.0,0.0,0.0,0.0,0.11,USD,PAYOUT,Insertion Fee
2026-03-21T06:33:41.126Z,NON_SALE_CHARGE,,,0.0,0.0,0.0,0.0,0.0,0.11,USD,PAYOUT,Insertion Fee
2026-03-21T06:32:54.830Z,NON_SALE_CHARGE,,,0.0,0.0,0.0,0.0,0.0,0.11,USD,PAYOUT,Insertion Fee
2026-03-21T06:32:26.129Z,NON_SALE_CHARGE,,,0.0,0.0,0.0,0.0,0.0,0.11,USD,PAYOUT,Insertion Fee
2026-03-21T06:32:24.528Z,NON_SALE_CHARGE,,,0.0,0.0,0.0,0.0,0.0,0.11,USD,PAYOUT,Insertion Fee
2026-03-21T06:31:22.035Z,NON_SALE_CHARGE,,,0.0,0.0,0.0,0.0,0.0,0.11,USD,PAYOUT,Insertion Fee
2026-03-21T06:29:51.639Z,NON_SALE_CHARGE,,,0.0,0.0,0.0,0.0,0.0,0.11,USD,PAYOUT,Insertion Fee
2026-03-21T06:29:45.903Z,NON_SALE_CHARGE,,,0.0,0.0,0.0,0.0,0.0,0.11,USD,PAYOUT,Insertion Fee
2026-03-21T06:28:44.914Z,NON_SALE_CHARGE,,,0.0,0.0,0.0,0.0,0.0,0.11,USD,PAYOUT,Insertion Fee
2026-03-21T06:28:41.218Z,NON_SALE_CHARGE,,,0.0,0.0,0.0,0.0,0.0,0.11,USD,PAYOUT,Insertion Fee
2026-03-21T06:27:23.938Z,NON_SALE_CHARGE,,,0.0,0.0,0.0,0.0,0.0,0.11,USD,PAYOUT,Insertion Fee
2026-03-21T06:27:23.624Z,NON_SALE_CHARGE,,,0.0,0.0,0.0,0.0,0.0,0.11,USD,PAYOUT,Insertion Fee
2026-03-21T06:26:21.385Z,NON_SALE_CHARGE,,,0.0,0.0,0.0,0.0,0.0,0.11,USD,PAYOUT,Insertion Fee
2026-03-21T06:26:21.151Z,NON_SALE_CHARGE,,,0.0,0.0,0.0,0.0,0.0,0.11,USD,PAYOUT,Insertion Fee
2026-03-21T06:24:47.997Z,NON_SALE_CHARGE,,,0.0,0.0,0.0,0.0,0.0,0.11,USD,PAYOUT,Insertion Fee
2026-03-21T06:22:22.856Z,NON_SALE_CHARGE,,,0.0,0.0,0.0,0.0,0.0,0.11,USD,PAYOUT,Insertion Fee
2026-03-21T06:21:20.234Z,NON_SALE_CHARGE,,,0.0,0.0,0.0,0.0,0.0,0.11,USD,PAYOUT,Insertion Fee
2026-03-21T06:21:20.057Z,NON_SALE_CHARGE,,,0.0,0.0,0.0,0.0,0.0,0.11,USD,PAYOUT,Insertion Fee
2026-03-21T06:16:23.001Z,NON_SALE_CHARGE,,,0.0,0.0,0.0,0.0,0.0,0.11,USD,PAYOUT,Insertion Fee
2026-03-21T06:15:39.389Z,NON_SALE_CHARGE,,,0.0,0.0,0.0,0.0,0.0,0.11,USD,PAYOUT,Insertion Fee
2026-03-21T06:15:32.640Z,NON_SALE_CHARGE,,,0.0,0.0,0.0,0.0,0.0,0.11,USD,PAYOUT,Insertion Fee
2026-03-21T06:14:44.942Z,NON_SALE_CHARGE,,,0.0,0.0,0.0,0.0,0.0,0.11,USD,PAYOUT,Insertion Fee
2026-03-21T06:13:39.367Z,NON_SALE_CHARGE,,,0.0,0.0,0.0,0.0,0.0,0.11,USD,PAYOUT,Insertion Fee
2026-03-21T06:11:25.009Z,NON_SALE_CHARGE,,,0.0,0.0,0.0,0.0,0.0,0.11,USD,PAYOUT,Insertion Fee
2026-03-21T06:09:49.544Z,NON_SALE_CHARGE,,,0.0,0.0,0.0,0.0,0.0,0.11,USD,PAYOUT,Insertion Fee
2026-03-21T06:09:47.250Z,NON_SALE_CHARGE,,,0.0,0.0,0.0,0.0,0.0,0.11,USD,PAYOUT,Insertion Fee
2026-03-21T06:09:43.666Z,NON_SALE_CHARGE,,,0.0,0.0,0.0,0.0,0.0,0.11,USD,PAYOUT,Insertion Fee
2026-03-21T06:07:50.405Z,NON_SALE_CHARGE,,,0.0,0.0,0.0,0.0,0.0,0.11,USD,PAYOUT,Insertion Fee
2026-03-21T06:07:50.312Z,NON_SALE_CHARGE,,,0.0,0.0,0.0,0.0,0.0,0.11,USD,PAYOUT,Insertion Fee
2026-03-21T06:04:53.193Z,NON_SALE_CHARGE,,,0.0,0.0,0.0,0.0,0.0,0.11,USD,PAYOUT,Insertion Fee
2026-03-21T06:01:19.644Z,NON_SALE_CHARGE,,,0.0,0.0,0.0,0.0,0.0,0.11,USD,PAYOUT,Insertion Fee
2026-03-21T06:00:02.489Z,NON_SALE_CHARGE,,,0.0,0.0,0.0,0.0,0.0,0.11,USD,PAYOUT,Insertion Fee
2026-03-21T05:59:46.152Z,NON_SALE_CHARGE,,,0.0,0.0,0.0,0.0,0.0,0.11,USD,PAYOUT,Insertion Fee
2026-03-21T05:59:44.635Z,NON_SALE_CHARGE,,,0.0,0.0,0.0,0.0,0.0,0.11,USD,PAYOUT,Insertion Fee
2026-03-21T05:58:41.167Z,NON_SALE_CHARGE,,,0.0,0.0,0.0,0.0,0.0,0.11,USD,PAYOUT,Insertion Fee
2026-03-21T05:55:38.334Z,NON_SALE_CHARGE,,,0.0,0.0,0.0,0.0,0.0,0.11,USD,PAYOUT,Insertion Fee
2026-03-21T05:55:31.719Z,NON_SALE_CHARGE,,,0.0,0.0,0.0,0.0,0.0,0.11,USD,PAYOUT,Insertion Fee
2026-03-21T05:53:41.053Z,NON_SALE_CHARGE,,,0.0,0.0,0.0,0.0,0.0,0.11,USD,PAYOUT,Insertion Fee
2026-03-21T05:53:39.740Z,NON_SALE_CHARGE,,,0.0,0.0,0.0,0.0,0.0,0.11,USD,PAYOUT,Insertion Fee
2026-03-21T05:51:17.455Z,NON_SALE_CHARGE,,,0.0,0.0,0.0,0.0,0.0,0.11,USD,PAYOUT,Insertion Fee
2026-03-21T05:49:49.054Z,NON_SALE_CHARGE,,,0.0,0.0,0.0,0.0,0.0,0.11,USD,PAYOUT,Insertion Fee
2026-03-21T05:49:12.092Z,NON_SALE_CHARGE,,,0.0,0.0,0.0,0.0,0.0,0.11,USD,PAYOUT,Insertion Fee
2026-03-21T05:42:19.674Z,NON_SALE_CHARGE,,,0.0,0.0,0.0,0.0,0.0,0.11,USD,PAYOUT,Insertion Fee
2026-03-21T05:41:17.518Z,NON_SALE_CHARGE,,,0.0,0.0,0.0,0.0,0.0,0.11,USD,PAYOUT,Insertion Fee
2026-03-21T05:41:16.832Z,NON_SALE_CHARGE,,,0.0,0.0,0.0,0.0,0.0,0.11,USD,PAYOUT,Insertion Fee
2026-03-21T05:40:30.857Z,NON_SALE_CHARGE,,,0.0,0.0,0.0,0.0,0.0,0.11,USD,PAYOUT,Insertion Fee
2026-03-21T05:39:07.895Z,NON_SALE_CHARGE,,,0.0,0.0,0.0,0.0,0.0,0.11,USD,PAYOUT,Insertion Fee
2026-03-21T05:32:24.252Z,NON_SALE_CHARGE,,,0.0,0.0,0.0,0.0,0.0,0.11,USD,PAYOUT,Insertion Fee
2026-03-21T05:32:19.883Z,NON_SALE_CHARGE,,,0.0,0.0,0.0,0.0,0.0,0.11,USD,PAYOUT,Insertion Fee
2026-03-21T05:31:16.100Z,NON_SALE_CHARGE,,,0.0,0.0,0.0,0.0,0.0,0.11,USD,PAYOUT,Insertion Fee
2026-03-21T05:30:38.738Z,NON_SALE_CHARGE,,,0.0,0.0,0.0,0.0,0.0,0.11,USD,PAYOUT,Insertion Fee
2026-03-21T05:30:32.351Z,NON_SALE_CHARGE,,,0.0,0.0,0.0,0.0,0.0,0.11,USD,PAYOUT,Insertion Fee
2026-03-21T05:27:23.377Z,NON_SALE_CHARGE,,,0.0,0.0,0.0,0.0,0.0,0.11,USD,PAYOUT,Insertion Fee
2026-03-21T05:25:38.593Z,NON_SALE_CHARGE,,,0.0,0.0,0.0,0.0,0.0,0.11,USD,PAYOUT,Insertion Fee
2026-03-21T05:24:40.363Z,NON_SALE_CHARGE,,,0.0,0.0,0.0,0.0,0.0,0.11,USD,PAYOUT,Insertion Fee
2026-03-21T05:24:03.740Z,NON_SALE_CHARGE,,,0.0,0.0,0.0,0.0,0.0,0.11,USD,PAYOUT,Insertion Fee
2026-03-21T05:23:38.397Z,NON_SALE_CHARGE,,,0.0,0.0,0.0,0.0,0.0,0.11,USD,PAYOUT,Insertion Fee
2026-03-21T05:22:49.854Z,NON_SALE_CHARGE,,,0.0,0.0,0.0,0.0,0.0,0.11,USD,PAYOUT,Insertion Fee
2026-03-21T05:22:23.644Z,NON_SALE_CHARGE,,,0.0,0.0,0.0,0.0,0.0,0.11,USD,PAYOUT,Insertion Fee
2026-03-21T05:22:18.566Z,NON_SALE_CHARGE,,,0.0,0.0,0.0,0.0,0.0,0.11,USD,PAYOUT,Insertion Fee
2026-03-21T05:22:17.997Z,NON_SALE_CHARGE,,,0.0,0.0,0.0,0.0,0.0,0.11,USD,PAYOUT,Insertion Fee
2026-03-21T05:21:20.887Z,NON_SALE_CHARGE,,,0.0,0.0,0.0,0.0,0.0,0.11,USD,PAYOUT,Insertion Fee
2026-03-21T05:19:54.600Z,NON_SALE_CHARGE,,,0.0,0.0,0.0,0.0,0.0,0.11,USD,PAYOUT,Insertion Fee
2026-03-21T05:19:39.605Z,NON_SALE_CHARGE,,,0.0,0.0,0.0,0.0,0.0,0.11,USD,PAYOUT,Insertion Fee
2026-03-21T05:17:49.992Z,NON_SALE_CHARGE,,,0.0,0.0,0.0,0.0,0.0,0.11,USD,PAYOUT,Insertion Fee
2026-03-21T04:51:16.746Z,NON_SALE_CHARGE,,,0.0,0.0,0.0,0.0,0.0,0.11,USD,PAYOUT,Insertion Fee
2026-03-21T04:50:39.684Z,NON_SALE_CHARGE,,,0.0,0.0,0.0,0.0,0.0,0.11,USD,PAYOUT,Insertion Fee
2026-03-21T04:50:31.291Z,NON_SALE_CHARGE,,,0.0,0.0,0.0,0.0,0.0,0.11,USD,PAYOUT,Insertion Fee
2026-03-21T04:50:31.062Z,NON_SALE_CHARGE,,,0.0,0.0,0.0,0.0,0.0,0.11,USD,PAYOUT,Insertion Fee
2026-03-21T02:44:53.293Z,NON_SALE_CHARGE,,,0.0,0.0,0.0,0.0,0.0,0.11,USD,PAYOUT,Insertion Fee
2026-03-21T02:44:25.866Z,NON_SALE_CHARGE,,,0.0,0.0,0.0,0.0,0.0,0.11,USD,PAYOUT,Insertion Fee
2026-03-21T02:43:34.419Z,NON_SALE_CHARGE,,,0.0,0.0,0.0,0.0,0.0,0.11,USD,PAYOUT,Insertion Fee
2026-03-21T02:42:49.583Z,NON_SALE_CHARGE,,,0.0,0.0,0.0,0.0,0.0,0.11,USD,PAYOUT,Insertion Fee
2026-03-21T02:42:48.748Z,NON_SALE_CHARGE,,,0.0,0.0,0.0,0.0,0.0,0.11,USD,PAYOUT,Insertion Fee
2026-03-21T02:42:00.968Z,NON_SALE_CHARGE,,,0.0,0.0,0.0,0.0,0.0,0.11,USD,PAYOUT,Insertion Fee
2026-03-21T02:39:58.295Z,NON_SALE_CHARGE,,,0.0,0.0,0.0,0.0,0.0,0.11,USD,PAYOUT,Insertion Fee
2026-03-21T02:39:27.547Z,NON_SALE_CHARGE,,,0.0,0.0,0.0,0.0,0.0,0.11,USD,PAYOUT,Insertion Fee
2026-03-21T02:39:25.843Z,NON_SALE_CHARGE,,,0.0,0.0,0.0,0.0,0.0,0.11,USD,PAYOUT,Insertion Fee
2026-03-21T02:38:44.748Z,NON_SALE_CHARGE,,,0.0,0.0,0.0,0.0,0.0,0.11,USD,PAYOUT,Insertion Fee
2026-03-21T02:38:34.231Z,NON_SALE_CHARGE,,,0.0,0.0,0.0,0.0,0.0,0.11,USD,PAYOUT,Insertion Fee
2026-03-21T02:37:21.297Z,NON_SALE_CHARGE,,,0.0,0.0,0.0,0.0,0.0,0.11,USD,PAYOUT,Insertion Fee
2026-03-21T02:37:19.577Z,NON_SALE_CHARGE,,,0.0,0.0,0.0,0.0,0.0,0.11,USD,PAYOUT,Insertion Fee
2026-03-21T02:36:10.263Z,NON_SALE_CHARGE,,,0.0,0.0,0.0,0.0,0.0,0.11,USD,PAYOUT,Insertion Fee
2026-03-21T02:36:04.698Z,NON_SALE_CHARGE,,,0.0,0.0,0.0,0.0,0.0,0.11,USD,PAYOUT,Insertion Fee
2026-03-21T02:36:02.210Z,NON_SALE_CHARGE,,,0.0,0.0,0.0,0.0,0.0,0.11,USD,PAYOUT,Insertion Fee
2026-03-21T02:35:00.451Z,NON_SALE_CHARGE,,,0.0,0.0,0.0,0.0,0.0,0.11,USD,PAYOUT,Insertion Fee
2026-03-21T02:34:57.775Z,NON_SALE_CHARGE,,,0.0,0.0,0.0,0.0,0.0,0.11,USD,PAYOUT,Insertion Fee
2026-03-21T02:32:44.806Z,NON_SALE_CHARGE,,,0.0,0.0,0.0,0.0,0.0,0.11,USD,PAYOUT,Insertion Fee
2026-03-21T02:32:43.766Z,NON_SALE_CHARGE,,,0.0,0.0,0.0,0.0,0.0,0.11,USD,PAYOUT,Insertion Fee
2026-03-21T02:32:30.557Z,NON_SALE_CHARGE,,,0.0,0.0,0.0,0.0,0.0,0.11,USD,PAYOUT,Insertion Fee
2026-03-21T02:32:21.169Z,NON_SALE_CHARGE,,,0.0,0.0,0.0,0.0,0.0,0.11,USD,PAYOUT,Insertion Fee
2026-03-21T02:32:00.298Z,NON_SALE_CHARGE,,,0.0,0.0,0.0,0.0,0.0,0.11,USD,PAYOUT,Insertion Fee
2026-03-21T02:30:27.396Z,NON_SALE_CHARGE,,,0.0,0.0,0.0,0.0,0.0,0.11,USD,PAYOUT,Insertion Fee
2026-03-21T02:29:49.856Z,NON_SALE_CHARGE,,,0.0,0.0,0.0,0.0,0.0,0.11,USD,PAYOUT,Insertion Fee
2026-03-21T02:29:37.235Z,NON_SALE_CHARGE,,,0.0,0.0,0.0,0.0,0.0,0.11,USD,PAYOUT,Insertion Fee
2026-03-21T02:27:29.166Z,NON_SALE_CHARGE,,,0.0,0.0,0.0,0.0,0.0,0.11,USD,PAYOUT,Insertion Fee
2026-03-21T02:27:01.433Z,NON_SALE_CHARGE,,,0.0,0.0,0.0,0.0,0.0,0.11,USD,PAYOUT,Insertion Fee
2026-03-21T02:26:00.653Z,NON_SALE_CHARGE,,,0.0,0.0,0.0,0.0,0.0,0.11,USD,PAYOUT,Insertion Fee
2026-03-21T02:25:58.795Z,NON_SALE_CHARGE,,,0.0,0.0,0.0,0.0,0.0,0.11,USD,PAYOUT,Insertion Fee
2026-03-21T02:24:23.118Z,NON_SALE_CHARGE,,,0.0,0.0,0.0,0.0,0.0,0.11,USD,PAYOUT,Insertion Fee
2026-03-21T02:24:20.173Z,NON_SALE_CHARGE,,,0.0,0.0,0.0,0.0,0.0,0.11,USD,PAYOUT,Insertion Fee
2026-03-21T02:23:36.133Z,NON_SALE_CHARGE,,,0.0,0.0,0.0,0.0,0.0,0.11,USD,PAYOUT,Insertion Fee
2026-03-21T02:22:45.342Z,NON_SALE_CHARGE,,,0.0,0.0,0.0,0.0,0.0,0.11,USD,PAYOUT,Insertion Fee
2026-03-21T02:22:45.341Z,NON_SALE_CHARGE,,,0.0,0.0,0.0,0.0,0.0,0.11,USD,PAYOUT,Insertion Fee
2026-03-21T02:19:58.791Z,NON_SALE_CHARGE,,,0.0,0.0,0.0,0.0,0.0,0.11,USD,PAYOUT,Insertion Fee
2026-03-21T02:19:51.344Z,NON_SALE_CHARGE,,,0.0,0.0,0.0,0.0,0.0,0.11,USD,PAYOUT,Insertion Fee
2026-03-21T02:19:34.941Z,NON_SALE_CHARGE,,,0.0,0.0,0.0,0.0,0.0,0.11,USD,PAYOUT,Insertion Fee
2026-03-21T02:18:37.005Z,NON_SALE_CHARGE,,,0.0,0.0,0.0,0.0,0.0,0.11,USD,PAYOUT,Insertion Fee
2026-03-21T02:17:22.505Z,NON_SALE_CHARGE,,,0.0,0.0,0.0,0.0,0.0,0.11,USD,PAYOUT,Insertion Fee
2026-03-21T02:15:27.134Z,NON_SALE_CHARGE,,,0.0,0.0,0.0,0.0,0.0,0.11,USD,PAYOUT,Insertion Fee
2026-03-21T02:15:01.923Z,NON_SALE_CHARGE,,,0.0,0.0,0.0,0.0,0.0,0.11,USD,PAYOUT,Insertion Fee
2026-03-21T02:15:01.487Z,NON_SALE_CHARGE,,,0.0,0.0,0.0,0.0,0.0,0.11,USD,PAYOUT,Insertion Fee
2026-03-21T02:14:18.545Z,NON_SALE_CHARGE,,,0.0,0.0,0.0,0.0,0.0,0.11,USD,PAYOUT,Insertion Fee
2026-03-21T02:13:44.817Z,NON_SALE_CHARGE,,,0.0,0.0,0.0,0.0,0.0,0.11,USD,PAYOUT,Insertion Fee
2026-03-21T02:13:37.173Z,NON_SALE_CHARGE,,,0.0,0.0,0.0,0.0,0.0,0.11,USD,PAYOUT,Insertion Fee
2026-03-21T02:12:27.435Z,NON_SALE_CHARGE,,,0.0,0.0,0.0,0.0,0.0,0.11,USD,PAYOUT,Insertion Fee
2026-03-21T02:12:18.126Z,NON_SALE_CHARGE,,,0.0,0.0,0.0,0.0,0.0,0.11,USD,PAYOUT,Insertion Fee
2026-03-21T02:10:27.229Z,NON_SALE_CHARGE,,,0.0,0.0,0.0,0.0,0.0,0.11,USD,PAYOUT,Insertion Fee
2026-03-21T02:09:52.282Z,NON_SALE_CHARGE,,,0.0,0.0,0.0,0.0,0.0,0.11,USD,PAYOUT,Insertion Fee
2026-03-21T02:09:36.911Z,NON_SALE_CHARGE,,,0.0,0.0,0.0,0.0,0.0,0.11,USD,PAYOUT,Insertion Fee
2026-03-21T02:08:35.155Z,NON_SALE_CHARGE,,,0.0,0.0,0.0,0.0,0.0,0.11,USD,PAYOUT,Insertion Fee
2026-03-21T02:07:45.382Z,NON_SALE_CHARGE,,,0.0,0.0,0.0,0.0,0.0,0.11,USD,PAYOUT,Insertion Fee
2026-03-21T02:07:41.610Z,NON_SALE_CHARGE,,,0.0,0.0,0.0,0.0,0.0,0.11,USD,PAYOUT,Insertion Fee
2026-03-21T02:07:33.678Z,NON_SALE_CHARGE,,,0.0,0.0,0.0,0.0,0.0,0.11,USD,PAYOUT,Insertion Fee
2026-03-21T02:05:56.162Z,NON_SALE_CHARGE,,,0.0,0.0,0.0,0.0,0.0,0.11,USD,PAYOUT,Insertion Fee
2026-03-21T01:59:59.963Z,NON_SALE_CHARGE,,,0.0,0.0,0.0,0.0,0.0,0.11,USD,PAYOUT,Insertion Fee
2026-03-21T01:59:24.228Z,NON_SALE_CHARGE,,,0.0,0.0,0.0,0.0,0.0,0.11,USD,PAYOUT,Insertion Fee
2026-03-21T01:58:39.815Z,NON_SALE_CHARGE,,,0.0,0.0,0.0,0.0,0.0,0.11,USD,PAYOUT,Insertion Fee
2026-03-21T01:58:36.522Z,NON_SALE_CHARGE,,,0.0,0.0,0.0,0.0,0.0,0.11,USD,PAYOUT,Insertion Fee
2026-03-21T01:58:35.951Z,NON_SALE_CHARGE,,,0.0,0.0,0.0,0.0,0.0,0.11,USD,PAYOUT,Insertion Fee
2026-03-21T01:54:32.948Z,NON_SALE_CHARGE,,,0.0,0.0,0.0,0.0,0.0,0.11,USD,PAYOUT,Insertion Fee
2026-03-21T01:54:18.388Z,NON_SALE_CHARGE,,,0.0,0.0,0.0,0.0,0.0,0.11,USD,PAYOUT,Insertion Fee
2026-03-21T01:53:34.268Z,NON_SALE_CHARGE,,,0.0,0.0,0.0,0.0,0.0,0.11,USD,PAYOUT,Insertion Fee
2026-03-21T01:53:34.145Z,NON_SALE_CHARGE,,,0.0,0.0,0.0,0.0,0.0,0.11,USD,PAYOUT,Insertion Fee
2026-03-21T01:52:34.720Z,NON_SALE_CHARGE,,,0.0,0.0,0.0,0.0,0.0,0.11,USD,PAYOUT,Insertion Fee
2026-03-20T02:34:08.430Z,NON_SALE_CHARGE,,,0.0,0.0,0.0,0.0,0.0,0.11,USD,PAYOUT,Insertion Fee
2026-03-20T02:33:13.193Z,NON_SALE_CHARGE,,,0.0,0.0,0.0,0.0,0.0,0.11,USD,PAYOUT,Insertion Fee
2026-03-20T02:32:18.472Z,NON_SALE_CHARGE,,,0.0,0.0,0.0,0.0,0.0,0.11,USD,PAYOUT,Insertion Fee
2026-03-20T02:31:30.145Z,NON_SALE_CHARGE,,,0.0,0.0,0.0,0.0,0.0,0.11,USD,PAYOUT,Insertion Fee
2026-03-20T02:31:19.319Z,NON_SALE_CHARGE,,,0.0,0.0,0.0,0.0,0.0,0.11,USD,PAYOUT,Insertion Fee
2026-03-20T02:27:15.991Z,NON_SALE_CHARGE,,,0.0,0.0,0.0,0.0,0.0,0.11,USD,PAYOUT,Insertion Fee
2026-03-20T02:21:19.097Z,NON_SALE_CHARGE,,,0.0,0.0,0.0,0.0,0.0,0.11,USD,PAYOUT,Insertion Fee
2026-03-20T02:18:08.373Z,NON_SALE_CHARGE,,,0.0,0.0,0.0,0.0,0.0,0.11,USD,PAYOUT,Insertion Fee
2026-03-20T02:17:18.041Z,NON_SALE_CHARGE,,,0.0,0.0,0.0,0.0,0.0,0.11,USD,PAYOUT,Insertion Fee
2026-03-20T02:15:17.404Z,NON_SALE_CHARGE,,,0.0,0.0,0.0,0.0,0.0,0.11,USD,PAYOUT,Insertion Fee
2026-03-20T02:14:22.944Z,NON_SALE_CHARGE,,,0.0,0.0,0.0,0.0,0.0,0.11,USD,PAYOUT,Insertion Fee
2026-03-20T02:12:55.441Z,NON_SALE_CHARGE,,,0.0,0.0,0.0,0.0,0.0,0.11,USD,PAYOUT,Insertion Fee
2026-03-20T02:11:19.054Z,NON_SALE_CHARGE,,,0.0,0.0,0.0,0.0,0.0,0.11,USD,PAYOUT,Insertion Fee
2026-03-20T02:09:41.458Z,NON_SALE_CHARGE,,,0.0,0.0,0.0,0.0,0.0,0.11,USD,PAYOUT,Insertion Fee
2026-03-20T02:09:25.993Z,NON_SALE_CHARGE,,,0.0,0.0,0.0,0.0,0.0,0.11,USD,PAYOUT,Insertion Fee
2026-03-20T02:09:11.024Z,NON_SALE_CHARGE,,,0.0,0.0,0.0,0.0,0.0,0.11,USD,PAYOUT,Insertion Fee
2026-03-20T02:09:09.149Z,NON_SALE_CHARGE,,,0.0,0.0,0.0,0.0,0.0,0.11,USD,PAYOUT,Insertion Fee
2026-03-20T02:08:14.821Z,NON_SALE_CHARGE,,,0.0,0.0,0.0,0.0,0.0,0.11,USD,PAYOUT,Insertion Fee
2026-03-20T02:07:23.856Z,NON_SALE_CHARGE,,,0.0,0.0,0.0,0.0,0.0,0.11,USD,PAYOUT,Insertion Fee
2026-03-20T02:07:15.555Z,NON_SALE_CHARGE,,,0.0,0.0,0.0,0.0,0.0,0.11,USD,PAYOUT,Insertion Fee
2026-03-20T02:05:48.818Z,NON_SALE_CHARGE,,,0.0,0.0,0.0,0.0,0.0,0.11,USD,PAYOUT,Insertion Fee
2026-03-20T02:05:02.492Z,NON_SALE_CHARGE,,,0.0,0.0,0.0,0.0,0.0,0.11,USD,PAYOUT,Insertion Fee
2026-03-20T02:04:11.059Z,NON_SALE_CHARGE,,,0.0,0.0,0.0,0.0,0.0,0.11,USD,PAYOUT,Insertion Fee
2026-03-20T02:03:11.297Z,NON_SALE_CHARGE,,,0.0,0.0,0.0,0.0,0.0,0.11,USD,PAYOUT,Insertion Fee
2026-03-20T02:02:16.233Z,NON_SALE_CHARGE,,,0.0,0.0,0.0,0.0,0.0,0.11,USD,PAYOUT,Insertion Fee
2026-03-20T02:00:20.881Z,NON_SALE_CHARGE,,,0.0,0.0,0.0,0.0,0.0,0.11,USD,PAYOUT,Insertion Fee
2026-03-20T02:00:03.715Z,NON_SALE_CHARGE,,,0.0,0.0,0.0,0.0,0.0,0.11,USD,PAYOUT,Insertion Fee
2026-03-20T01:59:05.325Z,NON_SALE_CHARGE,,,0.0,0.0,0.0,0.0,0.0,0.11,USD,PAYOUT,Insertion Fee
2026-03-20T01:57:28.408Z,NON_SALE_CHARGE,,,0.0,0.0,0.0,0.0,0.0,0.11,USD,PAYOUT,Insertion Fee
2026-03-20T01:57:13.732Z,NON_SALE_CHARGE,,,0.0,0.0,0.0,0.0,0.0,0.11,USD,PAYOUT,Insertion Fee
2026-03-20T01:55:04.040Z,NON_SALE_CHARGE,,,0.0,0.0,0.0,0.0,0.0,0.11,USD,PAYOUT,Insertion Fee
2026-03-20T01:54:24.564Z,NON_SALE_CHARGE,,,0.0,0.0,0.0,0.0,0.0,0.11,USD,PAYOUT,Insertion Fee
2026-03-20T01:53:02.121Z,NON_SALE_CHARGE,,,0.0,0.0,0.0,0.0,0.0,0.11,USD,PAYOUT,Insertion Fee
2026-03-20T01:52:31.441Z,NON_SALE_CHARGE,,,0.0,0.0,0.0,0.0,0.0,0.11,USD,PAYOUT,Insertion Fee
2026-03-20T01:52:19.926Z,NON_SALE_CHARGE,,,0.0,0.0,0.0,0.0,0.0,0.11,USD,PAYOUT,Insertion Fee
2026-03-20T01:51:25.805Z,NON_SALE_CHARGE,,,0.0,0.0,0.0,0.0,0.0,0.11,USD,PAYOUT,Insertion Fee
2026-03-20T01:51:13.137Z,NON_SALE_CHARGE,,,0.0,0.0,0.0,0.0,0.0,0.11,USD,PAYOUT,Insertion Fee
2026-03-20T01:41:56.739Z,NON_SALE_CHARGE,,,0.0,0.0,0.0,0.0,0.0,0.11,USD,PAYOUT,Insertion Fee
2026-03-20T01:41:21.671Z,NON_SALE_CHARGE,,,0.0,0.0,0.0,0.0,0.0,0.11,USD,PAYOUT,Insertion Fee
2026-03-20T01:41:20.299Z,NON_SALE_CHARGE,,,0.0,0.0,0.0,0.0,0.0,0.11,USD,PAYOUT,Insertion Fee
2026-03-20T01:41:11.414Z,NON_SALE_CHARGE,,,0.0,0.0,0.0,0.0,0.0,0.11,USD,PAYOUT,Insertion Fee
2026-03-20T01:40:29.686Z,NON_SALE_CHARGE,,,0.0,0.0,0.0,0.0,0.0,0.11,USD,PAYOUT,Insertion Fee
2026-03-20T01:40:18.732Z,NON_SALE_CHARGE,,,0.0,0.0,0.0,0.0,0.0,0.11,USD,PAYOUT,Insertion Fee
2026-03-20T01:39:04.514Z,NON_SALE_CHARGE,,,0.0,0.0,0.0,0.0,0.0,0.11,USD,PAYOUT,Insertion Fee
2026-03-20T01:37:47.106Z,NON_SALE_CHARGE,,,0.0,0.0,0.0,0.0,0.0,0.11,USD,PAYOUT,Insertion Fee
2026-03-20T01:36:47.852Z,NON_SALE_CHARGE,,,0.0,0.0,0.0,0.0,0.0,0.11,USD,PAYOUT,Insertion Fee
2026-03-20T01:35:15.808Z,NON_SALE_CHARGE,,,0.0,0.0,0.0,0.0,0.0,0.11,USD,PAYOUT,Insertion Fee
2026-03-20T01:34:38.034Z,NON_SALE_CHARGE,,,0.0,0.0,0.0,0.0,0.0,0.11,USD,PAYOUT,Insertion Fee
2026-03-20T01:34:35.066Z,NON_SALE_CHARGE,,,0.0,0.0,0.0,0.0,0.0,0.11,USD,PAYOUT,Insertion Fee
2026-03-20T01:32:57.335Z,NON_SALE_CHARGE,,,0.0,0.0,0.0,0.0,0.0,0.11,USD,PAYOUT,Insertion Fee
2026-03-20T01:31:50.915Z,NON_SALE_CHARGE,,,0.0,0.0,0.0,0.0,0.0,0.11,USD,PAYOUT,Insertion Fee
2026-03-20T01:31:17.544Z,NON_SALE_CHARGE,,,0.0,0.0,0.0,0.0,0.0,0.11,USD,PAYOUT,Insertion Fee
2026-03-20T01:29:59.878Z,NON_SALE_CHARGE,,,0.0,0.0,0.0,0.0,0.0,0.11,USD,PAYOUT,Insertion Fee
2026-03-20T01:29:42.118Z,NON_SALE_CHARGE,,,0.0,0.0,0.0,0.0,0.0,0.11,USD,PAYOUT,Insertion Fee
2026-03-20T01:28:43.453Z,NON_SALE_CHARGE,,,0.0,0.0,0.0,0.0,0.0,0.11,USD,PAYOUT,Insertion Fee
2026-03-20T01:27:36.692Z,NON_SALE_CHARGE,,,0.0,0.0,0.0,0.0,0.0,0.11,USD,PAYOUT,Insertion Fee
2026-03-20T01:27:33.097Z,NON_SALE_CHARGE,,,0.0,0.0,0.0,0.0,0.0,0.11,USD,PAYOUT,Insertion Fee
2026-03-20T01:27:05.394Z,NON_SALE_CHARGE,,,0.0,0.0,0.0,0.0,0.0,0.11,USD,PAYOUT,Insertion Fee
2026-03-20T01:26:49.497Z,NON_SALE_CHARGE,,,0.0,0.0,0.0,0.0,0.0,0.11,USD,PAYOUT,Insertion Fee
2026-03-20T01:26:48.535Z,NON_SALE_CHARGE,,,0.0,0.0,0.0,0.0,0.0,0.11,USD,PAYOUT,Insertion Fee
2026-03-20T01:25:09.411Z,NON_SALE_CHARGE,,,0.0,0.0,0.0,0.0,0.0,0.11,USD,PAYOUT,Insertion Fee
2026-03-20T01:24:40.112Z,NON_SALE_CHARGE,,,0.0,0.0,0.0,0.0,0.0,0.11,USD,PAYOUT,Insertion Fee
2026-03-20T01:23:49.810Z,NON_SALE_CHARGE,,,0.0,0.0,0.0,0.0,0.0,0.11,USD,PAYOUT,Insertion Fee
2026-03-20T01:22:50.174Z,NON_SALE_CHARGE,,,0.0,0.0,0.0,0.0,0.0,0.11,USD,PAYOUT,Insertion Fee
2026-03-20T01:22:39.587Z,NON_SALE_CHARGE,,,0.0,0.0,0.0,0.0,0.0,0.11,USD,PAYOUT,Insertion Fee
2026-03-20T01:21:16.022Z,NON_SALE_CHARGE,,,0.0,0.0,0.0,0.0,0.0,0.11,USD,PAYOUT,Insertion Fee
2026-03-20T01:20:46.462Z,NON_SALE_CHARGE,,,0.0,0.0,0.0,0.0,0.0,0.11,USD,PAYOUT,Insertion Fee
2026-03-20T01:20:44.315Z,NON_SALE_CHARGE,,,0.0,0.0,0.0,0.0,0.0,0.11,USD,PAYOUT,Insertion Fee
2026-03-20T01:19:42.668Z,NON_SALE_CHARGE,,,0.0,0.0,0.0,0.0,0.0,0.11,USD,PAYOUT,Insertion Fee
2026-03-20T01:18:21.423Z,NON_SALE_CHARGE,,,0.0,0.0,0.0,0.0,0.0,0.11,USD,PAYOUT,Insertion Fee
2026-03-20T01:17:48.534Z,NON_SALE_CHARGE,,,0.0,0.0,0.0,0.0,0.0,0.11,USD,PAYOUT,Insertion Fee
2026-03-20T01:17:33.663Z,NON_SALE_CHARGE,,,0.0,0.0,0.0,0.0,0.0,0.11,USD,PAYOUT,Insertion Fee
2026-03-20T01:17:33.332Z,NON_SALE_CHARGE,,,0.0,0.0,0.0,0.0,0.0,0.11,USD,PAYOUT,Insertion Fee
2026-03-20T01:16:41.025Z,NON_SALE_CHARGE,,,0.0,0.0,0.0,0.0,0.0,0.11,USD,PAYOUT,Insertion Fee
2026-03-20T01:16:03.926Z,NON_SALE_CHARGE,,,0.0,0.0,0.0,0.0,0.0,0.11,USD,PAYOUT,Insertion Fee
2026-03-20T01:15:49.835Z,NON_SALE_CHARGE,,,0.0,0.0,0.0,0.0,0.0,0.11,USD,PAYOUT,Insertion Fee
2026-03-20T01:15:17.409Z,NON_SALE_CHARGE,,,0.0,0.0,0.0,0.0,0.0,0.11,USD,PAYOUT,Insertion Fee
2026-03-20T01:15:00.944Z,NON_SALE_CHARGE,,,0.0,0.0,0.0,0.0,0.0,0.11,USD,PAYOUT,Insertion Fee
2026-03-20T01:14:59.271Z,NON_SALE_CHARGE,,,0.0,0.0,0.0,0.0,0.0,0.11,USD,PAYOUT,Insertion Fee
2026-03-20T01:13:06.071Z,NON_SALE_CHARGE,,,0.0,0.0,0.0,0.0,0.0,0.11,USD,PAYOUT,Insertion Fee
2026-03-20T01:12:43.407Z,NON_SALE_CHARGE,,,0.0,0.0,0.0,0.0,0.0,0.11,USD,PAYOUT,Insertion Fee
2026-03-20T01:12:23.918Z,NON_SALE_CHARGE,,,0.0,0.0,0.0,0.0,0.0,0.11,USD,PAYOUT,Insertion Fee
2026-03-20T01:11:52.035Z,NON_SALE_CHARGE,,,0.0,0.0,0.0,0.0,0.0,0.11,USD,PAYOUT,Insertion Fee
2026-03-20T01:09:41.621Z,NON_SALE_CHARGE,,,0.0,0.0,0.0,0.0,0.0,0.11,USD,PAYOUT,Insertion Fee
2026-03-20T01:09:34.220Z,NON_SALE_CHARGE,,,0.0,0.0,0.0,0.0,0.0,0.11,USD,PAYOUT,Insertion Fee
2026-03-20T01:07:43.808Z,NON_SALE_CHARGE,,,0.0,0.0,0.0,0.0,0.0,0.11,USD,PAYOUT,Insertion Fee
2026-03-20T01:06:37.522Z,NON_SALE_CHARGE,,,0.0,0.0,0.0,0.0,0.0,0.11,USD,PAYOUT,Insertion Fee
2026-03-20T01:05:17.063Z,NON_SALE_CHARGE,,,0.0,0.0,0.0,0.0,0.0,0.11,USD,PAYOUT,Insertion Fee
2026-03-20T01:04:38.972Z,NON_SALE_CHARGE,,,0.0,0.0,0.0,0.0,0.0,0.11,USD,PAYOUT,Insertion Fee
2026-03-20T01:04:35.193Z,NON_SALE_CHARGE,,,0.0,0.0,0.0,0.0,0.0,0.11,USD,PAYOUT,Insertion Fee
2026-03-20T01:03:23.357Z,NON_SALE_CHARGE,,,0.0,0.0,0.0,0.0,0.0,0.11,USD,PAYOUT,Insertion Fee
2026-03-20T01:02:58.322Z,NON_SALE_CHARGE,,,0.0,0.0,0.0,0.0,0.0,0.11,USD,PAYOUT,Insertion Fee
2026-03-20T01:02:33.991Z,NON_SALE_CHARGE,,,0.0,0.0,0.0,0.0,0.0,0.11,USD,PAYOUT,Insertion Fee
2026-03-20T01:00:42.548Z,NON_SALE_CHARGE,,,0.0,0.0,0.0,0.0,0.0,0.11,USD,PAYOUT,Insertion Fee
2026-03-20T01:00:14.008Z,NON_SALE_CHARGE,,,0.0,0.0,0.0,0.0,0.0,0.11,USD,PAYOUT,Insertion Fee
2026-03-20T00:44:31.946Z,NON_SALE_CHARGE,,,0.0,0.0,0.0,0.0,0.0,0.11,USD,PAYOUT,Insertion Fee
2026-03-19T12:54:31.758Z,NON_SALE_CHARGE,,,0.0,0.0,0.0,0.0,0.0,8.42,USD,PAYOUT,Promoted Listings - General fee
2026-03-19T04:17:13.672Z,NON_SALE_CHARGE,,,0.0,0.0,0.0,0.0,0.0,0.11,USD,PAYOUT,Insertion Fee
2026-03-19T04:03:01.642Z,NON_SALE_CHARGE,,,0.0,0.0,0.0,0.0,0.0,0.11,USD,PAYOUT,Insertion Fee
2026-03-19T03:59:19.183Z,NON_SALE_CHARGE,,,0.0,0.0,0.0,0.0,0.0,0.11,USD,PAYOUT,Insertion Fee
2026-03-19T03:57:07.494Z,NON_SALE_CHARGE,,,0.0,0.0,0.0,0.0,0.0,0.11,USD,PAYOUT,Insertion Fee
2026-03-19T00:55:02.664Z,NON_SALE_CHARGE,,,0.0,0.0,0.0,0.0,0.0,0.11,USD,PAYOUT,Insertion Fee
2026-03-19T00:54:22.087Z,NON_SALE_CHARGE,,,0.0,0.0,0.0,0.0,0.0,0.11,USD,PAYOUT,Insertion Fee
2026-03-19T00:36:06.314Z,NON_SALE_CHARGE,,,0.0,0.0,0.0,0.0,0.0,0.11,USD,PAYOUT,Insertion Fee
2026-03-19T00:35:41.318Z,NON_SALE_CHARGE,,,0.0,0.0,0.0,0.0,0.0,0.11,USD,PAYOUT,Insertion Fee
2026-03-19T00:29:55.879Z,NON_SALE_CHARGE,,,0.0,0.0,0.0,0.0,0.0,0.11,USD,PAYOUT,Insertion Fee
2026-03-19T00:25:58.481Z,NON_SALE_CHARGE,,,0.0,0.0,0.0,0.0,0.0,0.11,USD,PAYOUT,Insertion Fee
2026-03-19T00:19:22.739Z,NON_SALE_CHARGE,,,0.0,0.0,0.0,0.0,0.0,0.11,USD,PAYOUT,Insertion Fee
2026-03-19T00:17:16.314Z,NON_SALE_CHARGE,,,0.0,0.0,0.0,0.0,0.0,0.11,USD,PAYOUT,Insertion Fee
2026-03-19T00:17:14.322Z,NON_SALE_CHARGE,,,0.0,0.0,0.0,0.0,0.0,0.11,USD,PAYOUT,Insertion Fee
2026-03-19T00:16:36.696Z,NON_SALE_CHARGE,,,0.0,0.0,0.0,0.0,0.0,0.11,USD,PAYOUT,Insertion Fee
2026-03-19T00:15:55.065Z,NON_SALE_CHARGE,,,0.0,0.0,0.0,0.0,0.0,0.11,USD,PAYOUT,Insertion Fee
2026-03-19T00:15:46.386Z,NON_SALE_CHARGE,,,0.0,0.0,0.0,0.0,0.0,0.11,USD,PAYOUT,Insertion Fee
2026-03-19T00:15:41.134Z,NON_SALE_CHARGE,,,0.0,0.0,0.0,0.0,0.0,0.11,USD,PAYOUT,Insertion Fee
2026-03-19T00:15:39.140Z,NON_SALE_CHARGE,,,0.0,0.0,0.0,0.0,0.0,0.11,USD,PAYOUT,Insertion Fee
2026-03-19T00:15:04.303Z,NON_SALE_CHARGE,,,0.0,0.0,0.0,0.0,0.0,0.11,USD,PAYOUT,Insertion Fee
2026-03-19T00:14:31.707Z,NON_SALE_CHARGE,,,0.0,0.0,0.0,0.0,0.0,0.11,USD,PAYOUT,Insertion Fee
2026-03-19T00:13:33.937Z,NON_SALE_CHARGE,,,0.0,0.0,0.0,0.0,0.0,0.11,USD,PAYOUT,Insertion Fee
2026-03-19T00:13:01.194Z,NON_SALE_CHARGE,,,0.0,0.0,0.0,0.0,0.0,0.11,USD,PAYOUT,Insertion Fee
2026-03-19T00:12:55.114Z,NON_SALE_CHARGE,,,0.0,0.0,0.0,0.0,0.0,0.11,USD,PAYOUT,Insertion Fee
2026-03-19T00:12:14.006Z,NON_SALE_CHARGE,,,0.0,0.0,0.0,0.0,0.0,0.11,USD,PAYOUT,Insertion Fee
2026-03-19T00:11:28.004Z,NON_SALE_CHARGE,,,0.0,0.0,0.0,0.0,0.0,0.11,USD,PAYOUT,Insertion Fee
2026-03-19T00:11:27.133Z,NON_SALE_CHARGE,,,0.0,0.0,0.0,0.0,0.0,0.11,USD,PAYOUT,Insertion Fee
2026-03-19T00:10:35.013Z,NON_SALE_CHARGE,,,0.0,0.0,0.0,0.0,0.0,0.11,USD,PAYOUT,Insertion Fee
2026-03-19T00:10:19.116Z,NON_SALE_CHARGE,,,0.0,0.0,0.0,0.0,0.0,0.11,USD,PAYOUT,Insertion Fee
2026-03-19T00:10:06.421Z,NON_SALE_CHARGE,,,0.0,0.0,0.0,0.0,0.0,0.11,USD,PAYOUT,Insertion Fee
2026-03-19T00:09:24.787Z,NON_SALE_CHARGE,,,0.0,0.0,0.0,0.0,0.0,0.11,USD,PAYOUT,Insertion Fee
2026-03-19T00:08:30.037Z,NON_SALE_CHARGE,,,0.0,0.0,0.0,0.0,0.0,0.11,USD,PAYOUT,Insertion Fee
2026-03-19T00:05:35.621Z,NON_SALE_CHARGE,,,0.0,0.0,0.0,0.0,0.0,0.11,USD,PAYOUT,Insertion Fee
2026-03-19T00:05:33.676Z,NON_SALE_CHARGE,,,0.0,0.0,0.0,0.0,0.0,0.11,USD,PAYOUT,Insertion Fee
2026-03-19T00:05:31.061Z,NON_SALE_CHARGE,,,0.0,0.0,0.0,0.0,0.0,0.11,USD,PAYOUT,Insertion Fee
2026-03-18T23:00:34.744Z,NON_SALE_CHARGE,,,0.0,0.0,0.0,0.0,0.0,0.11,USD,PAYOUT,Insertion Fee
2026-03-18T23:00:33.259Z,NON_SALE_CHARGE,,,0.0,0.0,0.0,0.0,0.0,0.11,USD,PAYOUT,Insertion Fee
2026-03-18T23:00:29.495Z,NON_SALE_CHARGE,,,0.0,0.0,0.0,0.0,0.0,0.11,USD,PAYOUT,Insertion Fee
2026-03-18T22:59:25.485Z,NON_SALE_CHARGE,,,0.0,0.0,0.0,0.0,0.0,0.11,USD,PAYOUT,Insertion Fee
2026-03-18T22:59:16.219Z,NON_SALE_CHARGE,,,0.0,0.0,0.0,0.0,0.0,0.11,USD,PAYOUT,Insertion Fee
2026-03-18T22:57:19.262Z,NON_SALE_CHARGE,,,0.0,0.0,0.0,0.0,0.0,0.11,USD,PAYOUT,Insertion Fee
2026-03-18T22:55:46.038Z,NON_SALE_CHARGE,,,0.0,0.0,0.0,0.0,0.0,0.11,USD,PAYOUT,Insertion Fee
2026-03-18T22:55:33.495Z,NON_SALE_CHARGE,,,0.0,0.0,0.0,0.0,0.0,0.11,USD,PAYOUT,Insertion Fee
2026-03-18T22:55:30.281Z,NON_SALE_CHARGE,,,0.0,0.0,0.0,0.0,0.0,0.11,USD,PAYOUT,Insertion Fee
2026-03-18T22:54:26.744Z,NON_SALE_CHARGE,,,0.0,0.0,0.0,0.0,0.0,0.11,USD,PAYOUT,Insertion Fee
2026-03-18T22:54:05.036Z,NON_SALE_CHARGE,,,0.0,0.0,0.0,0.0,0.0,0.11,USD,PAYOUT,Insertion Fee
2026-03-18T22:52:05.935Z,NON_SALE_CHARGE,,,0.0,0.0,0.0,0.0,0.0,0.11,USD,PAYOUT,Insertion Fee
2026-03-18T22:50:33.161Z,NON_SALE_CHARGE,,,0.0,0.0,0.0,0.0,0.0,0.11,USD,PAYOUT,Insertion Fee
2026-03-18T22:49:58.864Z,NON_SALE_CHARGE,,,0.0,0.0,0.0,0.0,0.0,0.11,USD,PAYOUT,Insertion Fee
2026-03-18T22:49:55.812Z,NON_SALE_CHARGE,,,0.0,0.0,0.0,0.0,0.0,0.11,USD,PAYOUT,Insertion Fee
2026-03-18T22:48:27.851Z,NON_SALE_CHARGE,,,0.0,0.0,0.0,0.0,0.0,0.11,USD,PAYOUT,Insertion Fee
2026-03-18T22:47:17.777Z,NON_SALE_CHARGE,,,0.0,0.0,0.0,0.0,0.0,0.11,USD,PAYOUT,Insertion Fee
2026-03-18T22:47:06.314Z,NON_SALE_CHARGE,,,0.0,0.0,0.0,0.0,0.0,0.11,USD,PAYOUT,Insertion Fee
2026-03-18T22:44:55.261Z,NON_SALE_CHARGE,,,0.0,0.0,0.0,0.0,0.0,0.11,USD,PAYOUT,Insertion Fee
2026-03-18T22:44:08.569Z,NON_SALE_CHARGE,,,0.0,0.0,0.0,0.0,0.0,0.11,USD,PAYOUT,Insertion Fee
2026-03-18T22:43:16.479Z,NON_SALE_CHARGE,,,0.0,0.0,0.0,0.0,0.0,0.11,USD,PAYOUT,Insertion Fee
2026-03-18T22:42:02.270Z,NON_SALE_CHARGE,,,0.0,0.0,0.0,0.0,0.0,0.11,USD,PAYOUT,Insertion Fee
2026-03-18T22:40:28.427Z,NON_SALE_CHARGE,,,0.0,0.0,0.0,0.0,0.0,0.11,USD,PAYOUT,Insertion Fee
2026-03-18T22:39:55.678Z,NON_SALE_CHARGE,,,0.0,0.0,0.0,0.0,0.0,0.11,USD,PAYOUT,Insertion Fee
2026-03-18T22:39:25.255Z,NON_SALE_CHARGE,,,0.0,0.0,0.0,0.0,0.0,0.11,USD,PAYOUT,Insertion Fee
2026-03-18T22:38:20.014Z,NON_SALE_CHARGE,,,0.0,0.0,0.0,0.0,0.0,0.11,USD,PAYOUT,Insertion Fee
2026-03-18T22:38:14.579Z,NON_SALE_CHARGE,,,0.0,0.0,0.0,0.0,0.0,0.11,USD,PAYOUT,Insertion Fee
2026-03-18T22:37:36.981Z,NON_SALE_CHARGE,,,0.0,0.0,0.0,0.0,0.0,0.11,USD,PAYOUT,Insertion Fee
2026-03-18T22:37:02.951Z,NON_SALE_CHARGE,,,0.0,0.0,0.0,0.0,0.0,0.11,USD,PAYOUT,Insertion Fee
2026-03-18T22:35:28.737Z,NON_SALE_CHARGE,,,0.0,0.0,0.0,0.0,0.0,0.11,USD,PAYOUT,Insertion Fee
2026-03-18T22:34:54.891Z,NON_SALE_CHARGE,,,0.0,0.0,0.0,0.0,0.0,0.11,USD,PAYOUT,Insertion Fee
2026-03-18T22:33:15.078Z,NON_SALE_CHARGE,,,0.0,0.0,0.0,0.0,0.0,0.11,USD,PAYOUT,Insertion Fee
2026-03-18T22:33:14.189Z,NON_SALE_CHARGE,,,0.0,0.0,0.0,0.0,0.0,0.11,USD,PAYOUT,Insertion Fee
2026-03-18T22:30:41.977Z,NON_SALE_CHARGE,,,0.0,0.0,0.0,0.0,0.0,0.11,USD,PAYOUT,Insertion Fee
2026-03-18T22:30:27.971Z,NON_SALE_CHARGE,,,0.0,0.0,0.0,0.0,0.0,0.11,USD,PAYOUT,Insertion Fee
2026-03-18T22:19:23.531Z,NON_SALE_CHARGE,,,0.0,0.0,0.0,0.0,0.0,0.11,USD,PAYOUT,Insertion Fee
2026-03-18T22:16:06.538Z,NON_SALE_CHARGE,,,0.0,0.0,0.0,0.0,0.0,0.11,USD,PAYOUT,Insertion Fee
2026-03-18T22:10:11.987Z,NON_SALE_CHARGE,,,0.0,0.0,0.0,0.0,0.0,0.11,USD,PAYOUT,Insertion Fee
2026-03-18T22:09:30.538Z,NON_SALE_CHARGE,,,0.0,0.0,0.0,0.0,0.0,0.11,USD,PAYOUT,Insertion Fee
2026-03-18T22:09:27.900Z,NON_SALE_CHARGE,,,0.0,0.0,0.0,0.0,0.0,0.11,USD,PAYOUT,Insertion Fee
2026-03-18T22:07:02.507Z,NON_SALE_CHARGE,,,0.0,0.0,0.0,0.0,0.0,0.11,USD,PAYOUT,Insertion Fee
2026-03-18T22:06:00.932Z,NON_SALE_CHARGE,,,0.0,0.0,0.0,0.0,0.0,0.11,USD,PAYOUT,Insertion Fee
2026-03-18T22:04:29.347Z,NON_SALE_CHARGE,,,0.0,0.0,0.0,0.0,0.0,0.11,USD,PAYOUT,Insertion Fee
2026-03-18T22:02:17.195Z,NON_SALE_CHARGE,,,0.0,0.0,0.0,0.0,0.0,0.11,USD,PAYOUT,Insertion Fee
2026-03-18T22:01:38.725Z,NON_SALE_CHARGE,,,0.0,0.0,0.0,0.0,0.0,0.11,USD,PAYOUT,Insertion Fee
2026-03-18T21:59:06.143Z,NON_SALE_CHARGE,,,0.0,0.0,0.0,0.0,0.0,0.11,USD,PAYOUT,Insertion Fee
2026-03-18T21:58:48.210Z,NON_SALE_CHARGE,,,0.0,0.0,0.0,0.0,0.0,0.11,USD,PAYOUT,Insertion Fee
2026-03-18T21:56:31.923Z,NON_SALE_CHARGE,,,0.0,0.0,0.0,0.0,0.0,0.11,USD,PAYOUT,Insertion Fee
2026-03-18T21:56:25.067Z,NON_SALE_CHARGE,,,0.0,0.0,0.0,0.0,0.0,0.11,USD,PAYOUT,Insertion Fee
2026-03-18T21:55:56.357Z,NON_SALE_CHARGE,,,0.0,0.0,0.0,0.0,0.0,0.11,USD,PAYOUT,Insertion Fee
2026-03-18T21:53:46.161Z,NON_SALE_CHARGE,,,0.0,0.0,0.0,0.0,0.0,0.11,USD,PAYOUT,Insertion Fee
2026-03-18T21:52:52.233Z,NON_SALE_CHARGE,,,0.0,0.0,0.0,0.0,0.0,0.11,USD,PAYOUT,Insertion Fee
2026-03-18T21:52:42.281Z,NON_SALE_CHARGE,,,0.0,0.0,0.0,0.0,0.0,0.11,USD,PAYOUT,Insertion Fee
2026-03-18T21:49:58.801Z,NON_SALE_CHARGE,,,0.0,0.0,0.0,0.0,0.0,0.11,USD,PAYOUT,Insertion Fee
2026-03-18T21:49:35.642Z,NON_SALE_CHARGE,,,0.0,0.0,0.0,0.0,0.0,0.11,USD,PAYOUT,Insertion Fee
2026-03-18T21:48:27.988Z,NON_SALE_CHARGE,,,0.0,0.0,0.0,0.0,0.0,0.11,USD,PAYOUT,Insertion Fee
2026-03-18T21:45:35.481Z,NON_SALE_CHARGE,,,0.0,0.0,0.0,0.0,0.0,0.11,USD,PAYOUT,Insertion Fee
2026-03-18T21:44:39.264Z,NON_SALE_CHARGE,,,0.0,0.0,0.0,0.0,0.0,0.11,USD,PAYOUT,Insertion Fee
2026-03-18T21:43:28.847Z,NON_SALE_CHARGE,,,0.0,0.0,0.0,0.0,0.0,0.11,USD,PAYOUT,Insertion Fee
2026-03-18T21:43:10.455Z,NON_SALE_CHARGE,,,0.0,0.0,0.0,0.0,0.0,0.11,USD,PAYOUT,Insertion Fee
2026-03-18T21:42:55.750Z,NON_SALE_CHARGE,,,0.0,0.0,0.0,0.0,0.0,0.11,USD,PAYOUT,Insertion Fee
2026-03-18T21:40:07.492Z,NON_SALE_CHARGE,,,0.0,0.0,0.0,0.0,0.0,0.11,USD,PAYOUT,Insertion Fee
2026-03-18T21:39:25.634Z,NON_SALE_CHARGE,,,0.0,0.0,0.0,0.0,0.0,0.11,USD,PAYOUT,Insertion Fee
2026-03-18T21:35:40.137Z,NON_SALE_CHARGE,,,0.0,0.0,0.0,0.0,0.0,0.11,USD,PAYOUT,Insertion Fee
2026-03-18T21:35:09.543Z,NON_SALE_CHARGE,,,0.0,0.0,0.0,0.0,0.0,0.11,USD,PAYOUT,Insertion Fee
2026-03-18T21:32:58.828Z,NON_SALE_CHARGE,,,0.0,0.0,0.0,0.0,0.0,0.11,USD,PAYOUT,Insertion Fee
2026-03-18T21:32:41.524Z,NON_SALE_CHARGE,,,0.0,0.0,0.0,0.0,0.0,0.11,USD,PAYOUT,Insertion Fee
2026-03-18T21:30:09.924Z,NON_SALE_CHARGE,,,0.0,0.0,0.0,0.0,0.0,0.11,USD,PAYOUT,Insertion Fee
2026-03-18T21:30:06.820Z,NON_SALE_CHARGE,,,0.0,0.0,0.0,0.0,0.0,0.11,USD,PAYOUT,Insertion Fee
2026-03-18T21:29:32.580Z,NON_SALE_CHARGE,,,0.0,0.0,0.0,0.0,0.0,0.11,USD,PAYOUT,Insertion Fee
2026-03-18T21:27:41.420Z,NON_SALE_CHARGE,,,0.0,0.0,0.0,0.0,0.0,0.11,USD,PAYOUT,Insertion Fee
2026-03-18T21:26:12.678Z,NON_SALE_CHARGE,,,0.0,0.0,0.0,0.0,0.0,0.11,USD,PAYOUT,Insertion Fee
2026-03-18T21:24:56.650Z,NON_SALE_CHARGE,,,0.0,0.0,0.0,0.0,0.0,0.11,USD,PAYOUT,Insertion Fee
2026-03-18T21:24:53.668Z,NON_SALE_CHARGE,,,0.0,0.0,0.0,0.0,0.0,0.11,USD,PAYOUT,Insertion Fee
2026-03-18T21:18:36.803Z,NON_SALE_CHARGE,,,0.0,0.0,0.0,0.0,0.0,0.11,USD,PAYOUT,Insertion Fee
2026-03-18T21:18:19.957Z,NON_SALE_CHARGE,,,0.0,0.0,0.0,0.0,0.0,0.11,USD,PAYOUT,Insertion Fee
2026-03-18T21:15:52.229Z,NON_SALE_CHARGE,,,0.0,0.0,0.0,0.0,0.0,0.11,USD,PAYOUT,Insertion Fee
2026-03-18T21:15:45.388Z,NON_SALE_CHARGE,,,0.0,0.0,0.0,0.0,0.0,0.11,USD,PAYOUT,Insertion Fee
2026-03-18T21:14:44.742Z,NON_SALE_CHARGE,,,0.0,0.0,0.0,0.0,0.0,0.11,USD,PAYOUT,Insertion Fee
2026-03-18T21:13:54.376Z,NON_SALE_CHARGE,,,0.0,0.0,0.0,0.0,0.0,0.11,USD,PAYOUT,Insertion Fee
2026-03-18T21:13:26.029Z,NON_SALE_CHARGE,,,0.0,0.0,0.0,0.0,0.0,0.11,USD,PAYOUT,Insertion Fee
2026-03-18T21:09:47.141Z,NON_SALE_CHARGE,,,0.0,0.0,0.0,0.0,0.0,0.11,USD,PAYOUT,Insertion Fee
2026-03-18T21:08:54.110Z,NON_SALE_CHARGE,,,0.0,0.0,0.0,0.0,0.0,0.11,USD,PAYOUT,Insertion Fee
2026-03-18T21:08:53.496Z,NON_SALE_CHARGE,,,0.0,0.0,0.0,0.0,0.0,0.11,USD,PAYOUT,Insertion Fee
2026-03-18T21:04:09.439Z,NON_SALE_CHARGE,,,0.0,0.0,0.0,0.0,0.0,0.11,USD,PAYOUT,Insertion Fee
2026-03-18T20:59:32.426Z,NON_SALE_CHARGE,,,0.0,0.0,0.0,0.0,0.0,0.11,USD,PAYOUT,Insertion Fee
2026-03-18T20:54:35.962Z,NON_SALE_CHARGE,,,0.0,0.0,0.0,0.0,0.0,0.11,USD,PAYOUT,Insertion Fee
2026-03-18T20:54:03.365Z,NON_SALE_CHARGE,,,0.0,0.0,0.0,0.0,0.0,0.11,USD,PAYOUT,Insertion Fee
2026-03-18T20:53:52.747Z,NON_SALE_CHARGE,,,0.0,0.0,0.0,0.0,0.0,0.11,USD,PAYOUT,Insertion Fee
2026-03-18T20:48:56.907Z,NON_SALE_CHARGE,,,0.0,0.0,0.0,0.0,0.0,0.11,USD,PAYOUT,Insertion Fee
2026-03-18T20:48:55.167Z,NON_SALE_CHARGE,,,0.0,0.0,0.0,0.0,0.0,0.11,USD,PAYOUT,Insertion Fee
2026-03-18T20:48:52.067Z,NON_SALE_CHARGE,,,0.0,0.0,0.0,0.0,0.0,0.11,USD,PAYOUT,Insertion Fee
2026-03-18T20:42:34.958Z,NON_SALE_CHARGE,,,0.0,0.0,0.0,0.0,0.0,0.11,USD,PAYOUT,Insertion Fee
2026-03-18T20:42:33.667Z,NON_SALE_CHARGE,,,0.0,0.0,0.0,0.0,0.0,0.11,USD,PAYOUT,Insertion Fee
2026-03-18T20:41:53.256Z,NON_SALE_CHARGE,,,0.0,0.0,0.0,0.0,0.0,0.11,USD,PAYOUT,Insertion Fee
2026-03-18T20:41:21.998Z,NON_SALE_CHARGE,,,0.0,0.0,0.0,0.0,0.0,0.11,USD,PAYOUT,Insertion Fee
2026-03-18T20:36:37.763Z,NON_SALE_CHARGE,,,0.0,0.0,0.0,0.0,0.0,0.11,USD,PAYOUT,Insertion Fee
2026-03-18T20:36:10.655Z,NON_SALE_CHARGE,,,0.0,0.0,0.0,0.0,0.0,0.11,USD,PAYOUT,Insertion Fee
2026-03-18T20:29:31.725Z,NON_SALE_CHARGE,,,0.0,0.0,0.0,0.0,0.0,0.11,USD,PAYOUT,Insertion Fee
2026-03-18T20:29:30.442Z,NON_SALE_CHARGE,,,0.0,0.0,0.0,0.0,0.0,0.11,USD,PAYOUT,Insertion Fee
2026-03-18T20:29:06.529Z,NON_SALE_CHARGE,,,0.0,0.0,0.0,0.0,0.0,0.11,USD,PAYOUT,Insertion Fee
2026-03-18T20:27:52.093Z,NON_SALE_CHARGE,,,0.0,0.0,0.0,0.0,0.0,0.11,USD,PAYOUT,Insertion Fee
2026-03-18T20:21:52.226Z,NON_SALE_CHARGE,,,0.0,0.0,0.0,0.0,0.0,0.11,USD,PAYOUT,Insertion Fee
2026-03-18T20:16:44.879Z,NON_SALE_CHARGE,,,0.0,0.0,0.0,0.0,0.0,0.11,USD,PAYOUT,Insertion Fee
2026-03-18T20:16:06.436Z,NON_SALE_CHARGE,,,0.0,0.0,0.0,0.0,0.0,0.11,USD,PAYOUT,Insertion Fee
2026-03-18T19:54:17.747Z,NON_SALE_CHARGE,,,0.0,0.0,0.0,0.0,0.0,0.11,USD,PAYOUT,Insertion Fee
2026-03-18T19:54:14.733Z,NON_SALE_CHARGE,,,0.0,0.0,0.0,0.0,0.0,0.11,USD,PAYOUT,Insertion Fee
2026-03-18T19:54:14.055Z,NON_SALE_CHARGE,,,0.0,0.0,0.0,0.0,0.0,0.11,USD,PAYOUT,Insertion Fee
2026-03-18T19:53:36.614Z,NON_SALE_CHARGE,,,0.0,0.0,0.0,0.0,0.0,0.11,USD,PAYOUT,Insertion Fee
2026-03-18T19:52:38.673Z,NON_SALE_CHARGE,,,0.0,0.0,0.0,0.0,0.0,0.11,USD,PAYOUT,Insertion Fee
2026-03-18T19:51:16.188Z,NON_SALE_CHARGE,,,0.0,0.0,0.0,0.0,0.0,0.11,USD,PAYOUT,Insertion Fee
2026-03-18T19:47:58.405Z,NON_SALE_CHARGE,,,0.0,0.0,0.0,0.0,0.0,0.11,USD,PAYOUT,Insertion Fee
2026-03-18T19:47:22.549Z,NON_SALE_CHARGE,,,0.0,0.0,0.0,0.0,0.0,0.11,USD,PAYOUT,Insertion Fee
2026-03-18T19:46:10.227Z,NON_SALE_CHARGE,,,0.0,0.0,0.0,0.0,0.0,0.11,USD,PAYOUT,Insertion Fee
2026-03-18T16:55:20.064Z,NON_SALE_CHARGE,,,0.0,0.0,0.0,0.0,0.0,6.63,USD,PAYOUT,Promoted Listings - General fee
2026-03-18T16:50:45.576Z,SALE,03-14392-90183,1280grand,275.86,42.09,0.44,4.48,47.01,228.85,USD,PAYOUT,
2026-03-18T10:37:56.568Z,SALE,21-14365-25100,joa6322,359.29,53.46,0.44,5.69,59.59,299.7,USD,PAYOUT,
2026-03-18T07:41:04.856Z,NON_SALE_CHARGE,,,0.0,0.0,0.0,0.0,0.0,0.11,USD,PAYOUT,Insertion Fee
2026-03-18T07:40:13.536Z,NON_SALE_CHARGE,,,0.0,0.0,0.0,0.0,0.0,0.11,USD,PAYOUT,Insertion Fee
2026-03-18T07:40:12.218Z,NON_SALE_CHARGE,,,0.0,0.0,0.0,0.0,0.0,0.11,USD,PAYOUT,Insertion Fee
2026-03-18T07:39:01.019Z,NON_SALE_CHARGE,,,0.0,0.0,0.0,0.0,0.0,0.11,USD,PAYOUT,Insertion Fee
2026-03-18T07:38:21.883Z,NON_SALE_CHARGE,,,0.0,0.0,0.0,0.0,0.0,0.11,USD,PAYOUT,Insertion Fee
2026-03-18T07:38:21.104Z,NON_SALE_CHARGE,,,0.0,0.0,0.0,0.0,0.0,0.11,USD,PAYOUT,Insertion Fee
2026-03-18T07:37:32.626Z,NON_SALE_CHARGE,,,0.0,0.0,0.0,0.0,0.0,0.11,USD,PAYOUT,Insertion Fee
2026-03-18T07:36:55.477Z,NON_SALE_CHARGE,,,0.0,0.0,0.0,0.0,0.0,0.11,USD,PAYOUT,Insertion Fee
2026-03-18T07:36:46.699Z,NON_SALE_CHARGE,,,0.0,0.0,0.0,0.0,0.0,0.11,USD,PAYOUT,Insertion Fee
2026-03-18T07:36:08.500Z,NON_SALE_CHARGE,,,0.0,0.0,0.0,0.0,0.0,0.11,USD,PAYOUT,Insertion Fee
2026-03-18T07:36:06.591Z,NON_SALE_CHARGE,,,0.0,0.0,0.0,0.0,0.0,0.11,USD,PAYOUT,Insertion Fee
2026-03-18T07:35:07.171Z,NON_SALE_CHARGE,,,0.0,0.0,0.0,0.0,0.0,0.11,USD,PAYOUT,Insertion Fee
2026-03-18T07:34:07.253Z,NON_SALE_CHARGE,,,0.0,0.0,0.0,0.0,0.0,0.11,USD,PAYOUT,Insertion Fee
2026-03-18T07:32:29.978Z,NON_SALE_CHARGE,,,0.0,0.0,0.0,0.0,0.0,0.11,USD,PAYOUT,Insertion Fee
2026-03-18T07:32:08.471Z,NON_SALE_CHARGE,,,0.0,0.0,0.0,0.0,0.0,0.11,USD,PAYOUT,Insertion Fee
2026-03-18T07:31:43.257Z,NON_SALE_CHARGE,,,0.0,0.0,0.0,0.0,0.0,0.11,USD,PAYOUT,Insertion Fee
2026-03-18T07:31:09.645Z,NON_SALE_CHARGE,,,0.0,0.0,0.0,0.0,0.0,0.11,USD,PAYOUT,Insertion Fee
2026-03-18T07:30:12.284Z,NON_SALE_CHARGE,,,0.0,0.0,0.0,0.0,0.0,0.11,USD,PAYOUT,Insertion Fee
2026-03-18T07:29:09.507Z,NON_SALE_CHARGE,,,0.0,0.0,0.0,0.0,0.0,0.11,USD,PAYOUT,Insertion Fee
2026-03-18T07:28:58.794Z,NON_SALE_CHARGE,,,0.0,0.0,0.0,0.0,0.0,0.11,USD,PAYOUT,Insertion Fee
2026-03-18T07:28:16.872Z,NON_SALE_CHARGE,,,0.0,0.0,0.0,0.0,0.0,0.11,USD,PAYOUT,Insertion Fee
2026-03-18T07:27:32.068Z,NON_SALE_CHARGE,,,0.0,0.0,0.0,0.0,0.0,0.11,USD,PAYOUT,Insertion Fee
2026-03-18T07:27:09.415Z,NON_SALE_CHARGE,,,0.0,0.0,0.0,0.0,0.0,0.11,USD,PAYOUT,Insertion Fee
2026-03-18T07:26:52.006Z,NON_SALE_CHARGE,,,0.0,0.0,0.0,0.0,0.0,0.11,USD,PAYOUT,Insertion Fee
2026-03-18T07:26:05.746Z,NON_SALE_CHARGE,,,0.0,0.0,0.0,0.0,0.0,0.11,USD,PAYOUT,Insertion Fee
2026-03-18T07:24:09.517Z,NON_SALE_CHARGE,,,0.0,0.0,0.0,0.0,0.0,0.11,USD,PAYOUT,Insertion Fee
2026-03-18T07:24:00.540Z,NON_SALE_CHARGE,,,0.0,0.0,0.0,0.0,0.0,0.11,USD,PAYOUT,Insertion Fee
2026-03-18T07:21:46.907Z,NON_SALE_CHARGE,,,0.0,0.0,0.0,0.0,0.0,0.11,USD,PAYOUT,Insertion Fee
2026-03-18T07:21:41.344Z,NON_SALE_CHARGE,,,0.0,0.0,0.0,0.0,0.0,0.11,USD,PAYOUT,Insertion Fee
2026-03-18T07:21:06.092Z,NON_SALE_CHARGE,,,0.0,0.0,0.0,0.0,0.0,0.11,USD,PAYOUT,Insertion Fee
2026-03-18T07:20:19.799Z,NON_SALE_CHARGE,,,0.0,0.0,0.0,0.0,0.0,0.11,USD,PAYOUT,Insertion Fee
2026-03-18T07:20:10.456Z,NON_SALE_CHARGE,,,0.0,0.0,0.0,0.0,0.0,0.11,USD,PAYOUT,Insertion Fee
2026-03-18T07:16:48.043Z,NON_SALE_CHARGE,,,0.0,0.0,0.0,0.0,0.0,0.11,USD,PAYOUT,Insertion Fee
2026-03-18T07:16:10.630Z,NON_SALE_CHARGE,,,0.0,0.0,0.0,0.0,0.0,0.11,USD,PAYOUT,Insertion Fee
2026-03-18T07:14:01.543Z,NON_SALE_CHARGE,,,0.0,0.0,0.0,0.0,0.0,0.11,USD,PAYOUT,Insertion Fee
2026-03-18T07:13:22.676Z,NON_SALE_CHARGE,,,0.0,0.0,0.0,0.0,0.0,0.11,USD,PAYOUT,Insertion Fee
2026-03-18T07:13:16.055Z,NON_SALE_CHARGE,,,0.0,0.0,0.0,0.0,0.0,0.11,USD,PAYOUT,Insertion Fee
2026-03-18T07:12:31.410Z,NON_SALE_CHARGE,,,0.0,0.0,0.0,0.0,0.0,0.11,USD,PAYOUT,Insertion Fee
2026-03-18T07:12:04.829Z,NON_SALE_CHARGE,,,0.0,0.0,0.0,0.0,0.0,0.11,USD,PAYOUT,Insertion Fee
2026-03-18T07:11:09.644Z,NON_SALE_CHARGE,,,0.0,0.0,0.0,0.0,0.0,0.11,USD,PAYOUT,Insertion Fee
2026-03-18T07:11:05.439Z,NON_SALE_CHARGE,,,0.0,0.0,0.0,0.0,0.0,0.11,USD,PAYOUT,Insertion Fee
2026-03-18T07:10:13.245Z,NON_SALE_CHARGE,,,0.0,0.0,0.0,0.0,0.0,0.11,USD,PAYOUT,Insertion Fee
2026-03-18T07:05:10.735Z,NON_SALE_CHARGE,,,0.0,0.0,0.0,0.0,0.0,0.11,USD,PAYOUT,Insertion Fee
2026-03-18T07:03:59.050Z,NON_SALE_CHARGE,,,0.0,0.0,0.0,0.0,0.0,0.11,USD,PAYOUT,Insertion Fee
2026-03-18T07:02:25.504Z,NON_SALE_CHARGE,,,0.0,0.0,0.0,0.0,0.0,0.11,USD,PAYOUT,Insertion Fee
2026-03-18T07:01:40.732Z,NON_SALE_CHARGE,,,0.0,0.0,0.0,0.0,0.0,0.11,USD,PAYOUT,Insertion Fee
2026-03-18T07:01:10.657Z,NON_SALE_CHARGE,,,0.0,0.0,0.0,0.0,0.0,0.11,USD,PAYOUT,Insertion Fee
2026-03-18T07:01:08.579Z,NON_SALE_CHARGE,,,0.0,0.0,0.0,0.0,0.0,0.11,USD,PAYOUT,Insertion Fee
2026-03-18T06:58:58.580Z,NON_SALE_CHARGE,,,0.0,0.0,0.0,0.0,0.0,0.11,USD,PAYOUT,Insertion Fee
2026-03-18T06:58:14.234Z,NON_SALE_CHARGE,,,0.0,0.0,0.0,0.0,0.0,0.11,USD,PAYOUT,Insertion Fee
2026-03-18T06:58:13.141Z,NON_SALE_CHARGE,,,0.0,0.0,0.0,0.0,0.0,0.11,USD,PAYOUT,Insertion Fee
2026-03-18T06:56:38.072Z,NON_SALE_CHARGE,,,0.0,0.0,0.0,0.0,0.0,0.11,USD,PAYOUT,Insertion Fee
2026-03-18T06:56:14.211Z,NON_SALE_CHARGE,,,0.0,0.0,0.0,0.0,0.0,0.11,USD,PAYOUT,Insertion Fee
2026-03-18T06:55:07.447Z,NON_SALE_CHARGE,,,0.0,0.0,0.0,0.0,0.0,0.11,USD,PAYOUT,Insertion Fee
2026-03-18T06:54:08.356Z,NON_SALE_CHARGE,,,0.0,0.0,0.0,0.0,0.0,0.11,USD,PAYOUT,Insertion Fee
2026-03-18T06:53:13.028Z,NON_SALE_CHARGE,,,0.0,0.0,0.0,0.0,0.0,0.11,USD,PAYOUT,Insertion Fee
2026-03-18T06:52:23.983Z,NON_SALE_CHARGE,,,0.0,0.0,0.0,0.0,0.0,0.11,USD,PAYOUT,Insertion Fee
2026-03-18T06:52:05.673Z,NON_SALE_CHARGE,,,0.0,0.0,0.0,0.0,0.0,0.11,USD,PAYOUT,Insertion Fee
2026-03-18T06:51:03.431Z,NON_SALE_CHARGE,,,0.0,0.0,0.0,0.0,0.0,0.11,USD,PAYOUT,Insertion Fee
2026-03-18T06:51:03.265Z,NON_SALE_CHARGE,,,0.0,0.0,0.0,0.0,0.0,0.11,USD,PAYOUT,Insertion Fee
2026-03-18T06:51:02.670Z,NON_SALE_CHARGE,,,0.0,0.0,0.0,0.0,0.0,0.11,USD,PAYOUT,Insertion Fee
2026-03-18T06:50:09.303Z,NON_SALE_CHARGE,,,0.0,0.0,0.0,0.0,0.0,0.11,USD,PAYOUT,Insertion Fee
2026-03-18T06:50:06.795Z,NON_SALE_CHARGE,,,0.0,0.0,0.0,0.0,0.0,0.11,USD,PAYOUT,Insertion Fee
2026-03-18T06:49:00.940Z,NON_SALE_CHARGE,,,0.0,0.0,0.0,0.0,0.0,0.11,USD,PAYOUT,Insertion Fee
2026-03-18T06:47:03.199Z,NON_SALE_CHARGE,,,0.0,0.0,0.0,0.0,0.0,0.11,USD,PAYOUT,Insertion Fee
2026-03-18T06:46:43.106Z,NON_SALE_CHARGE,,,0.0,0.0,0.0,0.0,0.0,0.11,USD,PAYOUT,Insertion Fee
2026-03-18T06:46:02.162Z,NON_SALE_CHARGE,,,0.0,0.0,0.0,0.0,0.0,0.11,USD,PAYOUT,Insertion Fee
2026-03-18T06:45:06.833Z,NON_SALE_CHARGE,,,0.0,0.0,0.0,0.0,0.0,0.11,USD,PAYOUT,Insertion Fee
2026-03-18T06:44:09.799Z,NON_SALE_CHARGE,,,0.0,0.0,0.0,0.0,0.0,0.11,USD,PAYOUT,Insertion Fee
2026-03-18T06:43:59.211Z,NON_SALE_CHARGE,,,0.0,0.0,0.0,0.0,0.0,0.11,USD,PAYOUT,Insertion Fee
2026-03-18T06:43:19.047Z,NON_SALE_CHARGE,,,0.0,0.0,0.0,0.0,0.0,0.11,USD,PAYOUT,Insertion Fee
2026-03-18T06:42:27.742Z,NON_SALE_CHARGE,,,0.0,0.0,0.0,0.0,0.0,0.11,USD,PAYOUT,Insertion Fee
2026-03-18T06:41:45.587Z,NON_SALE_CHARGE,,,0.0,0.0,0.0,0.0,0.0,0.11,USD,PAYOUT,Insertion Fee
2026-03-18T06:41:02.476Z,NON_SALE_CHARGE,,,0.0,0.0,0.0,0.0,0.0,0.11,USD,PAYOUT,Insertion Fee
2026-03-18T06:41:02.114Z,NON_SALE_CHARGE,,,0.0,0.0,0.0,0.0,0.0,0.11,USD,PAYOUT,Insertion Fee
2026-03-18T06:41:01.952Z,NON_SALE_CHARGE,,,0.0,0.0,0.0,0.0,0.0,0.11,USD,PAYOUT,Insertion Fee
2026-03-18T06:40:11.004Z,NON_SALE_CHARGE,,,0.0,0.0,0.0,0.0,0.0,0.11,USD,PAYOUT,Insertion Fee
2026-03-18T06:40:07.929Z,NON_SALE_CHARGE,,,0.0,0.0,0.0,0.0,0.0,0.11,USD,PAYOUT,Insertion Fee
2026-03-18T06:38:20.918Z,NON_SALE_CHARGE,,,0.0,0.0,0.0,0.0,0.0,0.11,USD,PAYOUT,Insertion Fee
2026-03-18T06:38:13.040Z,NON_SALE_CHARGE,,,0.0,0.0,0.0,0.0,0.0,0.11,USD,PAYOUT,Insertion Fee
2026-03-18T06:33:15.778Z,NON_SALE_CHARGE,,,0.0,0.0,0.0,0.0,0.0,0.11,USD,PAYOUT,Insertion Fee
2026-03-18T06:32:00.862Z,NON_SALE_CHARGE,,,0.0,0.0,0.0,0.0,0.0,0.11,USD,PAYOUT,Insertion Fee
2026-03-18T06:30:04.564Z,NON_SALE_CHARGE,,,0.0,0.0,0.0,0.0,0.0,0.11,USD,PAYOUT,Insertion Fee
2026-03-18T06:28:57.101Z,NON_SALE_CHARGE,,,0.0,0.0,0.0,0.0,0.0,0.11,USD,PAYOUT,Insertion Fee
2026-03-18T06:28:10.406Z,NON_SALE_CHARGE,,,0.0,0.0,0.0,0.0,0.0,0.11,USD,PAYOUT,Insertion Fee
2026-03-18T06:27:24.489Z,NON_SALE_CHARGE,,,0.0,0.0,0.0,0.0,0.0,0.11,USD,PAYOUT,Insertion Fee
2026-03-18T06:27:01.732Z,NON_SALE_CHARGE,,,0.0,0.0,0.0,0.0,0.0,0.11,USD,PAYOUT,Insertion Fee
2026-03-18T06:26:43.204Z,NON_SALE_CHARGE,,,0.0,0.0,0.0,0.0,0.0,0.11,USD,PAYOUT,Insertion Fee
2026-03-18T06:26:39.108Z,NON_SALE_CHARGE,,,0.0,0.0,0.0,0.0,0.0,0.11,USD,PAYOUT,Insertion Fee
2026-03-18T06:26:02.434Z,NON_SALE_CHARGE,,,0.0,0.0,0.0,0.0,0.0,0.11,USD,PAYOUT,Insertion Fee
2026-03-18T06:25:07.366Z,NON_SALE_CHARGE,,,0.0,0.0,0.0,0.0,0.0,0.11,USD,PAYOUT,Insertion Fee
2026-03-18T06:25:05.601Z,NON_SALE_CHARGE,,,0.0,0.0,0.0,0.0,0.0,0.11,USD,PAYOUT,Insertion Fee
2026-03-18T06:23:58.866Z,NON_SALE_CHARGE,,,0.0,0.0,0.0,0.0,0.0,0.11,USD,PAYOUT,Insertion Fee
2026-03-18T06:23:11.328Z,NON_SALE_CHARGE,,,0.0,0.0,0.0,0.0,0.0,0.11,USD,PAYOUT,Insertion Fee
2026-03-18T06:21:03.734Z,NON_SALE_CHARGE,,,0.0,0.0,0.0,0.0,0.0,0.11,USD,PAYOUT,Insertion Fee
2026-03-18T06:20:06.971Z,NON_SALE_CHARGE,,,0.0,0.0,0.0,0.0,0.0,0.11,USD,PAYOUT,Insertion Fee
2026-03-18T06:20:02.989Z,NON_SALE_CHARGE,,,0.0,0.0,0.0,0.0,0.0,0.11,USD,PAYOUT,Insertion Fee
2026-03-18T06:18:56.825Z,NON_SALE_CHARGE,,,0.0,0.0,0.0,0.0,0.0,0.11,USD,PAYOUT,Insertion Fee
2026-03-18T06:18:19.232Z,NON_SALE_CHARGE,,,0.0,0.0,0.0,0.0,0.0,0.11,USD,PAYOUT,Insertion Fee
2026-03-18T06:18:11.972Z,NON_SALE_CHARGE,,,0.0,0.0,0.0,0.0,0.0,0.11,USD,PAYOUT,Insertion Fee
2026-03-18T06:17:24.135Z,NON_SALE_CHARGE,,,0.0,0.0,0.0,0.0,0.0,0.11,USD,PAYOUT,Insertion Fee
2026-03-18T06:17:02.436Z,NON_SALE_CHARGE,,,0.0,0.0,0.0,0.0,0.0,0.11,USD,PAYOUT,Insertion Fee
2026-03-18T06:13:56.742Z,NON_SALE_CHARGE,,,0.0,0.0,0.0,0.0,0.0,0.11,USD,PAYOUT,Insertion Fee
2026-03-18T06:13:08.283Z,NON_SALE_CHARGE,,,0.0,0.0,0.0,0.0,0.0,0.11,USD,PAYOUT,Insertion Fee
2026-03-18T06:12:27.307Z,NON_SALE_CHARGE,,,0.0,0.0,0.0,0.0,0.0,0.11,USD,PAYOUT,Insertion Fee
2026-03-18T06:11:02.336Z,NON_SALE_CHARGE,,,0.0,0.0,0.0,0.0,0.0,0.11,USD,PAYOUT,Insertion Fee
2026-03-18T06:08:09.639Z,NON_SALE_CHARGE,,,0.0,0.0,0.0,0.0,0.0,0.11,USD,PAYOUT,Insertion Fee
2026-03-18T06:07:22.819Z,NON_SALE_CHARGE,,,0.0,0.0,0.0,0.0,0.0,0.11,USD,PAYOUT,Insertion Fee
2026-03-18T06:06:04.490Z,NON_SALE_CHARGE,,,0.0,0.0,0.0,0.0,0.0,0.11,USD,PAYOUT,Insertion Fee
2026-03-18T06:05:06.332Z,NON_SALE_CHARGE,,,0.0,0.0,0.0,0.0,0.0,0.11,USD,PAYOUT,Insertion Fee
2026-03-18T06:04:10.481Z,NON_SALE_CHARGE,,,0.0,0.0,0.0,0.0,0.0,0.11,USD,PAYOUT,Insertion Fee
2026-03-18T06:03:58.574Z,NON_SALE_CHARGE,,,0.0,0.0,0.0,0.0,0.0,0.11,USD,PAYOUT,Insertion Fee
2026-03-18T06:03:19.149Z,NON_SALE_CHARGE,,,0.0,0.0,0.0,0.0,0.0,0.11,USD,PAYOUT,Insertion Fee
2026-03-18T06:03:07.155Z,NON_SALE_CHARGE,,,0.0,0.0,0.0,0.0,0.0,0.11,USD,PAYOUT,Insertion Fee
2026-03-18T06:01:35.342Z,NON_SALE_CHARGE,,,0.0,0.0,0.0,0.0,0.0,0.11,USD,PAYOUT,Insertion Fee
2026-03-18T06:00:58.785Z,NON_SALE_CHARGE,,,0.0,0.0,0.0,0.0,0.0,0.11,USD,PAYOUT,Insertion Fee
2026-03-18T06:00:09.178Z,NON_SALE_CHARGE,,,0.0,0.0,0.0,0.0,0.0,0.11,USD,PAYOUT,Insertion Fee
2026-03-18T06:00:08.445Z,NON_SALE_CHARGE,,,0.0,0.0,0.0,0.0,0.0,0.11,USD,PAYOUT,Insertion Fee
2026-03-18T05:58:58.141Z,NON_SALE_CHARGE,,,0.0,0.0,0.0,0.0,0.0,0.11,USD,PAYOUT,Insertion Fee
2026-03-18T05:58:21.887Z,NON_SALE_CHARGE,,,0.0,0.0,0.0,0.0,0.0,0.11,USD,PAYOUT,Insertion Fee
2026-03-18T05:57:01.802Z,NON_SALE_CHARGE,,,0.0,0.0,0.0,0.0,0.0,0.11,USD,PAYOUT,Insertion Fee
2026-03-18T05:56:33.016Z,NON_SALE_CHARGE,,,0.0,0.0,0.0,0.0,0.0,0.11,USD,PAYOUT,Insertion Fee
2026-03-18T05:55:10.609Z,NON_SALE_CHARGE,,,0.0,0.0,0.0,0.0,0.0,0.11,USD,PAYOUT,Insertion Fee
2026-03-18T05:55:08.501Z,NON_SALE_CHARGE,,,0.0,0.0,0.0,0.0,0.0,0.11,USD,PAYOUT,Insertion Fee
2026-03-18T05:54:05.005Z,NON_SALE_CHARGE,,,0.0,0.0,0.0,0.0,0.0,0.11,USD,PAYOUT,Insertion Fee
2026-03-18T05:53:06.662Z,NON_SALE_CHARGE,,,0.0,0.0,0.0,0.0,0.0,0.11,USD,PAYOUT,Insertion Fee
2026-03-18T05:52:25.144Z,NON_SALE_CHARGE,,,0.0,0.0,0.0,0.0,0.0,0.11,USD,PAYOUT,Insertion Fee
2026-03-18T05:47:23.401Z,NON_SALE_CHARGE,,,0.0,0.0,0.0,0.0,0.0,0.11,USD,PAYOUT,Insertion Fee
2026-03-18T05:45:11.502Z,NON_SALE_CHARGE,,,0.0,0.0,0.0,0.0,0.0,0.11,USD,PAYOUT,Insertion Fee
2026-03-18T05:45:05.183Z,NON_SALE_CHARGE,,,0.0,0.0,0.0,0.0,0.0,0.11,USD,PAYOUT,Insertion Fee
2026-03-18T05:43:18.882Z,NON_SALE_CHARGE,,,0.0,0.0,0.0,0.0,0.0,0.11,USD,PAYOUT,Insertion Fee
2026-03-18T05:43:05.241Z,NON_SALE_CHARGE,,,0.0,0.0,0.0,0.0,0.0,0.11,USD,PAYOUT,Insertion Fee
2026-03-18T05:41:00.236Z,NON_SALE_CHARGE,,,0.0,0.0,0.0,0.0,0.0,0.11,USD,PAYOUT,Insertion Fee
2026-03-18T05:39:59.463Z,NON_SALE_CHARGE,,,0.0,0.0,0.0,0.0,0.0,0.11,USD,PAYOUT,Insertion Fee
2026-03-18T05:39:11.639Z,NON_SALE_CHARGE,,,0.0,0.0,0.0,0.0,0.0,0.11,USD,PAYOUT,Insertion Fee
2026-03-18T05:38:57.684Z,NON_SALE_CHARGE,,,0.0,0.0,0.0,0.0,0.0,0.11,USD,PAYOUT,Insertion Fee
2026-03-18T05:36:39.747Z,NON_SALE_CHARGE,,,0.0,0.0,0.0,0.0,0.0,0.11,USD,PAYOUT,Insertion Fee
2026-03-18T05:35:59.006Z,NON_SALE_CHARGE,,,0.0,0.0,0.0,0.0,0.0,0.11,USD,PAYOUT,Insertion Fee
2026-03-18T05:35:06.767Z,NON_SALE_CHARGE,,,0.0,0.0,0.0,0.0,0.0,0.11,USD,PAYOUT,Insertion Fee
2026-03-18T05:35:05.357Z,NON_SALE_CHARGE,,,0.0,0.0,0.0,0.0,0.0,0.11,USD,PAYOUT,Insertion Fee
2026-03-18T05:34:57.741Z,NON_SALE_CHARGE,,,0.0,0.0,0.0,0.0,0.0,0.11,USD,PAYOUT,Insertion Fee
2026-03-18T05:34:02.608Z,NON_SALE_CHARGE,,,0.0,0.0,0.0,0.0,0.0,0.11,USD,PAYOUT,Insertion Fee
2026-03-18T05:33:55.846Z,NON_SALE_CHARGE,,,0.0,0.0,0.0,0.0,0.0,0.11,USD,PAYOUT,Insertion Fee
2026-03-18T05:32:10.727Z,NON_SALE_CHARGE,,,0.0,0.0,0.0,0.0,0.0,0.11,USD,PAYOUT,Insertion Fee
2026-03-18T05:31:40.553Z,NON_SALE_CHARGE,,,0.0,0.0,0.0,0.0,0.0,0.11,USD,PAYOUT,Insertion Fee
2026-03-18T05:30:07.117Z,NON_SALE_CHARGE,,,0.0,0.0,0.0,0.0,0.0,0.11,USD,PAYOUT,Insertion Fee
2026-03-18T05:27:24.528Z,NON_SALE_CHARGE,,,0.0,0.0,0.0,0.0,0.0,0.11,USD,PAYOUT,Insertion Fee
2026-03-18T05:25:55.816Z,NON_SALE_CHARGE,,,0.0,0.0,0.0,0.0,0.0,0.11,USD,PAYOUT,Insertion Fee
2026-03-18T05:25:04.939Z,NON_SALE_CHARGE,,,0.0,0.0,0.0,0.0,0.0,0.11,USD,PAYOUT,Insertion Fee
2026-03-18T05:24:08.594Z,NON_SALE_CHARGE,,,0.0,0.0,0.0,0.0,0.0,0.11,USD,PAYOUT,Insertion Fee
2026-03-18T05:23:22.209Z,NON_SALE_CHARGE,,,0.0,0.0,0.0,0.0,0.0,0.11,USD,PAYOUT,Insertion Fee
2026-03-18T05:20:54.961Z,NON_SALE_CHARGE,,,0.0,0.0,0.0,0.0,0.0,0.11,USD,PAYOUT,Insertion Fee
2026-03-18T05:15:54.948Z,NON_SALE_CHARGE,,,0.0,0.0,0.0,0.0,0.0,0.11,USD,PAYOUT,Insertion Fee
2026-03-18T05:14:57.337Z,NON_SALE_CHARGE,,,0.0,0.0,0.0,0.0,0.0,0.11,USD,PAYOUT,Insertion Fee
2026-03-18T05:10:55.980Z,NON_SALE_CHARGE,,,0.0,0.0,0.0,0.0,0.0,0.11,USD,PAYOUT,Insertion Fee
2026-03-18T05:08:59.830Z,NON_SALE_CHARGE,,,0.0,0.0,0.0,0.0,0.0,0.11,USD,PAYOUT,Insertion Fee
2026-03-18T05:06:31.529Z,NON_SALE_CHARGE,,,0.0,0.0,0.0,0.0,0.0,0.11,USD,PAYOUT,Insertion Fee
2026-03-18T05:05:54.694Z,NON_SALE_CHARGE,,,0.0,0.0,0.0,0.0,0.0,0.11,USD,PAYOUT,Insertion Fee
2026-03-18T05:04:53.752Z,NON_SALE_CHARGE,,,0.0,0.0,0.0,0.0,0.0,0.11,USD,PAYOUT,Insertion Fee
2026-03-18T05:02:24.202Z,NON_SALE_CHARGE,,,0.0,0.0,0.0,0.0,0.0,0.11,USD,PAYOUT,Insertion Fee
2026-03-18T05:01:55.757Z,NON_SALE_CHARGE,,,0.0,0.0,0.0,0.0,0.0,0.11,USD,PAYOUT,Insertion Fee
2026-03-18T05:01:38.446Z,NON_SALE_CHARGE,,,0.0,0.0,0.0,0.0,0.0,0.11,USD,PAYOUT,Insertion Fee
2026-03-18T05:00:59.115Z,NON_SALE_CHARGE,,,0.0,0.0,0.0,0.0,0.0,0.11,USD,PAYOUT,Insertion Fee
2026-03-18T05:00:58.162Z,NON_SALE_CHARGE,,,0.0,0.0,0.0,0.0,0.0,0.11,USD,PAYOUT,Insertion Fee
2026-03-18T04:59:53.270Z,NON_SALE_CHARGE,,,0.0,0.0,0.0,0.0,0.0,0.11,USD,PAYOUT,Insertion Fee
2026-03-18T04:58:02.655Z,NON_SALE_CHARGE,,,0.0,0.0,0.0,0.0,0.0,0.11,USD,PAYOUT,Insertion Fee
2026-03-18T04:57:06.278Z,NON_SALE_CHARGE,,,0.0,0.0,0.0,0.0,0.0,0.11,USD,PAYOUT,Insertion Fee
2026-03-18T04:55:52.988Z,NON_SALE_CHARGE,,,0.0,0.0,0.0,0.0,0.0,0.11,USD,PAYOUT,Insertion Fee
2026-03-18T04:52:23.978Z,NON_SALE_CHARGE,,,0.0,0.0,0.0,0.0,0.0,0.11,USD,PAYOUT,Insertion Fee
2026-03-18T04:51:27.440Z,NON_SALE_CHARGE,,,0.0,0.0,0.0,0.0,0.0,0.11,USD,PAYOUT,Insertion Fee
2026-03-18T04:49:50.460Z,NON_SALE_CHARGE,,,0.0,0.0,0.0,0.0,0.0,0.11,USD,PAYOUT,Insertion Fee
2026-03-18T04:49:07.003Z,NON_SALE_CHARGE,,,0.0,0.0,0.0,0.0,0.0,0.11,USD,PAYOUT,Insertion Fee
2026-03-18T04:47:24.437Z,NON_SALE_CHARGE,,,0.0,0.0,0.0,0.0,0.0,0.11,USD,PAYOUT,Insertion Fee
2026-03-18T04:45:53.791Z,NON_SALE_CHARGE,,,0.0,0.0,0.0,0.0,0.0,0.11,USD,PAYOUT,Insertion Fee
2026-03-18T04:45:09.523Z,NON_SALE_CHARGE,,,0.0,0.0,0.0,0.0,0.0,0.11,USD,PAYOUT,Insertion Fee
2026-03-18T04:43:16.964Z,NON_SALE_CHARGE,,,0.0,0.0,0.0,0.0,0.0,0.11,USD,PAYOUT,Insertion Fee
2026-03-18T04:40:54.228Z,NON_SALE_CHARGE,,,0.0,0.0,0.0,0.0,0.0,0.11,USD,PAYOUT,Insertion Fee
2026-03-18T04:40:04.464Z,NON_SALE_CHARGE,,,0.0,0.0,0.0,0.0,0.0,0.11,USD,PAYOUT,Insertion Fee
2026-03-18T04:38:58.415Z,NON_SALE_CHARGE,,,0.0,0.0,0.0,0.0,0.0,0.11,USD,PAYOUT,Insertion Fee
2026-03-18T04:38:17.988Z,NON_SALE_CHARGE,,,0.0,0.0,0.0,0.0,0.0,0.11,USD,PAYOUT,Insertion Fee
2026-03-18T04:38:00.327Z,NON_SALE_CHARGE,,,0.0,0.0,0.0,0.0,0.0,0.11,USD,PAYOUT,Insertion Fee
2026-03-18T04:36:25.752Z,NON_SALE_CHARGE,,,0.0,0.0,0.0,0.0,0.0,0.11,USD,PAYOUT,Insertion Fee
2026-03-18T04:35:59.090Z,NON_SALE_CHARGE,,,0.0,0.0,0.0,0.0,0.0,0.11,USD,PAYOUT,Insertion Fee
2026-03-18T04:33:18.493Z,NON_SALE_CHARGE,,,0.0,0.0,0.0,0.0,0.0,0.11,USD,PAYOUT,Insertion Fee
2026-03-18T04:30:52.905Z,NON_SALE_CHARGE,,,0.0,0.0,0.0,0.0,0.0,0.11,USD,PAYOUT,Insertion Fee
2026-03-18T04:29:51.842Z,NON_SALE_CHARGE,,,0.0,0.0,0.0,0.0,0.0,0.11,USD,PAYOUT,Insertion Fee
2026-03-18T04:29:03.440Z,NON_SALE_CHARGE,,,0.0,0.0,0.0,0.0,0.0,0.11,USD,PAYOUT,Insertion Fee
2026-03-18T04:28:54.778Z,NON_SALE_CHARGE,,,0.0,0.0,0.0,0.0,0.0,0.11,USD,PAYOUT,Insertion Fee
2026-03-18T04:28:19.653Z,NON_SALE_CHARGE,,,0.0,0.0,0.0,0.0,0.0,0.11,USD,PAYOUT,Insertion Fee
2026-03-18T04:27:58.760Z,NON_SALE_CHARGE,,,0.0,0.0,0.0,0.0,0.0,0.11,USD,PAYOUT,Insertion Fee
2026-03-18T04:27:34.006Z,NON_SALE_CHARGE,,,0.0,0.0,0.0,0.0,0.0,0.11,USD,PAYOUT,Insertion Fee
2026-03-18T04:26:59.728Z,NON_SALE_CHARGE,,,0.0,0.0,0.0,0.0,0.0,0.11,USD,PAYOUT,Insertion Fee
2026-03-18T04:26:23.426Z,NON_SALE_CHARGE,,,0.0,0.0,0.0,0.0,0.0,0.11,USD,PAYOUT,Insertion Fee
2026-03-18T04:23:57.160Z,NON_SALE_CHARGE,,,0.0,0.0,0.0,0.0,0.0,0.11,USD,PAYOUT,Insertion Fee
2026-03-18T04:23:16.618Z,NON_SALE_CHARGE,,,0.0,0.0,0.0,0.0,0.0,0.11,USD,PAYOUT,Insertion Fee
2026-03-18T04:22:16.789Z,NON_SALE_CHARGE,,,0.0,0.0,0.0,0.0,0.0,0.11,USD,PAYOUT,Insertion Fee
2026-03-18T04:21:53.716Z,NON_SALE_CHARGE,,,0.0,0.0,0.0,0.0,0.0,0.11,USD,PAYOUT,Insertion Fee
2026-03-18T04:21:40.026Z,NON_SALE_CHARGE,,,0.0,0.0,0.0,0.0,0.0,0.11,USD,PAYOUT,Insertion Fee
2026-03-18T04:21:01.115Z,NON_SALE_CHARGE,,,0.0,0.0,0.0,0.0,0.0,0.11,USD,PAYOUT,Insertion Fee
2026-03-18T04:18:58.579Z,NON_SALE_CHARGE,,,0.0,0.0,0.0,0.0,0.0,0.11,USD,PAYOUT,Insertion Fee
2026-03-18T04:18:03.709Z,NON_SALE_CHARGE,,,0.0,0.0,0.0,0.0,0.0,0.11,USD,PAYOUT,Insertion Fee
2026-03-18T04:17:56.652Z,NON_SALE_CHARGE,,,0.0,0.0,0.0,0.0,0.0,0.11,USD,PAYOUT,Insertion Fee
2026-03-18T04:17:23.273Z,NON_SALE_CHARGE,,,0.0,0.0,0.0,0.0,0.0,0.11,USD,PAYOUT,Insertion Fee
2026-03-18T04:16:53.701Z,NON_SALE_CHARGE,,,0.0,0.0,0.0,0.0,0.0,0.11,USD,PAYOUT,Insertion Fee
2026-03-18T04:16:01.370Z,NON_SALE_CHARGE,,,0.0,0.0,0.0,0.0,0.0,0.11,USD,PAYOUT,Insertion Fee
2026-03-18T04:15:00.919Z,NON_SALE_CHARGE,,,0.0,0.0,0.0,0.0,0.0,0.11,USD,PAYOUT,Insertion Fee
2026-03-18T04:14:59.108Z,NON_SALE_CHARGE,,,0.0,0.0,0.0,0.0,0.0,0.11,USD,PAYOUT,Insertion Fee
2026-03-18T04:14:04.462Z,NON_SALE_CHARGE,,,0.0,0.0,0.0,0.0,0.0,0.11,USD,PAYOUT,Insertion Fee
2026-03-18T04:11:23.679Z,NON_SALE_CHARGE,,,0.0,0.0,0.0,0.0,0.0,0.11,USD,PAYOUT,Insertion Fee
2026-03-18T04:11:02.559Z,NON_SALE_CHARGE,,,0.0,0.0,0.0,0.0,0.0,0.11,USD,PAYOUT,Insertion Fee
2026-03-18T04:10:52.931Z,NON_SALE_CHARGE,,,0.0,0.0,0.0,0.0,0.0,0.11,USD,PAYOUT,Insertion Fee
2026-03-18T04:08:54.081Z,NON_SALE_CHARGE,,,0.0,0.0,0.0,0.0,0.0,0.11,USD,PAYOUT,Insertion Fee
2026-03-18T04:07:58.462Z,NON_SALE_CHARGE,,,0.0,0.0,0.0,0.0,0.0,0.11,USD,PAYOUT,Insertion Fee
2026-03-18T04:07:55.840Z,NON_SALE_CHARGE,,,0.0,0.0,0.0,0.0,0.0,0.11,USD,PAYOUT,Insertion Fee
2026-03-18T04:06:53.439Z,NON_SALE_CHARGE,,,0.0,0.0,0.0,0.0,0.0,0.11,USD,PAYOUT,Insertion Fee
2026-03-18T04:06:21.639Z,NON_SALE_CHARGE,,,0.0,0.0,0.0,0.0,0.0,0.11,USD,PAYOUT,Insertion Fee
2026-03-18T04:05:52.298Z,NON_SALE_CHARGE,,,0.0,0.0,0.0,0.0,0.0,0.11,USD,PAYOUT,Insertion Fee
2026-03-18T04:04:40.869Z,NON_SALE_CHARGE,,,0.0,0.0,0.0,0.0,0.0,0.11,USD,PAYOUT,Insertion Fee
2026-03-18T04:03:50.870Z,NON_SALE_CHARGE,,,0.0,0.0,0.0,0.0,0.0,0.11,USD,PAYOUT,Insertion Fee
2026-03-18T04:03:17.260Z,NON_SALE_CHARGE,,,0.0,0.0,0.0,0.0,0.0,0.11,USD,PAYOUT,Insertion Fee
2026-03-18T04:02:56.875Z,NON_SALE_CHARGE,,,0.0,0.0,0.0,0.0,0.0,0.11,USD,PAYOUT,Insertion Fee
2026-03-18T04:02:17.462Z,NON_SALE_CHARGE,,,0.0,0.0,0.0,0.0,0.0,0.11,USD,PAYOUT,Insertion Fee
2026-03-18T04:01:21.226Z,NON_SALE_CHARGE,,,0.0,0.0,0.0,0.0,0.0,0.11,USD,PAYOUT,Insertion Fee
2026-03-18T03:40:49.021Z,NON_SALE_CHARGE,,,0.0,0.0,0.0,0.0,0.0,0.11,USD,PAYOUT,Insertion Fee
2026-03-18T03:40:03.884Z,NON_SALE_CHARGE,,,0.0,0.0,0.0,0.0,0.0,0.11,USD,PAYOUT,Insertion Fee
2026-03-18T03:37:53.023Z,NON_SALE_CHARGE,,,0.0,0.0,0.0,0.0,0.0,0.11,USD,PAYOUT,Insertion Fee
2026-03-18T03:36:57.728Z,NON_SALE_CHARGE,,,0.0,0.0,0.0,0.0,0.0,0.11,USD,PAYOUT,Insertion Fee
2026-03-18T03:36:49.870Z,NON_SALE_CHARGE,,,0.0,0.0,0.0,0.0,0.0,0.11,USD,PAYOUT,Insertion Fee
2026-03-18T03:36:18.824Z,NON_SALE_CHARGE,,,0.0,0.0,0.0,0.0,0.0,0.11,USD,PAYOUT,Insertion Fee
2026-03-18T03:36:00.631Z,NON_SALE_CHARGE,,,0.0,0.0,0.0,0.0,0.0,0.11,USD,PAYOUT,Insertion Fee
2026-03-18T03:33:48.169Z,NON_SALE_CHARGE,,,0.0,0.0,0.0,0.0,0.0,0.11,USD,PAYOUT,Insertion Fee
2026-03-18T03:32:53.582Z,NON_SALE_CHARGE,,,0.0,0.0,0.0,0.0,0.0,0.11,USD,PAYOUT,Insertion Fee
2026-03-18T03:31:57.381Z,NON_SALE_CHARGE,,,0.0,0.0,0.0,0.0,0.0,0.11,USD,PAYOUT,Insertion Fee
2026-03-18T03:31:29.725Z,NON_SALE_CHARGE,,,0.0,0.0,0.0,0.0,0.0,0.11,USD,PAYOUT,Insertion Fee
2026-03-18T03:29:36.508Z,NON_SALE_CHARGE,,,0.0,0.0,0.0,0.0,0.0,0.11,USD,PAYOUT,Insertion Fee
2026-03-18T03:28:45.529Z,NON_SALE_CHARGE,,,0.0,0.0,0.0,0.0,0.0,0.11,USD,PAYOUT,Insertion Fee
2026-03-18T03:26:59.963Z,NON_SALE_CHARGE,,,0.0,0.0,0.0,0.0,0.0,0.11,USD,PAYOUT,Insertion Fee
2026-03-18T03:26:47.297Z,NON_SALE_CHARGE,,,0.0,0.0,0.0,0.0,0.0,0.11,USD,PAYOUT,Insertion Fee
2026-03-18T03:26:46.983Z,NON_SALE_CHARGE,,,0.0,0.0,0.0,0.0,0.0,0.11,USD,PAYOUT,Insertion Fee
2026-03-18T03:25:50.772Z,NON_SALE_CHARGE,,,0.0,0.0,0.0,0.0,0.0,0.11,USD,PAYOUT,Insertion Fee
2026-03-18T03:24:32.858Z,NON_SALE_CHARGE,,,0.0,0.0,0.0,0.0,0.0,0.11,USD,PAYOUT,Insertion Fee
2026-03-18T03:24:05.182Z,NON_SALE_CHARGE,,,0.0,0.0,0.0,0.0,0.0,0.11,USD,PAYOUT,Insertion Fee
2026-03-18T03:22:50.827Z,NON_SALE_CHARGE,,,0.0,0.0,0.0,0.0,0.0,0.11,USD,PAYOUT,Insertion Fee
2026-03-18T03:21:52.330Z,NON_SALE_CHARGE,,,0.0,0.0,0.0,0.0,0.0,0.11,USD,PAYOUT,Insertion Fee
2026-03-18T03:20:49.928Z,NON_SALE_CHARGE,,,0.0,0.0,0.0,0.0,0.0,0.11,USD,PAYOUT,Insertion Fee
2026-03-18T03:20:48.075Z,NON_SALE_CHARGE,,,0.0,0.0,0.0,0.0,0.0,0.11,USD,PAYOUT,Insertion Fee
2026-03-18T03:20:37.226Z,NON_SALE_CHARGE,,,0.0,0.0,0.0,0.0,0.0,0.11,USD,PAYOUT,Insertion Fee
2026-03-18T03:20:32.483Z,NON_SALE_CHARGE,,,0.0,0.0,0.0,0.0,0.0,0.11,USD,PAYOUT,Insertion Fee
2026-03-18T03:20:11.037Z,NON_SALE_CHARGE,,,0.0,0.0,0.0,0.0,0.0,0.11,USD,PAYOUT,Insertion Fee
2026-03-18T03:16:28.034Z,NON_SALE_CHARGE,,,0.0,0.0,0.0,0.0,0.0,0.11,USD,PAYOUT,Insertion Fee
2026-03-18T03:15:03.869Z,NON_SALE_CHARGE,,,0.0,0.0,0.0,0.0,0.0,0.11,USD,PAYOUT,Insertion Fee
2026-03-18T03:15:03.856Z,NON_SALE_CHARGE,,,0.0,0.0,0.0,0.0,0.0,0.11,USD,PAYOUT,Insertion Fee
2026-03-18T03:14:36.001Z,NON_SALE_CHARGE,,,0.0,0.0,0.0,0.0,0.0,0.11,USD,PAYOUT,Insertion Fee
2026-03-18T03:14:03.359Z,NON_SALE_CHARGE,,,0.0,0.0,0.0,0.0,0.0,0.11,USD,PAYOUT,Insertion Fee
2026-03-18T03:13:51.236Z,NON_SALE_CHARGE,,,0.0,0.0,0.0,0.0,0.0,0.11,USD,PAYOUT,Insertion Fee
2026-03-18T03:13:43.228Z,NON_SALE_CHARGE,,,0.0,0.0,0.0,0.0,0.0,0.11,USD,PAYOUT,Insertion Fee
2026-03-18T03:13:19.882Z,NON_SALE_CHARGE,,,0.0,0.0,0.0,0.0,0.0,0.11,USD,PAYOUT,Insertion Fee
2026-03-18T03:13:15.744Z,NON_SALE_CHARGE,,,0.0,0.0,0.0,0.0,0.0,0.11,USD,PAYOUT,Insertion Fee
2026-03-18T03:11:54.026Z,NON_SALE_CHARGE,,,0.0,0.0,0.0,0.0,0.0,0.11,USD,PAYOUT,Insertion Fee
2026-03-18T03:11:26.790Z,NON_SALE_CHARGE,,,0.0,0.0,0.0,0.0,0.0,0.11,USD,PAYOUT,Insertion Fee
2026-03-18T03:11:01.986Z,NON_SALE_CHARGE,,,0.0,0.0,0.0,0.0,0.0,0.11,USD,PAYOUT,Insertion Fee
2026-03-18T03:11:00.524Z,NON_SALE_CHARGE,,,0.0,0.0,0.0,0.0,0.0,0.11,USD,PAYOUT,Insertion Fee
2026-03-18T03:10:59.848Z,NON_SALE_CHARGE,,,0.0,0.0,0.0,0.0,0.0,0.11,USD,PAYOUT,Insertion Fee
2026-03-18T03:10:45.624Z,NON_SALE_CHARGE,,,0.0,0.0,0.0,0.0,0.0,0.11,USD,PAYOUT,Insertion Fee
2026-03-18T03:10:30.948Z,NON_SALE_CHARGE,,,0.0,0.0,0.0,0.0,0.0,0.11,USD,PAYOUT,Insertion Fee
2026-03-18T03:10:09.792Z,NON_SALE_CHARGE,,,0.0,0.0,0.0,0.0,0.0,0.11,USD,PAYOUT,Insertion Fee
2026-03-18T03:10:03.681Z,NON_SALE_CHARGE,,,0.0,0.0,0.0,0.0,0.0,0.11,USD,PAYOUT,Insertion Fee
2026-03-18T03:09:31.050Z,NON_SALE_CHARGE,,,0.0,0.0,0.0,0.0,0.0,0.11,USD,PAYOUT,Insertion Fee
2026-03-18T03:08:55.760Z,NON_SALE_CHARGE,,,0.0,0.0,0.0,0.0,0.0,0.11,USD,PAYOUT,Insertion Fee
2026-03-18T03:08:45.505Z,NON_SALE_CHARGE,,,0.0,0.0,0.0,0.0,0.0,0.11,USD,PAYOUT,Insertion Fee
2026-03-18T03:08:15.136Z,NON_SALE_CHARGE,,,0.0,0.0,0.0,0.0,0.0,0.11,USD,PAYOUT,Insertion Fee
2026-03-18T03:07:48.832Z,NON_SALE_CHARGE,,,0.0,0.0,0.0,0.0,0.0,0.11,USD,PAYOUT,Insertion Fee
2026-03-18T03:06:48.458Z,NON_SALE_CHARGE,,,0.0,0.0,0.0,0.0,0.0,0.11,USD,PAYOUT,Insertion Fee
2026-03-18T03:06:46.857Z,NON_SALE_CHARGE,,,0.0,0.0,0.0,0.0,0.0,0.11,USD,PAYOUT,Insertion Fee
2026-03-18T03:06:26.877Z,NON_SALE_CHARGE,,,0.0,0.0,0.0,0.0,0.0,0.11,USD,PAYOUT,Insertion Fee
2026-03-18T03:05:48.655Z,NON_SALE_CHARGE,,,0.0,0.0,0.0,0.0,0.0,0.11,USD,PAYOUT,Insertion Fee
2026-03-18T03:05:48.043Z,NON_SALE_CHARGE,,,0.0,0.0,0.0,0.0,0.0,0.11,USD,PAYOUT,Insertion Fee
2026-03-18T03:05:03.074Z,NON_SALE_CHARGE,,,0.0,0.0,0.0,0.0,0.0,0.11,USD,PAYOUT,Insertion Fee
2026-03-18T03:04:52.056Z,NON_SALE_CHARGE,,,0.0,0.0,0.0,0.0,0.0,0.11,USD,PAYOUT,Insertion Fee
2026-03-18T03:04:03.181Z,NON_SALE_CHARGE,,,0.0,0.0,0.0,0.0,0.0,0.11,USD,PAYOUT,Insertion Fee
2026-03-18T03:03:53.979Z,NON_SALE_CHARGE,,,0.0,0.0,0.0,0.0,0.0,0.11,USD,PAYOUT,Insertion Fee
2026-03-18T03:02:12.436Z,NON_SALE_CHARGE,,,0.0,0.0,0.0,0.0,0.0,0.11,USD,PAYOUT,Insertion Fee
2026-03-18T03:01:48.794Z,NON_SALE_CHARGE,,,0.0,0.0,0.0,0.0,0.0,0.11,USD,PAYOUT,Insertion Fee
2026-03-18T03:01:27.147Z,NON_SALE_CHARGE,,,0.0,0.0,0.0,0.0,0.0,0.11,USD,PAYOUT,Insertion Fee
2026-03-18T03:00:48.252Z,NON_SALE_CHARGE,,,0.0,0.0,0.0,0.0,0.0,0.11,USD,PAYOUT,Insertion Fee
2026-03-18T03:00:32.248Z,NON_SALE_CHARGE,,,0.0,0.0,0.0,0.0,0.0,0.11,USD,PAYOUT,Insertion Fee
2026-03-18T03:00:08.652Z,NON_SALE_CHARGE,,,0.0,0.0,0.0,0.0,0.0,0.11,USD,PAYOUT,Insertion Fee
2026-03-18T03:00:02.573Z,NON_SALE_CHARGE,,,0.0,0.0,0.0,0.0,0.0,0.11,USD,PAYOUT,Insertion Fee
2026-03-18T02:59:30.856Z,NON_SALE_CHARGE,,,0.0,0.0,0.0,0.0,0.0,0.11,USD,PAYOUT,Insertion Fee
2026-03-18T02:58:53.797Z,NON_SALE_CHARGE,,,0.0,0.0,0.0,0.0,0.0,0.11,USD,PAYOUT,Insertion Fee
2026-03-18T02:58:42.836Z,NON_SALE_CHARGE,,,0.0,0.0,0.0,0.0,0.0,0.11,USD,PAYOUT,Insertion Fee
2026-03-18T02:55:41.591Z,NON_SALE_CHARGE,,,0.0,0.0,0.0,0.0,0.0,0.11,USD,PAYOUT,Insertion Fee
2026-03-18T02:55:08.530Z,NON_SALE_CHARGE,,,0.0,0.0,0.0,0.0,0.0,0.11,USD,PAYOUT,Insertion Fee
2026-03-18T02:54:51.668Z,NON_SALE_CHARGE,,,0.0,0.0,0.0,0.0,0.0,0.11,USD,PAYOUT,Insertion Fee
2026-03-18T02:53:53.251Z,NON_SALE_CHARGE,,,0.0,0.0,0.0,0.0,0.0,0.11,USD,PAYOUT,Insertion Fee
2026-03-18T02:53:44.927Z,NON_SALE_CHARGE,,,0.0,0.0,0.0,0.0,0.0,0.11,USD,PAYOUT,Insertion Fee
2026-03-18T02:52:47.791Z,NON_SALE_CHARGE,,,0.0,0.0,0.0,0.0,0.0,0.11,USD,PAYOUT,Insertion Fee
2026-03-18T02:52:47.488Z,NON_SALE_CHARGE,,,0.0,0.0,0.0,0.0,0.0,0.11,USD,PAYOUT,Insertion Fee
2026-03-18T02:51:47.218Z,NON_SALE_CHARGE,,,0.0,0.0,0.0,0.0,0.0,0.11,USD,PAYOUT,Insertion Fee
2026-03-18T02:50:59.432Z,NON_SALE_CHARGE,,,0.0,0.0,0.0,0.0,0.0,0.11,USD,PAYOUT,Insertion Fee
2026-03-18T02:50:34.892Z,NON_SALE_CHARGE,,,0.0,0.0,0.0,0.0,0.0,0.11,USD,PAYOUT,Insertion Fee
2026-03-18T02:50:02.745Z,NON_SALE_CHARGE,,,0.0,0.0,0.0,0.0,0.0,0.11,USD,PAYOUT,Insertion Fee
2026-03-18T02:49:50.200Z,NON_SALE_CHARGE,,,0.0,0.0,0.0,0.0,0.0,0.11,USD,PAYOUT,Insertion Fee
2026-03-18T02:49:50.044Z,NON_SALE_CHARGE,,,0.0,0.0,0.0,0.0,0.0,0.11,USD,PAYOUT,Insertion Fee
2026-03-18T02:49:03.619Z,NON_SALE_CHARGE,,,0.0,0.0,0.0,0.0,0.0,0.11,USD,PAYOUT,Insertion Fee
2026-03-18T02:48:37.903Z,NON_SALE_CHARGE,,,0.0,0.0,0.0,0.0,0.0,0.11,USD,PAYOUT,Insertion Fee
2026-03-18T02:48:13.266Z,NON_SALE_CHARGE,,,0.0,0.0,0.0,0.0,0.0,0.11,USD,PAYOUT,Insertion Fee
2026-03-18T02:47:18.959Z,NON_SALE_CHARGE,,,0.0,0.0,0.0,0.0,0.0,0.11,USD,PAYOUT,Insertion Fee
2026-03-18T02:46:16.849Z,NON_SALE_CHARGE,,,0.0,0.0,0.0,0.0,0.0,0.11,USD,PAYOUT,Insertion Fee
2026-03-18T02:46:16.695Z,NON_SALE_CHARGE,,,0.0,0.0,0.0,0.0,0.0,0.11,USD,PAYOUT,Insertion Fee
2026-03-18T02:46:02.533Z,NON_SALE_CHARGE,,,0.0,0.0,0.0,0.0,0.0,0.11,USD,PAYOUT,Insertion Fee
2026-03-18T02:44:33.684Z,NON_SALE_CHARGE,,,0.0,0.0,0.0,0.0,0.0,0.11,USD,PAYOUT,Insertion Fee
2026-03-18T02:44:28.705Z,NON_SALE_CHARGE,,,0.0,0.0,0.0,0.0,0.0,0.11,USD,PAYOUT,Insertion Fee
2026-03-18T02:44:01.901Z,NON_SALE_CHARGE,,,0.0,0.0,0.0,0.0,0.0,0.11,USD,PAYOUT,Insertion Fee
2026-03-18T02:44:01.753Z,NON_SALE_CHARGE,,,0.0,0.0,0.0,0.0,0.0,0.11,USD,PAYOUT,Insertion Fee
2026-03-18T02:43:54.700Z,NON_SALE_CHARGE,,,0.0,0.0,0.0,0.0,0.0,0.11,USD,PAYOUT,Insertion Fee
2026-03-18T02:43:31.574Z,NON_SALE_CHARGE,,,0.0,0.0,0.0,0.0,0.0,0.11,USD,PAYOUT,Insertion Fee
2026-03-18T02:43:30.826Z,NON_SALE_CHARGE,,,0.0,0.0,0.0,0.0,0.0,0.11,USD,PAYOUT,Insertion Fee
2026-03-18T02:42:04.914Z,NON_SALE_CHARGE,,,0.0,0.0,0.0,0.0,0.0,0.11,USD,PAYOUT,Insertion Fee
2026-03-18T02:42:00.417Z,NON_SALE_CHARGE,,,0.0,0.0,0.0,0.0,0.0,0.11,USD,PAYOUT,Insertion Fee
2026-03-18T02:41:50.083Z,NON_SALE_CHARGE,,,0.0,0.0,0.0,0.0,0.0,0.11,USD,PAYOUT,Insertion Fee
2026-03-18T02:41:35.616Z,NON_SALE_CHARGE,,,0.0,0.0,0.0,0.0,0.0,0.11,USD,PAYOUT,Insertion Fee
2026-03-18T02:41:34.875Z,NON_SALE_CHARGE,,,0.0,0.0,0.0,0.0,0.0,0.11,USD,PAYOUT,Insertion Fee
2026-03-18T02:41:01.856Z,NON_SALE_CHARGE,,,0.0,0.0,0.0,0.0,0.0,0.11,USD,PAYOUT,Insertion Fee
2026-03-18T02:40:26.882Z,NON_SALE_CHARGE,,,0.0,0.0,0.0,0.0,0.0,0.11,USD,PAYOUT,Insertion Fee
2026-03-18T02:40:18.368Z,NON_SALE_CHARGE,,,0.0,0.0,0.0,0.0,0.0,0.11,USD,PAYOUT,Insertion Fee
2026-03-18T02:39:29.160Z,NON_SALE_CHARGE,,,0.0,0.0,0.0,0.0,0.0,0.11,USD,PAYOUT,Insertion Fee
2026-03-18T02:39:28.747Z,NON_SALE_CHARGE,,,0.0,0.0,0.0,0.0,0.0,0.11,USD,PAYOUT,Insertion Fee
2026-03-18T02:39:25.916Z,NON_SALE_CHARGE,,,0.0,0.0,0.0,0.0,0.0,0.11,USD,PAYOUT,Insertion Fee
2026-03-18T02:38:42.614Z,NON_SALE_CHARGE,,,0.0,0.0,0.0,0.0,0.0,0.11,USD,PAYOUT,Insertion Fee
2026-03-18T02:37:47.732Z,NON_SALE_CHARGE,,,0.0,0.0,0.0,0.0,0.0,0.11,USD,PAYOUT,Insertion Fee
2026-03-18T02:37:23.793Z,NON_SALE_CHARGE,,,0.0,0.0,0.0,0.0,0.0,0.11,USD,PAYOUT,Insertion Fee
2026-03-18T02:37:04.110Z,NON_SALE_CHARGE,,,0.0,0.0,0.0,0.0,0.0,0.11,USD,PAYOUT,Insertion Fee
2026-03-18T02:35:46.821Z,NON_SALE_CHARGE,,,0.0,0.0,0.0,0.0,0.0,0.11,USD,PAYOUT,Insertion Fee
2026-03-18T02:34:14.737Z,NON_SALE_CHARGE,,,0.0,0.0,0.0,0.0,0.0,0.11,USD,PAYOUT,Insertion Fee
2026-03-18T02:34:03.464Z,NON_SALE_CHARGE,,,0.0,0.0,0.0,0.0,0.0,0.11,USD,PAYOUT,Insertion Fee
2026-03-18T02:33:15.516Z,NON_SALE_CHARGE,,,0.0,0.0,0.0,0.0,0.0,0.11,USD,PAYOUT,Insertion Fee
2026-03-18T02:32:40.277Z,NON_SALE_CHARGE,,,0.0,0.0,0.0,0.0,0.0,0.11,USD,PAYOUT,Insertion Fee
2026-03-18T02:31:57.879Z,NON_SALE_CHARGE,,,0.0,0.0,0.0,0.0,0.0,0.11,USD,PAYOUT,Insertion Fee
2026-03-18T02:30:25.691Z,NON_SALE_CHARGE,,,0.0,0.0,0.0,0.0,0.0,0.11,USD,PAYOUT,Insertion Fee
2026-03-18T02:29:27.115Z,NON_SALE_CHARGE,,,0.0,0.0,0.0,0.0,0.0,0.11,USD,PAYOUT,Insertion Fee
2026-03-18T02:29:18.449Z,NON_SALE_CHARGE,,,0.0,0.0,0.0,0.0,0.0,0.11,USD,PAYOUT,Insertion Fee
2026-03-18T02:27:39.095Z,NON_SALE_CHARGE,,,0.0,0.0,0.0,0.0,0.0,0.11,USD,PAYOUT,Insertion Fee
2026-03-18T02:27:12.230Z,NON_SALE_CHARGE,,,0.0,0.0,0.0,0.0,0.0,0.11,USD,PAYOUT,Insertion Fee
2026-03-18T02:27:00.818Z,NON_SALE_CHARGE,,,0.0,0.0,0.0,0.0,0.0,0.11,USD,PAYOUT,Insertion Fee
2026-03-18T02:26:48.361Z,NON_SALE_CHARGE,,,0.0,0.0,0.0,0.0,0.0,0.11,USD,PAYOUT,Insertion Fee
2026-03-18T02:26:35.065Z,NON_SALE_CHARGE,,,0.0,0.0,0.0,0.0,0.0,0.11,USD,PAYOUT,Insertion Fee
2026-03-18T02:26:14.376Z,NON_SALE_CHARGE,,,0.0,0.0,0.0,0.0,0.0,0.11,USD,PAYOUT,Insertion Fee
2026-03-18T02:25:37.673Z,NON_SALE_CHARGE,,,0.0,0.0,0.0,0.0,0.0,0.11,USD,PAYOUT,Insertion Fee
2026-03-18T02:24:57.684Z,NON_SALE_CHARGE,,,0.0,0.0,0.0,0.0,0.0,0.11,USD,PAYOUT,Insertion Fee
2026-03-18T02:22:58.839Z,NON_SALE_CHARGE,,,0.0,0.0,0.0,0.0,0.0,0.11,USD,PAYOUT,Insertion Fee
2026-03-18T02:22:36.508Z,NON_SALE_CHARGE,,,0.0,0.0,0.0,0.0,0.0,0.11,USD,PAYOUT,Insertion Fee
2026-03-18T02:21:46.648Z,NON_SALE_CHARGE,,,0.0,0.0,0.0,0.0,0.0,0.11,USD,PAYOUT,Insertion Fee
2026-03-18T02:21:43.900Z,NON_SALE_CHARGE,,,0.0,0.0,0.0,0.0,0.0,0.11,USD,PAYOUT,Insertion Fee
2026-03-18T02:21:41.642Z,NON_SALE_CHARGE,,,0.0,0.0,0.0,0.0,0.0,0.11,USD,PAYOUT,Insertion Fee
2026-03-18T02:20:07.106Z,NON_SALE_CHARGE,,,0.0,0.0,0.0,0.0,0.0,0.11,USD,PAYOUT,Insertion Fee
2026-03-18T02:19:22.515Z,NON_SALE_CHARGE,,,0.0,0.0,0.0,0.0,0.0,0.11,USD,PAYOUT,Insertion Fee
2026-03-18T02:19:08.815Z,NON_SALE_CHARGE,,,0.0,0.0,0.0,0.0,0.0,0.11,USD,PAYOUT,Insertion Fee
2026-03-18T02:18:58.259Z,NON_SALE_CHARGE,,,0.0,0.0,0.0,0.0,0.0,0.11,USD,PAYOUT,Insertion Fee
2026-03-18T02:18:22.264Z,NON_SALE_CHARGE,,,0.0,0.0,0.0,0.0,0.0,0.11,USD,PAYOUT,Insertion Fee
2026-03-18T02:17:56.036Z,NON_SALE_CHARGE,,,0.0,0.0,0.0,0.0,0.0,0.11,USD,PAYOUT,Insertion Fee
2026-03-18T02:16:33.484Z,NON_SALE_CHARGE,,,0.0,0.0,0.0,0.0,0.0,0.11,USD,PAYOUT,Insertion Fee
2026-03-18T02:16:22.606Z,NON_SALE_CHARGE,,,0.0,0.0,0.0,0.0,0.0,0.11,USD,PAYOUT,Insertion Fee
2026-03-18T02:15:19.641Z,NON_SALE_CHARGE,,,0.0,0.0,0.0,0.0,0.0,0.11,USD,PAYOUT,Insertion Fee
2026-03-18T02:15:14.504Z,NON_SALE_CHARGE,,,0.0,0.0,0.0,0.0,0.0,0.11,USD,PAYOUT,Insertion Fee
2026-03-18T02:14:24.992Z,NON_SALE_CHARGE,,,0.0,0.0,0.0,0.0,0.0,0.11,USD,PAYOUT,Insertion Fee
2026-03-18T02:14:23.829Z,NON_SALE_CHARGE,,,0.0,0.0,0.0,0.0,0.0,0.11,USD,PAYOUT,Insertion Fee
2026-03-18T02:14:13.454Z,NON_SALE_CHARGE,,,0.0,0.0,0.0,0.0,0.0,0.11,USD,PAYOUT,Insertion Fee
2026-03-18T02:14:02.242Z,NON_SALE_CHARGE,,,0.0,0.0,0.0,0.0,0.0,0.11,USD,PAYOUT,Insertion Fee
2026-03-18T02:13:37.267Z,NON_SALE_CHARGE,,,0.0,0.0,0.0,0.0,0.0,0.11,USD,PAYOUT,Insertion Fee
2026-03-18T02:12:52.311Z,NON_SALE_CHARGE,,,0.0,0.0,0.0,0.0,0.0,0.11,USD,PAYOUT,Insertion Fee
2026-03-18T02:11:35.458Z,NON_SALE_CHARGE,,,0.0,0.0,0.0,0.0,0.0,0.11,USD,PAYOUT,Insertion Fee
2026-03-18T02:11:23.061Z,NON_SALE_CHARGE,,,0.0,0.0,0.0,0.0,0.0,0.11,USD,PAYOUT,Insertion Fee
2026-03-18T02:10:43.018Z,NON_SALE_CHARGE,,,0.0,0.0,0.0,0.0,0.0,0.11,USD,PAYOUT,Insertion Fee
2026-03-18T02:10:25.810Z,NON_SALE_CHARGE,,,0.0,0.0,0.0,0.0,0.0,0.11,USD,PAYOUT,Insertion Fee
2026-03-18T02:09:24.068Z,NON_SALE_CHARGE,,,0.0,0.0,0.0,0.0,0.0,0.11,USD,PAYOUT,Insertion Fee
2026-03-18T02:08:30.515Z,NON_SALE_CHARGE,,,0.0,0.0,0.0,0.0,0.0,0.11,USD,PAYOUT,Insertion Fee
2026-03-18T02:07:22.737Z,NON_SALE_CHARGE,,,0.0,0.0,0.0,0.0,0.0,0.11,USD,PAYOUT,Insertion Fee
2026-03-18T02:06:42.922Z,NON_SALE_CHARGE,,,0.0,0.0,0.0,0.0,0.0,0.11,USD,PAYOUT,Insertion Fee
2026-03-18T02:06:32.882Z,NON_SALE_CHARGE,,,0.0,0.0,0.0,0.0,0.0,0.11,USD,PAYOUT,Insertion Fee
2026-03-18T02:05:53.086Z,NON_SALE_CHARGE,,,0.0,0.0,0.0,0.0,0.0,0.11,USD,PAYOUT,Insertion Fee
2026-03-18T02:05:01.249Z,NON_SALE_CHARGE,,,0.0,0.0,0.0,0.0,0.0,0.11,USD,PAYOUT,Insertion Fee
2026-03-18T02:04:25.046Z,NON_SALE_CHARGE,,,0.0,0.0,0.0,0.0,0.0,0.11,USD,PAYOUT,Insertion Fee
2026-03-18T02:04:06.200Z,NON_SALE_CHARGE,,,0.0,0.0,0.0,0.0,0.0,0.11,USD,PAYOUT,Insertion Fee
2026-03-18T02:03:01.971Z,NON_SALE_CHARGE,,,0.0,0.0,0.0,0.0,0.0,0.11,USD,PAYOUT,Insertion Fee
2026-03-18T02:03:01.240Z,NON_SALE_CHARGE,,,0.0,0.0,0.0,0.0,0.0,0.11,USD,PAYOUT,Insertion Fee
2026-03-18T02:00:53.751Z,NON_SALE_CHARGE,,,0.0,0.0,0.0,0.0,0.0,0.11,USD,PAYOUT,Insertion Fee
2026-03-18T01:59:59.377Z,NON_SALE_CHARGE,,,0.0,0.0,0.0,0.0,0.0,0.11,USD,PAYOUT,Insertion Fee
2026-03-18T01:59:58.098Z,NON_SALE_CHARGE,,,0.0,0.0,0.0,0.0,0.0,0.11,USD,PAYOUT,Insertion Fee
2026-03-18T01:59:23.488Z,NON_SALE_CHARGE,,,0.0,0.0,0.0,0.0,0.0,0.11,USD,PAYOUT,Insertion Fee
2026-03-18T01:58:57.252Z,NON_SALE_CHARGE,,,0.0,0.0,0.0,0.0,0.0,0.11,USD,PAYOUT,Insertion Fee
2026-03-18T01:58:33.064Z,NON_SALE_CHARGE,,,0.0,0.0,0.0,0.0,0.0,0.11,USD,PAYOUT,Insertion Fee
2026-03-18T01:58:25.065Z,NON_SALE_CHARGE,,,0.0,0.0,0.0,0.0,0.0,0.11,USD,PAYOUT,Insertion Fee
2026-03-18T01:58:10.191Z,NON_SALE_CHARGE,,,0.0,0.0,0.0,0.0,0.0,0.11,USD,PAYOUT,Insertion Fee
2026-03-18T01:55:36.968Z,NON_SALE_CHARGE,,,0.0,0.0,0.0,0.0,0.0,0.11,USD,PAYOUT,Insertion Fee
2026-03-18T01:54:46.357Z,NON_SALE_CHARGE,,,0.0,0.0,0.0,0.0,0.0,0.11,USD,PAYOUT,Insertion Fee
2026-03-18T01:54:45.154Z,NON_SALE_CHARGE,,,0.0,0.0,0.0,0.0,0.0,0.11,USD,PAYOUT,Insertion Fee
2026-03-18T01:53:56.025Z,NON_SALE_CHARGE,,,0.0,0.0,0.0,0.0,0.0,0.11,USD,PAYOUT,Insertion Fee
2026-03-18T01:53:43.966Z,NON_SALE_CHARGE,,,0.0,0.0,0.0,0.0,0.0,0.11,USD,PAYOUT,Insertion Fee
2026-03-18T01:51:45.825Z,NON_SALE_CHARGE,,,0.0,0.0,0.0,0.0,0.0,0.11,USD,PAYOUT,Insertion Fee
2026-03-18T01:51:35.783Z,NON_SALE_CHARGE,,,0.0,0.0,0.0,0.0,0.0,0.11,USD,PAYOUT,Insertion Fee
2026-03-18T01:51:27.279Z,NON_SALE_CHARGE,,,0.0,0.0,0.0,0.0,0.0,0.11,USD,PAYOUT,Insertion Fee
2026-03-18T01:50:41.623Z,NON_SALE_CHARGE,,,0.0,0.0,0.0,0.0,0.0,0.11,USD,PAYOUT,Insertion Fee
2026-03-18T01:50:37.664Z,NON_SALE_CHARGE,,,0.0,0.0,0.0,0.0,0.0,0.11,USD,PAYOUT,Insertion Fee
2026-03-18T01:50:37.639Z,NON_SALE_CHARGE,,,0.0,0.0,0.0,0.0,0.0,0.11,USD,PAYOUT,Insertion Fee
2026-03-18T01:49:52.666Z,NON_SALE_CHARGE,,,0.0,0.0,0.0,0.0,0.0,0.11,USD,PAYOUT,Insertion Fee
2026-03-18T01:49:36.325Z,NON_SALE_CHARGE,,,0.0,0.0,0.0,0.0,0.0,0.11,USD,PAYOUT,Insertion Fee
2026-03-18T01:47:08.156Z,NON_SALE_CHARGE,,,0.0,0.0,0.0,0.0,0.0,0.11,USD,PAYOUT,Insertion Fee
2026-03-18T01:46:14.124Z,NON_SALE_CHARGE,,,0.0,0.0,0.0,0.0,0.0,0.11,USD,PAYOUT,Insertion Fee
2026-03-18T01:45:25.659Z,NON_SALE_CHARGE,,,0.0,0.0,0.0,0.0,0.0,0.11,USD,PAYOUT,Insertion Fee
2026-03-18T01:45:11.581Z,NON_SALE_CHARGE,,,0.0,0.0,0.0,0.0,0.0,0.11,USD,PAYOUT,Insertion Fee
2026-03-18T01:45:06.323Z,NON_SALE_CHARGE,,,0.0,0.0,0.0,0.0,0.0,0.11,USD,PAYOUT,Insertion Fee
2026-03-18T01:43:54.024Z,NON_SALE_CHARGE,,,0.0,0.0,0.0,0.0,0.0,0.11,USD,PAYOUT,Insertion Fee
2026-03-18T01:41:40.569Z,NON_SALE_CHARGE,,,0.0,0.0,0.0,0.0,0.0,0.11,USD,PAYOUT,Insertion Fee
2026-03-18T01:41:11.700Z,NON_SALE_CHARGE,,,0.0,0.0,0.0,0.0,0.0,0.11,USD,PAYOUT,Insertion Fee
2026-03-18T01:41:06.373Z,NON_SALE_CHARGE,,,0.0,0.0,0.0,0.0,0.0,0.11,USD,PAYOUT,Insertion Fee
2026-03-18T01:40:06.231Z,NON_SALE_CHARGE,,,0.0,0.0,0.0,0.0,0.0,0.11,USD,PAYOUT,Insertion Fee
2026-03-18T01:39:09.966Z,NON_SALE_CHARGE,,,0.0,0.0,0.0,0.0,0.0,0.11,USD,PAYOUT,Insertion Fee
2026-03-18T01:39:00.067Z,NON_SALE_CHARGE,,,0.0,0.0,0.0,0.0,0.0,0.11,USD,PAYOUT,Insertion Fee
2026-03-18T01:38:23.461Z,NON_SALE_CHARGE,,,0.0,0.0,0.0,0.0,0.0,0.11,USD,PAYOUT,Insertion Fee
2026-03-18T01:36:09.515Z,NON_SALE_CHARGE,,,0.0,0.0,0.0,0.0,0.0,0.11,USD,PAYOUT,Insertion Fee
2026-03-18T01:36:04.733Z,NON_SALE_CHARGE,,,0.0,0.0,0.0,0.0,0.0,0.11,USD,PAYOUT,Insertion Fee
2026-03-18T01:34:33.321Z,NON_SALE_CHARGE,,,0.0,0.0,0.0,0.0,0.0,0.11,USD,PAYOUT,Insertion Fee
2026-03-18T01:33:58.168Z,NON_SALE_CHARGE,,,0.0,0.0,0.0,0.0,0.0,0.11,USD,PAYOUT,Insertion Fee
2026-03-18T01:33:33.125Z,NON_SALE_CHARGE,,,0.0,0.0,0.0,0.0,0.0,0.11,USD,PAYOUT,Insertion Fee
2026-03-18T01:33:13.702Z,NON_SALE_CHARGE,,,0.0,0.0,0.0,0.0,0.0,0.11,USD,PAYOUT,Insertion Fee
2026-03-18T01:32:00.682Z,NON_SALE_CHARGE,,,0.0,0.0,0.0,0.0,0.0,0.11,USD,PAYOUT,Insertion Fee
2026-03-18T01:31:50.282Z,NON_SALE_CHARGE,,,0.0,0.0,0.0,0.0,0.0,0.11,USD,PAYOUT,Insertion Fee
2026-03-18T01:31:21.558Z,NON_SALE_CHARGE,,,0.0,0.0,0.0,0.0,0.0,0.11,USD,PAYOUT,Insertion Fee
2026-03-18T01:31:14.012Z,NON_SALE_CHARGE,,,0.0,0.0,0.0,0.0,0.0,0.11,USD,PAYOUT,Insertion Fee
2026-03-18T01:30:03.362Z,NON_SALE_CHARGE,,,0.0,0.0,0.0,0.0,0.0,0.11,USD,PAYOUT,Insertion Fee
2026-03-18T01:29:17.927Z,NON_SALE_CHARGE,,,0.0,0.0,0.0,0.0,0.0,0.11,USD,PAYOUT,Insertion Fee
2026-03-18T01:28:29.706Z,NON_SALE_CHARGE,,,0.0,0.0,0.0,0.0,0.0,0.11,USD,PAYOUT,Insertion Fee
2026-03-18T01:27:37.567Z,NON_SALE_CHARGE,,,0.0,0.0,0.0,0.0,0.0,0.11,USD,PAYOUT,Insertion Fee
2026-03-18T01:26:51.799Z,NON_SALE_CHARGE,,,0.0,0.0,0.0,0.0,0.0,0.11,USD,PAYOUT,Insertion Fee
2026-03-18T01:26:44.994Z,NON_SALE_CHARGE,,,0.0,0.0,0.0,0.0,0.0,0.11,USD,PAYOUT,Insertion Fee
2026-03-18T01:26:14.437Z,NON_SALE_CHARGE,,,0.0,0.0,0.0,0.0,0.0,0.11,USD,PAYOUT,Insertion Fee
2026-03-18T01:26:06.188Z,NON_SALE_CHARGE,,,0.0,0.0,0.0,0.0,0.0,0.11,USD,PAYOUT,Insertion Fee
2026-03-18T01:25:48.118Z,NON_SALE_CHARGE,,,0.0,0.0,0.0,0.0,0.0,0.11,USD,PAYOUT,Insertion Fee
2026-03-18T01:24:52.606Z,NON_SALE_CHARGE,,,0.0,0.0,0.0,0.0,0.0,0.11,USD,PAYOUT,Insertion Fee
2026-03-18T01:24:07.405Z,NON_SALE_CHARGE,,,0.0,0.0,0.0,0.0,0.0,0.11,USD,PAYOUT,Insertion Fee
2026-03-18T01:22:23.683Z,NON_SALE_CHARGE,,,0.0,0.0,0.0,0.0,0.0,0.11,USD,PAYOUT,Insertion Fee
2026-03-18T01:22:23.155Z,NON_SALE_CHARGE,,,0.0,0.0,0.0,0.0,0.0,0.11,USD,PAYOUT,Insertion Fee
2026-03-18T01:21:24.309Z,NON_SALE_CHARGE,,,0.0,0.0,0.0,0.0,0.0,0.11,USD,PAYOUT,Insertion Fee
2026-03-18T01:20:06.507Z,NON_SALE_CHARGE,,,0.0,0.0,0.0,0.0,0.0,0.11,USD,PAYOUT,Insertion Fee
2026-03-18T01:19:53.502Z,NON_SALE_CHARGE,,,0.0,0.0,0.0,0.0,0.0,0.11,USD,PAYOUT,Insertion Fee
2026-03-18T01:19:11.659Z,NON_SALE_CHARGE,,,0.0,0.0,0.0,0.0,0.0,0.11,USD,PAYOUT,Insertion Fee
2026-03-18T01:19:09.544Z,NON_SALE_CHARGE,,,0.0,0.0,0.0,0.0,0.0,0.11,USD,PAYOUT,Insertion Fee
2026-03-18T01:18:54.134Z,NON_SALE_CHARGE,,,0.0,0.0,0.0,0.0,0.0,0.11,USD,PAYOUT,Insertion Fee
2026-03-18T01:18:32.320Z,NON_SALE_CHARGE,,,0.0,0.0,0.0,0.0,0.0,0.11,USD,PAYOUT,Insertion Fee
2026-03-18T01:18:09.057Z,NON_SALE_CHARGE,,,0.0,0.0,0.0,0.0,0.0,0.11,USD,PAYOUT,Insertion Fee
2026-03-18T01:17:01.934Z,NON_SALE_CHARGE,,,0.0,0.0,0.0,0.0,0.0,0.11,USD,PAYOUT,Insertion Fee
2026-03-18T01:16:57.308Z,NON_SALE_CHARGE,,,0.0,0.0,0.0,0.0,0.0,0.11,USD,PAYOUT,Insertion Fee
2026-03-18T01:15:46.617Z,NON_SALE_CHARGE,,,0.0,0.0,0.0,0.0,0.0,0.11,USD,PAYOUT,Insertion Fee
2026-03-18T01:15:42.795Z,NON_SALE_CHARGE,,,0.0,0.0,0.0,0.0,0.0,0.11,USD,PAYOUT,Insertion Fee
2026-03-18T01:14:07.962Z,NON_SALE_CHARGE,,,0.0,0.0,0.0,0.0,0.0,0.11,USD,PAYOUT,Insertion Fee
2026-03-18T01:13:30.594Z,NON_SALE_CHARGE,,,0.0,0.0,0.0,0.0,0.0,0.11,USD,PAYOUT,Insertion Fee
2026-03-18T01:13:09.768Z,NON_SALE_CHARGE,,,0.0,0.0,0.0,0.0,0.0,0.11,USD,PAYOUT,Insertion Fee
2026-03-18T01:12:50.092Z,NON_SALE_CHARGE,,,0.0,0.0,0.0,0.0,0.0,0.11,USD,PAYOUT,Insertion Fee
2026-03-18T01:12:18.145Z,NON_SALE_CHARGE,,,0.0,0.0,0.0,0.0,0.0,0.11,USD,PAYOUT,Insertion Fee
2026-03-18T01:11:42.576Z,NON_SALE_CHARGE,,,0.0,0.0,0.0,0.0,0.0,0.11,USD,PAYOUT,Insertion Fee
2026-03-18T01:11:13.730Z,NON_SALE_CHARGE,,,0.0,0.0,0.0,0.0,0.0,0.11,USD,PAYOUT,Insertion Fee
2026-03-18T01:11:06.668Z,NON_SALE_CHARGE,,,0.0,0.0,0.0,0.0,0.0,0.11,USD,PAYOUT,Insertion Fee
2026-03-18T01:08:55.207Z,NON_SALE_CHARGE,,,0.0,0.0,0.0,0.0,0.0,0.11,USD,PAYOUT,Insertion Fee
2026-03-18T01:08:07.135Z,NON_SALE_CHARGE,,,0.0,0.0,0.0,0.0,0.0,0.11,USD,PAYOUT,Insertion Fee
2026-03-18T01:06:58.114Z,NON_SALE_CHARGE,,,0.0,0.0,0.0,0.0,0.0,0.11,USD,PAYOUT,Insertion Fee
2026-03-18T01:06:11.125Z,NON_SALE_CHARGE,,,0.0,0.0,0.0,0.0,0.0,0.11,USD,PAYOUT,Insertion Fee
2026-03-18T01:05:09.366Z,NON_SALE_CHARGE,,,0.0,0.0,0.0,0.0,0.0,0.11,USD,PAYOUT,Insertion Fee
2026-03-18T01:04:50.732Z,NON_SALE_CHARGE,,,0.0,0.0,0.0,0.0,0.0,0.11,USD,PAYOUT,Insertion Fee
2026-03-18T01:04:29.015Z,NON_SALE_CHARGE,,,0.0,0.0,0.0,0.0,0.0,0.11,USD,PAYOUT,Insertion Fee
2026-03-18T01:04:13.508Z,NON_SALE_CHARGE,,,0.0,0.0,0.0,0.0,0.0,0.11,USD,PAYOUT,Insertion Fee
2026-03-18T01:04:08.534Z,NON_SALE_CHARGE,,,0.0,0.0,0.0,0.0,0.0,0.11,USD,PAYOUT,Insertion Fee
2026-03-18T01:02:52.406Z,NON_SALE_CHARGE,,,0.0,0.0,0.0,0.0,0.0,0.11,USD,PAYOUT,Insertion Fee
2026-03-18T01:02:48.926Z,NON_SALE_CHARGE,,,0.0,0.0,0.0,0.0,0.0,0.11,USD,PAYOUT,Insertion Fee
2026-03-18T01:02:39.416Z,NON_SALE_CHARGE,,,0.0,0.0,0.0,0.0,0.0,0.11,USD,PAYOUT,Insertion Fee
2026-03-18T01:01:59.900Z,NON_SALE_CHARGE,,,0.0,0.0,0.0,0.0,0.0,0.11,USD,PAYOUT,Insertion Fee
2026-03-18T01:01:36.395Z,NON_SALE_CHARGE,,,0.0,0.0,0.0,0.0,0.0,0.11,USD,PAYOUT,Insertion Fee
2026-03-18T01:01:13.510Z,NON_SALE_CHARGE,,,0.0,0.0,0.0,0.0,0.0,0.11,USD,PAYOUT,Insertion Fee
2026-03-18T00:59:45.771Z,NON_SALE_CHARGE,,,0.0,0.0,0.0,0.0,0.0,0.11,USD,PAYOUT,Insertion Fee
2026-03-18T00:59:42.755Z,NON_SALE_CHARGE,,,0.0,0.0,0.0,0.0,0.0,0.11,USD,PAYOUT,Insertion Fee
2026-03-18T00:58:00.165Z,NON_SALE_CHARGE,,,0.0,0.0,0.0,0.0,0.0,0.11,USD,PAYOUT,Insertion Fee
2026-03-18T00:57:46.090Z,NON_SALE_CHARGE,,,0.0,0.0,0.0,0.0,0.0,0.11,USD,PAYOUT,Insertion Fee
2026-03-18T00:57:38.349Z,NON_SALE_CHARGE,,,0.0,0.0,0.0,0.0,0.0,0.11,USD,PAYOUT,Insertion Fee
2026-03-18T00:57:14.706Z,NON_SALE_CHARGE,,,0.0,0.0,0.0,0.0,0.0,0.11,USD,PAYOUT,Insertion Fee
2026-03-18T00:56:52.342Z,NON_SALE_CHARGE,,,0.0,0.0,0.0,0.0,0.0,0.11,USD,PAYOUT,Insertion Fee
2026-03-18T00:56:50.608Z,NON_SALE_CHARGE,,,0.0,0.0,0.0,0.0,0.0,0.11,USD,PAYOUT,Insertion Fee
2026-03-18T00:56:22.936Z,NON_SALE_CHARGE,,,0.0,0.0,0.0,0.0,0.0,0.11,USD,PAYOUT,Insertion Fee
2026-03-18T00:56:14.342Z,NON_SALE_CHARGE,,,0.0,0.0,0.0,0.0,0.0,0.11,USD,PAYOUT,Insertion Fee
2026-03-18T00:55:40.840Z,NON_SALE_CHARGE,,,0.0,0.0,0.0,0.0,0.0,0.11,USD,PAYOUT,Insertion Fee
2026-03-18T00:54:58.595Z,NON_SALE_CHARGE,,,0.0,0.0,0.0,0.0,0.0,0.11,USD,PAYOUT,Insertion Fee
2026-03-18T00:54:58.037Z,NON_SALE_CHARGE,,,0.0,0.0,0.0,0.0,0.0,0.11,USD,PAYOUT,Insertion Fee
2026-03-18T00:54:38.993Z,NON_SALE_CHARGE,,,0.0,0.0,0.0,0.0,0.0,0.11,USD,PAYOUT,Insertion Fee
2026-03-18T00:52:46.837Z,NON_SALE_CHARGE,,,0.0,0.0,0.0,0.0,0.0,0.11,USD,PAYOUT,Insertion Fee
2026-03-18T00:51:18.135Z,NON_SALE_CHARGE,,,0.0,0.0,0.0,0.0,0.0,0.11,USD,PAYOUT,Insertion Fee
2026-03-18T00:50:51.790Z,NON_SALE_CHARGE,,,0.0,0.0,0.0,0.0,0.0,0.11,USD,PAYOUT,Insertion Fee
2026-03-18T00:50:49.647Z,NON_SALE_CHARGE,,,0.0,0.0,0.0,0.0,0.0,0.11,USD,PAYOUT,Insertion Fee
2026-03-18T00:50:44.307Z,NON_SALE_CHARGE,,,0.0,0.0,0.0,0.0,0.0,0.11,USD,PAYOUT,Insertion Fee
2026-03-18T00:49:47.401Z,NON_SALE_CHARGE,,,0.0,0.0,0.0,0.0,0.0,0.11,USD,PAYOUT,Insertion Fee
2026-03-18T00:49:43.575Z,NON_SALE_CHARGE,,,0.0,0.0,0.0,0.0,0.0,0.11,USD,PAYOUT,Insertion Fee
2026-03-18T00:48:52.112Z,NON_SALE_CHARGE,,,0.0,0.0,0.0,0.0,0.0,0.11,USD,PAYOUT,Insertion Fee
2026-03-18T00:48:36.348Z,NON_SALE_CHARGE,,,0.0,0.0,0.0,0.0,0.0,0.11,USD,PAYOUT,Insertion Fee
2026-03-18T00:48:03.408Z,NON_SALE_CHARGE,,,0.0,0.0,0.0,0.0,0.0,0.11,USD,PAYOUT,Insertion Fee
2026-03-18T00:46:37.947Z,NON_SALE_CHARGE,,,0.0,0.0,0.0,0.0,0.0,0.11,USD,PAYOUT,Insertion Fee
2026-03-17T17:08:18.201Z,NON_SALE_CHARGE,,,0.0,0.0,0.0,0.0,0.0,5.48,USD,PAYOUT,Promoted Listings - General fee
2026-03-17T17:04:38.176Z,SALE,08-14380-95514,ma_59722,225.81,34.78,0.44,3.7,38.92,186.89,USD,PAYOUT,
2026-03-17T13:50:09.688Z,NON_SALE_CHARGE,,,0.0,0.0,0.0,0.0,0.0,2.75,USD,PAYOUT,Promoted Listings - General fee
2026-03-17T13:44:46.078Z,SALE,06-14383-44372,kaphil-607,114.04,17.49,0.44,1.86,19.79,94.25,USD,PAYOUT,
2026-03-15T08:36:08.855Z,SALE,21-14350-60857,ive581,113.24,19.78,0.44,2.1,22.32,90.92,USD,PAYOUT,
2026-03-14T16:28:31.768Z,NON_SALE_CHARGE,,,0.0,0.0,0.0,0.0,0.0,3.4,USD,PAYOUT,Promoted Listings - General fee
2026-03-14T16:25:37.885Z,SALE,25-14342-49887,bijueann1,154.62,21.6,0.44,2.3,24.34,130.28,USD,PAYOUT,
2026-03-14T12:51:07.451Z,NON_SALE_CHARGE,,,0.0,0.0,0.0,0.0,0.0,5.81,USD,PAYOUT,Promoted Listings - General fee
2026-03-14T03:47:59.166Z,SALE,16-14353-70214,debska-79,246.94,36.92,0.44,3.93,41.29,205.65,USD,PAYOUT,
2026-03-12T13:07:12.552Z,NON_SALE_CHARGE,,,0.0,0.0,0.0,0.0,0.0,2.97,USD,PAYOUT,Promoted Listings - General fee
2026-03-12T11:11:34.195Z,REFUND,27-14329-97551,veronicahh769,350.5,53.42,0.44,5.68,59.54,290.96,USD,PAYOUT,
2026-03-12T10:46:52.459Z,SALE,27-14329-97551,veronicahh769,350.5,53.42,0.44,5.68,59.54,290.96,USD,PAYOUT,
2026-03-11T21:04:25.492Z,NON_SALE_CHARGE,,,0.0,0.0,0.0,0.0,0.0,5.14,USD,PAYOUT,Promoted Listings - General fee
2026-03-11T20:59:45.115Z,SALE,08-14354-84060,ney-mathew0,213.57,32.59,0.44,3.46,36.49,177.08,USD,PAYOUT,
2026-03-11T18:46:54.934Z,SALE,08-14354-22275,danaasmith,147.94,22.71,0.44,2.41,25.56,122.38,USD,PAYOUT,
2026-03-11T17:46:19.697Z,SALE,12-14348-49713,denon32001,122.14,18.85,0.44,2.0,21.29,100.85,USD,PAYOUT,
2026-03-11T16:39:24.032Z,NON_SALE_CHARGE,,,0.0,0.0,0.0,0.0,0.0,2.54,USD,PAYOUT,Promoted Listings - General fee
2026-03-11T16:37:49.383Z,NON_SALE_CHARGE,,,0.0,0.0,0.0,0.0,0.0,4.42,USD,PAYOUT,Promoted Listings - General fee
2026-03-11T15:54:52.267Z,NON_SALE_CHARGE,,,0.0,0.0,0.0,0.0,0.0,6.29,USD,PAYOUT,Promoted Listings - General fee
2026-03-11T15:50:42.035Z,SALE,18-14339-31345,seashellgirl2527,270.0,39.98,0.44,4.25,44.67,225.33,USD,PAYOUT,
2026-03-11T14:47:20.755Z,REFUND,26-14322-53489,max-3615,84.54,14.29,0.44,1.52,16.25,68.29,USD,PAYOUT,
2026-03-10T21:20:18.178Z,NON_SALE_CHARGE,,,0.0,0.0,0.0,0.0,0.0,4.11,USD,PAYOUT,Promoted Listings - General fee
2026-03-10T21:09:05.348Z,REFUND,27-14322-19625,egste66,173.53,26.16,0.44,2.78,29.38,144.15,USD,PAYOUT,
2026-03-10T18:47:16.631Z,SALE,01-14360-44735,madtor-23,182.96,28.05,0.44,2.98,31.47,151.49,USD,PAYOUT,
2026-03-10T17:05:27.607Z,NON_SALE_CHARGE,,,0.0,0.0,0.0,0.0,0.0,4.11,USD,PAYOUT,Promoted Listings - General fee
2026-03-10T17:00:33.164Z,SALE,27-14322-19625,egste66,173.53,26.16,0.44,2.78,29.38,144.15,USD,PAYOUT,
2026-03-10T13:58:03.347Z,SALE,01-14359-23456,belangelyn11_9,103.45,16.11,0.44,1.72,18.27,85.18,USD,PAYOUT,
2026-03-10T13:28:45.974Z,SALE,26-14322-53489,max-3615,84.54,14.29,0.44,1.52,16.25,68.29,USD,PAYOUT,
2026-03-10T02:30:12.472Z,NON_SALE_CHARGE,,,0.0,0.0,0.0,0.0,0.0,3.11,USD,PAYOUT,Promoted Listings - General fee
2026-03-10T02:25:42.787Z,SALE,11-14342-62676,nah5420,141.27,19.73,0.44,2.1,22.27,119.0,USD,PAYOUT,
2026-03-08T02:19:21.058Z,SALE,04-14342-94002,440sk8714,80.09,11.91,0.44,1.27,13.62,66.47,USD,PAYOUT,
2026-03-07T20:17:33.129Z,NON_SALE_CHARGE,,,0.0,0.0,0.0,0.0,0.0,2.62,USD,PAYOUT,Promoted Listings - General fee
2026-03-07T20:14:00.809Z,SALE,02-14344-88296,asalb38,107.68,16.62,0.44,1.77,18.83,88.85,USD,PAYOUT,
2026-03-07T12:34:56.732Z,NON_SALE_CHARGE,,,0.0,0.0,0.0,0.0,0.0,6.36,USD,PAYOUT,Promoted Listings - General fee
2026-03-06T08:34:26.498Z,SALE,16-14317-98433,braoharam_0,264.74,40.4,0.44,4.29,45.13,219.61,USD,PAYOUT,
2026-03-06T00:36:47.508Z,NON_SALE_CHARGE,,,0.0,0.0,0.0,0.0,0.0,1.91,USD,PAYOUT,Promoted Listings - General fee
2026-03-06T00:33:39.492Z,SALE,03-14335-46688,quegente,81.2,12.19,0.44,1.3,13.93,67.27,USD,PAYOUT,
2026-03-02T00:43:53.738Z,ADJUSTMENT,,,0.0,0.0,0.0,0.0,0.0,0.02,USD,PAYOUT,TAX Only Credit
2026-03-01T16:31:08.758Z,NON_SALE_CHARGE,,,0.0,0.0,0.0,0.0,0.0,65.95,USD,PAYOUT,2026-02-28 - 2026-03-30
2026-02-28T01:39:02.077Z,SALE,19-14284-57938,amytd2,125.7,18.92,0.44,2.01,21.37,104.33,USD,PAYOUT,
2026-02-27T02:45:58.754Z,NON_SALE_CHARGE,,,0.0,0.0,0.0,0.0,0.0,4.86,USD,PAYOUT,Promoted Listings - General fee
2026-02-27T02:41:41.578Z,SALE,21-14276-86029,karincarrill_0,200.0,30.84,0.44,3.28,34.56,165.44,USD,PAYOUT,
2026-02-26T06:06:02.951Z,NON_SALE_CHARGE,,,0.0,0.0,0.0,0.0,0.0,2.18,USD,PAYOUT,Promoted Listings - General fee
2026-02-26T06:02:30.738Z,SALE,06-14294-66699,rc._61,92.32,13.83,0.44,1.47,15.74,76.58,USD,PAYOUT,
2026-02-23T16:26:33.533Z,SALE,03-14286-33291,lpat8449,107.9,16.13,0.44,1.72,18.29,89.61,USD,PAYOUT,
2026-02-16T19:25:37.123Z,NON_SALE_CHARGE,,,0.0,0.0,0.0,0.0,0.0,5.59,USD,PAYOUT,Promoted Listings - General fee
2026-02-16T19:21:20.570Z,SALE,22-14228-98227,jennf0520,234.71,35.5,0.44,3.77,39.71,195.0,USD,PAYOUT,
2026-02-15T20:46:08.717Z,NON_SALE_CHARGE,,,0.0,0.0,0.0,0.0,0.0,4.99,USD,PAYOUT,Promoted Listings - General fee
2026-02-15T20:42:25.040Z,SALE,16-14233-23904,bobbyballs,210.0,31.68,0.44,3.37,35.49,174.51,USD,PAYOUT,
2026-02-12T14:35:38.191Z,SALE,13-14224-11713,theowls6,198.0,27.66,0.44,2.94,31.04,166.96,USD,PAYOUT,
2026-02-12T01:12:46.017Z,SALE,27-14202-23156,miroo1877,92.32,14.03,0.44,1.5,15.97,76.35,USD,PAYOUT,
2026-02-11T17:00:03.247Z,SALE,04-14232-95273,slbruno72,103.45,15.42,0.44,1.64,17.5,85.95,USD,PAYOUT,
2026-02-11T07:21:59.121Z,NON_SALE_CHARGE,,,0.0,0.0,0.0,0.0,0.0,3.89,USD,PAYOUT,Promoted Listings - General fee
2026-02-11T07:11:21.205Z,REFUND,26-14190-80403,sa_kura15,176.86,24.71,0.44,2.63,27.78,149.08,USD,PAYOUT,
2026-02-10T13:31:08.318Z,NON_SALE_CHARGE,,,0.0,0.0,0.0,0.0,0.0,3.89,USD,PAYOUT,Promoted Listings - General fee
2026-02-09T08:58:43.397Z,SALE,26-14190-80403,sa_kura15,176.86,24.71,0.44,2.63,27.78,149.08,USD,PAYOUT,
2026-02-07T16:56:00.423Z,SALE,15-14199-16908,aaronsgirl71,134.34,19.77,0.44,2.1,22.31,112.03,USD,PAYOUT,
2026-02-02T00:16:34.439Z,ADJUSTMENT,,,0.0,0.0,0.0,0.0,0.0,0.01,USD,PAYOUT,TAX Only Credit
2026-02-02T00:16:03.008Z,ADJUSTMENT,,,0.0,0.0,0.0,0.0,0.0,0.06,USD,PAYOUT,TAX Only Credit
2026-02-02T00:15:48.945Z,ADJUSTMENT,,,0.0,0.0,0.0,0.0,0.0,0.01,USD,PAYOUT,TAX Only Debit
2026-02-01T16:20:11.511Z,NON_SALE_CHARGE,,,0.0,0.0,0.0,0.0,0.0,65.95,USD,PAYOUT,2026-01-31 - 2026-02-27
2026-02-01T13:45:11.831Z,NON_SALE_CHARGE,,,0.0,0.0,0.0,0.0,0.0,3.75,USD,PAYOUT,Promoted Listings - General fee
2026-01-31T20:25:57.555Z,SALE,08-14178-28318,catu7202-iyg2ja,157.95,23.83,0.44,2.53,26.8,131.15,USD,PAYOUT,
2026-01-27T21:10:32.976Z,CREDIT,07-14044-96771,ad_82093,0.0,0.0,0.0,0.0,0.0,182.42,USD,PAYOUT,
2026-01-27T03:00:06.311Z,NON_SALE_CHARGE,,,0.0,0.0,0.0,0.0,0.0,3.5,USD,PAYOUT,Promoted Listings - General fee
2026-01-27T02:56:48.037Z,REFUND,24-14078-82686,ketsutto-0,145.72,22.19,0.0,2.35,24.54,121.18,USD,PAYOUT,
2026-01-26T11:09:42.175Z,NON_SALE_CHARGE,,,0.0,0.0,0.0,0.0,0.0,3.36,USD,PAYOUT,Promoted Listings - General fee
2026-01-26T11:04:45.206Z,SALE,12-14148-38491,realmccoy34,143.49,21.32,0.44,2.27,24.03,119.46,USD,PAYOUT,
2026-01-26T03:52:23.736Z,NON_SALE_CHARGE,,,0.0,0.0,0.0,0.0,0.0,2.56,USD,PAYOUT,Promoted Listings - General fee
2026-01-26T03:47:44.914Z,SALE,15-14143-08274,tiger64x2,105.45,16.25,0.44,1.73,18.42,87.03,USD,PAYOUT,
2026-01-25T23:52:21.140Z,NON_SALE_CHARGE,,,0.0,0.0,0.0,0.0,0.0,2.92,USD,PAYOUT,Promoted Listings - General fee
2026-01-25T23:44:44.764Z,REFUND,23-14123-19632,martaf-11,124.58,18.54,0.44,1.97,20.95,103.63,USD,PAYOUT,
2026-01-24T07:43:07.902Z,NON_SALE_CHARGE,,,0.0,0.0,0.0,0.0,0.0,2.72,USD,PAYOUT,Promoted Listings - General fee
2026-01-24T07:40:46.405Z,SALE,12-14139-45816,trumanwilson007,123.47,17.25,0.44,1.84,19.53,103.94,USD,PAYOUT,
2026-01-24T02:11:46.063Z,NON_SALE_CHARGE,,,0.0,0.0,0.0,0.0,0.0,2.92,USD,PAYOUT,Promoted Listings - General fee
2026-01-24T02:06:59.798Z,SALE,23-14123-19632,martaf-11,124.58,18.54,0.44,1.97,20.95,103.63,USD,PAYOUT,
2026-01-23T02:03:09.174Z,NON_SALE_CHARGE,,,0.0,0.0,0.0,0.0,0.0,2.89,USD,PAYOUT,Promoted Listings - General fee
2026-01-23T02:00:04.333Z,SALE,04-14145-83155,roscu44,121.25,18.34,0.44,1.95,20.73,100.52,USD,PAYOUT,
2026-01-22T13:27:35.188Z,NON_SALE_CHARGE,,,0.0,0.0,0.0,0.0,0.0,2.44,USD,PAYOUT,Promoted Listings - General fee
2026-01-22T01:49:08.346Z,SALE,03-14142-81572,brewes_63,142.38,21.23,0.44,2.26,23.93,118.45,USD,PAYOUT,
2026-01-21T15:38:49.457Z,SALE,27-14106-72643,loualaouihas0,111.23,15.54,0.44,1.65,17.63,93.6,USD,PAYOUT,
2026-01-16T17:38:09.822Z,NON_SALE_CHARGE,,,0.0,0.0,0.0,0.0,0.0,2.82,USD,PAYOUT,Promoted Listings - General fee
2026-01-16T17:32:25.787Z,SALE,08-14111-53630,miniliz619,119.02,17.92,0.44,1.9,20.26,98.76,USD,PAYOUT,
2026-01-14T09:35:18.290Z,SALE,08-14101-24489,reindeerrooster,121.25,20.33,0.44,2.16,22.93,98.32,USD,PAYOUT,
2026-01-14T03:10:53.347Z,NON_SALE_CHARGE,,,0.0,0.0,0.0,0.0,0.0,2.79,USD,PAYOUT,Promoted Listings - General fee
2026-01-14T03:05:31.963Z,SALE,25-14076-74195,gracy74,115.0,17.75,0.44,1.89,20.08,94.92,USD,PAYOUT,
2026-01-13T04:50:11.506Z,NON_SALE_CHARGE,,,0.0,0.0,0.0,0.0,0.0,11.89,USD,PAYOUT,Promoted Listings - General fee
2026-01-13T04:46:56.045Z,SALE,26-14071-13429,lorna.johnson59,490.41,75.54,0.44,8.03,84.01,406.4,USD,PAYOUT,
2026-01-11T01:06:11.627Z,NON_SALE_CHARGE,,,0.0,0.0,0.0,0.0,0.0,3.5,USD,PAYOUT,Promoted Listings - General fee
2026-01-11T01:02:45.806Z,SALE,24-14078-82686,ketsutto-0,145.72,22.19,0.44,2.35,24.98,120.74,USD,PAYOUT,
2026-01-06T23:29:28.667Z,NON_SALE_CHARGE,,,0.0,0.0,0.0,0.0,0.0,3.0,USD,PAYOUT,Promoted Listings - General fee
2026-01-06T23:20:31.566Z,REFUND,15-14031-53270,josduv-83,127.92,19.05,0.44,2.02,21.51,106.41,USD,PAYOUT,
2026-01-06T23:20:30.527Z,TRANSFER,,,0.0,0.0,0.0,0.0,0.0,106.41,USD,PAYOUT,TRANSFER_FROM
2026-01-06T19:38:42.968Z,DISPUTE,07-14044-96771,ad_82093,0.0,0.0,0.0,0.0,0.0,182.42,USD,PAYOUT,
2026-01-05T21:16:36.455Z,NON_SALE_CHARGE,,,0.0,0.0,0.0,0.0,0.0,3.06,USD,PAYOUT,Promoted Listings - General fee
2026-01-05T21:09:17.390Z,SALE,20-14047-73398,maalvarez-93,126.7,19.43,0.44,2.07,21.94,104.76,USD,PAYOUT,
2026-01-04T06:56:51.340Z,NON_SALE_CHARGE,,,0.0,0.0,0.0,0.0,0.0,2.09,USD,PAYOUT,Promoted Listings - General fee
2026-01-04T06:51:20.406Z,SALE,20-14040-15748,tranto_3,87.76,13.28,0.44,1.41,15.13,72.63,USD,PAYOUT,
2026-01-02T04:11:34.373Z,SALE,27-14021-83127,tyhor90,101.0,15.27,0.44,1.63,17.34,83.66,USD,PAYOUT,
2026-01-01T16:19:31.498Z,NON_SALE_CHARGE,,,0.0,0.0,0.0,0.0,0.0,65.95,USD,PAYOUT,2025-12-31 - 2026-01-30
2025-12-31T19:08:09.079Z,SALE,07-14044-96771,ad_82093,182.42,27.14,0.44,2.88,30.46,151.96,USD,PAYOUT,
2025-12-31T15:17:43.251Z,SALE,20-14025-61626,iresqu11,90.1,13.64,0.44,1.45,15.53,74.57,USD,PAYOUT,
2025-12-31T09:09:07.780Z,NON_SALE_CHARGE,,,0.0,0.0,0.0,0.0,0.0,2.34,USD,PAYOUT,Promoted Listings - General fee
2025-12-31T09:01:02.556Z,REFUND,07-14042-92715,josduv-83,100.11,14.91,0.44,1.58,16.93,83.18,USD,PAYOUT,
2025-12-31T07:45:05.076Z,NON_SALE_CHARGE,,,0.0,0.0,0.0,0.0,0.0,3.0,USD,PAYOUT,Promoted Listings - General fee
2025-12-31T07:41:21.377Z,NON_SALE_CHARGE,,,0.0,0.0,0.0,0.0,0.0,2.34,USD,PAYOUT,Promoted Listings - General fee
2025-12-31T07:40:19.241Z,SALE,15-14031-53270,josduv-83,127.92,19.05,0.44,2.02,21.51,106.41,USD,PAYOUT,
2025-12-31T07:35:41.715Z,SALE,07-14042-92715,josduv-83,100.11,14.91,0.44,1.58,16.93,83.18,USD,PAYOUT,
2025-12-28T18:16:35.917Z,CREDIT,07-13943-88929,beachwaygolfcarts,0.0,0.0,0.0,0.0,0.0,122.36,USD,PAYOUT,
2025-12-24T12:56:40.192Z,DISPUTE,07-13943-88929,beachwaygolfcarts,0.0,0.0,0.0,0.0,0.0,122.36,USD,PAYOUT,
2025-12-22T02:17:58.713Z,SALE,18-13993-12842,robguti_7527,203.56,28.44,0.44,3.02,31.9,171.66,USD,PAYOUT,
2025-12-20T20:10:13.045Z,NON_SALE_CHARGE,,,0.0,0.0,0.0,0.0,0.0,2.43,USD,PAYOUT,Promoted Listings - General fee
2025-12-20T20:04:30.251Z,SALE,03-14009-71668,ta-35946,103.45,15.47,0.44,1.64,17.55,85.9,USD,PAYOUT,
2025-12-11T22:50:33.933Z,NON_SALE_CHARGE,,,0.0,0.0,0.0,0.0,0.0,2.98,USD,PAYOUT,Promoted Listings - General fee
2025-12-11T22:46:11.666Z,SALE,22-13944-13785,darrefe-4189,125.7,18.92,0.44,2.01,21.37,104.33,USD,PAYOUT,
2025-12-07T20:15:44.265Z,NON_SALE_CHARGE,,,0.0,0.0,0.0,0.0,0.0,2.87,USD,PAYOUT,Promoted Listings - General fee
2025-12-07T20:10:31.364Z,SALE,07-13943-88929,beachwaygolfcarts,122.36,18.25,0.44,1.94,20.63,101.73,USD,PAYOUT,
2025-12-04T02:31:28.758Z,NON_SALE_CHARGE,,,0.0,0.0,0.0,0.0,0.0,2.96,USD,PAYOUT,Promoted Listings - General fee
2025-12-04T02:23:58.939Z,SALE,01-13935-62380,gh-059,125.7,18.79,0.44,2.0,21.23,104.47,USD,PAYOUT,
2025-12-01T22:26:37.000Z,TRANSFER,,,0.0,0.0,0.0,0.0,0.0,65.95,USD,PAYOUT,TRANSFER_FROM
2025-12-01T16:27:52.016Z,NON_SALE_CHARGE,,,0.0,0.0,0.0,0.0,0.0,65.95,USD,PAYOUT,2025-11-30 - 2025-12-30
2025-11-29T01:01:16.815Z,SALE,21-13881-59198,gv5vm85,100.11,15.31,0.44,1.63,17.38,82.73,USD,PAYOUT,
2025-11-23T23:33:53.000Z,TRANSFER,,,0.0,0.0,0.0,0.0,0.0,19.25,USD,PAYOUT,TRANSFER_FROM
2025-11-23T09:43:44.446Z,ADJUSTMENT,,,0.0,0.0,0.0,0.0,0.0,6.44,USD,PAYOUT,Store (Basic): Subscription Fee
2025-11-23T09:43:41.559Z,NON_SALE_CHARGE,,,0.0,0.0,0.0,0.0,0.0,17.59,USD,PAYOUT,2025-11-22 - 2025-11-29
2025-11-18T23:05:18.377Z,ADJUSTMENT,,,0.0,0.0,0.0,0.0,0.0,2.36,USD,PAYOUT,Starter Store Subscription: Subscription Fee
2025-11-18T23:05:09.498Z,NON_SALE_CHARGE,,,0.0,0.0,0.0,0.0,0.0,10.46,USD,PAYOUT,2025-11-18 - 2025-11-29
2025-11-09T01:00:31.000Z,TRANSFER,,,0.0,0.0,0.0,0.0,0.0,5.45,USD,PAYOUT,TRANSFER_FROM
2025-11-01T16:22:33.037Z,NON_SALE_CHARGE,,,0.0,0.0,0.0,0.0,0.0,5.45,USD,PAYOUT,2025-10-31 - 2025-11-29
2025-10-08T21:35:52.000Z,TRANSFER,,,0.0,0.0,0.0,0.0,0.0,5.44,USD,PAYOUT,TRANSFER_FROM
2025-10-01T22:11:17.322Z,ADJUSTMENT,,,0.0,0.0,0.0,0.0,0.0,0.01,USD,PAYOUT,TAX Only Credit
2025-10-01T07:34:01.710Z,NON_SALE_CHARGE,,,0.0,0.0,0.0,0.0,0.0,5.45,USD,PAYOUT,2025-09-30 - 2025-10-30
2025-09-24T07:55:34.138Z,CREDIT,24-13435-00944,purruki826,0.0,0.0,0.0,0.0,0.0,269.0,USD,PAYOUT,
2025-09-17T12:46:18.242Z,ADJUSTMENT,,,0.0,0.0,0.0,0.0,0.0,66.0,USD,PAYOUT,eBay Credit - VAT excluded
2025-09-17T01:46:39.867Z,NON_SALE_CHARGE,,,0.0,0.0,0.0,0.0,0.0,21.98,USD,PAYOUT,Subscription early termination fee
2025-09-12T00:06:08.000Z,TRANSFER,,,0.0,0.0,0.0,0.0,0.0,58.94,USD,PAYOUT,TRANSFER_FROM
2025-09-11T05:10:01.702Z,CREDIT,12-13470-93800,susannotsue,0.0,0.0,0.0,0.0,0.0,262.0,USD,PAYOUT,
2025-09-11T05:06:51.233Z,REFUND,12-13470-93800,susannotsue,0.0,0.0,0.0,0.0,0.0,262.0,USD,PAYOUT,
2025-09-11T04:54:40.697Z,DISPUTE,12-13470-93800,susannotsue,0.0,0.0,0.0,0.0,0.0,262.0,USD,PAYOUT,
2025-09-02T04:44:05.591Z,ADJUSTMENT,,,0.0,0.0,0.0,0.0,0.0,0.01,USD,PAYOUT,TAX Only Credit
2025-09-01T16:15:29.327Z,NON_SALE_CHARGE,,,0.0,0.0,0.0,0.0,0.0,65.95,USD,PAYOUT,2025-08-31 - 2025-09-29
2025-08-24T23:28:11.961Z,SALE,04-13499-68770,dymitrizotop,112.0,18.48,0.44,1.77,20.69,91.31,USD,PAYOUT,
2025-08-22T01:03:59.704Z,REFUND,10-13470-11413,dhood4340,269.0,39.83,0.44,3.76,44.03,224.97,USD,PAYOUT,
2025-08-21T23:43:24.698Z,REFUND,16-13455-71829,fuenta13,207.0,28.92,0.44,2.73,32.09,174.91,USD,PAYOUT,
2025-08-21T21:11:54.198Z,NON_SALE_CHARGE,,,0.0,0.0,0.0,0.0,0.0,3.17,USD,PAYOUT,Promoted Listings - General fee
2025-08-21T21:05:08.081Z,SALE,24-13475-78193,joemoose1,133.0,20.11,0.44,1.9,22.45,110.55,USD,PAYOUT,
2025-08-20T18:50:45.434Z,SALE,15-13468-45012,shafrie_7382,246.0,37.41,0.44,3.53,41.38,204.62,USD,PAYOUT,
2025-08-20T10:54:11.299Z,NON_SALE_CHARGE,,,0.0,0.0,0.0,0.0,0.0,6.15,USD,PAYOUT,Promoted Listings - General fee
2025-08-20T10:49:17.891Z,SALE,12-13470-93800,susannotsue,262.0,39.03,0.44,3.69,43.16,218.84,USD,PAYOUT,
2025-08-19T15:59:39.983Z,SALE,10-13470-11413,dhood4340,269.0,39.83,0.44,3.76,44.03,224.97,USD,PAYOUT,
2025-08-19T15:26:41.741Z,DISPUTE,24-13435-00944,purruki826,0.0,0.0,0.0,0.0,0.0,269.0,USD,PAYOUT,
2025-08-19T15:05:27.247Z,NON_SALE_CHARGE,,,0.0,0.0,0.0,0.0,0.0,3.78,USD,PAYOUT,Promoted Listings - General fee
2025-08-19T14:59:20.530Z,SALE,18-13459-24299,hec-8533,159.0,24.05,0.44,2.28,26.77,132.23,USD,PAYOUT,
2025-08-19T11:26:03.341Z,NON_SALE_CHARGE,,,0.0,0.0,0.0,0.0,0.0,3.59,USD,PAYOUT,Promoted Listings - General fee
2025-08-19T11:20:56.337Z,SALE,03-13478-54161,tendoa92,163.0,22.77,0.44,2.16,25.37,137.63,USD,PAYOUT,
2025-08-18T06:35:11.268Z,SALE,16-13455-71829,fuenta13,207.0,28.92,0.44,2.73,32.09,174.91,USD,PAYOUT,
2025-08-17T13:48:22.171Z,NON_SALE_CHARGE,,,0.0,0.0,0.0,0.0,0.0,5.37,USD,PAYOUT,Promoted Listings - General fee
2025-08-17T13:43:05.683Z,SALE,18-13449-76420,kasalo18,244.0,34.09,0.44,3.22,37.75,206.25,USD,PAYOUT,
2025-08-16T18:24:15.044Z,SALE,26-13436-34594,dafernandezm,133.0,18.58,0.44,1.76,20.78,112.22,USD,PAYOUT,
2025-08-16T16:24:26.200Z,NON_SALE_CHARGE,,,0.0,0.0,0.0,0.0,0.0,4.21,USD,PAYOUT,Promoted Listings - General fee
2025-08-16T16:19:36.482Z,SALE,15-13450-63442,von_olm,161.0,26.76,0.44,2.53,29.73,131.27,USD,PAYOUT,
2025-08-15T12:27:15.241Z,NON_SALE_CHARGE,,,0.0,0.0,0.0,0.0,0.0,4.02,USD,PAYOUT,Promoted Listings - General fee
2025-08-15T12:22:03.891Z,SALE,25-13432-92605,kaman-9365,169.0,25.53,0.44,2.41,28.38,140.62,USD,PAYOUT,
2025-08-15T11:54:42.474Z,NON_SALE_CHARGE,,,0.0,0.0,0.0,0.0,0.0,7.73,USD,PAYOUT,Promoted Listings - General fee
2025-08-15T11:54:41.733Z,NON_SALE_CHARGE,,,0.0,0.0,0.0,0.0,0.0,3.95,USD,PAYOUT,Promoted Listings - General fee
2025-08-15T11:48:23.900Z,SALE,21-13437-83848,ven_5897,500.0,25.08,0.44,2.37,81.66,418.34,USD,PAYOUT,
2025-08-15T05:43:03.507Z,CREDIT,16-13336-92240,lisalus,0.0,0.0,0.0,0.0,0.0,199.0,USD,PAYOUT,
2025-08-13T22:16:21.793Z,CREDIT,12-13416-35863,themagicmorgan,0.0,0.0,0.0,0.0,0.0,149.0,USD,PAYOUT,
2025-08-13T22:13:39.626Z,DISPUTE,12-13416-35863,themagicmorgan,0.0,0.0,0.0,0.0,0.0,149.0,USD,PAYOUT,
2025-08-13T02:32:36.032Z,SALE,03-13452-61340,gull,291.0,44.67,0.44,4.22,49.33,241.67,USD,PAYOUT,
2025-08-13T00:32:07.456Z,SALE,06-13448-55776,gracie92904,100.0,14.67,0.44,1.39,16.5,83.5,USD,PAYOUT,
2025-08-12T12:55:20.196Z,NON_SALE_CHARGE,,,0.0,0.0,0.0,0.0,0.0,3.99,USD,PAYOUT,Promoted Listings - General fee
2025-08-12T12:51:41.767Z,SALE,21-13425-37313,islandsoulotus,165.0,25.36,0.44,2.4,28.2,136.8,USD,PAYOUT,
2025-08-12T02:56:49.853Z,NON_SALE_CHARGE,,,0.0,0.0,0.0,0.0,0.0,6.6,USD,PAYOUT,Promoted Listings - General fee
2025-08-12T02:53:02.335Z,SALE,24-13435-00944,purruki826,269.0,41.9,0.44,3.96,46.3,222.7,USD,PAYOUT,
2025-08-10T17:10:23.903Z,DISPUTE,16-13336-92240,lisalus,0.0,0.0,0.0,0.0,0.0,199.0,USD,PAYOUT,
2025-08-10T01:11:47.605Z,NON_SALE_CHARGE,,,0.0,0.0,0.0,0.0,0.0,2.57,USD,PAYOUT,Promoted Listings - General fee
2025-08-10T01:02:58.424Z,REFUND,21-13403-20032,nsed6762,108.0,16.33,0.44,1.54,18.31,89.69,USD,PAYOUT,
2025-08-09T21:29:28.210Z,NON_SALE_CHARGE,,,0.0,0.0,0.0,0.0,0.0,7.04,USD,PAYOUT,Promoted Listings - General fee
2025-08-09T21:25:28.662Z,SALE,12-13426-86512,morganferguson,291.0,44.72,0.44,4.22,49.38,241.62,USD,PAYOUT,
2025-08-09T04:30:27.924Z,NON_SALE_CHARGE,,,0.0,0.0,0.0,0.0,0.0,2.99,USD,PAYOUT,Promoted Listings - General fee
2025-08-09T04:26:29.641Z,SALE,15-13419-93637,hypergalactic,136.0,19.0,0.44,1.79,21.23,114.77,USD,PAYOUT,
2025-08-07T07:35:19.751Z,SALE,12-13416-35863,themagicmorgan,149.0,22.07,0.44,2.09,24.6,124.4,USD,PAYOUT,
2025-08-07T03:02:54.941Z,NON_SALE_CHARGE,,,0.0,0.0,0.0,0.0,0.0,4.07,USD,PAYOUT,Promoted Listings - General fee
2025-08-07T02:59:45.778Z,SALE,18-13407-73531,morena188,185.0,25.85,0.44,2.44,28.73,156.27,USD,PAYOUT,
2025-08-07T01:35:23.520Z,NON_SALE_CHARGE,,,0.0,0.0,0.0,0.0,0.0,2.57,USD,PAYOUT,Promoted Listings - General fee
2025-08-07T01:31:51.147Z,SALE,21-13403-20032,nsed6762,108.0,16.33,0.44,1.54,18.31,89.69,USD,PAYOUT,
2025-08-05T01:54:53.608Z,NON_SALE_CHARGE,,,0.0,0.0,0.0,0.0,0.0,5.6,USD,PAYOUT,Promoted Listings - General fee
2025-08-05T01:53:43.872Z,REFUND,06-13312-78882,ditzy12012,240.0,35.54,0.0,3.36,38.9,201.1,USD,PAYOUT,
2025-08-04T02:39:17.364Z,SALE,16-13396-64337,rogonz-4613,132.0,19.96,0.44,1.88,22.28,109.72,USD,PAYOUT,
2025-08-03T04:39:17.736Z,SALE,13-13396-92861,huise78,329.0,49.75,0.44,4.7,54.89,274.11,USD,PAYOUT,
2025-08-03T00:02:14.916Z,SALE,06-13405-67587,michellecaro1,213.0,32.66,0.44,3.09,36.19,176.81,USD,PAYOUT,
2025-08-01T16:27:48.109Z,NON_SALE_CHARGE,,,0.0,0.0,0.0,0.0,0.0,65.95,USD,PAYOUT,2025-07-31 - 2025-08-30
2025-08-01T14:03:40.847Z,SALE,14-13388-84973,chab31,267.0,44.76,0.44,4.22,49.42,217.58,USD,PAYOUT,
2025-07-31T18:39:57.006Z,NON_SALE_CHARGE,,,0.0,0.0,0.0,0.0,0.0,2.63,USD,PAYOUT,Promoted Listings - General fee
2025-07-31T18:35:43.166Z,SALE,23-13373-71183,jtj7234,111.0,16.71,0.44,1.58,18.73,92.27,USD,PAYOUT,
2025-07-29T01:46:08.076Z,SALE,04-13387-58835,bellakrymsin,103.0,15.43,0.44,1.46,17.33,85.67,USD,PAYOUT,
2025-07-26T23:45:58.810Z,SALE,12-13367-82268,faw-9859,103.0,14.39,0.44,1.36,16.19,86.81,USD,PAYOUT,
2025-07-25T14:04:10.421Z,SALE,19-13352-93753,wangh_85,115.0,16.07,0.44,0.0,16.51,98.49,USD,PAYOUT,
2025-07-22T13:10:06.123Z,REFUND,25-13332-41790,christ_155,131.0,18.3,0.44,1.73,20.47,110.53,USD,PAYOUT,
2025-07-22T12:30:58.175Z,SALE,25-13332-41790,christ_155,131.0,18.3,0.44,1.73,20.47,110.53,USD,PAYOUT,
2025-07-22T00:43:04.745Z,NON_SALE_CHARGE,,,0.0,0.0,0.0,0.0,0.0,3.01,USD,PAYOUT,Promoted Listings - General fee
2025-07-22T00:39:41.750Z,SALE,24-13346-80136,borncharm,125.0,19.16,0.44,1.81,21.41,103.59,USD,PAYOUT,
2025-07-21T16:40:33.457Z,NON_SALE_CHARGE,,,0.0,0.0,0.0,0.0,0.0,2.57,USD,PAYOUT,Promoted Listings - General fee
2025-07-21T16:36:02.561Z,SALE,01-13361-21270,vintagequeensandiego,106.0,16.32,0.44,1.54,18.3,87.7,USD,PAYOUT,
2025-07-21T01:12:20.538Z,SALE,04-13354-17171,bweston2,100.0,14.74,0.44,1.4,16.58,83.42,USD,PAYOUT,
2025-07-20T19:11:31.653Z,SALE,16-13336-92240,lisalus,199.0,30.23,0.44,2.86,33.53,165.47,USD,PAYOUT,
2025-07-18T08:02:06.131Z,NON_SALE_CHARGE,,,0.0,0.0,0.0,0.0,0.0,2.72,USD,PAYOUT,Promoted Listings - General fee
2025-07-18T07:58:33.920Z,SALE,15-13329-02651,telemundo007,116.0,17.26,0.44,1.63,19.33,96.67,USD,PAYOUT,
2025-07-17T20:42:48.057Z,NON_SALE_CHARGE,,,0.0,0.0,0.0,0.0,0.0,5.52,USD,PAYOUT,Promoted Listings - General fee
2025-07-17T20:39:11.898Z,SALE,01-13346-63384,tajahbellatyler,233.0,35.07,0.44,3.31,38.82,194.18,USD,PAYOUT,
2025-07-16T13:34:59.752Z,SALE,01-13340-75366,borakhing2011,269.0,40.8,0.44,3.85,45.09,223.91,USD,PAYOUT,
2025-07-14T22:34:35.105Z,REFUND,12-13313-45654,jwalsh94303,145.0,22.13,0.44,2.09,24.66,120.34,USD,PAYOUT,
2025-07-13T20:45:28.965Z,NON_SALE_CHARGE,,,0.0,0.0,0.0,0.0,0.0,5.95,USD,PAYOUT,Promoted Listings - General fee
2025-07-13T20:42:50.917Z,SALE,25-13297-33823,ramacolino,251.0,37.78,0.44,3.57,41.79,209.21,USD,PAYOUT,
2025-07-13T15:36:46.423Z,SALE,12-13313-45654,jwalsh94303,145.0,22.13,0.44,2.09,24.66,120.34,USD,PAYOUT,
2025-07-13T15:02:49.454Z,SALE,14-13310-51716,rosanist,117.0,19.94,0.44,1.88,22.26,94.74,USD,PAYOUT,
2025-07-13T12:05:28.957Z,NON_SALE_CHARGE,,,0.0,0.0,0.0,0.0,0.0,3.97,USD,PAYOUT,Promoted Listings - General fee
2025-07-13T12:01:27.272Z,SALE,10-13315-22717,hussy57,166.0,25.22,0.44,2.39,28.05,137.95,USD,PAYOUT,
2025-07-12T21:58:32.034Z,NON_SALE_CHARGE,,,0.0,0.0,0.0,0.0,0.0,4.43,USD,PAYOUT,Promoted Listings - General fee
2025-07-12T21:48:24.637Z,REFUND,01-13299-93048,calo7247,186.0,28.13,0.44,2.66,31.23,154.77,USD,PAYOUT,
2025-07-12T18:39:57.324Z,NON_SALE_CHARGE,,,0.0,0.0,0.0,0.0,0.0,3.69,USD,PAYOUT,Promoted Listings - General fee
2025-07-12T18:35:57.413Z,SALE,08-13315-59329,barkf-51,154.0,23.42,0.44,2.21,26.07,127.93,USD,PAYOUT,
2025-07-12T13:52:46.858Z,SALE,23-13295-01745,tolchfan,144.0,21.78,0.44,2.06,24.28,119.72,USD,PAYOUT,
2025-07-12T00:36:47.221Z,NON_SALE_CHARGE,,,0.0,0.0,0.0,0.0,0.0,2.2,USD,PAYOUT,Promoted Listings - General fee
2025-07-12T00:36:42.468Z,NON_SALE_CHARGE,,,0.0,0.0,0.0,0.0,0.0,2.29,USD,PAYOUT,Promoted Listings - General fee
2025-07-12T00:31:30.410Z,SALE,03-13319-92375,yumikima-0,204.0,13.97,0.44,1.32,31.63,172.37,USD,PAYOUT,
2025-07-11T17:05:11.819Z,NON_SALE_CHARGE,,,0.0,0.0,0.0,0.0,0.0,4.31,USD,PAYOUT,Promoted Listings - General fee
2025-07-11T17:01:40.843Z,SALE,12-13306-93324,rolexus22,185.0,27.39,0.44,2.59,30.42,154.58,USD,PAYOUT,
2025-07-11T02:15:07.091Z,NON_SALE_CHARGE,,,0.0,0.0,0.0,0.0,0.0,5.6,USD,PAYOUT,Promoted Listings - General fee
2025-07-11T02:11:47.293Z,SALE,06-13312-78882,ditzy12012,240.0,35.54,0.44,3.36,39.34,200.66,USD,PAYOUT,
2025-07-10T10:11:32.983Z,SALE,02-13315-06939,sherpa93,275.0,46.1,0.44,4.36,50.9,224.1,USD,PAYOUT,
2025-07-08T16:12:19.952Z,NON_SALE_CHARGE,,,0.0,0.0,0.0,0.0,0.0,3.7,USD,PAYOUT,Promoted Listings - General fee
2025-07-08T16:06:47.696Z,SALE,16-13289-12173,sofiasgoodies,153.0,23.46,0.44,2.22,26.12,126.88,USD,PAYOUT,
2025-07-06T14:42:06.805Z,NON_SALE_CHARGE,,,0.0,0.0,0.0,0.0,0.0,4.43,USD,PAYOUT,Promoted Listings - General fee
2025-07-06T14:38:17.037Z,SALE,01-13299-93048,calo7247,186.0,28.13,0.44,2.66,31.23,154.77,USD,PAYOUT,
2025-07-06T03:17:27.743Z,SALE,10-13286-23818,melguts0,126.0,20.24,0.44,1.91,22.59,103.41,USD,PAYOUT,
2025-07-04T18:17:47.942Z,NON_SALE_CHARGE,,,0.0,0.0,0.0,0.0,0.0,3.95,USD,PAYOUT,Promoted Listings - General fee
2025-07-04T18:14:19.110Z,SALE,16-13273-68242,jankune0,166.0,25.05,0.44,2.37,27.86,138.14,USD,PAYOUT,
2025-07-03T15:41:17.859Z,NON_SALE_CHARGE,,,0.0,0.0,0.0,0.0,0.0,2.72,USD,PAYOUT,Promoted Listings - General fee
2025-07-03T15:37:09.447Z,SALE,16-13269-42484,the.lifestyle.edit,116.0,17.24,0.44,1.63,19.31,96.69,USD,PAYOUT,
2025-07-03T12:57:52.830Z,SALE,04-13284-73482,hottik2sxi,165.0,24.84,0.44,2.34,27.62,137.38,USD,PAYOUT,
2025-07-03T00:36:16.182Z,NON_SALE_CHARGE,,,0.0,0.0,0.0,0.0,0.0,3.5,USD,PAYOUT,Promoted Listings - General fee
2025-07-03T00:32:21.116Z,SALE,13-13271-43872,nic_651624,146.0,22.21,0.44,2.1,24.75,121.25,USD,PAYOUT,
2025-07-02T07:54:33.227Z,ADJUSTMENT,,,0.0,0.0,0.0,0.0,0.0,1.21,USD,PAYOUT,VAT Credit - JAPAN
2025-07-01T20:12:50.343Z,ADJUSTMENT,,,0.0,0.0,0.0,0.0,0.0,0.03,USD,PAYOUT,TAX Only Debit
2025-07-01T16:14:27.879Z,NON_SALE_CHARGE,,,0.0,0.0,0.0,0.0,0.0,65.95,USD,PAYOUT,2025-06-30 - 2025-07-30
2025-06-30T04:11:24.493Z,NON_SALE_CHARGE,,,0.0,0.0,0.0,0.0,0.0,4.73,USD,PAYOUT,Promoted Listings - General fee
2025-06-30T04:08:11.147Z,SALE,18-13252-14646,chel3099,215.0,30.04,0.44,3.19,33.67,181.33,USD,PAYOUT,
2025-06-28T17:04:46.723Z,NON_SALE_CHARGE,,,0.0,0.0,0.0,0.0,0.0,2.7,USD,PAYOUT,Promoted Listings - General fee
2025-06-28T17:00:55.621Z,SALE,27-13234-67881,mg5ent,115.0,17.08,0.44,1.82,19.34,95.66,USD,PAYOUT,
2025-06-27T05:44:56.809Z,SALE,22-13235-75731,shapin8564,115.0,17.49,0.44,1.86,19.79,95.21,USD,PAYOUT,
2025-06-26T10:36:15.098Z,SALE,09-13249-30741,utnhosgvn1168,163.0,24.34,0.44,2.59,27.37,135.63,USD,PAYOUT,
2025-06-25T18:41:16.576Z,NON_SALE_CHARGE,,,0.0,0.0,0.0,0.0,0.0,4.77,USD,PAYOUT,Promoted Listings - General fee
2025-06-25T18:36:52.616Z,SALE,04-13253-64230,benchierun,217.0,30.32,0.44,3.22,33.98,183.02,USD,PAYOUT,
2025-06-24T21:15:34.318Z,NON_SALE_CHARGE,,,0.0,0.0,0.0,0.0,0.0,4.55,USD,PAYOUT,Promoted Listings - General fee
2025-06-24T21:11:41.978Z,SALE,27-13220-15251,hi44763,207.0,28.92,0.44,3.07,32.43,174.57,USD,PAYOUT,
2025-06-24T13:58:57.334Z,NON_SALE_CHARGE,,,0.0,0.0,0.0,0.0,0.0,5.98,USD,PAYOUT,Promoted Listings - General fee
2025-06-24T13:55:26.792Z,SALE,22-13224-80333,gerefle1,250.0,38.03,0.44,4.04,42.51,207.49,USD,PAYOUT,
2025-06-23T23:13:02.237Z,NON_SALE_CHARGE,,,0.0,0.0,0.0,0.0,0.0,3.23,USD,PAYOUT,Promoted Listings - General fee
2025-06-23T23:08:55.866Z,SALE,10-13238-30900,cristgonza.1hgq4p4jo,133.0,20.54,0.44,2.18,23.16,109.84,USD,PAYOUT,
2025-06-22T19:37:19.163Z,NON_SALE_CHARGE,,,0.0,0.0,0.0,0.0,0.0,6.27,USD,PAYOUT,Promoted Listings - General fee
2025-06-22T19:32:07.542Z,SALE,14-13227-95639,marleydog5,261.0,39.83,0.44,4.23,44.5,216.5,USD,PAYOUT,
2025-06-19T20:58:49.598Z,NON_SALE_CHARGE,,,0.0,0.0,0.0,0.0,0.0,5.8,USD,PAYOUT,Promoted Listings - General fee
2025-06-19T20:54:28.418Z,SALE,07-13227-03790,emilyellenco,241.0,36.83,0.44,3.92,41.19,199.81,USD,PAYOUT,
2025-06-19T01:00:28.805Z,SALE,22-13204-17942,bar-30478,211.0,31.66,0.44,3.37,35.47,175.53,USD,PAYOUT,
2025-06-18T21:24:46.536Z,NON_SALE_CHARGE,,,0.0,0.0,0.0,0.0,0.0,3.3,USD,PAYOUT,Promoted Listings - General fee
2025-06-18T21:24:37.299Z,CREDIT,17-13203-15625,walweibchen,0.0,0.0,0.0,0.0,0.0,126.0,USD,PAYOUT,
2025-06-18T21:18:41.435Z,REFUND,17-13203-15625,walweibchen,126.0,20.94,0.0,2.22,23.16,102.84,USD,PAYOUT,
2025-06-18T15:39:26.293Z,DISPUTE,17-13203-15625,walweibchen,0.0,0.0,0.0,0.0,0.0,126.0,USD,PAYOUT,
2025-06-17T20:11:51.767Z,SALE,08-13217-32529,melissbrine0,157.0,21.93,0.44,2.33,24.7,132.3,USD,PAYOUT,
2025-06-17T14:02:35.683Z,NON_SALE_CHARGE,,,0.0,0.0,0.0,0.0,0.0,3.27,USD,PAYOUT,Promoted Listings - General fee
2025-06-17T13:57:41.725Z,SALE,07-13217-53831,jcb222,139.0,20.78,0.44,2.21,23.43,115.57,USD,PAYOUT,
2025-06-17T05:20:52.791Z,NON_SALE_CHARGE,,,0.0,0.0,0.0,0.0,0.0,3.3,USD,PAYOUT,Promoted Listings - General fee
2025-06-17T05:16:45.895Z,SALE,17-13203-15625,walweibchen,126.0,20.94,0.44,2.22,23.6,102.4,USD,PAYOUT,
2025-06-16T06:40:19.080Z,NON_SALE_CHARGE,,,0.0,0.0,0.0,0.0,0.0,4.42,USD,PAYOUT,Promoted Listings - General fee
2025-06-16T06:38:00.224Z,SALE,15-13201-33637,espi3863,185.0,28.07,0.44,2.98,31.49,153.51,USD,PAYOUT,
2025-06-16T02:49:49.673Z,NON_SALE_CHARGE,,,0.0,0.0,0.0,0.0,0.0,3.62,USD,PAYOUT,Promoted Listings - General fee
2025-06-16T02:41:55.673Z,REFUND,04-13210-06119,ktao-39,155.0,23.01,0.44,2.44,25.89,129.11,USD,PAYOUT,
2025-06-15T04:40:54.126Z,NON_SALE_CHARGE,,,0.0,0.0,0.0,0.0,0.0,4.88,USD,PAYOUT,Promoted Listings - General fee
2025-06-15T04:37:22.842Z,SALE,24-13200-30349,dasomdaye,205.0,31.04,0.44,3.3,34.78,170.22,USD,PAYOUT,
2025-06-14T17:44:27.826Z,NON_SALE_CHARGE,,,0.0,0.0,0.0,0.0,0.0,3.62,USD,PAYOUT,Promoted Listings - General fee
2025-06-14T17:39:10.991Z,SALE,04-13210-06119,ktao-39,155.0,23.01,0.44,2.44,25.89,129.11,USD,PAYOUT,
2025-06-14T00:29:03.714Z,REFUND,14-13191-46559,pereda87,256.0,35.76,0.44,3.81,40.01,215.99,USD,PAYOUT,
2025-06-13T13:58:42.516Z,SALE,04-13205-70270,coldurha0,197.0,29.96,0.44,3.19,33.59,163.41,USD,PAYOUT,
2025-06-13T04:38:17.195Z,SALE,14-13191-46559,pereda87,256.0,35.76,0.44,3.81,40.01,215.99,USD,PAYOUT,
2025-06-13T03:16:28.796Z,NON_SALE_CHARGE,,,0.0,0.0,0.0,0.0,0.0,5.06,USD,PAYOUT,Promoted Listings - General fee
2025-06-13T03:12:31.724Z,SALE,25-13177-11447,demorests,230.0,32.13,0.44,3.42,35.99,194.01,USD,PAYOUT,
2025-06-12T20:48:27.952Z,NON_SALE_CHARGE,,,0.0,0.0,0.0,0.0,0.0,3.13,USD,PAYOUT,Promoted Listings - General fee
2025-06-12T20:43:51.782Z,SALE,23-13178-60371,jennja-33,130.0,19.93,0.44,2.12,22.49,107.51,USD,PAYOUT,
2025-06-11T22:15:32.331Z,NON_SALE_CHARGE,,,0.0,0.0,0.0,0.0,0.0,4.49,USD,PAYOUT,Promoted Listings - General fee
2025-06-11T22:07:30.297Z,REFUND,10-13186-70100,wendyardis,191.0,28.48,0.44,3.03,31.95,159.05,USD,PAYOUT,
2025-06-11T12:52:11.193Z,SALE,17-13180-59786,cired_33,156.0,23.59,0.44,2.51,26.54,129.46,USD,PAYOUT,
2025-06-10T18:12:49.022Z,NON_SALE_CHARGE,,,0.0,0.0,0.0,0.0,0.0,4.49,USD,PAYOUT,Promoted Listings - General fee
2025-06-10T18:07:27.880Z,SALE,10-13186-70100,wendyardis,191.0,28.48,0.44,3.03,31.95,159.05,USD,PAYOUT,
2025-06-10T01:25:48.882Z,NON_SALE_CHARGE,,,0.0,0.0,0.0,0.0,0.0,5.78,USD,PAYOUT,Promoted Listings - General fee
2025-06-10T01:21:57.650Z,SALE,24-13180-45524,adorf65,240.0,36.66,0.44,3.89,40.99,199.01,USD,PAYOUT,
2025-06-09T07:17:39.162Z,SALE,22-13164-42208,monk_o,176.0,26.06,0.44,2.77,29.27,146.73,USD,PAYOUT,
2025-06-09T05:18:11.792Z,SALE,08-13182-18399,mig25,275.0,46.1,0.44,4.91,51.45,223.55,USD,PAYOUT,
2025-06-06T05:46:04.784Z,NON_SALE_CHARGE,,,0.0,0.0,0.0,0.0,0.0,2.99,USD,PAYOUT,Promoted Listings - General fee
2025-06-06T05:43:05.565Z,SALE,25-13148-96353,ag2515,126.0,19.02,0.44,2.02,21.48,104.52,USD,PAYOUT,
2025-06-01T19:22:00.287Z,NON_SALE_CHARGE,,,0.0,0.0,0.0,0.0,0.0,7.85,USD,PAYOUT,Promoted Listings - General fee
2025-06-01T19:19:10.333Z,SALE,18-13138-59451,thib-6127,357.0,49.87,0.44,5.3,55.61,301.39,USD,PAYOUT,
2025-06-01T16:07:56.331Z,NON_SALE_CHARGE,,,0.0,0.0,0.0,0.0,0.0,65.95,USD,PAYOUT,2025-05-31 - 2025-06-29
2025-05-27T01:41:02.704Z,NON_SALE_CHARGE,,,0.0,0.0,0.0,0.0,0.0,3.62,USD,PAYOUT,Promoted Listings - General fee
2025-05-27T01:37:37.045Z,SALE,16-13117-83468,sydneesma,152.0,22.99,0.44,2.44,25.87,126.13,USD,PAYOUT,
2025-05-26T17:56:04.798Z,NON_SALE_CHARGE,,,0.0,0.0,0.0,0.0,0.0,3.64,USD,PAYOUT,Promoted Listings - General fee
2025-05-26T17:36:25.973Z,SALE,19-13112-43010,mellowp_276,152.0,23.12,0.44,2.45,26.01,125.99,USD,PAYOUT,
2025-05-26T07:24:27.617Z,CREDIT,06-12994-89217,dituuuhhh,0.0,0.0,0.0,0.0,0.0,151.0,USD,PAYOUT,
2025-05-26T07:22:07.842Z,NON_SALE_CHARGE,,,0.0,0.0,0.0,0.0,0.0,3.6,USD,PAYOUT,Promoted Listings - General fee
2025-05-26T07:17:42.473Z,REFUND,06-12994-89217,dituuuhhh,151.0,22.84,0.44,2.43,25.71,125.29,USD,PAYOUT,
2025-05-16T07:48:25.072Z,NON_SALE_CHARGE,,,0.0,0.0,0.0,0.0,0.0,5.96,USD,PAYOUT,Promoted Listings - General fee
2025-05-16T07:44:50.517Z,SALE,12-13080-75229,thepurplehousela,247.0,37.87,0.44,4.03,42.34,204.66,USD,PAYOUT,
2025-05-16T06:41:34.316Z,NON_SALE_CHARGE,,,0.0,0.0,0.0,0.0,0.0,6.42,USD,PAYOUT,Promoted Listings - General fee
2025-05-16T06:29:51.975Z,REFUND,23-13066-40906,thepurplehousela,266.0,40.79,0.44,4.33,45.56,220.44,USD,PAYOUT,
2025-05-16T06:27:05.879Z,NON_SALE_CHARGE,,,0.0,0.0,0.0,0.0,0.0,6.42,USD,PAYOUT,Promoted Listings - General fee
2025-05-16T06:23:13.836Z,SALE,23-13066-40906,thepurplehousela,266.0,40.79,0.44,4.33,45.56,220.44,USD,PAYOUT,
2025-05-09T08:22:50.863Z,REFUND,05-13061-61274,js-_6830,358.0,50.02,0.44,5.31,55.77,302.23,USD,PAYOUT,
2025-05-09T04:49:49.194Z,SALE,05-13061-61274,js-_6830,358.0,50.02,0.44,5.31,55.77,302.23,USD,PAYOUT,
2025-05-07T00:30:18.235Z,NON_SALE_CHARGE,,,0.0,0.0,0.0,0.0,0.0,4.43,USD,PAYOUT,Promoted Listings - General fee
2025-05-07T00:07:18.427Z,REFUND,15-13018-89487,cagarga-0,186.0,28.13,0.44,2.99,31.56,154.44,USD,PAYOUT,
2025-05-07T00:07:17.259Z,TRANSFER,,,0.0,0.0,0.0,0.0,0.0,154.44,USD,PAYOUT,TRANSFER_FROM
2025-05-06T00:29:19.438Z,NON_SALE_CHARGE,,,0.0,0.0,0.0,0.0,0.0,4.09,USD,PAYOUT,Promoted Listings - General fee
2025-05-06T00:05:15.081Z,REFUND,19-13009-76979,will-9760,186.0,25.98,0.44,2.76,29.18,156.82,USD,PAYOUT,
2025-05-06T00:05:14.309Z,TRANSFER,,,0.0,0.0,0.0,0.0,0.0,156.82,USD,PAYOUT,TRANSFER_FROM
2025-05-02T20:32:52.536Z,ADJUSTMENT,,,0.0,0.0,0.0,0.0,0.0,0.01,USD,PAYOUT,TAX Only Credit
2025-05-02T18:24:42.066Z,DISPUTE,06-12994-89217,dituuuhhh,0.0,0.0,0.0,0.0,0.0,151.0,USD,PAYOUT,
2025-05-01T23:43:11.973Z,NON_SALE_CHARGE,,,0.0,0.0,0.0,0.0,0.0,4.43,USD,PAYOUT,Promoted Listings - General fee
2025-05-01T23:39:18.993Z,SALE,15-13018-89487,cagarga-0,186.0,28.13,0.44,2.99,31.56,154.44,USD,PAYOUT,
2025-05-01T16:15:14.750Z,NON_SALE_CHARGE,,,0.0,0.0,0.0,0.0,0.0,65.95,USD,PAYOUT,2025-04-30 - 2025-05-30
2025-04-30T23:22:10.272Z,NON_SALE_CHARGE,,,0.0,0.0,0.0,0.0,0.0,4.09,USD,PAYOUT,Promoted Listings - General fee
2025-04-30T23:18:47.882Z,SALE,19-13009-76979,will-9760,186.0,25.98,0.44,2.76,29.18,156.82,USD,PAYOUT,
2025-04-23T06:50:37.015Z,NON_SALE_CHARGE,,,0.0,0.0,0.0,0.0,0.0,3.6,USD,PAYOUT,Promoted Listings - General fee
2025-04-23T06:47:22.193Z,SALE,06-12994-89217,dituuuhhh,151.0,22.84,0.44,2.43,25.71,125.29,USD,PAYOUT,
2025-04-01T21:52:40.000Z,TRANSFER,,,0.0,0.0,0.0,0.0,0.0,65.95,USD,PAYOUT,TRANSFER_FROM
2025-04-01T16:08:42.993Z,NON_SALE_CHARGE,,,0.0,0.0,0.0,0.0,0.0,65.95,USD,PAYOUT,2025-03-31 - 2025-04-29
2025-03-28T00:34:42.575Z,NON_SALE_CHARGE,,,0.0,0.0,0.0,0.0,0.0,3.78,USD,PAYOUT,Promoted Listings - General fee
2025-03-28T00:29:19.975Z,SALE,23-12867-29855,michellholink-0,159.0,24.03,0.44,2.55,27.02,131.98,USD,PAYOUT,
2025-03-23T18:35:00.855Z,NON_SALE_CHARGE,,,0.0,0.0,0.0,0.0,0.0,3.09,USD,PAYOUT,Promoted Listings - General fee
2025-03-23T18:30:41.680Z,SALE,03-12872-94549,benjcl-6269,132.0,19.59,0.44,2.08,22.11,109.89,USD,PAYOUT,
2025-03-18T10:55:58.317Z,SALE,27-12822-46551,debsw52,222.0,33.19,0.44,3.53,37.16,184.84,USD,PAYOUT,
2025-03-18T06:35:22.435Z,SALE,16-12835-19161,grecivasque7,162.0,24.95,0.44,2.65,28.04,133.96,USD,PAYOUT,
2025-03-17T21:17:05.276Z,SALE,05-12847-67040,jessm_9776,160.0,23.58,0.44,2.51,26.53,133.47,USD,PAYOUT,
2025-03-09T19:41:43.842Z,SALE,16-12799-09748,anumurali,141.0,20.88,0.44,2.22,23.54,117.46,USD,PAYOUT,
2025-03-06T23:50:54.936Z,CREDIT,25-12656-60985,jenngr_4938,0.0,0.0,0.0,0.0,0.0,181.0,USD,PAYOUT,
2025-03-03T20:18:21.424Z,NON_SALE_CHARGE,,,0.0,0.0,0.0,0.0,0.0,0.44,USD,PAYOUT,Final Value Fee
2025-03-03T20:18:20.027Z,NON_SALE_CHARGE,,,0.0,0.0,0.0,0.0,0.0,22.54,USD,PAYOUT,Final Value Fee
2025-03-03T20:18:19.344Z,NON_SALE_CHARGE,,,0.0,0.0,0.0,0.0,0.0,2.4,USD,PAYOUT,International Fee
2025-03-03T19:57:33.176Z,NON_SALE_CHARGE,,,0.0,0.0,0.0,0.0,0.0,20.59,USD,PAYOUT,Final Value Fee
2025-03-03T19:57:30.982Z,NON_SALE_CHARGE,,,0.0,0.0,0.0,0.0,0.0,2.19,USD,PAYOUT,International Fee
2025-03-03T19:57:29.725Z,NON_SALE_CHARGE,,,0.0,0.0,0.0,0.0,0.0,0.44,USD,PAYOUT,Final Value Fee
2025-03-03T19:33:32.467Z,SALE,06-12786-72280,brunette_barbiex3,0.0,0.0,0.0,0.0,0.0,134.0,USD,PAYOUT,
2025-03-03T19:19:11.707Z,SALE,19-12770-95000,frankiea5105,0.0,0.0,0.0,0.0,0.0,147.0,USD,PAYOUT,
2025-03-01T16:18:55.014Z,NON_SALE_CHARGE,,,0.0,0.0,0.0,0.0,0.0,65.95,USD,PAYOUT,2025-02-28 - 2025-03-30
2025-02-25T11:16:59.823Z,DISPUTE,25-12656-60985,jenngr_4938,0.0,0.0,0.0,0.0,0.0,181.0,USD,PAYOUT,
2025-02-24T23:17:56.456Z,REFUND,06-12751-80026,geargal1104,170.0,25.18,0.44,2.67,28.29,141.71,USD,PAYOUT,
2025-02-24T15:19:23.351Z,SALE,23-12735-29963,amaador_0,153.0,22.81,0.44,2.42,25.67,127.33,USD,PAYOUT,
2025-02-23T18:23:17.690Z,SALE,06-12751-80026,geargal1104,170.0,25.18,0.44,2.67,28.29,141.71,USD,PAYOUT,
2025-02-19T18:06:40.959Z,SALE,20-12719-35856,baisch-0,144.0,21.42,0.44,2.28,24.14,119.86,USD,PAYOUT,
2025-02-18T23:03:38.773Z,SALE,02-12737-91782,joa-15115,155.0,23.72,0.44,2.52,26.68,128.32,USD,PAYOUT,
2025-02-18T13:58:54.664Z,SALE,11-12724-86421,kimbriv-31,144.0,22.0,0.44,2.34,24.78,119.22,USD,PAYOUT,
2025-02-17T18:35:44.923Z,SALE,05-12729-25638,sxmply591,144.0,21.78,0.44,2.31,24.53,119.47,USD,PAYOUT,
2025-02-09T05:36:41.086Z,CREDIT,13-12249-52140,jokarl-9841,0.0,0.0,0.0,0.0,0.0,92.46,USD,PAYOUT,
2025-02-05T22:02:04.118Z,SALE,25-12656-60985,jenngr_4938,181.0,26.62,0.44,2.91,29.97,151.03,USD,PAYOUT,
2025-02-04T02:46:41.526Z,DISPUTE,13-12249-52140,jokarl-9841,0.0,0.0,0.0,0.0,0.0,92.46,USD,PAYOUT,
2025-02-02T03:42:09.000Z,TRANSFER,,,0.0,0.0,0.0,0.0,0.0,65.95,USD,PAYOUT,TRANSFER_FROM
2025-02-01T16:27:43.338Z,NON_SALE_CHARGE,,,0.0,0.0,0.0,0.0,0.0,65.95,USD,PAYOUT,2025-01-31 - 2025-02-27
2025-01-30T02:02:02.709Z,SALE,08-12646-84647,allthetreasure,145.0,21.27,0.44,2.32,24.03,120.97,USD,PAYOUT,
2025-01-14T05:19:36.584Z,SALE,11-12577-19165,l.ross.kfrbvdni,76.0,11.16,0.44,1.22,12.82,63.18,USD,PAYOUT,
2025-01-06T23:38:54.695Z,CREDIT,11-12407-42398,whiteowlbooks,0.0,0.0,0.0,0.0,0.0,141.0,USD,PAYOUT,
2025-01-06T23:27:26.521Z,DISPUTE,11-12407-42398,whiteowlbooks,0.0,0.0,0.0,0.0,0.0,141.0,USD,PAYOUT,
2025-01-01T16:15:06.940Z,NON_SALE_CHARGE,,,0.0,0.0,0.0,0.0,0.0,65.95,USD,PAYOUT,2024-12-31 - 2025-01-30
2025-01-01T15:59:18.997Z,SALE,24-12524-34956,tes-abmos_6,138.0,22.31,0.44,2.44,25.19,112.81,USD,PAYOUT,
2024-12-22T01:44:51.255Z,SALE,23-12474-90034,ealter170,149.0,21.39,0.44,2.34,24.17,124.83,USD,PAYOUT,
2024-12-20T12:45:52.299Z,SALE,01-12494-75967,jus1016,127.0,17.25,0.44,1.88,19.57,107.43,USD,PAYOUT,
2024-12-19T21:12:29.258Z,SALE,21-12469-76326,almal7620,164.0,24.0,0.44,2.63,27.07,136.93,USD,PAYOUT,
2024-12-18T17:53:19.716Z,SALE,02-12486-94449,queaebi-0,171.0,23.23,0.44,2.54,26.21,144.79,USD,PAYOUT,
2024-12-17T13:37:11.464Z,REFUND,19-12377-98621,nateyvalk24,123.0,16.71,0.44,1.83,18.98,104.02,USD,PAYOUT,
2024-12-17T13:37:11.159Z,TRANSFER,,,0.0,0.0,0.0,0.0,0.0,104.02,USD,PAYOUT,TRANSFER_FROM
2024-12-11T14:13:37.299Z,SALE,18-12435-42415,v.ossk,131.0,18.54,0.44,2.02,21.0,110.0,USD,PAYOUT,
2024-12-09T20:46:46.270Z,SALE,10-12436-31456,collectorplusmore,123.0,18.38,0.44,2.01,20.83,102.17,USD,PAYOUT,
2024-12-03T23:49:43.845Z,SALE,11-12407-42398,whiteowlbooks,141.0,19.98,0.44,2.19,22.61,118.39,USD,PAYOUT,
2024-12-03T21:58:28.845Z,SALE,26-12390-16875,ll_74561,139.0,20.17,0.44,2.21,22.82,116.18,USD,PAYOUT,
2024-12-03T04:17:41.701Z,SALE,12-12402-24810,tso_hk2,119.0,16.17,0.44,1.77,18.38,100.62,USD,PAYOUT,
2024-12-01T16:15:44.695Z,NON_SALE_CHARGE,,,0.0,0.0,0.0,0.0,0.0,65.95,USD,PAYOUT,2024-11-30 - 2024-12-30
2024-12-01T01:00:12.861Z,REFUND,20-12378-26813,gabcar551,171.0,24.78,0.44,2.71,27.93,143.07,USD,PAYOUT,
2024-12-01T00:24:03.806Z,SALE,22-12379-59727,gabcar551,172.0,24.94,0.44,2.73,28.11,143.89,USD,PAYOUT,
2024-11-30T05:09:54.976Z,SALE,20-12378-26813,gabcar551,171.0,24.78,0.44,2.71,27.93,143.07,USD,PAYOUT,
2024-11-29T21:11:58.141Z,SALE,19-12377-98621,nateyvalk24,123.0,16.71,0.44,1.83,18.98,104.02,USD,PAYOUT,
2024-11-27T03:13:49.671Z,REFUND,11-12374-69551,oscamende-17,126.0,17.12,0.44,1.87,19.43,106.57,USD,PAYOUT,
2024-11-27T01:26:50.997Z,SALE,11-12374-69551,oscamende-17,126.0,17.12,0.44,1.87,19.43,106.57,USD,PAYOUT,
2024-11-17T22:40:06.561Z,SALE,23-12320-60367,uskenne_qphvzlz1y,108.0,14.67,0.44,1.61,16.72,91.28,USD,PAYOUT,
2024-11-16T08:16:01.183Z,REFUND,08-12330-29416,jediknight474-7,114.03,12.06,0.44,1.8,14.3,99.73,USD,PAYOUT,
2024-11-16T06:51:34.738Z,SALE,08-12330-29416,jediknight474-7,114.03,12.06,0.44,1.8,14.3,99.73,USD,PAYOUT,
2024-11-11T23:17:50.010Z,SALE,19-12300-26673,cor-44572,104.72,14.22,0.44,1.55,16.21,88.51,USD,PAYOUT,
2024-11-09T13:25:55.785Z,SALE,23-12284-84966,oscarortiz,108.27,16.4,0.44,1.79,18.63,89.64,USD,PAYOUT,
2024-11-04T03:31:42.216Z,SALE,21-12264-50139,beyondospaceoandotime,118.26,19.28,0.44,2.11,21.83,96.43,USD,PAYOUT,
2024-11-03T01:03:20.379Z,SALE,12-12270-01748,2011donelis,135.59,20.01,0.44,2.19,22.64,112.95,USD,PAYOUT,
2024-11-02T11:45:19.625Z,SALE,21-12257-36216,coolio266,102.28,16.4,0.44,1.79,18.63,83.65,USD,PAYOUT,
2024-11-01T16:22:53.178Z,NON_SALE_CHARGE,,,0.0,0.0,0.0,0.0,0.0,65.95,USD,PAYOUT,2024-10-31 - 2024-11-29
2024-10-31T00:28:46.335Z,SALE,14-12256-04776,bradwhit-omvivi,121.36,17.64,0.44,1.93,20.01,101.35,USD,PAYOUT,
2024-10-29T03:11:39.318Z,SALE,13-12249-52140,jokarl-9841,92.46,12.56,0.44,1.37,14.37,78.09,USD,PAYOUT,
2024-10-24T23:31:02.000Z,TRANSFER,,,0.0,0.0,0.0,0.0,0.0,12.13,USD,PAYOUT,TRANSFER_FROM
2024-10-24T01:06:35.787Z,ADJUSTMENT,,,0.0,0.0,0.0,0.0,0.0,7.01,USD,PAYOUT,Store (Basic): Subscription Fee
2024-10-24T01:04:28.065Z,NON_SALE_CHARGE,,,0.0,0.0,0.0,0.0,0.0,19.14,USD,PAYOUT,2024-10-23 - 2024-10-30
2024-10-21T15:42:36.981Z,SALE,13-12218-42156,dmor2948,93.24,13.71,0.44,1.5,15.65,77.59,USD,PAYOUT,
2024-10-13T01:50:24.603Z,SALE,09-12186-65510,kni-22452,80.1,11.63,0.44,1.28,13.35,66.75,USD,PAYOUT,
2024-10-03T08:07:51.402Z,SALE,25-12130-68456,gincheng,92.99,13.77,0.44,1.51,15.72,77.27,USD,PAYOUT,
2024-10-02T00:04:16.000Z,TRANSFER,,,0.0,0.0,0.0,0.0,0.0,31.23,USD,PAYOUT,TRANSFER_FROM
2024-10-01T16:07:05.022Z,NON_SALE_CHARGE,,,0.0,0.0,0.0,0.0,0.0,24.14,USD,PAYOUT,2024-09-30 - 2024-10-30
2024-09-30T00:44:34.377Z,NON_SALE_CHARGE,,,0.0,0.0,0.0,0.0,0.0,0.39,USD,PAYOUT,Insertion Fee
2024-09-30T00:44:33.044Z,NON_SALE_CHARGE,,,0.0,0.0,0.0,0.0,0.0,0.39,USD,PAYOUT,Insertion Fee
2024-09-29T00:30:23.883Z,NON_SALE_CHARGE,,,0.0,0.0,0.0,0.0,0.0,2.42,USD,PAYOUT,2024-09-28 - 2024-09-29
2024-09-29T00:27:43.983Z,NON_SALE_CHARGE,,,0.0,0.0,0.0,0.0,0.0,0.39,USD,PAYOUT,Insertion Fee
2024-09-29T00:27:43.294Z,NON_SALE_CHARGE,,,0.0,0.0,0.0,0.0,0.0,0.39,USD,PAYOUT,Insertion Fee
2024-09-29T00:27:42.623Z,NON_SALE_CHARGE,,,0.0,0.0,0.0,0.0,0.0,0.39,USD,PAYOUT,Insertion Fee
2024-09-29T00:27:41.953Z,NON_SALE_CHARGE,,,0.0,0.0,0.0,0.0,0.0,0.39,USD,PAYOUT,Insertion Fee
2024-09-29T00:27:41.901Z,NON_SALE_CHARGE,,,0.0,0.0,0.0,0.0,0.0,0.39,USD,PAYOUT,Insertion Fee
2024-09-29T00:27:41.261Z,NON_SALE_CHARGE,,,0.0,0.0,0.0,0.0,0.0,0.39,USD,PAYOUT,Insertion Fee
2024-09-29T00:27:41.195Z,NON_SALE_CHARGE,,,0.0,0.0,0.0,0.0,0.0,0.39,USD,PAYOUT,Insertion Fee
2024-09-29T00:27:40.590Z,NON_SALE_CHARGE,,,0.0,0.0,0.0,0.0,0.0,0.39,USD,PAYOUT,Insertion Fee
2024-09-29T00:27:40.399Z,NON_SALE_CHARGE,,,0.0,0.0,0.0,0.0,0.0,0.39,USD,PAYOUT,Insertion Fee
2024-09-29T00:27:39.802Z,NON_SALE_CHARGE,,,0.0,0.0,0.0,0.0,0.0,0.39,USD,PAYOUT,Insertion Fee
2024-09-29T00:27:39.676Z,NON_SALE_CHARGE,,,0.0,0.0,0.0,0.0,0.0,0.39,USD,PAYOUT,Insertion Fee
2024-09-29T00:27:39.012Z,NON_SALE_CHARGE,,,0.0,0.0,0.0,0.0,0.0,0.39,USD,PAYOUT,Insertion Fee
2024-09-29T00:27:38.328Z,NON_SALE_CHARGE,,,0.0,0.0,0.0,0.0,0.0,0.39,USD,PAYOUT,Insertion Fee
2024-09-29T00:27:37.581Z,NON_SALE_CHARGE,,,0.0,0.0,0.0,0.0,0.0,0.39,USD,PAYOUT,Insertion Fee
2024-09-29T00:27:37.498Z,NON_SALE_CHARGE,,,0.0,0.0,0.0,0.0,0.0,0.39,USD,PAYOUT,Insertion Fee
2024-09-29T00:27:37.287Z,NON_SALE_CHARGE,,,0.0,0.0,0.0,0.0,0.0,0.39,USD,PAYOUT,Insertion Fee
2024-09-29T00:27:37.164Z,NON_SALE_CHARGE,,,0.0,0.0,0.0,0.0,0.0,0.39,USD,PAYOUT,Insertion Fee
2024-09-29T00:27:36.574Z,NON_SALE_CHARGE,,,0.0,0.0,0.0,0.0,0.0,0.39,USD,PAYOUT,Insertion Fee
2024-09-29T00:27:36.409Z,NON_SALE_CHARGE,,,0.0,0.0,0.0,0.0,0.0,0.39,USD,PAYOUT,Insertion Fee
2024-09-29T00:27:36.026Z,NON_SALE_CHARGE,,,0.0,0.0,0.0,0.0,0.0,0.39,USD,PAYOUT,Insertion Fee
2024-09-29T00:27:35.841Z,NON_SALE_CHARGE,,,0.0,0.0,0.0,0.0,0.0,0.39,USD,PAYOUT,Insertion Fee
2024-09-29T00:27:35.729Z,NON_SALE_CHARGE,,,0.0,0.0,0.0,0.0,0.0,0.39,USD,PAYOUT,Insertion Fee
2024-09-29T00:27:35.394Z,NON_SALE_CHARGE,,,0.0,0.0,0.0,0.0,0.0,0.39,USD,PAYOUT,Insertion Fee
2024-09-29T00:27:35.318Z,NON_SALE_CHARGE,,,0.0,0.0,0.0,0.0,0.0,0.39,USD,PAYOUT,Insertion Fee
2024-09-29T00:27:35.008Z,NON_SALE_CHARGE,,,0.0,0.0,0.0,0.0,0.0,0.39,USD,PAYOUT,Insertion Fee
2024-09-29T00:27:34.553Z,NON_SALE_CHARGE,,,0.0,0.0,0.0,0.0,0.0,0.39,USD,PAYOUT,Insertion Fee
2024-09-29T00:27:34.297Z,NON_SALE_CHARGE,,,0.0,0.0,0.0,0.0,0.0,0.39,USD,PAYOUT,Insertion Fee
2024-09-29T00:27:33.959Z,NON_SALE_CHARGE,,,0.0,0.0,0.0,0.0,0.0,0.39,USD,PAYOUT,Insertion Fee
2024-09-29T00:27:33.825Z,NON_SALE_CHARGE,,,0.0,0.0,0.0,0.0,0.0,0.39,USD,PAYOUT,Insertion Fee
2024-09-29T00:27:33.634Z,NON_SALE_CHARGE,,,0.0,0.0,0.0,0.0,0.0,0.39,USD,PAYOUT,Insertion Fee
2024-09-29T00:27:33.629Z,NON_SALE_CHARGE,,,0.0,0.0,0.0,0.0,0.0,0.39,USD,PAYOUT,Insertion Fee
2024-09-29T00:27:33.282Z,NON_SALE_CHARGE,,,0.0,0.0,0.0,0.0,0.0,0.39,USD,PAYOUT,Insertion Fee
2024-09-29T00:27:32.904Z,NON_SALE_CHARGE,,,0.0,0.0,0.0,0.0,0.0,0.39,USD,PAYOUT,Insertion Fee
2024-09-29T00:27:32.865Z,NON_SALE_CHARGE,,,0.0,0.0,0.0,0.0,0.0,0.39,USD,PAYOUT,Insertion Fee
2024-09-29T00:27:32.532Z,NON_SALE_CHARGE,,,0.0,0.0,0.0,0.0,0.0,0.39,USD,PAYOUT,Insertion Fee
2024-09-29T00:27:32.329Z,NON_SALE_CHARGE,,,0.0,0.0,0.0,0.0,0.0,0.39,USD,PAYOUT,Insertion Fee
2024-09-29T00:27:32.200Z,NON_SALE_CHARGE,,,0.0,0.0,0.0,0.0,0.0,0.39,USD,PAYOUT,Insertion Fee
2024-09-29T00:27:31.856Z,NON_SALE_CHARGE,,,0.0,0.0,0.0,0.0,0.0,0.39,USD,PAYOUT,Insertion Fee
2024-09-29T00:27:31.649Z,NON_SALE_CHARGE,,,0.0,0.0,0.0,0.0,0.0,0.39,USD,PAYOUT,Insertion Fee
2024-09-29T00:27:31.482Z,NON_SALE_CHARGE,,,0.0,0.0,0.0,0.0,0.0,0.39,USD,PAYOUT,Insertion Fee
2024-09-29T00:27:31.099Z,NON_SALE_CHARGE,,,0.0,0.0,0.0,0.0,0.0,0.39,USD,PAYOUT,Insertion Fee
2024-09-29T00:27:30.964Z,NON_SALE_CHARGE,,,0.0,0.0,0.0,0.0,0.0,0.39,USD,PAYOUT,Insertion Fee
2024-09-29T00:27:30.925Z,NON_SALE_CHARGE,,,0.0,0.0,0.0,0.0,0.0,0.39,USD,PAYOUT,Insertion Fee
2024-09-29T00:27:30.843Z,NON_SALE_CHARGE,,,0.0,0.0,0.0,0.0,0.0,0.39,USD,PAYOUT,Insertion Fee
2024-09-29T00:27:30.784Z,NON_SALE_CHARGE,,,0.0,0.0,0.0,0.0,0.0,0.39,USD,PAYOUT,Insertion Fee
2024-09-29T00:27:30.565Z,NON_SALE_CHARGE,,,0.0,0.0,0.0,0.0,0.0,0.39,USD,PAYOUT,Insertion Fee
2024-09-29T00:27:30.264Z,NON_SALE_CHARGE,,,0.0,0.0,0.0,0.0,0.0,0.39,USD,PAYOUT,Insertion Fee
2024-09-29T00:27:30.218Z,NON_SALE_CHARGE,,,0.0,0.0,0.0,0.0,0.0,0.39,USD,PAYOUT,Insertion Fee
2024-09-29T00:27:30.165Z,NON_SALE_CHARGE,,,0.0,0.0,0.0,0.0,0.0,0.39,USD,PAYOUT,Insertion Fee
2024-09-29T00:27:30.115Z,NON_SALE_CHARGE,,,0.0,0.0,0.0,0.0,0.0,0.39,USD,PAYOUT,Insertion Fee
2024-09-29T00:27:29.806Z,NON_SALE_CHARGE,,,0.0,0.0,0.0,0.0,0.0,0.39,USD,PAYOUT,Insertion Fee
2024-09-29T00:27:29.780Z,NON_SALE_CHARGE,,,0.0,0.0,0.0,0.0,0.0,0.39,USD,PAYOUT,Insertion Fee
2024-09-29T00:27:29.772Z,NON_SALE_CHARGE,,,0.0,0.0,0.0,0.0,0.0,0.39,USD,PAYOUT,Insertion Fee
2024-09-29T00:27:29.454Z,NON_SALE_CHARGE,,,0.0,0.0,0.0,0.0,0.0,0.39,USD,PAYOUT,Insertion Fee
2024-09-29T00:27:29.449Z,NON_SALE_CHARGE,,,0.0,0.0,0.0,0.0,0.0,0.39,USD,PAYOUT,Insertion Fee
2024-09-29T00:27:29.412Z,NON_SALE_CHARGE,,,0.0,0.0,0.0,0.0,0.0,0.39,USD,PAYOUT,Insertion Fee
2024-09-29T00:27:29.123Z,NON_SALE_CHARGE,,,0.0,0.0,0.0,0.0,0.0,0.39,USD,PAYOUT,Insertion Fee
2024-09-29T00:27:29.073Z,NON_SALE_CHARGE,,,0.0,0.0,0.0,0.0,0.0,0.39,USD,PAYOUT,Insertion Fee
2024-09-29T00:27:29.065Z,NON_SALE_CHARGE,,,0.0,0.0,0.0,0.0,0.0,0.39,USD,PAYOUT,Insertion Fee
2024-09-29T00:27:28.738Z,NON_SALE_CHARGE,,,0.0,0.0,0.0,0.0,0.0,0.39,USD,PAYOUT,Insertion Fee
2024-09-29T00:27:28.731Z,NON_SALE_CHARGE,,,0.0,0.0,0.0,0.0,0.0,0.39,USD,PAYOUT,Insertion Fee
2024-09-29T00:27:28.725Z,NON_SALE_CHARGE,,,0.0,0.0,0.0,0.0,0.0,0.39,USD,PAYOUT,Insertion Fee
2024-09-29T00:27:28.428Z,NON_SALE_CHARGE,,,0.0,0.0,0.0,0.0,0.0,0.39,USD,PAYOUT,Insertion Fee
2024-09-29T00:27:28.402Z,NON_SALE_CHARGE,,,0.0,0.0,0.0,0.0,0.0,0.39,USD,PAYOUT,Insertion Fee
2024-09-29T00:27:28.362Z,NON_SALE_CHARGE,,,0.0,0.0,0.0,0.0,0.0,0.39,USD,PAYOUT,Insertion Fee
2024-09-29T00:27:28.056Z,NON_SALE_CHARGE,,,0.0,0.0,0.0,0.0,0.0,0.39,USD,PAYOUT,Insertion Fee
2024-09-29T00:27:28.051Z,NON_SALE_CHARGE,,,0.0,0.0,0.0,0.0,0.0,0.39,USD,PAYOUT,Insertion Fee
2024-09-29T00:27:28.018Z,NON_SALE_CHARGE,,,0.0,0.0,0.0,0.0,0.0,0.39,USD,PAYOUT,Insertion Fee
2024-09-29T00:27:27.723Z,NON_SALE_CHARGE,,,0.0,0.0,0.0,0.0,0.0,0.39,USD,PAYOUT,Insertion Fee
2024-09-29T00:27:27.662Z,NON_SALE_CHARGE,,,0.0,0.0,0.0,0.0,0.0,0.39,USD,PAYOUT,Insertion Fee
2024-09-29T00:27:27.319Z,NON_SALE_CHARGE,,,0.0,0.0,0.0,0.0,0.0,0.39,USD,PAYOUT,Insertion Fee
2024-09-29T00:27:27.305Z,NON_SALE_CHARGE,,,0.0,0.0,0.0,0.0,0.0,0.39,USD,PAYOUT,Insertion Fee
2024-09-29T00:27:27.278Z,NON_SALE_CHARGE,,,0.0,0.0,0.0,0.0,0.0,0.39,USD,PAYOUT,Insertion Fee
2024-09-29T00:27:26.942Z,NON_SALE_CHARGE,,,0.0,0.0,0.0,0.0,0.0,0.39,USD,PAYOUT,Insertion Fee
2024-09-29T00:27:26.903Z,NON_SALE_CHARGE,,,0.0,0.0,0.0,0.0,0.0,0.39,USD,PAYOUT,Insertion Fee
2024-09-29T00:27:26.506Z,NON_SALE_CHARGE,,,0.0,0.0,0.0,0.0,0.0,0.39,USD,PAYOUT,Insertion Fee
2024-09-29T00:27:26.494Z,NON_SALE_CHARGE,,,0.0,0.0,0.0,0.0,0.0,0.39,USD,PAYOUT,Insertion Fee
2024-09-29T00:27:26.104Z,NON_SALE_CHARGE,,,0.0,0.0,0.0,0.0,0.0,0.39,USD,PAYOUT,Insertion Fee
2024-09-29T00:27:25.748Z,NON_SALE_CHARGE,,,0.0,0.0,0.0,0.0,0.0,0.39,USD,PAYOUT,Insertion Fee
2024-09-29T00:27:25.745Z,NON_SALE_CHARGE,,,0.0,0.0,0.0,0.0,0.0,0.39,USD,PAYOUT,Insertion Fee
2024-09-28T01:46:00.703Z,NON_SALE_CHARGE,,,0.0,0.0,0.0,0.0,0.0,0.39,USD,PAYOUT,Insertion Fee
2024-09-28T01:45:59.861Z,NON_SALE_CHARGE,,,0.0,0.0,0.0,0.0,0.0,0.39,USD,PAYOUT,Insertion Fee
2024-09-28T01:45:59.528Z,NON_SALE_CHARGE,,,0.0,0.0,0.0,0.0,0.0,0.39,USD,PAYOUT,Insertion Fee
2024-09-28T01:45:58.758Z,NON_SALE_CHARGE,,,0.0,0.0,0.0,0.0,0.0,0.39,USD,PAYOUT,Insertion Fee
2024-09-28T01:45:58.344Z,NON_SALE_CHARGE,,,0.0,0.0,0.0,0.0,0.0,0.39,USD,PAYOUT,Insertion Fee
2024-09-28T01:45:57.924Z,NON_SALE_CHARGE,,,0.0,0.0,0.0,0.0,0.0,0.39,USD,PAYOUT,Insertion Fee
2024-09-28T01:45:57.167Z,NON_SALE_CHARGE,,,0.0,0.0,0.0,0.0,0.0,0.39,USD,PAYOUT,Insertion Fee
2024-09-28T01:45:56.409Z,NON_SALE_CHARGE,,,0.0,0.0,0.0,0.0,0.0,0.39,USD,PAYOUT,Insertion Fee
2024-09-28T01:45:56.059Z,NON_SALE_CHARGE,,,0.0,0.0,0.0,0.0,0.0,0.39,USD,PAYOUT,Insertion Fee
2024-09-28T01:45:55.687Z,NON_SALE_CHARGE,,,0.0,0.0,0.0,0.0,0.0,0.39,USD,PAYOUT,Insertion Fee
2024-09-28T01:45:55.339Z,NON_SALE_CHARGE,,,0.0,0.0,0.0,0.0,0.0,0.39,USD,PAYOUT,Insertion Fee
2024-09-28T01:45:54.868Z,NON_SALE_CHARGE,,,0.0,0.0,0.0,0.0,0.0,0.39,USD,PAYOUT,Insertion Fee
2024-09-28T01:45:54.504Z,NON_SALE_CHARGE,,,0.0,0.0,0.0,0.0,0.0,0.39,USD,PAYOUT,Insertion Fee
2024-09-28T01:45:54.118Z,NON_SALE_CHARGE,,,0.0,0.0,0.0,0.0,0.0,0.39,USD,PAYOUT,Insertion Fee
2024-09-28T01:45:53.771Z,NON_SALE_CHARGE,,,0.0,0.0,0.0,0.0,0.0,0.39,USD,PAYOUT,Insertion Fee
2024-09-28T01:45:53.429Z,NON_SALE_CHARGE,,,0.0,0.0,0.0,0.0,0.0,0.39,USD,PAYOUT,Insertion Fee
2024-09-28T01:45:53.064Z,NON_SALE_CHARGE,,,0.0,0.0,0.0,0.0,0.0,0.39,USD,PAYOUT,Insertion Fee
2024-09-28T01:45:52.401Z,NON_SALE_CHARGE,,,0.0,0.0,0.0,0.0,0.0,0.39,USD,PAYOUT,Insertion Fee
2024-09-28T01:45:52.152Z,NON_SALE_CHARGE,,,0.0,0.0,0.0,0.0,0.0,0.39,USD,PAYOUT,Insertion Fee
2024-09-28T01:45:51.785Z,NON_SALE_CHARGE,,,0.0,0.0,0.0,0.0,0.0,0.39,USD,PAYOUT,Insertion Fee
2024-09-28T01:45:51.666Z,NON_SALE_CHARGE,,,0.0,0.0,0.0,0.0,0.0,0.39,USD,PAYOUT,Insertion Fee
2024-09-28T01:45:51.488Z,NON_SALE_CHARGE,,,0.0,0.0,0.0,0.0,0.0,0.39,USD,PAYOUT,Insertion Fee
2024-09-28T01:45:51.125Z,NON_SALE_CHARGE,,,0.0,0.0,0.0,0.0,0.0,0.39,USD,PAYOUT,Insertion Fee
2024-09-28T01:45:51.017Z,NON_SALE_CHARGE,,,0.0,0.0,0.0,0.0,0.0,0.39,USD,PAYOUT,Insertion Fee
2024-09-28T01:45:50.787Z,NON_SALE_CHARGE,,,0.0,0.0,0.0,0.0,0.0,0.39,USD,PAYOUT,Insertion Fee
2024-09-28T01:45:50.673Z,NON_SALE_CHARGE,,,0.0,0.0,0.0,0.0,0.0,0.39,USD,PAYOUT,Insertion Fee
2024-09-28T01:45:50.611Z,NON_SALE_CHARGE,,,0.0,0.0,0.0,0.0,0.0,0.39,USD,PAYOUT,Insertion Fee
2024-09-28T01:45:50.436Z,NON_SALE_CHARGE,,,0.0,0.0,0.0,0.0,0.0,0.39,USD,PAYOUT,Insertion Fee
2024-09-28T01:45:50.120Z,NON_SALE_CHARGE,,,0.0,0.0,0.0,0.0,0.0,0.39,USD,PAYOUT,Insertion Fee
2024-09-28T01:45:49.972Z,NON_SALE_CHARGE,,,0.0,0.0,0.0,0.0,0.0,0.39,USD,PAYOUT,Insertion Fee
2024-09-28T01:45:49.885Z,NON_SALE_CHARGE,,,0.0,0.0,0.0,0.0,0.0,0.39,USD,PAYOUT,Insertion Fee
2024-09-28T01:45:49.784Z,NON_SALE_CHARGE,,,0.0,0.0,0.0,0.0,0.0,0.39,USD,PAYOUT,Insertion Fee
2024-09-28T01:45:49.447Z,NON_SALE_CHARGE,,,0.0,0.0,0.0,0.0,0.0,0.39,USD,PAYOUT,Insertion Fee
2024-09-28T01:45:49.259Z,NON_SALE_CHARGE,,,0.0,0.0,0.0,0.0,0.0,0.39,USD,PAYOUT,Insertion Fee
2024-09-28T01:45:49.125Z,NON_SALE_CHARGE,,,0.0,0.0,0.0,0.0,0.0,0.39,USD,PAYOUT,Insertion Fee
2024-09-28T01:45:49.033Z,NON_SALE_CHARGE,,,0.0,0.0,0.0,0.0,0.0,0.39,USD,PAYOUT,Insertion Fee
2024-09-28T01:45:48.939Z,NON_SALE_CHARGE,,,0.0,0.0,0.0,0.0,0.0,0.39,USD,PAYOUT,Insertion Fee
2024-09-28T01:45:48.738Z,NON_SALE_CHARGE,,,0.0,0.0,0.0,0.0,0.0,0.39,USD,PAYOUT,Insertion Fee
2024-09-28T01:45:48.613Z,NON_SALE_CHARGE,,,0.0,0.0,0.0,0.0,0.0,0.39,USD,PAYOUT,Insertion Fee
2024-09-28T01:45:48.313Z,NON_SALE_CHARGE,,,0.0,0.0,0.0,0.0,0.0,0.39,USD,PAYOUT,Insertion Fee
2024-09-28T01:45:48.271Z,NON_SALE_CHARGE,,,0.0,0.0,0.0,0.0,0.0,0.39,USD,PAYOUT,Insertion Fee
2024-09-28T01:45:48.051Z,NON_SALE_CHARGE,,,0.0,0.0,0.0,0.0,0.0,0.39,USD,PAYOUT,Insertion Fee
2024-09-28T01:45:47.935Z,NON_SALE_CHARGE,,,0.0,0.0,0.0,0.0,0.0,0.39,USD,PAYOUT,Insertion Fee
2024-09-28T01:45:47.890Z,NON_SALE_CHARGE,,,0.0,0.0,0.0,0.0,0.0,0.39,USD,PAYOUT,Insertion Fee
2024-09-28T01:45:47.721Z,NON_SALE_CHARGE,,,0.0,0.0,0.0,0.0,0.0,0.39,USD,PAYOUT,Insertion Fee
2024-09-28T01:45:47.593Z,NON_SALE_CHARGE,,,0.0,0.0,0.0,0.0,0.0,0.39,USD,PAYOUT,Insertion Fee
2024-09-28T01:45:47.539Z,NON_SALE_CHARGE,,,0.0,0.0,0.0,0.0,0.0,0.39,USD,PAYOUT,Insertion Fee
2024-09-28T01:45:47.371Z,NON_SALE_CHARGE,,,0.0,0.0,0.0,0.0,0.0,0.39,USD,PAYOUT,Insertion Fee
2024-09-28T01:45:47.205Z,NON_SALE_CHARGE,,,0.0,0.0,0.0,0.0,0.0,0.39,USD,PAYOUT,Insertion Fee
2024-09-28T01:45:47.028Z,NON_SALE_CHARGE,,,0.0,0.0,0.0,0.0,0.0,0.39,USD,PAYOUT,Insertion Fee
2024-09-28T01:45:46.859Z,NON_SALE_CHARGE,,,0.0,0.0,0.0,0.0,0.0,0.39,USD,PAYOUT,Insertion Fee
2024-09-28T01:45:46.833Z,NON_SALE_CHARGE,,,0.0,0.0,0.0,0.0,0.0,0.39,USD,PAYOUT,Insertion Fee
2024-09-28T01:45:46.661Z,NON_SALE_CHARGE,,,0.0,0.0,0.0,0.0,0.0,0.39,USD,PAYOUT,Insertion Fee
2024-09-28T01:45:46.622Z,NON_SALE_CHARGE,,,0.0,0.0,0.0,0.0,0.0,0.39,USD,PAYOUT,Insertion Fee
2024-09-28T01:45:46.494Z,NON_SALE_CHARGE,,,0.0,0.0,0.0,0.0,0.0,0.39,USD,PAYOUT,Insertion Fee
2024-09-28T01:45:46.437Z,NON_SALE_CHARGE,,,0.0,0.0,0.0,0.0,0.0,0.39,USD,PAYOUT,Insertion Fee
2024-09-28T01:45:46.281Z,NON_SALE_CHARGE,,,0.0,0.0,0.0,0.0,0.0,0.39,USD,PAYOUT,Insertion Fee
2024-09-28T01:45:45.794Z,NON_SALE_CHARGE,,,0.0,0.0,0.0,0.0,0.0,0.39,USD,PAYOUT,Insertion Fee
2024-09-28T01:45:45.762Z,NON_SALE_CHARGE,,,0.0,0.0,0.0,0.0,0.0,0.39,USD,PAYOUT,Insertion Fee
2024-09-28T01:45:45.540Z,NON_SALE_CHARGE,,,0.0,0.0,0.0,0.0,0.0,0.39,USD,PAYOUT,Insertion Fee
2024-09-28T01:45:45.465Z,NON_SALE_CHARGE,,,0.0,0.0,0.0,0.0,0.0,0.39,USD,PAYOUT,Insertion Fee
2024-09-28T01:45:45.368Z,NON_SALE_CHARGE,,,0.0,0.0,0.0,0.0,0.0,0.39,USD,PAYOUT,Insertion Fee
2024-09-28T01:45:45.206Z,NON_SALE_CHARGE,,,0.0,0.0,0.0,0.0,0.0,0.39,USD,PAYOUT,Insertion Fee
2024-09-28T01:45:45.091Z,NON_SALE_CHARGE,,,0.0,0.0,0.0,0.0,0.0,0.39,USD,PAYOUT,Insertion Fee
2024-09-28T01:45:45.042Z,NON_SALE_CHARGE,,,0.0,0.0,0.0,0.0,0.0,0.39,USD,PAYOUT,Insertion Fee
2024-09-28T01:45:44.883Z,NON_SALE_CHARGE,,,0.0,0.0,0.0,0.0,0.0,0.39,USD,PAYOUT,Insertion Fee
2024-09-28T01:45:44.732Z,NON_SALE_CHARGE,,,0.0,0.0,0.0,0.0,0.0,0.39,USD,PAYOUT,Insertion Fee
2024-09-28T01:45:44.677Z,NON_SALE_CHARGE,,,0.0,0.0,0.0,0.0,0.0,0.39,USD,PAYOUT,Insertion Fee
2024-09-28T01:45:44.529Z,NON_SALE_CHARGE,,,0.0,0.0,0.0,0.0,0.0,0.39,USD,PAYOUT,Insertion Fee
2024-09-28T01:45:44.285Z,NON_SALE_CHARGE,,,0.0,0.0,0.0,0.0,0.0,0.39,USD,PAYOUT,Insertion Fee
2024-09-28T01:45:43.880Z,NON_SALE_CHARGE,,,0.0,0.0,0.0,0.0,0.0,0.39,USD,PAYOUT,Insertion Fee
2024-09-28T01:45:43.669Z,NON_SALE_CHARGE,,,0.0,0.0,0.0,0.0,0.0,0.39,USD,PAYOUT,Insertion Fee
2024-09-28T01:45:43.648Z,NON_SALE_CHARGE,,,0.0,0.0,0.0,0.0,0.0,0.39,USD,PAYOUT,Insertion Fee
2024-09-28T01:45:43.515Z,NON_SALE_CHARGE,,,0.0,0.0,0.0,0.0,0.0,0.39,USD,PAYOUT,Insertion Fee
2024-09-28T01:45:43.253Z,NON_SALE_CHARGE,,,0.0,0.0,0.0,0.0,0.0,0.39,USD,PAYOUT,Insertion Fee
2024-09-28T01:45:43.163Z,NON_SALE_CHARGE,,,0.0,0.0,0.0,0.0,0.0,0.39,USD,PAYOUT,Insertion Fee
2024-09-28T01:45:42.902Z,NON_SALE_CHARGE,,,0.0,0.0,0.0,0.0,0.0,0.39,USD,PAYOUT,Insertion Fee
2024-09-28T01:45:42.761Z,NON_SALE_CHARGE,,,0.0,0.0,0.0,0.0,0.0,0.39,USD,PAYOUT,Insertion Fee
2024-09-28T01:45:42.549Z,NON_SALE_CHARGE,,,0.0,0.0,0.0,0.0,0.0,0.39,USD,PAYOUT,Insertion Fee
2024-09-28T01:45:42.403Z,NON_SALE_CHARGE,,,0.0,0.0,0.0,0.0,0.0,0.39,USD,PAYOUT,Insertion Fee
2024-09-28T01:45:42.205Z,NON_SALE_CHARGE,,,0.0,0.0,0.0,0.0,0.0,0.39,USD,PAYOUT,Insertion Fee
2024-09-28T01:45:42.068Z,NON_SALE_CHARGE,,,0.0,0.0,0.0,0.0,0.0,0.39,USD,PAYOUT,Insertion Fee
2024-09-28T01:45:42.068Z,NON_SALE_CHARGE,,,0.0,0.0,0.0,0.0,0.0,0.39,USD,PAYOUT,Insertion Fee
2024-09-28T01:45:41.876Z,NON_SALE_CHARGE,,,0.0,0.0,0.0,0.0,0.0,0.39,USD,PAYOUT,Insertion Fee
2024-09-28T01:45:41.709Z,NON_SALE_CHARGE,,,0.0,0.0,0.0,0.0,0.0,0.39,USD,PAYOUT,Insertion Fee
2024-09-28T01:45:41.686Z,NON_SALE_CHARGE,,,0.0,0.0,0.0,0.0,0.0,0.39,USD,PAYOUT,Insertion Fee
2024-09-28T01:45:41.282Z,NON_SALE_CHARGE,,,0.0,0.0,0.0,0.0,0.0,0.39,USD,PAYOUT,Insertion Fee
2024-09-28T01:45:40.920Z,NON_SALE_CHARGE,,,0.0,0.0,0.0,0.0,0.0,0.39,USD,PAYOUT,Insertion Fee
2024-09-28T01:45:40.902Z,NON_SALE_CHARGE,,,0.0,0.0,0.0,0.0,0.0,0.39,USD,PAYOUT,Insertion Fee
2024-09-28T01:45:40.525Z,NON_SALE_CHARGE,,,0.0,0.0,0.0,0.0,0.0,0.39,USD,PAYOUT,Insertion Fee
2024-09-28T01:45:40.521Z,NON_SALE_CHARGE,,,0.0,0.0,0.0,0.0,0.0,0.39,USD,PAYOUT,Insertion Fee
2024-09-28T01:45:40.150Z,NON_SALE_CHARGE,,,0.0,0.0,0.0,0.0,0.0,0.39,USD,PAYOUT,Insertion Fee
2024-09-28T01:45:40.125Z,NON_SALE_CHARGE,,,0.0,0.0,0.0,0.0,0.0,0.39,USD,PAYOUT,Insertion Fee
2024-09-28T00:46:36.928Z,NON_SALE_CHARGE,,,0.0,0.0,0.0,0.0,0.0,0.39,USD,PAYOUT,Insertion Fee
2024-09-28T00:44:19.219Z,NON_SALE_CHARGE,,,0.0,0.0,0.0,0.0,0.0,0.39,USD,PAYOUT,Insertion Fee
2024-09-28T00:42:41.425Z,NON_SALE_CHARGE,,,0.0,0.0,0.0,0.0,0.0,0.39,USD,PAYOUT,Insertion Fee
2024-09-28T00:40:58.931Z,NON_SALE_CHARGE,,,0.0,0.0,0.0,0.0,0.0,0.39,USD,PAYOUT,Insertion Fee
2024-09-28T00:37:42.908Z,NON_SALE_CHARGE,,,0.0,0.0,0.0,0.0,0.0,0.39,USD,PAYOUT,Insertion Fee
2024-09-28T00:35:41.654Z,NON_SALE_CHARGE,,,0.0,0.0,0.0,0.0,0.0,0.39,USD,PAYOUT,Insertion Fee
2024-09-28T00:35:06.361Z,NON_SALE_CHARGE,,,0.0,0.0,0.0,0.0,0.0,0.39,USD,PAYOUT,Insertion Fee
2024-09-28T00:32:40.116Z,NON_SALE_CHARGE,,,0.0,0.0,0.0,0.0,0.0,0.39,USD,PAYOUT,Insertion Fee
2024-09-28T00:30:42.095Z,NON_SALE_CHARGE,,,0.0,0.0,0.0,0.0,0.0,0.39,USD,PAYOUT,Insertion Fee
2024-09-28T00:29:21.733Z,NON_SALE_CHARGE,,,0.0,0.0,0.0,0.0,0.0,0.39,USD,PAYOUT,Insertion Fee
2024-09-28T00:28:53.719Z,NON_SALE_CHARGE,,,0.0,0.0,0.0,0.0,0.0,0.39,USD,PAYOUT,Insertion Fee
2024-09-28T00:25:59.804Z,NON_SALE_CHARGE,,,0.0,0.0,0.0,0.0,0.0,0.39,USD,PAYOUT,Insertion Fee
2024-09-28T00:25:04.901Z,NON_SALE_CHARGE,,,0.0,0.0,0.0,0.0,0.0,0.39,USD,PAYOUT,Insertion Fee
2024-09-28T00:22:40.695Z,NON_SALE_CHARGE,,,0.0,0.0,0.0,0.0,0.0,0.39,USD,PAYOUT,Insertion Fee
2024-09-28T00:20:01.749Z,NON_SALE_CHARGE,,,0.0,0.0,0.0,0.0,0.0,0.39,USD,PAYOUT,Insertion Fee
2024-09-28T00:17:05.648Z,NON_SALE_CHARGE,,,0.0,0.0,0.0,0.0,0.0,0.39,USD,PAYOUT,Insertion Fee
2024-09-28T00:15:35.573Z,NON_SALE_CHARGE,,,0.0,0.0,0.0,0.0,0.0,0.39,USD,PAYOUT,Insertion Fee
2024-09-28T00:12:46.529Z,NON_SALE_CHARGE,,,0.0,0.0,0.0,0.0,0.0,0.39,USD,PAYOUT,Insertion Fee
2024-09-28T00:09:57.553Z,NON_SALE_CHARGE,,,0.0,0.0,0.0,0.0,0.0,0.39,USD,PAYOUT,Insertion Fee
2024-09-28T00:06:37.120Z,NON_SALE_CHARGE,,,0.0,0.0,0.0,0.0,0.0,0.39,USD,PAYOUT,Insertion Fee
2024-09-27T18:51:17.266Z,SALE,17-12116-40368,charlinasama,108.32,16.84,0.44,1.72,19.0,89.32,USD,PAYOUT,
2024-09-27T08:55:34.069Z,NON_SALE_CHARGE,,,0.0,0.0,0.0,0.0,0.0,0.39,USD,PAYOUT,Insertion Fee
2024-09-27T08:55:33.100Z,NON_SALE_CHARGE,,,0.0,0.0,0.0,0.0,0.0,0.39,USD,PAYOUT,Insertion Fee
2024-09-27T08:55:32.042Z,NON_SALE_CHARGE,,,0.0,0.0,0.0,0.0,0.0,0.39,USD,PAYOUT,Insertion Fee
2024-09-27T08:55:31.027Z,NON_SALE_CHARGE,,,0.0,0.0,0.0,0.0,0.0,0.39,USD,PAYOUT,Insertion Fee
2024-09-27T08:55:29.965Z,NON_SALE_CHARGE,,,0.0,0.0,0.0,0.0,0.0,0.39,USD,PAYOUT,Insertion Fee
2024-09-27T08:55:28.109Z,NON_SALE_CHARGE,,,0.0,0.0,0.0,0.0,0.0,0.39,USD,PAYOUT,Insertion Fee
2024-09-27T08:55:27.515Z,NON_SALE_CHARGE,,,0.0,0.0,0.0,0.0,0.0,0.39,USD,PAYOUT,Insertion Fee
2024-09-27T08:55:26.914Z,NON_SALE_CHARGE,,,0.0,0.0,0.0,0.0,0.0,0.39,USD,PAYOUT,Insertion Fee
2024-09-27T08:55:25.950Z,NON_SALE_CHARGE,,,0.0,0.0,0.0,0.0,0.0,0.39,USD,PAYOUT,Insertion Fee
2024-09-27T08:55:24.077Z,NON_SALE_CHARGE,,,0.0,0.0,0.0,0.0,0.0,0.39,USD,PAYOUT,Insertion Fee
2024-09-27T08:55:23.125Z,NON_SALE_CHARGE,,,0.0,0.0,0.0,0.0,0.0,0.39,USD,PAYOUT,Insertion Fee
2024-09-27T08:55:21.236Z,NON_SALE_CHARGE,,,0.0,0.0,0.0,0.0,0.0,0.39,USD,PAYOUT,Insertion Fee
2024-09-27T08:55:20.254Z,NON_SALE_CHARGE,,,0.0,0.0,0.0,0.0,0.0,0.39,USD,PAYOUT,Insertion Fee
2024-09-27T08:55:19.264Z,NON_SALE_CHARGE,,,0.0,0.0,0.0,0.0,0.0,0.39,USD,PAYOUT,Insertion Fee
2024-09-27T08:55:18.329Z,NON_SALE_CHARGE,,,0.0,0.0,0.0,0.0,0.0,0.39,USD,PAYOUT,Insertion Fee
2024-09-27T08:55:17.320Z,NON_SALE_CHARGE,,,0.0,0.0,0.0,0.0,0.0,0.39,USD,PAYOUT,Insertion Fee
2024-09-27T08:55:16.413Z,NON_SALE_CHARGE,,,0.0,0.0,0.0,0.0,0.0,0.39,USD,PAYOUT,Insertion Fee
2024-09-27T08:55:15.473Z,NON_SALE_CHARGE,,,0.0,0.0,0.0,0.0,0.0,0.39,USD,PAYOUT,Insertion Fee
2024-09-27T08:55:14.476Z,NON_SALE_CHARGE,,,0.0,0.0,0.0,0.0,0.0,0.39,USD,PAYOUT,Insertion Fee
2024-09-27T08:55:13.494Z,NON_SALE_CHARGE,,,0.0,0.0,0.0,0.0,0.0,0.39,USD,PAYOUT,Insertion Fee
2024-09-27T08:55:12.478Z,NON_SALE_CHARGE,,,0.0,0.0,0.0,0.0,0.0,0.39,USD,PAYOUT,Insertion Fee
2024-09-27T08:55:11.604Z,NON_SALE_CHARGE,,,0.0,0.0,0.0,0.0,0.0,0.39,USD,PAYOUT,Insertion Fee
2024-09-27T08:55:11.550Z,NON_SALE_CHARGE,,,0.0,0.0,0.0,0.0,0.0,0.39,USD,PAYOUT,Insertion Fee
2024-09-27T08:55:10.572Z,NON_SALE_CHARGE,,,0.0,0.0,0.0,0.0,0.0,0.39,USD,PAYOUT,Insertion Fee
2024-09-27T08:55:09.630Z,NON_SALE_CHARGE,,,0.0,0.0,0.0,0.0,0.0,0.39,USD,PAYOUT,Insertion Fee
2024-09-27T08:55:09.618Z,NON_SALE_CHARGE,,,0.0,0.0,0.0,0.0,0.0,0.39,USD,PAYOUT,Insertion Fee
2024-09-27T08:55:08.667Z,NON_SALE_CHARGE,,,0.0,0.0,0.0,0.0,0.0,0.39,USD,PAYOUT,Insertion Fee
2024-09-27T08:55:07.644Z,NON_SALE_CHARGE,,,0.0,0.0,0.0,0.0,0.0,0.39,USD,PAYOUT,Insertion Fee
2024-09-27T08:55:06.742Z,NON_SALE_CHARGE,,,0.0,0.0,0.0,0.0,0.0,0.39,USD,PAYOUT,Insertion Fee
2024-09-27T08:55:06.674Z,NON_SALE_CHARGE,,,0.0,0.0,0.0,0.0,0.0,0.39,USD,PAYOUT,Insertion Fee
2024-09-27T08:55:05.798Z,NON_SALE_CHARGE,,,0.0,0.0,0.0,0.0,0.0,0.39,USD,PAYOUT,Insertion Fee
2024-09-27T08:55:05.708Z,NON_SALE_CHARGE,,,0.0,0.0,0.0,0.0,0.0,0.39,USD,PAYOUT,Insertion Fee
2024-09-27T08:55:05.577Z,NON_SALE_CHARGE,,,0.0,0.0,0.0,0.0,0.0,0.39,USD,PAYOUT,Insertion Fee
2024-09-27T08:55:04.750Z,NON_SALE_CHARGE,,,0.0,0.0,0.0,0.0,0.0,0.39,USD,PAYOUT,Insertion Fee
2024-09-27T08:55:03.840Z,NON_SALE_CHARGE,,,0.0,0.0,0.0,0.0,0.0,0.39,USD,PAYOUT,Insertion Fee
2024-09-27T08:55:03.625Z,NON_SALE_CHARGE,,,0.0,0.0,0.0,0.0,0.0,0.39,USD,PAYOUT,Insertion Fee
2024-09-27T08:55:02.828Z,NON_SALE_CHARGE,,,0.0,0.0,0.0,0.0,0.0,0.39,USD,PAYOUT,Insertion Fee
2024-09-27T08:55:02.762Z,NON_SALE_CHARGE,,,0.0,0.0,0.0,0.0,0.0,0.39,USD,PAYOUT,Insertion Fee
2024-09-27T08:55:01.764Z,NON_SALE_CHARGE,,,0.0,0.0,0.0,0.0,0.0,0.39,USD,PAYOUT,Insertion Fee
2024-09-27T08:55:01.655Z,NON_SALE_CHARGE,,,0.0,0.0,0.0,0.0,0.0,0.39,USD,PAYOUT,Insertion Fee
2024-09-27T08:55:00.815Z,NON_SALE_CHARGE,,,0.0,0.0,0.0,0.0,0.0,0.39,USD,PAYOUT,Insertion Fee
2024-09-27T08:55:00.726Z,NON_SALE_CHARGE,,,0.0,0.0,0.0,0.0,0.0,0.39,USD,PAYOUT,Insertion Fee
2024-09-27T08:54:59.831Z,NON_SALE_CHARGE,,,0.0,0.0,0.0,0.0,0.0,0.39,USD,PAYOUT,Insertion Fee
2024-09-27T08:54:59.700Z,NON_SALE_CHARGE,,,0.0,0.0,0.0,0.0,0.0,0.39,USD,PAYOUT,Insertion Fee
2024-09-27T08:54:58.754Z,NON_SALE_CHARGE,,,0.0,0.0,0.0,0.0,0.0,0.39,USD,PAYOUT,Insertion Fee
2024-09-27T08:54:58.701Z,NON_SALE_CHARGE,,,0.0,0.0,0.0,0.0,0.0,0.39,USD,PAYOUT,Insertion Fee
2024-09-27T08:54:57.777Z,NON_SALE_CHARGE,,,0.0,0.0,0.0,0.0,0.0,0.39,USD,PAYOUT,Insertion Fee
2024-09-27T08:54:57.750Z,NON_SALE_CHARGE,,,0.0,0.0,0.0,0.0,0.0,0.39,USD,PAYOUT,Insertion Fee
2024-08-04T03:43:09.839Z,SALE,27-11882-84534,xmde3352,50.0,8.04,0.44,0.81,9.29,40.71,USD,PAYOUT,
2024-08-04T03:31:16.749Z,REFUND,17-11740-34623,xmde3352,50.0,8.04,0.44,0.81,9.29,40.71,USD,PAYOUT,
2024-08-01T02:49:25.582Z,SALE,09-11888-98649,memorystardust,72.14,11.3,0.44,1.15,12.89,59.25,USD,PAYOUT,
2024-07-30T17:38:40.763Z,SALE,21-11871-07698,mclovin22,139.08,22.3,0.44,2.28,25.02,114.06,USD,PAYOUT,
2024-07-08T06:27:24.218Z,SALE,07-11794-89696,daviaguirr_26,40.99,6.52,0.44,0.66,7.62,33.37,USD,PAYOUT,
2024-07-02T21:16:43.787Z,SALE,24-11772-24051,adriancasas11,37.0,5.84,0.44,0.59,6.87,30.13,USD,PAYOUT,
2024-06-28T18:22:59.367Z,SALE,27-11737-64578,solar256,132.99,24.23,0.44,2.46,27.13,105.86,USD,PAYOUT,
2024-06-27T01:04:53.989Z,SALE,17-11740-34623,xmde3352,50.0,8.04,0.44,0.81,9.29,40.71,USD,PAYOUT,
2024-06-26T23:19:22.415Z,SALE,24-11748-05989,oreo_the_great,44.0,6.94,0.44,0.7,8.08,35.92,USD,PAYOUT,
2024-06-21T16:10:43.621Z,SALE,05-11730-20259,al-72670,52.0,9.02,0.44,0.92,10.38,41.62,USD,PAYOUT,
2024-06-15T01:41:54.982Z,SALE,12-11696-53709,joloyun0,110.0,16.04,0.44,1.64,18.12,91.88,USD,PAYOUT,
